filepath,filename,scan_id,ftype,ext,size_mb,shape,ndim,dtype,vox_mm,min_val,max_val,mean_val,nonzero,n_dirs,error
/data/data/DA25S005/miccai_tbi/MultiTalentV2_finetuning/MICCAI_AIMS_TBI/scan_0001_Lesion.nii.gz,scan_0001_Lesion.nii.gz,0001,Lesion,nii.gz,0.148,"(256, 256, 256)",3.0,float32,"(1.0, 1.0, 1.0)",0.0,1.0,0.0001,2150.0,,
/data/data/DA25S005/miccai_tbi/MultiTalentV2_finetuning/MICCAI_AIMS_TBI/scan_0001_T1.nii.gz,scan_0001_T1.nii.gz,0001,T1,nii.gz,9.533,"(256, 256, 256)",3.0,float32,"(1.0, 1.0, 1.0)",0.0,1581.0,53.4589,5359214.0,,
/data/data/DA25S005/miccai_tbi/MultiTalentV2_finetuning/MICCAI_AIMS_TBI/scan_0004_Lesion.nii.gz,scan_0004_Lesion.nii.gz,0004,Lesion,nii.gz,0.066,"(256, 256, 256)",3.0,float32,"(1.0, 1.0, 1.0)",0.0,1.0,0.0,833.0,,
/data/data/DA25S005/miccai_tbi/MultiTalentV2_finetuning/MICCAI_AIMS_TBI/scan_0004_T1.nii.gz,scan_0004_T1.nii.gz,0004,T1,nii.gz,23.08,"(256, 256, 256)",3.0,float32,"(1.0, 1.0, 1.0)",0.0,834.4989,44.0503,6393489.0,,
/data/data/DA25S005/miccai_tbi/MultiTalentV2_finetuning/MICCAI_AIMS_TBI/scan_0004_bval.txt,scan_0004_bval.txt,0004,bval,txt,0.0,"(1, 31)",1.0,float64,,0.0,700.0,,,,
/data/data/DA25S005/miccai_tbi/MultiTalentV2_finetuning/MICCAI_AIMS_TBI/scan_0004_bvec.txt,scan_0004_bvec.txt,0004,bvec,txt,0.001,"(3, 31)",2.0,float64,,-0.9787,0.9793,,,,
/data/data/DA25S005/miccai_tbi/MultiTalentV2_finetuning/MICCAI_AIMS_TBI/scan_0004_dMRI.nii.gz,scan_0004_dMRI.nii.gz,0004,dMRI,nii.gz,36.931,"(144, 132, 65, 31)",4.0,float32,"(2.0, 2.0, 2.0)",0.0,4095.0,45.5905,37804003.0,31.0,
/data/data/DA25S005/miccai_tbi/MultiTalentV2_finetuning/MICCAI_AIMS_TBI/scan_0007_Lesion.nii.gz,scan_0007_Lesion.nii.gz,0007,Lesion,nii.gz,0.034,"(256, 256, 256)",3.0,float32,"(1.0, 1.0, 1.0)",0.0,1.0,0.0002,3253.0,,
/data/data/DA25S005/miccai_tbi/MultiTalentV2_finetuning/MICCAI_AIMS_TBI/scan_0007_T1.nii.gz,scan_0007_T1.nii.gz,0007,T1,nii.gz,6.442,"(256, 256, 256)",3.0,float32,"(1.0, 1.0, 1.0)",0.0,6464.0645,236.8225,4566634.0,,
/data/data/DA25S005/miccai_tbi/MultiTalentV2_finetuning/MICCAI_AIMS_TBI/scan_0016_Lesion.nii.gz,scan_0016_Lesion.nii.gz,0016,Lesion,nii.gz,0.033,"(256, 256, 256)",3.0,float32,"(1.0, 1.0, 1.0)",0.0,0.0,0.0,0.0,,
/data/data/DA25S005/miccai_tbi/MultiTalentV2_finetuning/MICCAI_AIMS_TBI/scan_0016_T1.nii.gz,scan_0016_T1.nii.gz,0016,T1,nii.gz,14.301,"(256, 256, 256)",3.0,float32,"(1.0, 1.0, 1.0)",0.0,2758857.25,77010.4844,6177540.0,,
/data/data/DA25S005/miccai_tbi/MultiTalentV2_finetuning/MICCAI_AIMS_TBI/scan_0016_bval.txt,scan_0016_bval.txt,0016,bval,txt,0.0,"(1, 65)",1.0,float64,,0.0,1000.0,,,,
/data/data/DA25S005/miccai_tbi/MultiTalentV2_finetuning/MICCAI_AIMS_TBI/scan_0016_bvec.txt,scan_0016_bvec.txt,0016,bvec,txt,0.003,"(65, 3)",2.0,float64,,-0.9641,1.0,,,,
/data/data/DA25S005/miccai_tbi/MultiTalentV2_finetuning/MICCAI_AIMS_TBI/scan_0016_dMRI.nii.gz,scan_0016_dMRI.nii.gz,0016,dMRI,nii.gz,85.775,"(128, 128, 75, 65)",4.0,float32,"(2.0, 2.0, 2.0)",0.0,2365.0,63.7521,79257177.0,65.0,
/data/data/DA25S005/miccai_tbi/MultiTalentV2_finetuning/MICCAI_AIMS_TBI/scan_0017_Lesion.nii.gz,scan_0017_Lesion.nii.gz,0017,Lesion,nii.gz,0.033,"(256, 256, 256)",3.0,float32,"(1.0, 1.0, 1.0)",0.0,1.0,0.0,214.0,,
/data/data/DA25S005/miccai_tbi/MultiTalentV2_finetuning/MICCAI_AIMS_TBI/scan_0017_T1.nii.gz,scan_0017_T1.nii.gz,0017,T1,nii.gz,13.004,"(256, 256, 256)",3.0,float32,"(1.0, 1.0, 1.0)",0.0,2285.0,81.6584,8238132.0,,
/data/data/DA25S005/miccai_tbi/MultiTalentV2_finetuning/MICCAI_AIMS_TBI/scan_0019_Lesion.nii.gz,scan_0019_Lesion.nii.gz,0019,Lesion,nii.gz,0.034,"(256, 256, 256)",3.0,float32,"(1.0, 1.0, 1.0)",0.0,5.0,0.0001,1970.0,,
/data/data/DA25S005/miccai_tbi/MultiTalentV2_finetuning/MICCAI_AIMS_TBI/scan_0019_T1.nii.gz,scan_0019_T1.nii.gz,0019,T1,nii.gz,22.19,"(256, 256, 256)",3.0,float32,"(1.0, 1.0, 1.0)",0.0,1520.088,59.2177,6235926.0,,
/data/data/DA25S005/miccai_tbi/MultiTalentV2_finetuning/MICCAI_AIMS_TBI/scan_0019_bval.txt,scan_0019_bval.txt,0019,bval,txt,0.0,"(1, 31)",1.0,float64,,0.0,700.0,,,,
/data/data/DA25S005/miccai_tbi/MultiTalentV2_finetuning/MICCAI_AIMS_TBI/scan_0019_bvec.txt,scan_0019_bvec.txt,0019,bvec,txt,0.001,"(3, 31)",2.0,float64,,-0.9933,0.971,,,,
/data/data/DA25S005/miccai_tbi/MultiTalentV2_finetuning/MICCAI_AIMS_TBI/scan_0019_dMRI.nii.gz,scan_0019_dMRI.nii.gz,0019,dMRI,nii.gz,31.832,"(144, 132, 65, 31)",4.0,float32,"(2.0, 2.0, 2.0)",0.0,4095.0,38.9169,36052439.0,31.0,
/data/data/DA25S005/miccai_tbi/MultiTalentV2_finetuning/MICCAI_AIMS_TBI/scan_0020_Lesion.nii.gz,scan_0020_Lesion.nii.gz,0020,Lesion,nii.gz,0.033,"(256, 256, 256)",3.0,float32,"(1.0, 1.0, 1.0)",0.0,1.0,0.0,495.0,,
/data/data/DA25S005/miccai_tbi/MultiTalentV2_finetuning/MICCAI_AIMS_TBI/scan_0020_T1.nii.gz,scan_0020_T1.nii.gz,0020,T1,nii.gz,28.983,"(256, 256, 256)",3.0,float32,"(1.0, 1.0, 1.0)",0.0,9070.8369,499.1458,8181709.0,,
/data/data/DA25S005/miccai_tbi/MultiTalentV2_finetuning/MICCAI_AIMS_TBI/scan_0021_Lesion.nii.gz,scan_0021_Lesion.nii.gz,0021,Lesion,nii.gz,0.033,"(256, 256, 256)",3.0,float32,"(1.0, 1.0, 1.0)",0.0,5.0,0.0,135.0,,
/data/data/DA25S005/miccai_tbi/MultiTalentV2_finetuning/MICCAI_AIMS_TBI/scan_0021_T1.nii.gz,scan_0021_T1.nii.gz,0021,T1,nii.gz,30.386,"(256, 256, 256)",3.0,float32,"(1.0, 1.0, 1.0)",0.0,7356.6895,404.8901,8562783.0,,
/data/data/DA25S005/miccai_tbi/MultiTalentV2_finetuning/MICCAI_AIMS_TBI/scan_0024_Lesion.nii.gz,scan_0024_Lesion.nii.gz,0024,Lesion,nii.gz,0.035,"(256, 256, 256)",3.0,float32,"(1.0, 1.0, 1.0)",0.0,5.0,0.0004,2752.0,,
/data/data/DA25S005/miccai_tbi/MultiTalentV2_finetuning/MICCAI_AIMS_TBI/scan_0024_T1.nii.gz,scan_0024_T1.nii.gz,0024,T1,nii.gz,31.869,"(256, 256, 256)",3.0,float32,"(1.0, 1.0, 1.0)",0.0,1884.4091,63.0066,10719029.0,,
/data/data/DA25S005/miccai_tbi/MultiTalentV2_finetuning/MICCAI_AIMS_TBI/scan_0024_bval.txt,scan_0024_bval.txt,0024,bval,txt,0.0,"(1, 65)",1.0,float64,,0.0,1000.0,,,,
/data/data/DA25S005/miccai_tbi/MultiTalentV2_finetuning/MICCAI_AIMS_TBI/scan_0024_bvec.txt,scan_0024_bvec.txt,0024,bvec,txt,0.003,"(3, 65)",2.0,float64,,-0.973,1.0,,,,
/data/data/DA25S005/miccai_tbi/MultiTalentV2_finetuning/MICCAI_AIMS_TBI/scan_0024_dMRI.nii.gz,scan_0024_dMRI.nii.gz,0024,dMRI,nii.gz,37.387,"(96, 96, 60, 65)",4.0,float32,"(2.208, 2.208, 2.42)",0.0,3569.0,52.5241,35424827.0,65.0,
/data/data/DA25S005/miccai_tbi/MultiTalentV2_finetuning/MICCAI_AIMS_TBI/scan_0028_Lesion.nii.gz,scan_0028_Lesion.nii.gz,0028,Lesion,nii.gz,0.16,"(256, 256, 256)",3.0,float32,"(1.0, 1.0, 1.0)",0.0,1.0,0.0013,21454.0,,
/data/data/DA25S005/miccai_tbi/MultiTalentV2_finetuning/MICCAI_AIMS_TBI/scan_0028_T1.nii.gz,scan_0028_T1.nii.gz,0028,T1,nii.gz,10.535,"(256, 256, 256)",3.0,float32,"(1.0, 1.0, 1.0)",0.0,981.0,49.4614,6102881.0,,
/data/data/DA25S005/miccai_tbi/MultiTalentV2_finetuning/MICCAI_AIMS_TBI/scan_0029_Lesion.nii.gz,scan_0029_Lesion.nii.gz,0029,Lesion,nii.gz,0.068,"(256, 256, 256)",3.0,float32,"(1.0, 1.0, 1.0)",0.0,5.0,0.0005,2898.0,,
/data/data/DA25S005/miccai_tbi/MultiTalentV2_finetuning/MICCAI_AIMS_TBI/scan_0029_T1.nii.gz,scan_0029_T1.nii.gz,0029,T1,nii.gz,20.216,"(256, 256, 256)",3.0,float32,"(1.0, 1.0, 1.0)",0.0,831.1365,39.7162,6821108.0,,
/data/data/DA25S005/miccai_tbi/MultiTalentV2_finetuning/MICCAI_AIMS_TBI/scan_0029_bval.txt,scan_0029_bval.txt,0029,bval,txt,0.0,"(1, 65)",1.0,float64,,0.0,1000.0,,,,
/data/data/DA25S005/miccai_tbi/MultiTalentV2_finetuning/MICCAI_AIMS_TBI/scan_0029_bvec.txt,scan_0029_bvec.txt,0029,bvec,txt,0.004,"(3, 65)",2.0,float64,,-0.9933,1.0,,,,
/data/data/DA25S005/miccai_tbi/MultiTalentV2_finetuning/MICCAI_AIMS_TBI/scan_0029_dMRI.nii.gz,scan_0029_dMRI.nii.gz,0029,dMRI,nii.gz,37.272,"(96, 96, 60, 65)",4.0,float32,"(2.208, 2.208, 2.42)",0.0,4095.0,45.0941,35419449.0,65.0,
/data/data/DA25S005/miccai_tbi/MultiTalentV2_finetuning/MICCAI_AIMS_TBI/scan_0031_bval.txt,scan_0031_bval.txt,0031,bval,txt,0.0,"(1, 65)",1.0,float64,,0.0,1000.0,,,,
/data/data/DA25S005/miccai_tbi/MultiTalentV2_finetuning/MICCAI_AIMS_TBI/scan_0031_bvec.txt,scan_0031_bvec.txt,0031,bvec,txt,0.003,"(65, 3)",2.0,float64,,-0.9641,1.0,,,,
/data/data/DA25S005/miccai_tbi/MultiTalentV2_finetuning/MICCAI_AIMS_TBI/scan_0031_dMRI.nii.gz,scan_0031_dMRI.nii.gz,0031,dMRI,nii.gz,81.232,"(128, 128, 75, 65)",4.0,float32,"(2.0, 2.0, 2.0)",0.0,2378.0,52.8232,79216940.0,65.0,
/data/data/DA25S005/miccai_tbi/MultiTalentV2_finetuning/MICCAI_AIMS_TBI/scan_0033_Lesion.nii.gz,scan_0033_Lesion.nii.gz,0033,Lesion,nii.gz,0.033,"(256, 256, 256)",3.0,float32,"(1.0, 1.0, 1.0)",0.0,0.0,0.0,0.0,,
/data/data/DA25S005/miccai_tbi/MultiTalentV2_finetuning/MICCAI_AIMS_TBI/scan_0033_T1.nii.gz,scan_0033_T1.nii.gz,0033,T1,nii.gz,5.677,"(256, 256, 256)",3.0,float32,"(1.0, 1.0, 1.0)",0.0,1405867.5,32891.2656,4017712.0,,
/data/data/DA25S005/miccai_tbi/MultiTalentV2_finetuning/MICCAI_AIMS_TBI/scan_0033_bval.txt,scan_0033_bval.txt,0033,bval,txt,0.0,"(1, 33)",1.0,float64,,0.0,700.0,,,,
/data/data/DA25S005/miccai_tbi/MultiTalentV2_finetuning/MICCAI_AIMS_TBI/scan_0033_bvec.txt,scan_0033_bvec.txt,0033,bvec,txt,0.001,"(3, 33)",2.0,float64,,-1.0,1.0,,,,
/data/data/DA25S005/miccai_tbi/MultiTalentV2_finetuning/MICCAI_AIMS_TBI/scan_0033_dMRI.nii.gz,scan_0033_dMRI.nii.gz,0033,dMRI,nii.gz,78.642,"(256, 256, 70, 33)",4.0,float32,"(0.828, 0.828, 2.2)",0.0,134885.9688,2009.7388,86798948.0,33.0,
/data/data/DA25S005/miccai_tbi/MultiTalentV2_finetuning/MICCAI_AIMS_TBI/scan_0036_Lesion.nii.gz,scan_0036_Lesion.nii.gz,0036,Lesion,nii.gz,0.068,"(256, 256, 256)",3.0,float32,"(1.0, 1.0, 1.0)",0.0,5.0,0.0003,4226.0,,
/data/data/DA25S005/miccai_tbi/MultiTalentV2_finetuning/MICCAI_AIMS_TBI/scan_0036_T1.nii.gz,scan_0036_T1.nii.gz,0036,T1,nii.gz,39.651,"(256, 256, 256)",3.0,float32,"(1.0, 1.0, 1.0)",0.0,717.4599,46.9035,10999900.0,,
/data/data/DA25S005/miccai_tbi/MultiTalentV2_finetuning/MICCAI_AIMS_TBI/scan_0036_bval.txt,scan_0036_bval.txt,0036,bval,txt,0.0,"(1, 65)",1.0,float64,,0.0,1000.0,,,,
/data/data/DA25S005/miccai_tbi/MultiTalentV2_finetuning/MICCAI_AIMS_TBI/scan_0036_bvec.txt,scan_0036_bvec.txt,0036,bvec,txt,0.003,"(65, 3)",2.0,float64,,-0.9641,1.0,,,,
/data/data/DA25S005/miccai_tbi/MultiTalentV2_finetuning/MICCAI_AIMS_TBI/scan_0036_dMRI.nii.gz,scan_0036_dMRI.nii.gz,0036,dMRI,nii.gz,87.006,"(128, 128, 75, 65)",4.0,float32,"(2.0, 2.0, 2.0)",0.0,2283.0,71.3394,79257570.0,65.0,
/data/data/DA25S005/miccai_tbi/MultiTalentV2_finetuning/MICCAI_AIMS_TBI/scan_0038_Lesion.nii.gz,scan_0038_Lesion.nii.gz,0038,Lesion,nii.gz,0.034,"(256, 256, 256)",3.0,float32,"(1.0, 1.0, 1.0)",0.0,1.0,0.0003,4514.0,,
/data/data/DA25S005/miccai_tbi/MultiTalentV2_finetuning/MICCAI_AIMS_TBI/scan_0038_T1.nii.gz,scan_0038_T1.nii.gz,0038,T1,nii.gz,9.663,"(256, 256, 256)",3.0,float32,"(1.0, 1.0, 1.0)",0.0,1466.0,56.6407,5643348.0,,
/data/data/DA25S005/miccai_tbi/MultiTalentV2_finetuning/MICCAI_AIMS_TBI/scan_0040_Lesion.nii.gz,scan_0040_Lesion.nii.gz,0040,Lesion,nii.gz,0.033,"(256, 256, 256)",3.0,float32,"(1.0, 1.0, 1.0)",0.0,0.0,0.0,0.0,,
/data/data/DA25S005/miccai_tbi/MultiTalentV2_finetuning/MICCAI_AIMS_TBI/scan_0040_T1.nii.gz,scan_0040_T1.nii.gz,0040,T1,nii.gz,12.475,"(256, 256, 256)",3.0,float32,"(1.0, 1.0, 1.0)",0.0,1006.0,46.9857,11238827.0,,
/data/data/DA25S005/miccai_tbi/MultiTalentV2_finetuning/MICCAI_AIMS_TBI/scan_0041_Lesion.nii.gz,scan_0041_Lesion.nii.gz,0041,Lesion,nii.gz,0.047,"(256, 256, 256)",3.0,float32,"(1.0, 1.0, 1.0)",0.0,5.0,0.0075,121372.0,,
/data/data/DA25S005/miccai_tbi/MultiTalentV2_finetuning/MICCAI_AIMS_TBI/scan_0041_T1.nii.gz,scan_0041_T1.nii.gz,0041,T1,nii.gz,12.342,"(256, 256, 256)",3.0,float32,"(1.0, 1.0, 1.0)",0.0,733.0,34.7879,11304301.0,,
/data/data/DA25S005/miccai_tbi/MultiTalentV2_finetuning/MICCAI_AIMS_TBI/scan_0042_Lesion.nii.gz,scan_0042_Lesion.nii.gz,0042,Lesion,nii.gz,0.033,"(256, 256, 256)",3.0,float32,"(1.0, 1.0, 1.0)",0.0,1.0,0.0,417.0,,
/data/data/DA25S005/miccai_tbi/MultiTalentV2_finetuning/MICCAI_AIMS_TBI/scan_0042_T1.nii.gz,scan_0042_T1.nii.gz,0042,T1,nii.gz,39.639,"(256, 256, 256)",3.0,float32,"(1.0, 1.0, 1.0)",0.0,673.7412,37.7746,10999351.0,,
/data/data/DA25S005/miccai_tbi/MultiTalentV2_finetuning/MICCAI_AIMS_TBI/scan_0042_bval.txt,scan_0042_bval.txt,0042,bval,txt,0.0,"(1, 65)",1.0,float64,,0.0,1000.0,,,,
/data/data/DA25S005/miccai_tbi/MultiTalentV2_finetuning/MICCAI_AIMS_TBI/scan_0042_bvec.txt,scan_0042_bvec.txt,0042,bvec,txt,0.003,"(65, 3)",2.0,float64,,-0.9641,1.0,,,,
/data/data/DA25S005/miccai_tbi/MultiTalentV2_finetuning/MICCAI_AIMS_TBI/scan_0042_dMRI.nii.gz,scan_0042_dMRI.nii.gz,0042,dMRI,nii.gz,81.147,"(128, 128, 75, 65)",4.0,float32,"(2.0, 2.0, 2.0)",0.0,1325.0,52.6428,79256294.0,65.0,
/data/data/DA25S005/miccai_tbi/MultiTalentV2_finetuning/MICCAI_AIMS_TBI/scan_0044_Lesion.nii.gz,scan_0044_Lesion.nii.gz,0044,Lesion,nii.gz,0.147,"(256, 256, 256)",3.0,float32,"(1.0, 1.0, 1.0)",0.0,1.0,0.0001,867.0,,
/data/data/DA25S005/miccai_tbi/MultiTalentV2_finetuning/MICCAI_AIMS_TBI/scan_0044_T1.nii.gz,scan_0044_T1.nii.gz,0044,T1,nii.gz,39.685,"(256, 256, 256)",3.0,float32,"(1.0, 1.0, 1.0)",0.0,450.6447,22.9229,10997015.0,,
/data/data/DA25S005/miccai_tbi/MultiTalentV2_finetuning/MICCAI_AIMS_TBI/scan_0044_bval.txt,scan_0044_bval.txt,0044,bval,txt,0.0,"(1, 65)",1.0,float64,,0.0,1000.0,,,,
/data/data/DA25S005/miccai_tbi/MultiTalentV2_finetuning/MICCAI_AIMS_TBI/scan_0044_bvec.txt,scan_0044_bvec.txt,0044,bvec,txt,0.003,"(65, 3)",2.0,float64,,-0.9641,1.0,,,,
/data/data/DA25S005/miccai_tbi/MultiTalentV2_finetuning/MICCAI_AIMS_TBI/scan_0044_dMRI.nii.gz,scan_0044_dMRI.nii.gz,0044,dMRI,nii.gz,79.478,"(128, 128, 75, 65)",4.0,float32,"(2.0, 2.0, 2.0)",0.0,3171.0,48.5109,79257590.0,65.0,
/data/data/DA25S005/miccai_tbi/MultiTalentV2_finetuning/MICCAI_AIMS_TBI/scan_0045_Lesion.nii.gz,scan_0045_Lesion.nii.gz,0045,Lesion,nii.gz,0.033,"(256, 256, 256)",3.0,float32,"(1.0, 1.0, 1.0)",0.0,5.0,0.0,20.0,,
/data/data/DA25S005/miccai_tbi/MultiTalentV2_finetuning/MICCAI_AIMS_TBI/scan_0045_T1.nii.gz,scan_0045_T1.nii.gz,0045,T1,nii.gz,5.025,"(256, 256, 256)",3.0,float32,"(1.0, 1.0, 1.0)",0.0,1845093.0,31500.3809,3653961.0,,
/data/data/DA25S005/miccai_tbi/MultiTalentV2_finetuning/MICCAI_AIMS_TBI/scan_0045_bval.txt,scan_0045_bval.txt,0045,bval,txt,0.0,"(1, 33)",1.0,float64,,0.0,700.0,,,,
/data/data/DA25S005/miccai_tbi/MultiTalentV2_finetuning/MICCAI_AIMS_TBI/scan_0045_bvec.txt,scan_0045_bvec.txt,0045,bvec,txt,0.001,"(3, 33)",2.0,float64,,-1.0,1.0,,,,
/data/data/DA25S005/miccai_tbi/MultiTalentV2_finetuning/MICCAI_AIMS_TBI/scan_0045_dMRI.nii.gz,scan_0045_dMRI.nii.gz,0045,dMRI,nii.gz,74.395,"(256, 256, 70, 33)",4.0,float32,"(0.828, 0.828, 2.2)",0.0,148275.1094,2511.5081,77660957.0,33.0,
/data/data/DA25S005/miccai_tbi/MultiTalentV2_finetuning/MICCAI_AIMS_TBI/scan_0049_Lesion.nii.gz,scan_0049_Lesion.nii.gz,0049,Lesion,nii.gz,0.042,"(256, 256, 256)",3.0,float32,"(1.0, 1.0, 1.0)",0.0,1.0,0.0025,41887.0,,
/data/data/DA25S005/miccai_tbi/MultiTalentV2_finetuning/MICCAI_AIMS_TBI/scan_0049_T1.nii.gz,scan_0049_T1.nii.gz,0049,T1,nii.gz,39.622,"(256, 256, 256)",3.0,float32,"(1.0, 1.0, 1.0)",0.0,932.5428,35.5238,10999297.0,,
/data/data/DA25S005/miccai_tbi/MultiTalentV2_finetuning/MICCAI_AIMS_TBI/scan_0049_bval.txt,scan_0049_bval.txt,0049,bval,txt,0.0,"(1, 65)",1.0,float64,,0.0,1000.0,,,,
/data/data/DA25S005/miccai_tbi/MultiTalentV2_finetuning/MICCAI_AIMS_TBI/scan_0049_bvec.txt,scan_0049_bvec.txt,0049,bvec,txt,0.003,"(65, 3)",2.0,float64,,-0.9641,1.0,,,,
/data/data/DA25S005/miccai_tbi/MultiTalentV2_finetuning/MICCAI_AIMS_TBI/scan_0049_dMRI.nii.gz,scan_0049_dMRI.nii.gz,0049,dMRI,nii.gz,80.87,"(128, 128, 75, 65)",4.0,float32,"(2.0, 2.0, 2.0)",0.0,2607.0,51.6645,79257387.0,65.0,
/data/data/DA25S005/miccai_tbi/MultiTalentV2_finetuning/MICCAI_AIMS_TBI/scan_0050_Lesion.nii.gz,scan_0050_Lesion.nii.gz,0050,Lesion,nii.gz,0.033,"(256, 256, 256)",3.0,float32,"(1.0, 1.0, 1.0)",0.0,0.0,0.0,0.0,,
/data/data/DA25S005/miccai_tbi/MultiTalentV2_finetuning/MICCAI_AIMS_TBI/scan_0050_T1.nii.gz,scan_0050_T1.nii.gz,0050,T1,nii.gz,32.536,"(256, 256, 256)",3.0,float32,"(1.0, 1.0, 1.0)",0.0,8810.4629,525.4598,9151093.0,,
/data/data/DA25S005/miccai_tbi/MultiTalentV2_finetuning/MICCAI_AIMS_TBI/scan_0052_Lesion.nii.gz,scan_0052_Lesion.nii.gz,0052,Lesion,nii.gz,0.033,"(256, 256, 256)",3.0,float32,"(1.0, 1.0, 1.0)",0.0,1.0,0.0,195.0,,
/data/data/DA25S005/miccai_tbi/MultiTalentV2_finetuning/MICCAI_AIMS_TBI/scan_0052_T1.nii.gz,scan_0052_T1.nii.gz,0052,T1,nii.gz,29.517,"(256, 256, 256)",3.0,float32,"(1.0, 1.0, 1.0)",0.0,9131.5723,449.7339,8312195.0,,
/data/data/DA25S005/miccai_tbi/MultiTalentV2_finetuning/MICCAI_AIMS_TBI/scan_0053_Lesion.nii.gz,scan_0053_Lesion.nii.gz,0053,Lesion,nii.gz,0.056,"(160, 194, 183)",3.0,float32,"(1.1, 1.0, 1.0)",0.0,1.0,0.0019,10953.0,,
/data/data/DA25S005/miccai_tbi/MultiTalentV2_finetuning/MICCAI_AIMS_TBI/scan_0053_T1.nii.gz,scan_0053_T1.nii.gz,0053,T1,nii.gz,6.497,"(160, 194, 183)",3.0,float32,"(1.1, 1.0, 1.0)",0.0,1048.0,126.5798,5626704.0,,
/data/data/DA25S005/miccai_tbi/MultiTalentV2_finetuning/MICCAI_AIMS_TBI/scan_0053_bval.txt,scan_0053_bval.txt,0053,bval,txt,0.0,"(1, 65)",1.0,float64,,0.0,1000.0,,,,
/data/data/DA25S005/miccai_tbi/MultiTalentV2_finetuning/MICCAI_AIMS_TBI/scan_0053_bvec.txt,scan_0053_bvec.txt,0053,bvec,txt,0.004,"(3, 65)",2.0,float64,,-0.9665,1.0,,,,
/data/data/DA25S005/miccai_tbi/MultiTalentV2_finetuning/MICCAI_AIMS_TBI/scan_0053_dMRI.nii.gz,scan_0053_dMRI.nii.gz,0053,dMRI,nii.gz,38.203,"(96, 96, 60, 65)",4.0,float32,"(2.208, 2.208, 2.42)",0.0,4095.0,51.4229,35445814.0,65.0,
/data/data/DA25S005/miccai_tbi/MultiTalentV2_finetuning/MICCAI_AIMS_TBI/scan_0056_Lesion.nii.gz,scan_0056_Lesion.nii.gz,0056,Lesion,nii.gz,0.082,"(256, 256, 256)",3.0,float32,"(1.0, 1.0, 1.0)",0.0,5.0,0.0041,62135.0,,
/data/data/DA25S005/miccai_tbi/MultiTalentV2_finetuning/MICCAI_AIMS_TBI/scan_0056_T1.nii.gz,scan_0056_T1.nii.gz,0056,T1,nii.gz,16.957,"(256, 256, 256)",3.0,float32,"(1.0, 1.0, 1.0)",0.0,790.2274,33.2102,5647846.0,,
/data/data/DA25S005/miccai_tbi/MultiTalentV2_finetuning/MICCAI_AIMS_TBI/scan_0056_bval.txt,scan_0056_bval.txt,0056,bval,txt,0.0,"(1, 65)",1.0,float64,,0.0,1000.0,,,,
/data/data/DA25S005/miccai_tbi/MultiTalentV2_finetuning/MICCAI_AIMS_TBI/scan_0056_bvec.txt,scan_0056_bvec.txt,0056,bvec,txt,0.004,"(3, 65)",2.0,float64,,-0.9741,1.0,,,,
/data/data/DA25S005/miccai_tbi/MultiTalentV2_finetuning/MICCAI_AIMS_TBI/scan_0056_dMRI.nii.gz,scan_0056_dMRI.nii.gz,0056,dMRI,nii.gz,36.745,"(96, 96, 60, 65)",4.0,float32,"(2.208, 2.208, 2.42)",0.0,3727.0,45.4896,35416756.0,65.0,
/data/data/DA25S005/miccai_tbi/MultiTalentV2_finetuning/MICCAI_AIMS_TBI/scan_0057_Lesion.nii.gz,scan_0057_Lesion.nii.gz,0057,Lesion,nii.gz,0.046,"(256, 256, 256)",3.0,float32,"(1.0, 1.0, 1.0)",0.0,5.0,0.004,41091.0,,
/data/data/DA25S005/miccai_tbi/MultiTalentV2_finetuning/MICCAI_AIMS_TBI/scan_0057_T1.nii.gz,scan_0057_T1.nii.gz,0057,T1,nii.gz,14.619,"(256, 256, 256)",3.0,float32,"(1.0, 1.0, 1.0)",0.0,735.0,53.2464,11389595.0,,
/data/data/DA25S005/miccai_tbi/MultiTalentV2_finetuning/MICCAI_AIMS_TBI/scan_0058_Lesion.nii.gz,scan_0058_Lesion.nii.gz,0058,Lesion,nii.gz,0.035,"(256, 256, 256)",3.0,float32,"(1.0, 1.0, 1.0)",0.0,1.0,0.0003,4300.0,,
/data/data/DA25S005/miccai_tbi/MultiTalentV2_finetuning/MICCAI_AIMS_TBI/scan_0058_T1.nii.gz,scan_0058_T1.nii.gz,0058,T1,nii.gz,11.93,"(256, 256, 256)",3.0,float32,"(1.0, 1.0, 1.0)",0.0,636.0,36.6134,11311478.0,,
/data/data/DA25S005/miccai_tbi/MultiTalentV2_finetuning/MICCAI_AIMS_TBI/scan_0059_Lesion.nii.gz,scan_0059_Lesion.nii.gz,0059,Lesion,nii.gz,0.033,"(256, 256, 256)",3.0,float32,"(1.0, 1.0, 1.0)",0.0,0.0,0.0,0.0,,
/data/data/DA25S005/miccai_tbi/MultiTalentV2_finetuning/MICCAI_AIMS_TBI/scan_0059_T1.nii.gz,scan_0059_T1.nii.gz,0059,T1,nii.gz,34.291,"(256, 256, 256)",3.0,float32,"(1.0, 1.0, 1.0)",0.0,8372.2637,414.6674,9668283.0,,
/data/data/DA25S005/miccai_tbi/MultiTalentV2_finetuning/MICCAI_AIMS_TBI/scan_0061_Lesion.nii.gz,scan_0061_Lesion.nii.gz,0061,Lesion,nii.gz,0.147,"(256, 256, 256)",3.0,float32,"(1.0, 1.0, 1.0)",0.0,6.0,0.0002,488.0,,
/data/data/DA25S005/miccai_tbi/MultiTalentV2_finetuning/MICCAI_AIMS_TBI/scan_0061_T1.nii.gz,scan_0061_T1.nii.gz,0061,T1,nii.gz,11.435,"(256, 256, 256)",3.0,float32,"(1.0, 1.0, 1.0)",0.0,2432.4668,124.4412,8241291.0,,
/data/data/DA25S005/miccai_tbi/MultiTalentV2_finetuning/MICCAI_AIMS_TBI/scan_0062_Lesion.nii.gz,scan_0062_Lesion.nii.gz,0062,Lesion,nii.gz,0.033,"(256, 256, 256)",3.0,float32,"(1.0, 1.0, 1.0)",0.0,1.0,0.0,325.0,,
/data/data/DA25S005/miccai_tbi/MultiTalentV2_finetuning/MICCAI_AIMS_TBI/scan_0062_T1.nii.gz,scan_0062_T1.nii.gz,0062,T1,nii.gz,9.974,"(256, 256, 256)",3.0,float32,"(1.0, 1.0, 1.0)",0.0,1106.0,59.5557,6090862.0,,
/data/data/DA25S005/miccai_tbi/MultiTalentV2_finetuning/MICCAI_AIMS_TBI/scan_0063_Lesion.nii.gz,scan_0063_Lesion.nii.gz,0063,Lesion,nii.gz,0.033,"(256, 256, 256)",3.0,float32,"(1.0, 1.0, 1.0)",0.0,5.0,0.0002,792.0,,
/data/data/DA25S005/miccai_tbi/MultiTalentV2_finetuning/MICCAI_AIMS_TBI/scan_0063_T1.nii.gz,scan_0063_T1.nii.gz,0063,T1,nii.gz,39.578,"(256, 256, 256)",3.0,float32,"(1.0, 1.0, 1.0)",0.0,875.1833,40.2428,10998969.0,,
/data/data/DA25S005/miccai_tbi/MultiTalentV2_finetuning/MICCAI_AIMS_TBI/scan_0063_bval.txt,scan_0063_bval.txt,0063,bval,txt,0.0,"(1, 65)",1.0,float64,,0.0,1000.0,,,,
/data/data/DA25S005/miccai_tbi/MultiTalentV2_finetuning/MICCAI_AIMS_TBI/scan_0063_bvec.txt,scan_0063_bvec.txt,0063,bvec,txt,0.003,"(65, 3)",2.0,float64,,-0.9641,1.0,,,,
/data/data/DA25S005/miccai_tbi/MultiTalentV2_finetuning/MICCAI_AIMS_TBI/scan_0063_dMRI.nii.gz,scan_0063_dMRI.nii.gz,0063,dMRI,nii.gz,82.135,"(128, 128, 75, 65)",4.0,float32,"(2.0, 2.0, 2.0)",0.0,2373.0,55.1555,79175825.0,65.0,
/data/data/DA25S005/miccai_tbi/MultiTalentV2_finetuning/MICCAI_AIMS_TBI/scan_0070_Lesion.nii.gz,scan_0070_Lesion.nii.gz,0070,Lesion,nii.gz,0.033,"(256, 256, 256)",3.0,float32,"(1.0, 1.0, 1.0)",0.0,1.0,0.0,348.0,,
/data/data/DA25S005/miccai_tbi/MultiTalentV2_finetuning/MICCAI_AIMS_TBI/scan_0070_T1.nii.gz,scan_0070_T1.nii.gz,0070,T1,nii.gz,8.853,"(256, 256, 256)",3.0,float32,"(1.0, 1.0, 1.0)",0.0,1217.0,55.6303,5868447.0,,
/data/data/DA25S005/miccai_tbi/MultiTalentV2_finetuning/MICCAI_AIMS_TBI/scan_0073_Lesion.nii.gz,scan_0073_Lesion.nii.gz,0073,Lesion,nii.gz,0.147,"(256, 256, 256)",3.0,float32,"(1.0, 1.0, 1.0)",0.0,1.0,0.0,176.0,,
/data/data/DA25S005/miccai_tbi/MultiTalentV2_finetuning/MICCAI_AIMS_TBI/scan_0073_T1.nii.gz,scan_0073_T1.nii.gz,0073,T1,nii.gz,9.592,"(256, 256, 256)",3.0,float32,"(1.0, 1.0, 1.0)",0.0,1196.0,50.1574,5734772.0,,
/data/data/DA25S005/miccai_tbi/MultiTalentV2_finetuning/MICCAI_AIMS_TBI/scan_0077_Lesion.nii.gz,scan_0077_Lesion.nii.gz,0077,Lesion,nii.gz,0.033,"(256, 256, 256)",3.0,float32,"(1.0, 1.0, 1.0)",0.0,0.0,0.0,0.0,,
/data/data/DA25S005/miccai_tbi/MultiTalentV2_finetuning/MICCAI_AIMS_TBI/scan_0077_T1.nii.gz,scan_0077_T1.nii.gz,0077,T1,nii.gz,5.786,"(256, 256, 256)",3.0,float32,"(1.0, 1.0, 1.0)",0.0,4450.7739,123.5327,3727154.0,,
/data/data/DA25S005/miccai_tbi/MultiTalentV2_finetuning/MICCAI_AIMS_TBI/scan_0077_bval.txt,scan_0077_bval.txt,0077,bval,txt,0.0,"(1, 33)",1.0,float64,,0.0,1000.0,,,,
/data/data/DA25S005/miccai_tbi/MultiTalentV2_finetuning/MICCAI_AIMS_TBI/scan_0077_bvec.txt,scan_0077_bvec.txt,0077,bvec,txt,0.002,"(3, 33)",2.0,float64,,-1.0,1.0,,,,
/data/data/DA25S005/miccai_tbi/MultiTalentV2_finetuning/MICCAI_AIMS_TBI/scan_0077_dMRI.nii.gz,scan_0077_dMRI.nii.gz,0077,dMRI,nii.gz,17.718,"(128, 128, 70, 33)",4.0,float32,"(1.75, 1.75, 2.0)",0.0,11665.6494,71.4338,18042438.0,33.0,
/data/data/DA25S005/miccai_tbi/MultiTalentV2_finetuning/MICCAI_AIMS_TBI/scan_0080_Lesion.nii.gz,scan_0080_Lesion.nii.gz,0080,Lesion,nii.gz,0.167,"(256, 256, 256)",3.0,float32,"(1.0, 1.0, 1.0)",0.0,1.0,0.0021,35778.0,,
/data/data/DA25S005/miccai_tbi/MultiTalentV2_finetuning/MICCAI_AIMS_TBI/scan_0080_T1.nii.gz,scan_0080_T1.nii.gz,0080,T1,nii.gz,9.798,"(256, 256, 256)",3.0,float32,"(1.0, 1.0, 1.0)",0.0,1421.0,59.3939,5747136.0,,
/data/data/DA25S005/miccai_tbi/MultiTalentV2_finetuning/MICCAI_AIMS_TBI/scan_0086_Lesion.nii.gz,scan_0086_Lesion.nii.gz,0086,Lesion,nii.gz,0.072,"(256, 256, 256)",3.0,float32,"(1.0, 1.0, 1.0)",0.0,1.0,0.0015,25179.0,,
/data/data/DA25S005/miccai_tbi/MultiTalentV2_finetuning/MICCAI_AIMS_TBI/scan_0086_T1.nii.gz,scan_0086_T1.nii.gz,0086,T1,nii.gz,11.028,"(256, 256, 256)",3.0,float32,"(1.0, 1.0, 1.0)",0.0,831.0,60.619,7759241.0,,
/data/data/DA25S005/miccai_tbi/MultiTalentV2_finetuning/MICCAI_AIMS_TBI/scan_0086_bval.txt,scan_0086_bval.txt,0086,bval,txt,0.0,"(1, 16)",1.0,float64,,0.0,860.0,,,,
/data/data/DA25S005/miccai_tbi/MultiTalentV2_finetuning/MICCAI_AIMS_TBI/scan_0086_bvec.txt,scan_0086_bvec.txt,0086,bvec,txt,0.001,"(3, 16)",2.0,float64,,-1.0,1.0,,,,
/data/data/DA25S005/miccai_tbi/MultiTalentV2_finetuning/MICCAI_AIMS_TBI/scan_0086_dMRI.nii.gz,scan_0086_dMRI.nii.gz,0086,dMRI,nii.gz,15.736,"(128, 128, 55, 17)",4.0,float32,"(2.0, 2.0, 2.7)",0.0,2005909.375,13123.6025,13993468.0,17.0,
/data/data/DA25S005/miccai_tbi/MultiTalentV2_finetuning/MICCAI_AIMS_TBI/scan_0089_Lesion.nii.gz,scan_0089_Lesion.nii.gz,0089,Lesion,nii.gz,0.033,"(256, 256, 256)",3.0,float32,"(1.0, 1.0, 1.0)",0.0,0.0,0.0,0.0,,
/data/data/DA25S005/miccai_tbi/MultiTalentV2_finetuning/MICCAI_AIMS_TBI/scan_0089_T1.nii.gz,scan_0089_T1.nii.gz,0089,T1,nii.gz,30.472,"(256, 256, 256)",3.0,float32,"(1.0, 1.0, 1.0)",0.0,6637.8755,368.76,8544627.0,,
/data/data/DA25S005/miccai_tbi/MultiTalentV2_finetuning/MICCAI_AIMS_TBI/scan_0091_Lesion.nii.gz,scan_0091_Lesion.nii.gz,0091,Lesion,nii.gz,0.033,"(256, 256, 256)",3.0,float32,"(1.0, 1.0, 1.0)",0.0,1.0,0.0,135.0,,
/data/data/DA25S005/miccai_tbi/MultiTalentV2_finetuning/MICCAI_AIMS_TBI/scan_0091_T1.nii.gz,scan_0091_T1.nii.gz,0091,T1,nii.gz,7.913,"(256, 256, 256)",3.0,float32,"(1.0, 1.0, 1.0)",0.0,4138.9199,159.1689,4963925.0,,
/data/data/DA25S005/miccai_tbi/MultiTalentV2_finetuning/MICCAI_AIMS_TBI/scan_0091_bval.txt,scan_0091_bval.txt,0091,bval,txt,0.0,"(1, 33)",1.0,float64,,0.0,1000.0,,,,
/data/data/DA25S005/miccai_tbi/MultiTalentV2_finetuning/MICCAI_AIMS_TBI/scan_0091_bvec.txt,scan_0091_bvec.txt,0091,bvec,txt,0.002,"(3, 33)",2.0,float64,,-1.0,1.0,,,,
/data/data/DA25S005/miccai_tbi/MultiTalentV2_finetuning/MICCAI_AIMS_TBI/scan_0091_dMRI.nii.gz,scan_0091_dMRI.nii.gz,0091,dMRI,nii.gz,18.862,"(128, 128, 70, 33)",4.0,float32,"(1.75, 1.75, 2.0)",0.0,8760.2393,66.8862,20097780.0,33.0,
/data/data/DA25S005/miccai_tbi/MultiTalentV2_finetuning/MICCAI_AIMS_TBI/scan_0093_Lesion.nii.gz,scan_0093_Lesion.nii.gz,0093,Lesion,nii.gz,0.033,"(256, 256, 256)",3.0,float32,"(1.0, 1.0, 1.0)",0.0,1.0,0.0,92.0,,
/data/data/DA25S005/miccai_tbi/MultiTalentV2_finetuning/MICCAI_AIMS_TBI/scan_0093_T1.nii.gz,scan_0093_T1.nii.gz,0093,T1,nii.gz,22.75,"(256, 256, 256)",3.0,float32,"(1.0, 1.0, 1.0)",0.0,2468.1853,182.4051,8413122.0,,
/data/data/DA25S005/miccai_tbi/MultiTalentV2_finetuning/MICCAI_AIMS_TBI/scan_0093_bval.txt,scan_0093_bval.txt,0093,bval,txt,0.0,"(1, 16)",1.0,float64,,0.0,860.0,,,,
/data/data/DA25S005/miccai_tbi/MultiTalentV2_finetuning/MICCAI_AIMS_TBI/scan_0093_bvec.txt,scan_0093_bvec.txt,0093,bvec,txt,0.001,"(3, 16)",2.0,float64,,-1.0,1.0,,,,
/data/data/DA25S005/miccai_tbi/MultiTalentV2_finetuning/MICCAI_AIMS_TBI/scan_0093_dMRI.nii.gz,scan_0093_dMRI.nii.gz,0093,dMRI,nii.gz,14.608,"(128, 128, 67, 16)",4.0,float32,"(2.0, 2.0, 2.7)",0.0,7414.0,61.8312,16146036.0,16.0,
/data/data/DA25S005/miccai_tbi/MultiTalentV2_finetuning/MICCAI_AIMS_TBI/scan_0096_Lesion.nii.gz,scan_0096_Lesion.nii.gz,0096,Lesion,nii.gz,0.033,"(256, 256, 256)",3.0,float32,"(1.0, 1.0, 1.0)",0.0,0.0,0.0,0.0,,
/data/data/DA25S005/miccai_tbi/MultiTalentV2_finetuning/MICCAI_AIMS_TBI/scan_0096_T1.nii.gz,scan_0096_T1.nii.gz,0096,T1,nii.gz,32.509,"(256, 256, 256)",3.0,float32,"(1.0, 1.0, 1.0)",0.0,9252.9023,388.1139,9123601.0,,
/data/data/DA25S005/miccai_tbi/MultiTalentV2_finetuning/MICCAI_AIMS_TBI/scan_0097_Lesion.nii.gz,scan_0097_Lesion.nii.gz,0097,Lesion,nii.gz,0.033,"(256, 256, 256)",3.0,float32,"(1.0, 1.0, 1.0)",0.0,1.0,0.0,173.0,,
/data/data/DA25S005/miccai_tbi/MultiTalentV2_finetuning/MICCAI_AIMS_TBI/scan_0097_T1.nii.gz,scan_0097_T1.nii.gz,0097,T1,nii.gz,7.839,"(256, 256, 256)",3.0,float32,"(1.0, 1.0, 1.0)",0.0,2810057.0,79676.5391,5245725.0,,
/data/data/DA25S005/miccai_tbi/MultiTalentV2_finetuning/MICCAI_AIMS_TBI/scan_0099_Lesion.nii.gz,scan_0099_Lesion.nii.gz,0099,Lesion,nii.gz,0.033,"(256, 256, 256)",3.0,float32,"(1.0, 1.0, 1.0)",0.0,0.0,0.0,0.0,,
/data/data/DA25S005/miccai_tbi/MultiTalentV2_finetuning/MICCAI_AIMS_TBI/scan_0099_T1.nii.gz,scan_0099_T1.nii.gz,0099,T1,nii.gz,31.732,"(256, 256, 256)",3.0,float32,"(1.0, 1.0, 1.0)",0.0,7765.6943,494.939,8920522.0,,
/data/data/DA25S005/miccai_tbi/MultiTalentV2_finetuning/MICCAI_AIMS_TBI/scan_0101_Lesion.nii.gz,scan_0101_Lesion.nii.gz,0101,Lesion,nii.gz,0.034,"(256, 256, 256)",3.0,float32,"(1.0, 1.0, 1.0)",0.0,1.0,0.0001,1699.0,,
/data/data/DA25S005/miccai_tbi/MultiTalentV2_finetuning/MICCAI_AIMS_TBI/scan_0101_T1.nii.gz,scan_0101_T1.nii.gz,0101,T1,nii.gz,32.276,"(256, 256, 256)",3.0,float32,"(1.0, 1.0, 1.0)",0.0,7227.9658,441.1693,9100167.0,,
/data/data/DA25S005/miccai_tbi/MultiTalentV2_finetuning/MICCAI_AIMS_TBI/scan_0104_Lesion.nii.gz,scan_0104_Lesion.nii.gz,0104,Lesion,nii.gz,0.037,"(256, 256, 256)",3.0,float32,"(1.0, 1.0, 1.0)",0.0,1.0,0.0003,5607.0,,
/data/data/DA25S005/miccai_tbi/MultiTalentV2_finetuning/MICCAI_AIMS_TBI/scan_0104_T1.nii.gz,scan_0104_T1.nii.gz,0104,T1,nii.gz,7.641,"(256, 256, 256)",3.0,float32,"(1.0, 1.0, 1.0)",0.0,1173.0,36.6831,4513098.0,,
/data/data/DA25S005/miccai_tbi/MultiTalentV2_finetuning/MICCAI_AIMS_TBI/scan_0105_Lesion.nii.gz,scan_0105_Lesion.nii.gz,0105,Lesion,nii.gz,0.033,"(256, 256, 256)",3.0,float32,"(1.0, 1.0, 1.0)",0.0,0.0,0.0,0.0,,
/data/data/DA25S005/miccai_tbi/MultiTalentV2_finetuning/MICCAI_AIMS_TBI/scan_0105_T1.nii.gz,scan_0105_T1.nii.gz,0105,T1,nii.gz,39.592,"(256, 256, 256)",3.0,float32,"(1.0, 1.0, 1.0)",0.0,642.8023,31.6311,10998540.0,,
/data/data/DA25S005/miccai_tbi/MultiTalentV2_finetuning/MICCAI_AIMS_TBI/scan_0106_Lesion.nii.gz,scan_0106_Lesion.nii.gz,0106,Lesion,nii.gz,0.033,"(256, 256, 256)",3.0,float32,"(1.0, 1.0, 1.0)",0.0,0.0,0.0,0.0,,
/data/data/DA25S005/miccai_tbi/MultiTalentV2_finetuning/MICCAI_AIMS_TBI/scan_0106_T1.nii.gz,scan_0106_T1.nii.gz,0106,T1,nii.gz,4.719,"(256, 256, 256)",3.0,float32,"(1.0, 1.0, 1.0)",0.0,1613647.25,23769.9199,3334603.0,,
/data/data/DA25S005/miccai_tbi/MultiTalentV2_finetuning/MICCAI_AIMS_TBI/scan_0106_bval.txt,scan_0106_bval.txt,0106,bval,txt,0.0,"(1, 33)",1.0,float64,,0.0,700.0,,,,
/data/data/DA25S005/miccai_tbi/MultiTalentV2_finetuning/MICCAI_AIMS_TBI/scan_0106_bvec.txt,scan_0106_bvec.txt,0106,bvec,txt,0.001,"(3, 33)",2.0,float64,,-1.0,1.0,,,,
/data/data/DA25S005/miccai_tbi/MultiTalentV2_finetuning/MICCAI_AIMS_TBI/scan_0106_dMRI.nii.gz,scan_0106_dMRI.nii.gz,0106,dMRI,nii.gz,69.968,"(256, 256, 70, 33)",4.0,float32,"(0.828, 0.828, 2.2)",0.0,155242.9688,1708.1259,73052760.0,33.0,
/data/data/DA25S005/miccai_tbi/MultiTalentV2_finetuning/MICCAI_AIMS_TBI/scan_0107_Lesion.nii.gz,scan_0107_Lesion.nii.gz,0107,Lesion,nii.gz,0.048,"(256, 256, 256)",3.0,float32,"(1.0, 1.0, 1.0)",0.0,1.0,0.0027,46103.0,,
/data/data/DA25S005/miccai_tbi/MultiTalentV2_finetuning/MICCAI_AIMS_TBI/scan_0107_T1.nii.gz,scan_0107_T1.nii.gz,0107,T1,nii.gz,10.284,"(256, 256, 256)",3.0,float32,"(1.0, 1.0, 1.0)",0.0,1532.0,79.1677,5806120.0,,
/data/data/DA25S005/miccai_tbi/MultiTalentV2_finetuning/MICCAI_AIMS_TBI/scan_0108_Lesion.nii.gz,scan_0108_Lesion.nii.gz,0108,Lesion,nii.gz,0.035,"(256, 256, 256)",3.0,float32,"(1.0, 1.0, 1.0)",0.0,5.0,0.0005,4530.0,,
/data/data/DA25S005/miccai_tbi/MultiTalentV2_finetuning/MICCAI_AIMS_TBI/scan_0108_T1.nii.gz,scan_0108_T1.nii.gz,0108,T1,nii.gz,5.122,"(256, 256, 256)",3.0,float32,"(1.0, 1.0, 1.0)",0.0,5278.9453,128.8165,3458461.0,,
/data/data/DA25S005/miccai_tbi/MultiTalentV2_finetuning/MICCAI_AIMS_TBI/scan_0108_bval.txt,scan_0108_bval.txt,0108,bval,txt,0.0,"(1, 33)",1.0,float64,,0.0,1000.0,,,,
/data/data/DA25S005/miccai_tbi/MultiTalentV2_finetuning/MICCAI_AIMS_TBI/scan_0108_bvec.txt,scan_0108_bvec.txt,0108,bvec,txt,0.002,"(3, 33)",2.0,float64,,-0.7071,0.7071,,,,
/data/data/DA25S005/miccai_tbi/MultiTalentV2_finetuning/MICCAI_AIMS_TBI/scan_0108_dMRI.nii.gz,scan_0108_dMRI.nii.gz,0108,dMRI,nii.gz,6.951,"(96, 96, 65, 33)",4.0,float32,"(2.5, 2.5, 2.5)",0.0,4479.0547,45.6272,6955836.0,33.0,
/data/data/DA25S005/miccai_tbi/MultiTalentV2_finetuning/MICCAI_AIMS_TBI/scan_0109_Lesion.nii.gz,scan_0109_Lesion.nii.gz,0109,Lesion,nii.gz,0.033,"(256, 256, 256)",3.0,float32,"(1.0, 1.0, 1.0)",0.0,1.0,0.0,20.0,,
/data/data/DA25S005/miccai_tbi/MultiTalentV2_finetuning/MICCAI_AIMS_TBI/scan_0109_T1.nii.gz,scan_0109_T1.nii.gz,0109,T1,nii.gz,28.766,"(256, 256, 256)",3.0,float32,"(1.0, 1.0, 1.0)",0.0,7967.6655,449.623,8108390.0,,
/data/data/DA25S005/miccai_tbi/MultiTalentV2_finetuning/MICCAI_AIMS_TBI/scan_0110_Lesion.nii.gz,scan_0110_Lesion.nii.gz,0110,Lesion,nii.gz,0.033,"(256, 256, 256)",3.0,float32,"(1.0, 1.0, 1.0)",0.0,0.0,0.0,0.0,,
/data/data/DA25S005/miccai_tbi/MultiTalentV2_finetuning/MICCAI_AIMS_TBI/scan_0110_T1.nii.gz,scan_0110_T1.nii.gz,0110,T1,nii.gz,30.82,"(256, 256, 256)",3.0,float32,"(1.0, 1.0, 1.0)",0.0,6799.4907,390.6763,8696082.0,,
/data/data/DA25S005/miccai_tbi/MultiTalentV2_finetuning/MICCAI_AIMS_TBI/scan_0114_Lesion.nii.gz,scan_0114_Lesion.nii.gz,0114,Lesion,nii.gz,0.066,"(256, 256, 256)",3.0,float32,"(1.0, 1.0, 1.0)",0.0,5.0,0.0001,743.0,,
/data/data/DA25S005/miccai_tbi/MultiTalentV2_finetuning/MICCAI_AIMS_TBI/scan_0114_T1.nii.gz,scan_0114_T1.nii.gz,0114,T1,nii.gz,19.276,"(256, 256, 256)",3.0,float32,"(1.0, 1.0, 1.0)",0.0,898.8636,44.8582,6355952.0,,
/data/data/DA25S005/miccai_tbi/MultiTalentV2_finetuning/MICCAI_AIMS_TBI/scan_0114_bval.txt,scan_0114_bval.txt,0114,bval,txt,0.0,"(1, 65)",1.0,float64,,0.0,1000.0,,,,
/data/data/DA25S005/miccai_tbi/MultiTalentV2_finetuning/MICCAI_AIMS_TBI/scan_0114_bvec.txt,scan_0114_bvec.txt,0114,bvec,txt,0.004,"(3, 65)",2.0,float64,,-0.9934,0.9976,,,,
/data/data/DA25S005/miccai_tbi/MultiTalentV2_finetuning/MICCAI_AIMS_TBI/scan_0114_dMRI.nii.gz,scan_0114_dMRI.nii.gz,0114,dMRI,nii.gz,38.286,"(96, 96, 60, 65)",4.0,float32,"(2.208, 2.208, 2.42)",0.0,3029.0,51.1845,35441887.0,65.0,
/data/data/DA25S005/miccai_tbi/MultiTalentV2_finetuning/MICCAI_AIMS_TBI/scan_0115_Lesion.nii.gz,scan_0115_Lesion.nii.gz,0115,Lesion,nii.gz,0.034,"(256, 256, 256)",3.0,float32,"(1.0, 1.0, 1.0)",0.0,1.0,0.0001,1094.0,,
/data/data/DA25S005/miccai_tbi/MultiTalentV2_finetuning/MICCAI_AIMS_TBI/scan_0115_T1.nii.gz,scan_0115_T1.nii.gz,0115,T1,nii.gz,12.633,"(256, 256, 256)",3.0,float32,"(1.0, 1.0, 1.0)",0.0,618.0,36.4035,11310935.0,,
/data/data/DA25S005/miccai_tbi/MultiTalentV2_finetuning/MICCAI_AIMS_TBI/scan_0116_Lesion.nii.gz,scan_0116_Lesion.nii.gz,0116,Lesion,nii.gz,0.07,"(256, 256, 256)",3.0,float32,"(1.0, 1.0, 1.0)",0.0,5.0,0.0008,5792.0,,
/data/data/DA25S005/miccai_tbi/MultiTalentV2_finetuning/MICCAI_AIMS_TBI/scan_0116_T1.nii.gz,scan_0116_T1.nii.gz,0116,T1,nii.gz,4.939,"(256, 256, 256)",3.0,float32,"(1.0, 1.0, 1.0)",0.0,4510.0322,108.1479,3190793.0,,
/data/data/DA25S005/miccai_tbi/MultiTalentV2_finetuning/MICCAI_AIMS_TBI/scan_0116_bval.txt,scan_0116_bval.txt,0116,bval,txt,0.0,"(1, 33)",1.0,float64,,0.0,1000.0,,,,
/data/data/DA25S005/miccai_tbi/MultiTalentV2_finetuning/MICCAI_AIMS_TBI/scan_0116_bvec.txt,scan_0116_bvec.txt,0116,bvec,txt,0.002,"(3, 33)",2.0,float64,,-1.0,1.0,,,,
/data/data/DA25S005/miccai_tbi/MultiTalentV2_finetuning/MICCAI_AIMS_TBI/scan_0116_dMRI.nii.gz,scan_0116_dMRI.nii.gz,0116,dMRI,nii.gz,17.607,"(128, 128, 70, 33)",4.0,float32,"(1.75, 1.75, 2.0)",0.0,8729.8301,66.0769,17481597.0,33.0,
/data/data/DA25S005/miccai_tbi/MultiTalentV2_finetuning/MICCAI_AIMS_TBI/scan_0118_Lesion.nii.gz,scan_0118_Lesion.nii.gz,0118,Lesion,nii.gz,0.033,"(256, 256, 256)",3.0,float32,"(1.0, 1.0, 1.0)",0.0,0.0,0.0,0.0,,
/data/data/DA25S005/miccai_tbi/MultiTalentV2_finetuning/MICCAI_AIMS_TBI/scan_0118_T1.nii.gz,scan_0118_T1.nii.gz,0118,T1,nii.gz,36.122,"(256, 256, 256)",3.0,float32,"(1.0, 1.0, 1.0)",0.0,21941.5,483.8979,10127669.0,,
/data/data/DA25S005/miccai_tbi/MultiTalentV2_finetuning/MICCAI_AIMS_TBI/scan_0120_Lesion.nii.gz,scan_0120_Lesion.nii.gz,0120,Lesion,nii.gz,0.033,"(256, 256, 256)",3.0,float32,"(1.0, 1.0, 1.0)",0.0,0.0,0.0,0.0,,
/data/data/DA25S005/miccai_tbi/MultiTalentV2_finetuning/MICCAI_AIMS_TBI/scan_0120_T1.nii.gz,scan_0120_T1.nii.gz,0120,T1,nii.gz,22.555,"(256, 256, 256)",3.0,float32,"(1.0, 1.0, 1.0)",0.0,860.7273,43.5901,7563035.0,,
/data/data/DA25S005/miccai_tbi/MultiTalentV2_finetuning/MICCAI_AIMS_TBI/scan_0120_bval.txt,scan_0120_bval.txt,0120,bval,txt,0.0,"(1, 65)",1.0,float64,,0.0,1000.0,,,,
/data/data/DA25S005/miccai_tbi/MultiTalentV2_finetuning/MICCAI_AIMS_TBI/scan_0120_bvec.txt,scan_0120_bvec.txt,0120,bvec,txt,0.004,"(3, 65)",2.0,float64,,-0.9849,1.0,,,,
/data/data/DA25S005/miccai_tbi/MultiTalentV2_finetuning/MICCAI_AIMS_TBI/scan_0120_dMRI.nii.gz,scan_0120_dMRI.nii.gz,0120,dMRI,nii.gz,36.691,"(96, 96, 60, 65)",4.0,float32,"(2.208, 2.208, 2.42)",0.0,3682.0,41.746,35412141.0,65.0,
/data/data/DA25S005/miccai_tbi/MultiTalentV2_finetuning/MICCAI_AIMS_TBI/scan_0122_Lesion.nii.gz,scan_0122_Lesion.nii.gz,0122,Lesion,nii.gz,0.033,"(256, 256, 256)",3.0,float32,"(1.0, 1.0, 1.0)",0.0,0.0,0.0,0.0,,
/data/data/DA25S005/miccai_tbi/MultiTalentV2_finetuning/MICCAI_AIMS_TBI/scan_0122_T1.nii.gz,scan_0122_T1.nii.gz,0122,T1,nii.gz,34.909,"(256, 256, 256)",3.0,float32,"(1.0, 1.0, 1.0)",0.0,7904.5142,442.9028,9794668.0,,
/data/data/DA25S005/miccai_tbi/MultiTalentV2_finetuning/MICCAI_AIMS_TBI/scan_0125_Lesion.nii.gz,scan_0125_Lesion.nii.gz,0125,Lesion,nii.gz,0.034,"(256, 256, 256)",3.0,float32,"(1.0, 1.0, 1.0)",0.0,1.0,0.0002,3654.0,,
/data/data/DA25S005/miccai_tbi/MultiTalentV2_finetuning/MICCAI_AIMS_TBI/scan_0125_T1.nii.gz,scan_0125_T1.nii.gz,0125,T1,nii.gz,6.054,"(256, 256, 256)",3.0,float32,"(1.0, 1.0, 1.0)",0.0,4604.6475,163.1672,4280836.0,,
/data/data/DA25S005/miccai_tbi/MultiTalentV2_finetuning/MICCAI_AIMS_TBI/scan_0125_bval.txt,scan_0125_bval.txt,0125,bval,txt,0.0,"(1, 33)",1.0,float64,,0.0,1000.0,,,,
/data/data/DA25S005/miccai_tbi/MultiTalentV2_finetuning/MICCAI_AIMS_TBI/scan_0125_bvec.txt,scan_0125_bvec.txt,0125,bvec,txt,0.002,"(3, 33)",2.0,float64,,-0.7071,0.7071,,,,
/data/data/DA25S005/miccai_tbi/MultiTalentV2_finetuning/MICCAI_AIMS_TBI/scan_0125_dMRI.nii.gz,scan_0125_dMRI.nii.gz,0125,dMRI,nii.gz,7.809,"(96, 96, 65, 33)",4.0,float32,"(2.5, 2.5, 2.5)",0.0,5163.9648,48.3175,8008320.0,33.0,
/data/data/DA25S005/miccai_tbi/MultiTalentV2_finetuning/MICCAI_AIMS_TBI/scan_0129_Lesion.nii.gz,scan_0129_Lesion.nii.gz,0129,Lesion,nii.gz,0.033,"(256, 256, 256)",3.0,float32,"(1.0, 1.0, 1.0)",0.0,1.0,0.0,91.0,,
/data/data/DA25S005/miccai_tbi/MultiTalentV2_finetuning/MICCAI_AIMS_TBI/scan_0129_T1.nii.gz,scan_0129_T1.nii.gz,0129,T1,nii.gz,9.526,"(256, 256, 256)",3.0,float32,"(1.0, 1.0, 1.0)",0.0,1036.0,57.1192,5615988.0,,
/data/data/DA25S005/miccai_tbi/MultiTalentV2_finetuning/MICCAI_AIMS_TBI/scan_0130_Lesion.nii.gz,scan_0130_Lesion.nii.gz,0130,Lesion,nii.gz,0.033,"(256, 256, 256)",3.0,float32,"(1.0, 1.0, 1.0)",0.0,1.0,0.0,826.0,,
/data/data/DA25S005/miccai_tbi/MultiTalentV2_finetuning/MICCAI_AIMS_TBI/scan_0130_T1.nii.gz,scan_0130_T1.nii.gz,0130,T1,nii.gz,39.695,"(256, 256, 256)",3.0,float32,"(1.0, 1.0, 1.0)",0.0,685.3656,36.993,10998752.0,,
/data/data/DA25S005/miccai_tbi/MultiTalentV2_finetuning/MICCAI_AIMS_TBI/scan_0130_bval.txt,scan_0130_bval.txt,0130,bval,txt,0.0,"(1, 65)",1.0,float64,,0.0,1000.0,,,,
/data/data/DA25S005/miccai_tbi/MultiTalentV2_finetuning/MICCAI_AIMS_TBI/scan_0130_bvec.txt,scan_0130_bvec.txt,0130,bvec,txt,0.003,"(65, 3)",2.0,float64,,-1.0,1.0,,,,
/data/data/DA25S005/miccai_tbi/MultiTalentV2_finetuning/MICCAI_AIMS_TBI/scan_0130_dMRI.nii.gz,scan_0130_dMRI.nii.gz,0130,dMRI,nii.gz,83.102,"(128, 128, 75, 65)",4.0,float32,"(2.0, 2.0, 2.0)",0.0,2908.0,55.6574,79249211.0,65.0,
/data/data/DA25S005/miccai_tbi/MultiTalentV2_finetuning/MICCAI_AIMS_TBI/scan_0131_Lesion.nii.gz,scan_0131_Lesion.nii.gz,0131,Lesion,nii.gz,0.033,"(256, 256, 256)",3.0,float32,"(1.0, 1.0, 1.0)",0.0,0.0,0.0,0.0,,
/data/data/DA25S005/miccai_tbi/MultiTalentV2_finetuning/MICCAI_AIMS_TBI/scan_0131_T1.nii.gz,scan_0131_T1.nii.gz,0131,T1,nii.gz,27.846,"(256, 256, 256)",3.0,float32,"(1.0, 1.0, 1.0)",0.0,6609.7803,296.1312,7877384.0,,
/data/data/DA25S005/miccai_tbi/MultiTalentV2_finetuning/MICCAI_AIMS_TBI/scan_0134_Lesion.nii.gz,scan_0134_Lesion.nii.gz,0134,Lesion,nii.gz,0.067,"(256, 256, 256)",3.0,float32,"(1.0, 1.0, 1.0)",0.0,2.0,0.0002,2823.0,,
/data/data/DA25S005/miccai_tbi/MultiTalentV2_finetuning/MICCAI_AIMS_TBI/scan_0134_T1.nii.gz,scan_0134_T1.nii.gz,0134,T1,nii.gz,7.985,"(256, 256, 256)",3.0,float32,"(1.0, 1.0, 1.0)",0.0,4663.5361,154.4406,4813334.0,,
/data/data/DA25S005/miccai_tbi/MultiTalentV2_finetuning/MICCAI_AIMS_TBI/scan_0134_bval.txt,scan_0134_bval.txt,0134,bval,txt,0.0,"(1, 33)",1.0,float64,,0.0,1000.0,,,,
/data/data/DA25S005/miccai_tbi/MultiTalentV2_finetuning/MICCAI_AIMS_TBI/scan_0134_bvec.txt,scan_0134_bvec.txt,0134,bvec,txt,0.002,"(3, 33)",2.0,float64,,-1.0,1.0,,,,
/data/data/DA25S005/miccai_tbi/MultiTalentV2_finetuning/MICCAI_AIMS_TBI/scan_0134_dMRI.nii.gz,scan_0134_dMRI.nii.gz,0134,dMRI,nii.gz,20.306,"(128, 128, 70, 33)",4.0,float32,"(1.75, 1.75, 2.0)",0.0,7917.7964,77.9061,20199158.0,33.0,
/data/data/DA25S005/miccai_tbi/MultiTalentV2_finetuning/MICCAI_AIMS_TBI/scan_0139_Lesion.nii.gz,scan_0139_Lesion.nii.gz,0139,Lesion,nii.gz,0.033,"(256, 256, 256)",3.0,float32,"(1.0, 1.0, 1.0)",0.0,0.0,0.0,0.0,,
/data/data/DA25S005/miccai_tbi/MultiTalentV2_finetuning/MICCAI_AIMS_TBI/scan_0139_T1.nii.gz,scan_0139_T1.nii.gz,0139,T1,nii.gz,22.959,"(256, 256, 256)",3.0,float32,"(1.0, 1.0, 1.0)",0.0,1080.0352,47.4464,6473569.0,,
/data/data/DA25S005/miccai_tbi/MultiTalentV2_finetuning/MICCAI_AIMS_TBI/scan_0140_Lesion.nii.gz,scan_0140_Lesion.nii.gz,0140,Lesion,nii.gz,0.033,"(256, 256, 256)",3.0,float32,"(1.0, 1.0, 1.0)",0.0,0.0,0.0,0.0,,
/data/data/DA25S005/miccai_tbi/MultiTalentV2_finetuning/MICCAI_AIMS_TBI/scan_0140_T1.nii.gz,scan_0140_T1.nii.gz,0140,T1,nii.gz,5.449,"(256, 256, 256)",3.0,float32,"(1.0, 1.0, 1.0)",0.0,1246871.875,29998.4531,3938040.0,,
/data/data/DA25S005/miccai_tbi/MultiTalentV2_finetuning/MICCAI_AIMS_TBI/scan_0140_bval.txt,scan_0140_bval.txt,0140,bval,txt,0.0,"(1, 33)",1.0,float64,,0.0,700.0,,,,
/data/data/DA25S005/miccai_tbi/MultiTalentV2_finetuning/MICCAI_AIMS_TBI/scan_0140_bvec.txt,scan_0140_bvec.txt,0140,bvec,txt,0.001,"(3, 33)",2.0,float64,,-1.0,1.0,,,,
/data/data/DA25S005/miccai_tbi/MultiTalentV2_finetuning/MICCAI_AIMS_TBI/scan_0140_dMRI.nii.gz,scan_0140_dMRI.nii.gz,0140,dMRI,nii.gz,72.926,"(256, 256, 70, 33)",4.0,float32,"(0.828, 0.828, 2.2)",0.0,135091.3906,1575.5293,84874221.0,33.0,
/data/data/DA25S005/miccai_tbi/MultiTalentV2_finetuning/MICCAI_AIMS_TBI/scan_0141_Lesion.nii.gz,scan_0141_Lesion.nii.gz,0141,Lesion,nii.gz,0.033,"(256, 256, 256)",3.0,float32,"(1.0, 1.0, 1.0)",0.0,0.0,0.0,0.0,,
/data/data/DA25S005/miccai_tbi/MultiTalentV2_finetuning/MICCAI_AIMS_TBI/scan_0141_T1.nii.gz,scan_0141_T1.nii.gz,0141,T1,nii.gz,4.956,"(256, 256, 256)",3.0,float32,"(1.0, 1.0, 1.0)",0.0,1293054.0,23652.9219,3649824.0,,
/data/data/DA25S005/miccai_tbi/MultiTalentV2_finetuning/MICCAI_AIMS_TBI/scan_0141_bval.txt,scan_0141_bval.txt,0141,bval,txt,0.0,"(1, 33)",1.0,float64,,0.0,700.0,,,,
/data/data/DA25S005/miccai_tbi/MultiTalentV2_finetuning/MICCAI_AIMS_TBI/scan_0141_bvec.txt,scan_0141_bvec.txt,0141,bvec,txt,0.001,"(3, 33)",2.0,float64,,-1.0,1.0,,,,
/data/data/DA25S005/miccai_tbi/MultiTalentV2_finetuning/MICCAI_AIMS_TBI/scan_0141_dMRI.nii.gz,scan_0141_dMRI.nii.gz,0141,dMRI,nii.gz,74.513,"(256, 256, 70, 33)",4.0,float32,"(0.828, 0.828, 2.2)",0.0,169052.9688,1857.4775,79680560.0,33.0,
/data/data/DA25S005/miccai_tbi/MultiTalentV2_finetuning/MICCAI_AIMS_TBI/scan_0142_Lesion.nii.gz,scan_0142_Lesion.nii.gz,0142,Lesion,nii.gz,0.033,"(256, 256, 256)",3.0,float32,"(1.0, 1.0, 1.0)",0.0,0.0,0.0,0.0,,
/data/data/DA25S005/miccai_tbi/MultiTalentV2_finetuning/MICCAI_AIMS_TBI/scan_0142_T1.nii.gz,scan_0142_T1.nii.gz,0142,T1,nii.gz,4.963,"(256, 256, 256)",3.0,float32,"(1.0, 1.0, 1.0)",0.0,1635115.875,26204.9453,3501273.0,,
/data/data/DA25S005/miccai_tbi/MultiTalentV2_finetuning/MICCAI_AIMS_TBI/scan_0144_Lesion.nii.gz,scan_0144_Lesion.nii.gz,0144,Lesion,nii.gz,0.035,"(256, 256, 256)",3.0,float32,"(1.0, 1.0, 1.0)",0.0,5.0,0.0003,3102.0,,
/data/data/DA25S005/miccai_tbi/MultiTalentV2_finetuning/MICCAI_AIMS_TBI/scan_0144_T1.nii.gz,scan_0144_T1.nii.gz,0144,T1,nii.gz,39.616,"(256, 256, 256)",3.0,float32,"(1.0, 1.0, 1.0)",0.0,1179.1038,38.5561,10999071.0,,
/data/data/DA25S005/miccai_tbi/MultiTalentV2_finetuning/MICCAI_AIMS_TBI/scan_0144_bval.txt,scan_0144_bval.txt,0144,bval,txt,0.0,"(1, 65)",1.0,float64,,0.0,1000.0,,,,
/data/data/DA25S005/miccai_tbi/MultiTalentV2_finetuning/MICCAI_AIMS_TBI/scan_0144_bvec.txt,scan_0144_bvec.txt,0144,bvec,txt,0.003,"(65, 3)",2.0,float64,,-1.0,1.0,,,,
/data/data/DA25S005/miccai_tbi/MultiTalentV2_finetuning/MICCAI_AIMS_TBI/scan_0144_dMRI.nii.gz,scan_0144_dMRI.nii.gz,0144,dMRI,nii.gz,81.975,"(128, 128, 75, 65)",4.0,float32,"(2.0, 2.0, 2.0)",0.0,2535.0,54.4044,79233022.0,65.0,
/data/data/DA25S005/miccai_tbi/MultiTalentV2_finetuning/MICCAI_AIMS_TBI/scan_0145_Lesion.nii.gz,scan_0145_Lesion.nii.gz,0145,Lesion,nii.gz,0.036,"(256, 256, 256)",3.0,float32,"(1.0, 1.0, 1.0)",0.0,1.0,0.0005,8447.0,,
/data/data/DA25S005/miccai_tbi/MultiTalentV2_finetuning/MICCAI_AIMS_TBI/scan_0145_T1.nii.gz,scan_0145_T1.nii.gz,0145,T1,nii.gz,20.868,"(256, 256, 256)",3.0,float32,"(1.0, 1.0, 1.0)",0.0,872.3183,34.9041,7204271.0,,
/data/data/DA25S005/miccai_tbi/MultiTalentV2_finetuning/MICCAI_AIMS_TBI/scan_0146_Lesion.nii.gz,scan_0146_Lesion.nii.gz,0146,Lesion,nii.gz,0.034,"(256, 256, 256)",3.0,float32,"(1.0, 1.0, 1.0)",0.0,5.0,0.0002,2544.0,,
/data/data/DA25S005/miccai_tbi/MultiTalentV2_finetuning/MICCAI_AIMS_TBI/scan_0146_T1.nii.gz,scan_0146_T1.nii.gz,0146,T1,nii.gz,39.727,"(256, 256, 256)",3.0,float32,"(1.0, 1.0, 1.0)",0.0,545.8995,31.5236,10996492.0,,
/data/data/DA25S005/miccai_tbi/MultiTalentV2_finetuning/MICCAI_AIMS_TBI/scan_0146_bval.txt,scan_0146_bval.txt,0146,bval,txt,0.0,"(1, 65)",1.0,float64,,0.0,1000.0,,,,
/data/data/DA25S005/miccai_tbi/MultiTalentV2_finetuning/MICCAI_AIMS_TBI/scan_0146_bvec.txt,scan_0146_bvec.txt,0146,bvec,txt,0.003,"(65, 3)",2.0,float64,,-1.0,1.0,,,,
/data/data/DA25S005/miccai_tbi/MultiTalentV2_finetuning/MICCAI_AIMS_TBI/scan_0146_dMRI.nii.gz,scan_0146_dMRI.nii.gz,0146,dMRI,nii.gz,80.184,"(128, 128, 75, 65)",4.0,float32,"(2.0, 2.0, 2.0)",0.0,1776.0,49.1591,79257067.0,65.0,
/data/data/DA25S005/miccai_tbi/MultiTalentV2_finetuning/MICCAI_AIMS_TBI/scan_0147_Lesion.nii.gz,scan_0147_Lesion.nii.gz,0147,Lesion,nii.gz,0.023,"(256, 256, 176)",3.0,float32,"(0.977, 0.977, 1.0)",0.0,0.0,0.0,0.0,,
/data/data/DA25S005/miccai_tbi/MultiTalentV2_finetuning/MICCAI_AIMS_TBI/scan_0147_T1.nii.gz,scan_0147_T1.nii.gz,0147,T1,nii.gz,11.348,"(256, 256, 176)",3.0,float32,"(0.977, 0.977, 1.0)",0.0,1224.0,64.2576,11366437.0,,
/data/data/DA25S005/miccai_tbi/MultiTalentV2_finetuning/MICCAI_AIMS_TBI/scan_0147_bval.txt,scan_0147_bval.txt,0147,bval,txt,0.0,"(1, 65)",1.0,float64,,0.0,1000.0,,,,
/data/data/DA25S005/miccai_tbi/MultiTalentV2_finetuning/MICCAI_AIMS_TBI/scan_0147_bvec.txt,scan_0147_bvec.txt,0147,bvec,txt,0.003,"(65, 3)",2.0,float64,,-0.9641,1.0,,,,
/data/data/DA25S005/miccai_tbi/MultiTalentV2_finetuning/MICCAI_AIMS_TBI/scan_0147_dMRI.nii.gz,scan_0147_dMRI.nii.gz,0147,dMRI,nii.gz,89.738,"(128, 128, 75, 65)",4.0,float32,"(2.0, 2.0, 2.0)",0.0,2227.0,72.7213,79256952.0,65.0,
/data/data/DA25S005/miccai_tbi/MultiTalentV2_finetuning/MICCAI_AIMS_TBI/scan_0148_Lesion.nii.gz,scan_0148_Lesion.nii.gz,0148,Lesion,nii.gz,0.033,"(256, 256, 256)",3.0,float32,"(1.0, 1.0, 1.0)",0.0,0.0,0.0,0.0,,
/data/data/DA25S005/miccai_tbi/MultiTalentV2_finetuning/MICCAI_AIMS_TBI/scan_0148_T1.nii.gz,scan_0148_T1.nii.gz,0148,T1,nii.gz,31.748,"(256, 256, 256)",3.0,float32,"(1.0, 1.0, 1.0)",0.0,6848.9424,401.7277,8938108.0,,
/data/data/DA25S005/miccai_tbi/MultiTalentV2_finetuning/MICCAI_AIMS_TBI/scan_0149_Lesion.nii.gz,scan_0149_Lesion.nii.gz,0149,Lesion,nii.gz,0.033,"(256, 256, 256)",3.0,float32,"(1.0, 1.0, 1.0)",0.0,0.0,0.0,0.0,,
/data/data/DA25S005/miccai_tbi/MultiTalentV2_finetuning/MICCAI_AIMS_TBI/scan_0149_T1.nii.gz,scan_0149_T1.nii.gz,0149,T1,nii.gz,28.429,"(256, 256, 256)",3.0,float32,"(1.0, 1.0, 1.0)",0.0,7133.9355,331.1894,7987998.0,,
/data/data/DA25S005/miccai_tbi/MultiTalentV2_finetuning/MICCAI_AIMS_TBI/scan_0150_Lesion.nii.gz,scan_0150_Lesion.nii.gz,0150,Lesion,nii.gz,0.034,"(256, 256, 256)",3.0,float32,"(1.0, 1.0, 1.0)",0.0,1.0,0.0003,4394.0,,
/data/data/DA25S005/miccai_tbi/MultiTalentV2_finetuning/MICCAI_AIMS_TBI/scan_0150_T1.nii.gz,scan_0150_T1.nii.gz,0150,T1,nii.gz,10.213,"(256, 256, 256)",3.0,float32,"(1.0, 1.0, 1.0)",0.0,2462.9011,152.1721,6879633.0,,
/data/data/DA25S005/miccai_tbi/MultiTalentV2_finetuning/MICCAI_AIMS_TBI/scan_0150_bval.txt,scan_0150_bval.txt,0150,bval,txt,0.0,"(1, 16)",1.0,float64,,0.0,860.0,,,,
/data/data/DA25S005/miccai_tbi/MultiTalentV2_finetuning/MICCAI_AIMS_TBI/scan_0150_bvec.txt,scan_0150_bvec.txt,0150,bvec,txt,0.001,"(3, 16)",2.0,float64,,-1.0,1.0,,,,
/data/data/DA25S005/miccai_tbi/MultiTalentV2_finetuning/MICCAI_AIMS_TBI/scan_0150_dMRI.nii.gz,scan_0150_dMRI.nii.gz,0150,dMRI,nii.gz,11.272,"(128, 128, 52, 16)",4.0,float32,"(2.0, 2.0, 2.7)",0.0,3538.2856,62.6479,12452610.0,16.0,
/data/data/DA25S005/miccai_tbi/MultiTalentV2_finetuning/MICCAI_AIMS_TBI/scan_0152_Lesion.nii.gz,scan_0152_Lesion.nii.gz,0152,Lesion,nii.gz,0.041,"(256, 256, 256)",3.0,float32,"(1.0, 1.0, 1.0)",0.0,5.0,0.0025,39958.0,,
/data/data/DA25S005/miccai_tbi/MultiTalentV2_finetuning/MICCAI_AIMS_TBI/scan_0152_T1.nii.gz,scan_0152_T1.nii.gz,0152,T1,nii.gz,18.068,"(256, 256, 256)",3.0,float32,"(1.0, 1.0, 1.0)",0.0,1038.6362,44.1404,5884509.0,,
/data/data/DA25S005/miccai_tbi/MultiTalentV2_finetuning/MICCAI_AIMS_TBI/scan_0153_Lesion.nii.gz,scan_0153_Lesion.nii.gz,0153,Lesion,nii.gz,0.033,"(256, 256, 256)",3.0,float32,"(1.0, 1.0, 1.0)",0.0,0.0,0.0,0.0,,
/data/data/DA25S005/miccai_tbi/MultiTalentV2_finetuning/MICCAI_AIMS_TBI/scan_0153_T1.nii.gz,scan_0153_T1.nii.gz,0153,T1,nii.gz,15.158,"(256, 256, 256)",3.0,float32,"(1.0, 1.0, 1.0)",0.0,1038.0,58.3214,11444400.0,,
/data/data/DA25S005/miccai_tbi/MultiTalentV2_finetuning/MICCAI_AIMS_TBI/scan_0156_Lesion.nii.gz,scan_0156_Lesion.nii.gz,0156,Lesion,nii.gz,0.033,"(256, 256, 256)",3.0,float32,"(1.0, 1.0, 1.0)",0.0,1.0,0.0001,999.0,,
/data/data/DA25S005/miccai_tbi/MultiTalentV2_finetuning/MICCAI_AIMS_TBI/scan_0156_T1.nii.gz,scan_0156_T1.nii.gz,0156,T1,nii.gz,18.578,"(256, 256, 256)",3.0,float32,"(1.0, 1.0, 1.0)",0.0,805.182,33.6045,6341411.0,,
/data/data/DA25S005/miccai_tbi/MultiTalentV2_finetuning/MICCAI_AIMS_TBI/scan_0157_Lesion.nii.gz,scan_0157_Lesion.nii.gz,0157,Lesion,nii.gz,0.034,"(256, 256, 256)",3.0,float32,"(1.0, 1.0, 1.0)",0.0,1.0,0.0001,1906.0,,
/data/data/DA25S005/miccai_tbi/MultiTalentV2_finetuning/MICCAI_AIMS_TBI/scan_0157_T1.nii.gz,scan_0157_T1.nii.gz,0157,T1,nii.gz,21.397,"(256, 256, 256)",3.0,float32,"(1.0, 1.0, 1.0)",0.0,1149.73,49.2422,5954336.0,,
/data/data/DA25S005/miccai_tbi/MultiTalentV2_finetuning/MICCAI_AIMS_TBI/scan_0158_Lesion.nii.gz,scan_0158_Lesion.nii.gz,0158,Lesion,nii.gz,0.026,"(256, 200, 256)",3.0,float32,"(1.0, 1.0, 1.0)",0.0,0.0,0.0,0.0,,
/data/data/DA25S005/miccai_tbi/MultiTalentV2_finetuning/MICCAI_AIMS_TBI/scan_0158_T1.nii.gz,scan_0158_T1.nii.gz,0158,T1,nii.gz,9.07,"(256, 200, 256)",3.0,float32,"(1.0, 1.0, 1.0)",0.0,3244370.5,152219.7344,5817836.0,,
/data/data/DA25S005/miccai_tbi/MultiTalentV2_finetuning/MICCAI_AIMS_TBI/scan_0158_bval.txt,scan_0158_bval.txt,0158,bval,txt,0.0,"(1, 33)",1.0,float64,,0.0,700.0,,,,
/data/data/DA25S005/miccai_tbi/MultiTalentV2_finetuning/MICCAI_AIMS_TBI/scan_0158_bvec.txt,scan_0158_bvec.txt,0158,bvec,txt,0.001,"(3, 33)",2.0,float64,,-1.0,1.0,,,,
/data/data/DA25S005/miccai_tbi/MultiTalentV2_finetuning/MICCAI_AIMS_TBI/scan_0158_dMRI.nii.gz,scan_0158_dMRI.nii.gz,0158,dMRI,nii.gz,85.848,"(256, 256, 60, 33)",4.0,float32,"(0.828, 0.828, 2.2)",0.0,403167.9062,5419.7393,80291628.0,33.0,
/data/data/DA25S005/miccai_tbi/MultiTalentV2_finetuning/MICCAI_AIMS_TBI/scan_0159_Lesion.nii.gz,scan_0159_Lesion.nii.gz,0159,Lesion,nii.gz,0.04,"(256, 256, 256)",3.0,float32,"(1.0, 1.0, 1.0)",0.0,1.0,0.0017,28906.0,,
/data/data/DA25S005/miccai_tbi/MultiTalentV2_finetuning/MICCAI_AIMS_TBI/scan_0159_T1.nii.gz,scan_0159_T1.nii.gz,0159,T1,nii.gz,17.868,"(256, 256, 256)",3.0,float32,"(1.0, 1.0, 1.0)",0.0,823.1364,35.4026,6018167.0,,
/data/data/DA25S005/miccai_tbi/MultiTalentV2_finetuning/MICCAI_AIMS_TBI/scan_0160_Lesion.nii.gz,scan_0160_Lesion.nii.gz,0160,Lesion,nii.gz,0.037,"(256, 256, 256)",3.0,float32,"(1.0, 1.0, 1.0)",0.0,5.0,0.001,15452.0,,
/data/data/DA25S005/miccai_tbi/MultiTalentV2_finetuning/MICCAI_AIMS_TBI/scan_0160_T1.nii.gz,scan_0160_T1.nii.gz,0160,T1,nii.gz,10.524,"(256, 256, 256)",3.0,float32,"(1.0, 1.0, 1.0)",0.0,941.0,27.2719,11206758.0,,
/data/data/DA25S005/miccai_tbi/MultiTalentV2_finetuning/MICCAI_AIMS_TBI/scan_0163_Lesion.nii.gz,scan_0163_Lesion.nii.gz,0163,Lesion,nii.gz,0.069,"(256, 256, 256)",3.0,float32,"(1.0, 1.0, 1.0)",0.0,5.0,0.0007,9781.0,,
/data/data/DA25S005/miccai_tbi/MultiTalentV2_finetuning/MICCAI_AIMS_TBI/scan_0163_T1.nii.gz,scan_0163_T1.nii.gz,0163,T1,nii.gz,39.653,"(256, 256, 256)",3.0,float32,"(1.0, 1.0, 1.0)",0.0,1326.0193,41.1125,10999910.0,,
/data/data/DA25S005/miccai_tbi/MultiTalentV2_finetuning/MICCAI_AIMS_TBI/scan_0163_bval.txt,scan_0163_bval.txt,0163,bval,txt,0.0,"(1, 65)",1.0,float64,,0.0,1000.0,,,,
/data/data/DA25S005/miccai_tbi/MultiTalentV2_finetuning/MICCAI_AIMS_TBI/scan_0163_bvec.txt,scan_0163_bvec.txt,0163,bvec,txt,0.003,"(65, 3)",2.0,float64,,-0.9641,1.0,,,,
/data/data/DA25S005/miccai_tbi/MultiTalentV2_finetuning/MICCAI_AIMS_TBI/scan_0163_dMRI.nii.gz,scan_0163_dMRI.nii.gz,0163,dMRI,nii.gz,83.056,"(128, 128, 75, 65)",4.0,float32,"(2.0, 2.0, 2.0)",0.0,2694.0,54.8242,79256417.0,65.0,
/data/data/DA25S005/miccai_tbi/MultiTalentV2_finetuning/MICCAI_AIMS_TBI/scan_0164_Lesion.nii.gz,scan_0164_Lesion.nii.gz,0164,Lesion,nii.gz,0.033,"(256, 256, 256)",3.0,float32,"(1.0, 1.0, 1.0)",0.0,0.0,0.0,0.0,,
/data/data/DA25S005/miccai_tbi/MultiTalentV2_finetuning/MICCAI_AIMS_TBI/scan_0164_T1.nii.gz,scan_0164_T1.nii.gz,0164,T1,nii.gz,9.336,"(256, 256, 256)",3.0,float32,"(1.0, 1.0, 1.0)",0.0,2443.6602,110.8731,6864856.0,,
/data/data/DA25S005/miccai_tbi/MultiTalentV2_finetuning/MICCAI_AIMS_TBI/scan_0164_bval.txt,scan_0164_bval.txt,0164,bval,txt,0.0,"(1, 16)",1.0,float64,,0.0,860.0,,,,
/data/data/DA25S005/miccai_tbi/MultiTalentV2_finetuning/MICCAI_AIMS_TBI/scan_0164_bvec.txt,scan_0164_bvec.txt,0164,bvec,txt,0.001,"(3, 16)",2.0,float64,,-1.0,1.0,,,,
/data/data/DA25S005/miccai_tbi/MultiTalentV2_finetuning/MICCAI_AIMS_TBI/scan_0164_dMRI.nii.gz,scan_0164_dMRI.nii.gz,0164,dMRI,nii.gz,11.943,"(128, 128, 55, 16)",4.0,float32,"(2.0, 2.0, 2.7)",0.0,4526.7056,73.2933,13150134.0,16.0,
/data/data/DA25S005/miccai_tbi/MultiTalentV2_finetuning/MICCAI_AIMS_TBI/scan_0167_Lesion.nii.gz,scan_0167_Lesion.nii.gz,0167,Lesion,nii.gz,0.036,"(256, 256, 256)",3.0,float32,"(1.0, 1.0, 1.0)",0.0,1.0,0.0005,7861.0,,
/data/data/DA25S005/miccai_tbi/MultiTalentV2_finetuning/MICCAI_AIMS_TBI/scan_0167_T1.nii.gz,scan_0167_T1.nii.gz,0167,T1,nii.gz,11.444,"(256, 256, 256)",3.0,float32,"(1.0, 1.0, 1.0)",0.0,2059.0,71.9409,7370954.0,,
/data/data/DA25S005/miccai_tbi/MultiTalentV2_finetuning/MICCAI_AIMS_TBI/scan_0169_Lesion.nii.gz,scan_0169_Lesion.nii.gz,0169,Lesion,nii.gz,0.149,"(256, 256, 256)",3.0,float32,"(1.0, 1.0, 1.0)",0.0,1.0,0.0001,2022.0,,
/data/data/DA25S005/miccai_tbi/MultiTalentV2_finetuning/MICCAI_AIMS_TBI/scan_0169_T1.nii.gz,scan_0169_T1.nii.gz,0169,T1,nii.gz,10.695,"(256, 256, 256)",3.0,float32,"(1.0, 1.0, 1.0)",0.0,1142.0,59.83,6327150.0,,
/data/data/DA25S005/miccai_tbi/MultiTalentV2_finetuning/MICCAI_AIMS_TBI/scan_0171_Lesion.nii.gz,scan_0171_Lesion.nii.gz,0171,Lesion,nii.gz,0.033,"(256, 256, 256)",3.0,float32,"(1.0, 1.0, 1.0)",0.0,0.0,0.0,0.0,,
/data/data/DA25S005/miccai_tbi/MultiTalentV2_finetuning/MICCAI_AIMS_TBI/scan_0171_T1.nii.gz,scan_0171_T1.nii.gz,0171,T1,nii.gz,4.906,"(256, 256, 256)",3.0,float32,"(1.0, 1.0, 1.0)",0.0,1878083.875,27198.2578,3504927.0,,
/data/data/DA25S005/miccai_tbi/MultiTalentV2_finetuning/MICCAI_AIMS_TBI/scan_0171_bval.txt,scan_0171_bval.txt,0171,bval,txt,0.0,"(1, 33)",1.0,float64,,0.0,700.0,,,,
/data/data/DA25S005/miccai_tbi/MultiTalentV2_finetuning/MICCAI_AIMS_TBI/scan_0171_bvec.txt,scan_0171_bvec.txt,0171,bvec,txt,0.001,"(3, 33)",2.0,float64,,-1.0,1.0,,,,
/data/data/DA25S005/miccai_tbi/MultiTalentV2_finetuning/MICCAI_AIMS_TBI/scan_0171_dMRI.nii.gz,scan_0171_dMRI.nii.gz,0171,dMRI,nii.gz,72.478,"(256, 256, 70, 33)",4.0,float32,"(0.828, 0.828, 2.2)",0.0,186295.9688,2244.6726,74351063.0,33.0,
/data/data/DA25S005/miccai_tbi/MultiTalentV2_finetuning/MICCAI_AIMS_TBI/scan_0173_Lesion.nii.gz,scan_0173_Lesion.nii.gz,0173,Lesion,nii.gz,0.037,"(256, 256, 256)",3.0,float32,"(1.0, 1.0, 1.0)",0.0,1.0,0.0008,13083.0,,
/data/data/DA25S005/miccai_tbi/MultiTalentV2_finetuning/MICCAI_AIMS_TBI/scan_0173_T1.nii.gz,scan_0173_T1.nii.gz,0173,T1,nii.gz,9.735,"(256, 256, 256)",3.0,float32,"(1.0, 1.0, 1.0)",0.0,2439.5442,122.4793,7277130.0,,
/data/data/DA25S005/miccai_tbi/MultiTalentV2_finetuning/MICCAI_AIMS_TBI/scan_0178_Lesion.nii.gz,scan_0178_Lesion.nii.gz,0178,Lesion,nii.gz,0.068,"(256, 256, 256)",3.0,float32,"(1.0, 1.0, 1.0)",0.0,5.0,0.0006,3726.0,,
/data/data/DA25S005/miccai_tbi/MultiTalentV2_finetuning/MICCAI_AIMS_TBI/scan_0178_T1.nii.gz,scan_0178_T1.nii.gz,0178,T1,nii.gz,13.259,"(256, 256, 256)",3.0,float32,"(1.0, 1.0, 1.0)",0.0,642.0,44.4116,11191695.0,,
/data/data/DA25S005/miccai_tbi/MultiTalentV2_finetuning/MICCAI_AIMS_TBI/scan_0179_Lesion.nii.gz,scan_0179_Lesion.nii.gz,0179,Lesion,nii.gz,0.033,"(256, 256, 256)",3.0,float32,"(1.0, 1.0, 1.0)",0.0,1.0,0.0,31.0,,
/data/data/DA25S005/miccai_tbi/MultiTalentV2_finetuning/MICCAI_AIMS_TBI/scan_0179_T1.nii.gz,scan_0179_T1.nii.gz,0179,T1,nii.gz,39.692,"(256, 256, 256)",3.0,float32,"(1.0, 1.0, 1.0)",0.0,1246.5004,40.1879,10998701.0,,
/data/data/DA25S005/miccai_tbi/MultiTalentV2_finetuning/MICCAI_AIMS_TBI/scan_0179_bval.txt,scan_0179_bval.txt,0179,bval,txt,0.0,"(1, 65)",1.0,float64,,0.0,1000.0,,,,
/data/data/DA25S005/miccai_tbi/MultiTalentV2_finetuning/MICCAI_AIMS_TBI/scan_0179_bvec.txt,scan_0179_bvec.txt,0179,bvec,txt,0.003,"(65, 3)",2.0,float64,,-1.0,1.0,,,,
/data/data/DA25S005/miccai_tbi/MultiTalentV2_finetuning/MICCAI_AIMS_TBI/scan_0179_dMRI.nii.gz,scan_0179_dMRI.nii.gz,0179,dMRI,nii.gz,78.845,"(128, 128, 75, 65)",4.0,float32,"(2.0, 2.0, 2.0)",0.0,1812.0,46.4622,79200578.0,65.0,
/data/data/DA25S005/miccai_tbi/MultiTalentV2_finetuning/MICCAI_AIMS_TBI/scan_0180_Lesion.nii.gz,scan_0180_Lesion.nii.gz,0180,Lesion,nii.gz,0.033,"(256, 256, 256)",3.0,float32,"(1.0, 1.0, 1.0)",0.0,1.0,0.0,61.0,,
/data/data/DA25S005/miccai_tbi/MultiTalentV2_finetuning/MICCAI_AIMS_TBI/scan_0180_T1.nii.gz,scan_0180_T1.nii.gz,0180,T1,nii.gz,34.703,"(256, 256, 256)",3.0,float32,"(1.0, 1.0, 1.0)",0.0,9460.8818,424.5447,9797492.0,,
/data/data/DA25S005/miccai_tbi/MultiTalentV2_finetuning/MICCAI_AIMS_TBI/scan_0181_Lesion.nii.gz,scan_0181_Lesion.nii.gz,0181,Lesion,nii.gz,0.033,"(256, 256, 256)",3.0,float32,"(1.0, 1.0, 1.0)",0.0,0.0,0.0,0.0,,
/data/data/DA25S005/miccai_tbi/MultiTalentV2_finetuning/MICCAI_AIMS_TBI/scan_0181_T1.nii.gz,scan_0181_T1.nii.gz,0181,T1,nii.gz,12.899,"(256, 256, 256)",3.0,float32,"(1.0, 1.0, 1.0)",0.0,887.0,44.8447,11351822.0,,
/data/data/DA25S005/miccai_tbi/MultiTalentV2_finetuning/MICCAI_AIMS_TBI/scan_0182_Lesion.nii.gz,scan_0182_Lesion.nii.gz,0182,Lesion,nii.gz,0.033,"(256, 256, 256)",3.0,float32,"(1.0, 1.0, 1.0)",0.0,5.0,0.0001,581.0,,
/data/data/DA25S005/miccai_tbi/MultiTalentV2_finetuning/MICCAI_AIMS_TBI/scan_0182_T1.nii.gz,scan_0182_T1.nii.gz,0182,T1,nii.gz,8.977,"(256, 256, 256)",3.0,float32,"(1.0, 1.0, 1.0)",0.0,2975879.0,79028.6328,5900865.0,,
/data/data/DA25S005/miccai_tbi/MultiTalentV2_finetuning/MICCAI_AIMS_TBI/scan_0182_bval.txt,scan_0182_bval.txt,0182,bval,txt,0.0,"(1, 33)",1.0,float64,,0.0,700.0,,,,
/data/data/DA25S005/miccai_tbi/MultiTalentV2_finetuning/MICCAI_AIMS_TBI/scan_0182_bvec.txt,scan_0182_bvec.txt,0182,bvec,txt,0.001,"(3, 33)",2.0,float64,,-1.0,1.0,,,,
/data/data/DA25S005/miccai_tbi/MultiTalentV2_finetuning/MICCAI_AIMS_TBI/scan_0182_dMRI.nii.gz,scan_0182_dMRI.nii.gz,0182,dMRI,nii.gz,91.175,"(256, 256, 60, 33)",4.0,float32,"(0.828, 0.828, 2.2)",0.0,502804.6875,4271.2822,96109071.0,33.0,
/data/data/DA25S005/miccai_tbi/MultiTalentV2_finetuning/MICCAI_AIMS_TBI/scan_0185_Lesion.nii.gz,scan_0185_Lesion.nii.gz,0185,Lesion,nii.gz,0.069,"(256, 256, 256)",3.0,float32,"(1.0, 1.0, 1.0)",0.0,5.0,0.0009,7212.0,,
/data/data/DA25S005/miccai_tbi/MultiTalentV2_finetuning/MICCAI_AIMS_TBI/scan_0185_T1.nii.gz,scan_0185_T1.nii.gz,0185,T1,nii.gz,39.713,"(256, 256, 256)",3.0,float32,"(1.0, 1.0, 1.0)",0.0,974.0131,42.148,10999367.0,,
/data/data/DA25S005/miccai_tbi/MultiTalentV2_finetuning/MICCAI_AIMS_TBI/scan_0185_bval.txt,scan_0185_bval.txt,0185,bval,txt,0.0,"(1, 65)",1.0,float64,,0.0,1000.0,,,,
/data/data/DA25S005/miccai_tbi/MultiTalentV2_finetuning/MICCAI_AIMS_TBI/scan_0185_bvec.txt,scan_0185_bvec.txt,0185,bvec,txt,0.003,"(65, 3)",2.0,float64,,-1.0,1.0,,,,
/data/data/DA25S005/miccai_tbi/MultiTalentV2_finetuning/MICCAI_AIMS_TBI/scan_0185_dMRI.nii.gz,scan_0185_dMRI.nii.gz,0185,dMRI,nii.gz,82.436,"(128, 128, 75, 65)",4.0,float32,"(2.0, 2.0, 2.0)",0.0,2597.0,54.2786,79257399.0,65.0,
/data/data/DA25S005/miccai_tbi/MultiTalentV2_finetuning/MICCAI_AIMS_TBI/scan_0189_Lesion.nii.gz,scan_0189_Lesion.nii.gz,0189,Lesion,nii.gz,0.033,"(256, 256, 256)",3.0,float32,"(1.0, 1.0, 1.0)",0.0,0.0,0.0,0.0,,
/data/data/DA25S005/miccai_tbi/MultiTalentV2_finetuning/MICCAI_AIMS_TBI/scan_0189_T1.nii.gz,scan_0189_T1.nii.gz,0189,T1,nii.gz,14.033,"(256, 256, 256)",3.0,float32,"(1.0, 1.0, 1.0)",0.0,1204.0,50.3609,11444393.0,,
/data/data/DA25S005/miccai_tbi/MultiTalentV2_finetuning/MICCAI_AIMS_TBI/scan_0193_Lesion.nii.gz,scan_0193_Lesion.nii.gz,0193,Lesion,nii.gz,0.033,"(256, 256, 256)",3.0,float32,"(1.0, 1.0, 1.0)",0.0,0.0,0.0,0.0,,
/data/data/DA25S005/miccai_tbi/MultiTalentV2_finetuning/MICCAI_AIMS_TBI/scan_0193_T1.nii.gz,scan_0193_T1.nii.gz,0193,T1,nii.gz,29.435,"(256, 256, 256)",3.0,float32,"(1.0, 1.0, 1.0)",0.0,6865.0693,401.7917,8289867.0,,
/data/data/DA25S005/miccai_tbi/MultiTalentV2_finetuning/MICCAI_AIMS_TBI/scan_0194_Lesion.nii.gz,scan_0194_Lesion.nii.gz,0194,Lesion,nii.gz,0.068,"(256, 256, 256)",3.0,float32,"(1.0, 1.0, 1.0)",0.0,5.0,0.0013,4256.0,,
/data/data/DA25S005/miccai_tbi/MultiTalentV2_finetuning/MICCAI_AIMS_TBI/scan_0194_T1.nii.gz,scan_0194_T1.nii.gz,0194,T1,nii.gz,39.753,"(256, 256, 256)",3.0,float32,"(1.0, 1.0, 1.0)",0.0,1806.7788,48.1024,10999886.0,,
/data/data/DA25S005/miccai_tbi/MultiTalentV2_finetuning/MICCAI_AIMS_TBI/scan_0194_bval.txt,scan_0194_bval.txt,0194,bval,txt,0.0,"(1, 65)",1.0,float64,,0.0,1000.0,,,,
/data/data/DA25S005/miccai_tbi/MultiTalentV2_finetuning/MICCAI_AIMS_TBI/scan_0194_bvec.txt,scan_0194_bvec.txt,0194,bvec,txt,0.003,"(65, 3)",2.0,float64,,-0.9641,1.0,,,,
/data/data/DA25S005/miccai_tbi/MultiTalentV2_finetuning/MICCAI_AIMS_TBI/scan_0194_dMRI.nii.gz,scan_0194_dMRI.nii.gz,0194,dMRI,nii.gz,84.455,"(128, 128, 75, 65)",4.0,float32,"(2.0, 2.0, 2.0)",0.0,2676.0,61.1265,79256842.0,65.0,
/data/data/DA25S005/miccai_tbi/MultiTalentV2_finetuning/MICCAI_AIMS_TBI/scan_0197_Lesion.nii.gz,scan_0197_Lesion.nii.gz,0197,Lesion,nii.gz,0.065,"(256, 256, 256)",3.0,float32,"(1.0, 1.0, 1.0)",0.0,5.0,0.0,25.0,,
/data/data/DA25S005/miccai_tbi/MultiTalentV2_finetuning/MICCAI_AIMS_TBI/scan_0197_T1.nii.gz,scan_0197_T1.nii.gz,0197,T1,nii.gz,23.565,"(256, 256, 256)",3.0,float32,"(1.0, 1.0, 1.0)",0.0,934.1234,47.3694,6586718.0,,
/data/data/DA25S005/miccai_tbi/MultiTalentV2_finetuning/MICCAI_AIMS_TBI/scan_0197_bval.txt,scan_0197_bval.txt,0197,bval,txt,0.0,"(1, 31)",1.0,float64,,0.0,700.0,,,,
/data/data/DA25S005/miccai_tbi/MultiTalentV2_finetuning/MICCAI_AIMS_TBI/scan_0197_bvec.txt,scan_0197_bvec.txt,0197,bvec,txt,0.001,"(3, 31)",2.0,float64,,-0.9848,0.9672,,,,
/data/data/DA25S005/miccai_tbi/MultiTalentV2_finetuning/MICCAI_AIMS_TBI/scan_0197_dMRI.nii.gz,scan_0197_dMRI.nii.gz,0197,dMRI,nii.gz,37.771,"(144, 132, 65, 31)",4.0,float32,"(2.0, 2.0, 2.0)",0.0,4095.0,44.9879,37845360.0,31.0,
/data/data/DA25S005/miccai_tbi/MultiTalentV2_finetuning/MICCAI_AIMS_TBI/scan_0199_Lesion.nii.gz,scan_0199_Lesion.nii.gz,0199,Lesion,nii.gz,0.156,"(256, 256, 256)",3.0,float32,"(1.0, 1.0, 1.0)",0.0,1.0,0.001,16653.0,,
/data/data/DA25S005/miccai_tbi/MultiTalentV2_finetuning/MICCAI_AIMS_TBI/scan_0199_T1.nii.gz,scan_0199_T1.nii.gz,0199,T1,nii.gz,29.727,"(256, 256, 256)",3.0,float32,"(1.0, 1.0, 1.0)",0.0,8194.083,373.8341,8384017.0,,
/data/data/DA25S005/miccai_tbi/MultiTalentV2_finetuning/MICCAI_AIMS_TBI/scan_0203_Lesion.nii.gz,scan_0203_Lesion.nii.gz,0203,Lesion,nii.gz,0.033,"(256, 256, 256)",3.0,float32,"(1.0, 1.0, 1.0)",0.0,0.0,0.0,0.0,,
/data/data/DA25S005/miccai_tbi/MultiTalentV2_finetuning/MICCAI_AIMS_TBI/scan_0203_T1.nii.gz,scan_0203_T1.nii.gz,0203,T1,nii.gz,39.673,"(256, 256, 256)",3.0,float32,"(1.0, 1.0, 1.0)",0.0,1298.041,51.5408,10999866.0,,
/data/data/DA25S005/miccai_tbi/MultiTalentV2_finetuning/MICCAI_AIMS_TBI/scan_0203_bval.txt,scan_0203_bval.txt,0203,bval,txt,0.0,"(1, 65)",1.0,float64,,0.0,1000.0,,,,
/data/data/DA25S005/miccai_tbi/MultiTalentV2_finetuning/MICCAI_AIMS_TBI/scan_0203_bvec.txt,scan_0203_bvec.txt,0203,bvec,txt,0.003,"(65, 3)",2.0,float64,,-0.9641,1.0,,,,
/data/data/DA25S005/miccai_tbi/MultiTalentV2_finetuning/MICCAI_AIMS_TBI/scan_0203_dMRI.nii.gz,scan_0203_dMRI.nii.gz,0203,dMRI,nii.gz,84.876,"(128, 128, 75, 65)",4.0,float32,"(2.0, 2.0, 2.0)",0.0,3397.0,62.7978,79248722.0,65.0,
/data/data/DA25S005/miccai_tbi/MultiTalentV2_finetuning/MICCAI_AIMS_TBI/scan_0204_Lesion.nii.gz,scan_0204_Lesion.nii.gz,0204,Lesion,nii.gz,0.034,"(256, 256, 256)",3.0,float32,"(1.0, 1.0, 1.0)",0.0,5.0,0.0003,1128.0,,
/data/data/DA25S005/miccai_tbi/MultiTalentV2_finetuning/MICCAI_AIMS_TBI/scan_0204_T1.nii.gz,scan_0204_T1.nii.gz,0204,T1,nii.gz,5.441,"(256, 256, 256)",3.0,float32,"(1.0, 1.0, 1.0)",0.0,1437799.875,32842.4453,3948523.0,,
/data/data/DA25S005/miccai_tbi/MultiTalentV2_finetuning/MICCAI_AIMS_TBI/scan_0204_bval.txt,scan_0204_bval.txt,0204,bval,txt,0.0,"(1, 33)",1.0,float64,,0.0,700.0,,,,
/data/data/DA25S005/miccai_tbi/MultiTalentV2_finetuning/MICCAI_AIMS_TBI/scan_0204_bvec.txt,scan_0204_bvec.txt,0204,bvec,txt,0.001,"(3, 33)",2.0,float64,,-1.0,1.0,,,,
/data/data/DA25S005/miccai_tbi/MultiTalentV2_finetuning/MICCAI_AIMS_TBI/scan_0204_dMRI.nii.gz,scan_0204_dMRI.nii.gz,0204,dMRI,nii.gz,82.52,"(256, 256, 70, 33)",4.0,float32,"(0.828, 0.828, 2.2)",0.0,160438.7656,2597.6433,86284085.0,33.0,
/data/data/DA25S005/miccai_tbi/MultiTalentV2_finetuning/MICCAI_AIMS_TBI/scan_0205_Lesion.nii.gz,scan_0205_Lesion.nii.gz,0205,Lesion,nii.gz,0.175,"(256, 256, 256)",3.0,float32,"(1.0, 1.0, 1.0)",0.0,1.0,0.0037,61296.0,,
/data/data/DA25S005/miccai_tbi/MultiTalentV2_finetuning/MICCAI_AIMS_TBI/scan_0205_T1.nii.gz,scan_0205_T1.nii.gz,0205,T1,nii.gz,10.699,"(256, 256, 256)",3.0,float32,"(1.0, 1.0, 1.0)",0.0,1301.0,61.4008,6416436.0,,
/data/data/DA25S005/miccai_tbi/MultiTalentV2_finetuning/MICCAI_AIMS_TBI/scan_0206_Lesion.nii.gz,scan_0206_Lesion.nii.gz,0206,Lesion,nii.gz,0.033,"(256, 256, 256)",3.0,float32,"(1.0, 1.0, 1.0)",0.0,0.0,0.0,0.0,,
/data/data/DA25S005/miccai_tbi/MultiTalentV2_finetuning/MICCAI_AIMS_TBI/scan_0206_T1.nii.gz,scan_0206_T1.nii.gz,0206,T1,nii.gz,23.785,"(256, 256, 256)",3.0,float32,"(1.0, 1.0, 1.0)",0.0,650.4261,33.8524,6651104.0,,
/data/data/DA25S005/miccai_tbi/MultiTalentV2_finetuning/MICCAI_AIMS_TBI/scan_0206_bval.txt,scan_0206_bval.txt,0206,bval,txt,0.0,"(1, 31)",1.0,float64,,0.0,700.0,,,,
/data/data/DA25S005/miccai_tbi/MultiTalentV2_finetuning/MICCAI_AIMS_TBI/scan_0206_bvec.txt,scan_0206_bvec.txt,0206,bvec,txt,0.001,"(3, 31)",2.0,float64,,-0.974,0.9833,,,,
/data/data/DA25S005/miccai_tbi/MultiTalentV2_finetuning/MICCAI_AIMS_TBI/scan_0206_dMRI.nii.gz,scan_0206_dMRI.nii.gz,0206,dMRI,nii.gz,37.016,"(144, 132, 65, 31)",4.0,float32,"(2.0, 2.0, 2.0)",0.0,4095.0,46.3145,37810913.0,31.0,
/data/data/DA25S005/miccai_tbi/MultiTalentV2_finetuning/MICCAI_AIMS_TBI/scan_0207_Lesion.nii.gz,scan_0207_Lesion.nii.gz,0207,Lesion,nii.gz,0.033,"(256, 256, 256)",3.0,float32,"(1.0, 1.0, 1.0)",0.0,0.0,0.0,0.0,,
/data/data/DA25S005/miccai_tbi/MultiTalentV2_finetuning/MICCAI_AIMS_TBI/scan_0207_T1.nii.gz,scan_0207_T1.nii.gz,0207,T1,nii.gz,11.525,"(256, 256, 256)",3.0,float32,"(1.0, 1.0, 1.0)",0.0,2579.8481,159.3125,7566352.0,,
/data/data/DA25S005/miccai_tbi/MultiTalentV2_finetuning/MICCAI_AIMS_TBI/scan_0209_Lesion.nii.gz,scan_0209_Lesion.nii.gz,0209,Lesion,nii.gz,0.033,"(256, 256, 256)",3.0,float32,"(1.0, 1.0, 1.0)",0.0,3.0,0.0,177.0,,
/data/data/DA25S005/miccai_tbi/MultiTalentV2_finetuning/MICCAI_AIMS_TBI/scan_0209_T1.nii.gz,scan_0209_T1.nii.gz,0209,T1,nii.gz,14.683,"(256, 256, 256)",3.0,float32,"(1.0, 1.0, 1.0)",0.0,1211.0,57.0897,11444400.0,,
/data/data/DA25S005/miccai_tbi/MultiTalentV2_finetuning/MICCAI_AIMS_TBI/scan_0210_Lesion.nii.gz,scan_0210_Lesion.nii.gz,0210,Lesion,nii.gz,0.033,"(256, 256, 256)",3.0,float32,"(1.0, 1.0, 1.0)",0.0,5.0,0.0,179.0,,
/data/data/DA25S005/miccai_tbi/MultiTalentV2_finetuning/MICCAI_AIMS_TBI/scan_0210_T1.nii.gz,scan_0210_T1.nii.gz,0210,T1,nii.gz,30.493,"(256, 256, 256)",3.0,float32,"(1.0, 1.0, 1.0)",0.0,2481.4893,199.195,8632620.0,,
/data/data/DA25S005/miccai_tbi/MultiTalentV2_finetuning/MICCAI_AIMS_TBI/scan_0210_bval.txt,scan_0210_bval.txt,0210,bval,txt,0.0,"(1, 16)",1.0,float64,,0.0,860.0,,,,
/data/data/DA25S005/miccai_tbi/MultiTalentV2_finetuning/MICCAI_AIMS_TBI/scan_0210_bvec.txt,scan_0210_bvec.txt,0210,bvec,txt,0.001,"(3, 16)",2.0,float64,,-1.0,1.0,,,,
/data/data/DA25S005/miccai_tbi/MultiTalentV2_finetuning/MICCAI_AIMS_TBI/scan_0210_dMRI.nii.gz,scan_0210_dMRI.nii.gz,0210,dMRI,nii.gz,13.074,"(128, 128, 60, 16)",4.0,float32,"(2.391, 2.391, 2.7)",0.0,7057.2485,50.1211,14356058.0,16.0,
/data/data/DA25S005/miccai_tbi/MultiTalentV2_finetuning/MICCAI_AIMS_TBI/scan_0211_Lesion.nii.gz,scan_0211_Lesion.nii.gz,0211,Lesion,nii.gz,0.049,"(256, 256, 256)",3.0,float32,"(1.0, 1.0, 1.0)",0.0,5.0,0.0035,50095.0,,
/data/data/DA25S005/miccai_tbi/MultiTalentV2_finetuning/MICCAI_AIMS_TBI/scan_0211_T1.nii.gz,scan_0211_T1.nii.gz,0211,T1,nii.gz,9.913,"(256, 256, 256)",3.0,float32,"(1.0, 1.0, 1.0)",0.0,1389.0,50.0688,6623419.0,,
/data/data/DA25S005/miccai_tbi/MultiTalentV2_finetuning/MICCAI_AIMS_TBI/scan_0212_Lesion.nii.gz,scan_0212_Lesion.nii.gz,0212,Lesion,nii.gz,0.033,"(256, 256, 256)",3.0,float32,"(1.0, 1.0, 1.0)",0.0,1.0,0.0,605.0,,
/data/data/DA25S005/miccai_tbi/MultiTalentV2_finetuning/MICCAI_AIMS_TBI/scan_0212_T1.nii.gz,scan_0212_T1.nii.gz,0212,T1,nii.gz,26.079,"(256, 256, 256)",3.0,float32,"(1.0, 1.0, 1.0)",0.0,762.8741,45.587,7785940.0,,
/data/data/DA25S005/miccai_tbi/MultiTalentV2_finetuning/MICCAI_AIMS_TBI/scan_0212_bval.txt,scan_0212_bval.txt,0212,bval,txt,0.0,"(1, 16)",1.0,float64,,0.0,860.0,,,,
/data/data/DA25S005/miccai_tbi/MultiTalentV2_finetuning/MICCAI_AIMS_TBI/scan_0212_bvec.txt,scan_0212_bvec.txt,0212,bvec,txt,0.001,"(3, 16)",2.0,float64,,-1.0,1.0,,,,
/data/data/DA25S005/miccai_tbi/MultiTalentV2_finetuning/MICCAI_AIMS_TBI/scan_0212_dMRI.nii.gz,scan_0212_dMRI.nii.gz,0212,dMRI,nii.gz,15.604,"(128, 128, 55, 17)",4.0,float32,"(2.0, 2.0, 2.7)",0.0,1450760.125,13601.3066,13948524.0,17.0,
/data/data/DA25S005/miccai_tbi/MultiTalentV2_finetuning/MICCAI_AIMS_TBI/scan_0213_Lesion.nii.gz,scan_0213_Lesion.nii.gz,0213,Lesion,nii.gz,0.149,"(256, 256, 256)",3.0,float32,"(1.0, 1.0, 1.0)",0.0,1.0,0.0002,3910.0,,
/data/data/DA25S005/miccai_tbi/MultiTalentV2_finetuning/MICCAI_AIMS_TBI/scan_0213_T1.nii.gz,scan_0213_T1.nii.gz,0213,T1,nii.gz,9.918,"(256, 256, 256)",3.0,float32,"(1.0, 1.0, 1.0)",0.0,1489.0,64.3234,5515949.0,,
/data/data/DA25S005/miccai_tbi/MultiTalentV2_finetuning/MICCAI_AIMS_TBI/scan_0214_Lesion.nii.gz,scan_0214_Lesion.nii.gz,0214,Lesion,nii.gz,0.072,"(256, 256, 256)",3.0,float32,"(1.0, 1.0, 1.0)",0.0,1.0,0.0009,15324.0,,
/data/data/DA25S005/miccai_tbi/MultiTalentV2_finetuning/MICCAI_AIMS_TBI/scan_0214_T1.nii.gz,scan_0214_T1.nii.gz,0214,T1,nii.gz,10.445,"(256, 256, 256)",3.0,float32,"(1.0, 1.0, 1.0)",0.0,786.0,48.3343,7561995.0,,
/data/data/DA25S005/miccai_tbi/MultiTalentV2_finetuning/MICCAI_AIMS_TBI/scan_0214_bval.txt,scan_0214_bval.txt,0214,bval,txt,0.0,"(1, 16)",1.0,float64,,0.0,860.0,,,,
/data/data/DA25S005/miccai_tbi/MultiTalentV2_finetuning/MICCAI_AIMS_TBI/scan_0214_bvec.txt,scan_0214_bvec.txt,0214,bvec,txt,0.001,"(3, 16)",2.0,float64,,-1.0,1.0,,,,
/data/data/DA25S005/miccai_tbi/MultiTalentV2_finetuning/MICCAI_AIMS_TBI/scan_0214_dMRI.nii.gz,scan_0214_dMRI.nii.gz,0214,dMRI,nii.gz,15.638,"(128, 128, 55, 17)",4.0,float32,"(2.0, 2.0, 2.7)",0.0,1755555.5,13140.1582,13973116.0,17.0,
/data/data/DA25S005/miccai_tbi/MultiTalentV2_finetuning/MICCAI_AIMS_TBI/scan_0217_Lesion.nii.gz,scan_0217_Lesion.nii.gz,0217,Lesion,nii.gz,0.177,"(256, 256, 256)",3.0,float32,"(1.0, 1.0, 1.0)",0.0,1.0,0.0029,47914.0,,
/data/data/DA25S005/miccai_tbi/MultiTalentV2_finetuning/MICCAI_AIMS_TBI/scan_0217_T1.nii.gz,scan_0217_T1.nii.gz,0217,T1,nii.gz,9.331,"(256, 256, 256)",3.0,float32,"(1.0, 1.0, 1.0)",0.0,1132.0,39.8226,5621828.0,,
/data/data/DA25S005/miccai_tbi/MultiTalentV2_finetuning/MICCAI_AIMS_TBI/scan_0219_Lesion.nii.gz,scan_0219_Lesion.nii.gz,0219,Lesion,nii.gz,0.033,"(256, 256, 256)",3.0,float32,"(1.0, 1.0, 1.0)",0.0,0.0,0.0,0.0,,
/data/data/DA25S005/miccai_tbi/MultiTalentV2_finetuning/MICCAI_AIMS_TBI/scan_0219_T1.nii.gz,scan_0219_T1.nii.gz,0219,T1,nii.gz,5.994,"(256, 256, 256)",3.0,float32,"(1.0, 1.0, 1.0)",0.0,1219061.25,28896.248,4518377.0,,
/data/data/DA25S005/miccai_tbi/MultiTalentV2_finetuning/MICCAI_AIMS_TBI/scan_0219_bval.txt,scan_0219_bval.txt,0219,bval,txt,0.0,"(1, 33)",1.0,float64,,0.0,700.0,,,,
/data/data/DA25S005/miccai_tbi/MultiTalentV2_finetuning/MICCAI_AIMS_TBI/scan_0219_bvec.txt,scan_0219_bvec.txt,0219,bvec,txt,0.001,"(3, 33)",2.0,float64,,-1.0,1.0,,,,
/data/data/DA25S005/miccai_tbi/MultiTalentV2_finetuning/MICCAI_AIMS_TBI/scan_0219_dMRI.nii.gz,scan_0219_dMRI.nii.gz,0219,dMRI,nii.gz,84.303,"(256, 256, 70, 33)",4.0,float32,"(0.828, 0.828, 2.2)",0.0,116765.1406,1938.1598,98345853.0,33.0,
/data/data/DA25S005/miccai_tbi/MultiTalentV2_finetuning/MICCAI_AIMS_TBI/scan_0220_Lesion.nii.gz,scan_0220_Lesion.nii.gz,0220,Lesion,nii.gz,0.033,"(256, 256, 256)",3.0,float32,"(1.0, 1.0, 1.0)",0.0,1.0,0.0,453.0,,
/data/data/DA25S005/miccai_tbi/MultiTalentV2_finetuning/MICCAI_AIMS_TBI/scan_0220_T1.nii.gz,scan_0220_T1.nii.gz,0220,T1,nii.gz,6.023,"(256, 256, 256)",3.0,float32,"(1.0, 1.0, 1.0)",0.0,4814.6597,160.91,4317934.0,,
/data/data/DA25S005/miccai_tbi/MultiTalentV2_finetuning/MICCAI_AIMS_TBI/scan_0220_bval.txt,scan_0220_bval.txt,0220,bval,txt,0.0,"(1, 33)",1.0,float64,,0.0,1000.0,,,,
/data/data/DA25S005/miccai_tbi/MultiTalentV2_finetuning/MICCAI_AIMS_TBI/scan_0220_bvec.txt,scan_0220_bvec.txt,0220,bvec,txt,0.002,"(3, 33)",2.0,float64,,-0.7071,0.7071,,,,
/data/data/DA25S005/miccai_tbi/MultiTalentV2_finetuning/MICCAI_AIMS_TBI/scan_0220_dMRI.nii.gz,scan_0220_dMRI.nii.gz,0220,dMRI,nii.gz,8.4,"(96, 96, 65, 33)",4.0,float32,"(2.5, 2.5, 2.5)",0.0,2885.1428,42.2098,8667376.0,33.0,
/data/data/DA25S005/miccai_tbi/MultiTalentV2_finetuning/MICCAI_AIMS_TBI/scan_0222_Lesion.nii.gz,scan_0222_Lesion.nii.gz,0222,Lesion,nii.gz,0.066,"(256, 256, 256)",3.0,float32,"(1.0, 1.0, 1.0)",0.0,5.0,0.0002,2039.0,,
/data/data/DA25S005/miccai_tbi/MultiTalentV2_finetuning/MICCAI_AIMS_TBI/scan_0222_T1.nii.gz,scan_0222_T1.nii.gz,0222,T1,nii.gz,34.237,"(256, 256, 256)",3.0,float32,"(1.0, 1.0, 1.0)",0.0,9182.2646,523.0843,9649563.0,,
/data/data/DA25S005/miccai_tbi/MultiTalentV2_finetuning/MICCAI_AIMS_TBI/scan_0224_Lesion.nii.gz,scan_0224_Lesion.nii.gz,0224,Lesion,nii.gz,0.066,"(256, 256, 256)",3.0,float32,"(1.0, 1.0, 1.0)",0.0,5.0,0.0001,775.0,,
/data/data/DA25S005/miccai_tbi/MultiTalentV2_finetuning/MICCAI_AIMS_TBI/scan_0224_T1.nii.gz,scan_0224_T1.nii.gz,0224,T1,nii.gz,21.742,"(256, 256, 256)",3.0,float32,"(1.0, 1.0, 1.0)",0.0,1213.9882,70.815,6089334.0,,
/data/data/DA25S005/miccai_tbi/MultiTalentV2_finetuning/MICCAI_AIMS_TBI/scan_0224_bval.txt,scan_0224_bval.txt,0224,bval,txt,0.0,"(1, 31)",1.0,float64,,0.0,700.0,,,,
/data/data/DA25S005/miccai_tbi/MultiTalentV2_finetuning/MICCAI_AIMS_TBI/scan_0224_bvec.txt,scan_0224_bvec.txt,0224,bvec,txt,0.001,"(3, 31)",2.0,float64,,-0.9529,0.9935,,,,
/data/data/DA25S005/miccai_tbi/MultiTalentV2_finetuning/MICCAI_AIMS_TBI/scan_0224_dMRI.nii.gz,scan_0224_dMRI.nii.gz,0224,dMRI,nii.gz,33.281,"(144, 132, 65, 31)",4.0,float32,"(2.0, 2.0, 2.0)",0.0,4095.0,44.5815,36295689.0,31.0,
/data/data/DA25S005/miccai_tbi/MultiTalentV2_finetuning/MICCAI_AIMS_TBI/scan_0225_Lesion.nii.gz,scan_0225_Lesion.nii.gz,0225,Lesion,nii.gz,0.033,"(256, 256, 256)",3.0,float32,"(1.0, 1.0, 1.0)",0.0,0.0,0.0,0.0,,
/data/data/DA25S005/miccai_tbi/MultiTalentV2_finetuning/MICCAI_AIMS_TBI/scan_0225_T1.nii.gz,scan_0225_T1.nii.gz,0225,T1,nii.gz,33.253,"(256, 256, 256)",3.0,float32,"(1.0, 1.0, 1.0)",0.0,13668.8994,388.8237,9301739.0,,
/data/data/DA25S005/miccai_tbi/MultiTalentV2_finetuning/MICCAI_AIMS_TBI/scan_0227_Lesion.nii.gz,scan_0227_Lesion.nii.gz,0227,Lesion,nii.gz,0.033,"(256, 256, 256)",3.0,float32,"(1.0, 1.0, 1.0)",0.0,0.0,0.0,0.0,,
/data/data/DA25S005/miccai_tbi/MultiTalentV2_finetuning/MICCAI_AIMS_TBI/scan_0227_T1.nii.gz,scan_0227_T1.nii.gz,0227,T1,nii.gz,22.869,"(256, 256, 256)",3.0,float32,"(1.0, 1.0, 1.0)",0.0,665.429,30.0636,6336116.0,,
/data/data/DA25S005/miccai_tbi/MultiTalentV2_finetuning/MICCAI_AIMS_TBI/scan_0227_bval.txt,scan_0227_bval.txt,0227,bval,txt,0.0,"(1, 31)",1.0,float64,,0.0,700.0,,,,
/data/data/DA25S005/miccai_tbi/MultiTalentV2_finetuning/MICCAI_AIMS_TBI/scan_0227_bvec.txt,scan_0227_bvec.txt,0227,bvec,txt,0.001,"(3, 31)",2.0,float64,,-0.9803,0.9761,,,,
/data/data/DA25S005/miccai_tbi/MultiTalentV2_finetuning/MICCAI_AIMS_TBI/scan_0227_dMRI.nii.gz,scan_0227_dMRI.nii.gz,0227,dMRI,nii.gz,35.235,"(144, 132, 65, 31)",4.0,float32,"(2.0, 2.0, 2.0)",0.0,3076.0,34.3226,37802074.0,31.0,
/data/data/DA25S005/miccai_tbi/MultiTalentV2_finetuning/MICCAI_AIMS_TBI/scan_0228_Lesion.nii.gz,scan_0228_Lesion.nii.gz,0228,Lesion,nii.gz,0.033,"(256, 256, 256)",3.0,float32,"(1.0, 1.0, 1.0)",0.0,0.0,0.0,0.0,,
/data/data/DA25S005/miccai_tbi/MultiTalentV2_finetuning/MICCAI_AIMS_TBI/scan_0228_T1.nii.gz,scan_0228_T1.nii.gz,0228,T1,nii.gz,34.947,"(256, 256, 256)",3.0,float32,"(1.0, 1.0, 1.0)",0.0,10225.6641,383.5777,9840879.0,,
/data/data/DA25S005/miccai_tbi/MultiTalentV2_finetuning/MICCAI_AIMS_TBI/scan_0229_Lesion.nii.gz,scan_0229_Lesion.nii.gz,0229,Lesion,nii.gz,0.034,"(256, 256, 256)",3.0,float32,"(1.0, 1.0, 1.0)",0.0,5.0,0.0002,3709.0,,
/data/data/DA25S005/miccai_tbi/MultiTalentV2_finetuning/MICCAI_AIMS_TBI/scan_0229_T1.nii.gz,scan_0229_T1.nii.gz,0229,T1,nii.gz,5.09,"(256, 256, 256)",3.0,float32,"(1.0, 1.0, 1.0)",0.0,5179.7607,142.1093,3542851.0,,
/data/data/DA25S005/miccai_tbi/MultiTalentV2_finetuning/MICCAI_AIMS_TBI/scan_0229_bval.txt,scan_0229_bval.txt,0229,bval,txt,0.0,"(1, 33)",1.0,float64,,0.0,1000.0,,,,
/data/data/DA25S005/miccai_tbi/MultiTalentV2_finetuning/MICCAI_AIMS_TBI/scan_0229_bvec.txt,scan_0229_bvec.txt,0229,bvec,txt,0.002,"(3, 33)",2.0,float64,,-0.7071,0.7071,,,,
/data/data/DA25S005/miccai_tbi/MultiTalentV2_finetuning/MICCAI_AIMS_TBI/scan_0229_dMRI.nii.gz,scan_0229_dMRI.nii.gz,0229,dMRI,nii.gz,7.593,"(96, 96, 65, 33)",4.0,float32,"(2.5, 2.5, 2.5)",0.0,4488.6309,39.9229,7769558.0,33.0,
/data/data/DA25S005/miccai_tbi/MultiTalentV2_finetuning/MICCAI_AIMS_TBI/scan_0234_Lesion.nii.gz,scan_0234_Lesion.nii.gz,0234,Lesion,nii.gz,0.07,"(256, 256, 256)",3.0,float32,"(1.0, 1.0, 1.0)",0.0,5.0,0.0133,214208.0,,
/data/data/DA25S005/miccai_tbi/MultiTalentV2_finetuning/MICCAI_AIMS_TBI/scan_0234_T1.nii.gz,scan_0234_T1.nii.gz,0234,T1,nii.gz,11.824,"(256, 256, 256)",3.0,float32,"(1.0, 1.0, 1.0)",0.0,1482.0,68.4165,7765918.0,,
/data/data/DA25S005/miccai_tbi/MultiTalentV2_finetuning/MICCAI_AIMS_TBI/scan_0236_Lesion.nii.gz,scan_0236_Lesion.nii.gz,0236,Lesion,nii.gz,0.033,"(256, 256, 256)",3.0,float32,"(1.0, 1.0, 1.0)",0.0,0.0,0.0,0.0,,
/data/data/DA25S005/miccai_tbi/MultiTalentV2_finetuning/MICCAI_AIMS_TBI/scan_0236_T1.nii.gz,scan_0236_T1.nii.gz,0236,T1,nii.gz,23.79,"(256, 256, 256)",3.0,float32,"(1.0, 1.0, 1.0)",0.0,928.3711,56.9221,6978844.0,,
/data/data/DA25S005/miccai_tbi/MultiTalentV2_finetuning/MICCAI_AIMS_TBI/scan_0237_Lesion.nii.gz,scan_0237_Lesion.nii.gz,0237,Lesion,nii.gz,0.033,"(256, 256, 256)",3.0,float32,"(1.0, 1.0, 1.0)",0.0,0.0,0.0,0.0,,
/data/data/DA25S005/miccai_tbi/MultiTalentV2_finetuning/MICCAI_AIMS_TBI/scan_0237_T1.nii.gz,scan_0237_T1.nii.gz,0237,T1,nii.gz,5.402,"(256, 256, 256)",3.0,float32,"(1.0, 1.0, 1.0)",0.0,4671.2207,144.4986,3755384.0,,
/data/data/DA25S005/miccai_tbi/MultiTalentV2_finetuning/MICCAI_AIMS_TBI/scan_0237_bval.txt,scan_0237_bval.txt,0237,bval,txt,0.0,"(1, 33)",1.0,float64,,0.0,1000.0,,,,
/data/data/DA25S005/miccai_tbi/MultiTalentV2_finetuning/MICCAI_AIMS_TBI/scan_0237_bvec.txt,scan_0237_bvec.txt,0237,bvec,txt,0.002,"(3, 33)",2.0,float64,,-0.7071,0.7071,,,,
/data/data/DA25S005/miccai_tbi/MultiTalentV2_finetuning/MICCAI_AIMS_TBI/scan_0237_dMRI.nii.gz,scan_0237_dMRI.nii.gz,0237,dMRI,nii.gz,7.967,"(96, 96, 65, 33)",4.0,float32,"(2.5, 2.5, 2.5)",0.0,4606.835,45.4341,8034738.0,33.0,
/data/data/DA25S005/miccai_tbi/MultiTalentV2_finetuning/MICCAI_AIMS_TBI/scan_0243_Lesion.nii.gz,scan_0243_Lesion.nii.gz,0243,Lesion,nii.gz,0.026,"(256, 200, 256)",3.0,float32,"(1.0, 1.0, 1.0)",0.0,0.0,0.0,0.0,,
/data/data/DA25S005/miccai_tbi/MultiTalentV2_finetuning/MICCAI_AIMS_TBI/scan_0243_T1.nii.gz,scan_0243_T1.nii.gz,0243,T1,nii.gz,8.052,"(256, 200, 256)",3.0,float32,"(1.0, 1.0, 1.0)",0.0,2702249.25,110702.3828,5203525.0,,
/data/data/DA25S005/miccai_tbi/MultiTalentV2_finetuning/MICCAI_AIMS_TBI/scan_0243_bval.txt,scan_0243_bval.txt,0243,bval,txt,0.0,"(1, 33)",1.0,float64,,0.0,700.0,,,,
/data/data/DA25S005/miccai_tbi/MultiTalentV2_finetuning/MICCAI_AIMS_TBI/scan_0243_bvec.txt,scan_0243_bvec.txt,0243,bvec,txt,0.001,"(3, 33)",2.0,float64,,-1.0,1.0,,,,
/data/data/DA25S005/miccai_tbi/MultiTalentV2_finetuning/MICCAI_AIMS_TBI/scan_0243_dMRI.nii.gz,scan_0243_dMRI.nii.gz,0243,dMRI,nii.gz,84.89,"(256, 256, 60, 33)",4.0,float32,"(0.828, 0.828, 2.2)",0.0,261821.4219,4775.9556,83693998.0,33.0,
/data/data/DA25S005/miccai_tbi/MultiTalentV2_finetuning/MICCAI_AIMS_TBI/scan_0245_Lesion.nii.gz,scan_0245_Lesion.nii.gz,0245,Lesion,nii.gz,0.033,"(256, 256, 256)",3.0,float32,"(1.0, 1.0, 1.0)",0.0,1.0,0.0,28.0,,
/data/data/DA25S005/miccai_tbi/MultiTalentV2_finetuning/MICCAI_AIMS_TBI/scan_0245_T1.nii.gz,scan_0245_T1.nii.gz,0245,T1,nii.gz,39.651,"(256, 256, 256)",3.0,float32,"(1.0, 1.0, 1.0)",0.0,822.8691,33.4059,10998785.0,,
/data/data/DA25S005/miccai_tbi/MultiTalentV2_finetuning/MICCAI_AIMS_TBI/scan_0245_bval.txt,scan_0245_bval.txt,0245,bval,txt,0.0,"(1, 65)",1.0,float64,,0.0,1000.0,,,,
/data/data/DA25S005/miccai_tbi/MultiTalentV2_finetuning/MICCAI_AIMS_TBI/scan_0245_bvec.txt,scan_0245_bvec.txt,0245,bvec,txt,0.003,"(65, 3)",2.0,float64,,-0.9641,1.0,,,,
/data/data/DA25S005/miccai_tbi/MultiTalentV2_finetuning/MICCAI_AIMS_TBI/scan_0245_dMRI.nii.gz,scan_0245_dMRI.nii.gz,0245,dMRI,nii.gz,79.19,"(128, 128, 75, 65)",4.0,float32,"(2.0, 2.0, 2.0)",0.0,2150.0,48.337,79256707.0,65.0,
/data/data/DA25S005/miccai_tbi/MultiTalentV2_finetuning/MICCAI_AIMS_TBI/scan_0246_Lesion.nii.gz,scan_0246_Lesion.nii.gz,0246,Lesion,nii.gz,0.033,"(256, 256, 256)",3.0,float32,"(1.0, 1.0, 1.0)",0.0,0.0,0.0,0.0,,
/data/data/DA25S005/miccai_tbi/MultiTalentV2_finetuning/MICCAI_AIMS_TBI/scan_0246_T1.nii.gz,scan_0246_T1.nii.gz,0246,T1,nii.gz,30.612,"(256, 256, 256)",3.0,float32,"(1.0, 1.0, 1.0)",0.0,860.7273,47.1189,10714984.0,,
/data/data/DA25S005/miccai_tbi/MultiTalentV2_finetuning/MICCAI_AIMS_TBI/scan_0246_bval.txt,scan_0246_bval.txt,0246,bval,txt,0.0,"(1, 65)",1.0,float64,,0.0,1000.0,,,,
/data/data/DA25S005/miccai_tbi/MultiTalentV2_finetuning/MICCAI_AIMS_TBI/scan_0246_bvec.txt,scan_0246_bvec.txt,0246,bvec,txt,0.003,"(3, 65)",2.0,float64,,-0.9849,1.0,,,,
/data/data/DA25S005/miccai_tbi/MultiTalentV2_finetuning/MICCAI_AIMS_TBI/scan_0246_dMRI.nii.gz,scan_0246_dMRI.nii.gz,0246,dMRI,nii.gz,36.691,"(96, 96, 60, 65)",4.0,float32,"(2.208, 2.208, 2.42)",0.0,3682.0,41.746,35412141.0,65.0,
/data/data/DA25S005/miccai_tbi/MultiTalentV2_finetuning/MICCAI_AIMS_TBI/scan_0247_Lesion.nii.gz,scan_0247_Lesion.nii.gz,0247,Lesion,nii.gz,0.035,"(256, 256, 256)",3.0,float32,"(1.0, 1.0, 1.0)",0.0,1.0,0.0002,3481.0,,
/data/data/DA25S005/miccai_tbi/MultiTalentV2_finetuning/MICCAI_AIMS_TBI/scan_0247_T1.nii.gz,scan_0247_T1.nii.gz,0247,T1,nii.gz,19.909,"(256, 256, 256)",3.0,float32,"(1.0, 1.0, 1.0)",0.0,905.1822,38.2382,6804263.0,,
/data/data/DA25S005/miccai_tbi/MultiTalentV2_finetuning/MICCAI_AIMS_TBI/scan_0248_Lesion.nii.gz,scan_0248_Lesion.nii.gz,0248,Lesion,nii.gz,0.046,"(256, 256, 256)",3.0,float32,"(1.0, 1.0, 1.0)",0.0,5.0,0.0041,57846.0,,
/data/data/DA25S005/miccai_tbi/MultiTalentV2_finetuning/MICCAI_AIMS_TBI/scan_0248_T1.nii.gz,scan_0248_T1.nii.gz,0248,T1,nii.gz,19.864,"(256, 256, 256)",3.0,float32,"(1.0, 1.0, 1.0)",0.0,868.9545,31.8757,6898043.0,,
/data/data/DA25S005/miccai_tbi/MultiTalentV2_finetuning/MICCAI_AIMS_TBI/scan_0249_Lesion.nii.gz,scan_0249_Lesion.nii.gz,0249,Lesion,nii.gz,0.034,"(256, 256, 256)",3.0,float32,"(1.0, 1.0, 1.0)",0.0,5.0,0.0002,2359.0,,
/data/data/DA25S005/miccai_tbi/MultiTalentV2_finetuning/MICCAI_AIMS_TBI/scan_0249_T1.nii.gz,scan_0249_T1.nii.gz,0249,T1,nii.gz,4.812,"(256, 256, 256)",3.0,float32,"(1.0, 1.0, 1.0)",0.0,4152.0728,129.0214,3489219.0,,
/data/data/DA25S005/miccai_tbi/MultiTalentV2_finetuning/MICCAI_AIMS_TBI/scan_0249_bval.txt,scan_0249_bval.txt,0249,bval,txt,0.0,"(1, 33)",1.0,float64,,0.0,1000.0,,,,
/data/data/DA25S005/miccai_tbi/MultiTalentV2_finetuning/MICCAI_AIMS_TBI/scan_0249_bvec.txt,scan_0249_bvec.txt,0249,bvec,txt,0.002,"(3, 33)",2.0,float64,,-0.7071,0.7071,,,,
/data/data/DA25S005/miccai_tbi/MultiTalentV2_finetuning/MICCAI_AIMS_TBI/scan_0249_dMRI.nii.gz,scan_0249_dMRI.nii.gz,0249,dMRI,nii.gz,7.682,"(96, 96, 65, 33)",4.0,float32,"(2.5, 2.5, 2.5)",0.0,2747.8376,35.6199,7973099.0,33.0,
/data/data/DA25S005/miccai_tbi/MultiTalentV2_finetuning/MICCAI_AIMS_TBI/scan_0254_Lesion.nii.gz,scan_0254_Lesion.nii.gz,0254,Lesion,nii.gz,0.033,"(256, 256, 256)",3.0,float32,"(1.0, 1.0, 1.0)",0.0,0.0,0.0,0.0,,
/data/data/DA25S005/miccai_tbi/MultiTalentV2_finetuning/MICCAI_AIMS_TBI/scan_0254_T1.nii.gz,scan_0254_T1.nii.gz,0254,T1,nii.gz,30.164,"(256, 256, 256)",3.0,float32,"(1.0, 1.0, 1.0)",0.0,7005.4082,419.3176,8512165.0,,
/data/data/DA25S005/miccai_tbi/MultiTalentV2_finetuning/MICCAI_AIMS_TBI/scan_0256_Lesion.nii.gz,scan_0256_Lesion.nii.gz,0256,Lesion,nii.gz,0.033,"(256, 256, 256)",3.0,float32,"(1.0, 1.0, 1.0)",0.0,5.0,0.0001,578.0,,
/data/data/DA25S005/miccai_tbi/MultiTalentV2_finetuning/MICCAI_AIMS_TBI/scan_0256_T1.nii.gz,scan_0256_T1.nii.gz,0256,T1,nii.gz,12.008,"(256, 256, 256)",3.0,float32,"(1.0, 1.0, 1.0)",0.0,1230.0,45.8865,11125998.0,,
/data/data/DA25S005/miccai_tbi/MultiTalentV2_finetuning/MICCAI_AIMS_TBI/scan_0258_Lesion.nii.gz,scan_0258_Lesion.nii.gz,0258,Lesion,nii.gz,0.033,"(256, 256, 256)",3.0,float32,"(1.0, 1.0, 1.0)",0.0,0.0,0.0,0.0,,
/data/data/DA25S005/miccai_tbi/MultiTalentV2_finetuning/MICCAI_AIMS_TBI/scan_0258_T1.nii.gz,scan_0258_T1.nii.gz,0258,T1,nii.gz,33.101,"(256, 256, 256)",3.0,float32,"(1.0, 1.0, 1.0)",0.0,8506.9082,392.8332,9312958.0,,
/data/data/DA25S005/miccai_tbi/MultiTalentV2_finetuning/MICCAI_AIMS_TBI/scan_0261_Lesion.nii.gz,scan_0261_Lesion.nii.gz,0261,Lesion,nii.gz,0.036,"(256, 256, 256)",3.0,float32,"(1.0, 1.0, 1.0)",0.0,1.0,0.0003,5381.0,,
/data/data/DA25S005/miccai_tbi/MultiTalentV2_finetuning/MICCAI_AIMS_TBI/scan_0261_T1.nii.gz,scan_0261_T1.nii.gz,0261,T1,nii.gz,9.821,"(256, 256, 256)",3.0,float32,"(1.0, 1.0, 1.0)",0.0,1320.0,59.841,5671187.0,,
/data/data/DA25S005/miccai_tbi/MultiTalentV2_finetuning/MICCAI_AIMS_TBI/scan_0270_Lesion.nii.gz,scan_0270_Lesion.nii.gz,0270,Lesion,nii.gz,0.034,"(256, 256, 256)",3.0,float32,"(1.0, 1.0, 1.0)",0.0,5.0,0.0013,4300.0,,
/data/data/DA25S005/miccai_tbi/MultiTalentV2_finetuning/MICCAI_AIMS_TBI/scan_0270_T1.nii.gz,scan_0270_T1.nii.gz,0270,T1,nii.gz,33.008,"(256, 256, 256)",3.0,float32,"(1.0, 1.0, 1.0)",0.0,11283.6846,394.127,9292769.0,,
/data/data/DA25S005/miccai_tbi/MultiTalentV2_finetuning/MICCAI_AIMS_TBI/scan_0271_Lesion.nii.gz,scan_0271_Lesion.nii.gz,0271,Lesion,nii.gz,0.033,"(256, 256, 256)",3.0,float32,"(1.0, 1.0, 1.0)",0.0,0.0,0.0,0.0,,
/data/data/DA25S005/miccai_tbi/MultiTalentV2_finetuning/MICCAI_AIMS_TBI/scan_0271_T1.nii.gz,scan_0271_T1.nii.gz,0271,T1,nii.gz,31.01,"(256, 256, 256)",3.0,float32,"(1.0, 1.0, 1.0)",0.0,6925.877,390.2809,8771078.0,,
/data/data/DA25S005/miccai_tbi/MultiTalentV2_finetuning/MICCAI_AIMS_TBI/scan_0273_Lesion.nii.gz,scan_0273_Lesion.nii.gz,0273,Lesion,nii.gz,0.033,"(256, 256, 256)",3.0,float32,"(1.0, 1.0, 1.0)",0.0,1.0,0.0,262.0,,
/data/data/DA25S005/miccai_tbi/MultiTalentV2_finetuning/MICCAI_AIMS_TBI/scan_0273_T1.nii.gz,scan_0273_T1.nii.gz,0273,T1,nii.gz,17.43,"(256, 256, 256)",3.0,float32,"(1.0, 1.0, 1.0)",0.0,965.9849,44.6018,5548770.0,,
/data/data/DA25S005/miccai_tbi/MultiTalentV2_finetuning/MICCAI_AIMS_TBI/scan_0273_bval.txt,scan_0273_bval.txt,0273,bval,txt,0.0,"(1, 16)",1.0,float64,,0.0,860.0,,,,
/data/data/DA25S005/miccai_tbi/MultiTalentV2_finetuning/MICCAI_AIMS_TBI/scan_0273_bvec.txt,scan_0273_bvec.txt,0273,bvec,txt,0.001,"(3, 16)",2.0,float64,,-1.0,1.0,,,,
/data/data/DA25S005/miccai_tbi/MultiTalentV2_finetuning/MICCAI_AIMS_TBI/scan_0273_dMRI.nii.gz,scan_0273_dMRI.nii.gz,0273,dMRI,nii.gz,15.417,"(128, 128, 55, 17)",4.0,float32,"(2.0, 2.0, 2.7)",0.0,1244881.875,15579.5146,13883113.0,17.0,
/data/data/DA25S005/miccai_tbi/MultiTalentV2_finetuning/MICCAI_AIMS_TBI/scan_0275_Lesion.nii.gz,scan_0275_Lesion.nii.gz,0275,Lesion,nii.gz,0.033,"(256, 256, 256)",3.0,float32,"(1.0, 1.0, 1.0)",0.0,0.0,0.0,0.0,,
/data/data/DA25S005/miccai_tbi/MultiTalentV2_finetuning/MICCAI_AIMS_TBI/scan_0275_T1.nii.gz,scan_0275_T1.nii.gz,0275,T1,nii.gz,12.58,"(256, 256, 256)",3.0,float32,"(1.0, 1.0, 1.0)",0.0,955.0,43.1689,11200666.0,,
/data/data/DA25S005/miccai_tbi/MultiTalentV2_finetuning/MICCAI_AIMS_TBI/scan_0277_Lesion.nii.gz,scan_0277_Lesion.nii.gz,0277,Lesion,nii.gz,0.15,"(256, 256, 256)",3.0,float32,"(1.0, 1.0, 1.0)",0.0,1.0,0.0002,4113.0,,
/data/data/DA25S005/miccai_tbi/MultiTalentV2_finetuning/MICCAI_AIMS_TBI/scan_0277_T1.nii.gz,scan_0277_T1.nii.gz,0277,T1,nii.gz,9.876,"(256, 256, 256)",3.0,float32,"(1.0, 1.0, 1.0)",0.0,1343.0,54.2853,6540074.0,,
/data/data/DA25S005/miccai_tbi/MultiTalentV2_finetuning/MICCAI_AIMS_TBI/scan_0279_Lesion.nii.gz,scan_0279_Lesion.nii.gz,0279,Lesion,nii.gz,0.033,"(256, 256, 256)",3.0,float32,"(1.0, 1.0, 1.0)",0.0,1.0,0.0001,1231.0,,
/data/data/DA25S005/miccai_tbi/MultiTalentV2_finetuning/MICCAI_AIMS_TBI/scan_0279_T1.nii.gz,scan_0279_T1.nii.gz,0279,T1,nii.gz,39.747,"(256, 256, 256)",3.0,float32,"(1.0, 1.0, 1.0)",0.0,528.8448,32.9839,10997705.0,,
/data/data/DA25S005/miccai_tbi/MultiTalentV2_finetuning/MICCAI_AIMS_TBI/scan_0279_bval.txt,scan_0279_bval.txt,0279,bval,txt,0.0,"(1, 65)",1.0,float64,,0.0,1000.0,,,,
/data/data/DA25S005/miccai_tbi/MultiTalentV2_finetuning/MICCAI_AIMS_TBI/scan_0279_bvec.txt,scan_0279_bvec.txt,0279,bvec,txt,0.003,"(65, 3)",2.0,float64,,-1.0,1.0,,,,
/data/data/DA25S005/miccai_tbi/MultiTalentV2_finetuning/MICCAI_AIMS_TBI/scan_0279_dMRI.nii.gz,scan_0279_dMRI.nii.gz,0279,dMRI,nii.gz,81.41,"(128, 128, 75, 65)",4.0,float32,"(2.0, 2.0, 2.0)",0.0,2255.0,50.7429,79257227.0,65.0,
/data/data/DA25S005/miccai_tbi/MultiTalentV2_finetuning/MICCAI_AIMS_TBI/scan_0281_Lesion.nii.gz,scan_0281_Lesion.nii.gz,0281,Lesion,nii.gz,0.033,"(256, 256, 256)",3.0,float32,"(1.0, 1.0, 1.0)",0.0,0.0,0.0,0.0,,
/data/data/DA25S005/miccai_tbi/MultiTalentV2_finetuning/MICCAI_AIMS_TBI/scan_0281_T1.nii.gz,scan_0281_T1.nii.gz,0281,T1,nii.gz,5.417,"(256, 256, 256)",3.0,float32,"(1.0, 1.0, 1.0)",0.0,5553.4326,141.7777,3727781.0,,
/data/data/DA25S005/miccai_tbi/MultiTalentV2_finetuning/MICCAI_AIMS_TBI/scan_0281_bval.txt,scan_0281_bval.txt,0281,bval,txt,0.0,"(1, 33)",1.0,float64,,0.0,1000.0,,,,
/data/data/DA25S005/miccai_tbi/MultiTalentV2_finetuning/MICCAI_AIMS_TBI/scan_0281_bvec.txt,scan_0281_bvec.txt,0281,bvec,txt,0.002,"(3, 33)",2.0,float64,,-0.7071,0.7071,,,,
/data/data/DA25S005/miccai_tbi/MultiTalentV2_finetuning/MICCAI_AIMS_TBI/scan_0281_dMRI.nii.gz,scan_0281_dMRI.nii.gz,0281,dMRI,nii.gz,8.439,"(96, 96, 65, 33)",4.0,float32,"(2.5, 2.5, 2.5)",0.0,4012.1614,40.1804,8565061.0,33.0,
/data/data/DA25S005/miccai_tbi/MultiTalentV2_finetuning/MICCAI_AIMS_TBI/scan_0283_Lesion.nii.gz,scan_0283_Lesion.nii.gz,0283,Lesion,nii.gz,0.033,"(256, 256, 256)",3.0,float32,"(1.0, 1.0, 1.0)",0.0,0.0,0.0,0.0,,
/data/data/DA25S005/miccai_tbi/MultiTalentV2_finetuning/MICCAI_AIMS_TBI/scan_0283_T1.nii.gz,scan_0283_T1.nii.gz,0283,T1,nii.gz,5.231,"(256, 256, 256)",3.0,float32,"(1.0, 1.0, 1.0)",0.0,4780.4409,139.2386,3831948.0,,
/data/data/DA25S005/miccai_tbi/MultiTalentV2_finetuning/MICCAI_AIMS_TBI/scan_0283_bval.txt,scan_0283_bval.txt,0283,bval,txt,0.0,"(1, 33)",1.0,float64,,0.0,1000.0,,,,
/data/data/DA25S005/miccai_tbi/MultiTalentV2_finetuning/MICCAI_AIMS_TBI/scan_0283_bvec.txt,scan_0283_bvec.txt,0283,bvec,txt,0.002,"(3, 33)",2.0,float64,,-0.7071,0.7071,,,,
/data/data/DA25S005/miccai_tbi/MultiTalentV2_finetuning/MICCAI_AIMS_TBI/scan_0283_dMRI.nii.gz,scan_0283_dMRI.nii.gz,0283,dMRI,nii.gz,7.693,"(96, 96, 65, 33)",4.0,float32,"(2.5, 2.5, 2.5)",0.0,3312.2476,43.9915,8067163.0,33.0,
/data/data/DA25S005/miccai_tbi/MultiTalentV2_finetuning/MICCAI_AIMS_TBI/scan_0284_Lesion.nii.gz,scan_0284_Lesion.nii.gz,0284,Lesion,nii.gz,0.044,"(256, 256, 256)",3.0,float32,"(1.0, 1.0, 1.0)",0.0,1.0,0.0045,76278.0,,
/data/data/DA25S005/miccai_tbi/MultiTalentV2_finetuning/MICCAI_AIMS_TBI/scan_0284_T1.nii.gz,scan_0284_T1.nii.gz,0284,T1,nii.gz,13.584,"(256, 256, 256)",3.0,float32,"(1.0, 1.0, 1.0)",0.0,659.0,47.2781,11440507.0,,
/data/data/DA25S005/miccai_tbi/MultiTalentV2_finetuning/MICCAI_AIMS_TBI/scan_0290_Lesion.nii.gz,scan_0290_Lesion.nii.gz,0290,Lesion,nii.gz,0.066,"(256, 256, 256)",3.0,float32,"(1.0, 1.0, 1.0)",0.0,5.0,0.0004,1266.0,,
/data/data/DA25S005/miccai_tbi/MultiTalentV2_finetuning/MICCAI_AIMS_TBI/scan_0290_T1.nii.gz,scan_0290_T1.nii.gz,0290,T1,nii.gz,23.164,"(256, 256, 256)",3.0,float32,"(1.0, 1.0, 1.0)",0.0,1699.729,56.9695,6508013.0,,
/data/data/DA25S005/miccai_tbi/MultiTalentV2_finetuning/MICCAI_AIMS_TBI/scan_0290_bval.txt,scan_0290_bval.txt,0290,bval,txt,0.0,"(1, 31)",1.0,float64,,0.0,700.0,,,,
/data/data/DA25S005/miccai_tbi/MultiTalentV2_finetuning/MICCAI_AIMS_TBI/scan_0290_bvec.txt,scan_0290_bvec.txt,0290,bvec,txt,0.001,"(3, 31)",2.0,float64,,-0.9713,0.9918,,,,
/data/data/DA25S005/miccai_tbi/MultiTalentV2_finetuning/MICCAI_AIMS_TBI/scan_0290_dMRI.nii.gz,scan_0290_dMRI.nii.gz,0290,dMRI,nii.gz,31.306,"(144, 132, 65, 31)",4.0,float32,"(2.0, 2.0, 2.0)",0.0,4095.0,36.1124,35805132.0,31.0,
/data/data/DA25S005/miccai_tbi/MultiTalentV2_finetuning/MICCAI_AIMS_TBI/scan_0294_Lesion.nii.gz,scan_0294_Lesion.nii.gz,0294,Lesion,nii.gz,0.147,"(256, 256, 256)",3.0,float32,"(1.0, 1.0, 1.0)",0.0,1.0,0.0,246.0,,
/data/data/DA25S005/miccai_tbi/MultiTalentV2_finetuning/MICCAI_AIMS_TBI/scan_0294_T1.nii.gz,scan_0294_T1.nii.gz,0294,T1,nii.gz,28.476,"(256, 256, 256)",3.0,float32,"(1.0, 1.0, 1.0)",0.0,6217.3022,361.2206,7996293.0,,
/data/data/DA25S005/miccai_tbi/MultiTalentV2_finetuning/MICCAI_AIMS_TBI/scan_0296_Lesion.nii.gz,scan_0296_Lesion.nii.gz,0296,Lesion,nii.gz,0.033,"(256, 256, 256)",3.0,float32,"(1.0, 1.0, 1.0)",0.0,0.0,0.0,0.0,,
/data/data/DA25S005/miccai_tbi/MultiTalentV2_finetuning/MICCAI_AIMS_TBI/scan_0296_T1.nii.gz,scan_0296_T1.nii.gz,0296,T1,nii.gz,5.859,"(256, 256, 256)",3.0,float32,"(1.0, 1.0, 1.0)",0.0,4875.7715,163.6826,4130548.0,,
/data/data/DA25S005/miccai_tbi/MultiTalentV2_finetuning/MICCAI_AIMS_TBI/scan_0296_bval.txt,scan_0296_bval.txt,0296,bval,txt,0.0,"(1, 33)",1.0,float64,,0.0,1000.0,,,,
/data/data/DA25S005/miccai_tbi/MultiTalentV2_finetuning/MICCAI_AIMS_TBI/scan_0296_bvec.txt,scan_0296_bvec.txt,0296,bvec,txt,0.002,"(3, 33)",2.0,float64,,-0.7071,0.7071,,,,
/data/data/DA25S005/miccai_tbi/MultiTalentV2_finetuning/MICCAI_AIMS_TBI/scan_0296_dMRI.nii.gz,scan_0296_dMRI.nii.gz,0296,dMRI,nii.gz,7.544,"(96, 96, 65, 33)",4.0,float32,"(2.5, 2.5, 2.5)",0.0,5201.7573,53.9655,7996289.0,33.0,
/data/data/DA25S005/miccai_tbi/MultiTalentV2_finetuning/MICCAI_AIMS_TBI/scan_0297_Lesion.nii.gz,scan_0297_Lesion.nii.gz,0297,Lesion,nii.gz,0.033,"(256, 256, 256)",3.0,float32,"(1.0, 1.0, 1.0)",0.0,1.0,0.0,243.0,,
/data/data/DA25S005/miccai_tbi/MultiTalentV2_finetuning/MICCAI_AIMS_TBI/scan_0297_T1.nii.gz,scan_0297_T1.nii.gz,0297,T1,nii.gz,39.635,"(256, 256, 256)",3.0,float32,"(1.0, 1.0, 1.0)",0.0,1308.9839,36.5319,10998941.0,,
/data/data/DA25S005/miccai_tbi/MultiTalentV2_finetuning/MICCAI_AIMS_TBI/scan_0297_bval.txt,scan_0297_bval.txt,0297,bval,txt,0.0,"(1, 65)",1.0,float64,,0.0,1000.0,,,,
/data/data/DA25S005/miccai_tbi/MultiTalentV2_finetuning/MICCAI_AIMS_TBI/scan_0297_bvec.txt,scan_0297_bvec.txt,0297,bvec,txt,0.003,"(65, 3)",2.0,float64,,-0.9641,1.0,,,,
/data/data/DA25S005/miccai_tbi/MultiTalentV2_finetuning/MICCAI_AIMS_TBI/scan_0297_dMRI.nii.gz,scan_0297_dMRI.nii.gz,0297,dMRI,nii.gz,79.616,"(128, 128, 75, 65)",4.0,float32,"(2.0, 2.0, 2.0)",0.0,1815.0,49.8823,79216947.0,65.0,
/data/data/DA25S005/miccai_tbi/MultiTalentV2_finetuning/MICCAI_AIMS_TBI/scan_0298_Lesion.nii.gz,scan_0298_Lesion.nii.gz,0298,Lesion,nii.gz,0.033,"(256, 256, 256)",3.0,float32,"(1.0, 1.0, 1.0)",0.0,0.0,0.0,0.0,,
/data/data/DA25S005/miccai_tbi/MultiTalentV2_finetuning/MICCAI_AIMS_TBI/scan_0298_T1.nii.gz,scan_0298_T1.nii.gz,0298,T1,nii.gz,15.918,"(256, 256, 256)",3.0,float32,"(1.0, 1.0, 1.0)",0.0,1035.0,81.8646,10398095.0,,
/data/data/DA25S005/miccai_tbi/MultiTalentV2_finetuning/MICCAI_AIMS_TBI/scan_0299_Lesion.nii.gz,scan_0299_Lesion.nii.gz,0299,Lesion,nii.gz,0.04,"(256, 256, 256)",3.0,float32,"(1.0, 1.0, 1.0)",0.0,6.0,0.0112,31351.0,,
/data/data/DA25S005/miccai_tbi/MultiTalentV2_finetuning/MICCAI_AIMS_TBI/scan_0299_T1.nii.gz,scan_0299_T1.nii.gz,0299,T1,nii.gz,28.779,"(256, 256, 256)",3.0,float32,"(1.0, 1.0, 1.0)",0.0,2883.8433,193.4198,8351717.0,,
/data/data/DA25S005/miccai_tbi/MultiTalentV2_finetuning/MICCAI_AIMS_TBI/scan_0301_Lesion.nii.gz,scan_0301_Lesion.nii.gz,0301,Lesion,nii.gz,0.067,"(256, 256, 256)",3.0,float32,"(1.0, 1.0, 1.0)",0.0,1.0,0.0002,3795.0,,
/data/data/DA25S005/miccai_tbi/MultiTalentV2_finetuning/MICCAI_AIMS_TBI/scan_0301_T1.nii.gz,scan_0301_T1.nii.gz,0301,T1,nii.gz,22.122,"(256, 256, 256)",3.0,float32,"(1.0, 1.0, 1.0)",0.0,1268.1128,61.5584,6200146.0,,
/data/data/DA25S005/miccai_tbi/MultiTalentV2_finetuning/MICCAI_AIMS_TBI/scan_0301_bval.txt,scan_0301_bval.txt,0301,bval,txt,0.0,"(1, 31)",1.0,float64,,0.0,700.0,,,,
/data/data/DA25S005/miccai_tbi/MultiTalentV2_finetuning/MICCAI_AIMS_TBI/scan_0301_bvec.txt,scan_0301_bvec.txt,0301,bvec,txt,0.001,"(3, 31)",2.0,float64,,-0.9776,0.9772,,,,
/data/data/DA25S005/miccai_tbi/MultiTalentV2_finetuning/MICCAI_AIMS_TBI/scan_0301_dMRI.nii.gz,scan_0301_dMRI.nii.gz,0301,dMRI,nii.gz,32.49,"(144, 132, 65, 31)",4.0,float32,"(2.0, 2.0, 2.0)",0.0,4095.0,43.6795,36427443.0,31.0,
/data/data/DA25S005/miccai_tbi/MultiTalentV2_finetuning/MICCAI_AIMS_TBI/scan_0302_Lesion.nii.gz,scan_0302_Lesion.nii.gz,0302,Lesion,nii.gz,0.033,"(256, 256, 256)",3.0,float32,"(1.0, 1.0, 1.0)",0.0,1.0,0.0001,1317.0,,
/data/data/DA25S005/miccai_tbi/MultiTalentV2_finetuning/MICCAI_AIMS_TBI/scan_0302_T1.nii.gz,scan_0302_T1.nii.gz,0302,T1,nii.gz,31.484,"(256, 256, 256)",3.0,float32,"(1.0, 1.0, 1.0)",0.0,4180.8101,180.8049,9101453.0,,
/data/data/DA25S005/miccai_tbi/MultiTalentV2_finetuning/MICCAI_AIMS_TBI/scan_0308_Lesion.nii.gz,scan_0308_Lesion.nii.gz,0308,Lesion,nii.gz,0.034,"(256, 256, 256)",3.0,float32,"(1.0, 1.0, 1.0)",0.0,4.0,0.0002,3110.0,,
/data/data/DA25S005/miccai_tbi/MultiTalentV2_finetuning/MICCAI_AIMS_TBI/scan_0308_T1.nii.gz,scan_0308_T1.nii.gz,0308,T1,nii.gz,32.655,"(256, 256, 256)",3.0,float32,"(1.0, 1.0, 1.0)",0.0,1838.8638,89.4441,10722245.0,,
/data/data/DA25S005/miccai_tbi/MultiTalentV2_finetuning/MICCAI_AIMS_TBI/scan_0308_bval.txt,scan_0308_bval.txt,0308,bval,txt,0.0,"(1, 65)",1.0,float64,,0.0,1000.0,,,,
/data/data/DA25S005/miccai_tbi/MultiTalentV2_finetuning/MICCAI_AIMS_TBI/scan_0308_bvec.txt,scan_0308_bvec.txt,0308,bvec,txt,0.003,"(3, 65)",2.0,float64,,-0.9847,1.0,,,,
/data/data/DA25S005/miccai_tbi/MultiTalentV2_finetuning/MICCAI_AIMS_TBI/scan_0308_dMRI.nii.gz,scan_0308_dMRI.nii.gz,0308,dMRI,nii.gz,37.794,"(96, 96, 60, 65)",4.0,float32,"(2.208, 2.208, 2.42)",0.0,4095.0,47.2932,35438667.0,65.0,
/data/data/DA25S005/miccai_tbi/MultiTalentV2_finetuning/MICCAI_AIMS_TBI/scan_0310_Lesion.nii.gz,scan_0310_Lesion.nii.gz,0310,Lesion,nii.gz,0.034,"(256, 256, 256)",3.0,float32,"(1.0, 1.0, 1.0)",0.0,1.0,0.0001,2034.0,,
/data/data/DA25S005/miccai_tbi/MultiTalentV2_finetuning/MICCAI_AIMS_TBI/scan_0310_T1.nii.gz,scan_0310_T1.nii.gz,0310,T1,nii.gz,13.124,"(256, 256, 256)",3.0,float32,"(1.0, 1.0, 1.0)",0.0,956.0,40.2355,11444393.0,,
/data/data/DA25S005/miccai_tbi/MultiTalentV2_finetuning/MICCAI_AIMS_TBI/scan_0311_Lesion.nii.gz,scan_0311_Lesion.nii.gz,0311,Lesion,nii.gz,0.04,"(256, 256, 256)",3.0,float32,"(1.0, 1.0, 1.0)",0.0,1.0,0.0022,36202.0,,
/data/data/DA25S005/miccai_tbi/MultiTalentV2_finetuning/MICCAI_AIMS_TBI/scan_0311_T1.nii.gz,scan_0311_T1.nii.gz,0311,T1,nii.gz,39.666,"(256, 256, 256)",3.0,float32,"(1.0, 1.0, 1.0)",0.0,728.9222,34.0983,10998528.0,,
/data/data/DA25S005/miccai_tbi/MultiTalentV2_finetuning/MICCAI_AIMS_TBI/scan_0311_bval.txt,scan_0311_bval.txt,0311,bval,txt,0.0,"(1, 65)",1.0,float64,,0.0,1000.0,,,,
/data/data/DA25S005/miccai_tbi/MultiTalentV2_finetuning/MICCAI_AIMS_TBI/scan_0311_bvec.txt,scan_0311_bvec.txt,0311,bvec,txt,0.003,"(65, 3)",2.0,float64,,-0.9641,1.0,,,,
/data/data/DA25S005/miccai_tbi/MultiTalentV2_finetuning/MICCAI_AIMS_TBI/scan_0311_dMRI.nii.gz,scan_0311_dMRI.nii.gz,0311,dMRI,nii.gz,80.765,"(128, 128, 75, 65)",4.0,float32,"(2.0, 2.0, 2.0)",0.0,2829.0,51.3885,79257072.0,65.0,
/data/data/DA25S005/miccai_tbi/MultiTalentV2_finetuning/MICCAI_AIMS_TBI/scan_0315_Lesion.nii.gz,scan_0315_Lesion.nii.gz,0315,Lesion,nii.gz,0.037,"(256, 256, 256)",3.0,float32,"(1.0, 1.0, 1.0)",0.0,5.0,0.0005,6714.0,,
/data/data/DA25S005/miccai_tbi/MultiTalentV2_finetuning/MICCAI_AIMS_TBI/scan_0315_T1.nii.gz,scan_0315_T1.nii.gz,0315,T1,nii.gz,34.248,"(256, 256, 256)",3.0,float32,"(1.0, 1.0, 1.0)",0.0,22564.4844,475.1286,9574413.0,,
/data/data/DA25S005/miccai_tbi/MultiTalentV2_finetuning/MICCAI_AIMS_TBI/scan_0316_Lesion.nii.gz,scan_0316_Lesion.nii.gz,0316,Lesion,nii.gz,0.034,"(256, 256, 256)",3.0,float32,"(1.0, 1.0, 1.0)",0.0,5.0,0.0001,1091.0,,
/data/data/DA25S005/miccai_tbi/MultiTalentV2_finetuning/MICCAI_AIMS_TBI/scan_0316_T1.nii.gz,scan_0316_T1.nii.gz,0316,T1,nii.gz,18.617,"(256, 256, 256)",3.0,float32,"(1.0, 1.0, 1.0)",0.0,900.6364,40.6666,6160613.0,,
/data/data/DA25S005/miccai_tbi/MultiTalentV2_finetuning/MICCAI_AIMS_TBI/scan_0316_bval.txt,scan_0316_bval.txt,0316,bval,txt,0.0,"(1, 65)",1.0,float64,,0.0,1000.0,,,,
/data/data/DA25S005/miccai_tbi/MultiTalentV2_finetuning/MICCAI_AIMS_TBI/scan_0316_bvec.txt,scan_0316_bvec.txt,0316,bvec,txt,0.004,"(3, 65)",2.0,float64,,-0.974,1.0,,,,
/data/data/DA25S005/miccai_tbi/MultiTalentV2_finetuning/MICCAI_AIMS_TBI/scan_0316_dMRI.nii.gz,scan_0316_dMRI.nii.gz,0316,dMRI,nii.gz,37.786,"(96, 96, 60, 65)",4.0,float32,"(2.208, 2.208, 2.42)",0.0,4095.0,49.1924,35437183.0,65.0,
/data/data/DA25S005/miccai_tbi/MultiTalentV2_finetuning/MICCAI_AIMS_TBI/scan_0320_Lesion.nii.gz,scan_0320_Lesion.nii.gz,0320,Lesion,nii.gz,0.033,"(256, 256, 256)",3.0,float32,"(1.0, 1.0, 1.0)",0.0,0.0,0.0,0.0,,
/data/data/DA25S005/miccai_tbi/MultiTalentV2_finetuning/MICCAI_AIMS_TBI/scan_0320_T1.nii.gz,scan_0320_T1.nii.gz,0320,T1,nii.gz,22.005,"(256, 256, 256)",3.0,float32,"(1.0, 1.0, 1.0)",0.0,1216.7632,63.3782,6172038.0,,
/data/data/DA25S005/miccai_tbi/MultiTalentV2_finetuning/MICCAI_AIMS_TBI/scan_0320_bval.txt,scan_0320_bval.txt,0320,bval,txt,0.0,"(1, 31)",1.0,float64,,0.0,700.0,,,,
/data/data/DA25S005/miccai_tbi/MultiTalentV2_finetuning/MICCAI_AIMS_TBI/scan_0320_bvec.txt,scan_0320_bvec.txt,0320,bvec,txt,0.001,"(3, 31)",2.0,float64,,-0.9891,0.9883,,,,
/data/data/DA25S005/miccai_tbi/MultiTalentV2_finetuning/MICCAI_AIMS_TBI/scan_0320_dMRI.nii.gz,scan_0320_dMRI.nii.gz,0320,dMRI,nii.gz,32.856,"(144, 132, 65, 31)",4.0,float32,"(2.0, 2.0, 2.0)",0.0,4095.0,50.0521,36309122.0,31.0,
/data/data/DA25S005/miccai_tbi/MultiTalentV2_finetuning/MICCAI_AIMS_TBI/scan_0323_Lesion.nii.gz,scan_0323_Lesion.nii.gz,0323,Lesion,nii.gz,0.072,"(256, 256, 256)",3.0,float32,"(1.0, 1.0, 1.0)",0.0,5.0,0.0007,11214.0,,
/data/data/DA25S005/miccai_tbi/MultiTalentV2_finetuning/MICCAI_AIMS_TBI/scan_0323_T1.nii.gz,scan_0323_T1.nii.gz,0323,T1,nii.gz,21.185,"(256, 256, 256)",3.0,float32,"(1.0, 1.0, 1.0)",0.0,1033.0001,48.4772,6895981.0,,
/data/data/DA25S005/miccai_tbi/MultiTalentV2_finetuning/MICCAI_AIMS_TBI/scan_0324_Lesion.nii.gz,scan_0324_Lesion.nii.gz,0324,Lesion,nii.gz,0.033,"(256, 256, 256)",3.0,float32,"(1.0, 1.0, 1.0)",0.0,1.0,0.0,35.0,,
/data/data/DA25S005/miccai_tbi/MultiTalentV2_finetuning/MICCAI_AIMS_TBI/scan_0324_T1.nii.gz,scan_0324_T1.nii.gz,0324,T1,nii.gz,28.894,"(256, 256, 256)",3.0,float32,"(1.0, 1.0, 1.0)",0.0,9539.3203,373.7693,8100295.0,,
/data/data/DA25S005/miccai_tbi/MultiTalentV2_finetuning/MICCAI_AIMS_TBI/scan_0328_Lesion.nii.gz,scan_0328_Lesion.nii.gz,0328,Lesion,nii.gz,0.049,"(256, 190, 256)",3.0,float32,"(1.0, 1.0, 1.0)",0.0,0.0,0.0,0.0,,
/data/data/DA25S005/miccai_tbi/MultiTalentV2_finetuning/MICCAI_AIMS_TBI/scan_0328_T1.nii.gz,scan_0328_T1.nii.gz,0328,T1,nii.gz,7.808,"(256, 190, 256)",3.0,float32,"(1.0, 1.0, 1.0)",0.0,2979544.25,131451.7188,4908264.0,,
/data/data/DA25S005/miccai_tbi/MultiTalentV2_finetuning/MICCAI_AIMS_TBI/scan_0328_bval.txt,scan_0328_bval.txt,0328,bval,txt,0.0,"(1, 33)",1.0,float64,,0.0,700.0,,,,
/data/data/DA25S005/miccai_tbi/MultiTalentV2_finetuning/MICCAI_AIMS_TBI/scan_0328_bvec.txt,scan_0328_bvec.txt,0328,bvec,txt,0.001,"(3, 33)",2.0,float64,,-1.0,1.0,,,,
/data/data/DA25S005/miccai_tbi/MultiTalentV2_finetuning/MICCAI_AIMS_TBI/scan_0328_dMRI.nii.gz,scan_0328_dMRI.nii.gz,0328,dMRI,nii.gz,84.7,"(256, 256, 60, 33)",4.0,float32,"(0.828, 0.828, 2.2)",0.0,445334.0938,5257.2158,79801082.0,33.0,
/data/data/DA25S005/miccai_tbi/MultiTalentV2_finetuning/MICCAI_AIMS_TBI/scan_0329_Lesion.nii.gz,scan_0329_Lesion.nii.gz,0329,Lesion,nii.gz,0.033,"(256, 256, 256)",3.0,float32,"(1.0, 1.0, 1.0)",0.0,0.0,0.0,0.0,,
/data/data/DA25S005/miccai_tbi/MultiTalentV2_finetuning/MICCAI_AIMS_TBI/scan_0329_T1.nii.gz,scan_0329_T1.nii.gz,0329,T1,nii.gz,11.018,"(256, 256, 256)",3.0,float32,"(1.0, 1.0, 1.0)",0.0,2612.7446,127.8955,8192354.0,,
/data/data/DA25S005/miccai_tbi/MultiTalentV2_finetuning/MICCAI_AIMS_TBI/scan_0331_Lesion.nii.gz,scan_0331_Lesion.nii.gz,0331,Lesion,nii.gz,0.033,"(256, 256, 256)",3.0,float32,"(1.0, 1.0, 1.0)",0.0,1.0,0.0,412.0,,
/data/data/DA25S005/miccai_tbi/MultiTalentV2_finetuning/MICCAI_AIMS_TBI/scan_0331_T1.nii.gz,scan_0331_T1.nii.gz,0331,T1,nii.gz,9.041,"(256, 256, 256)",3.0,float32,"(1.0, 1.0, 1.0)",0.0,1108.75,44.343,4361799.0,,
/data/data/DA25S005/miccai_tbi/MultiTalentV2_finetuning/MICCAI_AIMS_TBI/scan_0331_bval.txt,scan_0331_bval.txt,0331,bval,txt,0.0,"(1, 70)",1.0,float64,,0.0,2000.0,,,,
/data/data/DA25S005/miccai_tbi/MultiTalentV2_finetuning/MICCAI_AIMS_TBI/scan_0331_bvec.txt,scan_0331_bvec.txt,0331,bvec,txt,0.003,"(3, 70)",2.0,float64,,-0.9949,0.9998,,,,
/data/data/DA25S005/miccai_tbi/MultiTalentV2_finetuning/MICCAI_AIMS_TBI/scan_0331_dMRI.nii.gz,scan_0331_dMRI.nii.gz,0331,dMRI,nii.gz,61.411,"(128, 128, 64, 70)",4.0,float32,"(2.0, 2.0, 2.0)",0.0,4044.0,23.5666,71055773.0,70.0,
/data/data/DA25S005/miccai_tbi/MultiTalentV2_finetuning/MICCAI_AIMS_TBI/scan_0333_Lesion.nii.gz,scan_0333_Lesion.nii.gz,0333,Lesion,nii.gz,0.033,"(256, 256, 256)",3.0,float32,"(1.0, 1.0, 1.0)",0.0,0.0,0.0,0.0,,
/data/data/DA25S005/miccai_tbi/MultiTalentV2_finetuning/MICCAI_AIMS_TBI/scan_0333_T1.nii.gz,scan_0333_T1.nii.gz,0333,T1,nii.gz,30.196,"(256, 256, 256)",3.0,float32,"(1.0, 1.0, 1.0)",0.0,7430.7695,302.4567,8561311.0,,
/data/data/DA25S005/miccai_tbi/MultiTalentV2_finetuning/MICCAI_AIMS_TBI/scan_0340_Lesion.nii.gz,scan_0340_Lesion.nii.gz,0340,Lesion,nii.gz,0.033,"(256, 256, 256)",3.0,float32,"(1.0, 1.0, 1.0)",0.0,5.0,0.0,124.0,,
/data/data/DA25S005/miccai_tbi/MultiTalentV2_finetuning/MICCAI_AIMS_TBI/scan_0340_T1.nii.gz,scan_0340_T1.nii.gz,0340,T1,nii.gz,13.766,"(256, 256, 256)",3.0,float32,"(1.0, 1.0, 1.0)",0.0,885.0,47.7629,11444397.0,,
/data/data/DA25S005/miccai_tbi/MultiTalentV2_finetuning/MICCAI_AIMS_TBI/scan_0341_Lesion.nii.gz,scan_0341_Lesion.nii.gz,0341,Lesion,nii.gz,0.033,"(256, 256, 256)",3.0,float32,"(1.0, 1.0, 1.0)",0.0,0.0,0.0,0.0,,
/data/data/DA25S005/miccai_tbi/MultiTalentV2_finetuning/MICCAI_AIMS_TBI/scan_0341_T1.nii.gz,scan_0341_T1.nii.gz,0341,T1,nii.gz,4.958,"(256, 256, 256)",3.0,float32,"(1.0, 1.0, 1.0)",0.0,5113.4121,129.7446,3456196.0,,
/data/data/DA25S005/miccai_tbi/MultiTalentV2_finetuning/MICCAI_AIMS_TBI/scan_0341_bval.txt,scan_0341_bval.txt,0341,bval,txt,0.0,"(1, 33)",1.0,float64,,0.0,1000.0,,,,
/data/data/DA25S005/miccai_tbi/MultiTalentV2_finetuning/MICCAI_AIMS_TBI/scan_0341_bvec.txt,scan_0341_bvec.txt,0341,bvec,txt,0.002,"(3, 33)",2.0,float64,,-0.7071,0.7071,,,,
/data/data/DA25S005/miccai_tbi/MultiTalentV2_finetuning/MICCAI_AIMS_TBI/scan_0341_dMRI.nii.gz,scan_0341_dMRI.nii.gz,0341,dMRI,nii.gz,6.751,"(96, 96, 65, 33)",4.0,float32,"(2.5, 2.5, 2.5)",0.0,3842.9329,43.6325,6917584.0,33.0,
/data/data/DA25S005/miccai_tbi/MultiTalentV2_finetuning/MICCAI_AIMS_TBI/scan_0344_Lesion.nii.gz,scan_0344_Lesion.nii.gz,0344,Lesion,nii.gz,0.033,"(256, 256, 256)",3.0,float32,"(1.0, 1.0, 1.0)",0.0,0.0,0.0,0.0,,
/data/data/DA25S005/miccai_tbi/MultiTalentV2_finetuning/MICCAI_AIMS_TBI/scan_0344_T1.nii.gz,scan_0344_T1.nii.gz,0344,T1,nii.gz,9.796,"(256, 256, 256)",3.0,float32,"(1.0, 1.0, 1.0)",0.0,1724.0,64.0421,5478851.0,,
/data/data/DA25S005/miccai_tbi/MultiTalentV2_finetuning/MICCAI_AIMS_TBI/scan_0346_Lesion.nii.gz,scan_0346_Lesion.nii.gz,0346,Lesion,nii.gz,0.039,"(256, 256, 256)",3.0,float32,"(1.0, 1.0, 1.0)",0.0,5.0,0.0014,22432.0,,
/data/data/DA25S005/miccai_tbi/MultiTalentV2_finetuning/MICCAI_AIMS_TBI/scan_0346_T1.nii.gz,scan_0346_T1.nii.gz,0346,T1,nii.gz,12.073,"(256, 256, 256)",3.0,float32,"(1.0, 1.0, 1.0)",0.0,1006.0,42.4068,11264368.0,,
/data/data/DA25S005/miccai_tbi/MultiTalentV2_finetuning/MICCAI_AIMS_TBI/scan_0351_Lesion.nii.gz,scan_0351_Lesion.nii.gz,0351,Lesion,nii.gz,0.033,"(256, 256, 256)",3.0,float32,"(1.0, 1.0, 1.0)",0.0,1.0,0.0001,868.0,,
/data/data/DA25S005/miccai_tbi/MultiTalentV2_finetuning/MICCAI_AIMS_TBI/scan_0351_T1.nii.gz,scan_0351_T1.nii.gz,0351,T1,nii.gz,15.89,"(256, 256, 256)",3.0,float32,"(1.0, 1.0, 1.0)",0.0,1004.0,86.3687,10396093.0,,
/data/data/DA25S005/miccai_tbi/MultiTalentV2_finetuning/MICCAI_AIMS_TBI/scan_0354_Lesion.nii.gz,scan_0354_Lesion.nii.gz,0354,Lesion,nii.gz,0.035,"(256, 256, 256)",3.0,float32,"(1.0, 1.0, 1.0)",0.0,5.0,0.0004,6265.0,,
/data/data/DA25S005/miccai_tbi/MultiTalentV2_finetuning/MICCAI_AIMS_TBI/scan_0354_T1.nii.gz,scan_0354_T1.nii.gz,0354,T1,nii.gz,10.795,"(256, 256, 256)",3.0,float32,"(1.0, 1.0, 1.0)",0.0,2473.1077,119.422,8235716.0,,
/data/data/DA25S005/miccai_tbi/MultiTalentV2_finetuning/MICCAI_AIMS_TBI/scan_0354_bval.txt,scan_0354_bval.txt,0354,bval,txt,0.0,"(1, 16)",1.0,float64,,0.0,860.0,,,,
/data/data/DA25S005/miccai_tbi/MultiTalentV2_finetuning/MICCAI_AIMS_TBI/scan_0354_bvec.txt,scan_0354_bvec.txt,0354,bvec,txt,0.001,"(3, 16)",2.0,float64,,-1.0,1.0,,,,
/data/data/DA25S005/miccai_tbi/MultiTalentV2_finetuning/MICCAI_AIMS_TBI/scan_0354_dMRI.nii.gz,scan_0354_dMRI.nii.gz,0354,dMRI,nii.gz,12.125,"(128, 128, 55, 16)",4.0,float32,"(2.0, 2.0, 2.7)",0.0,6899.1743,74.5961,13216597.0,16.0,
/data/data/DA25S005/miccai_tbi/MultiTalentV2_finetuning/MICCAI_AIMS_TBI/scan_0359_Lesion.nii.gz,scan_0359_Lesion.nii.gz,0359,Lesion,nii.gz,0.033,"(256, 256, 256)",3.0,float32,"(1.0, 1.0, 1.0)",0.0,5.0,0.0001,238.0,,
/data/data/DA25S005/miccai_tbi/MultiTalentV2_finetuning/MICCAI_AIMS_TBI/scan_0359_T1.nii.gz,scan_0359_T1.nii.gz,0359,T1,nii.gz,5.162,"(256, 256, 256)",3.0,float32,"(1.0, 1.0, 1.0)",0.0,3987.4851,143.3827,3560673.0,,
/data/data/DA25S005/miccai_tbi/MultiTalentV2_finetuning/MICCAI_AIMS_TBI/scan_0360_Lesion.nii.gz,scan_0360_Lesion.nii.gz,0360,Lesion,nii.gz,0.033,"(256, 256, 256)",3.0,float32,"(1.0, 1.0, 1.0)",0.0,0.0,0.0,0.0,,
/data/data/DA25S005/miccai_tbi/MultiTalentV2_finetuning/MICCAI_AIMS_TBI/scan_0360_T1.nii.gz,scan_0360_T1.nii.gz,0360,T1,nii.gz,8.765,"(256, 256, 256)",3.0,float32,"(1.0, 1.0, 1.0)",0.0,1111.5,47.1106,4290304.0,,
/data/data/DA25S005/miccai_tbi/MultiTalentV2_finetuning/MICCAI_AIMS_TBI/scan_0360_bval.txt,scan_0360_bval.txt,0360,bval,txt,0.0,"(1, 70)",1.0,float64,,0.0,2000.0,,,,
/data/data/DA25S005/miccai_tbi/MultiTalentV2_finetuning/MICCAI_AIMS_TBI/scan_0360_bvec.txt,scan_0360_bvec.txt,0360,bvec,txt,0.003,"(3, 70)",2.0,float64,,-0.9904,0.9957,,,,
/data/data/DA25S005/miccai_tbi/MultiTalentV2_finetuning/MICCAI_AIMS_TBI/scan_0360_dMRI.nii.gz,scan_0360_dMRI.nii.gz,0360,dMRI,nii.gz,63.084,"(128, 128, 64, 70)",4.0,float32,"(2.0, 2.0, 2.0)",0.0,3033.0,26.3169,71186863.0,70.0,
/data/data/DA25S005/miccai_tbi/MultiTalentV2_finetuning/MICCAI_AIMS_TBI/scan_0361_Lesion.nii.gz,scan_0361_Lesion.nii.gz,0361,Lesion,nii.gz,0.033,"(256, 256, 256)",3.0,float32,"(1.0, 1.0, 1.0)",0.0,0.0,0.0,0.0,,
/data/data/DA25S005/miccai_tbi/MultiTalentV2_finetuning/MICCAI_AIMS_TBI/scan_0361_T1.nii.gz,scan_0361_T1.nii.gz,0361,T1,nii.gz,26.447,"(256, 256, 256)",3.0,float32,"(1.0, 1.0, 1.0)",0.0,7710.0332,363.6483,7434576.0,,
/data/data/DA25S005/miccai_tbi/MultiTalentV2_finetuning/MICCAI_AIMS_TBI/scan_0362_Lesion.nii.gz,scan_0362_Lesion.nii.gz,0362,Lesion,nii.gz,0.036,"(256, 256, 256)",3.0,float32,"(1.0, 1.0, 1.0)",0.0,1.0,0.0004,6721.0,,
/data/data/DA25S005/miccai_tbi/MultiTalentV2_finetuning/MICCAI_AIMS_TBI/scan_0362_T1.nii.gz,scan_0362_T1.nii.gz,0362,T1,nii.gz,10.273,"(256, 256, 256)",3.0,float32,"(1.0, 1.0, 1.0)",0.0,1262.0,46.9183,7018961.0,,
/data/data/DA25S005/miccai_tbi/MultiTalentV2_finetuning/MICCAI_AIMS_TBI/scan_0365_Lesion.nii.gz,scan_0365_Lesion.nii.gz,0365,Lesion,nii.gz,0.033,"(256, 256, 256)",3.0,float32,"(1.0, 1.0, 1.0)",0.0,0.0,0.0,0.0,,
/data/data/DA25S005/miccai_tbi/MultiTalentV2_finetuning/MICCAI_AIMS_TBI/scan_0365_T1.nii.gz,scan_0365_T1.nii.gz,0365,T1,nii.gz,7.415,"(256, 256, 256)",3.0,float32,"(1.0, 1.0, 1.0)",0.0,3182.7559,170.6401,5153392.0,,
/data/data/DA25S005/miccai_tbi/MultiTalentV2_finetuning/MICCAI_AIMS_TBI/scan_0365_bval.txt,scan_0365_bval.txt,0365,bval,txt,0.0,"(1, 33)",1.0,float64,,0.0,1000.0,,,,
/data/data/DA25S005/miccai_tbi/MultiTalentV2_finetuning/MICCAI_AIMS_TBI/scan_0365_bvec.txt,scan_0365_bvec.txt,0365,bvec,txt,0.002,"(3, 33)",2.0,float64,,-0.7071,0.7071,,,,
/data/data/DA25S005/miccai_tbi/MultiTalentV2_finetuning/MICCAI_AIMS_TBI/scan_0365_dMRI.nii.gz,scan_0365_dMRI.nii.gz,0365,dMRI,nii.gz,8.642,"(96, 96, 65, 33)",4.0,float32,"(2.5, 2.5, 2.5)",0.0,4269.2964,47.0156,9183719.0,33.0,
/data/data/DA25S005/miccai_tbi/MultiTalentV2_finetuning/MICCAI_AIMS_TBI/scan_0367_Lesion.nii.gz,scan_0367_Lesion.nii.gz,0367,Lesion,nii.gz,0.034,"(256, 256, 256)",3.0,float32,"(1.0, 1.0, 1.0)",0.0,5.0,0.0004,1270.0,,
/data/data/DA25S005/miccai_tbi/MultiTalentV2_finetuning/MICCAI_AIMS_TBI/scan_0367_T1.nii.gz,scan_0367_T1.nii.gz,0367,T1,nii.gz,13.576,"(256, 256, 256)",3.0,float32,"(1.0, 1.0, 1.0)",0.0,953.0,42.8403,11444396.0,,
/data/data/DA25S005/miccai_tbi/MultiTalentV2_finetuning/MICCAI_AIMS_TBI/scan_0368_Lesion.nii.gz,scan_0368_Lesion.nii.gz,0368,Lesion,nii.gz,0.033,"(256, 256, 256)",3.0,float32,"(1.0, 1.0, 1.0)",0.0,0.0,0.0,0.0,,
/data/data/DA25S005/miccai_tbi/MultiTalentV2_finetuning/MICCAI_AIMS_TBI/scan_0368_T1.nii.gz,scan_0368_T1.nii.gz,0368,T1,nii.gz,14.656,"(256, 256, 256)",3.0,float32,"(1.0, 1.0, 1.0)",0.0,1097551.0,20248.2207,3925082.0,,
/data/data/DA25S005/miccai_tbi/MultiTalentV2_finetuning/MICCAI_AIMS_TBI/scan_0368_bval.txt,scan_0368_bval.txt,0368,bval,txt,0.0,"(1, 33)",1.0,float64,,0.0,700.0,,,,
/data/data/DA25S005/miccai_tbi/MultiTalentV2_finetuning/MICCAI_AIMS_TBI/scan_0368_bvec.txt,scan_0368_bvec.txt,0368,bvec,txt,0.001,"(3, 33)",2.0,float64,,-1.0,1.0,,,,
/data/data/DA25S005/miccai_tbi/MultiTalentV2_finetuning/MICCAI_AIMS_TBI/scan_0368_dMRI.nii.gz,scan_0368_dMRI.nii.gz,0368,dMRI,nii.gz,73.598,"(256, 256, 70, 33)",4.0,float32,"(0.828, 0.828, 2.2)",0.0,110597.125,1771.7021,81325495.0,33.0,
/data/data/DA25S005/miccai_tbi/MultiTalentV2_finetuning/MICCAI_AIMS_TBI/scan_0371_Lesion.nii.gz,scan_0371_Lesion.nii.gz,0371,Lesion,nii.gz,0.034,"(256, 256, 256)",3.0,float32,"(1.0, 1.0, 1.0)",0.0,1.0,0.0001,2299.0,,
/data/data/DA25S005/miccai_tbi/MultiTalentV2_finetuning/MICCAI_AIMS_TBI/scan_0371_T1.nii.gz,scan_0371_T1.nii.gz,0371,T1,nii.gz,9.31,"(256, 256, 256)",3.0,float32,"(1.0, 1.0, 1.0)",0.0,1470.0,62.0129,5301744.0,,
/data/data/DA25S005/miccai_tbi/MultiTalentV2_finetuning/MICCAI_AIMS_TBI/scan_0379_Lesion.nii.gz,scan_0379_Lesion.nii.gz,0379,Lesion,nii.gz,0.147,"(256, 256, 256)",3.0,float32,"(1.0, 1.0, 1.0)",0.0,1.0,0.0,443.0,,
/data/data/DA25S005/miccai_tbi/MultiTalentV2_finetuning/MICCAI_AIMS_TBI/scan_0379_T1.nii.gz,scan_0379_T1.nii.gz,0379,T1,nii.gz,9.258,"(256, 256, 256)",3.0,float32,"(1.0, 1.0, 1.0)",0.0,1334.0,58.0344,5676116.0,,
/data/data/DA25S005/miccai_tbi/MultiTalentV2_finetuning/MICCAI_AIMS_TBI/scan_0380_Lesion.nii.gz,scan_0380_Lesion.nii.gz,0380,Lesion,nii.gz,0.033,"(256, 256, 256)",3.0,float32,"(1.0, 1.0, 1.0)",0.0,1.0,0.0,132.0,,
/data/data/DA25S005/miccai_tbi/MultiTalentV2_finetuning/MICCAI_AIMS_TBI/scan_0380_T1.nii.gz,scan_0380_T1.nii.gz,0380,T1,nii.gz,29.35,"(256, 256, 256)",3.0,float32,"(1.0, 1.0, 1.0)",0.0,7187.8765,364.6266,8285559.0,,
/data/data/DA25S005/miccai_tbi/MultiTalentV2_finetuning/MICCAI_AIMS_TBI/scan_0381_Lesion.nii.gz,scan_0381_Lesion.nii.gz,0381,Lesion,nii.gz,0.033,"(256, 256, 256)",3.0,float32,"(1.0, 1.0, 1.0)",0.0,5.0,0.0,340.0,,
/data/data/DA25S005/miccai_tbi/MultiTalentV2_finetuning/MICCAI_AIMS_TBI/scan_0381_T1.nii.gz,scan_0381_T1.nii.gz,0381,T1,nii.gz,14.733,"(256, 256, 256)",3.0,float32,"(1.0, 1.0, 1.0)",0.0,1202.0,58.7407,11313314.0,,
/data/data/DA25S005/miccai_tbi/MultiTalentV2_finetuning/MICCAI_AIMS_TBI/scan_0382_Lesion.nii.gz,scan_0382_Lesion.nii.gz,0382,Lesion,nii.gz,0.033,"(256, 256, 256)",3.0,float32,"(1.0, 1.0, 1.0)",0.0,0.0,0.0,0.0,,
/data/data/DA25S005/miccai_tbi/MultiTalentV2_finetuning/MICCAI_AIMS_TBI/scan_0382_T1.nii.gz,scan_0382_T1.nii.gz,0382,T1,nii.gz,36.244,"(256, 256, 256)",3.0,float32,"(1.0, 1.0, 1.0)",0.0,10500.9697,438.347,10207110.0,,
/data/data/DA25S005/miccai_tbi/MultiTalentV2_finetuning/MICCAI_AIMS_TBI/scan_0385_Lesion.nii.gz,scan_0385_Lesion.nii.gz,0385,Lesion,nii.gz,0.033,"(256, 256, 256)",3.0,float32,"(1.0, 1.0, 1.0)",0.0,0.0,0.0,0.0,,
/data/data/DA25S005/miccai_tbi/MultiTalentV2_finetuning/MICCAI_AIMS_TBI/scan_0385_T1.nii.gz,scan_0385_T1.nii.gz,0385,T1,nii.gz,16.017,"(256, 256, 256)",3.0,float32,"(1.0, 1.0, 1.0)",0.0,1043.0,92.8826,10397527.0,,
/data/data/DA25S005/miccai_tbi/MultiTalentV2_finetuning/MICCAI_AIMS_TBI/scan_0386_Lesion.nii.gz,scan_0386_Lesion.nii.gz,0386,Lesion,nii.gz,0.033,"(256, 256, 256)",3.0,float32,"(1.0, 1.0, 1.0)",0.0,0.0,0.0,0.0,,
/data/data/DA25S005/miccai_tbi/MultiTalentV2_finetuning/MICCAI_AIMS_TBI/scan_0386_T1.nii.gz,scan_0386_T1.nii.gz,0386,T1,nii.gz,14.462,"(256, 256, 256)",3.0,float32,"(1.0, 1.0, 1.0)",0.0,1282172.0,23095.4941,3876552.0,,
/data/data/DA25S005/miccai_tbi/MultiTalentV2_finetuning/MICCAI_AIMS_TBI/scan_0386_bval.txt,scan_0386_bval.txt,0386,bval,txt,0.0,"(1, 33)",1.0,float64,,0.0,700.0,,,,
/data/data/DA25S005/miccai_tbi/MultiTalentV2_finetuning/MICCAI_AIMS_TBI/scan_0386_bvec.txt,scan_0386_bvec.txt,0386,bvec,txt,0.001,"(3, 33)",2.0,float64,,-1.0,1.0,,,,
/data/data/DA25S005/miccai_tbi/MultiTalentV2_finetuning/MICCAI_AIMS_TBI/scan_0386_dMRI.nii.gz,scan_0386_dMRI.nii.gz,0386,dMRI,nii.gz,76.367,"(256, 256, 70, 33)",4.0,float32,"(0.828, 0.828, 2.2)",0.0,204256.6719,2312.5896,81951397.0,33.0,
/data/data/DA25S005/miccai_tbi/MultiTalentV2_finetuning/MICCAI_AIMS_TBI/scan_0387_Lesion.nii.gz,scan_0387_Lesion.nii.gz,0387,Lesion,nii.gz,0.033,"(256, 256, 256)",3.0,float32,"(1.0, 1.0, 1.0)",0.0,5.0,0.0,23.0,,
/data/data/DA25S005/miccai_tbi/MultiTalentV2_finetuning/MICCAI_AIMS_TBI/scan_0387_T1.nii.gz,scan_0387_T1.nii.gz,0387,T1,nii.gz,5.985,"(256, 256, 256)",3.0,float32,"(1.0, 1.0, 1.0)",0.0,1655065.25,28479.9961,3999405.0,,
/data/data/DA25S005/miccai_tbi/MultiTalentV2_finetuning/MICCAI_AIMS_TBI/scan_0387_bval.txt,scan_0387_bval.txt,0387,bval,txt,0.0,"(1, 33)",1.0,float64,,0.0,700.0,,,,
/data/data/DA25S005/miccai_tbi/MultiTalentV2_finetuning/MICCAI_AIMS_TBI/scan_0387_bvec.txt,scan_0387_bvec.txt,0387,bvec,txt,0.001,"(3, 33)",2.0,float64,,-1.0,1.0,,,,
/data/data/DA25S005/miccai_tbi/MultiTalentV2_finetuning/MICCAI_AIMS_TBI/scan_0387_dMRI.nii.gz,scan_0387_dMRI.nii.gz,0387,dMRI,nii.gz,75.727,"(256, 256, 70, 33)",4.0,float32,"(0.828, 0.828, 2.2)",0.0,173837.1875,2322.3857,79641871.0,33.0,
/data/data/DA25S005/miccai_tbi/MultiTalentV2_finetuning/MICCAI_AIMS_TBI/scan_0390_Lesion.nii.gz,scan_0390_Lesion.nii.gz,0390,Lesion,nii.gz,0.035,"(256, 256, 256)",3.0,float32,"(1.0, 1.0, 1.0)",0.0,5.0,0.0004,6119.0,,
/data/data/DA25S005/miccai_tbi/MultiTalentV2_finetuning/MICCAI_AIMS_TBI/scan_0390_T1.nii.gz,scan_0390_T1.nii.gz,0390,T1,nii.gz,11.357,"(256, 256, 256)",3.0,float32,"(1.0, 1.0, 1.0)",0.0,2576.8782,132.691,8239461.0,,
/data/data/DA25S005/miccai_tbi/MultiTalentV2_finetuning/MICCAI_AIMS_TBI/scan_0390_bval.txt,scan_0390_bval.txt,0390,bval,txt,0.0,"(1, 16)",1.0,float64,,0.0,860.0,,,,
/data/data/DA25S005/miccai_tbi/MultiTalentV2_finetuning/MICCAI_AIMS_TBI/scan_0390_bvec.txt,scan_0390_bvec.txt,0390,bvec,txt,0.001,"(3, 16)",2.0,float64,,-1.0,1.0,,,,
/data/data/DA25S005/miccai_tbi/MultiTalentV2_finetuning/MICCAI_AIMS_TBI/scan_0390_dMRI.nii.gz,scan_0390_dMRI.nii.gz,0390,dMRI,nii.gz,12.644,"(128, 128, 58, 16)",4.0,float32,"(2.0, 2.0, 2.7)",0.0,7059.1128,68.5871,13887327.0,16.0,
/data/data/DA25S005/miccai_tbi/MultiTalentV2_finetuning/MICCAI_AIMS_TBI/scan_0393_Lesion.nii.gz,scan_0393_Lesion.nii.gz,0393,Lesion,nii.gz,0.033,"(256, 256, 256)",3.0,float32,"(1.0, 1.0, 1.0)",0.0,0.0,0.0,0.0,,
/data/data/DA25S005/miccai_tbi/MultiTalentV2_finetuning/MICCAI_AIMS_TBI/scan_0393_T1.nii.gz,scan_0393_T1.nii.gz,0393,T1,nii.gz,33.617,"(256, 256, 256)",3.0,float32,"(1.0, 1.0, 1.0)",0.0,7616.1787,422.6464,9466187.0,,
/data/data/DA25S005/miccai_tbi/MultiTalentV2_finetuning/MICCAI_AIMS_TBI/scan_0394_Lesion.nii.gz,scan_0394_Lesion.nii.gz,0394,Lesion,nii.gz,0.033,"(256, 256, 256)",3.0,float32,"(1.0, 1.0, 1.0)",0.0,0.0,0.0,0.0,,
/data/data/DA25S005/miccai_tbi/MultiTalentV2_finetuning/MICCAI_AIMS_TBI/scan_0394_T1.nii.gz,scan_0394_T1.nii.gz,0394,T1,nii.gz,10.918,"(256, 256, 256)",3.0,float32,"(1.0, 1.0, 1.0)",0.0,1066.0,64.6204,6488936.0,,
/data/data/DA25S005/miccai_tbi/MultiTalentV2_finetuning/MICCAI_AIMS_TBI/scan_0395_Lesion.nii.gz,scan_0395_Lesion.nii.gz,0395,Lesion,nii.gz,0.033,"(256, 256, 256)",3.0,float32,"(1.0, 1.0, 1.0)",0.0,0.0,0.0,0.0,,
/data/data/DA25S005/miccai_tbi/MultiTalentV2_finetuning/MICCAI_AIMS_TBI/scan_0395_T1.nii.gz,scan_0395_T1.nii.gz,0395,T1,nii.gz,10.295,"(256, 256, 256)",3.0,float32,"(1.0, 1.0, 1.0)",0.0,1338.0,51.3161,6924152.0,,
/data/data/DA25S005/miccai_tbi/MultiTalentV2_finetuning/MICCAI_AIMS_TBI/scan_0398_Lesion.nii.gz,scan_0398_Lesion.nii.gz,0398,Lesion,nii.gz,0.043,"(256, 256, 256)",3.0,float32,"(1.0, 1.0, 1.0)",0.0,5.0,0.0021,33479.0,,
/data/data/DA25S005/miccai_tbi/MultiTalentV2_finetuning/MICCAI_AIMS_TBI/scan_0398_T1.nii.gz,scan_0398_T1.nii.gz,0398,T1,nii.gz,11.721,"(256, 256, 256)",3.0,float32,"(1.0, 1.0, 1.0)",0.0,821.0,35.7624,11332862.0,,
/data/data/DA25S005/miccai_tbi/MultiTalentV2_finetuning/MICCAI_AIMS_TBI/scan_0399_Lesion.nii.gz,scan_0399_Lesion.nii.gz,0399,Lesion,nii.gz,0.034,"(256, 256, 256)",3.0,float32,"(1.0, 1.0, 1.0)",0.0,1.0,0.0002,3474.0,,
/data/data/DA25S005/miccai_tbi/MultiTalentV2_finetuning/MICCAI_AIMS_TBI/scan_0399_T1.nii.gz,scan_0399_T1.nii.gz,0399,T1,nii.gz,35.341,"(256, 256, 256)",3.0,float32,"(1.0, 1.0, 1.0)",0.0,9190.542,553.8561,9965961.0,,
/data/data/DA25S005/miccai_tbi/MultiTalentV2_finetuning/MICCAI_AIMS_TBI/scan_0403_Lesion.nii.gz,scan_0403_Lesion.nii.gz,0403,Lesion,nii.gz,0.033,"(256, 256, 256)",3.0,float32,"(1.0, 1.0, 1.0)",0.0,0.0,0.0,0.0,,
/data/data/DA25S005/miccai_tbi/MultiTalentV2_finetuning/MICCAI_AIMS_TBI/scan_0403_T1.nii.gz,scan_0403_T1.nii.gz,0403,T1,nii.gz,32.077,"(256, 256, 256)",3.0,float32,"(1.0, 1.0, 1.0)",0.0,11515.7773,376.5949,9047964.0,,
/data/data/DA25S005/miccai_tbi/MultiTalentV2_finetuning/MICCAI_AIMS_TBI/scan_0405_Lesion.nii.gz,scan_0405_Lesion.nii.gz,0405,Lesion,nii.gz,0.037,"(256, 256, 256)",3.0,float32,"(1.0, 1.0, 1.0)",0.0,5.0,0.0008,13001.0,,
/data/data/DA25S005/miccai_tbi/MultiTalentV2_finetuning/MICCAI_AIMS_TBI/scan_0405_T1.nii.gz,scan_0405_T1.nii.gz,0405,T1,nii.gz,31.189,"(256, 256, 256)",3.0,float32,"(1.0, 1.0, 1.0)",0.0,7384.8174,333.665,8804736.0,,
/data/data/DA25S005/miccai_tbi/MultiTalentV2_finetuning/MICCAI_AIMS_TBI/scan_0406_Lesion.nii.gz,scan_0406_Lesion.nii.gz,0406,Lesion,nii.gz,0.035,"(256, 256, 256)",3.0,float32,"(1.0, 1.0, 1.0)",0.0,5.0,0.0007,2333.0,,
/data/data/DA25S005/miccai_tbi/MultiTalentV2_finetuning/MICCAI_AIMS_TBI/scan_0406_T1.nii.gz,scan_0406_T1.nii.gz,0406,T1,nii.gz,32.969,"(256, 256, 256)",3.0,float32,"(1.0, 1.0, 1.0)",0.0,7702.1943,351.4589,9291688.0,,
/data/data/DA25S005/miccai_tbi/MultiTalentV2_finetuning/MICCAI_AIMS_TBI/scan_0407_Lesion.nii.gz,scan_0407_Lesion.nii.gz,0407,Lesion,nii.gz,0.033,"(256, 256, 256)",3.0,float32,"(1.0, 1.0, 1.0)",0.0,0.0,0.0,0.0,,
/data/data/DA25S005/miccai_tbi/MultiTalentV2_finetuning/MICCAI_AIMS_TBI/scan_0407_T1.nii.gz,scan_0407_T1.nii.gz,0407,T1,nii.gz,23.091,"(256, 256, 256)",3.0,float32,"(1.0, 1.0, 1.0)",0.0,1151.6351,76.4913,6465900.0,,
/data/data/DA25S005/miccai_tbi/MultiTalentV2_finetuning/MICCAI_AIMS_TBI/scan_0407_bval.txt,scan_0407_bval.txt,0407,bval,txt,0.0,"(1, 31)",1.0,float64,,0.0,700.0,,,,
/data/data/DA25S005/miccai_tbi/MultiTalentV2_finetuning/MICCAI_AIMS_TBI/scan_0407_bvec.txt,scan_0407_bvec.txt,0407,bvec,txt,0.001,"(3, 31)",2.0,float64,,-0.9682,0.995,,,,
/data/data/DA25S005/miccai_tbi/MultiTalentV2_finetuning/MICCAI_AIMS_TBI/scan_0407_dMRI.nii.gz,scan_0407_dMRI.nii.gz,0407,dMRI,nii.gz,33.449,"(144, 132, 65, 31)",4.0,float32,"(2.0, 2.0, 2.0)",0.0,4095.0,48.8629,36659221.0,31.0,
/data/data/DA25S005/miccai_tbi/MultiTalentV2_finetuning/MICCAI_AIMS_TBI/scan_0408_Lesion.nii.gz,scan_0408_Lesion.nii.gz,0408,Lesion,nii.gz,0.071,"(256, 256, 256)",3.0,float32,"(1.0, 1.0, 1.0)",0.0,5.0,0.0007,7664.0,,
/data/data/DA25S005/miccai_tbi/MultiTalentV2_finetuning/MICCAI_AIMS_TBI/scan_0408_T1.nii.gz,scan_0408_T1.nii.gz,0408,T1,nii.gz,39.643,"(256, 256, 256)",3.0,float32,"(1.0, 1.0, 1.0)",0.0,586.6631,36.3089,10998527.0,,
/data/data/DA25S005/miccai_tbi/MultiTalentV2_finetuning/MICCAI_AIMS_TBI/scan_0408_bval.txt,scan_0408_bval.txt,0408,bval,txt,0.0,"(1, 65)",1.0,float64,,0.0,1000.0,,,,
/data/data/DA25S005/miccai_tbi/MultiTalentV2_finetuning/MICCAI_AIMS_TBI/scan_0408_bvec.txt,scan_0408_bvec.txt,0408,bvec,txt,0.003,"(65, 3)",2.0,float64,,-1.0,1.0,,,,
/data/data/DA25S005/miccai_tbi/MultiTalentV2_finetuning/MICCAI_AIMS_TBI/scan_0408_dMRI.nii.gz,scan_0408_dMRI.nii.gz,0408,dMRI,nii.gz,81.051,"(128, 128, 75, 65)",4.0,float32,"(2.0, 2.0, 2.0)",0.0,2033.0,52.359,79167751.0,65.0,
/data/data/DA25S005/miccai_tbi/MultiTalentV2_finetuning/MICCAI_AIMS_TBI/scan_0413_Lesion.nii.gz,scan_0413_Lesion.nii.gz,0413,Lesion,nii.gz,0.033,"(256, 256, 256)",3.0,float32,"(1.0, 1.0, 1.0)",0.0,0.0,0.0,0.0,,
/data/data/DA25S005/miccai_tbi/MultiTalentV2_finetuning/MICCAI_AIMS_TBI/scan_0413_T1.nii.gz,scan_0413_T1.nii.gz,0413,T1,nii.gz,8.151,"(256, 256, 256)",3.0,float32,"(1.0, 1.0, 1.0)",0.0,2374207.25,93828.7031,5176035.0,,
/data/data/DA25S005/miccai_tbi/MultiTalentV2_finetuning/MICCAI_AIMS_TBI/scan_0413_bval.txt,scan_0413_bval.txt,0413,bval,txt,0.0,"(1, 33)",1.0,float64,,0.0,700.0,,,,
/data/data/DA25S005/miccai_tbi/MultiTalentV2_finetuning/MICCAI_AIMS_TBI/scan_0413_bvec.txt,scan_0413_bvec.txt,0413,bvec,txt,0.001,"(3, 33)",2.0,float64,,-1.0,1.0,,,,
/data/data/DA25S005/miccai_tbi/MultiTalentV2_finetuning/MICCAI_AIMS_TBI/scan_0413_dMRI.nii.gz,scan_0413_dMRI.nii.gz,0413,dMRI,nii.gz,78.068,"(256, 256, 60, 33)",4.0,float32,"(0.828, 0.828, 2.2)",0.0,613693.75,4679.7793,75959261.0,33.0,
/data/data/DA25S005/miccai_tbi/MultiTalentV2_finetuning/MICCAI_AIMS_TBI/scan_0414_Lesion.nii.gz,scan_0414_Lesion.nii.gz,0414,Lesion,nii.gz,0.034,"(256, 256, 256)",3.0,float32,"(1.0, 1.0, 1.0)",0.0,5.0,0.0001,2011.0,,
/data/data/DA25S005/miccai_tbi/MultiTalentV2_finetuning/MICCAI_AIMS_TBI/scan_0414_T1.nii.gz,scan_0414_T1.nii.gz,0414,T1,nii.gz,13.551,"(256, 256, 256)",3.0,float32,"(1.0, 1.0, 1.0)",0.0,972.0,49.766,11362148.0,,
/data/data/DA25S005/miccai_tbi/MultiTalentV2_finetuning/MICCAI_AIMS_TBI/scan_0415_Lesion.nii.gz,scan_0415_Lesion.nii.gz,0415,Lesion,nii.gz,0.067,"(256, 256, 256)",3.0,float32,"(1.0, 1.0, 1.0)",0.0,5.0,0.0003,2087.0,,
/data/data/DA25S005/miccai_tbi/MultiTalentV2_finetuning/MICCAI_AIMS_TBI/scan_0415_T1.nii.gz,scan_0415_T1.nii.gz,0415,T1,nii.gz,33.964,"(256, 256, 256)",3.0,float32,"(1.0, 1.0, 1.0)",0.0,8207.5352,530.5316,9586353.0,,
/data/data/DA25S005/miccai_tbi/MultiTalentV2_finetuning/MICCAI_AIMS_TBI/scan_0416_Lesion.nii.gz,scan_0416_Lesion.nii.gz,0416,Lesion,nii.gz,0.033,"(256, 256, 256)",3.0,float32,"(1.0, 1.0, 1.0)",0.0,0.0,0.0,0.0,,
/data/data/DA25S005/miccai_tbi/MultiTalentV2_finetuning/MICCAI_AIMS_TBI/scan_0416_T1.nii.gz,scan_0416_T1.nii.gz,0416,T1,nii.gz,13.481,"(256, 256, 256)",3.0,float32,"(1.0, 1.0, 1.0)",0.0,1001.0,47.024,11444400.0,,
/data/data/DA25S005/miccai_tbi/MultiTalentV2_finetuning/MICCAI_AIMS_TBI/scan_0417_Lesion.nii.gz,scan_0417_Lesion.nii.gz,0417,Lesion,nii.gz,0.033,"(256, 256, 256)",3.0,float32,"(1.0, 1.0, 1.0)",0.0,0.0,0.0,0.0,,
/data/data/DA25S005/miccai_tbi/MultiTalentV2_finetuning/MICCAI_AIMS_TBI/scan_0417_T1.nii.gz,scan_0417_T1.nii.gz,0417,T1,nii.gz,11.608,"(256, 256, 256)",3.0,float32,"(1.0, 1.0, 1.0)",0.0,834.0,29.8532,11290458.0,,
/data/data/DA25S005/miccai_tbi/MultiTalentV2_finetuning/MICCAI_AIMS_TBI/scan_0419_Lesion.nii.gz,scan_0419_Lesion.nii.gz,0419,Lesion,nii.gz,0.065,"(256, 256, 256)",3.0,float32,"(1.0, 1.0, 1.0)",0.0,5.0,0.0,78.0,,
/data/data/DA25S005/miccai_tbi/MultiTalentV2_finetuning/MICCAI_AIMS_TBI/scan_0419_T1.nii.gz,scan_0419_T1.nii.gz,0419,T1,nii.gz,15.109,"(256, 256, 256)",3.0,float32,"(1.0, 1.0, 1.0)",0.0,995.0,70.6792,10392267.0,,
/data/data/DA25S005/miccai_tbi/MultiTalentV2_finetuning/MICCAI_AIMS_TBI/scan_0420_Lesion.nii.gz,scan_0420_Lesion.nii.gz,0420,Lesion,nii.gz,0.038,"(256, 256, 256)",3.0,float32,"(1.0, 1.0, 1.0)",0.0,5.0,0.0012,19036.0,,
/data/data/DA25S005/miccai_tbi/MultiTalentV2_finetuning/MICCAI_AIMS_TBI/scan_0420_T1.nii.gz,scan_0420_T1.nii.gz,0420,T1,nii.gz,9.267,"(256, 256, 256)",3.0,float32,"(1.0, 1.0, 1.0)",0.0,2676.0684,148.1134,6642083.0,,
/data/data/DA25S005/miccai_tbi/MultiTalentV2_finetuning/MICCAI_AIMS_TBI/scan_0420_bval.txt,scan_0420_bval.txt,0420,bval,txt,0.0,"(1, 16)",1.0,float64,,0.0,860.0,,,,
/data/data/DA25S005/miccai_tbi/MultiTalentV2_finetuning/MICCAI_AIMS_TBI/scan_0420_bvec.txt,scan_0420_bvec.txt,0420,bvec,txt,0.001,"(3, 16)",2.0,float64,,-1.0,1.0,,,,
/data/data/DA25S005/miccai_tbi/MultiTalentV2_finetuning/MICCAI_AIMS_TBI/scan_0420_dMRI.nii.gz,scan_0420_dMRI.nii.gz,0420,dMRI,nii.gz,12.046,"(128, 128, 55, 16)",4.0,float32,"(2.0, 2.0, 2.7)",0.0,7911.4766,65.0824,13201222.0,16.0,
/data/data/DA25S005/miccai_tbi/MultiTalentV2_finetuning/MICCAI_AIMS_TBI/scan_0421_bval.txt,scan_0421_bval.txt,0421,bval,txt,0.0,"(1, 65)",1.0,float64,,0.0,1000.0,,,,
/data/data/DA25S005/miccai_tbi/MultiTalentV2_finetuning/MICCAI_AIMS_TBI/scan_0421_bvec.txt,scan_0421_bvec.txt,0421,bvec,txt,0.003,"(65, 3)",2.0,float64,,-0.9641,1.0,,,,
/data/data/DA25S005/miccai_tbi/MultiTalentV2_finetuning/MICCAI_AIMS_TBI/scan_0421_dMRI.nii.gz,scan_0421_dMRI.nii.gz,0421,dMRI,nii.gz,84.686,"(128, 128, 75, 65)",4.0,float32,"(2.0, 2.0, 2.0)",0.0,2205.0,62.479,79257303.0,65.0,
/data/data/DA25S005/miccai_tbi/MultiTalentV2_finetuning/MICCAI_AIMS_TBI/scan_0424_Lesion.nii.gz,scan_0424_Lesion.nii.gz,0424,Lesion,nii.gz,0.035,"(256, 256, 256)",3.0,float32,"(1.0, 1.0, 1.0)",0.0,5.0,0.0003,2725.0,,
/data/data/DA25S005/miccai_tbi/MultiTalentV2_finetuning/MICCAI_AIMS_TBI/scan_0424_T1.nii.gz,scan_0424_T1.nii.gz,0424,T1,nii.gz,28.918,"(256, 256, 256)",3.0,float32,"(1.0, 1.0, 1.0)",0.0,831.1365,40.7196,10698154.0,,
/data/data/DA25S005/miccai_tbi/MultiTalentV2_finetuning/MICCAI_AIMS_TBI/scan_0424_bval.txt,scan_0424_bval.txt,0424,bval,txt,0.0,"(1, 65)",1.0,float64,,0.0,1000.0,,,,
/data/data/DA25S005/miccai_tbi/MultiTalentV2_finetuning/MICCAI_AIMS_TBI/scan_0424_bvec.txt,scan_0424_bvec.txt,0424,bvec,txt,0.003,"(3, 65)",2.0,float64,,-0.9933,1.0,,,,
/data/data/DA25S005/miccai_tbi/MultiTalentV2_finetuning/MICCAI_AIMS_TBI/scan_0424_dMRI.nii.gz,scan_0424_dMRI.nii.gz,0424,dMRI,nii.gz,37.272,"(96, 96, 60, 65)",4.0,float32,"(2.208, 2.208, 2.42)",0.0,4095.0,45.0941,35419449.0,65.0,
/data/data/DA25S005/miccai_tbi/MultiTalentV2_finetuning/MICCAI_AIMS_TBI/scan_0425_Lesion.nii.gz,scan_0425_Lesion.nii.gz,0425,Lesion,nii.gz,0.033,"(256, 256, 256)",3.0,float32,"(1.0, 1.0, 1.0)",0.0,0.0,0.0,0.0,,
/data/data/DA25S005/miccai_tbi/MultiTalentV2_finetuning/MICCAI_AIMS_TBI/scan_0425_T1.nii.gz,scan_0425_T1.nii.gz,0425,T1,nii.gz,12.997,"(256, 256, 256)",3.0,float32,"(1.0, 1.0, 1.0)",0.0,1131.0,40.1083,11444395.0,,
/data/data/DA25S005/miccai_tbi/MultiTalentV2_finetuning/MICCAI_AIMS_TBI/scan_0427_Lesion.nii.gz,scan_0427_Lesion.nii.gz,0427,Lesion,nii.gz,0.033,"(256, 256, 256)",3.0,float32,"(1.0, 1.0, 1.0)",0.0,0.0,0.0,0.0,,
/data/data/DA25S005/miccai_tbi/MultiTalentV2_finetuning/MICCAI_AIMS_TBI/scan_0427_T1.nii.gz,scan_0427_T1.nii.gz,0427,T1,nii.gz,12.138,"(256, 256, 256)",3.0,float32,"(1.0, 1.0, 1.0)",0.0,1045.0,42.3126,11308042.0,,
/data/data/DA25S005/miccai_tbi/MultiTalentV2_finetuning/MICCAI_AIMS_TBI/scan_0428_Lesion.nii.gz,scan_0428_Lesion.nii.gz,0428,Lesion,nii.gz,0.033,"(256, 256, 256)",3.0,float32,"(1.0, 1.0, 1.0)",0.0,0.0,0.0,0.0,,
/data/data/DA25S005/miccai_tbi/MultiTalentV2_finetuning/MICCAI_AIMS_TBI/scan_0428_T1.nii.gz,scan_0428_T1.nii.gz,0428,T1,nii.gz,9.57,"(256, 256, 256)",3.0,float32,"(1.0, 1.0, 1.0)",0.0,847.0,51.8375,6640766.0,,
/data/data/DA25S005/miccai_tbi/MultiTalentV2_finetuning/MICCAI_AIMS_TBI/scan_0429_Lesion.nii.gz,scan_0429_Lesion.nii.gz,0429,Lesion,nii.gz,0.033,"(256, 256, 256)",3.0,float32,"(1.0, 1.0, 1.0)",0.0,0.0,0.0,0.0,,
/data/data/DA25S005/miccai_tbi/MultiTalentV2_finetuning/MICCAI_AIMS_TBI/scan_0429_T1.nii.gz,scan_0429_T1.nii.gz,0429,T1,nii.gz,32.318,"(256, 256, 256)",3.0,float32,"(1.0, 1.0, 1.0)",0.0,7665.9443,413.0978,9124869.0,,
/data/data/DA25S005/miccai_tbi/MultiTalentV2_finetuning/MICCAI_AIMS_TBI/scan_0430_Lesion.nii.gz,scan_0430_Lesion.nii.gz,0430,Lesion,nii.gz,0.033,"(256, 256, 256)",3.0,float32,"(1.0, 1.0, 1.0)",0.0,1.0,0.0,23.0,,
/data/data/DA25S005/miccai_tbi/MultiTalentV2_finetuning/MICCAI_AIMS_TBI/scan_0430_T1.nii.gz,scan_0430_T1.nii.gz,0430,T1,nii.gz,8.414,"(256, 256, 256)",3.0,float32,"(1.0, 1.0, 1.0)",0.0,2534810.0,102119.7422,5298116.0,,
/data/data/DA25S005/miccai_tbi/MultiTalentV2_finetuning/MICCAI_AIMS_TBI/scan_0430_bval.txt,scan_0430_bval.txt,0430,bval,txt,0.0,"(1, 33)",1.0,float64,,0.0,700.0,,,,
/data/data/DA25S005/miccai_tbi/MultiTalentV2_finetuning/MICCAI_AIMS_TBI/scan_0430_bvec.txt,scan_0430_bvec.txt,0430,bvec,txt,0.001,"(3, 33)",2.0,float64,,-1.0,1.0,,,,
/data/data/DA25S005/miccai_tbi/MultiTalentV2_finetuning/MICCAI_AIMS_TBI/scan_0430_dMRI.nii.gz,scan_0430_dMRI.nii.gz,0430,dMRI,nii.gz,88.971,"(256, 256, 60, 33)",4.0,float32,"(0.828, 0.828, 2.2)",0.0,503472.75,5846.5229,86149968.0,33.0,
/data/data/DA25S005/miccai_tbi/MultiTalentV2_finetuning/MICCAI_AIMS_TBI/scan_0431_Lesion.nii.gz,scan_0431_Lesion.nii.gz,0431,Lesion,nii.gz,0.037,"(256, 256, 256)",3.0,float32,"(1.0, 1.0, 1.0)",0.0,1.0,0.001,17095.0,,
/data/data/DA25S005/miccai_tbi/MultiTalentV2_finetuning/MICCAI_AIMS_TBI/scan_0431_T1.nii.gz,scan_0431_T1.nii.gz,0431,T1,nii.gz,39.631,"(256, 256, 256)",3.0,float32,"(1.0, 1.0, 1.0)",0.0,736.1,41.491,10999507.0,,
/data/data/DA25S005/miccai_tbi/MultiTalentV2_finetuning/MICCAI_AIMS_TBI/scan_0431_bval.txt,scan_0431_bval.txt,0431,bval,txt,0.0,"(1, 65)",1.0,float64,,0.0,1000.0,,,,
/data/data/DA25S005/miccai_tbi/MultiTalentV2_finetuning/MICCAI_AIMS_TBI/scan_0431_bvec.txt,scan_0431_bvec.txt,0431,bvec,txt,0.003,"(65, 3)",2.0,float64,,-0.9641,1.0,,,,
/data/data/DA25S005/miccai_tbi/MultiTalentV2_finetuning/MICCAI_AIMS_TBI/scan_0431_dMRI.nii.gz,scan_0431_dMRI.nii.gz,0431,dMRI,nii.gz,81.758,"(128, 124, 75, 65)",4.0,float32,"(2.0, 2.0, 2.0)",0.0,2774.0,61.2382,76779874.0,65.0,
/data/data/DA25S005/miccai_tbi/MultiTalentV2_finetuning/MICCAI_AIMS_TBI/scan_0433_Lesion.nii.gz,scan_0433_Lesion.nii.gz,0433,Lesion,nii.gz,0.033,"(256, 256, 256)",3.0,float32,"(1.0, 1.0, 1.0)",0.0,0.0,0.0,0.0,,
/data/data/DA25S005/miccai_tbi/MultiTalentV2_finetuning/MICCAI_AIMS_TBI/scan_0433_T1.nii.gz,scan_0433_T1.nii.gz,0433,T1,nii.gz,28.311,"(256, 256, 256)",3.0,float32,"(1.0, 1.0, 1.0)",0.0,6986.3618,242.0622,8091403.0,,
/data/data/DA25S005/miccai_tbi/MultiTalentV2_finetuning/MICCAI_AIMS_TBI/scan_0435_Lesion.nii.gz,scan_0435_Lesion.nii.gz,0435,Lesion,nii.gz,33.555,,,,,,,,,,File /data/data/DA25S005/miccai_tbi/MultiTalentV2_finetuning/MICCAI_AIMS_TBI/scan_0435_Lesion.nii.gz is not a gzip file
/data/data/DA25S005/miccai_tbi/MultiTalentV2_finetuning/MICCAI_AIMS_TBI/scan_0435_T1.nii.gz,scan_0435_T1.nii.gz,0435,T1,nii.gz,31.2,"(256, 256, 256)",3.0,float32,"(1.0, 1.0, 1.0)",0.0,7655.8867,452.5981,8833504.0,,
/data/data/DA25S005/miccai_tbi/MultiTalentV2_finetuning/MICCAI_AIMS_TBI/scan_0440_Lesion.nii.gz,scan_0440_Lesion.nii.gz,0440,Lesion,nii.gz,0.033,"(256, 256, 256)",3.0,float32,"(1.0, 1.0, 1.0)",0.0,1.0,0.0,129.0,,
/data/data/DA25S005/miccai_tbi/MultiTalentV2_finetuning/MICCAI_AIMS_TBI/scan_0440_T1.ni.gz,scan_0440_T1.ni.gz,0440,T1,ni.gz,32.859,,,,,,,,,,
/data/data/DA25S005/miccai_tbi/MultiTalentV2_finetuning/MICCAI_AIMS_TBI/scan_0440_T1.nii.gz,scan_0440_T1.nii.gz,0440,T1,nii.gz,32.859,"(256, 256, 256)",3.0,float32,"(1.0, 1.0, 1.0)",0.0,10893.4736,550.4487,9247502.0,,
/data/data/DA25S005/miccai_tbi/MultiTalentV2_finetuning/MICCAI_AIMS_TBI/scan_0442_Lesion.nii.gz,scan_0442_Lesion.nii.gz,0442,Lesion,nii.gz,0.033,"(256, 256, 256)",3.0,float32,"(1.0, 1.0, 1.0)",0.0,0.0,0.0,0.0,,
/data/data/DA25S005/miccai_tbi/MultiTalentV2_finetuning/MICCAI_AIMS_TBI/scan_0442_T1.nii.gz,scan_0442_T1.nii.gz,0442,T1,nii.gz,30.335,"(256, 256, 256)",3.0,float32,"(1.0, 1.0, 1.0)",0.0,925.8181,49.3525,10713505.0,,
/data/data/DA25S005/miccai_tbi/MultiTalentV2_finetuning/MICCAI_AIMS_TBI/scan_0442_bval.txt,scan_0442_bval.txt,0442,bval,txt,0.0,"(1, 65)",1.0,float64,,0.0,1000.0,,,,
/data/data/DA25S005/miccai_tbi/MultiTalentV2_finetuning/MICCAI_AIMS_TBI/scan_0442_bvec.txt,scan_0442_bvec.txt,0442,bvec,txt,0.003,"(3, 65)",2.0,float64,,-0.9933,1.0,,,,
/data/data/DA25S005/miccai_tbi/MultiTalentV2_finetuning/MICCAI_AIMS_TBI/scan_0442_dMRI.nii.gz,scan_0442_dMRI.nii.gz,0442,dMRI,nii.gz,37.818,"(96, 96, 60, 65)",4.0,float32,"(2.208, 2.208, 2.42)",0.0,3389.0,51.2455,35431618.0,65.0,
/data/data/DA25S005/miccai_tbi/MultiTalentV2_finetuning/MICCAI_AIMS_TBI/scan_0444_Lesion.nii.gz,scan_0444_Lesion.nii.gz,0444,Lesion,nii.gz,0.033,"(256, 256, 256)",3.0,float32,"(1.0, 1.0, 1.0)",0.0,0.0,0.0,0.0,,
/data/data/DA25S005/miccai_tbi/MultiTalentV2_finetuning/MICCAI_AIMS_TBI/scan_0444_T1.nii.gz,scan_0444_T1.nii.gz,0444,T1,nii.gz,30.457,"(256, 256, 256)",3.0,float32,"(1.0, 1.0, 1.0)",0.0,8085.7842,359.4678,8591363.0,,
/data/data/DA25S005/miccai_tbi/MultiTalentV2_finetuning/MICCAI_AIMS_TBI/scan_0445_Lesion.nii.gz,scan_0445_Lesion.nii.gz,0445,Lesion,nii.gz,0.033,"(256, 256, 256)",3.0,float32,"(1.0, 1.0, 1.0)",0.0,0.0,0.0,0.0,,
/data/data/DA25S005/miccai_tbi/MultiTalentV2_finetuning/MICCAI_AIMS_TBI/scan_0445_T1.nii.gz,scan_0445_T1.nii.gz,0445,T1,nii.gz,30.377,"(256, 256, 256)",3.0,float32,"(1.0, 1.0, 1.0)",0.0,12440.5,401.7561,8468469.0,,
/data/data/DA25S005/miccai_tbi/MultiTalentV2_finetuning/MICCAI_AIMS_TBI/scan_0446_Lesion.nii.gz,scan_0446_Lesion.nii.gz,0446,Lesion,nii.gz,0.07,"(256, 256, 256)",3.0,float32,"(1.0, 1.0, 1.0)",0.0,1.0,0.0005,9169.0,,
/data/data/DA25S005/miccai_tbi/MultiTalentV2_finetuning/MICCAI_AIMS_TBI/scan_0446_T1.nii.gz,scan_0446_T1.nii.gz,0446,T1,nii.gz,20.891,"(256, 256, 256)",3.0,float32,"(1.0, 1.0, 1.0)",0.0,885.9999,50.9877,6835282.0,,
/data/data/DA25S005/miccai_tbi/MultiTalentV2_finetuning/MICCAI_AIMS_TBI/scan_0446_bval.txt,scan_0446_bval.txt,0446,bval,txt,0.0,"(1, 16)",1.0,float64,,0.0,860.0,,,,
/data/data/DA25S005/miccai_tbi/MultiTalentV2_finetuning/MICCAI_AIMS_TBI/scan_0446_bvec.txt,scan_0446_bvec.txt,0446,bvec,txt,0.001,"(3, 16)",2.0,float64,,-1.0,1.0,,,,
/data/data/DA25S005/miccai_tbi/MultiTalentV2_finetuning/MICCAI_AIMS_TBI/scan_0446_dMRI.nii.gz,scan_0446_dMRI.nii.gz,0446,dMRI,nii.gz,15.806,"(128, 128, 55, 17)",4.0,float32,"(2.0, 2.0, 2.7)",0.0,1859195.375,15353.6035,13984628.0,17.0,
/data/data/DA25S005/miccai_tbi/MultiTalentV2_finetuning/MICCAI_AIMS_TBI/scan_0450_Lesion.nii.gz,scan_0450_Lesion.nii.gz,0450,Lesion,nii.gz,0.033,"(256, 256, 256)",3.0,float32,"(1.0, 1.0, 1.0)",0.0,5.0,0.0,44.0,,
/data/data/DA25S005/miccai_tbi/MultiTalentV2_finetuning/MICCAI_AIMS_TBI/scan_0450_T1.nii.gz,scan_0450_T1.nii.gz,0450,T1,nii.gz,13.132,"(256, 256, 256)",3.0,float32,"(1.0, 1.0, 1.0)",0.0,780.0,48.2417,11282711.0,,
/data/data/DA25S005/miccai_tbi/MultiTalentV2_finetuning/MICCAI_AIMS_TBI/scan_0451_Lesion.nii.gz,scan_0451_Lesion.nii.gz,0451,Lesion,nii.gz,0.034,"(256, 256, 256)",3.0,float32,"(1.0, 1.0, 1.0)",0.0,1.0,0.0002,3172.0,,
/data/data/DA25S005/miccai_tbi/MultiTalentV2_finetuning/MICCAI_AIMS_TBI/scan_0451_T1.nii.gz,scan_0451_T1.nii.gz,0451,T1,nii.gz,16.856,"(256, 256, 256)",3.0,float32,"(1.0, 1.0, 1.0)",0.0,1046.6365,41.3232,5520738.0,,
/data/data/DA25S005/miccai_tbi/MultiTalentV2_finetuning/MICCAI_AIMS_TBI/scan_0452_Lesion.nii.gz,scan_0452_Lesion.nii.gz,0452,Lesion,nii.gz,0.147,"(256, 256, 256)",3.0,float32,"(1.0, 1.0, 1.0)",0.0,1.0,0.0,212.0,,
/data/data/DA25S005/miccai_tbi/MultiTalentV2_finetuning/MICCAI_AIMS_TBI/scan_0452_T1.nii.gz,scan_0452_T1.nii.gz,0452,T1,nii.gz,21.098,"(256, 256, 256)",3.0,float32,"(1.0, 1.0, 1.0)",0.0,2497.1687,128.5986,8313017.0,,
/data/data/DA25S005/miccai_tbi/MultiTalentV2_finetuning/MICCAI_AIMS_TBI/scan_0452_bval.txt,scan_0452_bval.txt,0452,bval,txt,0.0,"(1, 16)",1.0,float64,,0.0,860.0,,,,
/data/data/DA25S005/miccai_tbi/MultiTalentV2_finetuning/MICCAI_AIMS_TBI/scan_0452_bvec.txt,scan_0452_bvec.txt,0452,bvec,txt,0.001,"(3, 16)",2.0,float64,,-1.0,1.0,,,,
/data/data/DA25S005/miccai_tbi/MultiTalentV2_finetuning/MICCAI_AIMS_TBI/scan_0452_dMRI.nii.gz,scan_0452_dMRI.nii.gz,0452,dMRI,nii.gz,13.922,"(128, 128, 67, 16)",4.0,float32,"(2.0, 2.0, 2.7)",0.0,5254.2358,57.8851,16005292.0,16.0,
/data/data/DA25S005/miccai_tbi/MultiTalentV2_finetuning/MICCAI_AIMS_TBI/scan_0453_Lesion.nii.gz,scan_0453_Lesion.nii.gz,0453,Lesion,nii.gz,0.043,"(256, 256, 256)",3.0,float32,"(1.0, 1.0, 1.0)",0.0,5.0,0.0031,19825.0,,
/data/data/DA25S005/miccai_tbi/MultiTalentV2_finetuning/MICCAI_AIMS_TBI/scan_0453_T1.nii.gz,scan_0453_T1.nii.gz,0453,T1,nii.gz,12.027,"(256, 256, 256)",3.0,float32,"(1.0, 1.0, 1.0)",0.0,1558.0,57.5985,8236676.0,,
/data/data/DA25S005/miccai_tbi/MultiTalentV2_finetuning/MICCAI_AIMS_TBI/scan_0455_Lesion.nii.gz,scan_0455_Lesion.nii.gz,0455,Lesion,nii.gz,0.033,"(256, 256, 256)",3.0,float32,"(1.0, 1.0, 1.0)",0.0,1.0,0.0,619.0,,
/data/data/DA25S005/miccai_tbi/MultiTalentV2_finetuning/MICCAI_AIMS_TBI/scan_0455_T1.nii.gz,scan_0455_T1.nii.gz,0455,T1,nii.gz,7.6,"(256, 256, 256)",3.0,float32,"(1.0, 1.0, 1.0)",0.0,907.75,36.0904,4099594.0,,
/data/data/DA25S005/miccai_tbi/MultiTalentV2_finetuning/MICCAI_AIMS_TBI/scan_0455_bval.txt,scan_0455_bval.txt,0455,bval,txt,0.0,"(1, 70)",1.0,float64,,0.0,2000.0,,,,
/data/data/DA25S005/miccai_tbi/MultiTalentV2_finetuning/MICCAI_AIMS_TBI/scan_0455_bvec.txt,scan_0455_bvec.txt,0455,bvec,txt,0.003,"(3, 70)",2.0,float64,,-0.9843,0.9999,,,,
/data/data/DA25S005/miccai_tbi/MultiTalentV2_finetuning/MICCAI_AIMS_TBI/scan_0455_dMRI.nii.gz,scan_0455_dMRI.nii.gz,0455,dMRI,nii.gz,62.372,"(128, 128, 64, 70)",4.0,float32,"(2.0, 2.0, 2.0)",0.0,4017.0,25.6609,71313153.0,70.0,
/data/data/DA25S005/miccai_tbi/MultiTalentV2_finetuning/MICCAI_AIMS_TBI/scan_0457_Lesion.nii.gz,scan_0457_Lesion.nii.gz,0457,Lesion,nii.gz,0.033,"(256, 256, 256)",3.0,float32,"(1.0, 1.0, 1.0)",0.0,0.0,0.0,0.0,,
/data/data/DA25S005/miccai_tbi/MultiTalentV2_finetuning/MICCAI_AIMS_TBI/scan_0457_T1.nii.gz,scan_0457_T1.nii.gz,0457,T1,nii.gz,33.565,"(256, 256, 256)",3.0,float32,"(1.0, 1.0, 1.0)",0.0,11035.3496,284.1714,9533815.0,,
/data/data/DA25S005/miccai_tbi/MultiTalentV2_finetuning/MICCAI_AIMS_TBI/scan_0459_Lesion.nii.gz,scan_0459_Lesion.nii.gz,0459,Lesion,nii.gz,0.033,"(256, 256, 256)",3.0,float32,"(1.0, 1.0, 1.0)",0.0,0.0,0.0,0.0,,
/data/data/DA25S005/miccai_tbi/MultiTalentV2_finetuning/MICCAI_AIMS_TBI/scan_0459_T1.nii.gz,scan_0459_T1.nii.gz,0459,T1,nii.gz,4.766,"(256, 256, 256)",3.0,float32,"(1.0, 1.0, 1.0)",0.0,3964.4084,130.2818,3414345.0,,
/data/data/DA25S005/miccai_tbi/MultiTalentV2_finetuning/MICCAI_AIMS_TBI/scan_0461_Lesion.nii.gz,scan_0461_Lesion.nii.gz,0461,Lesion,nii.gz,0.035,"(256, 256, 256)",3.0,float32,"(1.0, 1.0, 1.0)",0.0,5.0,0.0004,5940.0,,
/data/data/DA25S005/miccai_tbi/MultiTalentV2_finetuning/MICCAI_AIMS_TBI/scan_0461_T1.nii.gz,scan_0461_T1.nii.gz,0461,T1,nii.gz,5.234,"(256, 256, 256)",3.0,float32,"(1.0, 1.0, 1.0)",0.0,4490.6309,132.9785,3594616.0,,
/data/data/DA25S005/miccai_tbi/MultiTalentV2_finetuning/MICCAI_AIMS_TBI/scan_0461_bval.txt,scan_0461_bval.txt,0461,bval,txt,0.0,"(1, 33)",1.0,float64,,0.0,1000.0,,,,
/data/data/DA25S005/miccai_tbi/MultiTalentV2_finetuning/MICCAI_AIMS_TBI/scan_0461_bvec.txt,scan_0461_bvec.txt,0461,bvec,txt,0.002,"(3, 33)",2.0,float64,,-0.7071,0.7071,,,,
/data/data/DA25S005/miccai_tbi/MultiTalentV2_finetuning/MICCAI_AIMS_TBI/scan_0461_dMRI.nii.gz,scan_0461_dMRI.nii.gz,0461,dMRI,nii.gz,6.975,"(96, 96, 65, 33)",4.0,float32,"(2.5, 2.5, 2.5)",0.0,4384.5889,43.3143,7265940.0,33.0,
/data/data/DA25S005/miccai_tbi/MultiTalentV2_finetuning/MICCAI_AIMS_TBI/scan_0462_Lesion.nii.gz,scan_0462_Lesion.nii.gz,0462,Lesion,nii.gz,0.033,"(256, 256, 256)",3.0,float32,"(1.0, 1.0, 1.0)",0.0,0.0,0.0,0.0,,
/data/data/DA25S005/miccai_tbi/MultiTalentV2_finetuning/MICCAI_AIMS_TBI/scan_0462_T1.nii.gz,scan_0462_T1.nii.gz,0462,T1,nii.gz,5.31,"(256, 256, 256)",3.0,float32,"(1.0, 1.0, 1.0)",0.0,1486545.875,28457.793,3726438.0,,
/data/data/DA25S005/miccai_tbi/MultiTalentV2_finetuning/MICCAI_AIMS_TBI/scan_0462_bval.txt,scan_0462_bval.txt,0462,bval,txt,0.0,"(1, 33)",1.0,float64,,0.0,700.0,,,,
/data/data/DA25S005/miccai_tbi/MultiTalentV2_finetuning/MICCAI_AIMS_TBI/scan_0462_bvec.txt,scan_0462_bvec.txt,0462,bvec,txt,0.001,"(3, 33)",2.0,float64,,-1.0,1.0,,,,
/data/data/DA25S005/miccai_tbi/MultiTalentV2_finetuning/MICCAI_AIMS_TBI/scan_0462_dMRI.nii.gz,scan_0462_dMRI.nii.gz,0462,dMRI,nii.gz,86.476,"(256, 256, 65, 33)",4.0,float32,"(0.828, 0.828, 2.2)",0.0,179011.9688,1848.2643,83393801.0,33.0,
/data/data/DA25S005/miccai_tbi/MultiTalentV2_finetuning/MICCAI_AIMS_TBI/scan_0467_Lesion.nii.gz,scan_0467_Lesion.nii.gz,0467,Lesion,nii.gz,0.041,"(256, 256, 256)",3.0,float32,"(1.0, 1.0, 1.0)",0.0,1.0,0.0018,31023.0,,
/data/data/DA25S005/miccai_tbi/MultiTalentV2_finetuning/MICCAI_AIMS_TBI/scan_0467_T1.nii.gz,scan_0467_T1.nii.gz,0467,T1,nii.gz,18.413,"(256, 256, 256)",3.0,float32,"(1.0, 1.0, 1.0)",0.0,847.0001,39.2864,6151012.0,,
/data/data/DA25S005/miccai_tbi/MultiTalentV2_finetuning/MICCAI_AIMS_TBI/scan_0468_Lesion.nii.gz,scan_0468_Lesion.nii.gz,0468,Lesion,nii.gz,0.033,"(256, 256, 256)",3.0,float32,"(1.0, 1.0, 1.0)",0.0,0.0,0.0,0.0,,
/data/data/DA25S005/miccai_tbi/MultiTalentV2_finetuning/MICCAI_AIMS_TBI/scan_0468_T1.nii.gz,scan_0468_T1.nii.gz,0468,T1,nii.gz,21.159,"(256, 256, 256)",3.0,float32,"(1.0, 1.0, 1.0)",0.0,2447.9805,145.3257,5933974.0,,
/data/data/DA25S005/miccai_tbi/MultiTalentV2_finetuning/MICCAI_AIMS_TBI/scan_0468_bval.txt,scan_0468_bval.txt,0468,bval,txt,0.0,"(1, 16)",1.0,float64,,0.0,860.0,,,,
/data/data/DA25S005/miccai_tbi/MultiTalentV2_finetuning/MICCAI_AIMS_TBI/scan_0468_bvec.txt,scan_0468_bvec.txt,0468,bvec,txt,0.001,"(3, 16)",2.0,float64,,-1.0,1.0,,,,
/data/data/DA25S005/miccai_tbi/MultiTalentV2_finetuning/MICCAI_AIMS_TBI/scan_0468_dMRI.nii.gz,scan_0468_dMRI.nii.gz,0468,dMRI,nii.gz,12.142,"(128, 128, 55, 16)",4.0,float32,"(2.0, 2.0, 2.7)",0.0,9719.9316,80.2198,13227511.0,16.0,
/data/data/DA25S005/miccai_tbi/MultiTalentV2_finetuning/MICCAI_AIMS_TBI/scan_0470_Lesion.nii.gz,scan_0470_Lesion.nii.gz,0470,Lesion,nii.gz,0.033,"(256, 256, 256)",3.0,float32,"(1.0, 1.0, 1.0)",0.0,1.0,0.0,196.0,,
/data/data/DA25S005/miccai_tbi/MultiTalentV2_finetuning/MICCAI_AIMS_TBI/scan_0470_T1.nii.gz,scan_0470_T1.nii.gz,0470,T1,nii.gz,20.853,"(256, 256, 256)",3.0,float32,"(1.0, 1.0, 1.0)",0.0,951.8184,43.1995,7052858.0,,
/data/data/DA25S005/miccai_tbi/MultiTalentV2_finetuning/MICCAI_AIMS_TBI/scan_0471_Lesion.nii.gz,scan_0471_Lesion.nii.gz,0471,Lesion,nii.gz,0.034,"(256, 256, 256)",3.0,float32,"(1.0, 1.0, 1.0)",0.0,5.0,0.0002,1372.0,,
/data/data/DA25S005/miccai_tbi/MultiTalentV2_finetuning/MICCAI_AIMS_TBI/scan_0471_T1.nii.gz,scan_0471_T1.nii.gz,0471,T1,nii.gz,13.163,"(256, 256, 256)",3.0,float32,"(1.0, 1.0, 1.0)",0.0,877.0,47.3216,11346759.0,,
/data/data/DA25S005/miccai_tbi/MultiTalentV2_finetuning/MICCAI_AIMS_TBI/scan_0475_Lesion.nii.gz,scan_0475_Lesion.nii.gz,0475,Lesion,nii.gz,0.033,"(256, 256, 256)",3.0,float32,"(1.0, 1.0, 1.0)",0.0,0.0,0.0,0.0,,
/data/data/DA25S005/miccai_tbi/MultiTalentV2_finetuning/MICCAI_AIMS_TBI/scan_0475_T1.nii.gz,scan_0475_T1.nii.gz,0475,T1,nii.gz,39.62,"(256, 256, 256)",3.0,float32,"(1.0, 1.0, 1.0)",0.0,902.066,34.0636,10998630.0,,
/data/data/DA25S005/miccai_tbi/MultiTalentV2_finetuning/MICCAI_AIMS_TBI/scan_0475_bval.txt,scan_0475_bval.txt,0475,bval,txt,0.0,"(1, 65)",1.0,float64,,0.0,1000.0,,,,
/data/data/DA25S005/miccai_tbi/MultiTalentV2_finetuning/MICCAI_AIMS_TBI/scan_0475_bvec.txt,scan_0475_bvec.txt,0475,bvec,txt,0.003,"(65, 3)",2.0,float64,,-0.9641,1.0,,,,
/data/data/DA25S005/miccai_tbi/MultiTalentV2_finetuning/MICCAI_AIMS_TBI/scan_0475_dMRI.nii.gz,scan_0475_dMRI.nii.gz,0475,dMRI,nii.gz,78.154,"(128, 128, 75, 65)",4.0,float32,"(2.0, 2.0, 2.0)",0.0,2004.0,47.571,79256340.0,65.0,
/data/data/DA25S005/miccai_tbi/MultiTalentV2_finetuning/MICCAI_AIMS_TBI/scan_0476_Lesion.nii.gz,scan_0476_Lesion.nii.gz,0476,Lesion,nii.gz,0.033,"(256, 256, 256)",3.0,float32,"(1.0, 1.0, 1.0)",0.0,0.0,0.0,0.0,,
/data/data/DA25S005/miccai_tbi/MultiTalentV2_finetuning/MICCAI_AIMS_TBI/scan_0476_T1.nii.gz,scan_0476_T1.nii.gz,0476,T1,nii.gz,11.502,"(256, 256, 256)",3.0,float32,"(1.0, 1.0, 1.0)",0.0,1124.0,37.2262,11169067.0,,
/data/data/DA25S005/miccai_tbi/MultiTalentV2_finetuning/MICCAI_AIMS_TBI/scan_0478_Lesion.nii.gz,scan_0478_Lesion.nii.gz,0478,Lesion,nii.gz,0.033,"(256, 256, 256)",3.0,float32,"(1.0, 1.0, 1.0)",0.0,0.0,0.0,0.0,,
/data/data/DA25S005/miccai_tbi/MultiTalentV2_finetuning/MICCAI_AIMS_TBI/scan_0478_T1.nii.gz,scan_0478_T1.nii.gz,0478,T1,nii.gz,5.301,"(256, 256, 256)",3.0,float32,"(1.0, 1.0, 1.0)",0.0,4754.4268,144.4176,3684606.0,,
/data/data/DA25S005/miccai_tbi/MultiTalentV2_finetuning/MICCAI_AIMS_TBI/scan_0478_bval.txt,scan_0478_bval.txt,0478,bval,txt,0.0,"(1, 33)",1.0,float64,,0.0,1000.0,,,,
/data/data/DA25S005/miccai_tbi/MultiTalentV2_finetuning/MICCAI_AIMS_TBI/scan_0478_bvec.txt,scan_0478_bvec.txt,0478,bvec,txt,0.002,"(3, 33)",2.0,float64,,-0.7071,0.7071,,,,
/data/data/DA25S005/miccai_tbi/MultiTalentV2_finetuning/MICCAI_AIMS_TBI/scan_0478_dMRI.nii.gz,scan_0478_dMRI.nii.gz,0478,dMRI,nii.gz,7.229,"(96, 96, 65, 33)",4.0,float32,"(2.5, 2.5, 2.5)",0.0,5752.7798,47.9589,7302371.0,33.0,
/data/data/DA25S005/miccai_tbi/MultiTalentV2_finetuning/MICCAI_AIMS_TBI/scan_0479_Lesion.nii.gz,scan_0479_Lesion.nii.gz,0479,Lesion,nii.gz,0.046,"(256, 256, 256)",3.0,float32,"(1.0, 1.0, 1.0)",0.0,5.0,0.0068,53948.0,,
/data/data/DA25S005/miccai_tbi/MultiTalentV2_finetuning/MICCAI_AIMS_TBI/scan_0479_T1.nii.gz,scan_0479_T1.nii.gz,0479,T1,nii.gz,33.009,"(256, 256, 256)",3.0,float32,"(1.0, 1.0, 1.0)",0.0,12241.0547,610.6457,9314106.0,,
/data/data/DA25S005/miccai_tbi/MultiTalentV2_finetuning/MICCAI_AIMS_TBI/scan_0483_Lesion.nii.gz,scan_0483_Lesion.nii.gz,0483,Lesion,nii.gz,0.033,"(256, 256, 256)",3.0,float32,"(1.0, 1.0, 1.0)",0.0,0.0,0.0,0.0,,
/data/data/DA25S005/miccai_tbi/MultiTalentV2_finetuning/MICCAI_AIMS_TBI/scan_0483_T1.nii.gz,scan_0483_T1.nii.gz,0483,T1,nii.gz,7.43,"(256, 256, 256)",3.0,float32,"(1.0, 1.0, 1.0)",0.0,1185.0,39.9265,4472300.0,,
/data/data/DA25S005/miccai_tbi/MultiTalentV2_finetuning/MICCAI_AIMS_TBI/scan_0485_Lesion.nii.gz,scan_0485_Lesion.nii.gz,0485,Lesion,nii.gz,0.033,"(256, 256, 256)",3.0,float32,"(1.0, 1.0, 1.0)",0.0,0.0,0.0,0.0,,
/data/data/DA25S005/miccai_tbi/MultiTalentV2_finetuning/MICCAI_AIMS_TBI/scan_0485_T1.nii.gz,scan_0485_T1.nii.gz,0485,T1,nii.gz,13.699,"(256, 256, 256)",3.0,float32,"(1.0, 1.0, 1.0)",0.0,938.0,50.7884,11440392.0,,
/data/data/DA25S005/miccai_tbi/MultiTalentV2_finetuning/MICCAI_AIMS_TBI/scan_0490_Lesion.nii.gz,scan_0490_Lesion.nii.gz,0490,Lesion,nii.gz,0.034,"(256, 256, 256)",3.0,float32,"(1.0, 1.0, 1.0)",0.0,5.0,0.0002,3017.0,,
/data/data/DA25S005/miccai_tbi/MultiTalentV2_finetuning/MICCAI_AIMS_TBI/scan_0490_T1.nii.gz,scan_0490_T1.nii.gz,0490,T1,nii.gz,39.652,"(256, 256, 256)",3.0,float32,"(1.0, 1.0, 1.0)",0.0,1177.2465,37.2231,10998505.0,,
/data/data/DA25S005/miccai_tbi/MultiTalentV2_finetuning/MICCAI_AIMS_TBI/scan_0490_bval.txt,scan_0490_bval.txt,0490,bval,txt,0.0,"(1, 65)",1.0,float64,,0.0,1000.0,,,,
/data/data/DA25S005/miccai_tbi/MultiTalentV2_finetuning/MICCAI_AIMS_TBI/scan_0490_bvec.txt,scan_0490_bvec.txt,0490,bvec,txt,0.003,"(65, 3)",2.0,float64,,-0.9641,1.0,,,,
/data/data/DA25S005/miccai_tbi/MultiTalentV2_finetuning/MICCAI_AIMS_TBI/scan_0490_dMRI.nii.gz,scan_0490_dMRI.nii.gz,0490,dMRI,nii.gz,81.195,"(128, 128, 75, 65)",4.0,float32,"(2.0, 2.0, 2.0)",0.0,3251.0,52.5503,79256851.0,65.0,
/data/data/DA25S005/miccai_tbi/MultiTalentV2_finetuning/MICCAI_AIMS_TBI/scan_0491_Lesion.nii.gz,scan_0491_Lesion.nii.gz,0491,Lesion,nii.gz,0.033,"(256, 256, 256)",3.0,float32,"(1.0, 1.0, 1.0)",0.0,1.0,0.0,212.0,,
/data/data/DA25S005/miccai_tbi/MultiTalentV2_finetuning/MICCAI_AIMS_TBI/scan_0491_T1.nii.gz,scan_0491_T1.nii.gz,0491,T1,nii.gz,4.968,"(256, 256, 256)",3.0,float32,"(1.0, 1.0, 1.0)",0.0,3747.2422,104.4876,3257754.0,,
/data/data/DA25S005/miccai_tbi/MultiTalentV2_finetuning/MICCAI_AIMS_TBI/scan_0491_bval.txt,scan_0491_bval.txt,0491,bval,txt,0.0,"(1, 33)",1.0,float64,,0.0,1000.0,,,,
/data/data/DA25S005/miccai_tbi/MultiTalentV2_finetuning/MICCAI_AIMS_TBI/scan_0491_bvec.txt,scan_0491_bvec.txt,0491,bvec,txt,0.002,"(3, 33)",2.0,float64,,-1.0,1.0,,,,
/data/data/DA25S005/miccai_tbi/MultiTalentV2_finetuning/MICCAI_AIMS_TBI/scan_0491_dMRI.nii.gz,scan_0491_dMRI.nii.gz,0491,dMRI,nii.gz,17.523,"(128, 128, 70, 33)",4.0,float32,"(1.75, 1.75, 2.0)",0.0,11266.457,68.2671,18388478.0,33.0,
/data/data/DA25S005/miccai_tbi/MultiTalentV2_finetuning/MICCAI_AIMS_TBI/scan_0492_Lesion.nii.gz,scan_0492_Lesion.nii.gz,0492,Lesion,nii.gz,0.033,"(256, 256, 256)",3.0,float32,"(1.0, 1.0, 1.0)",0.0,1.0,0.0,114.0,,
/data/data/DA25S005/miccai_tbi/MultiTalentV2_finetuning/MICCAI_AIMS_TBI/scan_0492_T1.nii.gz,scan_0492_T1.nii.gz,0492,T1,nii.gz,11.324,"(256, 256, 256)",3.0,float32,"(1.0, 1.0, 1.0)",0.0,1076.125,58.638,5599148.0,,
/data/data/DA25S005/miccai_tbi/MultiTalentV2_finetuning/MICCAI_AIMS_TBI/scan_0492_bval.txt,scan_0492_bval.txt,0492,bval,txt,0.0,"(1, 70)",1.0,float64,,0.0,2000.0,,,,
/data/data/DA25S005/miccai_tbi/MultiTalentV2_finetuning/MICCAI_AIMS_TBI/scan_0492_bvec.txt,scan_0492_bvec.txt,0492,bvec,txt,0.003,"(3, 70)",2.0,float64,,-0.9964,0.9996,,,,
/data/data/DA25S005/miccai_tbi/MultiTalentV2_finetuning/MICCAI_AIMS_TBI/scan_0492_dMRI.nii.gz,scan_0492_dMRI.nii.gz,0492,dMRI,nii.gz,67.147,"(128, 128, 64, 70)",4.0,float32,"(2.0, 2.0, 2.0)",0.0,4095.0,31.8277,71640850.0,70.0,
/data/data/DA25S005/miccai_tbi/MultiTalentV2_finetuning/MICCAI_AIMS_TBI/scan_0493_Lesion.nii.gz,scan_0493_Lesion.nii.gz,0493,Lesion,nii.gz,0.037,"(256, 256, 256)",3.0,float32,"(1.0, 1.0, 1.0)",0.0,1.0,0.0006,9959.0,,
/data/data/DA25S005/miccai_tbi/MultiTalentV2_finetuning/MICCAI_AIMS_TBI/scan_0493_T1.nii.gz,scan_0493_T1.nii.gz,0493,T1,nii.gz,19.411,"(256, 256, 256)",3.0,float32,"(1.0, 1.0, 1.0)",0.0,843.8182,34.2177,6681511.0,,
/data/data/DA25S005/miccai_tbi/MultiTalentV2_finetuning/MICCAI_AIMS_TBI/scan_0498_Lesion.nii.gz,scan_0498_Lesion.nii.gz,0498,Lesion,nii.gz,0.033,"(256, 256, 256)",3.0,float32,"(1.0, 1.0, 1.0)",0.0,1.0,0.0001,1473.0,,
/data/data/DA25S005/miccai_tbi/MultiTalentV2_finetuning/MICCAI_AIMS_TBI/scan_0498_T1.nii.gz,scan_0498_T1.nii.gz,0498,T1,nii.gz,19.268,"(256, 256, 256)",3.0,float32,"(1.0, 1.0, 1.0)",0.0,2839.9749,126.0646,6898828.0,,
/data/data/DA25S005/miccai_tbi/MultiTalentV2_finetuning/MICCAI_AIMS_TBI/scan_0498_bval.txt,scan_0498_bval.txt,0498,bval,txt,0.0,"(1, 16)",1.0,float64,,0.0,860.0,,,,
/data/data/DA25S005/miccai_tbi/MultiTalentV2_finetuning/MICCAI_AIMS_TBI/scan_0498_bvec.txt,scan_0498_bvec.txt,0498,bvec,txt,0.001,"(3, 16)",2.0,float64,,-1.0,1.0,,,,
/data/data/DA25S005/miccai_tbi/MultiTalentV2_finetuning/MICCAI_AIMS_TBI/scan_0498_dMRI.nii.gz,scan_0498_dMRI.nii.gz,0498,dMRI,nii.gz,11.986,"(128, 128, 55, 16)",4.0,float32,"(2.0, 2.0, 2.7)",0.0,8250.3711,60.9327,13152010.0,16.0,
/data/data/DA25S005/miccai_tbi/MultiTalentV2_finetuning/MICCAI_AIMS_TBI/scan_0502_Lesion.nii.gz,scan_0502_Lesion.nii.gz,0502,Lesion,nii.gz,0.034,"(256, 256, 256)",3.0,float32,"(1.0, 1.0, 1.0)",0.0,4.0,0.0001,938.0,,
/data/data/DA25S005/miccai_tbi/MultiTalentV2_finetuning/MICCAI_AIMS_TBI/scan_0502_T1.nii.gz,scan_0502_T1.nii.gz,0502,T1,nii.gz,35.119,"(256, 256, 256)",3.0,float32,"(1.0, 1.0, 1.0)",0.0,786.8923,49.5708,10768229.0,,
/data/data/DA25S005/miccai_tbi/MultiTalentV2_finetuning/MICCAI_AIMS_TBI/scan_0502_bval.txt,scan_0502_bval.txt,0502,bval,txt,0.0,"(1, 65)",1.0,float64,,0.0,1000.0,,,,
/data/data/DA25S005/miccai_tbi/MultiTalentV2_finetuning/MICCAI_AIMS_TBI/scan_0502_bvec.txt,scan_0502_bvec.txt,0502,bvec,txt,0.003,"(3, 65)",2.0,float64,,-0.9906,1.0,,,,
/data/data/DA25S005/miccai_tbi/MultiTalentV2_finetuning/MICCAI_AIMS_TBI/scan_0502_dMRI.nii.gz,scan_0502_dMRI.nii.gz,0502,dMRI,nii.gz,37.78,"(96, 96, 60, 65)",4.0,float32,"(2.208, 2.208, 2.42)",0.0,4095.0,47.9212,35433178.0,65.0,
/data/data/DA25S005/miccai_tbi/MultiTalentV2_finetuning/MICCAI_AIMS_TBI/scan_0503_Lesion.nii.gz,scan_0503_Lesion.nii.gz,0503,Lesion,nii.gz,0.033,"(256, 256, 256)",3.0,float32,"(1.0, 1.0, 1.0)",0.0,0.0,0.0,0.0,,
/data/data/DA25S005/miccai_tbi/MultiTalentV2_finetuning/MICCAI_AIMS_TBI/scan_0503_T1.nii.gz,scan_0503_T1.nii.gz,0503,T1,nii.gz,12.966,"(256, 256, 256)",3.0,float32,"(1.0, 1.0, 1.0)",0.0,1044.0,45.5539,11264650.0,,
/data/data/DA25S005/miccai_tbi/MultiTalentV2_finetuning/MICCAI_AIMS_TBI/scan_0504_Lesion.nii.gz,scan_0504_Lesion.nii.gz,0504,Lesion,nii.gz,0.033,"(256, 256, 256)",3.0,float32,"(1.0, 1.0, 1.0)",0.0,0.0,0.0,0.0,,
/data/data/DA25S005/miccai_tbi/MultiTalentV2_finetuning/MICCAI_AIMS_TBI/scan_0504_T1.nii.gz,scan_0504_T1.nii.gz,0504,T1,nii.gz,37.328,"(256, 256, 256)",3.0,float32,"(1.0, 1.0, 1.0)",0.0,10062.1758,447.008,10516707.0,,
/data/data/DA25S005/miccai_tbi/MultiTalentV2_finetuning/MICCAI_AIMS_TBI/scan_0505_Lesion.nii.gz,scan_0505_Lesion.nii.gz,0505,Lesion,nii.gz,0.033,"(256, 256, 256)",3.0,float32,"(1.0, 1.0, 1.0)",0.0,0.0,0.0,0.0,,
/data/data/DA25S005/miccai_tbi/MultiTalentV2_finetuning/MICCAI_AIMS_TBI/scan_0505_T1.nii.gz,scan_0505_T1.nii.gz,0505,T1,nii.gz,35.724,"(256, 256, 256)",3.0,float32,"(1.0, 1.0, 1.0)",0.0,14543.4453,467.1775,10027549.0,,
/data/data/DA25S005/miccai_tbi/MultiTalentV2_finetuning/MICCAI_AIMS_TBI/scan_0507_Lesion.nii.gz,scan_0507_Lesion.nii.gz,0507,Lesion,nii.gz,0.033,"(256, 256, 256)",3.0,float32,"(1.0, 1.0, 1.0)",0.0,0.0,0.0,0.0,,
/data/data/DA25S005/miccai_tbi/MultiTalentV2_finetuning/MICCAI_AIMS_TBI/scan_0507_T1.nii.gz,scan_0507_T1.nii.gz,0507,T1,nii.gz,5.142,"(256, 256, 256)",3.0,float32,"(1.0, 1.0, 1.0)",0.0,3916.5803,130.6108,3552071.0,,
/data/data/DA25S005/miccai_tbi/MultiTalentV2_finetuning/MICCAI_AIMS_TBI/scan_0507_bval.txt,scan_0507_bval.txt,0507,bval,txt,0.0,"(1, 33)",1.0,float64,,0.0,1000.0,,,,
/data/data/DA25S005/miccai_tbi/MultiTalentV2_finetuning/MICCAI_AIMS_TBI/scan_0507_bvec.txt,scan_0507_bvec.txt,0507,bvec,txt,0.002,"(3, 33)",2.0,float64,,-0.7071,0.7071,,,,
/data/data/DA25S005/miccai_tbi/MultiTalentV2_finetuning/MICCAI_AIMS_TBI/scan_0507_dMRI.nii.gz,scan_0507_dMRI.nii.gz,0507,dMRI,nii.gz,7.522,"(96, 96, 65, 33)",4.0,float32,"(2.5, 2.5, 2.5)",0.0,3039.7942,39.6729,7377287.0,33.0,
/data/data/DA25S005/miccai_tbi/MultiTalentV2_finetuning/MICCAI_AIMS_TBI/scan_0508_Lesion.nii.gz,scan_0508_Lesion.nii.gz,0508,Lesion,nii.gz,0.033,"(256, 256, 256)",3.0,float32,"(1.0, 1.0, 1.0)",0.0,0.0,0.0,0.0,,
/data/data/DA25S005/miccai_tbi/MultiTalentV2_finetuning/MICCAI_AIMS_TBI/scan_0508_T1.nii.gz,scan_0508_T1.nii.gz,0508,T1,nii.gz,33.26,"(256, 256, 256)",3.0,float32,"(1.0, 1.0, 1.0)",0.0,9763.5547,598.2552,9404916.0,,
/data/data/DA25S005/miccai_tbi/MultiTalentV2_finetuning/MICCAI_AIMS_TBI/scan_0512_Lesion.nii.gz,scan_0512_Lesion.nii.gz,0512,Lesion,nii.gz,0.033,"(256, 256, 256)",3.0,float32,"(1.0, 1.0, 1.0)",0.0,1.0,0.0,536.0,,
/data/data/DA25S005/miccai_tbi/MultiTalentV2_finetuning/MICCAI_AIMS_TBI/scan_0512_T1.nii.gz,scan_0512_T1.nii.gz,0512,T1,nii.gz,4.995,"(256, 256, 256)",3.0,float32,"(1.0, 1.0, 1.0)",0.0,1836791.25,25005.4316,3696464.0,,
/data/data/DA25S005/miccai_tbi/MultiTalentV2_finetuning/MICCAI_AIMS_TBI/scan_0512_bval.txt,scan_0512_bval.txt,0512,bval,txt,0.0,"(1, 33)",1.0,float64,,0.0,700.0,,,,
/data/data/DA25S005/miccai_tbi/MultiTalentV2_finetuning/MICCAI_AIMS_TBI/scan_0512_bvec.txt,scan_0512_bvec.txt,0512,bvec,txt,0.001,"(3, 33)",2.0,float64,,-1.0,1.0,,,,
/data/data/DA25S005/miccai_tbi/MultiTalentV2_finetuning/MICCAI_AIMS_TBI/scan_0512_dMRI.nii.gz,scan_0512_dMRI.nii.gz,0512,dMRI,nii.gz,74.809,"(256, 256, 65, 33)",4.0,float32,"(0.828, 0.828, 2.2)",0.0,140898.5781,2131.6777,79530689.0,33.0,
/data/data/DA25S005/miccai_tbi/MultiTalentV2_finetuning/MICCAI_AIMS_TBI/scan_0513_Lesion.nii.gz,scan_0513_Lesion.nii.gz,0513,Lesion,nii.gz,0.033,"(256, 256, 256)",3.0,float32,"(1.0, 1.0, 1.0)",0.0,0.0,0.0,0.0,,
/data/data/DA25S005/miccai_tbi/MultiTalentV2_finetuning/MICCAI_AIMS_TBI/scan_0513_T1.nii.gz,scan_0513_T1.nii.gz,0513,T1,nii.gz,5.795,"(256, 256, 256)",3.0,float32,"(1.0, 1.0, 1.0)",0.0,1110654.875,21612.3008,4596889.0,,
/data/data/DA25S005/miccai_tbi/MultiTalentV2_finetuning/MICCAI_AIMS_TBI/scan_0513_bval.txt,scan_0513_bval.txt,0513,bval,txt,0.0,"(1, 33)",1.0,float64,,0.0,700.0,,,,
/data/data/DA25S005/miccai_tbi/MultiTalentV2_finetuning/MICCAI_AIMS_TBI/scan_0513_bvec.txt,scan_0513_bvec.txt,0513,bvec,txt,0.001,"(3, 33)",2.0,float64,,-1.0,1.0,,,,
/data/data/DA25S005/miccai_tbi/MultiTalentV2_finetuning/MICCAI_AIMS_TBI/scan_0513_dMRI.nii.gz,scan_0513_dMRI.nii.gz,0513,dMRI,nii.gz,90.127,"(256, 256, 70, 33)",4.0,float32,"(0.828, 0.828, 2.2)",0.0,79591.3281,1786.2367,108603472.0,33.0,
/data/data/DA25S005/miccai_tbi/MultiTalentV2_finetuning/MICCAI_AIMS_TBI/scan_0517_Lesion.nii.gz,scan_0517_Lesion.nii.gz,0517,Lesion,nii.gz,0.033,"(256, 256, 256)",3.0,float32,"(1.0, 1.0, 1.0)",0.0,0.0,0.0,0.0,,
/data/data/DA25S005/miccai_tbi/MultiTalentV2_finetuning/MICCAI_AIMS_TBI/scan_0517_T1.nii.gz,scan_0517_T1.nii.gz,0517,T1,nii.gz,31.179,"(256, 256, 256)",3.0,float32,"(1.0, 1.0, 1.0)",0.0,11008.1143,399.4796,8748604.0,,
/data/data/DA25S005/miccai_tbi/MultiTalentV2_finetuning/MICCAI_AIMS_TBI/scan_0518_Lesion.nii.gz,scan_0518_Lesion.nii.gz,0518,Lesion,nii.gz,0.033,"(256, 256, 256)",3.0,float32,"(1.0, 1.0, 1.0)",0.0,1.0,0.0,511.0,,
/data/data/DA25S005/miccai_tbi/MultiTalentV2_finetuning/MICCAI_AIMS_TBI/scan_0518_T1.nii.gz,scan_0518_T1.nii.gz,0518,T1,nii.gz,9.383,"(256, 256, 256)",3.0,float32,"(1.0, 1.0, 1.0)",0.0,1455.0,59.5433,5417025.0,,
/data/data/DA25S005/miccai_tbi/MultiTalentV2_finetuning/MICCAI_AIMS_TBI/scan_0519_Lesion.nii.gz,scan_0519_Lesion.nii.gz,0519,Lesion,nii.gz,0.033,"(256, 256, 256)",3.0,float32,"(1.0, 1.0, 1.0)",0.0,0.0,0.0,0.0,,
/data/data/DA25S005/miccai_tbi/MultiTalentV2_finetuning/MICCAI_AIMS_TBI/scan_0519_T1.nii.gz,scan_0519_T1.nii.gz,0519,T1,nii.gz,5.122,"(256, 256, 256)",3.0,float32,"(1.0, 1.0, 1.0)",0.0,1631727.875,29196.6348,3612956.0,,
/data/data/DA25S005/miccai_tbi/MultiTalentV2_finetuning/MICCAI_AIMS_TBI/scan_0519_bval.txt,scan_0519_bval.txt,0519,bval,txt,0.0,"(1, 33)",1.0,float64,,0.0,700.0,,,,
/data/data/DA25S005/miccai_tbi/MultiTalentV2_finetuning/MICCAI_AIMS_TBI/scan_0519_bvec.txt,scan_0519_bvec.txt,0519,bvec,txt,0.001,"(3, 33)",2.0,float64,,-1.0,1.0,,,,
/data/data/DA25S005/miccai_tbi/MultiTalentV2_finetuning/MICCAI_AIMS_TBI/scan_0519_dMRI.nii.gz,scan_0519_dMRI.nii.gz,0519,dMRI,nii.gz,76.141,"(256, 256, 70, 33)",4.0,float32,"(0.828, 0.828, 2.2)",0.0,208490.2656,2204.4041,79387987.0,33.0,
/data/data/DA25S005/miccai_tbi/MultiTalentV2_finetuning/MICCAI_AIMS_TBI/scan_0522_Lesion.nii.gz,scan_0522_Lesion.nii.gz,0522,Lesion,nii.gz,0.034,"(256, 256, 256)",3.0,float32,"(1.0, 1.0, 1.0)",0.0,5.0,0.0001,910.0,,
/data/data/DA25S005/miccai_tbi/MultiTalentV2_finetuning/MICCAI_AIMS_TBI/scan_0522_T1.nii.gz,scan_0522_T1.nii.gz,0522,T1,nii.gz,13.416,"(256, 256, 256)",3.0,float32,"(1.0, 1.0, 1.0)",0.0,1025.0,40.0246,11444391.0,,
/data/data/DA25S005/miccai_tbi/MultiTalentV2_finetuning/MICCAI_AIMS_TBI/scan_0523_Lesion.nii.gz,scan_0523_Lesion.nii.gz,0523,Lesion,nii.gz,0.033,"(256, 256, 256)",3.0,float32,"(1.0, 1.0, 1.0)",0.0,0.0,0.0,0.0,,
/data/data/DA25S005/miccai_tbi/MultiTalentV2_finetuning/MICCAI_AIMS_TBI/scan_0523_T1.nii.gz,scan_0523_T1.nii.gz,0523,T1,nii.gz,5.198,"(256, 256, 256)",3.0,float32,"(1.0, 1.0, 1.0)",0.0,1335988.75,23578.6152,3694842.0,,
/data/data/DA25S005/miccai_tbi/MultiTalentV2_finetuning/MICCAI_AIMS_TBI/scan_0523_bval.txt,scan_0523_bval.txt,0523,bval,txt,0.0,"(1, 33)",1.0,float64,,0.0,700.0,,,,
/data/data/DA25S005/miccai_tbi/MultiTalentV2_finetuning/MICCAI_AIMS_TBI/scan_0523_bvec.txt,scan_0523_bvec.txt,0523,bvec,txt,0.001,"(3, 33)",2.0,float64,,-1.0,1.0,,,,
/data/data/DA25S005/miccai_tbi/MultiTalentV2_finetuning/MICCAI_AIMS_TBI/scan_0523_dMRI.nii.gz,scan_0523_dMRI.nii.gz,0523,dMRI,nii.gz,29.36,,,,,,,,,,Compressed file ended before the end-of-stream marker was reached
/data/data/DA25S005/miccai_tbi/MultiTalentV2_finetuning/MICCAI_AIMS_TBI/scan_0526_Lesion.nii.gz,scan_0526_Lesion.nii.gz,0526,Lesion,nii.gz,0.033,"(256, 256, 256)",3.0,float32,"(1.0, 1.0, 1.0)",0.0,0.0,0.0,0.0,,
/data/data/DA25S005/miccai_tbi/MultiTalentV2_finetuning/MICCAI_AIMS_TBI/scan_0526_T1.nii.gz,scan_0526_T1.nii.gz,0526,T1,nii.gz,35.185,"(256, 256, 256)",3.0,float32,"(1.0, 1.0, 1.0)",0.0,7429.9658,310.6681,10024432.0,,
/data/data/DA25S005/miccai_tbi/MultiTalentV2_finetuning/MICCAI_AIMS_TBI/scan_0527_Lesion.nii.gz,scan_0527_Lesion.nii.gz,0527,Lesion,nii.gz,0.035,"(256, 256, 256)",3.0,float32,"(1.0, 1.0, 1.0)",0.0,5.0,0.0005,4302.0,,
/data/data/DA25S005/miccai_tbi/MultiTalentV2_finetuning/MICCAI_AIMS_TBI/scan_0527_T1.nii.gz,scan_0527_T1.nii.gz,0527,T1,nii.gz,18.433,"(256, 256, 256)",3.0,float32,"(1.0, 1.0, 1.0)",0.0,917.1364,41.4883,6189068.0,,
/data/data/DA25S005/miccai_tbi/MultiTalentV2_finetuning/MICCAI_AIMS_TBI/scan_0529_bval.txt,scan_0529_bval.txt,0529,bval,txt,0.0,"(1, 65)",1.0,float64,,0.0,1000.0,,,,
/data/data/DA25S005/miccai_tbi/MultiTalentV2_finetuning/MICCAI_AIMS_TBI/scan_0529_bvec.txt,scan_0529_bvec.txt,0529,bvec,txt,0.003,"(65, 3)",2.0,float64,,-0.9641,1.0,,,,
/data/data/DA25S005/miccai_tbi/MultiTalentV2_finetuning/MICCAI_AIMS_TBI/scan_0529_dMRI.nii.gz,scan_0529_dMRI.nii.gz,0529,dMRI,nii.gz,88.626,"(128, 128, 75, 65)",4.0,float32,"(2.0, 2.0, 2.0)",0.0,3156.0,71.6696,79257205.0,65.0,
/data/data/DA25S005/miccai_tbi/MultiTalentV2_finetuning/MICCAI_AIMS_TBI/scan_0530_Lesion.nii.gz,scan_0530_Lesion.nii.gz,0530,Lesion,nii.gz,0.033,"(256, 256, 256)",3.0,float32,"(1.0, 1.0, 1.0)",0.0,0.0,0.0,0.0,,
/data/data/DA25S005/miccai_tbi/MultiTalentV2_finetuning/MICCAI_AIMS_TBI/scan_0530_T1.nii.gz,scan_0530_T1.nii.gz,0530,T1,nii.gz,21.229,"(256, 256, 256)",3.0,float32,"(1.0, 1.0, 1.0)",0.0,2536.0813,125.4809,6362329.0,,
/data/data/DA25S005/miccai_tbi/MultiTalentV2_finetuning/MICCAI_AIMS_TBI/scan_0533_Lesion.nii.gz,scan_0533_Lesion.nii.gz,0533,Lesion,nii.gz,0.033,"(256, 256, 256)",3.0,float32,"(1.0, 1.0, 1.0)",0.0,1.0,0.0,299.0,,
/data/data/DA25S005/miccai_tbi/MultiTalentV2_finetuning/MICCAI_AIMS_TBI/scan_0533_T1.nii.gz,scan_0533_T1.nii.gz,0533,T1,nii.gz,31.448,"(256, 256, 256)",3.0,float32,"(1.0, 1.0, 1.0)",0.0,7238.0063,418.0492,8876038.0,,
/data/data/DA25S005/miccai_tbi/MultiTalentV2_finetuning/MICCAI_AIMS_TBI/scan_0537_Lesion.nii.gz,scan_0537_Lesion.nii.gz,0537,Lesion,nii.gz,0.04,"(256, 256, 256)",3.0,float32,"(1.0, 1.0, 1.0)",0.0,5.0,0.0012,17927.0,,
/data/data/DA25S005/miccai_tbi/MultiTalentV2_finetuning/MICCAI_AIMS_TBI/scan_0537_T1.nii.gz,scan_0537_T1.nii.gz,0537,T1,nii.gz,20.993,"(256, 256, 256)",3.0,float32,"(1.0, 1.0, 1.0)",0.0,914.4091,38.2951,7256375.0,,
/data/data/DA25S005/miccai_tbi/MultiTalentV2_finetuning/MICCAI_AIMS_TBI/scan_0538_Lesion.nii.gz,scan_0538_Lesion.nii.gz,0538,Lesion,nii.gz,0.038,"(256, 256, 256)",3.0,float32,"(1.0, 1.0, 1.0)",0.0,5.0,0.0009,13876.0,,
/data/data/DA25S005/miccai_tbi/MultiTalentV2_finetuning/MICCAI_AIMS_TBI/scan_0538_T1.nii.gz,scan_0538_T1.nii.gz,0538,T1,nii.gz,9.881,"(256, 256, 256)",3.0,float32,"(1.0, 1.0, 1.0)",0.0,2453.5076,120.2476,7730758.0,,
/data/data/DA25S005/miccai_tbi/MultiTalentV2_finetuning/MICCAI_AIMS_TBI/scan_0538_bval.txt,scan_0538_bval.txt,0538,bval,txt,0.0,"(1, 16)",1.0,float64,,0.0,860.0,,,,
/data/data/DA25S005/miccai_tbi/MultiTalentV2_finetuning/MICCAI_AIMS_TBI/scan_0538_bvec.txt,scan_0538_bvec.txt,0538,bvec,txt,0.001,"(3, 16)",2.0,float64,,-1.0,1.0,,,,
/data/data/DA25S005/miccai_tbi/MultiTalentV2_finetuning/MICCAI_AIMS_TBI/scan_0538_dMRI.nii.gz,scan_0538_dMRI.nii.gz,0538,dMRI,nii.gz,11.671,"(128, 128, 55, 16)",4.0,float32,"(2.0, 2.0, 2.7)",0.0,1671.0,16.1356,13149215.0,16.0,
/data/data/DA25S005/miccai_tbi/MultiTalentV2_finetuning/MICCAI_AIMS_TBI/scan_0540_Lesion.nii.gz,scan_0540_Lesion.nii.gz,0540,Lesion,nii.gz,0.033,"(256, 256, 256)",3.0,float32,"(1.0, 1.0, 1.0)",0.0,5.0,0.0002,569.0,,
/data/data/DA25S005/miccai_tbi/MultiTalentV2_finetuning/MICCAI_AIMS_TBI/scan_0540_T1.nii.gz,scan_0540_T1.nii.gz,0540,T1,nii.gz,34.009,"(256, 256, 256)",3.0,float32,"(1.0, 1.0, 1.0)",0.0,9227.5,538.5103,9622023.0,,
/data/data/DA25S005/miccai_tbi/MultiTalentV2_finetuning/MICCAI_AIMS_TBI/scan_0541_Lesion.nii.gz,scan_0541_Lesion.nii.gz,0541,Lesion,nii.gz,0.034,"(256, 256, 256)",3.0,float32,"(1.0, 1.0, 1.0)",0.0,1.0,0.0001,1917.0,,
/data/data/DA25S005/miccai_tbi/MultiTalentV2_finetuning/MICCAI_AIMS_TBI/scan_0541_T1.nii.gz,scan_0541_T1.nii.gz,0541,T1,nii.gz,32.246,"(256, 256, 256)",3.0,float32,"(1.0, 1.0, 1.0)",0.0,7317.062,371.5815,9100945.0,,
/data/data/DA25S005/miccai_tbi/MultiTalentV2_finetuning/MICCAI_AIMS_TBI/scan_0545_Lesion.nii.gz,scan_0545_Lesion.nii.gz,0545,Lesion,nii.gz,0.033,"(256, 256, 256)",3.0,float32,"(1.0, 1.0, 1.0)",0.0,0.0,0.0,0.0,,
/data/data/DA25S005/miccai_tbi/MultiTalentV2_finetuning/MICCAI_AIMS_TBI/scan_0545_T1.nii.gz,scan_0545_T1.nii.gz,0545,T1,nii.gz,10.331,"(256, 256, 256)",3.0,float32,"(1.0, 1.0, 1.0)",0.0,944.8125,40.3534,4773300.0,,
/data/data/DA25S005/miccai_tbi/MultiTalentV2_finetuning/MICCAI_AIMS_TBI/scan_0545_bval.txt,scan_0545_bval.txt,0545,bval,txt,0.0,"(1, 70)",1.0,float64,,0.0,2000.0,,,,
/data/data/DA25S005/miccai_tbi/MultiTalentV2_finetuning/MICCAI_AIMS_TBI/scan_0545_bvec.txt,scan_0545_bvec.txt,0545,bvec,txt,0.003,"(3, 70)",2.0,float64,,-0.9931,1.0,,,,
/data/data/DA25S005/miccai_tbi/MultiTalentV2_finetuning/MICCAI_AIMS_TBI/scan_0545_dMRI.nii.gz,scan_0545_dMRI.nii.gz,0545,dMRI,nii.gz,64.176,"(128, 128, 64, 70)",4.0,float32,"(2.0, 2.0, 2.0)",0.0,3628.0,29.0064,71584413.0,70.0,
/data/data/DA25S005/miccai_tbi/MultiTalentV2_finetuning/MICCAI_AIMS_TBI/scan_0546_Lesion.nii.gz,scan_0546_Lesion.nii.gz,0546,Lesion,nii.gz,0.033,"(256, 256, 256)",3.0,float32,"(1.0, 1.0, 1.0)",0.0,5.0,0.0,105.0,,
/data/data/DA25S005/miccai_tbi/MultiTalentV2_finetuning/MICCAI_AIMS_TBI/scan_0546_T1.nii.gz,scan_0546_T1.nii.gz,0546,T1,nii.gz,30.036,"(256, 256, 256)",3.0,float32,"(1.0, 1.0, 1.0)",0.0,2805.6216,149.7536,9179895.0,,
/data/data/DA25S005/miccai_tbi/MultiTalentV2_finetuning/MICCAI_AIMS_TBI/scan_0546_bval.txt,scan_0546_bval.txt,0546,bval,txt,0.0,"(1, 16)",1.0,float64,,0.0,860.0,,,,
/data/data/DA25S005/miccai_tbi/MultiTalentV2_finetuning/MICCAI_AIMS_TBI/scan_0546_bvec.txt,scan_0546_bvec.txt,0546,bvec,txt,0.001,"(3, 16)",2.0,float64,,-1.0,1.0,,,,
/data/data/DA25S005/miccai_tbi/MultiTalentV2_finetuning/MICCAI_AIMS_TBI/scan_0546_dMRI.nii.gz,scan_0546_dMRI.nii.gz,0546,dMRI,nii.gz,12.488,"(128, 128, 55, 17)",4.0,float32,"(2.0, 2.0, 2.7)",0.0,7680.0,89.2481,13965623.0,17.0,
/data/data/DA25S005/miccai_tbi/MultiTalentV2_finetuning/MICCAI_AIMS_TBI/scan_0553_Lesion.nii.gz,scan_0553_Lesion.nii.gz,0553,Lesion,nii.gz,0.033,"(256, 256, 256)",3.0,float32,"(1.0, 1.0, 1.0)",0.0,0.0,0.0,0.0,,
/data/data/DA25S005/miccai_tbi/MultiTalentV2_finetuning/MICCAI_AIMS_TBI/scan_0553_T1.nii.gz,scan_0553_T1.nii.gz,0553,T1,nii.gz,14.301,"(256, 256, 256)",3.0,float32,"(1.0, 1.0, 1.0)",0.0,2758857.25,77010.4844,6177540.0,,
/data/data/DA25S005/miccai_tbi/MultiTalentV2_finetuning/MICCAI_AIMS_TBI/scan_0553_bval.txt,scan_0553_bval.txt,0553,bval,txt,0.0,"(1, 33)",1.0,float64,,0.0,700.0,,,,
/data/data/DA25S005/miccai_tbi/MultiTalentV2_finetuning/MICCAI_AIMS_TBI/scan_0553_bvec.txt,scan_0553_bvec.txt,0553,bvec,txt,0.001,"(3, 33)",2.0,float64,,-1.0,1.0,,,,
/data/data/DA25S005/miccai_tbi/MultiTalentV2_finetuning/MICCAI_AIMS_TBI/scan_0553_dMRI.nii.gz,scan_0553_dMRI.nii.gz,0553,dMRI,nii.gz,78.963,"(256, 256, 60, 33)",4.0,float32,"(0.828, 0.828, 2.2)",0.0,391946.125,4949.3784,74569564.0,33.0,
/data/data/DA25S005/miccai_tbi/MultiTalentV2_finetuning/MICCAI_AIMS_TBI/scan_0557_Lesion.nii.gz,scan_0557_Lesion.nii.gz,0557,Lesion,nii.gz,0.033,"(256, 256, 256)",3.0,float32,"(1.0, 1.0, 1.0)",0.0,0.0,0.0,0.0,,
/data/data/DA25S005/miccai_tbi/MultiTalentV2_finetuning/MICCAI_AIMS_TBI/scan_0557_T1.nii.gz,scan_0557_T1.nii.gz,0557,T1,nii.gz,15.871,"(256, 256, 256)",3.0,float32,"(1.0, 1.0, 1.0)",0.0,1008.0,93.3149,10396882.0,,
/data/data/DA25S005/miccai_tbi/MultiTalentV2_finetuning/MICCAI_AIMS_TBI/scan_0558_Lesion.nii.gz,scan_0558_Lesion.nii.gz,0558,Lesion,nii.gz,0.048,"(256, 256, 256)",3.0,float32,"(1.0, 1.0, 1.0)",0.0,1.0,0.0034,56476.0,,
/data/data/DA25S005/miccai_tbi/MultiTalentV2_finetuning/MICCAI_AIMS_TBI/scan_0558_T1.nii.gz,scan_0558_T1.nii.gz,0558,T1,nii.gz,13.836,"(256, 256, 256)",3.0,float32,"(1.0, 1.0, 1.0)",0.0,1380.0,87.9216,8969509.0,,
/data/data/DA25S005/miccai_tbi/MultiTalentV2_finetuning/MICCAI_AIMS_TBI/scan_0559_Lesion.nii.gz,scan_0559_Lesion.nii.gz,0559,Lesion,nii.gz,0.033,"(256, 256, 256)",3.0,float32,"(1.0, 1.0, 1.0)",0.0,0.0,0.0,0.0,,
/data/data/DA25S005/miccai_tbi/MultiTalentV2_finetuning/MICCAI_AIMS_TBI/scan_0559_T1.nii.gz,scan_0559_T1.nii.gz,0559,T1,nii.gz,5.268,"(256, 256, 256)",3.0,float32,"(1.0, 1.0, 1.0)",0.0,7341.0356,150.526,3645802.0,,
/data/data/DA25S005/miccai_tbi/MultiTalentV2_finetuning/MICCAI_AIMS_TBI/scan_0559_bval.txt,scan_0559_bval.txt,0559,bval,txt,0.0,"(1, 33)",1.0,float64,,0.0,1000.0,,,,
/data/data/DA25S005/miccai_tbi/MultiTalentV2_finetuning/MICCAI_AIMS_TBI/scan_0559_bvec.txt,scan_0559_bvec.txt,0559,bvec,txt,0.002,"(3, 33)",2.0,float64,,-0.7071,0.7071,,,,
/data/data/DA25S005/miccai_tbi/MultiTalentV2_finetuning/MICCAI_AIMS_TBI/scan_0559_dMRI.nii.gz,scan_0559_dMRI.nii.gz,0559,dMRI,nii.gz,7.49,"(96, 96, 65, 33)",4.0,float32,"(2.5, 2.5, 2.5)",0.0,4388.2446,44.4577,7390906.0,33.0,
/data/data/DA25S005/miccai_tbi/MultiTalentV2_finetuning/MICCAI_AIMS_TBI/scan_0561_Lesion.nii.gz,scan_0561_Lesion.nii.gz,0561,Lesion,nii.gz,0.033,"(256, 256, 256)",3.0,float32,"(1.0, 1.0, 1.0)",0.0,0.0,0.0,0.0,,
/data/data/DA25S005/miccai_tbi/MultiTalentV2_finetuning/MICCAI_AIMS_TBI/scan_0561_T1.nii.gz,scan_0561_T1.nii.gz,0561,T1,nii.gz,13.766,"(256, 256, 256)",3.0,float32,"(1.0, 1.0, 1.0)",0.0,734.0,49.6856,11438041.0,,
/data/data/DA25S005/miccai_tbi/MultiTalentV2_finetuning/MICCAI_AIMS_TBI/scan_0564_Lesion.nii.gz,scan_0564_Lesion.nii.gz,0564,Lesion,nii.gz,0.033,"(256, 256, 256)",3.0,float32,"(1.0, 1.0, 1.0)",0.0,0.0,0.0,0.0,,
/data/data/DA25S005/miccai_tbi/MultiTalentV2_finetuning/MICCAI_AIMS_TBI/scan_0564_T1.nii.gz,scan_0564_T1.nii.gz,0564,T1,nii.gz,19.65,"(256, 256, 256)",3.0,float32,"(1.0, 1.0, 1.0)",0.0,925.8181,45.29,6484590.0,,
/data/data/DA25S005/miccai_tbi/MultiTalentV2_finetuning/MICCAI_AIMS_TBI/scan_0564_bval.txt,scan_0564_bval.txt,0564,bval,txt,0.0,"(1, 65)",1.0,float64,,0.0,1000.0,,,,
/data/data/DA25S005/miccai_tbi/MultiTalentV2_finetuning/MICCAI_AIMS_TBI/scan_0564_bvec.txt,scan_0564_bvec.txt,0564,bvec,txt,0.004,"(3, 65)",2.0,float64,,-0.9933,1.0,,,,
/data/data/DA25S005/miccai_tbi/MultiTalentV2_finetuning/MICCAI_AIMS_TBI/scan_0564_dMRI.nii.gz,scan_0564_dMRI.nii.gz,0564,dMRI,nii.gz,37.818,"(96, 96, 60, 65)",4.0,float32,"(2.208, 2.208, 2.42)",0.0,3389.0,51.2455,35431618.0,65.0,
/data/data/DA25S005/miccai_tbi/MultiTalentV2_finetuning/MICCAI_AIMS_TBI/scan_0565_Lesion.nii.gz,scan_0565_Lesion.nii.gz,0565,Lesion,nii.gz,0.033,"(256, 256, 256)",3.0,float32,"(1.0, 1.0, 1.0)",0.0,0.0,0.0,0.0,,
/data/data/DA25S005/miccai_tbi/MultiTalentV2_finetuning/MICCAI_AIMS_TBI/scan_0565_T1.nii.gz,scan_0565_T1.nii.gz,0565,T1,nii.gz,10.404,"(256, 256, 256)",3.0,float32,"(1.0, 1.0, 1.0)",0.0,1191.0,67.6069,6212076.0,,
/data/data/DA25S005/miccai_tbi/MultiTalentV2_finetuning/MICCAI_AIMS_TBI/scan_0566_Lesion.nii.gz,scan_0566_Lesion.nii.gz,0566,Lesion,nii.gz,0.033,"(256, 256, 256)",3.0,float32,"(1.0, 1.0, 1.0)",0.0,0.0,0.0,0.0,,
/data/data/DA25S005/miccai_tbi/MultiTalentV2_finetuning/MICCAI_AIMS_TBI/scan_0566_T1.nii.gz,scan_0566_T1.nii.gz,0566,T1,nii.gz,22.003,"(256, 256, 256)",3.0,float32,"(1.0, 1.0, 1.0)",0.0,923.012,47.5336,6177614.0,,
/data/data/DA25S005/miccai_tbi/MultiTalentV2_finetuning/MICCAI_AIMS_TBI/scan_0566_bval.txt,scan_0566_bval.txt,0566,bval,txt,0.0,"(1, 31)",1.0,float64,,0.0,700.0,,,,
/data/data/DA25S005/miccai_tbi/MultiTalentV2_finetuning/MICCAI_AIMS_TBI/scan_0566_bvec.txt,scan_0566_bvec.txt,0566,bvec,txt,0.001,"(3, 31)",2.0,float64,,-0.987,0.9816,,,,
/data/data/DA25S005/miccai_tbi/MultiTalentV2_finetuning/MICCAI_AIMS_TBI/scan_0566_dMRI.nii.gz,scan_0566_dMRI.nii.gz,0566,dMRI,nii.gz,30.917,"(144, 132, 65, 31)",4.0,float32,"(2.0, 2.0, 2.0)",0.0,4095.0,35.1552,36004019.0,31.0,
/data/data/DA25S005/miccai_tbi/MultiTalentV2_finetuning/MICCAI_AIMS_TBI/scan_0567_Lesion.nii.gz,scan_0567_Lesion.nii.gz,0567,Lesion,nii.gz,0.033,"(256, 256, 256)",3.0,float32,"(1.0, 1.0, 1.0)",0.0,0.0,0.0,0.0,,
/data/data/DA25S005/miccai_tbi/MultiTalentV2_finetuning/MICCAI_AIMS_TBI/scan_0567_T1.nii.gz,scan_0567_T1.nii.gz,0567,T1,nii.gz,8.227,"(256, 256, 256)",3.0,float32,"(1.0, 1.0, 1.0)",0.0,2376780.25,72046.1875,5671707.0,,
/data/data/DA25S005/miccai_tbi/MultiTalentV2_finetuning/MICCAI_AIMS_TBI/scan_0567_bval.txt,scan_0567_bval.txt,0567,bval,txt,0.0,"(1, 33)",1.0,float64,,0.0,700.0,,,,
/data/data/DA25S005/miccai_tbi/MultiTalentV2_finetuning/MICCAI_AIMS_TBI/scan_0567_bvec.txt,scan_0567_bvec.txt,0567,bvec,txt,0.001,"(3, 33)",2.0,float64,,-1.0,1.0,,,,
/data/data/DA25S005/miccai_tbi/MultiTalentV2_finetuning/MICCAI_AIMS_TBI/scan_0567_dMRI.nii.gz,scan_0567_dMRI.nii.gz,0567,dMRI,nii.gz,89.354,"(256, 256, 60, 33)",4.0,float32,"(0.828, 0.828, 2.2)",0.0,239915.8906,5032.7612,94714469.0,33.0,
/data/data/DA25S005/miccai_tbi/MultiTalentV2_finetuning/MICCAI_AIMS_TBI/scan_0569_Lesion.nii.gz,scan_0569_Lesion.nii.gz,0569,Lesion,nii.gz,0.034,"(256, 256, 256)",3.0,float32,"(1.0, 1.0, 1.0)",0.0,1.0,0.0001,1779.0,,
/data/data/DA25S005/miccai_tbi/MultiTalentV2_finetuning/MICCAI_AIMS_TBI/scan_0569_T1.nii.gz,scan_0569_T1.nii.gz,0569,T1,nii.gz,11.304,"(256, 256, 256)",3.0,float32,"(1.0, 1.0, 1.0)",0.0,1156.0,80.4702,6538035.0,,
/data/data/DA25S005/miccai_tbi/MultiTalentV2_finetuning/MICCAI_AIMS_TBI/scan_0571_Lesion.nii.gz,scan_0571_Lesion.nii.gz,0571,Lesion,nii.gz,0.033,"(256, 256, 256)",3.0,float32,"(1.0, 1.0, 1.0)",0.0,1.0,0.0,32.0,,
/data/data/DA25S005/miccai_tbi/MultiTalentV2_finetuning/MICCAI_AIMS_TBI/scan_0571_T1.nii.gz,scan_0571_T1.nii.gz,0571,T1,nii.gz,13.47,"(256, 256, 256)",3.0,float32,"(1.0, 1.0, 1.0)",0.0,1125.0,56.9089,11405384.0,,
/data/data/DA25S005/miccai_tbi/MultiTalentV2_finetuning/MICCAI_AIMS_TBI/scan_0572_bval.txt,scan_0572_bval.txt,0572,bval,txt,0.0,"(1, 65)",1.0,float64,,0.0,1000.0,,,,
/data/data/DA25S005/miccai_tbi/MultiTalentV2_finetuning/MICCAI_AIMS_TBI/scan_0572_bvec.txt,scan_0572_bvec.txt,0572,bvec,txt,0.003,"(65, 3)",2.0,float64,,-1.0,1.0,,,,
/data/data/DA25S005/miccai_tbi/MultiTalentV2_finetuning/MICCAI_AIMS_TBI/scan_0572_dMRI.nii.gz,scan_0572_dMRI.nii.gz,0572,dMRI,nii.gz,81.51,"(128, 128, 75, 65)",4.0,float32,"(2.0, 2.0, 2.0)",0.0,3578.0,52.5973,79135617.0,65.0,
/data/data/DA25S005/miccai_tbi/MultiTalentV2_finetuning/MICCAI_AIMS_TBI/scan_0573_Lesion.nii.gz,scan_0573_Lesion.nii.gz,0573,Lesion,nii.gz,0.034,"(256, 256, 256)",3.0,float32,"(1.0, 1.0, 1.0)",0.0,5.0,0.0002,989.0,,
/data/data/DA25S005/miccai_tbi/MultiTalentV2_finetuning/MICCAI_AIMS_TBI/scan_0573_T1.nii.gz,scan_0573_T1.nii.gz,0573,T1,nii.gz,31.687,"(256, 256, 256)",3.0,float32,"(1.0, 1.0, 1.0)",0.0,2200.4543,56.0668,10719790.0,,
/data/data/DA25S005/miccai_tbi/MultiTalentV2_finetuning/MICCAI_AIMS_TBI/scan_0573_bval.txt,scan_0573_bval.txt,0573,bval,txt,0.0,"(1, 65)",1.0,float64,,0.0,1000.0,,,,
/data/data/DA25S005/miccai_tbi/MultiTalentV2_finetuning/MICCAI_AIMS_TBI/scan_0573_bvec.txt,scan_0573_bvec.txt,0573,bvec,txt,0.003,"(3, 65)",2.0,float64,,-0.974,1.0,,,,
/data/data/DA25S005/miccai_tbi/MultiTalentV2_finetuning/MICCAI_AIMS_TBI/scan_0573_dMRI.nii.gz,scan_0573_dMRI.nii.gz,0573,dMRI,nii.gz,37.786,"(96, 96, 60, 65)",4.0,float32,"(2.208, 2.208, 2.42)",0.0,4095.0,49.1924,35437183.0,65.0,
/data/data/DA25S005/miccai_tbi/MultiTalentV2_finetuning/MICCAI_AIMS_TBI/scan_0574_Lesion.nii.gz,scan_0574_Lesion.nii.gz,0574,Lesion,nii.gz,0.034,"(256, 256, 256)",3.0,float32,"(1.0, 1.0, 1.0)",0.0,5.0,0.0001,1631.0,,
/data/data/DA25S005/miccai_tbi/MultiTalentV2_finetuning/MICCAI_AIMS_TBI/scan_0574_T1.nii.gz,scan_0574_T1.nii.gz,0574,T1,nii.gz,39.701,"(256, 256, 256)",3.0,float32,"(1.0, 1.0, 1.0)",0.0,1054.5332,34.4885,10998239.0,,
/data/data/DA25S005/miccai_tbi/MultiTalentV2_finetuning/MICCAI_AIMS_TBI/scan_0574_bval.txt,scan_0574_bval.txt,0574,bval,txt,0.0,"(1, 65)",1.0,float64,,0.0,1000.0,,,,
/data/data/DA25S005/miccai_tbi/MultiTalentV2_finetuning/MICCAI_AIMS_TBI/scan_0574_bvec.txt,scan_0574_bvec.txt,0574,bvec,txt,0.003,"(65, 3)",2.0,float64,,-1.0,1.0,,,,
/data/data/DA25S005/miccai_tbi/MultiTalentV2_finetuning/MICCAI_AIMS_TBI/scan_0574_dMRI.nii.gz,scan_0574_dMRI.nii.gz,0574,dMRI,nii.gz,80.6,"(128, 128, 75, 65)",4.0,float32,"(2.0, 2.0, 2.0)",0.0,2120.0,50.0281,79257366.0,65.0,
/data/data/DA25S005/miccai_tbi/MultiTalentV2_finetuning/MICCAI_AIMS_TBI/scan_0577_Lesion.nii.gz,scan_0577_Lesion.nii.gz,0577,Lesion,nii.gz,0.072,"(256, 256, 256)",3.0,float32,"(1.0, 1.0, 1.0)",0.0,1.0,0.001,16687.0,,
/data/data/DA25S005/miccai_tbi/MultiTalentV2_finetuning/MICCAI_AIMS_TBI/scan_0577_T1.nii.gz,scan_0577_T1.nii.gz,0577,T1,nii.gz,39.691,"(256, 256, 256)",3.0,float32,"(1.0, 1.0, 1.0)",0.0,1500.4552,45.3876,10999517.0,,
/data/data/DA25S005/miccai_tbi/MultiTalentV2_finetuning/MICCAI_AIMS_TBI/scan_0577_bval.txt,scan_0577_bval.txt,0577,bval,txt,0.0,"(1, 65)",1.0,float64,,0.0,1000.0,,,,
/data/data/DA25S005/miccai_tbi/MultiTalentV2_finetuning/MICCAI_AIMS_TBI/scan_0577_bvec.txt,scan_0577_bvec.txt,0577,bvec,txt,0.003,"(65, 3)",2.0,float64,,-0.9692,1.0,,,,
/data/data/DA25S005/miccai_tbi/MultiTalentV2_finetuning/MICCAI_AIMS_TBI/scan_0577_dMRI.nii.gz,scan_0577_dMRI.nii.gz,0577,dMRI,nii.gz,82.235,"(128, 128, 75, 65)",4.0,float32,"(2.0, 2.0, 2.0)",0.0,3064.0,55.1639,79257454.0,65.0,
/data/data/DA25S005/miccai_tbi/MultiTalentV2_finetuning/MICCAI_AIMS_TBI/scan_0581_Lesion.nii.gz,scan_0581_Lesion.nii.gz,0581,Lesion,nii.gz,0.033,"(256, 256, 256)",3.0,float32,"(1.0, 1.0, 1.0)",0.0,0.0,0.0,0.0,,
/data/data/DA25S005/miccai_tbi/MultiTalentV2_finetuning/MICCAI_AIMS_TBI/scan_0581_T1.nii.gz,scan_0581_T1.nii.gz,0581,T1,nii.gz,6.089,"(256, 256, 256)",3.0,float32,"(1.0, 1.0, 1.0)",0.0,3361.5874,164.6958,4319631.0,,
/data/data/DA25S005/miccai_tbi/MultiTalentV2_finetuning/MICCAI_AIMS_TBI/scan_0581_bval.txt,scan_0581_bval.txt,0581,bval,txt,0.0,"(1, 33)",1.0,float64,,0.0,1000.0,,,,
/data/data/DA25S005/miccai_tbi/MultiTalentV2_finetuning/MICCAI_AIMS_TBI/scan_0581_bvec.txt,scan_0581_bvec.txt,0581,bvec,txt,0.002,"(3, 33)",2.0,float64,,-0.7071,0.7071,,,,
/data/data/DA25S005/miccai_tbi/MultiTalentV2_finetuning/MICCAI_AIMS_TBI/scan_0581_dMRI.nii.gz,scan_0581_dMRI.nii.gz,0581,dMRI,nii.gz,8.284,"(96, 96, 65, 33)",4.0,float32,"(2.5, 2.5, 2.5)",0.0,5521.2866,59.3182,8594485.0,33.0,
/data/data/DA25S005/miccai_tbi/MultiTalentV2_finetuning/MICCAI_AIMS_TBI/scan_0582_Lesion.nii.gz,scan_0582_Lesion.nii.gz,0582,Lesion,nii.gz,0.033,"(256, 256, 256)",3.0,float32,"(1.0, 1.0, 1.0)",0.0,0.0,0.0,0.0,,
/data/data/DA25S005/miccai_tbi/MultiTalentV2_finetuning/MICCAI_AIMS_TBI/scan_0582_T1.nii.gz,scan_0582_T1.nii.gz,0582,T1,nii.gz,8.791,"(256, 256, 256)",3.0,float32,"(1.0, 1.0, 1.0)",0.0,1519.0,47.3273,5853225.0,,
/data/data/DA25S005/miccai_tbi/MultiTalentV2_finetuning/MICCAI_AIMS_TBI/scan_0584_Lesion.nii.gz,scan_0584_Lesion.nii.gz,0584,Lesion,nii.gz,0.033,"(256, 256, 256)",3.0,float32,"(1.0, 1.0, 1.0)",0.0,1.0,0.0,439.0,,
/data/data/DA25S005/miccai_tbi/MultiTalentV2_finetuning/MICCAI_AIMS_TBI/scan_0584_T1.nii.gz,scan_0584_T1.nii.gz,0584,T1,nii.gz,31.083,"(256, 256, 256)",3.0,float32,"(1.0, 1.0, 1.0)",0.0,981.4094,56.2836,10717597.0,,
/data/data/DA25S005/miccai_tbi/MultiTalentV2_finetuning/MICCAI_AIMS_TBI/scan_0584_bval.txt,scan_0584_bval.txt,0584,bval,txt,0.0,"(1, 65)",1.0,float64,,0.0,1000.0,,,,
/data/data/DA25S005/miccai_tbi/MultiTalentV2_finetuning/MICCAI_AIMS_TBI/scan_0584_bvec.txt,scan_0584_bvec.txt,0584,bvec,txt,0.003,"(3, 65)",2.0,float64,,-0.9916,1.0,,,,
/data/data/DA25S005/miccai_tbi/MultiTalentV2_finetuning/MICCAI_AIMS_TBI/scan_0584_dMRI.nii.gz,scan_0584_dMRI.nii.gz,0584,dMRI,nii.gz,37.696,"(96, 96, 60, 65)",4.0,float32,"(2.208, 2.208, 2.42)",0.0,4030.0,46.2649,35431337.0,65.0,
/data/data/DA25S005/miccai_tbi/MultiTalentV2_finetuning/MICCAI_AIMS_TBI/scan_0585_Lesion.nii.gz,scan_0585_Lesion.nii.gz,0585,Lesion,nii.gz,0.171,"(256, 256, 256)",3.0,float32,"(1.0, 1.0, 1.0)",0.0,1.0,0.0024,40983.0,,
/data/data/DA25S005/miccai_tbi/MultiTalentV2_finetuning/MICCAI_AIMS_TBI/scan_0585_T1.nii.gz,scan_0585_T1.nii.gz,0585,T1,nii.gz,13.139,"(256, 256, 256)",3.0,float32,"(1.0, 1.0, 1.0)",0.0,1606.0,77.9598,8771617.0,,
/data/data/DA25S005/miccai_tbi/MultiTalentV2_finetuning/MICCAI_AIMS_TBI/scan_0588_Lesion.nii.gz,scan_0588_Lesion.nii.gz,0588,Lesion,nii.gz,0.033,"(256, 256, 256)",3.0,float32,"(1.0, 1.0, 1.0)",0.0,0.0,0.0,0.0,,
/data/data/DA25S005/miccai_tbi/MultiTalentV2_finetuning/MICCAI_AIMS_TBI/scan_0588_T1.nii.gz,scan_0588_T1.nii.gz,0588,T1,nii.gz,14.352,"(256, 256, 256)",3.0,float32,"(1.0, 1.0, 1.0)",0.0,747.0,66.04,11380781.0,,
/data/data/DA25S005/miccai_tbi/MultiTalentV2_finetuning/MICCAI_AIMS_TBI/scan_0590_Lesion.nii.gz,scan_0590_Lesion.nii.gz,0590,Lesion,nii.gz,0.033,"(256, 256, 256)",3.0,float32,"(1.0, 1.0, 1.0)",0.0,0.0,0.0,0.0,,
/data/data/DA25S005/miccai_tbi/MultiTalentV2_finetuning/MICCAI_AIMS_TBI/scan_0590_T1.nii.gz,scan_0590_T1.nii.gz,0590,T1,nii.gz,4.681,"(256, 256, 256)",3.0,float32,"(1.0, 1.0, 1.0)",0.0,3946.564,139.491,3343549.0,,
/data/data/DA25S005/miccai_tbi/MultiTalentV2_finetuning/MICCAI_AIMS_TBI/scan_0590_bval.txt,scan_0590_bval.txt,0590,bval,txt,0.0,"(1, 33)",1.0,float64,,0.0,1000.0,,,,
/data/data/DA25S005/miccai_tbi/MultiTalentV2_finetuning/MICCAI_AIMS_TBI/scan_0590_bvec.txt,scan_0590_bvec.txt,0590,bvec,txt,0.002,"(3, 33)",2.0,float64,,-0.7071,0.7071,,,,
/data/data/DA25S005/miccai_tbi/MultiTalentV2_finetuning/MICCAI_AIMS_TBI/scan_0590_dMRI.nii.gz,scan_0590_dMRI.nii.gz,0590,dMRI,nii.gz,7.954,"(96, 96, 65, 33)",4.0,float32,"(2.5, 2.5, 2.5)",0.0,3471.6738,42.0407,8211492.0,33.0,
/data/data/DA25S005/miccai_tbi/MultiTalentV2_finetuning/MICCAI_AIMS_TBI/scan_0591_Lesion.nii.gz,scan_0591_Lesion.nii.gz,0591,Lesion,nii.gz,0.033,"(256, 256, 256)",3.0,float32,"(1.0, 1.0, 1.0)",0.0,0.0,0.0,0.0,,
/data/data/DA25S005/miccai_tbi/MultiTalentV2_finetuning/MICCAI_AIMS_TBI/scan_0591_T1.nii.gz,scan_0591_T1.nii.gz,0591,T1,nii.gz,32.193,"(256, 256, 256)",3.0,float32,"(1.0, 1.0, 1.0)",0.0,10203.8105,413.1949,9008427.0,,
/data/data/DA25S005/miccai_tbi/MultiTalentV2_finetuning/MICCAI_AIMS_TBI/scan_0592_Lesion.nii.gz,scan_0592_Lesion.nii.gz,0592,Lesion,nii.gz,0.033,"(256, 256, 256)",3.0,float32,"(1.0, 1.0, 1.0)",0.0,0.0,0.0,0.0,,
/data/data/DA25S005/miccai_tbi/MultiTalentV2_finetuning/MICCAI_AIMS_TBI/scan_0592_T1.nii.gz,scan_0592_T1.nii.gz,0592,T1,nii.gz,20.575,"(256, 256, 256)",3.0,float32,"(1.0, 1.0, 1.0)",0.0,2526.1416,134.4982,6408180.0,,
/data/data/DA25S005/miccai_tbi/MultiTalentV2_finetuning/MICCAI_AIMS_TBI/scan_0595_Lesion.nii.gz,scan_0595_Lesion.nii.gz,0595,Lesion,nii.gz,0.033,"(256, 256, 256)",3.0,float32,"(1.0, 1.0, 1.0)",0.0,5.0,0.0001,613.0,,
/data/data/DA25S005/miccai_tbi/MultiTalentV2_finetuning/MICCAI_AIMS_TBI/scan_0595_T1.nii.gz,scan_0595_T1.nii.gz,0595,T1,nii.gz,21.957,"(256, 256, 256)",3.0,float32,"(1.0, 1.0, 1.0)",0.0,2453.4043,118.261,7234201.0,,
/data/data/DA25S005/miccai_tbi/MultiTalentV2_finetuning/MICCAI_AIMS_TBI/scan_0595_bval.txt,scan_0595_bval.txt,0595,bval,txt,0.0,"(1, 16)",1.0,float64,,0.0,860.0,,,,
/data/data/DA25S005/miccai_tbi/MultiTalentV2_finetuning/MICCAI_AIMS_TBI/scan_0595_bvec.txt,scan_0595_bvec.txt,0595,bvec,txt,0.001,"(3, 16)",2.0,float64,,-1.0,1.0,,,,
/data/data/DA25S005/miccai_tbi/MultiTalentV2_finetuning/MICCAI_AIMS_TBI/scan_0595_dMRI.nii.gz,scan_0595_dMRI.nii.gz,0595,dMRI,nii.gz,11.473,"(128, 128, 55, 16)",4.0,float32,"(2.0, 2.0, 2.7)",0.0,6718.6064,68.6596,13122588.0,16.0,
/data/data/DA25S005/miccai_tbi/MultiTalentV2_finetuning/MICCAI_AIMS_TBI/scan_0596_Lesion.nii.gz,scan_0596_Lesion.nii.gz,0596,Lesion,nii.gz,0.036,"(256, 256, 256)",3.0,float32,"(1.0, 1.0, 1.0)",0.0,5.0,0.0016,5282.0,,
/data/data/DA25S005/miccai_tbi/MultiTalentV2_finetuning/MICCAI_AIMS_TBI/scan_0596_T1.nii.gz,scan_0596_T1.nii.gz,0596,T1,nii.gz,35.04,"(256, 256, 256)",3.0,float32,"(1.0, 1.0, 1.0)",0.0,13825.2334,377.2148,9907778.0,,
/data/data/DA25S005/miccai_tbi/MultiTalentV2_finetuning/MICCAI_AIMS_TBI/scan_0603_Lesion.nii.gz,scan_0603_Lesion.nii.gz,0603,Lesion,nii.gz,0.068,"(256, 256, 256)",3.0,float32,"(1.0, 1.0, 1.0)",0.0,5.0,0.0004,4200.0,,
/data/data/DA25S005/miccai_tbi/MultiTalentV2_finetuning/MICCAI_AIMS_TBI/scan_0603_T1.nii.gz,scan_0603_T1.nii.gz,0603,T1,nii.gz,24.364,"(256, 256, 256)",3.0,float32,"(1.0, 1.0, 1.0)",0.0,1356.6647,60.6041,6864004.0,,
/data/data/DA25S005/miccai_tbi/MultiTalentV2_finetuning/MICCAI_AIMS_TBI/scan_0603_bval.txt,scan_0603_bval.txt,0603,bval,txt,0.0,"(1, 31)",1.0,float64,,0.0,700.0,,,,
/data/data/DA25S005/miccai_tbi/MultiTalentV2_finetuning/MICCAI_AIMS_TBI/scan_0603_bvec.txt,scan_0603_bvec.txt,0603,bvec,txt,0.001,"(3, 31)",2.0,float64,,-0.9798,0.9779,,,,
/data/data/DA25S005/miccai_tbi/MultiTalentV2_finetuning/MICCAI_AIMS_TBI/scan_0603_dMRI.nii.gz,scan_0603_dMRI.nii.gz,0603,dMRI,nii.gz,32.279,"(144, 132, 65, 31)",4.0,float32,"(2.0, 2.0, 2.0)",0.0,4095.0,39.6349,36407661.0,31.0,
/data/data/DA25S005/miccai_tbi/MultiTalentV2_finetuning/MICCAI_AIMS_TBI/scan_0604_Lesion.nii.gz,scan_0604_Lesion.nii.gz,0604,Lesion,nii.gz,0.034,"(256, 256, 256)",3.0,float32,"(1.0, 1.0, 1.0)",0.0,5.0,0.0008,2641.0,,
/data/data/DA25S005/miccai_tbi/MultiTalentV2_finetuning/MICCAI_AIMS_TBI/scan_0604_T1.nii.gz,scan_0604_T1.nii.gz,0604,T1,nii.gz,20.835,"(256, 256, 256)",3.0,float32,"(1.0, 1.0, 1.0)",0.0,1320.3635,64.0198,6685738.0,,
/data/data/DA25S005/miccai_tbi/MultiTalentV2_finetuning/MICCAI_AIMS_TBI/scan_0604_bval.txt,scan_0604_bval.txt,0604,bval,txt,0.0,"(1, 65)",1.0,float64,,0.0,1000.0,,,,
/data/data/DA25S005/miccai_tbi/MultiTalentV2_finetuning/MICCAI_AIMS_TBI/scan_0604_bvec.txt,scan_0604_bvec.txt,0604,bvec,txt,0.004,"(3, 65)",2.0,float64,,-0.9847,1.0,,,,
/data/data/DA25S005/miccai_tbi/MultiTalentV2_finetuning/MICCAI_AIMS_TBI/scan_0604_dMRI.nii.gz,scan_0604_dMRI.nii.gz,0604,dMRI,nii.gz,37.794,"(96, 96, 60, 65)",4.0,float32,"(2.208, 2.208, 2.42)",0.0,4095.0,47.2932,35438667.0,65.0,
/data/data/DA25S005/miccai_tbi/MultiTalentV2_finetuning/MICCAI_AIMS_TBI/scan_0605_Lesion.nii.gz,scan_0605_Lesion.nii.gz,0605,Lesion,nii.gz,0.033,"(256, 256, 256)",3.0,float32,"(1.0, 1.0, 1.0)",0.0,0.0,0.0,0.0,,
/data/data/DA25S005/miccai_tbi/MultiTalentV2_finetuning/MICCAI_AIMS_TBI/scan_0605_T1.nii.gz,scan_0605_T1.nii.gz,0605,T1,nii.gz,4.567,"(256, 256, 256)",3.0,float32,"(1.0, 1.0, 1.0)",0.0,1689837.5,22240.1484,3219259.0,,
/data/data/DA25S005/miccai_tbi/MultiTalentV2_finetuning/MICCAI_AIMS_TBI/scan_0605_bval.txt,scan_0605_bval.txt,0605,bval,txt,0.0,"(1, 33)",1.0,float64,,0.0,700.0,,,,
/data/data/DA25S005/miccai_tbi/MultiTalentV2_finetuning/MICCAI_AIMS_TBI/scan_0605_bvec.txt,scan_0605_bvec.txt,0605,bvec,txt,0.001,"(3, 33)",2.0,float64,,-1.0,1.0,,,,
/data/data/DA25S005/miccai_tbi/MultiTalentV2_finetuning/MICCAI_AIMS_TBI/scan_0605_dMRI.nii.gz,scan_0605_dMRI.nii.gz,0605,dMRI,nii.gz,61.142,"(256, 256, 60, 33)",4.0,float32,"(0.828, 0.828, 2.2)",0.0,200486.125,1745.2006,64169975.0,33.0,
/data/data/DA25S005/miccai_tbi/MultiTalentV2_finetuning/MICCAI_AIMS_TBI/scan_0606_Lesion.nii.gz,scan_0606_Lesion.nii.gz,0606,Lesion,nii.gz,0.034,"(256, 256, 256)",3.0,float32,"(1.0, 1.0, 1.0)",0.0,1.0,0.0001,1716.0,,
/data/data/DA25S005/miccai_tbi/MultiTalentV2_finetuning/MICCAI_AIMS_TBI/scan_0606_T1.nii.gz,scan_0606_T1.nii.gz,0606,T1,nii.gz,11.48,"(256, 256, 256)",3.0,float32,"(1.0, 1.0, 1.0)",0.0,1093.0,37.9899,11282864.0,,
/data/data/DA25S005/miccai_tbi/MultiTalentV2_finetuning/MICCAI_AIMS_TBI/scan_0610_Lesion.nii.gz,scan_0610_Lesion.nii.gz,0610,Lesion,nii.gz,0.068,"(256, 256, 256)",3.0,float32,"(1.0, 1.0, 1.0)",0.0,5.0,0.0003,3765.0,,
/data/data/DA25S005/miccai_tbi/MultiTalentV2_finetuning/MICCAI_AIMS_TBI/scan_0610_T1.nii.gz,scan_0610_T1.nii.gz,0610,T1,nii.gz,13.812,"(256, 256, 256)",3.0,float32,"(1.0, 1.0, 1.0)",0.0,1052.0,43.1057,11444395.0,,
/data/data/DA25S005/miccai_tbi/MultiTalentV2_finetuning/MICCAI_AIMS_TBI/scan_0611_Lesion.nii.gz,scan_0611_Lesion.nii.gz,0611,Lesion,nii.gz,0.035,"(256, 256, 256)",3.0,float32,"(1.0, 1.0, 1.0)",0.0,5.0,0.0004,3509.0,,
/data/data/DA25S005/miccai_tbi/MultiTalentV2_finetuning/MICCAI_AIMS_TBI/scan_0611_T1.nii.gz,scan_0611_T1.nii.gz,0611,T1,nii.gz,20.685,"(256, 256, 256)",3.0,float32,"(1.0, 1.0, 1.0)",0.0,870.3182,40.8211,7079088.0,,
/data/data/DA25S005/miccai_tbi/MultiTalentV2_finetuning/MICCAI_AIMS_TBI/scan_0612_Lesion.nii.gz,scan_0612_Lesion.nii.gz,0612,Lesion,nii.gz,0.033,"(256, 256, 256)",3.0,float32,"(1.0, 1.0, 1.0)",0.0,0.0,0.0,0.0,,
/data/data/DA25S005/miccai_tbi/MultiTalentV2_finetuning/MICCAI_AIMS_TBI/scan_0612_T1.nii.gz,scan_0612_T1.nii.gz,0612,T1,nii.gz,29.948,"(256, 256, 256)",3.0,float32,"(1.0, 1.0, 1.0)",0.0,6018.9893,288.5922,8453274.0,,
/data/data/DA25S005/miccai_tbi/MultiTalentV2_finetuning/MICCAI_AIMS_TBI/scan_0613_Lesion.nii.gz,scan_0613_Lesion.nii.gz,0613,Lesion,nii.gz,0.033,"(256, 256, 256)",3.0,float32,"(1.0, 1.0, 1.0)",0.0,0.0,0.0,0.0,,
/data/data/DA25S005/miccai_tbi/MultiTalentV2_finetuning/MICCAI_AIMS_TBI/scan_0613_T1.nii.gz,scan_0613_T1.nii.gz,0613,T1,nii.gz,33.517,"(256, 256, 256)",3.0,float32,"(1.0, 1.0, 1.0)",0.0,10369.6172,523.7981,9447788.0,,
/data/data/DA25S005/miccai_tbi/MultiTalentV2_finetuning/MICCAI_AIMS_TBI/scan_0614_Lesion.nii.gz,scan_0614_Lesion.nii.gz,0614,Lesion,nii.gz,0.033,"(256, 256, 256)",3.0,float32,"(1.0, 1.0, 1.0)",0.0,0.0,0.0,0.0,,
/data/data/DA25S005/miccai_tbi/MultiTalentV2_finetuning/MICCAI_AIMS_TBI/scan_0614_T1.nii.gz,scan_0614_T1.nii.gz,0614,T1,nii.gz,5.43,"(256, 256, 256)",3.0,float32,"(1.0, 1.0, 1.0)",0.0,1747480.25,27133.5195,3727654.0,,
/data/data/DA25S005/miccai_tbi/MultiTalentV2_finetuning/MICCAI_AIMS_TBI/scan_0614_bval.txt,scan_0614_bval.txt,0614,bval,txt,0.0,"(1, 33)",1.0,float64,,0.0,700.0,,,,
/data/data/DA25S005/miccai_tbi/MultiTalentV2_finetuning/MICCAI_AIMS_TBI/scan_0614_bvec.txt,scan_0614_bvec.txt,0614,bvec,txt,0.001,"(3, 33)",2.0,float64,,-1.0,1.0,,,,
/data/data/DA25S005/miccai_tbi/MultiTalentV2_finetuning/MICCAI_AIMS_TBI/scan_0614_dMRI.nii.gz,scan_0614_dMRI.nii.gz,0614,dMRI,nii.gz,76.101,"(256, 256, 70, 33)",4.0,float32,"(0.828, 0.828, 2.2)",0.0,135716.3125,2007.8494,79732391.0,33.0,
/data/data/DA25S005/miccai_tbi/MultiTalentV2_finetuning/MICCAI_AIMS_TBI/scan_0615_Lesion.nii.gz,scan_0615_Lesion.nii.gz,0615,Lesion,nii.gz,0.033,"(256, 256, 256)",3.0,float32,"(1.0, 1.0, 1.0)",0.0,0.0,0.0,0.0,,
/data/data/DA25S005/miccai_tbi/MultiTalentV2_finetuning/MICCAI_AIMS_TBI/scan_0615_T1.nii.gz,scan_0615_T1.nii.gz,0615,T1,nii.gz,13.422,"(256, 256, 256)",3.0,float32,"(1.0, 1.0, 1.0)",0.0,3024056.25,96241.125,6372385.0,,
/data/data/DA25S005/miccai_tbi/MultiTalentV2_finetuning/MICCAI_AIMS_TBI/scan_0615_bval.txt,scan_0615_bval.txt,0615,bval,txt,0.0,"(1, 33)",1.0,float64,,0.0,700.0,,,,
/data/data/DA25S005/miccai_tbi/MultiTalentV2_finetuning/MICCAI_AIMS_TBI/scan_0615_bvec.txt,scan_0615_bvec.txt,0615,bvec,txt,0.001,"(3, 33)",2.0,float64,,-1.0,1.0,,,,
/data/data/DA25S005/miccai_tbi/MultiTalentV2_finetuning/MICCAI_AIMS_TBI/scan_0615_dMRI.nii.gz,scan_0615_dMRI.nii.gz,0615,dMRI,nii.gz,83.17,"(256, 256, 60, 33)",4.0,float32,"(0.828, 0.828, 2.2)",0.0,428723.4062,5386.3398,76762679.0,33.0,
/data/data/DA25S005/miccai_tbi/MultiTalentV2_finetuning/MICCAI_AIMS_TBI/scan_0616_Lesion.nii.gz,scan_0616_Lesion.nii.gz,0616,Lesion,nii.gz,0.033,"(256, 256, 256)",3.0,float32,"(1.0, 1.0, 1.0)",0.0,0.0,0.0,0.0,,
/data/data/DA25S005/miccai_tbi/MultiTalentV2_finetuning/MICCAI_AIMS_TBI/scan_0616_T1.nii.gz,scan_0616_T1.nii.gz,0616,T1,nii.gz,9.793,"(256, 256, 256)",3.0,float32,"(1.0, 1.0, 1.0)",0.0,980.0,53.5784,5943709.0,,
/data/data/DA25S005/miccai_tbi/MultiTalentV2_finetuning/MICCAI_AIMS_TBI/scan_0619_Lesion.nii.gz,scan_0619_Lesion.nii.gz,0619,Lesion,nii.gz,0.033,"(256, 256, 256)",3.0,float32,"(1.0, 1.0, 1.0)",0.0,0.0,0.0,0.0,,
/data/data/DA25S005/miccai_tbi/MultiTalentV2_finetuning/MICCAI_AIMS_TBI/scan_0619_T1.nii.gz,scan_0619_T1.nii.gz,0619,T1,nii.gz,12.882,"(256, 256, 256)",3.0,float32,"(1.0, 1.0, 1.0)",0.0,647.0,36.9642,10917953.0,,
/data/data/DA25S005/miccai_tbi/MultiTalentV2_finetuning/MICCAI_AIMS_TBI/scan_0624_Lesion.nii.gz,scan_0624_Lesion.nii.gz,0624,Lesion,nii.gz,0.033,"(256, 256, 256)",3.0,float32,"(1.0, 1.0, 1.0)",0.0,5.0,0.0,117.0,,
/data/data/DA25S005/miccai_tbi/MultiTalentV2_finetuning/MICCAI_AIMS_TBI/scan_0624_T1.nii.gz,scan_0624_T1.nii.gz,0624,T1,nii.gz,34.617,"(256, 256, 256)",3.0,float32,"(1.0, 1.0, 1.0)",0.0,10410.1348,529.1318,9746395.0,,
/data/data/DA25S005/miccai_tbi/MultiTalentV2_finetuning/MICCAI_AIMS_TBI/scan_0625_Lesion.nii.gz,scan_0625_Lesion.nii.gz,0625,Lesion,nii.gz,0.165,"(256, 256, 256)",3.0,float32,"(1.0, 1.0, 1.0)",0.0,1.0,0.0011,17813.0,,
/data/data/DA25S005/miccai_tbi/MultiTalentV2_finetuning/MICCAI_AIMS_TBI/scan_0625_T1.nii.gz,scan_0625_T1.nii.gz,0625,T1,nii.gz,34.587,"(256, 256, 256)",3.0,float32,"(1.0, 1.0, 1.0)",0.0,10513.7285,444.3929,9707979.0,,
/data/data/DA25S005/miccai_tbi/MultiTalentV2_finetuning/MICCAI_AIMS_TBI/scan_0626_Lesion.nii.gz,scan_0626_Lesion.nii.gz,0626,Lesion,nii.gz,0.033,"(256, 256, 256)",3.0,float32,"(1.0, 1.0, 1.0)",0.0,5.0,0.0002,807.0,,
/data/data/DA25S005/miccai_tbi/MultiTalentV2_finetuning/MICCAI_AIMS_TBI/scan_0626_T1.nii.gz,scan_0626_T1.nii.gz,0626,T1,nii.gz,39.631,"(256, 256, 256)",3.0,float32,"(1.0, 1.0, 1.0)",0.0,966.9451,41.3759,10998485.0,,
/data/data/DA25S005/miccai_tbi/MultiTalentV2_finetuning/MICCAI_AIMS_TBI/scan_0626_bval.txt,scan_0626_bval.txt,0626,bval,txt,0.0,"(1, 65)",1.0,float64,,0.0,1000.0,,,,
/data/data/DA25S005/miccai_tbi/MultiTalentV2_finetuning/MICCAI_AIMS_TBI/scan_0626_bvec.txt,scan_0626_bvec.txt,0626,bvec,txt,0.003,"(65, 3)",2.0,float64,,-1.0,1.0,,,,
/data/data/DA25S005/miccai_tbi/MultiTalentV2_finetuning/MICCAI_AIMS_TBI/scan_0626_dMRI.nii.gz,scan_0626_dMRI.nii.gz,0626,dMRI,nii.gz,81.048,"(128, 128, 75, 65)",4.0,float32,"(2.0, 2.0, 2.0)",0.0,1962.0,51.9027,79192262.0,65.0,
/data/data/DA25S005/miccai_tbi/MultiTalentV2_finetuning/MICCAI_AIMS_TBI/scan_0627_Lesion.nii.gz,scan_0627_Lesion.nii.gz,0627,Lesion,nii.gz,0.033,"(256, 256, 256)",3.0,float32,"(1.0, 1.0, 1.0)",0.0,0.0,0.0,0.0,,
/data/data/DA25S005/miccai_tbi/MultiTalentV2_finetuning/MICCAI_AIMS_TBI/scan_0627_T1.nii.gz,scan_0627_T1.nii.gz,0627,T1,nii.gz,23.147,"(256, 256, 256)",3.0,float32,"(1.0, 1.0, 1.0)",0.0,835.3465,41.1041,6440752.0,,
/data/data/DA25S005/miccai_tbi/MultiTalentV2_finetuning/MICCAI_AIMS_TBI/scan_0627_bval.txt,scan_0627_bval.txt,0627,bval,txt,0.0,"(1, 31)",1.0,float64,,0.0,700.0,,,,
/data/data/DA25S005/miccai_tbi/MultiTalentV2_finetuning/MICCAI_AIMS_TBI/scan_0627_bvec.txt,scan_0627_bvec.txt,0627,bvec,txt,0.001,"(3, 31)",2.0,float64,,-0.9774,0.9842,,,,
/data/data/DA25S005/miccai_tbi/MultiTalentV2_finetuning/MICCAI_AIMS_TBI/scan_0627_dMRI.nii.gz,scan_0627_dMRI.nii.gz,0627,dMRI,nii.gz,36.763,"(144, 132, 65, 31)",4.0,float32,"(2.0, 2.0, 2.0)",0.0,3759.0,45.9274,37818803.0,31.0,
/data/data/DA25S005/miccai_tbi/MultiTalentV2_finetuning/MICCAI_AIMS_TBI/scan_0629_Lesion.nii.gz,scan_0629_Lesion.nii.gz,0629,Lesion,nii.gz,0.033,"(256, 256, 256)",3.0,float32,"(1.0, 1.0, 1.0)",0.0,0.0,0.0,0.0,,
/data/data/DA25S005/miccai_tbi/MultiTalentV2_finetuning/MICCAI_AIMS_TBI/scan_0629_T1.nii.gz,scan_0629_T1.nii.gz,0629,T1,nii.gz,22.209,"(256, 256, 256)",3.0,float32,"(1.0, 1.0, 1.0)",0.0,1201.6431,69.8182,6205884.0,,
/data/data/DA25S005/miccai_tbi/MultiTalentV2_finetuning/MICCAI_AIMS_TBI/scan_0629_bval.txt,scan_0629_bval.txt,0629,bval,txt,0.0,"(1, 31)",1.0,float64,,0.0,700.0,,,,
/data/data/DA25S005/miccai_tbi/MultiTalentV2_finetuning/MICCAI_AIMS_TBI/scan_0629_bvec.txt,scan_0629_bvec.txt,0629,bvec,txt,0.001,"(3, 31)",2.0,float64,,-0.9745,0.9849,,,,
/data/data/DA25S005/miccai_tbi/MultiTalentV2_finetuning/MICCAI_AIMS_TBI/scan_0629_dMRI.nii.gz,scan_0629_dMRI.nii.gz,0629,dMRI,nii.gz,33.373,"(144, 132, 65, 31)",4.0,float32,"(2.0, 2.0, 2.0)",0.0,4095.0,41.7191,36590820.0,31.0,
/data/data/DA25S005/miccai_tbi/MultiTalentV2_finetuning/MICCAI_AIMS_TBI/scan_0632_Lesion.nii.gz,scan_0632_Lesion.nii.gz,0632,Lesion,nii.gz,0.033,"(256, 256, 256)",3.0,float32,"(1.0, 1.0, 1.0)",0.0,0.0,0.0,0.0,,
/data/data/DA25S005/miccai_tbi/MultiTalentV2_finetuning/MICCAI_AIMS_TBI/scan_0632_T1.nii.gz,scan_0632_T1.nii.gz,0632,T1,nii.gz,31.602,"(256, 256, 256)",3.0,float32,"(1.0, 1.0, 1.0)",0.0,1341.9884,60.6637,11444400.0,,
/data/data/DA25S005/miccai_tbi/MultiTalentV2_finetuning/MICCAI_AIMS_TBI/scan_0633_Lesion.nii.gz,scan_0633_Lesion.nii.gz,0633,Lesion,nii.gz,0.033,"(256, 256, 256)",3.0,float32,"(1.0, 1.0, 1.0)",0.0,0.0,0.0,0.0,,
/data/data/DA25S005/miccai_tbi/MultiTalentV2_finetuning/MICCAI_AIMS_TBI/scan_0633_T1.nii.gz,scan_0633_T1.nii.gz,0633,T1,nii.gz,21.325,"(256, 256, 256)",3.0,float32,"(1.0, 1.0, 1.0)",0.0,1722.5468,71.4452,5959346.0,,
/data/data/DA25S005/miccai_tbi/MultiTalentV2_finetuning/MICCAI_AIMS_TBI/scan_0633_bval.txt,scan_0633_bval.txt,0633,bval,txt,0.0,"(1, 31)",1.0,float64,,0.0,700.0,,,,
/data/data/DA25S005/miccai_tbi/MultiTalentV2_finetuning/MICCAI_AIMS_TBI/scan_0633_bvec.txt,scan_0633_bvec.txt,0633,bvec,txt,0.001,"(3, 31)",2.0,float64,,-0.9646,0.9988,,,,
/data/data/DA25S005/miccai_tbi/MultiTalentV2_finetuning/MICCAI_AIMS_TBI/scan_0633_dMRI.nii.gz,scan_0633_dMRI.nii.gz,0633,dMRI,nii.gz,33.658,"(144, 132, 65, 31)",4.0,float32,"(2.0, 2.0, 2.0)",0.0,4095.0,46.3834,36463263.0,31.0,
/data/data/DA25S005/miccai_tbi/MultiTalentV2_finetuning/MICCAI_AIMS_TBI/scan_0635_Lesion.nii.gz,scan_0635_Lesion.nii.gz,0635,Lesion,nii.gz,0.033,"(256, 256, 256)",3.0,float32,"(1.0, 1.0, 1.0)",0.0,0.0,0.0,0.0,,
/data/data/DA25S005/miccai_tbi/MultiTalentV2_finetuning/MICCAI_AIMS_TBI/scan_0635_T1.nii.gz,scan_0635_T1.nii.gz,0635,T1,nii.gz,12.179,"(256, 256, 256)",3.0,float32,"(1.0, 1.0, 1.0)",0.0,959.0,37.8758,11438604.0,,
/data/data/DA25S005/miccai_tbi/MultiTalentV2_finetuning/MICCAI_AIMS_TBI/scan_0636_Lesion.nii.gz,scan_0636_Lesion.nii.gz,0636,Lesion,nii.gz,0.033,"(256, 256, 256)",3.0,float32,"(1.0, 1.0, 1.0)",0.0,1.0,0.0,211.0,,
/data/data/DA25S005/miccai_tbi/MultiTalentV2_finetuning/MICCAI_AIMS_TBI/scan_0636_T1.nii.gz,scan_0636_T1.nii.gz,0636,T1,nii.gz,39.727,"(256, 256, 256)",3.0,float32,"(1.0, 1.0, 1.0)",0.0,897.0393,48.1149,10999921.0,,
/data/data/DA25S005/miccai_tbi/MultiTalentV2_finetuning/MICCAI_AIMS_TBI/scan_0636_bval.txt,scan_0636_bval.txt,0636,bval,txt,0.0,"(1, 65)",1.0,float64,,0.0,1000.0,,,,
/data/data/DA25S005/miccai_tbi/MultiTalentV2_finetuning/MICCAI_AIMS_TBI/scan_0636_bvec.txt,scan_0636_bvec.txt,0636,bvec,txt,0.003,"(65, 3)",2.0,float64,,-0.9641,1.0,,,,
/data/data/DA25S005/miccai_tbi/MultiTalentV2_finetuning/MICCAI_AIMS_TBI/scan_0636_dMRI.nii.gz,scan_0636_dMRI.nii.gz,0636,dMRI,nii.gz,88.166,"(128, 128, 75, 65)",4.0,float32,"(2.0, 2.0, 2.0)",0.0,2235.0,69.1504,79257164.0,65.0,
/data/data/DA25S005/miccai_tbi/MultiTalentV2_finetuning/MICCAI_AIMS_TBI/scan_0637_Lesion.nii.gz,scan_0637_Lesion.nii.gz,0637,Lesion,nii.gz,0.033,"(256, 256, 256)",3.0,float32,"(1.0, 1.0, 1.0)",0.0,0.0,0.0,0.0,,
/data/data/DA25S005/miccai_tbi/MultiTalentV2_finetuning/MICCAI_AIMS_TBI/scan_0637_T1.nii.gz,scan_0637_T1.nii.gz,0637,T1,nii.gz,22.345,"(256, 256, 256)",3.0,float32,"(1.0, 1.0, 1.0)",0.0,896.7573,44.0039,6283661.0,,
/data/data/DA25S005/miccai_tbi/MultiTalentV2_finetuning/MICCAI_AIMS_TBI/scan_0637_bval.txt,scan_0637_bval.txt,0637,bval,txt,0.0,"(1, 31)",1.0,float64,,0.0,700.0,,,,
/data/data/DA25S005/miccai_tbi/MultiTalentV2_finetuning/MICCAI_AIMS_TBI/scan_0637_bvec.txt,scan_0637_bvec.txt,0637,bvec,txt,0.001,"(3, 31)",2.0,float64,,-0.9839,0.9809,,,,
/data/data/DA25S005/miccai_tbi/MultiTalentV2_finetuning/MICCAI_AIMS_TBI/scan_0637_dMRI.nii.gz,scan_0637_dMRI.nii.gz,0637,dMRI,nii.gz,30.364,"(144, 132, 65, 31)",4.0,float32,"(2.0, 2.0, 2.0)",0.0,4095.0,35.5124,35677980.0,31.0,
/data/data/DA25S005/miccai_tbi/MultiTalentV2_finetuning/MICCAI_AIMS_TBI/scan_0639_Lesion.nii.gz,scan_0639_Lesion.nii.gz,0639,Lesion,nii.gz,0.033,"(256, 256, 256)",3.0,float32,"(1.0, 1.0, 1.0)",0.0,0.0,0.0,0.0,,
/data/data/DA25S005/miccai_tbi/MultiTalentV2_finetuning/MICCAI_AIMS_TBI/scan_0639_T1.nii.gz,scan_0639_T1.nii.gz,0639,T1,nii.gz,4.824,"(256, 256, 256)",3.0,float32,"(1.0, 1.0, 1.0)",0.0,3509.6633,124.5427,3376408.0,,
/data/data/DA25S005/miccai_tbi/MultiTalentV2_finetuning/MICCAI_AIMS_TBI/scan_0639_bval.txt,scan_0639_bval.txt,0639,bval,txt,0.0,"(1, 33)",1.0,float64,,0.0,1000.0,,,,
/data/data/DA25S005/miccai_tbi/MultiTalentV2_finetuning/MICCAI_AIMS_TBI/scan_0639_bvec.txt,scan_0639_bvec.txt,0639,bvec,txt,0.002,"(3, 33)",2.0,float64,,-0.7071,0.7071,,,,
/data/data/DA25S005/miccai_tbi/MultiTalentV2_finetuning/MICCAI_AIMS_TBI/scan_0639_dMRI.nii.gz,scan_0639_dMRI.nii.gz,0639,dMRI,nii.gz,49.331,"(256, 256, 65, 33)",4.0,float32,"(0.828, 0.828, 2.3)",0.0,4102.8389,52.6274,70638979.0,33.0,
/data/data/DA25S005/miccai_tbi/MultiTalentV2_finetuning/MICCAI_AIMS_TBI/scan_0640_Lesion.nii.gz,scan_0640_Lesion.nii.gz,0640,Lesion,nii.gz,0.033,"(256, 256, 256)",3.0,float32,"(1.0, 1.0, 1.0)",0.0,0.0,0.0,0.0,,
/data/data/DA25S005/miccai_tbi/MultiTalentV2_finetuning/MICCAI_AIMS_TBI/scan_0640_T1.nii.gz,scan_0640_T1.nii.gz,0640,T1,nii.gz,28.204,"(256, 256, 256)",3.0,float32,"(1.0, 1.0, 1.0)",0.0,7935.6064,435.4467,7911659.0,,
/data/data/DA25S005/miccai_tbi/MultiTalentV2_finetuning/MICCAI_AIMS_TBI/scan_0646_Lesion.nii.gz,scan_0646_Lesion.nii.gz,0646,Lesion,nii.gz,0.042,"(256, 256, 256)",3.0,float32,"(1.0, 1.0, 1.0)",0.0,1.0,0.0013,21342.0,,
/data/data/DA25S005/miccai_tbi/MultiTalentV2_finetuning/MICCAI_AIMS_TBI/scan_0646_T1.nii.gz,scan_0646_T1.nii.gz,0646,T1,nii.gz,9.899,"(256, 256, 256)",3.0,float32,"(1.0, 1.0, 1.0)",0.0,1265.0,50.0322,5876902.0,,
/data/data/DA25S005/miccai_tbi/MultiTalentV2_finetuning/MICCAI_AIMS_TBI/scan_0650_Lesion.nii.gz,scan_0650_Lesion.nii.gz,0650,Lesion,nii.gz,0.033,"(256, 256, 256)",3.0,float32,"(1.0, 1.0, 1.0)",0.0,0.0,0.0,0.0,,
/data/data/DA25S005/miccai_tbi/MultiTalentV2_finetuning/MICCAI_AIMS_TBI/scan_0650_T1.nii.gz,scan_0650_T1.nii.gz,0650,T1,nii.gz,32.326,"(256, 256, 256)",3.0,float32,"(1.0, 1.0, 1.0)",0.0,9698.4922,459.6767,9120287.0,,
/data/data/DA25S005/miccai_tbi/MultiTalentV2_finetuning/MICCAI_AIMS_TBI/scan_0653_Lesion.nii.gz,scan_0653_Lesion.nii.gz,0653,Lesion,nii.gz,0.066,"(256, 256, 256)",3.0,float32,"(1.0, 1.0, 1.0)",0.0,1.0,0.0001,1104.0,,
/data/data/DA25S005/miccai_tbi/MultiTalentV2_finetuning/MICCAI_AIMS_TBI/scan_0653_T1.nii.gz,scan_0653_T1.nii.gz,0653,T1,nii.gz,15.41,"(256, 256, 256)",3.0,float32,"(1.0, 1.0, 1.0)",0.0,1015.0,73.3849,10395923.0,,
/data/data/DA25S005/miccai_tbi/MultiTalentV2_finetuning/MICCAI_AIMS_TBI/scan_0654_Lesion.nii.gz,scan_0654_Lesion.nii.gz,0654,Lesion,nii.gz,0.151,"(256, 256, 256)",3.0,float32,"(1.0, 1.0, 1.0)",0.0,1.0,0.0003,4863.0,,
/data/data/DA25S005/miccai_tbi/MultiTalentV2_finetuning/MICCAI_AIMS_TBI/scan_0654_T1.nii.gz,scan_0654_T1.nii.gz,0654,T1,nii.gz,20.567,"(256, 256, 256)",3.0,float32,"(1.0, 1.0, 1.0)",0.0,882.9611,49.7667,6439683.0,,
/data/data/DA25S005/miccai_tbi/MultiTalentV2_finetuning/MICCAI_AIMS_TBI/scan_0654_bval.txt,scan_0654_bval.txt,0654,bval,txt,0.0,"(1, 16)",1.0,float64,,0.0,860.0,,,,
/data/data/DA25S005/miccai_tbi/MultiTalentV2_finetuning/MICCAI_AIMS_TBI/scan_0654_bvec.txt,scan_0654_bvec.txt,0654,bvec,txt,0.001,"(3, 16)",2.0,float64,,-1.0,1.0,,,,
/data/data/DA25S005/miccai_tbi/MultiTalentV2_finetuning/MICCAI_AIMS_TBI/scan_0654_dMRI.nii.gz,scan_0654_dMRI.nii.gz,0654,dMRI,nii.gz,15.747,"(128, 128, 55, 17)",4.0,float32,"(2.0, 2.0, 2.7)",0.0,1524083.375,15891.6924,13992866.0,17.0,
/data/data/DA25S005/miccai_tbi/MultiTalentV2_finetuning/MICCAI_AIMS_TBI/scan_0656_Lesion.nii.gz,scan_0656_Lesion.nii.gz,0656,Lesion,nii.gz,0.033,"(256, 256, 256)",3.0,float32,"(1.0, 1.0, 1.0)",0.0,0.0,0.0,0.0,,
/data/data/DA25S005/miccai_tbi/MultiTalentV2_finetuning/MICCAI_AIMS_TBI/scan_0656_T1.nii.gz,scan_0656_T1.nii.gz,0656,T1,nii.gz,13.282,"(256, 256, 256)",3.0,float32,"(1.0, 1.0, 1.0)",0.0,994.0,46.0341,11177098.0,,
/data/data/DA25S005/miccai_tbi/MultiTalentV2_finetuning/MICCAI_AIMS_TBI/scan_0660_Lesion.nii.gz,scan_0660_Lesion.nii.gz,0660,Lesion,nii.gz,0.033,"(256, 256, 256)",3.0,float32,"(1.0, 1.0, 1.0)",0.0,0.0,0.0,0.0,,
/data/data/DA25S005/miccai_tbi/MultiTalentV2_finetuning/MICCAI_AIMS_TBI/scan_0660_T1.nii.gz,scan_0660_T1.nii.gz,0660,T1,nii.gz,9.44,"(256, 256, 256)",3.0,float32,"(1.0, 1.0, 1.0)",0.0,2571.5786,120.7085,7003453.0,,
/data/data/DA25S005/miccai_tbi/MultiTalentV2_finetuning/MICCAI_AIMS_TBI/scan_0661_Lesion.nii.gz,scan_0661_Lesion.nii.gz,0661,Lesion,nii.gz,0.033,"(256, 256, 256)",3.0,float32,"(1.0, 1.0, 1.0)",0.0,1.0,0.0,384.0,,
/data/data/DA25S005/miccai_tbi/MultiTalentV2_finetuning/MICCAI_AIMS_TBI/scan_0661_T1.nii.gz,scan_0661_T1.nii.gz,0661,T1,nii.gz,17.658,"(256, 256, 256)",3.0,float32,"(1.0, 1.0, 1.0)",0.0,909.0452,34.7953,5922913.0,,
/data/data/DA25S005/miccai_tbi/MultiTalentV2_finetuning/MICCAI_AIMS_TBI/scan_0662_Lesion.nii.gz,scan_0662_Lesion.nii.gz,0662,Lesion,nii.gz,0.033,"(256, 256, 256)",3.0,float32,"(1.0, 1.0, 1.0)",0.0,1.0,0.0,376.0,,
/data/data/DA25S005/miccai_tbi/MultiTalentV2_finetuning/MICCAI_AIMS_TBI/scan_0662_T1.nii.gz,scan_0662_T1.nii.gz,0662,T1,nii.gz,20.227,"(256, 256, 256)",3.0,float32,"(1.0, 1.0, 1.0)",0.0,770.7727,31.9516,7120033.0,,
/data/data/DA25S005/miccai_tbi/MultiTalentV2_finetuning/MICCAI_AIMS_TBI/scan_0663_Lesion.nii.gz,scan_0663_Lesion.nii.gz,0663,Lesion,nii.gz,0.188,"(256, 256, 256)",3.0,float32,"(1.0, 1.0, 1.0)",0.0,1.0,0.004,66944.0,,
/data/data/DA25S005/miccai_tbi/MultiTalentV2_finetuning/MICCAI_AIMS_TBI/scan_0663_T1.nii.gz,scan_0663_T1.nii.gz,0663,T1,nii.gz,11.063,"(256, 256, 256)",3.0,float32,"(1.0, 1.0, 1.0)",0.0,1334.0,71.2848,6448685.0,,
/data/data/DA25S005/miccai_tbi/MultiTalentV2_finetuning/MICCAI_AIMS_TBI/scan_0664_Lesion.nii.gz,scan_0664_Lesion.nii.gz,0664,Lesion,nii.gz,0.022,"(256, 170, 256)",3.0,float32,"(1.0, 1.0, 1.0)",0.0,0.0,0.0,0.0,,
/data/data/DA25S005/miccai_tbi/MultiTalentV2_finetuning/MICCAI_AIMS_TBI/scan_0664_T1.nii.gz,scan_0664_T1.nii.gz,0664,T1,nii.gz,8.189,"(256, 170, 256)",3.0,float32,"(1.0, 1.0, 1.0)",0.0,2861398.75,150981.4531,5082597.0,,
/data/data/DA25S005/miccai_tbi/MultiTalentV2_finetuning/MICCAI_AIMS_TBI/scan_0664_bval.txt,scan_0664_bval.txt,0664,bval,txt,0.0,"(1, 33)",1.0,float64,,0.0,700.0,,,,
/data/data/DA25S005/miccai_tbi/MultiTalentV2_finetuning/MICCAI_AIMS_TBI/scan_0664_bvec.txt,scan_0664_bvec.txt,0664,bvec,txt,0.001,"(3, 33)",2.0,float64,,-1.0,1.0,,,,
/data/data/DA25S005/miccai_tbi/MultiTalentV2_finetuning/MICCAI_AIMS_TBI/scan_0664_dMRI.nii.gz,scan_0664_dMRI.nii.gz,0664,dMRI,nii.gz,82.505,"(256, 256, 60, 33)",4.0,float32,"(0.828, 0.828, 2.2)",0.0,519432.4688,4600.3574,80974158.0,33.0,
/data/data/DA25S005/miccai_tbi/MultiTalentV2_finetuning/MICCAI_AIMS_TBI/scan_0665_Lesion.nii.gz,scan_0665_Lesion.nii.gz,0665,Lesion,nii.gz,0.033,"(256, 256, 256)",3.0,float32,"(1.0, 1.0, 1.0)",0.0,5.0,0.0,165.0,,
/data/data/DA25S005/miccai_tbi/MultiTalentV2_finetuning/MICCAI_AIMS_TBI/scan_0665_T1.nii.gz,scan_0665_T1.nii.gz,0665,T1,nii.gz,14.048,"(256, 256, 256)",3.0,float32,"(1.0, 1.0, 1.0)",0.0,4439.2632,134.7762,4207330.0,,
/data/data/DA25S005/miccai_tbi/MultiTalentV2_finetuning/MICCAI_AIMS_TBI/scan_0665_bval.txt,scan_0665_bval.txt,0665,bval,txt,0.0,"(1, 33)",1.0,float64,,0.0,1000.0,,,,
/data/data/DA25S005/miccai_tbi/MultiTalentV2_finetuning/MICCAI_AIMS_TBI/scan_0665_bvec.txt,scan_0665_bvec.txt,0665,bvec,txt,0.002,"(3, 33)",2.0,float64,,-1.0,1.0,,,,
/data/data/DA25S005/miccai_tbi/MultiTalentV2_finetuning/MICCAI_AIMS_TBI/scan_0665_dMRI.nii.gz,scan_0665_dMRI.nii.gz,0665,dMRI,nii.gz,22.29,"(128, 128, 70, 33)",4.0,float32,"(1.75, 1.75, 2.0)",0.0,11985.7803,87.7515,22176311.0,33.0,
/data/data/DA25S005/miccai_tbi/MultiTalentV2_finetuning/MICCAI_AIMS_TBI/scan_0667_Lesion.nii.gz,scan_0667_Lesion.nii.gz,0667,Lesion,nii.gz,0.033,"(256, 256, 256)",3.0,float32,"(1.0, 1.0, 1.0)",0.0,1.0,0.0,672.0,,
/data/data/DA25S005/miccai_tbi/MultiTalentV2_finetuning/MICCAI_AIMS_TBI/scan_0667_T1.nii.gz,scan_0667_T1.nii.gz,0667,T1,nii.gz,5.492,"(256, 256, 256)",3.0,float32,"(1.0, 1.0, 1.0)",0.0,3856.7083,141.8049,3990619.0,,
/data/data/DA25S005/miccai_tbi/MultiTalentV2_finetuning/MICCAI_AIMS_TBI/scan_0667_bval.txt,scan_0667_bval.txt,0667,bval,txt,0.0,"(1, 33)",1.0,float64,,0.0,1000.0,,,,
/data/data/DA25S005/miccai_tbi/MultiTalentV2_finetuning/MICCAI_AIMS_TBI/scan_0667_bvec.txt,scan_0667_bvec.txt,0667,bvec,txt,0.002,"(3, 33)",2.0,float64,,-0.7071,0.7071,,,,
/data/data/DA25S005/miccai_tbi/MultiTalentV2_finetuning/MICCAI_AIMS_TBI/scan_0667_dMRI.nii.gz,scan_0667_dMRI.nii.gz,0667,dMRI,nii.gz,7.814,"(96, 96, 65, 33)",4.0,float32,"(2.5, 2.5, 2.5)",0.0,4188.123,42.4967,8597090.0,33.0,
/data/data/DA25S005/miccai_tbi/MultiTalentV2_finetuning/MICCAI_AIMS_TBI/scan_0669_Lesion.nii.gz,scan_0669_Lesion.nii.gz,0669,Lesion,nii.gz,0.033,"(256, 256, 256)",3.0,float32,"(1.0, 1.0, 1.0)",0.0,0.0,0.0,0.0,,
/data/data/DA25S005/miccai_tbi/MultiTalentV2_finetuning/MICCAI_AIMS_TBI/scan_0669_T1.nii.gz,scan_0669_T1.nii.gz,0669,T1,nii.gz,9.508,"(256, 256, 256)",3.0,float32,"(1.0, 1.0, 1.0)",0.0,2659.4595,120.5859,6883631.0,,
/data/data/DA25S005/miccai_tbi/MultiTalentV2_finetuning/MICCAI_AIMS_TBI/scan_0671_Lesion.nii.gz,scan_0671_Lesion.nii.gz,0671,Lesion,nii.gz,0.033,"(256, 256, 256)",3.0,float32,"(1.0, 1.0, 1.0)",0.0,0.0,0.0,0.0,,
/data/data/DA25S005/miccai_tbi/MultiTalentV2_finetuning/MICCAI_AIMS_TBI/scan_0671_T1.nii.gz,scan_0671_T1.nii.gz,0671,T1,nii.gz,30.462,"(256, 256, 256)",3.0,float32,"(1.0, 1.0, 1.0)",0.0,6687.1494,406.0096,8606244.0,,
/data/data/DA25S005/miccai_tbi/MultiTalentV2_finetuning/MICCAI_AIMS_TBI/scan_0674_Lesion.nii.gz,scan_0674_Lesion.nii.gz,0674,Lesion,nii.gz,0.033,"(256, 256, 256)",3.0,float32,"(1.0, 1.0, 1.0)",0.0,0.0,0.0,0.0,,
/data/data/DA25S005/miccai_tbi/MultiTalentV2_finetuning/MICCAI_AIMS_TBI/scan_0674_T1.nii.gz,scan_0674_T1.nii.gz,0674,T1,nii.gz,7.705,"(256, 256, 256)",3.0,float32,"(1.0, 1.0, 1.0)",0.0,2587050.0,82933.4531,4894198.0,,
/data/data/DA25S005/miccai_tbi/MultiTalentV2_finetuning/MICCAI_AIMS_TBI/scan_0674_bval.txt,scan_0674_bval.txt,0674,bval,txt,0.0,"(1, 33)",1.0,float64,,0.0,700.0,,,,
/data/data/DA25S005/miccai_tbi/MultiTalentV2_finetuning/MICCAI_AIMS_TBI/scan_0674_bvec.txt,scan_0674_bvec.txt,0674,bvec,txt,0.001,"(3, 33)",2.0,float64,,-1.0,1.0,,,,
/data/data/DA25S005/miccai_tbi/MultiTalentV2_finetuning/MICCAI_AIMS_TBI/scan_0674_dMRI.nii.gz,scan_0674_dMRI.nii.gz,0674,dMRI,nii.gz,75.384,"(256, 256, 60, 33)",4.0,float32,"(0.828, 0.828, 2.2)",0.0,225334.4688,4831.2578,69820803.0,33.0,
/data/data/DA25S005/miccai_tbi/MultiTalentV2_finetuning/MICCAI_AIMS_TBI/scan_0681_Lesion.nii.gz,scan_0681_Lesion.nii.gz,0681,Lesion,nii.gz,0.044,"(256, 256, 256)",3.0,float32,"(1.0, 1.0, 1.0)",0.0,5.0,0.0042,68579.0,,
/data/data/DA25S005/miccai_tbi/MultiTalentV2_finetuning/MICCAI_AIMS_TBI/scan_0681_T1.nii.gz,scan_0681_T1.nii.gz,0681,T1,nii.gz,10.505,"(256, 256, 256)",3.0,float32,"(1.0, 1.0, 1.0)",0.0,974.0,29.3098,11210578.0,,
/data/data/DA25S005/miccai_tbi/MultiTalentV2_finetuning/MICCAI_AIMS_TBI/scan_0685_Lesion.nii.gz,scan_0685_Lesion.nii.gz,0685,Lesion,nii.gz,0.038,"(256, 256, 256)",3.0,float32,"(1.0, 1.0, 1.0)",0.0,1.0,0.0017,27890.0,,
/data/data/DA25S005/miccai_tbi/MultiTalentV2_finetuning/MICCAI_AIMS_TBI/scan_0685_T1.nii.gz,scan_0685_T1.nii.gz,0685,T1,nii.gz,11.697,"(256, 256, 256)",3.0,float32,"(1.0, 1.0, 1.0)",0.0,869.0,37.2058,11311837.0,,
/data/data/DA25S005/miccai_tbi/MultiTalentV2_finetuning/MICCAI_AIMS_TBI/scan_0686_Lesion.nii.gz,scan_0686_Lesion.nii.gz,0686,Lesion,nii.gz,0.033,"(256, 256, 256)",3.0,float32,"(1.0, 1.0, 1.0)",0.0,1.0,0.0001,882.0,,
/data/data/DA25S005/miccai_tbi/MultiTalentV2_finetuning/MICCAI_AIMS_TBI/scan_0686_T1.nii.gz,scan_0686_T1.nii.gz,0686,T1,nii.gz,11.827,"(256, 256, 256)",3.0,float32,"(1.0, 1.0, 1.0)",0.0,4361.4316,108.7698,3327716.0,,
/data/data/DA25S005/miccai_tbi/MultiTalentV2_finetuning/MICCAI_AIMS_TBI/scan_0686_bval.txt,scan_0686_bval.txt,0686,bval,txt,0.0,"(1, 33)",1.0,float64,,0.0,1000.0,,,,
/data/data/DA25S005/miccai_tbi/MultiTalentV2_finetuning/MICCAI_AIMS_TBI/scan_0686_bvec.txt,scan_0686_bvec.txt,0686,bvec,txt,0.002,"(3, 33)",2.0,float64,,-1.0,1.0,,,,
/data/data/DA25S005/miccai_tbi/MultiTalentV2_finetuning/MICCAI_AIMS_TBI/scan_0686_dMRI.nii.gz,scan_0686_dMRI.nii.gz,0686,dMRI,nii.gz,19.44,"(128, 128, 70, 33)",4.0,float32,"(1.75, 1.75, 2.0)",0.0,8381.4434,65.6767,19398916.0,33.0,
/data/data/DA25S005/miccai_tbi/MultiTalentV2_finetuning/MICCAI_AIMS_TBI/scan_0687_Lesion.nii.gz,scan_0687_Lesion.nii.gz,0687,Lesion,nii.gz,0.033,"(256, 256, 256)",3.0,float32,"(1.0, 1.0, 1.0)",0.0,0.0,0.0,0.0,,
/data/data/DA25S005/miccai_tbi/MultiTalentV2_finetuning/MICCAI_AIMS_TBI/scan_0687_T1.nii.gz,scan_0687_T1.nii.gz,0687,T1,nii.gz,39.574,"(256, 256, 256)",3.0,float32,"(1.0, 1.0, 1.0)",0.0,979.0659,41.2045,10999365.0,,
/data/data/DA25S005/miccai_tbi/MultiTalentV2_finetuning/MICCAI_AIMS_TBI/scan_0687_bval.txt,scan_0687_bval.txt,0687,bval,txt,0.0,"(1, 65)",1.0,float64,,0.0,1000.0,,,,
/data/data/DA25S005/miccai_tbi/MultiTalentV2_finetuning/MICCAI_AIMS_TBI/scan_0687_bvec.txt,scan_0687_bvec.txt,0687,bvec,txt,0.003,"(65, 3)",2.0,float64,,-0.9641,1.0,,,,
/data/data/DA25S005/miccai_tbi/MultiTalentV2_finetuning/MICCAI_AIMS_TBI/scan_0687_dMRI.nii.gz,scan_0687_dMRI.nii.gz,0687,dMRI,nii.gz,82.478,"(128, 128, 75, 65)",4.0,float32,"(2.0, 2.0, 2.0)",0.0,2731.0,55.6038,79249460.0,65.0,
/data/data/DA25S005/miccai_tbi/MultiTalentV2_finetuning/MICCAI_AIMS_TBI/scan_0689_Lesion.nii.gz,scan_0689_Lesion.nii.gz,0689,Lesion,nii.gz,0.033,"(256, 256, 256)",3.0,float32,"(1.0, 1.0, 1.0)",0.0,1.0,0.0,83.0,,
/data/data/DA25S005/miccai_tbi/MultiTalentV2_finetuning/MICCAI_AIMS_TBI/scan_0689_T1.nii.gz,scan_0689_T1.nii.gz,0689,T1,nii.gz,35.126,"(256, 256, 256)",3.0,float32,"(1.0, 1.0, 1.0)",0.0,23983.5,535.5901,9796813.0,,
/data/data/DA25S005/miccai_tbi/MultiTalentV2_finetuning/MICCAI_AIMS_TBI/scan_0692_Lesion.nii.gz,scan_0692_Lesion.nii.gz,0692,Lesion,nii.gz,0.033,"(256, 256, 256)",3.0,float32,"(1.0, 1.0, 1.0)",0.0,0.0,0.0,0.0,,
/data/data/DA25S005/miccai_tbi/MultiTalentV2_finetuning/MICCAI_AIMS_TBI/scan_0692_T1.nii.gz,scan_0692_T1.nii.gz,0692,T1,nii.gz,5.137,"(256, 256, 256)",3.0,float32,"(1.0, 1.0, 1.0)",0.0,1636866.375,30576.3262,3607020.0,,
/data/data/DA25S005/miccai_tbi/MultiTalentV2_finetuning/MICCAI_AIMS_TBI/scan_0692_bval.txt,scan_0692_bval.txt,0692,bval,txt,0.0,"(1, 33)",1.0,float64,,0.0,700.0,,,,
/data/data/DA25S005/miccai_tbi/MultiTalentV2_finetuning/MICCAI_AIMS_TBI/scan_0692_bvec.txt,scan_0692_bvec.txt,0692,bvec,txt,0.001,"(3, 33)",2.0,float64,,-1.0,1.0,,,,
/data/data/DA25S005/miccai_tbi/MultiTalentV2_finetuning/MICCAI_AIMS_TBI/scan_0692_dMRI.nii.gz,scan_0692_dMRI.nii.gz,0692,dMRI,nii.gz,73.217,"(256, 256, 70, 33)",4.0,float32,"(0.828, 0.828, 2.2)",0.0,177106.7031,2101.9766,75616644.0,33.0,
/data/data/DA25S005/miccai_tbi/MultiTalentV2_finetuning/MICCAI_AIMS_TBI/scan_0694_Lesion.nii.gz,scan_0694_Lesion.nii.gz,0694,Lesion,nii.gz,0.033,"(256, 256, 256)",3.0,float32,"(1.0, 1.0, 1.0)",0.0,0.0,0.0,0.0,,
/data/data/DA25S005/miccai_tbi/MultiTalentV2_finetuning/MICCAI_AIMS_TBI/scan_0694_T1.nii.gz,scan_0694_T1.nii.gz,0694,T1,nii.gz,31.577,"(256, 256, 256)",3.0,float32,"(1.0, 1.0, 1.0)",0.0,10978.7451,369.601,8876735.0,,
/data/data/DA25S005/miccai_tbi/MultiTalentV2_finetuning/MICCAI_AIMS_TBI/scan_0696_Lesion.nii.gz,scan_0696_Lesion.nii.gz,0696,Lesion,nii.gz,0.033,"(256, 256, 256)",3.0,float32,"(1.0, 1.0, 1.0)",0.0,0.0,0.0,0.0,,
/data/data/DA25S005/miccai_tbi/MultiTalentV2_finetuning/MICCAI_AIMS_TBI/scan_0696_T1.nii.gz,scan_0696_T1.nii.gz,0696,T1,nii.gz,9.336,"(256, 256, 256)",3.0,float32,"(1.0, 1.0, 1.0)",0.0,2443.6602,110.8731,6864856.0,,
/data/data/DA25S005/miccai_tbi/MultiTalentV2_finetuning/MICCAI_AIMS_TBI/scan_0698_Lesion.nii.gz,scan_0698_Lesion.nii.gz,0698,Lesion,nii.gz,0.051,"(256, 200, 256)",3.0,float32,"(1.0, 1.0, 1.0)",0.0,1.0,0.0,14.0,,
/data/data/DA25S005/miccai_tbi/MultiTalentV2_finetuning/MICCAI_AIMS_TBI/scan_0698_T1.nii.gz,scan_0698_T1.nii.gz,0698,T1,nii.gz,8.916,"(256, 200, 256)",3.0,float32,"(1.0, 1.0, 1.0)",0.0,2564684.0,129442.75,5806923.0,,
/data/data/DA25S005/miccai_tbi/MultiTalentV2_finetuning/MICCAI_AIMS_TBI/scan_0698_bval.txt,scan_0698_bval.txt,0698,bval,txt,0.0,"(1, 33)",1.0,float64,,0.0,700.0,,,,
/data/data/DA25S005/miccai_tbi/MultiTalentV2_finetuning/MICCAI_AIMS_TBI/scan_0698_bvec.txt,scan_0698_bvec.txt,0698,bvec,txt,0.001,"(3, 33)",2.0,float64,,-1.0,1.0,,,,
/data/data/DA25S005/miccai_tbi/MultiTalentV2_finetuning/MICCAI_AIMS_TBI/scan_0698_dMRI.nii.gz,scan_0698_dMRI.nii.gz,0698,dMRI,nii.gz,82.096,"(256, 256, 60, 33)",4.0,float32,"(0.828, 0.828, 2.2)",0.0,511292.2812,5760.4751,77181943.0,33.0,
/data/data/DA25S005/miccai_tbi/MultiTalentV2_finetuning/MICCAI_AIMS_TBI/scan_0700_Lesion.nii.gz,scan_0700_Lesion.nii.gz,0700,Lesion,nii.gz,0.148,"(256, 256, 256)",3.0,float32,"(1.0, 1.0, 1.0)",0.0,1.0,0.0001,1223.0,,
/data/data/DA25S005/miccai_tbi/MultiTalentV2_finetuning/MICCAI_AIMS_TBI/scan_0700_T1.nii.gz,scan_0700_T1.nii.gz,0700,T1,nii.gz,39.757,"(256, 256, 256)",3.0,float32,"(1.0, 1.0, 1.0)",0.0,1394.3872,49.7733,10999493.0,,
/data/data/DA25S005/miccai_tbi/MultiTalentV2_finetuning/MICCAI_AIMS_TBI/scan_0700_bval.txt,scan_0700_bval.txt,0700,bval,txt,0.0,"(1, 65)",1.0,float64,,0.0,1000.0,,,,
/data/data/DA25S005/miccai_tbi/MultiTalentV2_finetuning/MICCAI_AIMS_TBI/scan_0700_bvec.txt,scan_0700_bvec.txt,0700,bvec,txt,0.003,"(65, 3)",2.0,float64,,-0.9992,1.0,,,,
/data/data/DA25S005/miccai_tbi/MultiTalentV2_finetuning/MICCAI_AIMS_TBI/scan_0700_dMRI.nii.gz,scan_0700_dMRI.nii.gz,0700,dMRI,nii.gz,83.498,"(128, 128, 75, 65)",4.0,float32,"(2.0, 2.0, 2.0)",0.0,2739.0,58.6885,79118326.0,65.0,
/data/data/DA25S005/miccai_tbi/MultiTalentV2_finetuning/MICCAI_AIMS_TBI/scan_0701_Lesion.nii.gz,scan_0701_Lesion.nii.gz,0701,Lesion,nii.gz,0.033,"(256, 256, 256)",3.0,float32,"(1.0, 1.0, 1.0)",0.0,0.0,0.0,0.0,,
/data/data/DA25S005/miccai_tbi/MultiTalentV2_finetuning/MICCAI_AIMS_TBI/scan_0701_T1.nii.gz,scan_0701_T1.nii.gz,0701,T1,nii.gz,31.288,"(256, 256, 256)",3.0,float32,"(1.0, 1.0, 1.0)",0.0,7724.7173,454.561,8802898.0,,
/data/data/DA25S005/miccai_tbi/MultiTalentV2_finetuning/MICCAI_AIMS_TBI/scan_0702_Lesion.nii.gz,scan_0702_Lesion.nii.gz,0702,Lesion,nii.gz,0.035,"(256, 256, 256)",3.0,float32,"(1.0, 1.0, 1.0)",0.0,4.0,0.0003,5204.0,,
/data/data/DA25S005/miccai_tbi/MultiTalentV2_finetuning/MICCAI_AIMS_TBI/scan_0702_T1.nii.gz,scan_0702_T1.nii.gz,0702,T1,nii.gz,30.147,"(256, 256, 256)",3.0,float32,"(1.0, 1.0, 1.0)",0.0,916.4999,39.1608,10709060.0,,
/data/data/DA25S005/miccai_tbi/MultiTalentV2_finetuning/MICCAI_AIMS_TBI/scan_0702_bval.txt,scan_0702_bval.txt,0702,bval,txt,0.0,"(1, 65)",1.0,float64,,0.0,1000.0,,,,
/data/data/DA25S005/miccai_tbi/MultiTalentV2_finetuning/MICCAI_AIMS_TBI/scan_0702_bvec.txt,scan_0702_bvec.txt,0702,bvec,txt,0.003,"(3, 65)",2.0,float64,,-0.9809,0.9984,,,,
/data/data/DA25S005/miccai_tbi/MultiTalentV2_finetuning/MICCAI_AIMS_TBI/scan_0702_dMRI.nii.gz,scan_0702_dMRI.nii.gz,0702,dMRI,nii.gz,36.774,"(96, 96, 60, 65)",4.0,float32,"(2.208, 2.208, 2.42)",0.0,3935.0,43.1744,35418043.0,65.0,
/data/data/DA25S005/miccai_tbi/MultiTalentV2_finetuning/MICCAI_AIMS_TBI/scan_0703_Lesion.nii.gz,scan_0703_Lesion.nii.gz,0703,Lesion,nii.gz,0.033,"(256, 256, 256)",3.0,float32,"(1.0, 1.0, 1.0)",0.0,0.0,0.0,0.0,,
/data/data/DA25S005/miccai_tbi/MultiTalentV2_finetuning/MICCAI_AIMS_TBI/scan_0703_T1.nii.gz,scan_0703_T1.nii.gz,0703,T1,nii.gz,35.833,"(256, 256, 256)",3.0,float32,"(1.0, 1.0, 1.0)",0.0,17123.4258,548.9407,10035575.0,,
/data/data/DA25S005/miccai_tbi/MultiTalentV2_finetuning/MICCAI_AIMS_TBI/scan_0705_Lesion.nii.gz,scan_0705_Lesion.nii.gz,0705,Lesion,nii.gz,0.033,"(256, 256, 256)",3.0,float32,"(1.0, 1.0, 1.0)",0.0,5.0,0.0001,1038.0,,
/data/data/DA25S005/miccai_tbi/MultiTalentV2_finetuning/MICCAI_AIMS_TBI/scan_0705_T1.nii.gz,scan_0705_T1.nii.gz,0705,T1,nii.gz,12.951,"(256, 256, 256)",3.0,float32,"(1.0, 1.0, 1.0)",0.0,602.0,42.9109,10909529.0,,
/data/data/DA25S005/miccai_tbi/MultiTalentV2_finetuning/MICCAI_AIMS_TBI/scan_0708_Lesion.nii.gz,scan_0708_Lesion.nii.gz,0708,Lesion,nii.gz,0.071,"(256, 256, 256)",3.0,float32,"(1.0, 1.0, 1.0)",0.0,5.0,0.0009,11787.0,,
/data/data/DA25S005/miccai_tbi/MultiTalentV2_finetuning/MICCAI_AIMS_TBI/scan_0708_T1.nii.gz,scan_0708_T1.nii.gz,0708,T1,nii.gz,8.665,"(256, 256, 256)",3.0,float32,"(1.0, 1.0, 1.0)",0.0,3773.4797,162.5168,5566465.0,,
/data/data/DA25S005/miccai_tbi/MultiTalentV2_finetuning/MICCAI_AIMS_TBI/scan_0708_bval.txt,scan_0708_bval.txt,0708,bval,txt,0.0,"(1, 33)",1.0,float64,,0.0,1000.0,,,,
/data/data/DA25S005/miccai_tbi/MultiTalentV2_finetuning/MICCAI_AIMS_TBI/scan_0708_bvec.txt,scan_0708_bvec.txt,0708,bvec,txt,0.002,"(3, 33)",2.0,float64,,-1.0,1.0,,,,
/data/data/DA25S005/miccai_tbi/MultiTalentV2_finetuning/MICCAI_AIMS_TBI/scan_0708_dMRI.nii.gz,scan_0708_dMRI.nii.gz,0708,dMRI,nii.gz,21.419,"(128, 128, 70, 33)",4.0,float32,"(1.75, 1.75, 2.0)",0.0,9650.042,86.2968,22096873.0,33.0,
/data/data/DA25S005/miccai_tbi/MultiTalentV2_finetuning/MICCAI_AIMS_TBI/scan_0711_bval.txt,scan_0711_bval.txt,0711,bval,txt,0.0,"(1, 65)",1.0,float64,,0.0,1000.0,,,,
/data/data/DA25S005/miccai_tbi/MultiTalentV2_finetuning/MICCAI_AIMS_TBI/scan_0711_bvec.txt,scan_0711_bvec.txt,0711,bvec,txt,0.003,"(65, 3)",2.0,float64,,-0.9641,1.0,,,,
/data/data/DA25S005/miccai_tbi/MultiTalentV2_finetuning/MICCAI_AIMS_TBI/scan_0711_dMRI.nii.gz,scan_0711_dMRI.nii.gz,0711,dMRI,nii.gz,82.699,"(128, 128, 75, 65)",4.0,float32,"(2.0, 2.0, 2.0)",0.0,2393.0,58.258,79208541.0,65.0,
/data/data/DA25S005/miccai_tbi/MultiTalentV2_finetuning/MICCAI_AIMS_TBI/scan_0712_Lesion.nii.gz,scan_0712_Lesion.nii.gz,0712,Lesion,nii.gz,0.148,"(256, 256, 256)",3.0,float32,"(1.0, 1.0, 1.0)",0.0,1.0,0.0,581.0,,
/data/data/DA25S005/miccai_tbi/MultiTalentV2_finetuning/MICCAI_AIMS_TBI/scan_0712_T1.nii.gz,scan_0712_T1.nii.gz,0712,T1,nii.gz,35.083,"(256, 256, 256)",3.0,float32,"(1.0, 1.0, 1.0)",0.0,12045.4648,478.0007,9822420.0,,
/data/data/DA25S005/miccai_tbi/MultiTalentV2_finetuning/MICCAI_AIMS_TBI/scan_0713_Lesion.nii.gz,scan_0713_Lesion.nii.gz,0713,Lesion,nii.gz,0.033,"(256, 256, 256)",3.0,float32,"(1.0, 1.0, 1.0)",0.0,0.0,0.0,0.0,,
/data/data/DA25S005/miccai_tbi/MultiTalentV2_finetuning/MICCAI_AIMS_TBI/scan_0713_T1.nii.gz,scan_0713_T1.nii.gz,0713,T1,nii.gz,29.399,"(256, 256, 256)",3.0,float32,"(1.0, 1.0, 1.0)",0.0,8401.9043,365.774,8240988.0,,
/data/data/DA25S005/miccai_tbi/MultiTalentV2_finetuning/MICCAI_AIMS_TBI/scan_0715_Lesion.nii.gz,scan_0715_Lesion.nii.gz,0715,Lesion,nii.gz,0.033,"(256, 256, 256)",3.0,float32,"(1.0, 1.0, 1.0)",0.0,0.0,0.0,0.0,,
/data/data/DA25S005/miccai_tbi/MultiTalentV2_finetuning/MICCAI_AIMS_TBI/scan_0715_T1.nii.gz,scan_0715_T1.nii.gz,0715,T1,nii.gz,5.102,"(256, 256, 256)",3.0,float32,"(1.0, 1.0, 1.0)",0.0,1296920.875,22131.1914,3634897.0,,
/data/data/DA25S005/miccai_tbi/MultiTalentV2_finetuning/MICCAI_AIMS_TBI/scan_0715_bval.txt,scan_0715_bval.txt,0715,bval,txt,0.0,"(1, 33)",1.0,float64,,0.0,700.0,,,,
/data/data/DA25S005/miccai_tbi/MultiTalentV2_finetuning/MICCAI_AIMS_TBI/scan_0715_bvec.txt,scan_0715_bvec.txt,0715,bvec,txt,0.001,"(3, 33)",2.0,float64,,-1.0,1.0,,,,
/data/data/DA25S005/miccai_tbi/MultiTalentV2_finetuning/MICCAI_AIMS_TBI/scan_0715_dMRI.nii.gz,scan_0715_dMRI.nii.gz,0715,dMRI,nii.gz,66.245,"(256, 256, 65, 33)",4.0,float32,"(0.828, 0.828, 2.2)",0.0,120350.6094,1550.3167,75376775.0,33.0,
/data/data/DA25S005/miccai_tbi/MultiTalentV2_finetuning/MICCAI_AIMS_TBI/scan_0716_Lesion.nii.gz,scan_0716_Lesion.nii.gz,0716,Lesion,nii.gz,0.033,"(256, 256, 256)",3.0,float32,"(1.0, 1.0, 1.0)",0.0,1.0,0.0,109.0,,
/data/data/DA25S005/miccai_tbi/MultiTalentV2_finetuning/MICCAI_AIMS_TBI/scan_0716_T1.nii.gz,scan_0716_T1.nii.gz,0716,T1,nii.gz,7.712,"(256, 256, 256)",3.0,float32,"(1.0, 1.0, 1.0)",0.0,912.25,37.3608,4214472.0,,
/data/data/DA25S005/miccai_tbi/MultiTalentV2_finetuning/MICCAI_AIMS_TBI/scan_0716_bval.txt,scan_0716_bval.txt,0716,bval,txt,0.0,"(1, 70)",1.0,float64,,0.0,2000.0,,,,
/data/data/DA25S005/miccai_tbi/MultiTalentV2_finetuning/MICCAI_AIMS_TBI/scan_0716_bvec.txt,scan_0716_bvec.txt,0716,bvec,txt,0.003,"(3, 70)",2.0,float64,,-0.9837,0.9994,,,,
/data/data/DA25S005/miccai_tbi/MultiTalentV2_finetuning/MICCAI_AIMS_TBI/scan_0716_c1.nii.gz,scan_0716_c1.nii.gz,0716,c1,nii.gz,7.712,"(256, 256, 256)",3.0,float32,"(1.0, 1.0, 1.0)",0.0,912.25,37.3608,4214472.0,,
/data/data/DA25S005/miccai_tbi/MultiTalentV2_finetuning/MICCAI_AIMS_TBI/scan_0716_dMRI.nii.gz,scan_0716_dMRI.nii.gz,0716,dMRI,nii.gz,63.896,"(128, 128, 64, 70)",4.0,float32,"(2.0, 2.0, 2.0)",0.0,4095.0,28.0364,71557864.0,70.0,
/data/data/DA25S005/miccai_tbi/MultiTalentV2_finetuning/MICCAI_AIMS_TBI/scan_0718_Lesion.nii.gz,scan_0718_Lesion.nii.gz,0718,Lesion,nii.gz,0.033,"(256, 256, 256)",3.0,float32,"(1.0, 1.0, 1.0)",0.0,1.0,0.0,407.0,,
/data/data/DA25S005/miccai_tbi/MultiTalentV2_finetuning/MICCAI_AIMS_TBI/scan_0718_T1.nii.gz,scan_0718_T1.nii.gz,0718,T1,nii.gz,18.82,"(256, 256, 256)",3.0,float32,"(1.0, 1.0, 1.0)",0.0,2928.4998,144.448,5839207.0,,
/data/data/DA25S005/miccai_tbi/MultiTalentV2_finetuning/MICCAI_AIMS_TBI/scan_0719_Lesion.nii.gz,scan_0719_Lesion.nii.gz,0719,Lesion,nii.gz,0.155,"(256, 256, 256)",3.0,float32,"(1.0, 1.0, 1.0)",0.0,1.0,0.0006,9322.0,,
/data/data/DA25S005/miccai_tbi/MultiTalentV2_finetuning/MICCAI_AIMS_TBI/scan_0719_T1.nii.gz,scan_0719_T1.nii.gz,0719,T1,nii.gz,39.697,"(256, 256, 256)",3.0,float32,"(1.0, 1.0, 1.0)",0.0,680.3609,38.3253,10999388.0,,
/data/data/DA25S005/miccai_tbi/MultiTalentV2_finetuning/MICCAI_AIMS_TBI/scan_0719_bval.txt,scan_0719_bval.txt,0719,bval,txt,0.0,"(1, 65)",1.0,float64,,0.0,1000.0,,,,
/data/data/DA25S005/miccai_tbi/MultiTalentV2_finetuning/MICCAI_AIMS_TBI/scan_0719_bvec.txt,scan_0719_bvec.txt,0719,bvec,txt,0.003,"(65, 3)",2.0,float64,,-0.9641,1.0,,,,
/data/data/DA25S005/miccai_tbi/MultiTalentV2_finetuning/MICCAI_AIMS_TBI/scan_0719_dMRI.nii.gz,scan_0719_dMRI.nii.gz,0719,dMRI,nii.gz,82.535,"(128, 128, 75, 65)",4.0,float32,"(2.0, 2.0, 2.0)",0.0,3820.0,55.7251,79256652.0,65.0,
/data/data/DA25S005/miccai_tbi/MultiTalentV2_finetuning/MICCAI_AIMS_TBI/scan_0722_Lesion.nii.gz,scan_0722_Lesion.nii.gz,0722,Lesion,nii.gz,0.033,"(256, 256, 256)",3.0,float32,"(1.0, 1.0, 1.0)",0.0,0.0,0.0,0.0,,
/data/data/DA25S005/miccai_tbi/MultiTalentV2_finetuning/MICCAI_AIMS_TBI/scan_0722_T1.nii.gz,scan_0722_T1.nii.gz,0722,T1,nii.gz,35.668,"(256, 256, 256)",3.0,float32,"(1.0, 1.0, 1.0)",0.0,10308.1992,680.611,10035420.0,,
/data/data/DA25S005/miccai_tbi/MultiTalentV2_finetuning/MICCAI_AIMS_TBI/scan_0723_Lesion.nii.gz,scan_0723_Lesion.nii.gz,0723,Lesion,nii.gz,0.033,"(256, 256, 256)",3.0,float32,"(1.0, 1.0, 1.0)",0.0,1.0,0.0,32.0,,
/data/data/DA25S005/miccai_tbi/MultiTalentV2_finetuning/MICCAI_AIMS_TBI/scan_0723_T1.nii.gz,scan_0723_T1.nii.gz,0723,T1,nii.gz,30.488,"(256, 256, 256)",3.0,float32,"(1.0, 1.0, 1.0)",0.0,13257.9707,374.1812,8535211.0,,
/data/data/DA25S005/miccai_tbi/MultiTalentV2_finetuning/MICCAI_AIMS_TBI/scan_0724_Lesion.nii.gz,scan_0724_Lesion.nii.gz,0724,Lesion,nii.gz,0.033,"(256, 256, 256)",3.0,float32,"(1.0, 1.0, 1.0)",0.0,1.0,0.0001,1513.0,,
/data/data/DA25S005/miccai_tbi/MultiTalentV2_finetuning/MICCAI_AIMS_TBI/scan_0724_T1.nii.gz,scan_0724_T1.nii.gz,0724,T1,nii.gz,10.62,"(256, 256, 256)",3.0,float32,"(1.0, 1.0, 1.0)",0.0,1486.0,76.7757,6050361.0,,
/data/data/DA25S005/miccai_tbi/MultiTalentV2_finetuning/MICCAI_AIMS_TBI/scan_0725_Lesion.nii.gz,scan_0725_Lesion.nii.gz,0725,Lesion,nii.gz,0.039,"(256, 256, 256)",3.0,float32,"(1.0, 1.0, 1.0)",0.0,5.0,0.0016,18300.0,,
/data/data/DA25S005/miccai_tbi/MultiTalentV2_finetuning/MICCAI_AIMS_TBI/scan_0725_T1.nii.gz,scan_0725_T1.nii.gz,0725,T1,nii.gz,11.079,"(256, 256, 256)",3.0,float32,"(1.0, 1.0, 1.0)",0.0,827.0,32.3604,11200032.0,,
/data/data/DA25S005/miccai_tbi/MultiTalentV2_finetuning/MICCAI_AIMS_TBI/scan_0727_Lesion.nii.gz,scan_0727_Lesion.nii.gz,0727,Lesion,nii.gz,0.033,"(256, 256, 256)",3.0,float32,"(1.0, 1.0, 1.0)",0.0,0.0,0.0,0.0,,
/data/data/DA25S005/miccai_tbi/MultiTalentV2_finetuning/MICCAI_AIMS_TBI/scan_0727_T1.nii.gz,scan_0727_T1.nii.gz,0727,T1,nii.gz,39.618,"(256, 256, 256)",3.0,float32,"(1.0, 1.0, 1.0)",0.0,780.8415,37.1596,10998744.0,,
/data/data/DA25S005/miccai_tbi/MultiTalentV2_finetuning/MICCAI_AIMS_TBI/scan_0727_bval.txt,scan_0727_bval.txt,0727,bval,txt,0.0,"(1, 65)",1.0,float64,,0.0,1000.0,,,,
/data/data/DA25S005/miccai_tbi/MultiTalentV2_finetuning/MICCAI_AIMS_TBI/scan_0727_bvec.txt,scan_0727_bvec.txt,0727,bvec,txt,0.003,"(65, 3)",2.0,float64,,-0.9641,1.0,,,,
/data/data/DA25S005/miccai_tbi/MultiTalentV2_finetuning/MICCAI_AIMS_TBI/scan_0727_dMRI.nii.gz,scan_0727_dMRI.nii.gz,0727,dMRI,nii.gz,79.24,"(128, 128, 75, 65)",4.0,float32,"(2.0, 2.0, 2.0)",0.0,2241.0,47.8737,79216785.0,65.0,
/data/data/DA25S005/miccai_tbi/MultiTalentV2_finetuning/MICCAI_AIMS_TBI/scan_0729_Lesion.nii.gz,scan_0729_Lesion.nii.gz,0729,Lesion,nii.gz,0.033,"(256, 256, 256)",3.0,float32,"(1.0, 1.0, 1.0)",0.0,5.0,0.0,107.0,,
/data/data/DA25S005/miccai_tbi/MultiTalentV2_finetuning/MICCAI_AIMS_TBI/scan_0729_T1.nii.gz,scan_0729_T1.nii.gz,0729,T1,nii.gz,17.784,"(256, 256, 256)",3.0,float32,"(1.0, 1.0, 1.0)",0.0,715.0908,32.1658,6086703.0,,
/data/data/DA25S005/miccai_tbi/MultiTalentV2_finetuning/MICCAI_AIMS_TBI/scan_0730_Lesion.nii.gz,scan_0730_Lesion.nii.gz,0730,Lesion,nii.gz,0.033,"(256, 256, 256)",3.0,float32,"(1.0, 1.0, 1.0)",0.0,0.0,0.0,0.0,,
/data/data/DA25S005/miccai_tbi/MultiTalentV2_finetuning/MICCAI_AIMS_TBI/scan_0730_T1.nii.gz,scan_0730_T1.nii.gz,0730,T1,nii.gz,30.978,"(256, 256, 256)",3.0,float32,"(1.0, 1.0, 1.0)",0.0,9168.1104,447.6746,8707433.0,,
/data/data/DA25S005/miccai_tbi/MultiTalentV2_finetuning/MICCAI_AIMS_TBI/scan_0731_Lesion.nii.gz,scan_0731_Lesion.nii.gz,0731,Lesion,nii.gz,0.035,"(256, 256, 256)",3.0,float32,"(1.0, 1.0, 1.0)",0.0,1.0,0.0004,6187.0,,
/data/data/DA25S005/miccai_tbi/MultiTalentV2_finetuning/MICCAI_AIMS_TBI/scan_0731_T1.nii.gz,scan_0731_T1.nii.gz,0731,T1,nii.gz,6.074,"(256, 256, 256)",3.0,float32,"(1.0, 1.0, 1.0)",0.0,4412.3428,163.3217,4266086.0,,
/data/data/DA25S005/miccai_tbi/MultiTalentV2_finetuning/MICCAI_AIMS_TBI/scan_0731_bval.txt,scan_0731_bval.txt,0731,bval,txt,0.0,"(1, 33)",1.0,float64,,0.0,1000.0,,,,
/data/data/DA25S005/miccai_tbi/MultiTalentV2_finetuning/MICCAI_AIMS_TBI/scan_0731_bvec.txt,scan_0731_bvec.txt,0731,bvec,txt,0.002,"(3, 33)",2.0,float64,,-0.7071,0.7071,,,,
/data/data/DA25S005/miccai_tbi/MultiTalentV2_finetuning/MICCAI_AIMS_TBI/scan_0731_dMRI.nii.gz,scan_0731_dMRI.nii.gz,0731,dMRI,nii.gz,8.509,"(96, 96, 65, 33)",4.0,float32,"(2.5, 2.5, 2.5)",0.0,4200.3882,46.3236,8855090.0,33.0,
/data/data/DA25S005/miccai_tbi/MultiTalentV2_finetuning/MICCAI_AIMS_TBI/scan_0732_Lesion.nii.gz,scan_0732_Lesion.nii.gz,0732,Lesion,nii.gz,0.033,"(256, 256, 256)",3.0,float32,"(1.0, 1.0, 1.0)",0.0,0.0,0.0,0.0,,
/data/data/DA25S005/miccai_tbi/MultiTalentV2_finetuning/MICCAI_AIMS_TBI/scan_0732_T1.nii.gz,scan_0732_T1.nii.gz,0732,T1,nii.gz,9.44,"(256, 256, 256)",3.0,float32,"(1.0, 1.0, 1.0)",0.0,2571.5786,120.7085,7003453.0,,
/data/data/DA25S005/miccai_tbi/MultiTalentV2_finetuning/MICCAI_AIMS_TBI/scan_0732_bval.txt,scan_0732_bval.txt,0732,bval,txt,0.0,"(1, 16)",1.0,float64,,0.0,860.0,,,,
/data/data/DA25S005/miccai_tbi/MultiTalentV2_finetuning/MICCAI_AIMS_TBI/scan_0732_bvec.txt,scan_0732_bvec.txt,0732,bvec,txt,0.001,"(3, 16)",2.0,float64,,-1.0,1.0,,,,
/data/data/DA25S005/miccai_tbi/MultiTalentV2_finetuning/MICCAI_AIMS_TBI/scan_0732_dMRI.nii.gz,scan_0732_dMRI.nii.gz,0732,dMRI,nii.gz,11.838,"(128, 128, 54, 16)",4.0,float32,"(2.0, 2.0, 2.7)",0.0,7437.2144,61.6414,12918345.0,16.0,
/data/data/DA25S005/miccai_tbi/MultiTalentV2_finetuning/MICCAI_AIMS_TBI/scan_0734_Lesion.nii.gz,scan_0734_Lesion.nii.gz,0734,Lesion,nii.gz,0.033,"(256, 256, 256)",3.0,float32,"(1.0, 1.0, 1.0)",0.0,1.0,0.0,286.0,,
/data/data/DA25S005/miccai_tbi/MultiTalentV2_finetuning/MICCAI_AIMS_TBI/scan_0734_T1.nii.gz,scan_0734_T1.nii.gz,0734,T1,nii.gz,8.488,"(256, 256, 256)",3.0,float32,"(1.0, 1.0, 1.0)",0.0,1222.0,51.5338,5788543.0,,
/data/data/DA25S005/miccai_tbi/MultiTalentV2_finetuning/MICCAI_AIMS_TBI/scan_0735_Lesion.nii.gz,scan_0735_Lesion.nii.gz,0735,Lesion,nii.gz,0.033,"(256, 256, 256)",3.0,float32,"(1.0, 1.0, 1.0)",0.0,1.0,0.0,245.0,,
/data/data/DA25S005/miccai_tbi/MultiTalentV2_finetuning/MICCAI_AIMS_TBI/scan_0735_T1.nii.gz,scan_0735_T1.nii.gz,0735,T1,nii.gz,10.352,"(256, 256, 256)",3.0,float32,"(1.0, 1.0, 1.0)",0.0,1046.0,64.7408,7047494.0,,
/data/data/DA25S005/miccai_tbi/MultiTalentV2_finetuning/MICCAI_AIMS_TBI/scan_0737_Lesion.nii.gz,scan_0737_Lesion.nii.gz,0737,Lesion,nii.gz,0.041,"(256, 256, 256)",3.0,float32,"(1.0, 1.0, 1.0)",0.0,5.0,0.0052,55280.0,,
/data/data/DA25S005/miccai_tbi/MultiTalentV2_finetuning/MICCAI_AIMS_TBI/scan_0737_T1.nii.gz,scan_0737_T1.nii.gz,0737,T1,nii.gz,14.315,"(256, 256, 256)",3.0,float32,"(1.0, 1.0, 1.0)",0.0,601.0,54.9371,11322334.0,,
/data/data/DA25S005/miccai_tbi/MultiTalentV2_finetuning/MICCAI_AIMS_TBI/scan_0738_Lesion.nii.gz,scan_0738_Lesion.nii.gz,0738,Lesion,nii.gz,0.048,"(256, 256, 256)",3.0,float32,"(1.0, 1.0, 1.0)",0.0,5.0,0.0033,39658.0,,
/data/data/DA25S005/miccai_tbi/MultiTalentV2_finetuning/MICCAI_AIMS_TBI/scan_0738_T1.nii.gz,scan_0738_T1.nii.gz,0738,T1,nii.gz,27.86,"(256, 256, 256)",3.0,float32,"(1.0, 1.0, 1.0)",0.0,654.9713,45.8951,11372094.0,,
/data/data/DA25S005/miccai_tbi/MultiTalentV2_finetuning/MICCAI_AIMS_TBI/scan_0739_Lesion.nii.gz,scan_0739_Lesion.nii.gz,0739,Lesion,nii.gz,0.033,"(256, 256, 256)",3.0,float32,"(1.0, 1.0, 1.0)",0.0,0.0,0.0,0.0,,
/data/data/DA25S005/miccai_tbi/MultiTalentV2_finetuning/MICCAI_AIMS_TBI/scan_0739_T1.nii.gz,scan_0739_T1.nii.gz,0739,T1,nii.gz,32.696,"(256, 256, 256)",3.0,float32,"(1.0, 1.0, 1.0)",0.0,7466.0146,496.2033,9213543.0,,
/data/data/DA25S005/miccai_tbi/MultiTalentV2_finetuning/MICCAI_AIMS_TBI/scan_0740_Lesion.nii.gz,scan_0740_Lesion.nii.gz,0740,Lesion,nii.gz,0.033,"(256, 256, 256)",3.0,float32,"(1.0, 1.0, 1.0)",0.0,1.0,0.0,117.0,,
/data/data/DA25S005/miccai_tbi/MultiTalentV2_finetuning/MICCAI_AIMS_TBI/scan_0740_T1.nii.gz,scan_0740_T1.nii.gz,0740,T1,nii.gz,8.398,"(256, 256, 256)",3.0,float32,"(1.0, 1.0, 1.0)",0.0,2742810.5,105888.4531,5279054.0,,
/data/data/DA25S005/miccai_tbi/MultiTalentV2_finetuning/MICCAI_AIMS_TBI/scan_0740_bval.txt,scan_0740_bval.txt,0740,bval,txt,0.0,"(1, 33)",1.0,float64,,0.0,700.0,,,,
/data/data/DA25S005/miccai_tbi/MultiTalentV2_finetuning/MICCAI_AIMS_TBI/scan_0740_bvec.txt,scan_0740_bvec.txt,0740,bvec,txt,0.001,"(3, 33)",2.0,float64,,-1.0,1.0,,,,
/data/data/DA25S005/miccai_tbi/MultiTalentV2_finetuning/MICCAI_AIMS_TBI/scan_0740_dMRI.nii.gz,scan_0740_dMRI.nii.gz,0740,dMRI,nii.gz,79.638,"(256, 256, 60, 33)",4.0,float32,"(0.828, 0.828, 2.2)",0.0,374625.6875,5288.8774,76083684.0,33.0,
/data/data/DA25S005/miccai_tbi/MultiTalentV2_finetuning/MICCAI_AIMS_TBI/scan_0742_Lesion.nii.gz,scan_0742_Lesion.nii.gz,0742,Lesion,nii.gz,0.034,"(256, 256, 256)",3.0,float32,"(1.0, 1.0, 1.0)",0.0,1.0,0.0001,2372.0,,
/data/data/DA25S005/miccai_tbi/MultiTalentV2_finetuning/MICCAI_AIMS_TBI/scan_0742_T1.nii.gz,scan_0742_T1.nii.gz,0742,T1,nii.gz,11.007,"(256, 256, 256)",3.0,float32,"(1.0, 1.0, 1.0)",0.0,657.0,32.2127,11010125.0,,
/data/data/DA25S005/miccai_tbi/MultiTalentV2_finetuning/MICCAI_AIMS_TBI/scan_0743_Lesion.nii.gz,scan_0743_Lesion.nii.gz,0743,Lesion,nii.gz,0.033,"(256, 256, 256)",3.0,float32,"(1.0, 1.0, 1.0)",0.0,0.0,0.0,0.0,,
/data/data/DA25S005/miccai_tbi/MultiTalentV2_finetuning/MICCAI_AIMS_TBI/scan_0743_T1.nii.gz,scan_0743_T1.nii.gz,0743,T1,nii.gz,28.164,"(256, 256, 256)",3.0,float32,"(1.0, 1.0, 1.0)",0.0,8575.7529,327.9258,7928517.0,,
/data/data/DA25S005/miccai_tbi/MultiTalentV2_finetuning/MICCAI_AIMS_TBI/scan_0744_Lesion.nii.gz,scan_0744_Lesion.nii.gz,0744,Lesion,nii.gz,0.077,"(256, 256, 256)",3.0,float32,"(1.0, 1.0, 1.0)",0.0,5.0,0.003,26075.0,,
/data/data/DA25S005/miccai_tbi/MultiTalentV2_finetuning/MICCAI_AIMS_TBI/scan_0744_T1.nii.gz,scan_0744_T1.nii.gz,0744,T1,nii.gz,25.415,"(256, 256, 256)",3.0,float32,"(1.0, 1.0, 1.0)",0.0,1444.5454,66.6333,8198429.0,,
/data/data/DA25S005/miccai_tbi/MultiTalentV2_finetuning/MICCAI_AIMS_TBI/scan_0744_bval.txt,scan_0744_bval.txt,0744,bval,txt,0.0,"(1, 65)",1.0,float64,,0.0,1000.0,,,,
/data/data/DA25S005/miccai_tbi/MultiTalentV2_finetuning/MICCAI_AIMS_TBI/scan_0744_bvec.txt,scan_0744_bvec.txt,0744,bvec,txt,0.004,"(3, 65)",2.0,float64,,-0.9781,1.0,,,,
/data/data/DA25S005/miccai_tbi/MultiTalentV2_finetuning/MICCAI_AIMS_TBI/scan_0744_dMRI.nii.gz,scan_0744_dMRI.nii.gz,0744,dMRI,nii.gz,38.412,"(96, 96, 60, 65)",4.0,float32,"(2.208, 2.208, 2.42)",0.0,4095.0,47.6165,35450891.0,65.0,
/data/data/DA25S005/miccai_tbi/MultiTalentV2_finetuning/MICCAI_AIMS_TBI/scan_0746_Lesion.nii.gz,scan_0746_Lesion.nii.gz,0746,Lesion,nii.gz,0.033,"(256, 256, 256)",3.0,float32,"(1.0, 1.0, 1.0)",0.0,1.0,0.0001,872.0,,
/data/data/DA25S005/miccai_tbi/MultiTalentV2_finetuning/MICCAI_AIMS_TBI/scan_0746_T1.nii.gz,scan_0746_T1.nii.gz,0746,T1,nii.gz,15.402,"(256, 256, 256)",3.0,float32,"(1.0, 1.0, 1.0)",0.0,2474.2361,110.7068,6020668.0,,
/data/data/DA25S005/miccai_tbi/MultiTalentV2_finetuning/MICCAI_AIMS_TBI/scan_0749_Lesion.nii.gz,scan_0749_Lesion.nii.gz,0749,Lesion,nii.gz,0.033,"(256, 256, 256)",3.0,float32,"(1.0, 1.0, 1.0)",0.0,1.0,0.0,380.0,,
/data/data/DA25S005/miccai_tbi/MultiTalentV2_finetuning/MICCAI_AIMS_TBI/scan_0749_T1.nii.gz,scan_0749_T1.nii.gz,0749,T1,nii.gz,10.894,"(256, 256, 256)",3.0,float32,"(1.0, 1.0, 1.0)",0.0,4282.4136,108.5801,3237536.0,,
/data/data/DA25S005/miccai_tbi/MultiTalentV2_finetuning/MICCAI_AIMS_TBI/scan_0749_bval.txt,scan_0749_bval.txt,0749,bval,txt,0.0,"(1, 33)",1.0,float64,,0.0,1000.0,,,,
/data/data/DA25S005/miccai_tbi/MultiTalentV2_finetuning/MICCAI_AIMS_TBI/scan_0749_bvec.txt,scan_0749_bvec.txt,0749,bvec,txt,0.002,"(3, 33)",2.0,float64,,-1.0,1.0,,,,
/data/data/DA25S005/miccai_tbi/MultiTalentV2_finetuning/MICCAI_AIMS_TBI/scan_0749_dMRI.nii.gz,scan_0749_dMRI.nii.gz,0749,dMRI,nii.gz,18.498,"(128, 128, 70, 33)",4.0,float32,"(1.75, 1.75, 2.0)",0.0,12304.7861,72.9409,17202974.0,33.0,
/data/data/DA25S005/miccai_tbi/MultiTalentV2_finetuning/MICCAI_AIMS_TBI/scan_0750_Lesion.nii.gz,scan_0750_Lesion.nii.gz,0750,Lesion,nii.gz,0.033,"(256, 256, 256)",3.0,float32,"(1.0, 1.0, 1.0)",0.0,0.0,0.0,0.0,,
/data/data/DA25S005/miccai_tbi/MultiTalentV2_finetuning/MICCAI_AIMS_TBI/scan_0750_T1.nii.gz,scan_0750_T1.nii.gz,0750,T1,nii.gz,30.148,"(256, 256, 256)",3.0,float32,"(1.0, 1.0, 1.0)",0.0,873.6363,42.2961,10713936.0,,
/data/data/DA25S005/miccai_tbi/MultiTalentV2_finetuning/MICCAI_AIMS_TBI/scan_0750_bval.txt,scan_0750_bval.txt,0750,bval,txt,0.0,"(1, 65)",1.0,float64,,0.0,1000.0,,,,
/data/data/DA25S005/miccai_tbi/MultiTalentV2_finetuning/MICCAI_AIMS_TBI/scan_0750_bvec.txt,scan_0750_bvec.txt,0750,bvec,txt,0.003,"(3, 65)",2.0,float64,,-0.9933,1.0,,,,
/data/data/DA25S005/miccai_tbi/MultiTalentV2_finetuning/MICCAI_AIMS_TBI/scan_0750_dMRI.nii.gz,scan_0750_dMRI.nii.gz,0750,dMRI,nii.gz,35.962,"(96, 96, 60, 65)",4.0,float32,"(2.208, 2.208, 2.42)",0.0,3302.0,39.8502,35404287.0,65.0,
/data/data/DA25S005/miccai_tbi/MultiTalentV2_finetuning/MICCAI_AIMS_TBI/scan_0753_Lesion.nii.gz,scan_0753_Lesion.nii.gz,0753,Lesion,nii.gz,0.033,"(256, 256, 256)",3.0,float32,"(1.0, 1.0, 1.0)",0.0,1.0,0.0001,1150.0,,
/data/data/DA25S005/miccai_tbi/MultiTalentV2_finetuning/MICCAI_AIMS_TBI/scan_0753_T1.nii.gz,scan_0753_T1.nii.gz,0753,T1,nii.gz,33.1,"(256, 256, 256)",3.0,float32,"(1.0, 1.0, 1.0)",0.0,9455.4111,533.194,9367514.0,,
/data/data/DA25S005/miccai_tbi/MultiTalentV2_finetuning/MICCAI_AIMS_TBI/scan_0755_Lesion.nii.gz,scan_0755_Lesion.nii.gz,0755,Lesion,nii.gz,0.033,"(256, 256, 256)",3.0,float32,"(1.0, 1.0, 1.0)",0.0,0.0,0.0,0.0,,
/data/data/DA25S005/miccai_tbi/MultiTalentV2_finetuning/MICCAI_AIMS_TBI/scan_0755_T1.nii.gz,scan_0755_T1.nii.gz,0755,T1,nii.gz,6.061,"(256, 256, 256)",3.0,float32,"(1.0, 1.0, 1.0)",0.0,4624.0684,152.2884,4197510.0,,
/data/data/DA25S005/miccai_tbi/MultiTalentV2_finetuning/MICCAI_AIMS_TBI/scan_0755_bval.txt,scan_0755_bval.txt,0755,bval,txt,0.0,"(1, 33)",1.0,float64,,0.0,1000.0,,,,
/data/data/DA25S005/miccai_tbi/MultiTalentV2_finetuning/MICCAI_AIMS_TBI/scan_0755_bvec.txt,scan_0755_bvec.txt,0755,bvec,txt,0.002,"(3, 33)",2.0,float64,,-0.7071,0.7071,,,,
/data/data/DA25S005/miccai_tbi/MultiTalentV2_finetuning/MICCAI_AIMS_TBI/scan_0755_dMRI.nii.gz,scan_0755_dMRI.nii.gz,0755,dMRI,nii.gz,8.206,"(96, 96, 65, 33)",4.0,float32,"(2.5, 2.5, 2.5)",0.0,3308.3018,61.6679,8242780.0,33.0,
/data/data/DA25S005/miccai_tbi/MultiTalentV2_finetuning/MICCAI_AIMS_TBI/scan_0757_Lesion.nii.gz,scan_0757_Lesion.nii.gz,0757,Lesion,nii.gz,0.033,"(256, 256, 256)",3.0,float32,"(1.0, 1.0, 1.0)",0.0,0.0,0.0,0.0,,
/data/data/DA25S005/miccai_tbi/MultiTalentV2_finetuning/MICCAI_AIMS_TBI/scan_0757_T1.nii.gz,scan_0757_T1.nii.gz,0757,T1,nii.gz,33.934,"(256, 256, 256)",3.0,float32,"(1.0, 1.0, 1.0)",0.0,16768.4414,380.0449,9526690.0,,
/data/data/DA25S005/miccai_tbi/MultiTalentV2_finetuning/MICCAI_AIMS_TBI/scan_0759_Lesion.nii.gz,scan_0759_Lesion.nii.gz,0759,Lesion,nii.gz,0.033,"(256, 256, 256)",3.0,float32,"(1.0, 1.0, 1.0)",0.0,5.0,0.0,83.0,,
/data/data/DA25S005/miccai_tbi/MultiTalentV2_finetuning/MICCAI_AIMS_TBI/scan_0759_T1.nii.gz,scan_0759_T1.nii.gz,0759,T1,nii.gz,34.459,"(256, 256, 256)",3.0,float32,"(1.0, 1.0, 1.0)",0.0,12102.0566,509.0764,9723469.0,,
/data/data/DA25S005/miccai_tbi/MultiTalentV2_finetuning/MICCAI_AIMS_TBI/scan_0762_Lesion.nii.gz,scan_0762_Lesion.nii.gz,0762,Lesion,nii.gz,0.033,"(256, 256, 256)",3.0,float32,"(1.0, 1.0, 1.0)",0.0,0.0,0.0,0.0,,
/data/data/DA25S005/miccai_tbi/MultiTalentV2_finetuning/MICCAI_AIMS_TBI/scan_0762_T1.nii.gz,scan_0762_T1.nii.gz,0762,T1,nii.gz,5.072,"(256, 256, 256)",3.0,float32,"(1.0, 1.0, 1.0)",0.0,1428905.625,22084.8828,3743326.0,,
/data/data/DA25S005/miccai_tbi/MultiTalentV2_finetuning/MICCAI_AIMS_TBI/scan_0762_bval.txt,scan_0762_bval.txt,0762,bval,txt,0.0,"(1, 33)",1.0,float64,,0.0,700.0,,,,
/data/data/DA25S005/miccai_tbi/MultiTalentV2_finetuning/MICCAI_AIMS_TBI/scan_0762_bvec.txt,scan_0762_bvec.txt,0762,bvec,txt,0.001,"(3, 33)",2.0,float64,,-1.0,1.0,,,,
/data/data/DA25S005/miccai_tbi/MultiTalentV2_finetuning/MICCAI_AIMS_TBI/scan_0762_dMRI.nii.gz,scan_0762_dMRI.nii.gz,0762,dMRI,nii.gz,74.994,"(256, 256, 65, 33)",4.0,float32,"(0.828, 0.828, 2.2)",0.0,168726.2031,1752.8605,83361720.0,33.0,
/data/data/DA25S005/miccai_tbi/MultiTalentV2_finetuning/MICCAI_AIMS_TBI/scan_0763_Lesion.nii.gz,scan_0763_Lesion.nii.gz,0763,Lesion,nii.gz,0.048,"(256, 256, 256)",3.0,float32,"(1.0, 1.0, 1.0)",0.0,5.0,0.006,100855.0,,
/data/data/DA25S005/miccai_tbi/MultiTalentV2_finetuning/MICCAI_AIMS_TBI/scan_0763_T1.nii.gz,scan_0763_T1.nii.gz,0763,T1,nii.gz,18.553,"(256, 256, 256)",3.0,float32,"(1.0, 1.0, 1.0)",0.0,893.6818,37.0521,6220743.0,,
/data/data/DA25S005/miccai_tbi/MultiTalentV2_finetuning/MICCAI_AIMS_TBI/scan_0764_Lesion.nii.gz,scan_0764_Lesion.nii.gz,0764,Lesion,nii.gz,0.033,"(256, 256, 256)",3.0,float32,"(1.0, 1.0, 1.0)",0.0,5.0,0.0002,600.0,,
/data/data/DA25S005/miccai_tbi/MultiTalentV2_finetuning/MICCAI_AIMS_TBI/scan_0764_T1.nii.gz,scan_0764_T1.nii.gz,0764,T1,nii.gz,10.101,"(256, 256, 256)",3.0,float32,"(1.0, 1.0, 1.0)",0.0,854.0,44.438,6147801.0,,
/data/data/DA25S005/miccai_tbi/MultiTalentV2_finetuning/MICCAI_AIMS_TBI/scan_0767_Lesion.nii.gz,scan_0767_Lesion.nii.gz,0767,Lesion,nii.gz,0.043,"(256, 256, 256)",3.0,float32,"(1.0, 1.0, 1.0)",0.0,5.0,0.003,42664.0,,
/data/data/DA25S005/miccai_tbi/MultiTalentV2_finetuning/MICCAI_AIMS_TBI/scan_0767_T1.nii.gz,scan_0767_T1.nii.gz,0767,T1,nii.gz,11.021,"(256, 256, 256)",3.0,float32,"(1.0, 1.0, 1.0)",0.0,1040.0,32.7832,11263097.0,,
/data/data/DA25S005/miccai_tbi/MultiTalentV2_finetuning/MICCAI_AIMS_TBI/scan_0768_Lesion.nii.gz,scan_0768_Lesion.nii.gz,0768,Lesion,nii.gz,0.033,"(256, 256, 256)",3.0,float32,"(1.0, 1.0, 1.0)",0.0,0.0,0.0,0.0,,
/data/data/DA25S005/miccai_tbi/MultiTalentV2_finetuning/MICCAI_AIMS_TBI/scan_0768_T1.nii.gz,scan_0768_T1.nii.gz,0768,T1,nii.gz,5.493,"(256, 256, 256)",3.0,float32,"(1.0, 1.0, 1.0)",0.0,4928.1274,142.7685,3795554.0,,
/data/data/DA25S005/miccai_tbi/MultiTalentV2_finetuning/MICCAI_AIMS_TBI/scan_0770_Lesion.nii.gz,scan_0770_Lesion.nii.gz,0770,Lesion,nii.gz,0.033,"(256, 256, 256)",3.0,float32,"(1.0, 1.0, 1.0)",0.0,5.0,0.0,153.0,,
/data/data/DA25S005/miccai_tbi/MultiTalentV2_finetuning/MICCAI_AIMS_TBI/scan_0770_T1.nii.gz,scan_0770_T1.nii.gz,0770,T1,nii.gz,8.521,"(256, 256, 256)",3.0,float32,"(1.0, 1.0, 1.0)",0.0,3243625.75,100370.8281,5763470.0,,
/data/data/DA25S005/miccai_tbi/MultiTalentV2_finetuning/MICCAI_AIMS_TBI/scan_0772_Lesion.nii.gz,scan_0772_Lesion.nii.gz,0772,Lesion,nii.gz,0.033,"(256, 256, 256)",3.0,float32,"(1.0, 1.0, 1.0)",0.0,1.0,0.0,319.0,,
/data/data/DA25S005/miccai_tbi/MultiTalentV2_finetuning/MICCAI_AIMS_TBI/scan_0772_T1.nii.gz,scan_0772_T1.nii.gz,0772,T1,nii.gz,22.581,"(256, 256, 256)",3.0,float32,"(1.0, 1.0, 1.0)",0.0,915.4999,43.4157,6815001.0,,
/data/data/DA25S005/miccai_tbi/MultiTalentV2_finetuning/MICCAI_AIMS_TBI/scan_0773_Lesion.nii.gz,scan_0773_Lesion.nii.gz,0773,Lesion,nii.gz,0.033,"(256, 256, 256)",3.0,float32,"(1.0, 1.0, 1.0)",0.0,0.0,0.0,0.0,,
/data/data/DA25S005/miccai_tbi/MultiTalentV2_finetuning/MICCAI_AIMS_TBI/scan_0773_T1.nii.gz,scan_0773_T1.nii.gz,0773,T1,nii.gz,39.649,"(256, 256, 256)",3.0,float32,"(1.0, 1.0, 1.0)",0.0,553.9302,36.0362,10998826.0,,
/data/data/DA25S005/miccai_tbi/MultiTalentV2_finetuning/MICCAI_AIMS_TBI/scan_0773_bval.txt,scan_0773_bval.txt,0773,bval,txt,0.0,"(1, 65)",1.0,float64,,0.0,1000.0,,,,
/data/data/DA25S005/miccai_tbi/MultiTalentV2_finetuning/MICCAI_AIMS_TBI/scan_0773_bvec.txt,scan_0773_bvec.txt,0773,bvec,txt,0.003,"(65, 3)",2.0,float64,,-0.9641,1.0,,,,
/data/data/DA25S005/miccai_tbi/MultiTalentV2_finetuning/MICCAI_AIMS_TBI/scan_0773_dMRI.nii.gz,scan_0773_dMRI.nii.gz,0773,dMRI,nii.gz,82.091,"(128, 128, 75, 65)",4.0,float32,"(2.0, 2.0, 2.0)",0.0,2532.0,56.6689,79208497.0,65.0,
/data/data/DA25S005/miccai_tbi/MultiTalentV2_finetuning/MICCAI_AIMS_TBI/scan_0775_Lesion.nii.gz,scan_0775_Lesion.nii.gz,0775,Lesion,nii.gz,0.033,"(256, 256, 256)",3.0,float32,"(1.0, 1.0, 1.0)",0.0,1.0,0.0,633.0,,
/data/data/DA25S005/miccai_tbi/MultiTalentV2_finetuning/MICCAI_AIMS_TBI/scan_0775_T1.nii.gz,scan_0775_T1.nii.gz,0775,T1,nii.gz,39.728,"(256, 256, 256)",3.0,float32,"(1.0, 1.0, 1.0)",0.0,898.0575,32.7566,10998435.0,,
/data/data/DA25S005/miccai_tbi/MultiTalentV2_finetuning/MICCAI_AIMS_TBI/scan_0775_bval.txt,scan_0775_bval.txt,0775,bval,txt,0.0,"(1, 65)",1.0,float64,,0.0,1000.0,,,,
/data/data/DA25S005/miccai_tbi/MultiTalentV2_finetuning/MICCAI_AIMS_TBI/scan_0775_bvec.txt,scan_0775_bvec.txt,0775,bvec,txt,0.003,"(65, 3)",2.0,float64,,-0.9641,1.0,,,,
/data/data/DA25S005/miccai_tbi/MultiTalentV2_finetuning/MICCAI_AIMS_TBI/scan_0775_dMRI.nii.gz,scan_0775_dMRI.nii.gz,0775,dMRI,nii.gz,80.709,"(128, 128, 75, 65)",4.0,float32,"(2.0, 2.0, 2.0)",0.0,2297.0,50.7489,79257579.0,65.0,
/data/data/DA25S005/miccai_tbi/MultiTalentV2_finetuning/MICCAI_AIMS_TBI/scan_0776_Lesion.nii.gz,scan_0776_Lesion.nii.gz,0776,Lesion,nii.gz,0.033,"(256, 256, 256)",3.0,float32,"(1.0, 1.0, 1.0)",0.0,0.0,0.0,0.0,,
/data/data/DA25S005/miccai_tbi/MultiTalentV2_finetuning/MICCAI_AIMS_TBI/scan_0776_T1.nii.gz,scan_0776_T1.nii.gz,0776,T1,nii.gz,34.515,"(256, 256, 256)",3.0,float32,"(1.0, 1.0, 1.0)",0.0,9533.7158,503.7235,9752386.0,,
/data/data/DA25S005/miccai_tbi/MultiTalentV2_finetuning/MICCAI_AIMS_TBI/scan_0779_Lesion.nii.gz,scan_0779_Lesion.nii.gz,0779,Lesion,nii.gz,0.039,"(256, 256, 256)",3.0,float32,"(1.0, 1.0, 1.0)",0.0,1.0,0.0013,22137.0,,
/data/data/DA25S005/miccai_tbi/MultiTalentV2_finetuning/MICCAI_AIMS_TBI/scan_0779_T1.nii.gz,scan_0779_T1.nii.gz,0779,T1,nii.gz,9.518,"(256, 256, 256)",3.0,float32,"(1.0, 1.0, 1.0)",0.0,2513.553,114.8318,7320353.0,,
/data/data/DA25S005/miccai_tbi/MultiTalentV2_finetuning/MICCAI_AIMS_TBI/scan_0780_Lesion.nii.gz,scan_0780_Lesion.nii.gz,0780,Lesion,nii.gz,0.041,"(256, 256, 256)",3.0,float32,"(1.0, 1.0, 1.0)",0.0,1.0,0.0018,29472.0,,
/data/data/DA25S005/miccai_tbi/MultiTalentV2_finetuning/MICCAI_AIMS_TBI/scan_0780_T1.nii.gz,scan_0780_T1.nii.gz,0780,T1,nii.gz,10.781,"(256, 256, 256)",3.0,float32,"(1.0, 1.0, 1.0)",0.0,1827.0,88.5611,5922527.0,,
/data/data/DA25S005/miccai_tbi/MultiTalentV2_finetuning/MICCAI_AIMS_TBI/scan_0781_Lesion.nii.gz,scan_0781_Lesion.nii.gz,0781,Lesion,nii.gz,0.033,"(256, 256, 256)",3.0,float32,"(1.0, 1.0, 1.0)",0.0,0.0,0.0,0.0,,
/data/data/DA25S005/miccai_tbi/MultiTalentV2_finetuning/MICCAI_AIMS_TBI/scan_0781_T1.nii.gz,scan_0781_T1.nii.gz,0781,T1,nii.gz,29.455,"(256, 256, 256)",3.0,float32,"(1.0, 1.0, 1.0)",0.0,6181.9258,378.091,8286570.0,,
/data/data/DA25S005/miccai_tbi/MultiTalentV2_finetuning/MICCAI_AIMS_TBI/scan_0783_Lesion.nii.gz,scan_0783_Lesion.nii.gz,0783,Lesion,nii.gz,0.039,"(256, 256, 256)",3.0,float32,"(1.0, 1.0, 1.0)",0.0,1.0,0.0013,21883.0,,
/data/data/DA25S005/miccai_tbi/MultiTalentV2_finetuning/MICCAI_AIMS_TBI/scan_0783_T1.nii.gz,scan_0783_T1.nii.gz,0783,T1,nii.gz,12.833,"(256, 256, 256)",3.0,float32,"(1.0, 1.0, 1.0)",0.0,755.0,41.3328,11337381.0,,
/data/data/DA25S005/miccai_tbi/MultiTalentV2_finetuning/MICCAI_AIMS_TBI/scan_0784_Lesion.nii.gz,scan_0784_Lesion.nii.gz,0784,Lesion,nii.gz,0.151,"(256, 256, 256)",3.0,float32,"(1.0, 1.0, 1.0)",0.0,1.0,0.0002,4105.0,,
/data/data/DA25S005/miccai_tbi/MultiTalentV2_finetuning/MICCAI_AIMS_TBI/scan_0784_T1.nii.gz,scan_0784_T1.nii.gz,0784,T1,nii.gz,8.539,"(256, 256, 256)",3.0,float32,"(1.0, 1.0, 1.0)",0.0,1496.0,50.3411,4873103.0,,
/data/data/DA25S005/miccai_tbi/MultiTalentV2_finetuning/MICCAI_AIMS_TBI/scan_0785_Lesion.nii.gz,scan_0785_Lesion.nii.gz,0785,Lesion,nii.gz,0.033,"(256, 256, 256)",3.0,float32,"(1.0, 1.0, 1.0)",0.0,0.0,0.0,0.0,,
/data/data/DA25S005/miccai_tbi/MultiTalentV2_finetuning/MICCAI_AIMS_TBI/scan_0785_T1.nii.gz,scan_0785_T1.nii.gz,0785,T1,nii.gz,5.15,"(256, 256, 256)",3.0,float32,"(1.0, 1.0, 1.0)",0.0,4854.4741,100.2313,3379922.0,,
/data/data/DA25S005/miccai_tbi/MultiTalentV2_finetuning/MICCAI_AIMS_TBI/scan_0785_bval.txt,scan_0785_bval.txt,0785,bval,txt,0.0,"(1, 33)",1.0,float64,,0.0,1000.0,,,,
/data/data/DA25S005/miccai_tbi/MultiTalentV2_finetuning/MICCAI_AIMS_TBI/scan_0785_bvec.txt,scan_0785_bvec.txt,0785,bvec,txt,0.002,"(3, 33)",2.0,float64,,-0.7071,0.7071,,,,
/data/data/DA25S005/miccai_tbi/MultiTalentV2_finetuning/MICCAI_AIMS_TBI/scan_0785_dMRI.nii.gz,scan_0785_dMRI.nii.gz,0785,dMRI,nii.gz,7.455,"(96, 96, 65, 33)",4.0,float32,"(2.5, 2.5, 2.5)",0.0,4853.6787,57.5583,7618562.0,33.0,
/data/data/DA25S005/miccai_tbi/MultiTalentV2_finetuning/MICCAI_AIMS_TBI/scan_0786_Lesion.nii.gz,scan_0786_Lesion.nii.gz,0786,Lesion,nii.gz,0.033,"(256, 256, 256)",3.0,float32,"(1.0, 1.0, 1.0)",0.0,0.0,0.0,0.0,,
/data/data/DA25S005/miccai_tbi/MultiTalentV2_finetuning/MICCAI_AIMS_TBI/scan_0786_T1.nii.gz,scan_0786_T1.nii.gz,0786,T1,nii.gz,5.287,"(256, 256, 256)",3.0,float32,"(1.0, 1.0, 1.0)",0.0,1908286.125,33902.9336,3702332.0,,
/data/data/DA25S005/miccai_tbi/MultiTalentV2_finetuning/MICCAI_AIMS_TBI/scan_0786_bval.txt,scan_0786_bval.txt,0786,bval,txt,0.0,"(1, 33)",1.0,float64,,0.0,700.0,,,,
/data/data/DA25S005/miccai_tbi/MultiTalentV2_finetuning/MICCAI_AIMS_TBI/scan_0786_bvec.txt,scan_0786_bvec.txt,0786,bvec,txt,0.001,"(3, 33)",2.0,float64,,-1.0,1.0,,,,
/data/data/DA25S005/miccai_tbi/MultiTalentV2_finetuning/MICCAI_AIMS_TBI/scan_0786_dMRI.nii.gz,scan_0786_dMRI.nii.gz,0786,dMRI,nii.gz,78.485,"(256, 256, 70, 33)",4.0,float32,"(0.828, 0.828, 2.2)",0.0,218832.5469,2495.0,81304182.0,33.0,
/data/data/DA25S005/miccai_tbi/MultiTalentV2_finetuning/MICCAI_AIMS_TBI/scan_0788_Lesion.nii.gz,scan_0788_Lesion.nii.gz,0788,Lesion,nii.gz,0.044,"(256, 256, 256)",3.0,float32,"(1.0, 1.0, 1.0)",0.0,5.0,0.0027,29069.0,,
/data/data/DA25S005/miccai_tbi/MultiTalentV2_finetuning/MICCAI_AIMS_TBI/scan_0788_T1.nii.gz,scan_0788_T1.nii.gz,0788,T1,nii.gz,13.118,"(256, 256, 256)",3.0,float32,"(1.0, 1.0, 1.0)",0.0,728.0,41.2773,11331004.0,,
/data/data/DA25S005/miccai_tbi/MultiTalentV2_finetuning/MICCAI_AIMS_TBI/scan_0790_Lesion.nii.gz,scan_0790_Lesion.nii.gz,0790,Lesion,nii.gz,0.033,"(256, 256, 256)",3.0,float32,"(1.0, 1.0, 1.0)",0.0,0.0,0.0,0.0,,
/data/data/DA25S005/miccai_tbi/MultiTalentV2_finetuning/MICCAI_AIMS_TBI/scan_0790_T1.nii.gz,scan_0790_T1.nii.gz,0790,T1,nii.gz,23.37,"(256, 256, 256)",3.0,float32,"(1.0, 1.0, 1.0)",0.0,986.8044,53.0028,6505523.0,,
/data/data/DA25S005/miccai_tbi/MultiTalentV2_finetuning/MICCAI_AIMS_TBI/scan_0790_bval.txt,scan_0790_bval.txt,0790,bval,txt,0.0,"(1, 31)",1.0,float64,,0.0,700.0,,,,
/data/data/DA25S005/miccai_tbi/MultiTalentV2_finetuning/MICCAI_AIMS_TBI/scan_0790_bvec.txt,scan_0790_bvec.txt,0790,bvec,txt,0.001,"(3, 31)",2.0,float64,,-0.987,0.9679,,,,
/data/data/DA25S005/miccai_tbi/MultiTalentV2_finetuning/MICCAI_AIMS_TBI/scan_0790_dMRI.nii.gz,scan_0790_dMRI.nii.gz,0790,dMRI,nii.gz,38.374,"(144, 132, 65, 31)",4.0,float32,"(2.0, 2.0, 2.0)",0.0,4095.0,50.8111,37853914.0,31.0,
/data/data/DA25S005/miccai_tbi/MultiTalentV2_finetuning/MICCAI_AIMS_TBI/scan_0791_Lesion.nii.gz,scan_0791_Lesion.nii.gz,0791,Lesion,nii.gz,0.033,"(256, 256, 256)",3.0,float32,"(1.0, 1.0, 1.0)",0.0,0.0,0.0,0.0,,
/data/data/DA25S005/miccai_tbi/MultiTalentV2_finetuning/MICCAI_AIMS_TBI/scan_0791_T1.nii.gz,scan_0791_T1.nii.gz,0791,T1,nii.gz,5.205,"(256, 256, 256)",3.0,float32,"(1.0, 1.0, 1.0)",0.0,1722945.125,32603.2246,3595729.0,,
/data/data/DA25S005/miccai_tbi/MultiTalentV2_finetuning/MICCAI_AIMS_TBI/scan_0791_bval.txt,scan_0791_bval.txt,0791,bval,txt,0.0,"(1, 33)",1.0,float64,,0.0,700.0,,,,
/data/data/DA25S005/miccai_tbi/MultiTalentV2_finetuning/MICCAI_AIMS_TBI/scan_0791_bvec.txt,scan_0791_bvec.txt,0791,bvec,txt,0.001,"(3, 33)",2.0,float64,,-1.0,1.0,,,,
/data/data/DA25S005/miccai_tbi/MultiTalentV2_finetuning/MICCAI_AIMS_TBI/scan_0791_dMRI.nii.gz,scan_0791_dMRI.nii.gz,0791,dMRI,nii.gz,75.079,"(256, 256, 70, 33)",4.0,float32,"(0.828, 0.828, 2.2)",0.0,240214.1562,2327.1907,77091186.0,33.0,
/data/data/DA25S005/miccai_tbi/MultiTalentV2_finetuning/MICCAI_AIMS_TBI/scan_0792_Lesion.nii.gz,scan_0792_Lesion.nii.gz,0792,Lesion,nii.gz,0.04,"(256, 256, 256)",3.0,float32,"(1.0, 1.0, 1.0)",0.0,5.0,0.0022,30919.0,,
/data/data/DA25S005/miccai_tbi/MultiTalentV2_finetuning/MICCAI_AIMS_TBI/scan_0792_T1.nii.gz,scan_0792_T1.nii.gz,0792,T1,nii.gz,10.154,"(256, 256, 256)",3.0,float32,"(1.0, 1.0, 1.0)",0.0,1062.0,56.983,6023421.0,,
/data/data/DA25S005/miccai_tbi/MultiTalentV2_finetuning/MICCAI_AIMS_TBI/scan_0795_Lesion.nii.gz,scan_0795_Lesion.nii.gz,0795,Lesion,nii.gz,0.047,"(256, 256, 256)",3.0,float32,"(1.0, 1.0, 1.0)",0.0,5.0,0.0044,48105.0,,
/data/data/DA25S005/miccai_tbi/MultiTalentV2_finetuning/MICCAI_AIMS_TBI/scan_0795_T1.nii.gz,scan_0795_T1.nii.gz,0795,T1,nii.gz,11.878,"(256, 256, 256)",3.0,float32,"(1.0, 1.0, 1.0)",0.0,891.0,37.3063,11279871.0,,
/data/data/DA25S005/miccai_tbi/MultiTalentV2_finetuning/MICCAI_AIMS_TBI/scan_0797_Lesion.nii.gz,scan_0797_Lesion.nii.gz,0797,Lesion,nii.gz,0.033,"(256, 256, 256)",3.0,float32,"(1.0, 1.0, 1.0)",0.0,0.0,0.0,0.0,,
/data/data/DA25S005/miccai_tbi/MultiTalentV2_finetuning/MICCAI_AIMS_TBI/scan_0797_T1.nii.gz,scan_0797_T1.nii.gz,0797,T1,nii.gz,14.225,"(256, 256, 256)",3.0,float32,"(1.0, 1.0, 1.0)",0.0,952.0,49.8904,11444396.0,,
/data/data/DA25S005/miccai_tbi/MultiTalentV2_finetuning/MICCAI_AIMS_TBI/scan_0799_Lesion.nii.gz,scan_0799_Lesion.nii.gz,0799,Lesion,nii.gz,0.033,"(256, 256, 256)",3.0,float32,"(1.0, 1.0, 1.0)",0.0,0.0,0.0,0.0,,
/data/data/DA25S005/miccai_tbi/MultiTalentV2_finetuning/MICCAI_AIMS_TBI/scan_0799_T1.nii.gz,scan_0799_T1.nii.gz,0799,T1,nii.gz,39.743,"(256, 256, 256)",3.0,float32,"(1.0, 1.0, 1.0)",0.0,563.227,35.6642,10998844.0,,
/data/data/DA25S005/miccai_tbi/MultiTalentV2_finetuning/MICCAI_AIMS_TBI/scan_0799_bval.txt,scan_0799_bval.txt,0799,bval,txt,0.0,"(1, 65)",1.0,float64,,0.0,1000.0,,,,
/data/data/DA25S005/miccai_tbi/MultiTalentV2_finetuning/MICCAI_AIMS_TBI/scan_0799_bvec.txt,scan_0799_bvec.txt,0799,bvec,txt,0.003,"(65, 3)",2.0,float64,,-0.9641,1.0,,,,
/data/data/DA25S005/miccai_tbi/MultiTalentV2_finetuning/MICCAI_AIMS_TBI/scan_0799_dMRI.nii.gz,scan_0799_dMRI.nii.gz,0799,dMRI,nii.gz,81.341,"(128, 128, 75, 65)",4.0,float32,"(2.0, 2.0, 2.0)",0.0,2586.0,54.5319,79175573.0,65.0,
/data/data/DA25S005/miccai_tbi/MultiTalentV2_finetuning/MICCAI_AIMS_TBI/scan_0801_Lesion.nii.gz,scan_0801_Lesion.nii.gz,0801,Lesion,nii.gz,0.033,"(256, 256, 256)",3.0,float32,"(1.0, 1.0, 1.0)",0.0,5.0,0.0001,1023.0,,
/data/data/DA25S005/miccai_tbi/MultiTalentV2_finetuning/MICCAI_AIMS_TBI/scan_0801_T1.nii.gz,scan_0801_T1.nii.gz,0801,T1,nii.gz,6.072,"(256, 256, 256)",3.0,float32,"(1.0, 1.0, 1.0)",0.0,5548.8794,159.0945,4310823.0,,
/data/data/DA25S005/miccai_tbi/MultiTalentV2_finetuning/MICCAI_AIMS_TBI/scan_0801_bval.txt,scan_0801_bval.txt,0801,bval,txt,0.0,"(1, 33)",1.0,float64,,0.0,1000.0,,,,
/data/data/DA25S005/miccai_tbi/MultiTalentV2_finetuning/MICCAI_AIMS_TBI/scan_0801_bvec.txt,scan_0801_bvec.txt,0801,bvec,txt,0.002,"(3, 33)",2.0,float64,,-0.7071,0.7071,,,,
/data/data/DA25S005/miccai_tbi/MultiTalentV2_finetuning/MICCAI_AIMS_TBI/scan_0801_dMRI.nii.gz,scan_0801_dMRI.nii.gz,0801,dMRI,nii.gz,8.346,"(96, 96, 65, 33)",4.0,float32,"(2.5, 2.5, 2.5)",0.0,4201.6436,46.6735,8796010.0,33.0,
/data/data/DA25S005/miccai_tbi/MultiTalentV2_finetuning/MICCAI_AIMS_TBI/scan_0805_Lesion.nii.gz,scan_0805_Lesion.nii.gz,0805,Lesion,nii.gz,0.153,"(256, 256, 256)",3.0,float32,"(1.0, 1.0, 1.0)",0.0,1.0,0.0004,7235.0,,
/data/data/DA25S005/miccai_tbi/MultiTalentV2_finetuning/MICCAI_AIMS_TBI/scan_0805_T1.nii.gz,scan_0805_T1.nii.gz,0805,T1,nii.gz,39.591,"(256, 256, 256)",3.0,float32,"(1.0, 1.0, 1.0)",0.0,691.9827,34.7395,10998535.0,,
/data/data/DA25S005/miccai_tbi/MultiTalentV2_finetuning/MICCAI_AIMS_TBI/scan_0805_bval.txt,scan_0805_bval.txt,0805,bval,txt,0.0,"(1, 65)",1.0,float64,,0.0,1000.0,,,,
/data/data/DA25S005/miccai_tbi/MultiTalentV2_finetuning/MICCAI_AIMS_TBI/scan_0805_bvec.txt,scan_0805_bvec.txt,0805,bvec,txt,0.003,"(65, 3)",2.0,float64,,-0.9641,1.0,,,,
/data/data/DA25S005/miccai_tbi/MultiTalentV2_finetuning/MICCAI_AIMS_TBI/scan_0805_dMRI.nii.gz,scan_0805_dMRI.nii.gz,0805,dMRI,nii.gz,77.895,"(128, 128, 75, 65)",4.0,float32,"(2.0, 2.0, 2.0)",-32768.0,32752.0,50.9333,76684577.0,65.0,
/data/data/DA25S005/miccai_tbi/MultiTalentV2_finetuning/MICCAI_AIMS_TBI/scan_0808_Lesion.nii.gz,scan_0808_Lesion.nii.gz,0808,Lesion,nii.gz,0.033,"(256, 256, 256)",3.0,float32,"(1.0, 1.0, 1.0)",0.0,1.0,0.0,208.0,,
/data/data/DA25S005/miccai_tbi/MultiTalentV2_finetuning/MICCAI_AIMS_TBI/scan_0808_T1.nii.gz,scan_0808_T1.nii.gz,0808,T1,nii.gz,21.319,"(256, 256, 256)",3.0,float32,"(1.0, 1.0, 1.0)",0.0,896.2269,37.9435,7306801.0,,
/data/data/DA25S005/miccai_tbi/MultiTalentV2_finetuning/MICCAI_AIMS_TBI/scan_0812_Lesion.nii.gz,scan_0812_Lesion.nii.gz,0812,Lesion,nii.gz,0.033,"(256, 256, 256)",3.0,float32,"(1.0, 1.0, 1.0)",0.0,1.0,0.0001,1154.0,,
/data/data/DA25S005/miccai_tbi/MultiTalentV2_finetuning/MICCAI_AIMS_TBI/scan_0812_T1.nii.gz,scan_0812_T1.nii.gz,0812,T1,nii.gz,39.763,"(256, 256, 256)",3.0,float32,"(1.0, 1.0, 1.0)",0.0,730.1434,42.774,10999476.0,,
/data/data/DA25S005/miccai_tbi/MultiTalentV2_finetuning/MICCAI_AIMS_TBI/scan_0812_bval.txt,scan_0812_bval.txt,0812,bval,txt,0.0,"(1, 65)",1.0,float64,,0.0,1000.0,,,,
/data/data/DA25S005/miccai_tbi/MultiTalentV2_finetuning/MICCAI_AIMS_TBI/scan_0812_bvec.txt,scan_0812_bvec.txt,0812,bvec,txt,0.003,"(65, 3)",2.0,float64,,-0.9993,1.0,,,,
/data/data/DA25S005/miccai_tbi/MultiTalentV2_finetuning/MICCAI_AIMS_TBI/scan_0812_dMRI.nii.gz,scan_0812_dMRI.nii.gz,0812,dMRI,nii.gz,86.201,"(128, 128, 75, 65)",4.0,float32,"(2.0, 2.0, 2.0)",0.0,2370.0,65.8286,79151337.0,65.0,
/data/data/DA25S005/miccai_tbi/MultiTalentV2_finetuning/MICCAI_AIMS_TBI/scan_0813_Lesion.nii.gz,scan_0813_Lesion.nii.gz,0813,Lesion,nii.gz,0.033,"(256, 256, 256)",3.0,float32,"(1.0, 1.0, 1.0)",0.0,0.0,0.0,0.0,,
/data/data/DA25S005/miccai_tbi/MultiTalentV2_finetuning/MICCAI_AIMS_TBI/scan_0813_T1.nii.gz,scan_0813_T1.nii.gz,0813,T1,nii.gz,37.082,"(256, 256, 256)",3.0,float32,"(1.0, 1.0, 1.0)",0.0,12466.0264,376.1929,10566111.0,,
/data/data/DA25S005/miccai_tbi/MultiTalentV2_finetuning/MICCAI_AIMS_TBI/scan_0817_Lesion.nii.gz,scan_0817_Lesion.nii.gz,0817,Lesion,nii.gz,0.033,"(256, 256, 256)",3.0,float32,"(1.0, 1.0, 1.0)",0.0,0.0,0.0,0.0,,
/data/data/DA25S005/miccai_tbi/MultiTalentV2_finetuning/MICCAI_AIMS_TBI/scan_0817_T1.nii.gz,scan_0817_T1.nii.gz,0817,T1,nii.gz,13.666,"(256, 256, 256)",3.0,float32,"(1.0, 1.0, 1.0)",0.0,973.0,47.2552,11444397.0,,
/data/data/DA25S005/miccai_tbi/MultiTalentV2_finetuning/MICCAI_AIMS_TBI/scan_0820_Lesion.nii.gz,scan_0820_Lesion.nii.gz,0820,Lesion,nii.gz,0.033,"(256, 256, 256)",3.0,float32,"(1.0, 1.0, 1.0)",0.0,1.0,0.0,29.0,,
/data/data/DA25S005/miccai_tbi/MultiTalentV2_finetuning/MICCAI_AIMS_TBI/scan_0820_T1.nii.gz,scan_0820_T1.nii.gz,0820,T1,nii.gz,32.284,"(256, 256, 256)",3.0,float32,"(1.0, 1.0, 1.0)",0.0,18446.8105,382.8771,9117442.0,,
/data/data/DA25S005/miccai_tbi/MultiTalentV2_finetuning/MICCAI_AIMS_TBI/scan_0821_Lesion.nii.gz,scan_0821_Lesion.nii.gz,0821,Lesion,nii.gz,0.033,"(256, 256, 256)",3.0,float32,"(1.0, 1.0, 1.0)",0.0,5.0,0.0002,624.0,,
/data/data/DA25S005/miccai_tbi/MultiTalentV2_finetuning/MICCAI_AIMS_TBI/scan_0821_T1.nii.gz,scan_0821_T1.nii.gz,0821,T1,nii.gz,31.792,"(256, 256, 256)",3.0,float32,"(1.0, 1.0, 1.0)",0.0,2660.7542,151.36,9179923.0,,
/data/data/DA25S005/miccai_tbi/MultiTalentV2_finetuning/MICCAI_AIMS_TBI/scan_0821_bval.txt,scan_0821_bval.txt,0821,bval,txt,0.0,"(1, 16)",1.0,float64,,0.0,860.0,,,,
/data/data/DA25S005/miccai_tbi/MultiTalentV2_finetuning/MICCAI_AIMS_TBI/scan_0821_bvec.txt,scan_0821_bvec.txt,0821,bvec,txt,0.001,"(3, 16)",2.0,float64,,-1.0,1.0,,,,
/data/data/DA25S005/miccai_tbi/MultiTalentV2_finetuning/MICCAI_AIMS_TBI/scan_0821_dMRI.nii.gz,scan_0821_dMRI.nii.gz,0821,dMRI,nii.gz,12.652,"(128, 128, 55, 17)",4.0,float32,"(2.0, 2.0, 2.7)",0.0,12911.0,106.1075,13931996.0,17.0,
/data/data/DA25S005/miccai_tbi/MultiTalentV2_finetuning/MICCAI_AIMS_TBI/scan_0824_Lesion.nii.gz,scan_0824_Lesion.nii.gz,0824,Lesion,nii.gz,0.034,"(256, 256, 256)",3.0,float32,"(1.0, 1.0, 1.0)",0.0,5.0,0.0001,1030.0,,
/data/data/DA25S005/miccai_tbi/MultiTalentV2_finetuning/MICCAI_AIMS_TBI/scan_0824_T1.nii.gz,scan_0824_T1.nii.gz,0824,T1,nii.gz,11.68,"(256, 256, 256)",3.0,float32,"(1.0, 1.0, 1.0)",0.0,788.0,37.5029,11221606.0,,
/data/data/DA25S005/miccai_tbi/MultiTalentV2_finetuning/MICCAI_AIMS_TBI/scan_0825_Lesion.nii.gz,scan_0825_Lesion.nii.gz,0825,Lesion,nii.gz,0.036,"(256, 256, 256)",3.0,float32,"(1.0, 1.0, 1.0)",0.0,5.0,0.0009,9392.0,,
/data/data/DA25S005/miccai_tbi/MultiTalentV2_finetuning/MICCAI_AIMS_TBI/scan_0825_T1.nii.gz,scan_0825_T1.nii.gz,0825,T1,nii.gz,11.733,"(256, 256, 256)",3.0,float32,"(1.0, 1.0, 1.0)",0.0,835.0,37.206,11288793.0,,
/data/data/DA25S005/miccai_tbi/MultiTalentV2_finetuning/MICCAI_AIMS_TBI/scan_0826_Lesion.nii.gz,scan_0826_Lesion.nii.gz,0826,Lesion,nii.gz,0.034,"(256, 256, 256)",3.0,float32,"(1.0, 1.0, 1.0)",0.0,1.0,0.0003,4283.0,,
/data/data/DA25S005/miccai_tbi/MultiTalentV2_finetuning/MICCAI_AIMS_TBI/scan_0826_T1.nii.gz,scan_0826_T1.nii.gz,0826,T1,nii.gz,5.889,"(256, 256, 256)",3.0,float32,"(1.0, 1.0, 1.0)",0.0,4575.1299,155.3855,4267941.0,,
/data/data/DA25S005/miccai_tbi/MultiTalentV2_finetuning/MICCAI_AIMS_TBI/scan_0826_bval.txt,scan_0826_bval.txt,0826,bval,txt,0.0,"(1, 33)",1.0,float64,,0.0,1000.0,,,,
/data/data/DA25S005/miccai_tbi/MultiTalentV2_finetuning/MICCAI_AIMS_TBI/scan_0826_bvec.txt,scan_0826_bvec.txt,0826,bvec,txt,0.002,"(3, 33)",2.0,float64,,-0.7071,0.7071,,,,
/data/data/DA25S005/miccai_tbi/MultiTalentV2_finetuning/MICCAI_AIMS_TBI/scan_0826_dMRI.nii.gz,scan_0826_dMRI.nii.gz,0826,dMRI,nii.gz,7.995,"(96, 96, 65, 33)",4.0,float32,"(2.5, 2.5, 2.5)",0.0,5362.8999,46.5708,8240602.0,33.0,
/data/data/DA25S005/miccai_tbi/MultiTalentV2_finetuning/MICCAI_AIMS_TBI/scan_0827_Lesion.nii.gz,scan_0827_Lesion.nii.gz,0827,Lesion,nii.gz,0.033,"(256, 256, 256)",3.0,float32,"(1.0, 1.0, 1.0)",0.0,0.0,0.0,0.0,,
/data/data/DA25S005/miccai_tbi/MultiTalentV2_finetuning/MICCAI_AIMS_TBI/scan_0827_T1.nii.gz,scan_0827_T1.nii.gz,0827,T1,nii.gz,35.222,"(256, 256, 256)",3.0,float32,"(1.0, 1.0, 1.0)",0.0,8549.6055,412.8218,9901853.0,,
/data/data/DA25S005/miccai_tbi/MultiTalentV2_finetuning/MICCAI_AIMS_TBI/scan_0830_bval.txt,scan_0830_bval.txt,0830,bval,txt,0.0,"(1, 65)",1.0,float64,,0.0,1000.0,,,,
/data/data/DA25S005/miccai_tbi/MultiTalentV2_finetuning/MICCAI_AIMS_TBI/scan_0830_bvec.txt,scan_0830_bvec.txt,0830,bvec,txt,0.003,"(65, 3)",2.0,float64,,-0.9641,1.0,,,,
/data/data/DA25S005/miccai_tbi/MultiTalentV2_finetuning/MICCAI_AIMS_TBI/scan_0830_dMRI.nii.gz,scan_0830_dMRI.nii.gz,0830,dMRI,nii.gz,87.069,"(128, 128, 75, 65)",4.0,float32,"(2.0, 2.0, 2.0)",0.0,3060.0,63.7089,79257261.0,65.0,
/data/data/DA25S005/miccai_tbi/MultiTalentV2_finetuning/MICCAI_AIMS_TBI/scan_0831_Lesion.nii.gz,scan_0831_Lesion.nii.gz,0831,Lesion,nii.gz,0.026,"(256, 200, 256)",3.0,float32,"(1.0, 1.0, 1.0)",0.0,0.0,0.0,0.0,,
/data/data/DA25S005/miccai_tbi/MultiTalentV2_finetuning/MICCAI_AIMS_TBI/scan_0831_T1.nii.gz,scan_0831_T1.nii.gz,0831,T1,nii.gz,7.383,"(256, 200, 256)",3.0,float32,"(1.0, 1.0, 1.0)",0.0,2748917.75,104387.5625,4590377.0,,
/data/data/DA25S005/miccai_tbi/MultiTalentV2_finetuning/MICCAI_AIMS_TBI/scan_0831_bval.txt,scan_0831_bval.txt,0831,bval,txt,0.0,"(1, 33)",1.0,float64,,0.0,700.0,,,,
/data/data/DA25S005/miccai_tbi/MultiTalentV2_finetuning/MICCAI_AIMS_TBI/scan_0831_bvec.txt,scan_0831_bvec.txt,0831,bvec,txt,0.001,"(3, 33)",2.0,float64,,-1.0,1.0,,,,
/data/data/DA25S005/miccai_tbi/MultiTalentV2_finetuning/MICCAI_AIMS_TBI/scan_0831_dMRI.nii.gz,scan_0831_dMRI.nii.gz,0831,dMRI,nii.gz,77.796,"(256, 256, 60, 33)",4.0,float32,"(0.828, 0.828, 2.2)",0.0,554271.8125,4877.8008,70796013.0,33.0,
/data/data/DA25S005/miccai_tbi/MultiTalentV2_finetuning/MICCAI_AIMS_TBI/scan_0832_Lesion.nii.gz,scan_0832_Lesion.nii.gz,0832,Lesion,nii.gz,0.033,"(256, 256, 256)",3.0,float32,"(1.0, 1.0, 1.0)",0.0,0.0,0.0,0.0,,
/data/data/DA25S005/miccai_tbi/MultiTalentV2_finetuning/MICCAI_AIMS_TBI/scan_0832_T1.nii.gz,scan_0832_T1.nii.gz,0832,T1,nii.gz,22.959,"(256, 256, 256)",3.0,float32,"(1.0, 1.0, 1.0)",0.0,1253.0471,69.5394,6443382.0,,
/data/data/DA25S005/miccai_tbi/MultiTalentV2_finetuning/MICCAI_AIMS_TBI/scan_0832_bval.txt,scan_0832_bval.txt,0832,bval,txt,0.0,"(1, 31)",1.0,float64,,0.0,700.0,,,,
/data/data/DA25S005/miccai_tbi/MultiTalentV2_finetuning/MICCAI_AIMS_TBI/scan_0832_bvec.txt,scan_0832_bvec.txt,0832,bvec,txt,0.001,"(3, 31)",2.0,float64,,-0.9824,0.9735,,,,
/data/data/DA25S005/miccai_tbi/MultiTalentV2_finetuning/MICCAI_AIMS_TBI/scan_0832_dMRI.nii.gz,scan_0832_dMRI.nii.gz,0832,dMRI,nii.gz,32.653,"(144, 132, 65, 31)",4.0,float32,"(2.0, 2.0, 2.0)",0.0,2978.0,46.8235,36405770.0,31.0,
/data/data/DA25S005/miccai_tbi/MultiTalentV2_finetuning/MICCAI_AIMS_TBI/scan_0833_Lesion.nii.gz,scan_0833_Lesion.nii.gz,0833,Lesion,nii.gz,0.066,"(256, 256, 256)",3.0,float32,"(1.0, 1.0, 1.0)",0.0,1.0,0.0,246.0,,
/data/data/DA25S005/miccai_tbi/MultiTalentV2_finetuning/MICCAI_AIMS_TBI/scan_0833_T1.nii.gz,scan_0833_T1.nii.gz,0833,T1,nii.gz,21.73,"(256, 256, 256)",3.0,float32,"(1.0, 1.0, 1.0)",0.0,620.5402,33.3027,6098186.0,,
/data/data/DA25S005/miccai_tbi/MultiTalentV2_finetuning/MICCAI_AIMS_TBI/scan_0833_bval.txt,scan_0833_bval.txt,0833,bval,txt,0.0,"(1, 31)",1.0,float64,,0.0,700.0,,,,
/data/data/DA25S005/miccai_tbi/MultiTalentV2_finetuning/MICCAI_AIMS_TBI/scan_0833_bvec.txt,scan_0833_bvec.txt,0833,bvec,txt,0.001,"(3, 31)",2.0,float64,,-0.9913,0.986,,,,
/data/data/DA25S005/miccai_tbi/MultiTalentV2_finetuning/MICCAI_AIMS_TBI/scan_0833_dMRI.nii.gz,scan_0833_dMRI.nii.gz,0833,dMRI,nii.gz,24.864,"(144, 132, 65, 31)",4.0,float32,"(2.0, 2.0, 2.0)",0.0,4095.0,25.4591,27249197.0,31.0,
/data/data/DA25S005/miccai_tbi/MultiTalentV2_finetuning/MICCAI_AIMS_TBI/scan_0835_Lesion.nii.gz,scan_0835_Lesion.nii.gz,0835,Lesion,nii.gz,0.066,"(256, 256, 256)",3.0,float32,"(1.0, 1.0, 1.0)",0.0,5.0,0.0,696.0,,
/data/data/DA25S005/miccai_tbi/MultiTalentV2_finetuning/MICCAI_AIMS_TBI/scan_0835_T1.nii.gz,scan_0835_T1.nii.gz,0835,T1,nii.gz,24.059,"(256, 256, 256)",3.0,float32,"(1.0, 1.0, 1.0)",0.0,786.8923,44.4742,7177096.0,,
/data/data/DA25S005/miccai_tbi/MultiTalentV2_finetuning/MICCAI_AIMS_TBI/scan_0835_bval.txt,scan_0835_bval.txt,0835,bval,txt,0.0,"(1, 65)",1.0,float64,,0.0,1000.0,,,,
/data/data/DA25S005/miccai_tbi/MultiTalentV2_finetuning/MICCAI_AIMS_TBI/scan_0835_bvec.txt,scan_0835_bvec.txt,0835,bvec,txt,0.004,"(3, 65)",2.0,float64,,-0.9906,1.0,,,,
/data/data/DA25S005/miccai_tbi/MultiTalentV2_finetuning/MICCAI_AIMS_TBI/scan_0835_dMRI.nii.gz,scan_0835_dMRI.nii.gz,0835,dMRI,nii.gz,37.78,"(96, 96, 60, 65)",4.0,float32,"(2.208, 2.208, 2.42)",0.0,4095.0,47.9212,35433178.0,65.0,
/data/data/DA25S005/miccai_tbi/MultiTalentV2_finetuning/MICCAI_AIMS_TBI/scan_0837_Lesion.nii.gz,scan_0837_Lesion.nii.gz,0837,Lesion,nii.gz,0.147,"(256, 256, 256)",3.0,float32,"(1.0, 1.0, 1.0)",0.0,1.0,0.0,83.0,,
/data/data/DA25S005/miccai_tbi/MultiTalentV2_finetuning/MICCAI_AIMS_TBI/scan_0837_T1.nii.gz,scan_0837_T1.nii.gz,0837,T1,nii.gz,11.117,"(256, 256, 256)",3.0,float32,"(1.0, 1.0, 1.0)",0.0,1215.0,76.8964,6387297.0,,
/data/data/DA25S005/miccai_tbi/MultiTalentV2_finetuning/MICCAI_AIMS_TBI/scan_0838_Lesion.nii.gz,scan_0838_Lesion.nii.gz,0838,Lesion,nii.gz,0.033,"(256, 256, 256)",3.0,float32,"(1.0, 1.0, 1.0)",0.0,1.0,0.0,361.0,,
/data/data/DA25S005/miccai_tbi/MultiTalentV2_finetuning/MICCAI_AIMS_TBI/scan_0838_T1.nii.gz,scan_0838_T1.nii.gz,0838,T1,nii.gz,39.762,"(256, 256, 256)",3.0,float32,"(1.0, 1.0, 1.0)",0.0,999.7778,31.1642,10994365.0,,
/data/data/DA25S005/miccai_tbi/MultiTalentV2_finetuning/MICCAI_AIMS_TBI/scan_0838_bval.txt,scan_0838_bval.txt,0838,bval,txt,0.0,"(1, 65)",1.0,float64,,0.0,1000.0,,,,
/data/data/DA25S005/miccai_tbi/MultiTalentV2_finetuning/MICCAI_AIMS_TBI/scan_0838_bvec.txt,scan_0838_bvec.txt,0838,bvec,txt,0.003,"(65, 3)",2.0,float64,,-1.0,1.0,,,,
/data/data/DA25S005/miccai_tbi/MultiTalentV2_finetuning/MICCAI_AIMS_TBI/scan_0838_dMRI.nii.gz,scan_0838_dMRI.nii.gz,0838,dMRI,nii.gz,80.14,"(128, 128, 75, 65)",4.0,float32,"(2.0, 2.0, 2.0)",0.0,2117.0,50.6091,79257353.0,65.0,
/data/data/DA25S005/miccai_tbi/MultiTalentV2_finetuning/MICCAI_AIMS_TBI/scan_0839_Lesion.nii.gz,scan_0839_Lesion.nii.gz,0839,Lesion,nii.gz,0.033,"(256, 256, 256)",3.0,float32,"(1.0, 1.0, 1.0)",0.0,1.0,0.0,109.0,,
/data/data/DA25S005/miccai_tbi/MultiTalentV2_finetuning/MICCAI_AIMS_TBI/scan_0839_T1.nii.gz,scan_0839_T1.nii.gz,0839,T1,nii.gz,9.049,"(256, 256, 256)",3.0,float32,"(1.0, 1.0, 1.0)",0.0,3143068.75,115119.7422,5967834.0,,
/data/data/DA25S005/miccai_tbi/MultiTalentV2_finetuning/MICCAI_AIMS_TBI/scan_0841_Lesion.nii.gz,scan_0841_Lesion.nii.gz,0841,Lesion,nii.gz,0.066,"(256, 256, 256)",3.0,float32,"(1.0, 1.0, 1.0)",0.0,5.0,0.0002,767.0,,
/data/data/DA25S005/miccai_tbi/MultiTalentV2_finetuning/MICCAI_AIMS_TBI/scan_0841_T1.nii.gz,scan_0841_T1.nii.gz,0841,T1,nii.gz,4.757,"(256, 256, 256)",3.0,float32,"(1.0, 1.0, 1.0)",0.0,4206.5933,88.066,3028471.0,,
/data/data/DA25S005/miccai_tbi/MultiTalentV2_finetuning/MICCAI_AIMS_TBI/scan_0841_bval.txt,scan_0841_bval.txt,0841,bval,txt,0.0,"(1, 33)",1.0,float64,,0.0,1000.0,,,,
/data/data/DA25S005/miccai_tbi/MultiTalentV2_finetuning/MICCAI_AIMS_TBI/scan_0841_bvec.txt,scan_0841_bvec.txt,0841,bvec,txt,0.002,"(3, 33)",2.0,float64,,-1.0,1.0,,,,
/data/data/DA25S005/miccai_tbi/MultiTalentV2_finetuning/MICCAI_AIMS_TBI/scan_0841_dMRI.nii.gz,scan_0841_dMRI.nii.gz,0841,dMRI,nii.gz,19.244,"(128, 128, 70, 33)",4.0,float32,"(1.75, 1.75, 2.0)",0.0,10942.9775,69.8215,19320751.0,33.0,
/data/data/DA25S005/miccai_tbi/MultiTalentV2_finetuning/MICCAI_AIMS_TBI/scan_0842_Lesion.nii.gz,scan_0842_Lesion.nii.gz,0842,Lesion,nii.gz,0.042,"(256, 256, 256)",3.0,float32,"(1.0, 1.0, 1.0)",0.0,5.0,0.0051,50801.0,,
/data/data/DA25S005/miccai_tbi/MultiTalentV2_finetuning/MICCAI_AIMS_TBI/scan_0842_T1.nii.gz,scan_0842_T1.nii.gz,0842,T1,nii.gz,32.364,"(256, 256, 256)",3.0,float32,"(1.0, 1.0, 1.0)",0.0,11950.7529,575.9844,9118746.0,,
/data/data/DA25S005/miccai_tbi/MultiTalentV2_finetuning/MICCAI_AIMS_TBI/scan_0843_Lesion.nii.gz,scan_0843_Lesion.nii.gz,0843,Lesion,nii.gz,0.033,"(256, 256, 256)",3.0,float32,"(1.0, 1.0, 1.0)",0.0,0.0,0.0,0.0,,
/data/data/DA25S005/miccai_tbi/MultiTalentV2_finetuning/MICCAI_AIMS_TBI/scan_0843_T1.nii.gz,scan_0843_T1.nii.gz,0843,T1,nii.gz,5.401,"(256, 256, 256)",3.0,float32,"(1.0, 1.0, 1.0)",0.0,4874.6284,147.5559,3763320.0,,
/data/data/DA25S005/miccai_tbi/MultiTalentV2_finetuning/MICCAI_AIMS_TBI/scan_0843_bval.txt,scan_0843_bval.txt,0843,bval,txt,0.0,"(1, 33)",1.0,float64,,0.0,1000.0,,,,
/data/data/DA25S005/miccai_tbi/MultiTalentV2_finetuning/MICCAI_AIMS_TBI/scan_0843_bvec.txt,scan_0843_bvec.txt,0843,bvec,txt,0.002,"(3, 33)",2.0,float64,,-0.7071,0.7071,,,,
/data/data/DA25S005/miccai_tbi/MultiTalentV2_finetuning/MICCAI_AIMS_TBI/scan_0843_dMRI.nii.gz,scan_0843_dMRI.nii.gz,0843,dMRI,nii.gz,7.283,"(96, 96, 65, 33)",4.0,float32,"(2.5, 2.5, 2.5)",0.0,2741.1396,42.5687,7622933.0,33.0,
/data/data/DA25S005/miccai_tbi/MultiTalentV2_finetuning/MICCAI_AIMS_TBI/scan_0845_Lesion.nii.gz,scan_0845_Lesion.nii.gz,0845,Lesion,nii.gz,0.033,"(256, 256, 256)",3.0,float32,"(1.0, 1.0, 1.0)",0.0,0.0,0.0,0.0,,
/data/data/DA25S005/miccai_tbi/MultiTalentV2_finetuning/MICCAI_AIMS_TBI/scan_0845_T1.nii.gz,scan_0845_T1.nii.gz,0845,T1,nii.gz,13.535,"(256, 256, 256)",3.0,float32,"(1.0, 1.0, 1.0)",0.0,699.0,51.3708,11424952.0,,
/data/data/DA25S005/miccai_tbi/MultiTalentV2_finetuning/MICCAI_AIMS_TBI/scan_0846_Lesion.nii.gz,scan_0846_Lesion.nii.gz,0846,Lesion,nii.gz,0.033,"(256, 256, 256)",3.0,float32,"(1.0, 1.0, 1.0)",0.0,6.0,0.0004,1349.0,,
/data/data/DA25S005/miccai_tbi/MultiTalentV2_finetuning/MICCAI_AIMS_TBI/scan_0846_T1.nii.gz,scan_0846_T1.nii.gz,0846,T1,nii.gz,39.75,"(256, 256, 256)",3.0,float32,"(1.0, 1.0, 1.0)",0.0,1527.8738,55.9294,10999973.0,,
/data/data/DA25S005/miccai_tbi/MultiTalentV2_finetuning/MICCAI_AIMS_TBI/scan_0846_bval.txt,scan_0846_bval.txt,0846,bval,txt,0.0,"(1, 65)",1.0,float64,,0.0,1000.0,,,,
/data/data/DA25S005/miccai_tbi/MultiTalentV2_finetuning/MICCAI_AIMS_TBI/scan_0846_bvec.txt,scan_0846_bvec.txt,0846,bvec,txt,0.003,"(65, 3)",2.0,float64,,-0.9965,1.0,,,,
/data/data/DA25S005/miccai_tbi/MultiTalentV2_finetuning/MICCAI_AIMS_TBI/scan_0846_dMRI.nii.gz,scan_0846_dMRI.nii.gz,0846,dMRI,nii.gz,87.286,"(128, 128, 75, 65)",4.0,float32,"(2.0, 2.0, 2.0)",0.0,3258.0,69.7694,79045881.0,65.0,
/data/data/DA25S005/miccai_tbi/MultiTalentV2_finetuning/MICCAI_AIMS_TBI/scan_0849_Lesion.nii.gz,scan_0849_Lesion.nii.gz,0849,Lesion,nii.gz,0.033,"(256, 256, 256)",3.0,float32,"(1.0, 1.0, 1.0)",0.0,1.0,0.0,70.0,,
/data/data/DA25S005/miccai_tbi/MultiTalentV2_finetuning/MICCAI_AIMS_TBI/scan_0849_T1.nii.gz,scan_0849_T1.nii.gz,0849,T1,nii.gz,33.803,"(256, 256, 256)",3.0,float32,"(1.0, 1.0, 1.0)",0.0,6742.9248,391.9199,9542586.0,,
/data/data/DA25S005/miccai_tbi/MultiTalentV2_finetuning/MICCAI_AIMS_TBI/scan_0851_Lesion.nii.gz,scan_0851_Lesion.nii.gz,0851,Lesion,nii.gz,0.033,"(256, 256, 256)",3.0,float32,"(1.0, 1.0, 1.0)",0.0,0.0,0.0,0.0,,
/data/data/DA25S005/miccai_tbi/MultiTalentV2_finetuning/MICCAI_AIMS_TBI/scan_0851_T1.nii.gz,scan_0851_T1.nii.gz,0851,T1,nii.gz,6.205,"(256, 256, 256)",3.0,float32,"(1.0, 1.0, 1.0)",0.0,1229048.875,33733.1406,4516363.0,,
/data/data/DA25S005/miccai_tbi/MultiTalentV2_finetuning/MICCAI_AIMS_TBI/scan_0851_bval.txt,scan_0851_bval.txt,0851,bval,txt,0.0,"(1, 33)",1.0,float64,,0.0,700.0,,,,
/data/data/DA25S005/miccai_tbi/MultiTalentV2_finetuning/MICCAI_AIMS_TBI/scan_0851_bvec.txt,scan_0851_bvec.txt,0851,bvec,txt,0.001,"(3, 33)",2.0,float64,,-1.0,1.0,,,,
/data/data/DA25S005/miccai_tbi/MultiTalentV2_finetuning/MICCAI_AIMS_TBI/scan_0851_dMRI.nii.gz,scan_0851_dMRI.nii.gz,0851,dMRI,nii.gz,86.217,"(256, 256, 70, 33)",4.0,float32,"(0.828, 0.828, 2.2)",0.0,116831.125,2174.4734,98707299.0,33.0,
/data/data/DA25S005/miccai_tbi/MultiTalentV2_finetuning/MICCAI_AIMS_TBI/scan_0855_Lesion.nii.gz,scan_0855_Lesion.nii.gz,0855,Lesion,nii.gz,0.033,"(256, 256, 256)",3.0,float32,"(1.0, 1.0, 1.0)",0.0,0.0,0.0,0.0,,
/data/data/DA25S005/miccai_tbi/MultiTalentV2_finetuning/MICCAI_AIMS_TBI/scan_0855_T1.nii.gz,scan_0855_T1.nii.gz,0855,T1,nii.gz,4.473,"(256, 256, 256)",3.0,float32,"(1.0, 1.0, 1.0)",0.0,4746.5078,120.871,3138225.0,,
/data/data/DA25S005/miccai_tbi/MultiTalentV2_finetuning/MICCAI_AIMS_TBI/scan_0855_bval.txt,scan_0855_bval.txt,0855,bval,txt,0.0,"(1, 33)",1.0,float64,,0.0,1000.0,,,,
/data/data/DA25S005/miccai_tbi/MultiTalentV2_finetuning/MICCAI_AIMS_TBI/scan_0855_bvec.txt,scan_0855_bvec.txt,0855,bvec,txt,0.002,"(3, 33)",2.0,float64,,-0.7071,0.7071,,,,
/data/data/DA25S005/miccai_tbi/MultiTalentV2_finetuning/MICCAI_AIMS_TBI/scan_0855_dMRI.nii.gz,scan_0855_dMRI.nii.gz,0855,dMRI,nii.gz,6.613,"(96, 96, 65, 33)",4.0,float32,"(2.5, 2.5, 2.5)",0.0,3408.4956,45.9708,6600829.0,33.0,
/data/data/DA25S005/miccai_tbi/MultiTalentV2_finetuning/MICCAI_AIMS_TBI/scan_0856_Lesion.nii.gz,scan_0856_Lesion.nii.gz,0856,Lesion,nii.gz,0.035,"(256, 256, 256)",3.0,float32,"(1.0, 1.0, 1.0)",0.0,5.0,0.0008,7916.0,,
/data/data/DA25S005/miccai_tbi/MultiTalentV2_finetuning/MICCAI_AIMS_TBI/scan_0856_T1.nii.gz,scan_0856_T1.nii.gz,0856,T1,nii.gz,11.386,"(256, 256, 256)",3.0,float32,"(1.0, 1.0, 1.0)",0.0,1414.0,64.0134,7769485.0,,
/data/data/DA25S005/miccai_tbi/MultiTalentV2_finetuning/MICCAI_AIMS_TBI/scan_0857_Lesion.nii.gz,scan_0857_Lesion.nii.gz,0857,Lesion,nii.gz,0.033,"(256, 256, 256)",3.0,float32,"(1.0, 1.0, 1.0)",0.0,5.0,0.0,147.0,,
/data/data/DA25S005/miccai_tbi/MultiTalentV2_finetuning/MICCAI_AIMS_TBI/scan_0857_T1.nii.gz,scan_0857_T1.nii.gz,0857,T1,nii.gz,30.697,"(256, 256, 256)",3.0,float32,"(1.0, 1.0, 1.0)",0.0,7277.4136,356.1905,8619183.0,,
/data/data/DA25S005/miccai_tbi/MultiTalentV2_finetuning/MICCAI_AIMS_TBI/scan_0858_Lesion.nii.gz,scan_0858_Lesion.nii.gz,0858,Lesion,nii.gz,0.033,"(256, 256, 256)",3.0,float32,"(1.0, 1.0, 1.0)",0.0,0.0,0.0,0.0,,
/data/data/DA25S005/miccai_tbi/MultiTalentV2_finetuning/MICCAI_AIMS_TBI/scan_0858_T1.nii.gz,scan_0858_T1.nii.gz,0858,T1,nii.gz,21.775,"(256, 256, 256)",3.0,float32,"(1.0, 1.0, 1.0)",0.0,931.2644,51.7815,6096959.0,,
/data/data/DA25S005/miccai_tbi/MultiTalentV2_finetuning/MICCAI_AIMS_TBI/scan_0858_bval.txt,scan_0858_bval.txt,0858,bval,txt,0.0,"(1, 31)",1.0,float64,,0.0,700.0,,,,
/data/data/DA25S005/miccai_tbi/MultiTalentV2_finetuning/MICCAI_AIMS_TBI/scan_0858_bvec.txt,scan_0858_bvec.txt,0858,bvec,txt,0.001,"(3, 31)",2.0,float64,,-0.9933,0.995,,,,
/data/data/DA25S005/miccai_tbi/MultiTalentV2_finetuning/MICCAI_AIMS_TBI/scan_0858_dMRI.nii.gz,scan_0858_dMRI.nii.gz,0858,dMRI,nii.gz,30.829,"(144, 132, 65, 31)",4.0,float32,"(2.0, 2.0, 2.0)",0.0,4095.0,34.2143,35889252.0,31.0,
/data/data/DA25S005/miccai_tbi/MultiTalentV2_finetuning/MICCAI_AIMS_TBI/scan_0859_Lesion.nii.gz,scan_0859_Lesion.nii.gz,0859,Lesion,nii.gz,0.033,"(256, 256, 256)",3.0,float32,"(1.0, 1.0, 1.0)",0.0,0.0,0.0,0.0,,
/data/data/DA25S005/miccai_tbi/MultiTalentV2_finetuning/MICCAI_AIMS_TBI/scan_0859_T1.nii.gz,scan_0859_T1.nii.gz,0859,T1,nii.gz,10.374,"(256, 256, 256)",3.0,float32,"(1.0, 1.0, 1.0)",0.0,2600.7051,146.4789,7688108.0,,
/data/data/DA25S005/miccai_tbi/MultiTalentV2_finetuning/MICCAI_AIMS_TBI/scan_0859_bval.txt,scan_0859_bval.txt,0859,bval,txt,0.0,"(1, 16)",1.0,float64,,0.0,860.0,,,,
/data/data/DA25S005/miccai_tbi/MultiTalentV2_finetuning/MICCAI_AIMS_TBI/scan_0859_bvec.txt,scan_0859_bvec.txt,0859,bvec,txt,0.001,"(3, 16)",2.0,float64,,-1.0,1.0,,,,
/data/data/DA25S005/miccai_tbi/MultiTalentV2_finetuning/MICCAI_AIMS_TBI/scan_0859_dMRI.nii.gz,scan_0859_dMRI.nii.gz,0859,dMRI,nii.gz,11.827,"(128, 128, 55, 16)",4.0,float32,"(2.0, 2.0, 2.7)",0.0,9110.2783,75.1074,13191601.0,16.0,
/data/data/DA25S005/miccai_tbi/MultiTalentV2_finetuning/MICCAI_AIMS_TBI/scan_0861_Lesion.nii.gz,scan_0861_Lesion.nii.gz,0861,Lesion,nii.gz,0.062,"(256, 256, 256)",3.0,float32,"(1.0, 1.0, 1.0)",0.0,5.0,0.0117,187309.0,,
/data/data/DA25S005/miccai_tbi/MultiTalentV2_finetuning/MICCAI_AIMS_TBI/scan_0861_T1.nii.gz,scan_0861_T1.nii.gz,0861,T1,nii.gz,14.166,"(256, 256, 256)",3.0,float32,"(1.0, 1.0, 1.0)",0.0,671.0,50.9059,11332104.0,,
/data/data/DA25S005/miccai_tbi/MultiTalentV2_finetuning/MICCAI_AIMS_TBI/scan_0864_bval.txt,scan_0864_bval.txt,0864,bval,txt,0.0,"(1, 65)",1.0,float64,,0.0,1000.0,,,,
/data/data/DA25S005/miccai_tbi/MultiTalentV2_finetuning/MICCAI_AIMS_TBI/scan_0864_bvec.txt,scan_0864_bvec.txt,0864,bvec,txt,0.003,"(65, 3)",2.0,float64,,-0.9993,1.0,,,,
/data/data/DA25S005/miccai_tbi/MultiTalentV2_finetuning/MICCAI_AIMS_TBI/scan_0864_dMRI.nii.gz,scan_0864_dMRI.nii.gz,0864,dMRI,nii.gz,83.381,"(128, 128, 75, 65)",4.0,float32,"(2.0, 2.0, 2.0)",0.0,2093.0,58.9854,79110704.0,65.0,
/data/data/DA25S005/miccai_tbi/MultiTalentV2_finetuning/MICCAI_AIMS_TBI/scan_0865_Lesion.nii.gz,scan_0865_Lesion.nii.gz,0865,Lesion,nii.gz,0.033,"(256, 256, 256)",3.0,float32,"(1.0, 1.0, 1.0)",0.0,0.0,0.0,0.0,,
/data/data/DA25S005/miccai_tbi/MultiTalentV2_finetuning/MICCAI_AIMS_TBI/scan_0865_T1.nii.gz,scan_0865_T1.nii.gz,0865,T1,nii.gz,23.465,"(256, 256, 256)",3.0,float32,"(1.0, 1.0, 1.0)",0.0,887.1598,50.9256,6541871.0,,
/data/data/DA25S005/miccai_tbi/MultiTalentV2_finetuning/MICCAI_AIMS_TBI/scan_0873_Lesion.nii.gz,scan_0873_Lesion.nii.gz,0873,Lesion,nii.gz,0.033,"(256, 256, 256)",3.0,float32,"(1.0, 1.0, 1.0)",0.0,0.0,0.0,0.0,,
/data/data/DA25S005/miccai_tbi/MultiTalentV2_finetuning/MICCAI_AIMS_TBI/scan_0873_T1.nii.gz,scan_0873_T1.nii.gz,0873,T1,nii.gz,5.759,"(256, 256, 256)",3.0,float32,"(1.0, 1.0, 1.0)",0.0,4335.3047,154.2954,4065968.0,,
/data/data/DA25S005/miccai_tbi/MultiTalentV2_finetuning/MICCAI_AIMS_TBI/scan_0873_bval.txt,scan_0873_bval.txt,0873,bval,txt,0.0,"(1, 33)",1.0,float64,,0.0,1000.0,,,,
/data/data/DA25S005/miccai_tbi/MultiTalentV2_finetuning/MICCAI_AIMS_TBI/scan_0873_bvec.txt,scan_0873_bvec.txt,0873,bvec,txt,0.002,"(3, 33)",2.0,float64,,-0.7071,0.7071,,,,
/data/data/DA25S005/miccai_tbi/MultiTalentV2_finetuning/MICCAI_AIMS_TBI/scan_0873_dMRI.nii.gz,scan_0873_dMRI.nii.gz,0873,dMRI,nii.gz,7.746,"(96, 96, 65, 33)",4.0,float32,"(2.5, 2.5, 2.5)",0.0,2999.0586,39.4775,7827880.0,33.0,
/data/data/DA25S005/miccai_tbi/MultiTalentV2_finetuning/MICCAI_AIMS_TBI/scan_0874_Lesion.nii.gz,scan_0874_Lesion.nii.gz,0874,Lesion,nii.gz,0.033,"(256, 256, 256)",3.0,float32,"(1.0, 1.0, 1.0)",0.0,0.0,0.0,0.0,,
/data/data/DA25S005/miccai_tbi/MultiTalentV2_finetuning/MICCAI_AIMS_TBI/scan_0874_T1.nii.gz,scan_0874_T1.nii.gz,0874,T1,nii.gz,21.875,"(256, 256, 256)",3.0,float32,"(1.0, 1.0, 1.0)",0.0,998.8384,40.2129,6168408.0,,
/data/data/DA25S005/miccai_tbi/MultiTalentV2_finetuning/MICCAI_AIMS_TBI/scan_0874_bval.txt,scan_0874_bval.txt,0874,bval,txt,0.0,"(1, 31)",1.0,float64,,0.0,700.0,,,,
/data/data/DA25S005/miccai_tbi/MultiTalentV2_finetuning/MICCAI_AIMS_TBI/scan_0874_bvec.txt,scan_0874_bvec.txt,0874,bvec,txt,0.001,"(3, 31)",2.0,float64,,-0.9798,0.9727,,,,
/data/data/DA25S005/miccai_tbi/MultiTalentV2_finetuning/MICCAI_AIMS_TBI/scan_0874_dMRI.nii.gz,scan_0874_dMRI.nii.gz,0874,dMRI,nii.gz,29.637,"(144, 132, 65, 31)",4.0,float32,"(2.0, 2.0, 2.0)",0.0,3882.0,31.6115,35571202.0,31.0,
/data/data/DA25S005/miccai_tbi/MultiTalentV2_finetuning/MICCAI_AIMS_TBI/scan_0875_Lesion.nii.gz,scan_0875_Lesion.nii.gz,0875,Lesion,nii.gz,0.035,"(256, 256, 256)",3.0,float32,"(1.0, 1.0, 1.0)",0.0,4.0,0.0007,9574.0,,
/data/data/DA25S005/miccai_tbi/MultiTalentV2_finetuning/MICCAI_AIMS_TBI/scan_0875_T1.nii.gz,scan_0875_T1.nii.gz,0875,T1,nii.gz,31.132,"(256, 256, 256)",3.0,float32,"(1.0, 1.0, 1.0)",0.0,1033.4091,57.3221,10717735.0,,
/data/data/DA25S005/miccai_tbi/MultiTalentV2_finetuning/MICCAI_AIMS_TBI/scan_0875_bval.txt,scan_0875_bval.txt,0875,bval,txt,0.0,"(1, 65)",1.0,float64,,0.0,1000.0,,,,
/data/data/DA25S005/miccai_tbi/MultiTalentV2_finetuning/MICCAI_AIMS_TBI/scan_0875_bvec.txt,scan_0875_bvec.txt,0875,bvec,txt,0.003,"(3, 65)",2.0,float64,,-0.9665,1.0,,,,
/data/data/DA25S005/miccai_tbi/MultiTalentV2_finetuning/MICCAI_AIMS_TBI/scan_0875_dMRI.nii.gz,scan_0875_dMRI.nii.gz,0875,dMRI,nii.gz,38.203,"(96, 96, 60, 65)",4.0,float32,"(2.208, 2.208, 2.42)",0.0,4095.0,51.4229,35445814.0,65.0,
/data/data/DA25S005/miccai_tbi/MultiTalentV2_finetuning/MICCAI_AIMS_TBI/scan_0877_Lesion.nii.gz,scan_0877_Lesion.nii.gz,0877,Lesion,nii.gz,0.034,"(256, 256, 256)",3.0,float32,"(1.0, 1.0, 1.0)",0.0,1.0,0.0001,1867.0,,
/data/data/DA25S005/miccai_tbi/MultiTalentV2_finetuning/MICCAI_AIMS_TBI/scan_0877_T1.nii.gz,scan_0877_T1.nii.gz,0877,T1,nii.gz,19.268,"(256, 256, 256)",3.0,float32,"(1.0, 1.0, 1.0)",0.0,2839.9749,126.0646,6898828.0,,
/data/data/DA25S005/miccai_tbi/MultiTalentV2_finetuning/MICCAI_AIMS_TBI/scan_0879_Lesion.nii.gz,scan_0879_Lesion.nii.gz,0879,Lesion,nii.gz,0.033,"(256, 256, 256)",3.0,float32,"(1.0, 1.0, 1.0)",0.0,0.0,0.0,0.0,,
/data/data/DA25S005/miccai_tbi/MultiTalentV2_finetuning/MICCAI_AIMS_TBI/scan_0879_T1.nii.gz,scan_0879_T1.nii.gz,0879,T1,nii.gz,4.718,"(256, 256, 256)",3.0,float32,"(1.0, 1.0, 1.0)",0.0,1321317.0,22877.5391,3316590.0,,
/data/data/DA25S005/miccai_tbi/MultiTalentV2_finetuning/MICCAI_AIMS_TBI/scan_0879_bval.txt,scan_0879_bval.txt,0879,bval,txt,0.0,"(1, 33)",1.0,float64,,0.0,700.0,,,,
/data/data/DA25S005/miccai_tbi/MultiTalentV2_finetuning/MICCAI_AIMS_TBI/scan_0879_bvec.txt,scan_0879_bvec.txt,0879,bvec,txt,0.001,"(3, 33)",2.0,float64,,-1.0,1.0,,,,
/data/data/DA25S005/miccai_tbi/MultiTalentV2_finetuning/MICCAI_AIMS_TBI/scan_0879_dMRI.nii.gz,scan_0879_dMRI.nii.gz,0879,dMRI,nii.gz,69.653,"(256, 256, 70, 33)",4.0,float32,"(0.828, 0.828, 2.2)",0.0,82309.8906,1667.8558,71519758.0,33.0,
/data/data/DA25S005/miccai_tbi/MultiTalentV2_finetuning/MICCAI_AIMS_TBI/scan_0880_Lesion.nii.gz,scan_0880_Lesion.nii.gz,0880,Lesion,nii.gz,0.033,"(256, 256, 256)",3.0,float32,"(1.0, 1.0, 1.0)",0.0,0.0,0.0,0.0,,
/data/data/DA25S005/miccai_tbi/MultiTalentV2_finetuning/MICCAI_AIMS_TBI/scan_0880_T1.nii.gz,scan_0880_T1.nii.gz,0880,T1,nii.gz,5.411,"(256, 256, 256)",3.0,float32,"(1.0, 1.0, 1.0)",0.0,5573.2095,149.8204,3756098.0,,
/data/data/DA25S005/miccai_tbi/MultiTalentV2_finetuning/MICCAI_AIMS_TBI/scan_0880_bval.txt,scan_0880_bval.txt,0880,bval,txt,0.0,"(1, 33)",1.0,float64,,0.0,1000.0,,,,
/data/data/DA25S005/miccai_tbi/MultiTalentV2_finetuning/MICCAI_AIMS_TBI/scan_0880_bvec.txt,scan_0880_bvec.txt,0880,bvec,txt,0.002,"(3, 33)",2.0,float64,,-0.7071,0.7071,,,,
/data/data/DA25S005/miccai_tbi/MultiTalentV2_finetuning/MICCAI_AIMS_TBI/scan_0880_dMRI.nii.gz,scan_0880_dMRI.nii.gz,0880,dMRI,nii.gz,7.495,"(96, 96, 65, 33)",4.0,float32,"(2.5, 2.5, 2.5)",0.0,3282.8835,44.8468,7486668.0,33.0,
/data/data/DA25S005/miccai_tbi/MultiTalentV2_finetuning/MICCAI_AIMS_TBI/scan_0881_Lesion.nii.gz,scan_0881_Lesion.nii.gz,0881,Lesion,nii.gz,0.033,"(256, 256, 256)",3.0,float32,"(1.0, 1.0, 1.0)",0.0,0.0,0.0,0.0,,
/data/data/DA25S005/miccai_tbi/MultiTalentV2_finetuning/MICCAI_AIMS_TBI/scan_0881_T1.nii.gz,scan_0881_T1.nii.gz,0881,T1,nii.gz,4.957,"(256, 256, 256)",3.0,float32,"(1.0, 1.0, 1.0)",0.0,1729745.5,25378.9766,3533012.0,,
/data/data/DA25S005/miccai_tbi/MultiTalentV2_finetuning/MICCAI_AIMS_TBI/scan_0881_bval.txt,scan_0881_bval.txt,0881,bval,txt,0.0,"(1, 33)",1.0,float64,,0.0,700.0,,,,
/data/data/DA25S005/miccai_tbi/MultiTalentV2_finetuning/MICCAI_AIMS_TBI/scan_0881_bvec.txt,scan_0881_bvec.txt,0881,bvec,txt,0.001,"(3, 33)",2.0,float64,,-1.0,1.0,,,,
/data/data/DA25S005/miccai_tbi/MultiTalentV2_finetuning/MICCAI_AIMS_TBI/scan_0881_dMRI.nii.gz,scan_0881_dMRI.nii.gz,0881,dMRI,nii.gz,90.34,"(256, 256, 70, 33)",4.0,float32,"(0.828, 0.828, 2.2)",0.0,163612.4688,1882.6277,86495315.0,33.0,
/data/data/DA25S005/miccai_tbi/MultiTalentV2_finetuning/MICCAI_AIMS_TBI/scan_0883_Lesion.nii.gz,scan_0883_Lesion.nii.gz,0883,Lesion,nii.gz,0.033,"(256, 256, 256)",3.0,float32,"(1.0, 1.0, 1.0)",0.0,1.0,0.0,36.0,,
/data/data/DA25S005/miccai_tbi/MultiTalentV2_finetuning/MICCAI_AIMS_TBI/scan_0883_T1.nii.gz,scan_0883_T1.nii.gz,0883,T1,nii.gz,31.75,"(256, 256, 256)",3.0,float32,"(1.0, 1.0, 1.0)",0.0,5355.9302,317.5858,8985061.0,,
/data/data/DA25S005/miccai_tbi/MultiTalentV2_finetuning/MICCAI_AIMS_TBI/scan_0885_Lesion.nii.gz,scan_0885_Lesion.nii.gz,0885,Lesion,nii.gz,0.033,"(256, 256, 256)",3.0,float32,"(1.0, 1.0, 1.0)",0.0,1.0,0.0,356.0,,
/data/data/DA25S005/miccai_tbi/MultiTalentV2_finetuning/MICCAI_AIMS_TBI/scan_0885_T1.nii.gz,scan_0885_T1.nii.gz,0885,T1,nii.gz,9.848,"(256, 256, 256)",3.0,float32,"(1.0, 1.0, 1.0)",0.0,838.75,45.8929,5386107.0,,
/data/data/DA25S005/miccai_tbi/MultiTalentV2_finetuning/MICCAI_AIMS_TBI/scan_0885_bval.txt,scan_0885_bval.txt,0885,bval,txt,0.0,"(1, 70)",1.0,float64,,0.0,2000.0,,,,
/data/data/DA25S005/miccai_tbi/MultiTalentV2_finetuning/MICCAI_AIMS_TBI/scan_0885_bvec.txt,scan_0885_bvec.txt,0885,bvec,txt,0.003,"(3, 70)",2.0,float64,,-1.0,0.9939,,,,
/data/data/DA25S005/miccai_tbi/MultiTalentV2_finetuning/MICCAI_AIMS_TBI/scan_0885_dMRI.nii.gz,scan_0885_dMRI.nii.gz,0885,dMRI,nii.gz,62.521,"(128, 128, 64, 70)",4.0,float32,"(2.0, 2.0, 2.0)",0.0,3969.0,23.4596,71451867.0,70.0,
/data/data/DA25S005/miccai_tbi/MultiTalentV2_finetuning/MICCAI_AIMS_TBI/scan_0887_Lesion.nii.gz,scan_0887_Lesion.nii.gz,0887,Lesion,nii.gz,0.033,"(256, 256, 256)",3.0,float32,"(1.0, 1.0, 1.0)",0.0,0.0,0.0,0.0,,
/data/data/DA25S005/miccai_tbi/MultiTalentV2_finetuning/MICCAI_AIMS_TBI/scan_0887_T1.nii.gz,scan_0887_T1.nii.gz,0887,T1,nii.gz,13.839,"(256, 256, 256)",3.0,float32,"(1.0, 1.0, 1.0)",0.0,1531.0,56.7375,11444396.0,,
/data/data/DA25S005/miccai_tbi/MultiTalentV2_finetuning/MICCAI_AIMS_TBI/scan_0888_Lesion.nii.gz,scan_0888_Lesion.nii.gz,0888,Lesion,nii.gz,0.033,"(256, 256, 256)",3.0,float32,"(1.0, 1.0, 1.0)",0.0,0.0,0.0,0.0,,
/data/data/DA25S005/miccai_tbi/MultiTalentV2_finetuning/MICCAI_AIMS_TBI/scan_0888_T1.nii.gz,scan_0888_T1.nii.gz,0888,T1,nii.gz,27.227,"(256, 256, 256)",3.0,float32,"(1.0, 1.0, 1.0)",0.0,6192.6499,256.1702,7725692.0,,
/data/data/DA25S005/miccai_tbi/MultiTalentV2_finetuning/MICCAI_AIMS_TBI/scan_0889_Lesion.nii.gz,scan_0889_Lesion.nii.gz,0889,Lesion,nii.gz,0.154,"(256, 256, 256)",3.0,float32,"(1.0, 1.0, 1.0)",0.0,1.0,0.0005,8715.0,,
/data/data/DA25S005/miccai_tbi/MultiTalentV2_finetuning/MICCAI_AIMS_TBI/scan_0889_T1.nii.gz,scan_0889_T1.nii.gz,0889,T1,nii.gz,33.168,"(256, 256, 256)",3.0,float32,"(1.0, 1.0, 1.0)",0.0,10061.8965,499.1591,9381290.0,,
/data/data/DA25S005/miccai_tbi/MultiTalentV2_finetuning/MICCAI_AIMS_TBI/scan_0890_Lesion.nii.gz,scan_0890_Lesion.nii.gz,0890,Lesion,nii.gz,0.033,"(256, 256, 256)",3.0,float32,"(1.0, 1.0, 1.0)",0.0,0.0,0.0,0.0,,
/data/data/DA25S005/miccai_tbi/MultiTalentV2_finetuning/MICCAI_AIMS_TBI/scan_0890_T1.nii.gz,scan_0890_T1.nii.gz,0890,T1,nii.gz,31.96,"(256, 256, 256)",3.0,float32,"(1.0, 1.0, 1.0)",0.0,7007.6411,377.9553,8969001.0,,
/data/data/DA25S005/miccai_tbi/MultiTalentV2_finetuning/MICCAI_AIMS_TBI/scan_0891_Lesion.nii.gz,scan_0891_Lesion.nii.gz,0891,Lesion,nii.gz,0.033,"(256, 256, 256)",3.0,float32,"(1.0, 1.0, 1.0)",0.0,1.0,0.0,816.0,,
/data/data/DA25S005/miccai_tbi/MultiTalentV2_finetuning/MICCAI_AIMS_TBI/scan_0891_T1.nii.gz,scan_0891_T1.nii.gz,0891,T1,nii.gz,20.87,"(256, 256, 256)",3.0,float32,"(1.0, 1.0, 1.0)",0.0,862.1816,39.168,7139464.0,,
/data/data/DA25S005/miccai_tbi/MultiTalentV2_finetuning/MICCAI_AIMS_TBI/scan_0894_Lesion.nii.gz,scan_0894_Lesion.nii.gz,0894,Lesion,nii.gz,0.072,"(256, 256, 256)",3.0,float32,"(1.0, 1.0, 1.0)",0.0,5.0,0.0026,22485.0,,
/data/data/DA25S005/miccai_tbi/MultiTalentV2_finetuning/MICCAI_AIMS_TBI/scan_0894_T1.nii.gz,scan_0894_T1.nii.gz,0894,T1,nii.gz,23.692,"(256, 256, 256)",3.0,float32,"(1.0, 1.0, 1.0)",0.0,685.1403,43.444,6583559.0,,
/data/data/DA25S005/miccai_tbi/MultiTalentV2_finetuning/MICCAI_AIMS_TBI/scan_0895_Lesion.nii.gz,scan_0895_Lesion.nii.gz,0895,Lesion,nii.gz,0.068,"(256, 256, 256)",3.0,float32,"(1.0, 1.0, 1.0)",0.0,5.0,0.0011,3643.0,,
/data/data/DA25S005/miccai_tbi/MultiTalentV2_finetuning/MICCAI_AIMS_TBI/scan_0895_T1.nii.gz,scan_0895_T1.nii.gz,0895,T1,nii.gz,39.69,"(256, 256, 256)",3.0,float32,"(1.0, 1.0, 1.0)",0.0,2204.7754,51.365,10999906.0,,
/data/data/DA25S005/miccai_tbi/MultiTalentV2_finetuning/MICCAI_AIMS_TBI/scan_0895_bval.txt,scan_0895_bval.txt,0895,bval,txt,0.0,"(1, 65)",1.0,float64,,0.0,1000.0,,,,
/data/data/DA25S005/miccai_tbi/MultiTalentV2_finetuning/MICCAI_AIMS_TBI/scan_0895_bvec.txt,scan_0895_bvec.txt,0895,bvec,txt,0.003,"(65, 3)",2.0,float64,,-0.9641,1.0,,,,
/data/data/DA25S005/miccai_tbi/MultiTalentV2_finetuning/MICCAI_AIMS_TBI/scan_0895_dMRI.nii.gz,scan_0895_dMRI.nii.gz,0895,dMRI,nii.gz,84.963,"(128, 128, 75, 65)",4.0,float32,"(2.0, 2.0, 2.0)",0.0,2798.0,63.2657,79257075.0,65.0,
/data/data/DA25S005/miccai_tbi/MultiTalentV2_finetuning/MICCAI_AIMS_TBI/scan_0896_Lesion.nii.gz,scan_0896_Lesion.nii.gz,0896,Lesion,nii.gz,0.036,"(256, 256, 256)",3.0,float32,"(1.0, 1.0, 1.0)",0.0,5.0,0.0006,7315.0,,
/data/data/DA25S005/miccai_tbi/MultiTalentV2_finetuning/MICCAI_AIMS_TBI/scan_0896_T1.nii.gz,scan_0896_T1.nii.gz,0896,T1,nii.gz,12.608,"(256, 256, 256)",3.0,float32,"(1.0, 1.0, 1.0)",0.0,856.0,39.0439,11374107.0,,
/data/data/DA25S005/miccai_tbi/MultiTalentV2_finetuning/MICCAI_AIMS_TBI/scan_0898_Lesion.nii.gz,scan_0898_Lesion.nii.gz,0898,Lesion,nii.gz,0.033,"(256, 256, 256)",3.0,float32,"(1.0, 1.0, 1.0)",0.0,5.0,0.0002,611.0,,
/data/data/DA25S005/miccai_tbi/MultiTalentV2_finetuning/MICCAI_AIMS_TBI/scan_0898_T1.nii.gz,scan_0898_T1.nii.gz,0898,T1,nii.gz,19.023,"(256, 256, 256)",3.0,float32,"(1.0, 1.0, 1.0)",0.0,822.5908,33.7337,6565536.0,,
/data/data/DA25S005/miccai_tbi/MultiTalentV2_finetuning/MICCAI_AIMS_TBI/scan_0899_Lesion.nii.gz,scan_0899_Lesion.nii.gz,0899,Lesion,nii.gz,0.033,"(256, 256, 256)",3.0,float32,"(1.0, 1.0, 1.0)",0.0,0.0,0.0,0.0,,
/data/data/DA25S005/miccai_tbi/MultiTalentV2_finetuning/MICCAI_AIMS_TBI/scan_0899_T1.nii.gz,scan_0899_T1.nii.gz,0899,T1,nii.gz,28.138,"(256, 256, 256)",3.0,float32,"(1.0, 1.0, 1.0)",0.0,7489.897,308.8374,7982524.0,,
/data/data/DA25S005/miccai_tbi/MultiTalentV2_finetuning/MICCAI_AIMS_TBI/scan_0900_Lesion.nii.gz,scan_0900_Lesion.nii.gz,0900,Lesion,nii.gz,0.035,"(256, 256, 256)",3.0,float32,"(1.0, 1.0, 1.0)",0.0,1.0,0.0003,5435.0,,
/data/data/DA25S005/miccai_tbi/MultiTalentV2_finetuning/MICCAI_AIMS_TBI/scan_0900_T1.nii.gz,scan_0900_T1.nii.gz,0900,T1,nii.gz,11.945,"(256, 256, 256)",3.0,float32,"(1.0, 1.0, 1.0)",0.0,818.0,37.9535,11331584.0,,
/data/data/DA25S005/miccai_tbi/MultiTalentV2_finetuning/MICCAI_AIMS_TBI/scan_0901_Lesion.nii.gz,scan_0901_Lesion.nii.gz,0901,Lesion,nii.gz,0.066,"(256, 256, 256)",3.0,float32,"(1.0, 1.0, 1.0)",0.0,1.0,0.0,272.0,,
/data/data/DA25S005/miccai_tbi/MultiTalentV2_finetuning/MICCAI_AIMS_TBI/scan_0901_T1.nii.gz,scan_0901_T1.nii.gz,0901,T1,nii.gz,20.97,"(256, 256, 256)",3.0,float32,"(1.0, 1.0, 1.0)",0.0,1025.3834,45.0537,5929680.0,,
/data/data/DA25S005/miccai_tbi/MultiTalentV2_finetuning/MICCAI_AIMS_TBI/scan_0901_bval.txt,scan_0901_bval.txt,0901,bval,txt,0.0,"(1, 31)",1.0,float64,,0.0,700.0,,,,
/data/data/DA25S005/miccai_tbi/MultiTalentV2_finetuning/MICCAI_AIMS_TBI/scan_0901_bvec.txt,scan_0901_bvec.txt,0901,bvec,txt,0.001,"(3, 31)",2.0,float64,,-0.9763,0.9815,,,,
/data/data/DA25S005/miccai_tbi/MultiTalentV2_finetuning/MICCAI_AIMS_TBI/scan_0901_dMRI.nii.gz,scan_0901_dMRI.nii.gz,0901,dMRI,nii.gz,30.459,"(144, 132, 65, 31)",4.0,float32,"(2.0, 2.0, 2.0)",0.0,4095.0,35.761,36019428.0,31.0,
/data/data/DA25S005/miccai_tbi/MultiTalentV2_finetuning/MICCAI_AIMS_TBI/scan_0902_Lesion.nii.gz,scan_0902_Lesion.nii.gz,0902,Lesion,nii.gz,0.033,"(256, 256, 256)",3.0,float32,"(1.0, 1.0, 1.0)",0.0,0.0,0.0,0.0,,
/data/data/DA25S005/miccai_tbi/MultiTalentV2_finetuning/MICCAI_AIMS_TBI/scan_0902_T1.nii.gz,scan_0902_T1.nii.gz,0902,T1,nii.gz,39.572,"(256, 256, 256)",3.0,float32,"(1.0, 1.0, 1.0)",0.0,670.3756,31.6467,10998771.0,,
/data/data/DA25S005/miccai_tbi/MultiTalentV2_finetuning/MICCAI_AIMS_TBI/scan_0902_bval.txt,scan_0902_bval.txt,0902,bval,txt,0.0,"(1, 65)",1.0,float64,,0.0,1000.0,,,,
/data/data/DA25S005/miccai_tbi/MultiTalentV2_finetuning/MICCAI_AIMS_TBI/scan_0902_bvec.txt,scan_0902_bvec.txt,0902,bvec,txt,0.003,"(65, 3)",2.0,float64,,-0.9641,1.0,,,,
/data/data/DA25S005/miccai_tbi/MultiTalentV2_finetuning/MICCAI_AIMS_TBI/scan_0902_dMRI.nii.gz,scan_0902_dMRI.nii.gz,0902,dMRI,nii.gz,79.108,"(128, 128, 75, 65)",4.0,float32,"(2.0, 2.0, 2.0)",0.0,2337.0,49.8194,79208188.0,65.0,
/data/data/DA25S005/miccai_tbi/MultiTalentV2_finetuning/MICCAI_AIMS_TBI/scan_0904_Lesion.nii.gz,scan_0904_Lesion.nii.gz,0904,Lesion,nii.gz,0.033,"(256, 256, 256)",3.0,float32,"(1.0, 1.0, 1.0)",0.0,0.0,0.0,0.0,,
/data/data/DA25S005/miccai_tbi/MultiTalentV2_finetuning/MICCAI_AIMS_TBI/scan_0904_T1.nii.gz,scan_0904_T1.nii.gz,0904,T1,nii.gz,12.736,"(256, 256, 256)",3.0,float32,"(1.0, 1.0, 1.0)",0.0,961.0,36.5159,11444396.0,,
/data/data/DA25S005/miccai_tbi/MultiTalentV2_finetuning/MICCAI_AIMS_TBI/scan_0905_Lesion.nii.gz,scan_0905_Lesion.nii.gz,0905,Lesion,nii.gz,0.033,"(256, 256, 256)",3.0,float32,"(1.0, 1.0, 1.0)",0.0,0.0,0.0,0.0,,
/data/data/DA25S005/miccai_tbi/MultiTalentV2_finetuning/MICCAI_AIMS_TBI/scan_0905_T1.nii.gz,scan_0905_T1.nii.gz,0905,T1,nii.gz,5.016,"(256, 256, 256)",3.0,float32,"(1.0, 1.0, 1.0)",0.0,1697523.375,29367.4082,3549178.0,,
/data/data/DA25S005/miccai_tbi/MultiTalentV2_finetuning/MICCAI_AIMS_TBI/scan_0905_bval.txt,scan_0905_bval.txt,0905,bval,txt,0.0,"(1, 33)",1.0,float64,,0.0,700.0,,,,
/data/data/DA25S005/miccai_tbi/MultiTalentV2_finetuning/MICCAI_AIMS_TBI/scan_0905_bvec.txt,scan_0905_bvec.txt,0905,bvec,txt,0.001,"(3, 33)",2.0,float64,,-1.0,1.0,,,,
/data/data/DA25S005/miccai_tbi/MultiTalentV2_finetuning/MICCAI_AIMS_TBI/scan_0905_dMRI.nii.gz,scan_0905_dMRI.nii.gz,0905,dMRI,nii.gz,75.281,"(256, 256, 70, 33)",4.0,float32,"(0.828, 0.828, 2.2)",0.0,234812.0938,2301.8567,77610916.0,33.0,
/data/data/DA25S005/miccai_tbi/MultiTalentV2_finetuning/MICCAI_AIMS_TBI/scan_0906_Lesion.nii.gz,scan_0906_Lesion.nii.gz,0906,Lesion,nii.gz,0.033,"(256, 256, 256)",3.0,float32,"(1.0, 1.0, 1.0)",0.0,0.0,0.0,0.0,,
/data/data/DA25S005/miccai_tbi/MultiTalentV2_finetuning/MICCAI_AIMS_TBI/scan_0906_T1.nii.gz,scan_0906_T1.nii.gz,0906,T1,nii.gz,10.217,"(256, 256, 256)",3.0,float32,"(1.0, 1.0, 1.0)",0.0,872.625,42.3128,5111885.0,,
/data/data/DA25S005/miccai_tbi/MultiTalentV2_finetuning/MICCAI_AIMS_TBI/scan_0906_bval.txt,scan_0906_bval.txt,0906,bval,txt,0.0,"(1, 70)",1.0,float64,,0.0,2000.0,,,,
/data/data/DA25S005/miccai_tbi/MultiTalentV2_finetuning/MICCAI_AIMS_TBI/scan_0906_bvec.txt,scan_0906_bvec.txt,0906,bvec,txt,0.003,"(3, 70)",2.0,float64,,-0.9917,0.9996,,,,
/data/data/DA25S005/miccai_tbi/MultiTalentV2_finetuning/MICCAI_AIMS_TBI/scan_0906_dMRI.nii.gz,scan_0906_dMRI.nii.gz,0906,dMRI,nii.gz,63.535,"(128, 128, 64, 70)",4.0,float32,"(2.0, 2.0, 2.0)",0.0,4095.0,28.0445,71554709.0,70.0,
/data/data/DA25S005/miccai_tbi/MultiTalentV2_finetuning/MICCAI_AIMS_TBI/scan_0907_Lesion.nii.gz,scan_0907_Lesion.nii.gz,0907,Lesion,nii.gz,0.04,"(256, 256, 256)",3.0,float32,"(1.0, 1.0, 1.0)",0.0,1.0,0.0014,23996.0,,
/data/data/DA25S005/miccai_tbi/MultiTalentV2_finetuning/MICCAI_AIMS_TBI/scan_0907_T1.nii.gz,scan_0907_T1.nii.gz,0907,T1,nii.gz,10.041,"(256, 256, 256)",3.0,float32,"(1.0, 1.0, 1.0)",0.0,1085.0,40.6499,6116733.0,,
/data/data/DA25S005/miccai_tbi/MultiTalentV2_finetuning/MICCAI_AIMS_TBI/scan_0910_Lesion.nii.gz,scan_0910_Lesion.nii.gz,0910,Lesion,nii.gz,0.033,"(256, 256, 256)",3.0,float32,"(1.0, 1.0, 1.0)",0.0,0.0,0.0,0.0,,
/data/data/DA25S005/miccai_tbi/MultiTalentV2_finetuning/MICCAI_AIMS_TBI/scan_0910_T1.nii.gz,scan_0910_T1.nii.gz,0910,T1,nii.gz,35.816,"(256, 256, 256)",3.0,float32,"(1.0, 1.0, 1.0)",0.0,10308.1787,456.0342,10171892.0,,
/data/data/DA25S005/miccai_tbi/MultiTalentV2_finetuning/MICCAI_AIMS_TBI/scan_0911_Lesion.nii.gz,scan_0911_Lesion.nii.gz,0911,Lesion,nii.gz,0.066,"(256, 256, 256)",3.0,float32,"(1.0, 1.0, 1.0)",0.0,1.0,0.0,675.0,,
/data/data/DA25S005/miccai_tbi/MultiTalentV2_finetuning/MICCAI_AIMS_TBI/scan_0911_T1.nii.gz,scan_0911_T1.nii.gz,0911,T1,nii.gz,15.265,"(256, 256, 256)",3.0,float32,"(1.0, 1.0, 1.0)",0.0,990.0,72.7074,10395202.0,,
/data/data/DA25S005/miccai_tbi/MultiTalentV2_finetuning/MICCAI_AIMS_TBI/scan_0914_Lesion.nii.gz,scan_0914_Lesion.nii.gz,0914,Lesion,nii.gz,0.039,"(256, 256, 256)",3.0,float32,"(1.0, 1.0, 1.0)",0.0,5.0,0.0014,12652.0,,
/data/data/DA25S005/miccai_tbi/MultiTalentV2_finetuning/MICCAI_AIMS_TBI/scan_0914_T1.nii.gz,scan_0914_T1.nii.gz,0914,T1,nii.gz,30.994,"(256, 256, 256)",3.0,float32,"(1.0, 1.0, 1.0)",0.0,2017.8175,46.8719,10713946.0,,
/data/data/DA25S005/miccai_tbi/MultiTalentV2_finetuning/MICCAI_AIMS_TBI/scan_0914_bval.txt,scan_0914_bval.txt,0914,bval,txt,0.0,"(1, 65)",1.0,float64,,0.0,1000.0,,,,
/data/data/DA25S005/miccai_tbi/MultiTalentV2_finetuning/MICCAI_AIMS_TBI/scan_0914_bvec.txt,scan_0914_bvec.txt,0914,bvec,txt,0.003,"(3, 65)",2.0,float64,,-0.9791,1.0,,,,
/data/data/DA25S005/miccai_tbi/MultiTalentV2_finetuning/MICCAI_AIMS_TBI/scan_0914_dMRI.nii.gz,scan_0914_dMRI.nii.gz,0914,dMRI,nii.gz,34.644,"(96, 96, 60, 65)",4.0,float32,"(2.208, 2.208, 2.42)",0.0,3974.0,35.019,35390569.0,65.0,
/data/data/DA25S005/miccai_tbi/MultiTalentV2_finetuning/MICCAI_AIMS_TBI/scan_0915_Lesion.nii.gz,scan_0915_Lesion.nii.gz,0915,Lesion,nii.gz,0.033,"(256, 256, 256)",3.0,float32,"(1.0, 1.0, 1.0)",0.0,0.0,0.0,0.0,,
/data/data/DA25S005/miccai_tbi/MultiTalentV2_finetuning/MICCAI_AIMS_TBI/scan_0915_T1.nii.gz,scan_0915_T1.nii.gz,0915,T1,nii.gz,10.538,"(256, 256, 256)",3.0,float32,"(1.0, 1.0, 1.0)",0.0,1217.0,56.9883,6208102.0,,
/data/data/DA25S005/miccai_tbi/MultiTalentV2_finetuning/MICCAI_AIMS_TBI/scan_0917_Lesion.nii.gz,scan_0917_Lesion.nii.gz,0917,Lesion,nii.gz,0.031,"(256, 256, 120)",3.0,float32,"(0.828, 0.828, 1.17)",0.0,1.0,0.0001,1099.0,,
/data/data/DA25S005/miccai_tbi/MultiTalentV2_finetuning/MICCAI_AIMS_TBI/scan_0917_T1.nii.gz,scan_0917_T1.nii.gz,0917,T1,nii.gz,5.724,"(256, 256, 120)",3.0,float32,"(0.828, 0.828, 1.17)",0.0,1428607.0,48008.4414,4010745.0,,
/data/data/DA25S005/miccai_tbi/MultiTalentV2_finetuning/MICCAI_AIMS_TBI/scan_0917_bval.txt,scan_0917_bval.txt,0917,bval,txt,0.0,"(1, 33)",1.0,float64,,0.0,700.0,,,,
/data/data/DA25S005/miccai_tbi/MultiTalentV2_finetuning/MICCAI_AIMS_TBI/scan_0917_bvec.txt,scan_0917_bvec.txt,0917,bvec,txt,0.001,"(3, 33)",2.0,float64,,-1.0,1.0,,,,
/data/data/DA25S005/miccai_tbi/MultiTalentV2_finetuning/MICCAI_AIMS_TBI/scan_0917_dMRI.nii.gz,scan_0917_dMRI.nii.gz,0917,dMRI,nii.gz,71.561,"(256, 256, 70, 33)",4.0,float32,"(0.828, 0.828, 2.2)",0.0,156992.0,1930.2089,74746447.0,33.0,
/data/data/DA25S005/miccai_tbi/MultiTalentV2_finetuning/MICCAI_AIMS_TBI/scan_0918_Lesion.nii.gz,scan_0918_Lesion.nii.gz,0918,Lesion,nii.gz,0.033,"(256, 256, 256)",3.0,float32,"(1.0, 1.0, 1.0)",0.0,1.0,0.0,36.0,,
/data/data/DA25S005/miccai_tbi/MultiTalentV2_finetuning/MICCAI_AIMS_TBI/scan_0918_T1.nii.gz,scan_0918_T1.nii.gz,0918,T1,nii.gz,13.753,"(256, 256, 256)",3.0,float32,"(1.0, 1.0, 1.0)",0.0,1001.0,44.5448,11444393.0,,
/data/data/DA25S005/miccai_tbi/MultiTalentV2_finetuning/MICCAI_AIMS_TBI/scan_0919_Lesion.nii.gz,scan_0919_Lesion.nii.gz,0919,Lesion,nii.gz,0.155,"(256, 256, 256)",3.0,float32,"(1.0, 1.0, 1.0)",0.0,1.0,0.0007,11274.0,,
/data/data/DA25S005/miccai_tbi/MultiTalentV2_finetuning/MICCAI_AIMS_TBI/scan_0919_T1.nii.gz,scan_0919_T1.nii.gz,0919,T1,nii.gz,10.292,"(256, 256, 256)",3.0,float32,"(1.0, 1.0, 1.0)",0.0,2628.6418,140.6693,7325288.0,,
/data/data/DA25S005/miccai_tbi/MultiTalentV2_finetuning/MICCAI_AIMS_TBI/scan_0919_bval.txt,scan_0919_bval.txt,0919,bval,txt,0.0,"(1, 16)",1.0,float64,,0.0,860.0,,,,
/data/data/DA25S005/miccai_tbi/MultiTalentV2_finetuning/MICCAI_AIMS_TBI/scan_0919_bvec.txt,scan_0919_bvec.txt,0919,bvec,txt,0.001,"(3, 16)",2.0,float64,,-1.0,1.0,,,,
/data/data/DA25S005/miccai_tbi/MultiTalentV2_finetuning/MICCAI_AIMS_TBI/scan_0919_dMRI.nii.gz,scan_0919_dMRI.nii.gz,0919,dMRI,nii.gz,11.64,"(128, 128, 55, 16)",4.0,float32,"(2.0, 2.0, 2.7)",0.0,7725.9688,65.446,13141066.0,16.0,
/data/data/DA25S005/miccai_tbi/MultiTalentV2_finetuning/MICCAI_AIMS_TBI/scan_0921_Lesion.nii.gz,scan_0921_Lesion.nii.gz,0921,Lesion,nii.gz,0.067,"(256, 256, 256)",3.0,float32,"(1.0, 1.0, 1.0)",0.0,1.0,0.0002,2519.0,,
/data/data/DA25S005/miccai_tbi/MultiTalentV2_finetuning/MICCAI_AIMS_TBI/scan_0921_T1.nii.gz,scan_0921_T1.nii.gz,0921,T1,nii.gz,10.106,"(256, 256, 256)",3.0,float32,"(1.0, 1.0, 1.0)",0.0,997.0,54.4879,6960530.0,,
/data/data/DA25S005/miccai_tbi/MultiTalentV2_finetuning/MICCAI_AIMS_TBI/scan_0922_Lesion.nii.gz,scan_0922_Lesion.nii.gz,0922,Lesion,nii.gz,0.068,"(256, 256, 256)",3.0,float32,"(1.0, 1.0, 1.0)",0.0,5.0,0.0002,2245.0,,
/data/data/DA25S005/miccai_tbi/MultiTalentV2_finetuning/MICCAI_AIMS_TBI/scan_0922_T1.nii.gz,scan_0922_T1.nii.gz,0922,T1,nii.gz,21.431,"(256, 256, 256)",3.0,float32,"(1.0, 1.0, 1.0)",0.0,938.8636,50.1636,7001029.0,,
/data/data/DA25S005/miccai_tbi/MultiTalentV2_finetuning/MICCAI_AIMS_TBI/scan_0922_bval.txt,scan_0922_bval.txt,0922,bval,txt,0.0,"(1, 65)",1.0,float64,,0.0,1000.0,,,,
/data/data/DA25S005/miccai_tbi/MultiTalentV2_finetuning/MICCAI_AIMS_TBI/scan_0922_bvec.txt,scan_0922_bvec.txt,0922,bvec,txt,0.004,"(3, 65)",2.0,float64,,-0.973,1.0,,,,
/data/data/DA25S005/miccai_tbi/MultiTalentV2_finetuning/MICCAI_AIMS_TBI/scan_0922_dMRI.nii.gz,scan_0922_dMRI.nii.gz,0922,dMRI,nii.gz,37.387,"(96, 96, 60, 65)",4.0,float32,"(2.208, 2.208, 2.42)",0.0,3569.0,52.5241,35424827.0,65.0,
/data/data/DA25S005/miccai_tbi/MultiTalentV2_finetuning/MICCAI_AIMS_TBI/scan_0924_Lesion.nii.gz,scan_0924_Lesion.nii.gz,0924,Lesion,nii.gz,0.033,"(256, 256, 256)",3.0,float32,"(1.0, 1.0, 1.0)",0.0,1.0,0.0,120.0,,
/data/data/DA25S005/miccai_tbi/MultiTalentV2_finetuning/MICCAI_AIMS_TBI/scan_0924_T1.nii.gz,scan_0924_T1.nii.gz,0924,T1,nii.gz,26.653,"(256, 256, 256)",3.0,float32,"(1.0, 1.0, 1.0)",0.0,8234.7607,398.0106,7490564.0,,
/data/data/DA25S005/miccai_tbi/MultiTalentV2_finetuning/MICCAI_AIMS_TBI/scan_0927_Lesion.nii.gz,scan_0927_Lesion.nii.gz,0927,Lesion,nii.gz,0.033,"(256, 256, 256)",3.0,float32,"(1.0, 1.0, 1.0)",0.0,0.0,0.0,0.0,,
/data/data/DA25S005/miccai_tbi/MultiTalentV2_finetuning/MICCAI_AIMS_TBI/scan_0927_T1.nii.gz,scan_0927_T1.nii.gz,0927,T1,nii.gz,11.685,"(256, 256, 256)",3.0,float32,"(1.0, 1.0, 1.0)",0.0,2441.9546,154.8058,8247598.0,,
/data/data/DA25S005/miccai_tbi/MultiTalentV2_finetuning/MICCAI_AIMS_TBI/scan_0927_bval.txt,scan_0927_bval.txt,0927,bval,txt,0.0,"(1, 16)",1.0,float64,,0.0,860.0,,,,
/data/data/DA25S005/miccai_tbi/MultiTalentV2_finetuning/MICCAI_AIMS_TBI/scan_0927_bvec.txt,scan_0927_bvec.txt,0927,bvec,txt,0.001,"(3, 16)",2.0,float64,,-1.0,1.0,,,,
/data/data/DA25S005/miccai_tbi/MultiTalentV2_finetuning/MICCAI_AIMS_TBI/scan_0927_dMRI.nii.gz,scan_0927_dMRI.nii.gz,0927,dMRI,nii.gz,12.369,"(128, 128, 56, 16)",4.0,float32,"(2.0, 2.0, 2.7)",0.0,6298.2783,68.285,13475042.0,16.0,
/data/data/DA25S005/miccai_tbi/MultiTalentV2_finetuning/MICCAI_AIMS_TBI/scan_0928_Lesion.nii.gz,scan_0928_Lesion.nii.gz,0928,Lesion,nii.gz,0.033,"(256, 256, 256)",3.0,float32,"(1.0, 1.0, 1.0)",0.0,0.0,0.0,0.0,,
/data/data/DA25S005/miccai_tbi/MultiTalentV2_finetuning/MICCAI_AIMS_TBI/scan_0928_T1.nii.gz,scan_0928_T1.nii.gz,0928,T1,nii.gz,12.702,"(256, 256, 256)",3.0,float32,"(1.0, 1.0, 1.0)",0.0,868.0,43.8133,11252888.0,,
/data/data/DA25S005/miccai_tbi/MultiTalentV2_finetuning/MICCAI_AIMS_TBI/scan_0934_Lesion.nii.gz,scan_0934_Lesion.nii.gz,0934,Lesion,nii.gz,0.033,"(256, 256, 256)",3.0,float32,"(1.0, 1.0, 1.0)",0.0,1.0,0.0,589.0,,
/data/data/DA25S005/miccai_tbi/MultiTalentV2_finetuning/MICCAI_AIMS_TBI/scan_0934_T1.nii.gz,scan_0934_T1.nii.gz,0934,T1,nii.gz,5.14,"(256, 256, 256)",3.0,float32,"(1.0, 1.0, 1.0)",0.0,1593705.375,26231.1309,3725666.0,,
/data/data/DA25S005/miccai_tbi/MultiTalentV2_finetuning/MICCAI_AIMS_TBI/scan_0934_bval.txt,scan_0934_bval.txt,0934,bval,txt,0.0,"(1, 33)",1.0,float64,,0.0,700.0,,,,
/data/data/DA25S005/miccai_tbi/MultiTalentV2_finetuning/MICCAI_AIMS_TBI/scan_0934_bvec.txt,scan_0934_bvec.txt,0934,bvec,txt,0.001,"(3, 33)",2.0,float64,,-1.0,1.0,,,,
/data/data/DA25S005/miccai_tbi/MultiTalentV2_finetuning/MICCAI_AIMS_TBI/scan_0934_dMRI.nii.gz,scan_0934_dMRI.nii.gz,0934,dMRI,nii.gz,78.173,"(256, 256, 70, 33)",4.0,float32,"(0.828, 0.828, 2.2)",0.0,206528.8594,2108.9358,81281756.0,33.0,
/data/data/DA25S005/miccai_tbi/MultiTalentV2_finetuning/MICCAI_AIMS_TBI/scan_0935_Lesion.nii.gz,scan_0935_Lesion.nii.gz,0935,Lesion,nii.gz,0.023,"(256, 180, 256)",3.0,float32,"(1.0, 1.0, 1.0)",0.0,0.0,0.0,0.0,,
/data/data/DA25S005/miccai_tbi/MultiTalentV2_finetuning/MICCAI_AIMS_TBI/scan_0935_T1.nii.gz,scan_0935_T1.nii.gz,0935,T1,nii.gz,8.053,"(256, 180, 256)",3.0,float32,"(1.0, 1.0, 1.0)",0.0,2481127.5,123827.2891,5036596.0,,
/data/data/DA25S005/miccai_tbi/MultiTalentV2_finetuning/MICCAI_AIMS_TBI/scan_0935_bval.txt,scan_0935_bval.txt,0935,bval,txt,0.0,"(1, 33)",1.0,float64,,0.0,700.0,,,,
/data/data/DA25S005/miccai_tbi/MultiTalentV2_finetuning/MICCAI_AIMS_TBI/scan_0935_bvec.txt,scan_0935_bvec.txt,0935,bvec,txt,0.001,"(3, 33)",2.0,float64,,-1.0,1.0,,,,
/data/data/DA25S005/miccai_tbi/MultiTalentV2_finetuning/MICCAI_AIMS_TBI/scan_0935_dMRI.nii.gz,scan_0935_dMRI.nii.gz,0935,dMRI,nii.gz,82.53,"(256, 256, 60, 33)",4.0,float32,"(0.828, 0.828, 2.2)",0.0,272625.3125,4756.9546,79595459.0,33.0,
/data/data/DA25S005/miccai_tbi/MultiTalentV2_finetuning/MICCAI_AIMS_TBI/scan_0936_Lesion.nii.gz,scan_0936_Lesion.nii.gz,0936,Lesion,nii.gz,0.033,"(256, 256, 256)",3.0,float32,"(1.0, 1.0, 1.0)",0.0,0.0,0.0,0.0,,
/data/data/DA25S005/miccai_tbi/MultiTalentV2_finetuning/MICCAI_AIMS_TBI/scan_0936_T1.nii.gz,scan_0936_T1.nii.gz,0936,T1,nii.gz,35.22,"(256, 256, 256)",3.0,float32,"(1.0, 1.0, 1.0)",0.0,4874.3223,291.2368,10043732.0,,
/data/data/DA25S005/miccai_tbi/MultiTalentV2_finetuning/MICCAI_AIMS_TBI/scan_0938_Lesion.nii.gz,scan_0938_Lesion.nii.gz,0938,Lesion,nii.gz,0.033,"(256, 256, 256)",3.0,float32,"(1.0, 1.0, 1.0)",0.0,0.0,0.0,0.0,,
/data/data/DA25S005/miccai_tbi/MultiTalentV2_finetuning/MICCAI_AIMS_TBI/scan_0938_T1.nii.gz,scan_0938_T1.nii.gz,0938,T1,nii.gz,5.209,"(256, 256, 256)",3.0,float32,"(1.0, 1.0, 1.0)",0.0,1184352.625,25497.1855,3772834.0,,
/data/data/DA25S005/miccai_tbi/MultiTalentV2_finetuning/MICCAI_AIMS_TBI/scan_0940_Lesion.nii.gz,scan_0940_Lesion.nii.gz,0940,Lesion,nii.gz,0.033,"(256, 256, 256)",3.0,float32,"(1.0, 1.0, 1.0)",0.0,0.0,0.0,0.0,,
/data/data/DA25S005/miccai_tbi/MultiTalentV2_finetuning/MICCAI_AIMS_TBI/scan_0940_T1.nii.gz,scan_0940_T1.nii.gz,0940,T1,nii.gz,30.802,"(256, 256, 256)",3.0,float32,"(1.0, 1.0, 1.0)",0.0,8368.9941,398.751,8586494.0,,
/data/data/DA25S005/miccai_tbi/MultiTalentV2_finetuning/MICCAI_AIMS_TBI/scan_0941_Lesion.nii.gz,scan_0941_Lesion.nii.gz,0941,Lesion,nii.gz,0.035,"(256, 256, 256)",3.0,float32,"(1.0, 1.0, 1.0)",0.0,1.0,0.0006,10419.0,,
/data/data/DA25S005/miccai_tbi/MultiTalentV2_finetuning/MICCAI_AIMS_TBI/scan_0941_T1.nii.gz,scan_0941_T1.nii.gz,0941,T1,nii.gz,32.462,"(256, 256, 256)",3.0,float32,"(1.0, 1.0, 1.0)",0.0,7862.1299,504.1294,9137173.0,,
/data/data/DA25S005/miccai_tbi/MultiTalentV2_finetuning/MICCAI_AIMS_TBI/scan_0942_Lesion.nii.gz,scan_0942_Lesion.nii.gz,0942,Lesion,nii.gz,0.037,"(256, 256, 256)",3.0,float32,"(1.0, 1.0, 1.0)",0.0,5.0,0.001,10124.0,,
/data/data/DA25S005/miccai_tbi/MultiTalentV2_finetuning/MICCAI_AIMS_TBI/scan_0942_T1.nii.gz,scan_0942_T1.nii.gz,0942,T1,nii.gz,9.018,"(256, 256, 256)",3.0,float32,"(1.0, 1.0, 1.0)",0.0,861.0,48.344,6258351.0,,
/data/data/DA25S005/miccai_tbi/MultiTalentV2_finetuning/MICCAI_AIMS_TBI/scan_0942_bval.txt,scan_0942_bval.txt,0942,bval,txt,0.0,"(1, 16)",1.0,float64,,0.0,860.0,,,,
/data/data/DA25S005/miccai_tbi/MultiTalentV2_finetuning/MICCAI_AIMS_TBI/scan_0942_bvec.txt,scan_0942_bvec.txt,0942,bvec,txt,0.001,"(3, 16)",2.0,float64,,-1.0,1.0,,,,
/data/data/DA25S005/miccai_tbi/MultiTalentV2_finetuning/MICCAI_AIMS_TBI/scan_0942_dMRI.nii.gz,scan_0942_dMRI.nii.gz,0942,dMRI,nii.gz,15.742,"(128, 128, 55, 17)",4.0,float32,"(2.0, 2.0, 2.7)",0.0,2014461.375,14841.0352,13943321.0,17.0,
/data/data/DA25S005/miccai_tbi/MultiTalentV2_finetuning/MICCAI_AIMS_TBI/scan_0943_Lesion.nii.gz,scan_0943_Lesion.nii.gz,0943,Lesion,nii.gz,0.033,"(256, 256, 256)",3.0,float32,"(1.0, 1.0, 1.0)",0.0,1.0,0.0,95.0,,
/data/data/DA25S005/miccai_tbi/MultiTalentV2_finetuning/MICCAI_AIMS_TBI/scan_0943_T1.nii.gz,scan_0943_T1.nii.gz,0943,T1,nii.gz,11.978,"(256, 256, 256)",3.0,float32,"(1.0, 1.0, 1.0)",0.0,1487.0,84.2122,6683043.0,,
/data/data/DA25S005/miccai_tbi/MultiTalentV2_finetuning/MICCAI_AIMS_TBI/scan_0945_Lesion.nii.gz,scan_0945_Lesion.nii.gz,0945,Lesion,nii.gz,0.035,"(256, 256, 256)",3.0,float32,"(1.0, 1.0, 1.0)",0.0,5.0,0.0004,5102.0,,
/data/data/DA25S005/miccai_tbi/MultiTalentV2_finetuning/MICCAI_AIMS_TBI/scan_0945_T1.nii.gz,scan_0945_T1.nii.gz,0945,T1,nii.gz,16.765,"(256, 256, 256)",3.0,float32,"(1.0, 1.0, 1.0)",0.0,805.318,33.5831,5652081.0,,
/data/data/DA25S005/miccai_tbi/MultiTalentV2_finetuning/MICCAI_AIMS_TBI/scan_0950_Lesion.nii.gz,scan_0950_Lesion.nii.gz,0950,Lesion,nii.gz,0.033,"(256, 256, 256)",3.0,float32,"(1.0, 1.0, 1.0)",0.0,0.0,0.0,0.0,,
/data/data/DA25S005/miccai_tbi/MultiTalentV2_finetuning/MICCAI_AIMS_TBI/scan_0950_T1.nii.gz,scan_0950_T1.nii.gz,0950,T1,nii.gz,12.078,"(256, 256, 256)",3.0,float32,"(1.0, 1.0, 1.0)",0.0,809.0,40.2872,11326333.0,,
/data/data/DA25S005/miccai_tbi/MultiTalentV2_finetuning/MICCAI_AIMS_TBI/scan_0951_Lesion.nii.gz,scan_0951_Lesion.nii.gz,0951,Lesion,nii.gz,0.034,"(256, 256, 256)",3.0,float32,"(1.0, 1.0, 1.0)",0.0,1.0,0.0001,2121.0,,
/data/data/DA25S005/miccai_tbi/MultiTalentV2_finetuning/MICCAI_AIMS_TBI/scan_0951_T1.nii.gz,scan_0951_T1.nii.gz,0951,T1,nii.gz,8.806,"(256, 256, 256)",3.0,float32,"(1.0, 1.0, 1.0)",0.0,1094.0,50.4901,5323595.0,,
/data/data/DA25S005/miccai_tbi/MultiTalentV2_finetuning/MICCAI_AIMS_TBI/scan_0952_Lesion.nii.gz,scan_0952_Lesion.nii.gz,0952,Lesion,nii.gz,0.034,"(256, 256, 256)",3.0,float32,"(1.0, 1.0, 1.0)",0.0,5.0,0.0003,3408.0,,
/data/data/DA25S005/miccai_tbi/MultiTalentV2_finetuning/MICCAI_AIMS_TBI/scan_0952_T1.nii.gz,scan_0952_T1.nii.gz,0952,T1,nii.gz,31.871,"(256, 256, 256)",3.0,float32,"(1.0, 1.0, 1.0)",0.0,8865.9473,290.8366,9089423.0,,
/data/data/DA25S005/miccai_tbi/MultiTalentV2_finetuning/MICCAI_AIMS_TBI/scan_0953_Lesion.nii.gz,scan_0953_Lesion.nii.gz,0953,Lesion,nii.gz,0.034,"(256, 256, 256)",3.0,float32,"(1.0, 1.0, 1.0)",0.0,1.0,0.0001,1785.0,,
/data/data/DA25S005/miccai_tbi/MultiTalentV2_finetuning/MICCAI_AIMS_TBI/scan_0953_T1.nii.gz,scan_0953_T1.nii.gz,0953,T1,nii.gz,10.235,"(256, 256, 256)",3.0,float32,"(1.0, 1.0, 1.0)",0.0,1059.0,48.7005,6877985.0,,
/data/data/DA25S005/miccai_tbi/MultiTalentV2_finetuning/MICCAI_AIMS_TBI/scan_0957_Lesion.nii.gz,scan_0957_Lesion.nii.gz,0957,Lesion,nii.gz,0.033,"(256, 256, 256)",3.0,float32,"(1.0, 1.0, 1.0)",0.0,1.0,0.0,514.0,,
/data/data/DA25S005/miccai_tbi/MultiTalentV2_finetuning/MICCAI_AIMS_TBI/scan_0957_T1.nii.gz,scan_0957_T1.nii.gz,0957,T1,nii.gz,39.653,"(256, 256, 256)",3.0,float32,"(1.0, 1.0, 1.0)",0.0,1240.5398,35.3645,10998469.0,,
/data/data/DA25S005/miccai_tbi/MultiTalentV2_finetuning/MICCAI_AIMS_TBI/scan_0957_bval.txt,scan_0957_bval.txt,0957,bval,txt,0.0,"(1, 65)",1.0,float64,,0.0,1000.0,,,,
/data/data/DA25S005/miccai_tbi/MultiTalentV2_finetuning/MICCAI_AIMS_TBI/scan_0957_bvec.txt,scan_0957_bvec.txt,0957,bvec,txt,0.003,"(65, 3)",2.0,float64,,-0.9641,1.0,,,,
/data/data/DA25S005/miccai_tbi/MultiTalentV2_finetuning/MICCAI_AIMS_TBI/scan_0957_dMRI.nii.gz,scan_0957_dMRI.nii.gz,0957,dMRI,nii.gz,80.782,"(128, 128, 75, 65)",4.0,float32,"(2.0, 2.0, 2.0)",0.0,2411.0,51.9404,79257298.0,65.0,
/data/data/DA25S005/miccai_tbi/MultiTalentV2_finetuning/MICCAI_AIMS_TBI/scan_0961_Lesion.nii.gz,scan_0961_Lesion.nii.gz,0961,Lesion,nii.gz,0.033,"(256, 256, 256)",3.0,float32,"(1.0, 1.0, 1.0)",0.0,5.0,0.0002,589.0,,
/data/data/DA25S005/miccai_tbi/MultiTalentV2_finetuning/MICCAI_AIMS_TBI/scan_0961_T1.nii.gz,scan_0961_T1.nii.gz,0961,T1,nii.gz,20.458,"(256, 256, 256)",3.0,float32,"(1.0, 1.0, 1.0)",0.0,938.7272,35.2939,7187308.0,,
/data/data/DA25S005/miccai_tbi/MultiTalentV2_finetuning/MICCAI_AIMS_TBI/scan_0964_Lesion.nii.gz,scan_0964_Lesion.nii.gz,0964,Lesion,nii.gz,0.034,"(256, 256, 256)",3.0,float32,"(1.0, 1.0, 1.0)",0.0,5.0,0.0001,1494.0,,
/data/data/DA25S005/miccai_tbi/MultiTalentV2_finetuning/MICCAI_AIMS_TBI/scan_0964_T1.nii.gz,scan_0964_T1.nii.gz,0964,T1,nii.gz,39.704,"(256, 256, 256)",3.0,float32,"(1.0, 1.0, 1.0)",0.0,1239.7063,35.8366,10998710.0,,
/data/data/DA25S005/miccai_tbi/MultiTalentV2_finetuning/MICCAI_AIMS_TBI/scan_0964_bval.txt,scan_0964_bval.txt,0964,bval,txt,0.0,"(1, 65)",1.0,float64,,0.0,1000.0,,,,
/data/data/DA25S005/miccai_tbi/MultiTalentV2_finetuning/MICCAI_AIMS_TBI/scan_0964_bvec.txt,scan_0964_bvec.txt,0964,bvec,txt,0.003,"(65, 3)",2.0,float64,,-1.0,1.0,,,,
/data/data/DA25S005/miccai_tbi/MultiTalentV2_finetuning/MICCAI_AIMS_TBI/scan_0964_dMRI.nii.gz,scan_0964_dMRI.nii.gz,0964,dMRI,nii.gz,78.831,"(128, 128, 75, 65)",4.0,float32,"(2.0, 2.0, 2.0)",0.0,1590.0,48.1664,79224696.0,65.0,
/data/data/DA25S005/miccai_tbi/MultiTalentV2_finetuning/MICCAI_AIMS_TBI/scan_0971_Lesion.nii.gz,scan_0971_Lesion.nii.gz,0971,Lesion,nii.gz,0.033,"(256, 256, 256)",3.0,float32,"(1.0, 1.0, 1.0)",0.0,5.0,0.0001,479.0,,
/data/data/DA25S005/miccai_tbi/MultiTalentV2_finetuning/MICCAI_AIMS_TBI/scan_0971_T1.nii.gz,scan_0971_T1.nii.gz,0971,T1,nii.gz,7.118,"(256, 256, 256)",3.0,float32,"(1.0, 1.0, 1.0)",0.0,3074.6592,152.5011,4629342.0,,
/data/data/DA25S005/miccai_tbi/MultiTalentV2_finetuning/MICCAI_AIMS_TBI/scan_0971_bval.txt,scan_0971_bval.txt,0971,bval,txt,0.0,"(1, 33)",1.0,float64,,0.0,1000.0,,,,
/data/data/DA25S005/miccai_tbi/MultiTalentV2_finetuning/MICCAI_AIMS_TBI/scan_0971_bvec.txt,scan_0971_bvec.txt,0971,bvec,txt,0.002,"(3, 33)",2.0,float64,,-1.0,1.0,,,,
/data/data/DA25S005/miccai_tbi/MultiTalentV2_finetuning/MICCAI_AIMS_TBI/scan_0971_dMRI.nii.gz,scan_0971_dMRI.nii.gz,0971,dMRI,nii.gz,18.454,"(128, 128, 70, 33)",4.0,float32,"(1.75, 1.75, 2.0)",0.0,10303.2314,84.3909,18241238.0,33.0,
/data/data/DA25S005/miccai_tbi/MultiTalentV2_finetuning/MICCAI_AIMS_TBI/scan_0977_Lesion.nii.gz,scan_0977_Lesion.nii.gz,0977,Lesion,nii.gz,0.033,"(256, 256, 256)",3.0,float32,"(1.0, 1.0, 1.0)",0.0,0.0,0.0,0.0,,
/data/data/DA25S005/miccai_tbi/MultiTalentV2_finetuning/MICCAI_AIMS_TBI/scan_0977_T1.nii.gz,scan_0977_T1.nii.gz,0977,T1,nii.gz,12.595,"(256, 256, 256)",3.0,float32,"(1.0, 1.0, 1.0)",0.0,958.0,38.1688,11444395.0,,
/data/data/DA25S005/miccai_tbi/MultiTalentV2_finetuning/MICCAI_AIMS_TBI/scan_0978_Lesion.nii.gz,scan_0978_Lesion.nii.gz,0978,Lesion,nii.gz,0.033,"(256, 256, 256)",3.0,float32,"(1.0, 1.0, 1.0)",0.0,0.0,0.0,0.0,,
/data/data/DA25S005/miccai_tbi/MultiTalentV2_finetuning/MICCAI_AIMS_TBI/scan_0978_T1.nii.gz,scan_0978_T1.nii.gz,0978,T1,nii.gz,14.382,"(256, 256, 256)",3.0,float32,"(1.0, 1.0, 1.0)",0.0,1113.0,48.7351,11444398.0,,
/data/data/DA25S005/miccai_tbi/MultiTalentV2_finetuning/MICCAI_AIMS_TBI/scan_0979_Lesion.nii.gz,scan_0979_Lesion.nii.gz,0979,Lesion,nii.gz,0.04,"(256, 256, 256)",3.0,float32,"(1.0, 1.0, 1.0)",0.0,5.0,0.0017,24016.0,,
/data/data/DA25S005/miccai_tbi/MultiTalentV2_finetuning/MICCAI_AIMS_TBI/scan_0979_T1.nii.gz,scan_0979_T1.nii.gz,0979,T1,nii.gz,23.787,"(256, 256, 256)",3.0,float32,"(1.0, 1.0, 1.0)",0.0,2554.3147,143.6561,7589308.0,,
/data/data/DA25S005/miccai_tbi/MultiTalentV2_finetuning/MICCAI_AIMS_TBI/scan_0979_bval.txt,scan_0979_bval.txt,0979,bval,txt,0.0,"(1, 16)",1.0,float64,,0.0,860.0,,,,
/data/data/DA25S005/miccai_tbi/MultiTalentV2_finetuning/MICCAI_AIMS_TBI/scan_0979_bvec.txt,scan_0979_bvec.txt,0979,bvec,txt,0.001,"(3, 16)",2.0,float64,,-1.0,1.0,,,,
/data/data/DA25S005/miccai_tbi/MultiTalentV2_finetuning/MICCAI_AIMS_TBI/scan_0979_dMRI.nii.gz,scan_0979_dMRI.nii.gz,0979,dMRI,nii.gz,12.516,"(128, 128, 57, 16)",4.0,float32,"(2.0, 2.0, 2.7)",0.0,8312.9629,63.6651,13678499.0,16.0,
/data/data/DA25S005/miccai_tbi/MultiTalentV2_finetuning/MICCAI_AIMS_TBI/scan_0982_Lesion.nii.gz,scan_0982_Lesion.nii.gz,0982,Lesion,nii.gz,0.033,"(256, 256, 256)",3.0,float32,"(1.0, 1.0, 1.0)",0.0,1.0,0.0,204.0,,
/data/data/DA25S005/miccai_tbi/MultiTalentV2_finetuning/MICCAI_AIMS_TBI/scan_0982_T1.nii.gz,scan_0982_T1.nii.gz,0982,T1,nii.gz,31.263,"(256, 256, 256)",3.0,float32,"(1.0, 1.0, 1.0)",0.0,951.6365,54.7566,10717759.0,,
/data/data/DA25S005/miccai_tbi/MultiTalentV2_finetuning/MICCAI_AIMS_TBI/scan_0982_bval.txt,scan_0982_bval.txt,0982,bval,txt,0.0,"(1, 65)",1.0,float64,,0.0,1000.0,,,,
/data/data/DA25S005/miccai_tbi/MultiTalentV2_finetuning/MICCAI_AIMS_TBI/scan_0982_bvec.txt,scan_0982_bvec.txt,0982,bvec,txt,0.003,"(3, 65)",2.0,float64,,-0.9912,1.0,,,,
/data/data/DA25S005/miccai_tbi/MultiTalentV2_finetuning/MICCAI_AIMS_TBI/scan_0982_dMRI.nii.gz,scan_0982_dMRI.nii.gz,0982,dMRI,nii.gz,37.945,"(96, 96, 60, 65)",4.0,float32,"(2.208, 2.208, 2.42)",0.0,4095.0,46.2145,35441293.0,65.0,
/data/data/DA25S005/miccai_tbi/MultiTalentV2_finetuning/MICCAI_AIMS_TBI/scan_0984_Lesion.nii.gz,scan_0984_Lesion.nii.gz,0984,Lesion,nii.gz,0.033,"(256, 256, 256)",3.0,float32,"(1.0, 1.0, 1.0)",0.0,1.0,0.0,369.0,,
/data/data/DA25S005/miccai_tbi/MultiTalentV2_finetuning/MICCAI_AIMS_TBI/scan_0984_T1.nii.gz,scan_0984_T1.nii.gz,0984,T1,nii.gz,39.658,"(256, 256, 256)",3.0,float32,"(1.0, 1.0, 1.0)",0.0,1022.9812,36.0744,10998302.0,,
/data/data/DA25S005/miccai_tbi/MultiTalentV2_finetuning/MICCAI_AIMS_TBI/scan_0984_bval.txt,scan_0984_bval.txt,0984,bval,txt,0.0,"(1, 65)",1.0,float64,,0.0,1000.0,,,,
/data/data/DA25S005/miccai_tbi/MultiTalentV2_finetuning/MICCAI_AIMS_TBI/scan_0984_bvec.txt,scan_0984_bvec.txt,0984,bvec,txt,0.003,"(65, 3)",2.0,float64,,-0.9641,1.0,,,,
/data/data/DA25S005/miccai_tbi/MultiTalentV2_finetuning/MICCAI_AIMS_TBI/scan_0984_dMRI.nii.gz,scan_0984_dMRI.nii.gz,0984,dMRI,nii.gz,79.896,"(128, 128, 75, 65)",4.0,float32,"(2.0, 2.0, 2.0)",0.0,2189.0,49.1736,79233167.0,65.0,
/data/data/DA25S005/miccai_tbi/MultiTalentV2_finetuning/MICCAI_AIMS_TBI/scan_0986_Lesion.nii.gz,scan_0986_Lesion.nii.gz,0986,Lesion,nii.gz,0.033,"(256, 256, 256)",3.0,float32,"(1.0, 1.0, 1.0)",0.0,0.0,0.0,0.0,,
/data/data/DA25S005/miccai_tbi/MultiTalentV2_finetuning/MICCAI_AIMS_TBI/scan_0986_T1.nii.gz,scan_0986_T1.nii.gz,0986,T1,nii.gz,30.597,"(256, 256, 256)",3.0,float32,"(1.0, 1.0, 1.0)",0.0,8710.2588,367.544,8579019.0,,
/data/data/DA25S005/miccai_tbi/MultiTalentV2_finetuning/MICCAI_AIMS_TBI/scan_0989_Lesion.nii.gz,scan_0989_Lesion.nii.gz,0989,Lesion,nii.gz,0.033,"(256, 256, 256)",3.0,float32,"(1.0, 1.0, 1.0)",0.0,4.0,0.0,328.0,,
/data/data/DA25S005/miccai_tbi/MultiTalentV2_finetuning/MICCAI_AIMS_TBI/scan_0989_T1.nii.gz,scan_0989_T1.nii.gz,0989,T1,nii.gz,31.586,"(256, 256, 256)",3.0,float32,"(1.0, 1.0, 1.0)",0.0,882.5455,58.7736,10718098.0,,
/data/data/DA25S005/miccai_tbi/MultiTalentV2_finetuning/MICCAI_AIMS_TBI/scan_0989_bval.txt,scan_0989_bval.txt,0989,bval,txt,0.0,"(1, 65)",1.0,float64,,0.0,1000.0,,,,
/data/data/DA25S005/miccai_tbi/MultiTalentV2_finetuning/MICCAI_AIMS_TBI/scan_0989_bvec.txt,scan_0989_bvec.txt,0989,bvec,txt,0.003,"(3, 65)",2.0,float64,,-0.9757,0.9988,,,,
/data/data/DA25S005/miccai_tbi/MultiTalentV2_finetuning/MICCAI_AIMS_TBI/scan_0989_dMRI.nii.gz,scan_0989_dMRI.nii.gz,0989,dMRI,nii.gz,38.556,"(96, 96, 60, 65)",4.0,float32,"(2.208, 2.208, 2.42)",0.0,4095.0,51.236,35452411.0,65.0,
/data/data/DA25S005/miccai_tbi/MultiTalentV2_finetuning/MICCAI_AIMS_TBI/scan_0993_Lesion.nii.gz,scan_0993_Lesion.nii.gz,0993,Lesion,nii.gz,0.033,"(256, 256, 256)",3.0,float32,"(1.0, 1.0, 1.0)",0.0,0.0,0.0,0.0,,
/data/data/DA25S005/miccai_tbi/MultiTalentV2_finetuning/MICCAI_AIMS_TBI/scan_0993_T1.nii.gz,scan_0993_T1.nii.gz,0993,T1,nii.gz,13.258,"(256, 256, 256)",3.0,float32,"(1.0, 1.0, 1.0)",0.0,1120.0,54.0615,11392433.0,,
/data/data/DA25S005/miccai_tbi/MultiTalentV2_finetuning/MICCAI_AIMS_TBI/scan_0994_Lesion.nii.gz,scan_0994_Lesion.nii.gz,0994,Lesion,nii.gz,0.044,"(256, 256, 256)",3.0,float32,"(1.0, 1.0, 1.0)",0.0,1.0,0.0032,53561.0,,
/data/data/DA25S005/miccai_tbi/MultiTalentV2_finetuning/MICCAI_AIMS_TBI/scan_0994_T1.nii.gz,scan_0994_T1.nii.gz,0994,T1,nii.gz,12.763,"(256, 256, 256)",3.0,float32,"(1.0, 1.0, 1.0)",0.0,997.0,49.1973,11345717.0,,
/data/data/DA25S005/miccai_tbi/MultiTalentV2_finetuning/MICCAI_AIMS_TBI/scan_0995_Lesion.nii.gz,scan_0995_Lesion.nii.gz,0995,Lesion,nii.gz,0.033,"(256, 256, 256)",3.0,float32,"(1.0, 1.0, 1.0)",0.0,0.0,0.0,0.0,,
/data/data/DA25S005/miccai_tbi/MultiTalentV2_finetuning/MICCAI_AIMS_TBI/scan_0995_T1.nii.gz,scan_0995_T1.nii.gz,0995,T1,nii.gz,34.634,"(256, 256, 256)",3.0,float32,"(1.0, 1.0, 1.0)",0.0,9741.0312,405.8353,9766296.0,,
/data/data/DA25S005/miccai_tbi/MultiTalentV2_finetuning/MICCAI_AIMS_TBI/scan_1003_Lesion.nii.gz,scan_1003_Lesion.nii.gz,1003,Lesion,nii.gz,0.033,"(256, 256, 256)",3.0,float32,"(1.0, 1.0, 1.0)",0.0,0.0,0.0,0.0,,
/data/data/DA25S005/miccai_tbi/MultiTalentV2_finetuning/MICCAI_AIMS_TBI/scan_1003_T1.nii.gz,scan_1003_T1.nii.gz,1003,T1,nii.gz,12.368,"(256, 256, 256)",3.0,float32,"(1.0, 1.0, 1.0)",0.0,1041.0,41.3499,11409516.0,,
/data/data/DA25S005/miccai_tbi/MultiTalentV2_finetuning/MICCAI_AIMS_TBI/scan_1004_Lesion.nii.gz,scan_1004_Lesion.nii.gz,1004,Lesion,nii.gz,0.033,"(256, 256, 256)",3.0,float32,"(1.0, 1.0, 1.0)",0.0,1.0,0.0001,1884.0,,
/data/data/DA25S005/miccai_tbi/MultiTalentV2_finetuning/MICCAI_AIMS_TBI/scan_1004_T1.nii.gz,scan_1004_T1.nii.gz,1004,T1,nii.gz,39.833,"(256, 256, 256)",3.0,float32,"(1.0, 1.0, 1.0)",0.0,538.5941,32.0612,10997665.0,,
/data/data/DA25S005/miccai_tbi/MultiTalentV2_finetuning/MICCAI_AIMS_TBI/scan_1004_bval.txt,scan_1004_bval.txt,1004,bval,txt,0.0,"(1, 65)",1.0,float64,,0.0,1000.0,,,,
/data/data/DA25S005/miccai_tbi/MultiTalentV2_finetuning/MICCAI_AIMS_TBI/scan_1004_bvec.txt,scan_1004_bvec.txt,1004,bvec,txt,0.003,"(65, 3)",2.0,float64,,-0.9641,1.0,,,,
/data/data/DA25S005/miccai_tbi/MultiTalentV2_finetuning/MICCAI_AIMS_TBI/scan_1004_dMRI.nii.gz,scan_1004_dMRI.nii.gz,1004,dMRI,nii.gz,81.693,"(128, 128, 75, 65)",4.0,float32,"(2.0, 2.0, 2.0)",0.0,2175.0,50.97,79257584.0,65.0,
/data/data/DA25S005/miccai_tbi/MultiTalentV2_finetuning/MICCAI_AIMS_TBI/scan_1005_Lesion.nii.gz,scan_1005_Lesion.nii.gz,1005,Lesion,nii.gz,0.033,"(256, 256, 256)",3.0,float32,"(1.0, 1.0, 1.0)",0.0,0.0,0.0,0.0,,
/data/data/DA25S005/miccai_tbi/MultiTalentV2_finetuning/MICCAI_AIMS_TBI/scan_1005_T1.nii.gz,scan_1005_T1.nii.gz,1005,T1,nii.gz,11.785,"(256, 256, 256)",3.0,float32,"(1.0, 1.0, 1.0)",0.0,755.0,36.4624,11190919.0,,
/data/data/DA25S005/miccai_tbi/MultiTalentV2_finetuning/MICCAI_AIMS_TBI/scan_1006_Lesion.nii.gz,scan_1006_Lesion.nii.gz,1006,Lesion,nii.gz,0.161,"(256, 256, 256)",3.0,float32,"(1.0, 1.0, 1.0)",0.0,6.0,0.0089,25060.0,,
/data/data/DA25S005/miccai_tbi/MultiTalentV2_finetuning/MICCAI_AIMS_TBI/scan_1006_T1.nii.gz,scan_1006_T1.nii.gz,1006,T1,nii.gz,23.053,"(256, 256, 256)",3.0,float32,"(1.0, 1.0, 1.0)",0.0,3115.2354,160.5489,7111572.0,,
/data/data/DA25S005/miccai_tbi/MultiTalentV2_finetuning/MICCAI_AIMS_TBI/scan_1014_Lesion.nii.gz,scan_1014_Lesion.nii.gz,1014,Lesion,nii.gz,0.026,"(256, 200, 256)",3.0,float32,"(1.0, 1.0, 1.0)",0.0,0.0,0.0,0.0,,
/data/data/DA25S005/miccai_tbi/MultiTalentV2_finetuning/MICCAI_AIMS_TBI/scan_1014_T1.nii.gz,scan_1014_T1.nii.gz,1014,T1,nii.gz,7.19,"(256, 200, 256)",3.0,float32,"(1.0, 1.0, 1.0)",0.0,2536824.0,98133.5781,4639857.0,,
/data/data/DA25S005/miccai_tbi/MultiTalentV2_finetuning/MICCAI_AIMS_TBI/scan_1014_bval.txt,scan_1014_bval.txt,1014,bval,txt,0.0,"(1, 33)",1.0,float64,,0.0,700.0,,,,
/data/data/DA25S005/miccai_tbi/MultiTalentV2_finetuning/MICCAI_AIMS_TBI/scan_1014_bvec.txt,scan_1014_bvec.txt,1014,bvec,txt,0.001,"(3, 33)",2.0,float64,,-1.0,1.0,,,,
/data/data/DA25S005/miccai_tbi/MultiTalentV2_finetuning/MICCAI_AIMS_TBI/scan_1014_dMRI.nii.gz,scan_1014_dMRI.nii.gz,1014,dMRI,nii.gz,77.644,"(256, 256, 60, 33)",4.0,float32,"(0.828, 0.828, 2.2)",0.0,310862.6875,5111.77,70691022.0,33.0,
/data/data/DA25S005/miccai_tbi/MultiTalentV2_finetuning/MICCAI_AIMS_TBI/scan_1020_Lesion.nii.gz,scan_1020_Lesion.nii.gz,1020,Lesion,nii.gz,0.066,"(256, 256, 256)",3.0,float32,"(1.0, 1.0, 1.0)",0.0,5.0,0.0001,698.0,,
/data/data/DA25S005/miccai_tbi/MultiTalentV2_finetuning/MICCAI_AIMS_TBI/scan_1020_T1.nii.gz,scan_1020_T1.nii.gz,1020,T1,nii.gz,23.444,"(256, 256, 256)",3.0,float32,"(1.0, 1.0, 1.0)",0.0,1144.0804,57.4237,6575937.0,,
/data/data/DA25S005/miccai_tbi/MultiTalentV2_finetuning/MICCAI_AIMS_TBI/scan_1020_bval.txt,scan_1020_bval.txt,1020,bval,txt,0.0,"(1, 31)",1.0,float64,,0.0,700.0,,,,
/data/data/DA25S005/miccai_tbi/MultiTalentV2_finetuning/MICCAI_AIMS_TBI/scan_1020_bvec.txt,scan_1020_bvec.txt,1020,bvec,txt,0.001,"(3, 31)",2.0,float64,,-0.9839,0.984,,,,
/data/data/DA25S005/miccai_tbi/MultiTalentV2_finetuning/MICCAI_AIMS_TBI/scan_1020_dMRI.nii.gz,scan_1020_dMRI.nii.gz,1020,dMRI,nii.gz,32.297,"(144, 132, 65, 31)",4.0,float32,"(2.0, 2.0, 2.0)",0.0,4095.0,43.6307,36425902.0,31.0,
/data/data/DA25S005/miccai_tbi/MultiTalentV2_finetuning/MICCAI_AIMS_TBI/scan_1021_Lesion.nii.gz,scan_1021_Lesion.nii.gz,1021,Lesion,nii.gz,0.033,"(256, 256, 256)",3.0,float32,"(1.0, 1.0, 1.0)",0.0,1.0,0.0,39.0,,
/data/data/DA25S005/miccai_tbi/MultiTalentV2_finetuning/MICCAI_AIMS_TBI/scan_1021_T1.nii.gz,scan_1021_T1.nii.gz,1021,T1,nii.gz,28.226,"(256, 256, 256)",3.0,float32,"(1.0, 1.0, 1.0)",0.0,9173.9238,346.2583,7915843.0,,
/data/data/DA25S005/miccai_tbi/MultiTalentV2_finetuning/MICCAI_AIMS_TBI/scan_1022_Lesion.nii.gz,scan_1022_Lesion.nii.gz,1022,Lesion,nii.gz,0.067,"(256, 256, 256)",3.0,float32,"(1.0, 1.0, 1.0)",0.0,5.0,0.0002,1448.0,,
/data/data/DA25S005/miccai_tbi/MultiTalentV2_finetuning/MICCAI_AIMS_TBI/scan_1022_T1.nii.gz,scan_1022_T1.nii.gz,1022,T1,nii.gz,15.719,"(256, 256, 256)",3.0,float32,"(1.0, 1.0, 1.0)",0.0,998.0,83.102,10396101.0,,
/data/data/DA25S005/miccai_tbi/MultiTalentV2_finetuning/MICCAI_AIMS_TBI/scan_1023_Lesion.nii.gz,scan_1023_Lesion.nii.gz,1023,Lesion,nii.gz,0.033,"(256, 256, 256)",3.0,float32,"(1.0, 1.0, 1.0)",0.0,1.0,0.0001,1118.0,,
/data/data/DA25S005/miccai_tbi/MultiTalentV2_finetuning/MICCAI_AIMS_TBI/scan_1023_T1.nii.gz,scan_1023_T1.nii.gz,1023,T1,nii.gz,39.672,"(256, 256, 256)",3.0,float32,"(1.0, 1.0, 1.0)",0.0,1739.9559,42.7546,10999845.0,,
/data/data/DA25S005/miccai_tbi/MultiTalentV2_finetuning/MICCAI_AIMS_TBI/scan_1023_bval.txt,scan_1023_bval.txt,1023,bval,txt,0.0,"(1, 65)",1.0,float64,,0.0,1000.0,,,,
/data/data/DA25S005/miccai_tbi/MultiTalentV2_finetuning/MICCAI_AIMS_TBI/scan_1023_bvec.txt,scan_1023_bvec.txt,1023,bvec,txt,0.003,"(65, 3)",2.0,float64,,-0.9641,1.0,,,,
/data/data/DA25S005/miccai_tbi/MultiTalentV2_finetuning/MICCAI_AIMS_TBI/scan_1023_dMRI.nii.gz,scan_1023_dMRI.nii.gz,1023,dMRI,nii.gz,83.522,"(128, 128, 75, 65)",4.0,float32,"(2.0, 2.0, 2.0)",0.0,3210.0,60.6806,79257283.0,65.0,
/data/data/DA25S005/miccai_tbi/MultiTalentV2_finetuning/MICCAI_AIMS_TBI/scan_1024_Lesion.nii.gz,scan_1024_Lesion.nii.gz,1024,Lesion,nii.gz,0.033,"(256, 256, 256)",3.0,float32,"(1.0, 1.0, 1.0)",0.0,0.0,0.0,0.0,,
/data/data/DA25S005/miccai_tbi/MultiTalentV2_finetuning/MICCAI_AIMS_TBI/scan_1024_T1.nii.gz,scan_1024_T1.nii.gz,1024,T1,nii.gz,33.184,"(256, 256, 256)",3.0,float32,"(1.0, 1.0, 1.0)",0.0,8373.877,498.0853,9347646.0,,
/data/data/DA25S005/miccai_tbi/MultiTalentV2_finetuning/MICCAI_AIMS_TBI/scan_1027_Lesion.nii.gz,scan_1027_Lesion.nii.gz,1027,Lesion,nii.gz,0.067,"(256, 256, 256)",3.0,float32,"(1.0, 1.0, 1.0)",0.0,5.0,0.0003,4538.0,,
/data/data/DA25S005/miccai_tbi/MultiTalentV2_finetuning/MICCAI_AIMS_TBI/scan_1027_T1.nii.gz,scan_1027_T1.nii.gz,1027,T1,nii.gz,11.879,"(256, 256, 256)",3.0,float32,"(1.0, 1.0, 1.0)",0.0,851.0,38.4856,11228934.0,,
/data/data/DA25S005/miccai_tbi/MultiTalentV2_finetuning/MICCAI_AIMS_TBI/scan_1028_Lesion.nii.gz,scan_1028_Lesion.nii.gz,1028,Lesion,nii.gz,0.076,"(256, 256, 256)",3.0,float32,"(1.0, 1.0, 1.0)",0.0,1.0,0.0014,24129.0,,
/data/data/DA25S005/miccai_tbi/MultiTalentV2_finetuning/MICCAI_AIMS_TBI/scan_1028_T1.nii.gz,scan_1028_T1.nii.gz,1028,T1,nii.gz,9.303,"(256, 256, 256)",3.0,float32,"(1.0, 1.0, 1.0)",0.0,1114.0,56.6828,6362405.0,,
/data/data/DA25S005/miccai_tbi/MultiTalentV2_finetuning/MICCAI_AIMS_TBI/scan_1028_bval.txt,scan_1028_bval.txt,1028,bval,txt,0.0,"(1, 16)",1.0,float64,,0.0,860.0,,,,
/data/data/DA25S005/miccai_tbi/MultiTalentV2_finetuning/MICCAI_AIMS_TBI/scan_1028_bvec.txt,scan_1028_bvec.txt,1028,bvec,txt,0.001,"(3, 16)",2.0,float64,,-1.0,1.0,,,,
/data/data/DA25S005/miccai_tbi/MultiTalentV2_finetuning/MICCAI_AIMS_TBI/scan_1028_dMRI.nii.gz,scan_1028_dMRI.nii.gz,1028,dMRI,nii.gz,15.878,"(128, 128, 55, 17)",4.0,float32,"(2.0, 2.0, 2.7)",0.0,1350901.5,15818.8535,13990539.0,17.0,
/data/data/DA25S005/miccai_tbi/MultiTalentV2_finetuning/MICCAI_AIMS_TBI/scan_1029_Lesion.nii.gz,scan_1029_Lesion.nii.gz,1029,Lesion,nii.gz,0.033,"(256, 256, 256)",3.0,float32,"(1.0, 1.0, 1.0)",0.0,0.0,0.0,0.0,,
/data/data/DA25S005/miccai_tbi/MultiTalentV2_finetuning/MICCAI_AIMS_TBI/scan_1029_T1.nii.gz,scan_1029_T1.nii.gz,1029,T1,nii.gz,13.237,"(256, 256, 256)",3.0,float32,"(1.0, 1.0, 1.0)",0.0,528.0,45.0261,11366350.0,,
/data/data/DA25S005/miccai_tbi/MultiTalentV2_finetuning/MICCAI_AIMS_TBI/scan_1030_Lesion.nii.gz,scan_1030_Lesion.nii.gz,1030,Lesion,nii.gz,0.033,"(256, 256, 256)",3.0,float32,"(1.0, 1.0, 1.0)",0.0,0.0,0.0,0.0,,
/data/data/DA25S005/miccai_tbi/MultiTalentV2_finetuning/MICCAI_AIMS_TBI/scan_1030_T1.nii.gz,scan_1030_T1.nii.gz,1030,T1,nii.gz,23.845,"(256, 256, 256)",3.0,float32,"(1.0, 1.0, 1.0)",0.0,1542.6967,81.4771,6651101.0,,
/data/data/DA25S005/miccai_tbi/MultiTalentV2_finetuning/MICCAI_AIMS_TBI/scan_1030_bval.txt,scan_1030_bval.txt,1030,bval,txt,0.0,"(1, 31)",1.0,float64,,0.0,700.0,,,,
/data/data/DA25S005/miccai_tbi/MultiTalentV2_finetuning/MICCAI_AIMS_TBI/scan_1030_bvec.txt,scan_1030_bvec.txt,1030,bvec,txt,0.001,"(3, 31)",2.0,float64,,-0.9722,0.9825,,,,
/data/data/DA25S005/miccai_tbi/MultiTalentV2_finetuning/MICCAI_AIMS_TBI/scan_1030_dMRI.nii.gz,scan_1030_dMRI.nii.gz,1030,dMRI,nii.gz,33.847,"(144, 132, 65, 31)",4.0,float32,"(2.0, 2.0, 2.0)",0.0,4095.0,49.1722,36467388.0,31.0,
/data/data/DA25S005/miccai_tbi/MultiTalentV2_finetuning/MICCAI_AIMS_TBI/scan_1031_Lesion.nii.gz,scan_1031_Lesion.nii.gz,1031,Lesion,nii.gz,0.035,"(256, 256, 256)",3.0,float32,"(1.0, 1.0, 1.0)",0.0,1.0,0.0002,2828.0,,
/data/data/DA25S005/miccai_tbi/MultiTalentV2_finetuning/MICCAI_AIMS_TBI/scan_1031_T1.nii.gz,scan_1031_T1.nii.gz,1031,T1,nii.gz,11.079,"(256, 256, 256)",3.0,float32,"(1.0, 1.0, 1.0)",0.0,1257.0,66.1479,6474347.0,,
/data/data/DA25S005/miccai_tbi/MultiTalentV2_finetuning/MICCAI_AIMS_TBI/scan_1033_Lesion.nii.gz,scan_1033_Lesion.nii.gz,1033,Lesion,nii.gz,0.033,"(256, 256, 256)",3.0,float32,"(1.0, 1.0, 1.0)",0.0,1.0,0.0,20.0,,
/data/data/DA25S005/miccai_tbi/MultiTalentV2_finetuning/MICCAI_AIMS_TBI/scan_1033_T1.nii.gz,scan_1033_T1.nii.gz,1033,T1,nii.gz,27.84,"(256, 256, 256)",3.0,float32,"(1.0, 1.0, 1.0)",0.0,6661.5762,340.2702,7836106.0,,
/data/data/DA25S005/miccai_tbi/MultiTalentV2_finetuning/MICCAI_AIMS_TBI/scan_1036_Lesion.nii.gz,scan_1036_Lesion.nii.gz,1036,Lesion,nii.gz,0.033,"(256, 256, 256)",3.0,float32,"(1.0, 1.0, 1.0)",0.0,0.0,0.0,0.0,,
/data/data/DA25S005/miccai_tbi/MultiTalentV2_finetuning/MICCAI_AIMS_TBI/scan_1036_T1.nii.gz,scan_1036_T1.nii.gz,1036,T1,nii.gz,23.853,"(256, 256, 256)",3.0,float32,"(1.0, 1.0, 1.0)",0.0,1097.4783,61.4321,6661314.0,,
/data/data/DA25S005/miccai_tbi/MultiTalentV2_finetuning/MICCAI_AIMS_TBI/scan_1036_bval.txt,scan_1036_bval.txt,1036,bval,txt,0.0,"(1, 31)",1.0,float64,,0.0,700.0,,,,
/data/data/DA25S005/miccai_tbi/MultiTalentV2_finetuning/MICCAI_AIMS_TBI/scan_1036_bvec.txt,scan_1036_bvec.txt,1036,bvec,txt,0.001,"(3, 31)",2.0,float64,,-0.9921,0.977,,,,
/data/data/DA25S005/miccai_tbi/MultiTalentV2_finetuning/MICCAI_AIMS_TBI/scan_1036_dMRI.nii.gz,scan_1036_dMRI.nii.gz,1036,dMRI,nii.gz,30.753,"(144, 132, 65, 31)",4.0,float32,"(2.0, 2.0, 2.0)",0.0,4095.0,37.3741,35983984.0,31.0,
/data/data/DA25S005/miccai_tbi/MultiTalentV2_finetuning/MICCAI_AIMS_TBI/scan_1038_Lesion.nii.gz,scan_1038_Lesion.nii.gz,1038,Lesion,nii.gz,0.035,"(256, 256, 256)",3.0,float32,"(1.0, 1.0, 1.0)",0.0,1.0,0.0005,8539.0,,
/data/data/DA25S005/miccai_tbi/MultiTalentV2_finetuning/MICCAI_AIMS_TBI/scan_1038_T1.nii.gz,scan_1038_T1.nii.gz,1038,T1,nii.gz,13.878,"(256, 256, 256)",3.0,float32,"(1.0, 1.0, 1.0)",0.0,1001.0,46.0099,11444397.0,,
/data/data/DA25S005/miccai_tbi/MultiTalentV2_finetuning/MICCAI_AIMS_TBI/scan_1040_Lesion.nii.gz,scan_1040_Lesion.nii.gz,1040,Lesion,nii.gz,0.033,"(256, 256, 256)",3.0,float32,"(1.0, 1.0, 1.0)",0.0,0.0,0.0,0.0,,
/data/data/DA25S005/miccai_tbi/MultiTalentV2_finetuning/MICCAI_AIMS_TBI/scan_1040_T1.nii.gz,scan_1040_T1.nii.gz,1040,T1,nii.gz,34.368,"(256, 256, 256)",3.0,float32,"(1.0, 1.0, 1.0)",0.0,6637.7959,387.9292,9664378.0,,
/data/data/DA25S005/miccai_tbi/MultiTalentV2_finetuning/MICCAI_AIMS_TBI/scan_1041_Lesion.nii.gz,scan_1041_Lesion.nii.gz,1041,Lesion,nii.gz,0.033,"(256, 256, 256)",3.0,float32,"(1.0, 1.0, 1.0)",0.0,0.0,0.0,0.0,,
/data/data/DA25S005/miccai_tbi/MultiTalentV2_finetuning/MICCAI_AIMS_TBI/scan_1041_T1.nii.gz,scan_1041_T1.nii.gz,1041,T1,nii.gz,35.239,"(256, 256, 256)",3.0,float32,"(1.0, 1.0, 1.0)",0.0,7959.208,405.6663,9925029.0,,
/data/data/DA25S005/miccai_tbi/MultiTalentV2_finetuning/MICCAI_AIMS_TBI/scan_1042_Lesion.nii.gz,scan_1042_Lesion.nii.gz,1042,Lesion,nii.gz,0.033,"(256, 256, 256)",3.0,float32,"(1.0, 1.0, 1.0)",0.0,0.0,0.0,0.0,,
/data/data/DA25S005/miccai_tbi/MultiTalentV2_finetuning/MICCAI_AIMS_TBI/scan_1042_T1.nii.gz,scan_1042_T1.nii.gz,1042,T1,nii.gz,5.416,"(256, 256, 256)",3.0,float32,"(1.0, 1.0, 1.0)",0.0,1279980.125,26695.5742,3915201.0,,
/data/data/DA25S005/miccai_tbi/MultiTalentV2_finetuning/MICCAI_AIMS_TBI/scan_1042_bval.txt,scan_1042_bval.txt,1042,bval,txt,0.0,"(1, 33)",1.0,float64,,0.0,700.0,,,,
/data/data/DA25S005/miccai_tbi/MultiTalentV2_finetuning/MICCAI_AIMS_TBI/scan_1042_bvec.txt,scan_1042_bvec.txt,1042,bvec,txt,0.001,"(3, 33)",2.0,float64,,-1.0,1.0,,,,
/data/data/DA25S005/miccai_tbi/MultiTalentV2_finetuning/MICCAI_AIMS_TBI/scan_1042_dMRI.nii.gz,scan_1042_dMRI.nii.gz,1042,dMRI,nii.gz,73.65,"(256, 256, 70, 33)",4.0,float32,"(0.828, 0.828, 2.2)",0.0,94849.1719,1601.871,84292463.0,33.0,
/data/data/DA25S005/miccai_tbi/MultiTalentV2_finetuning/MICCAI_AIMS_TBI/scan_1044_Lesion.nii.gz,scan_1044_Lesion.nii.gz,1044,Lesion,nii.gz,0.033,"(256, 256, 256)",3.0,float32,"(1.0, 1.0, 1.0)",0.0,0.0,0.0,0.0,,
/data/data/DA25S005/miccai_tbi/MultiTalentV2_finetuning/MICCAI_AIMS_TBI/scan_1044_T1.nii.gz,scan_1044_T1.nii.gz,1044,T1,nii.gz,31.892,"(256, 256, 256)",3.0,float32,"(1.0, 1.0, 1.0)",0.0,6441.6646,300.0826,9047484.0,,
/data/data/DA25S005/miccai_tbi/MultiTalentV2_finetuning/MICCAI_AIMS_TBI/scan_1046_Lesion.nii.gz,scan_1046_Lesion.nii.gz,1046,Lesion,nii.gz,0.033,"(256, 256, 256)",3.0,float32,"(1.0, 1.0, 1.0)",0.0,0.0,0.0,0.0,,
/data/data/DA25S005/miccai_tbi/MultiTalentV2_finetuning/MICCAI_AIMS_TBI/scan_1046_T1.nii.gz,scan_1046_T1.nii.gz,1046,T1,nii.gz,12.357,"(256, 256, 256)",3.0,float32,"(1.0, 1.0, 1.0)",0.0,903.0,43.1399,11243076.0,,
/data/data/DA25S005/miccai_tbi/MultiTalentV2_finetuning/MICCAI_AIMS_TBI/scan_1048_Lesion.nii.gz,scan_1048_Lesion.nii.gz,1048,Lesion,nii.gz,0.033,"(256, 256, 256)",3.0,float32,"(1.0, 1.0, 1.0)",0.0,0.0,0.0,0.0,,
/data/data/DA25S005/miccai_tbi/MultiTalentV2_finetuning/MICCAI_AIMS_TBI/scan_1048_T1.nii.gz,scan_1048_T1.nii.gz,1048,T1,nii.gz,5.034,"(256, 256, 256)",3.0,float32,"(1.0, 1.0, 1.0)",0.0,4736.1416,142.592,3460795.0,,
/data/data/DA25S005/miccai_tbi/MultiTalentV2_finetuning/MICCAI_AIMS_TBI/scan_1048_bval.txt,scan_1048_bval.txt,1048,bval,txt,0.0,"(1, 33)",1.0,float64,,0.0,1000.0,,,,
/data/data/DA25S005/miccai_tbi/MultiTalentV2_finetuning/MICCAI_AIMS_TBI/scan_1048_bvec.txt,scan_1048_bvec.txt,1048,bvec,txt,0.002,"(3, 33)",2.0,float64,,-0.7071,0.7071,,,,
/data/data/DA25S005/miccai_tbi/MultiTalentV2_finetuning/MICCAI_AIMS_TBI/scan_1048_dMRI.nii.gz,scan_1048_dMRI.nii.gz,1048,dMRI,nii.gz,7.493,"(96, 96, 65, 33)",4.0,float32,"(2.5, 2.5, 2.5)",0.0,3805.4902,49.6762,7580599.0,33.0,
/data/data/DA25S005/miccai_tbi/MultiTalentV2_finetuning/MICCAI_AIMS_TBI/scan_1050_Lesion.nii.gz,scan_1050_Lesion.nii.gz,1050,Lesion,nii.gz,0.033,"(256, 256, 256)",3.0,float32,"(1.0, 1.0, 1.0)",0.0,1.0,0.0,177.0,,
/data/data/DA25S005/miccai_tbi/MultiTalentV2_finetuning/MICCAI_AIMS_TBI/scan_1050_T1.nii.gz,scan_1050_T1.nii.gz,1050,T1,nii.gz,9.953,"(256, 256, 256)",3.0,float32,"(1.0, 1.0, 1.0)",0.0,1389.0,59.1963,6021336.0,,
/data/data/DA25S005/miccai_tbi/MultiTalentV2_finetuning/MICCAI_AIMS_TBI/scan_1051_Lesion.nii.gz,scan_1051_Lesion.nii.gz,1051,Lesion,nii.gz,0.033,"(256, 256, 256)",3.0,float32,"(1.0, 1.0, 1.0)",0.0,0.0,0.0,0.0,,
/data/data/DA25S005/miccai_tbi/MultiTalentV2_finetuning/MICCAI_AIMS_TBI/scan_1051_T1.nii.gz,scan_1051_T1.nii.gz,1051,T1,nii.gz,26.21,"(256, 256, 256)",3.0,float32,"(1.0, 1.0, 1.0)",0.0,6978.4111,316.1056,7363841.0,,
/data/data/DA25S005/miccai_tbi/MultiTalentV2_finetuning/MICCAI_AIMS_TBI/scan_1052_Lesion.nii.gz,scan_1052_Lesion.nii.gz,1052,Lesion,nii.gz,0.033,"(256, 256, 256)",3.0,float32,"(1.0, 1.0, 1.0)",0.0,0.0,0.0,0.0,,
/data/data/DA25S005/miccai_tbi/MultiTalentV2_finetuning/MICCAI_AIMS_TBI/scan_1052_T1.nii.gz,scan_1052_T1.nii.gz,1052,T1,nii.gz,4.985,"(256, 256, 256)",3.0,float32,"(1.0, 1.0, 1.0)",0.0,1319231.875,23605.5273,3660302.0,,
/data/data/DA25S005/miccai_tbi/MultiTalentV2_finetuning/MICCAI_AIMS_TBI/scan_1054_Lesion.nii.gz,scan_1054_Lesion.nii.gz,1054,Lesion,nii.gz,0.033,"(256, 256, 256)",3.0,float32,"(1.0, 1.0, 1.0)",0.0,0.0,0.0,0.0,,
/data/data/DA25S005/miccai_tbi/MultiTalentV2_finetuning/MICCAI_AIMS_TBI/scan_1054_T1.nii.gz,scan_1054_T1.nii.gz,1054,T1,nii.gz,31.266,"(256, 256, 256)",3.0,float32,"(1.0, 1.0, 1.0)",0.0,971.6365,56.5844,10716591.0,,
/data/data/DA25S005/miccai_tbi/MultiTalentV2_finetuning/MICCAI_AIMS_TBI/scan_1054_bval.txt,scan_1054_bval.txt,1054,bval,txt,0.0,"(1, 65)",1.0,float64,,0.0,1000.0,,,,
/data/data/DA25S005/miccai_tbi/MultiTalentV2_finetuning/MICCAI_AIMS_TBI/scan_1054_bvec.txt,scan_1054_bvec.txt,1054,bvec,txt,0.003,"(3, 65)",2.0,float64,,-0.9741,1.0,,,,
/data/data/DA25S005/miccai_tbi/MultiTalentV2_finetuning/MICCAI_AIMS_TBI/scan_1054_dMRI.nii.gz,scan_1054_dMRI.nii.gz,1054,dMRI,nii.gz,36.48,"(96, 96, 60, 65)",4.0,float32,"(2.208, 2.208, 2.42)",0.0,4095.0,46.7438,35414094.0,65.0,
/data/data/DA25S005/miccai_tbi/MultiTalentV2_finetuning/MICCAI_AIMS_TBI/scan_1056_Lesion.nii.gz,scan_1056_Lesion.nii.gz,1056,Lesion,nii.gz,0.033,"(256, 256, 256)",3.0,float32,"(1.0, 1.0, 1.0)",0.0,1.0,0.0001,1337.0,,
/data/data/DA25S005/miccai_tbi/MultiTalentV2_finetuning/MICCAI_AIMS_TBI/scan_1056_T1.nii.gz,scan_1056_T1.nii.gz,1056,T1,nii.gz,17.282,"(256, 256, 256)",3.0,float32,"(1.0, 1.0, 1.0)",0.0,845.1815,36.5073,5800371.0,,
/data/data/DA25S005/miccai_tbi/MultiTalentV2_finetuning/MICCAI_AIMS_TBI/scan_1058_Lesion.nii.gz,scan_1058_Lesion.nii.gz,1058,Lesion,nii.gz,0.033,"(256, 256, 256)",3.0,float32,"(1.0, 1.0, 1.0)",0.0,5.0,0.0001,627.0,,
/data/data/DA25S005/miccai_tbi/MultiTalentV2_finetuning/MICCAI_AIMS_TBI/scan_1058_T1.nii.gz,scan_1058_T1.nii.gz,1058,T1,nii.gz,30.938,"(256, 256, 256)",3.0,float32,"(1.0, 1.0, 1.0)",0.0,915.6818,54.8428,10715978.0,,
/data/data/DA25S005/miccai_tbi/MultiTalentV2_finetuning/MICCAI_AIMS_TBI/scan_1058_bval.txt,scan_1058_bval.txt,1058,bval,txt,0.0,"(1, 65)",1.0,float64,,0.0,1000.0,,,,
/data/data/DA25S005/miccai_tbi/MultiTalentV2_finetuning/MICCAI_AIMS_TBI/scan_1058_bvec.txt,scan_1058_bvec.txt,1058,bvec,txt,0.003,"(3, 65)",2.0,float64,,-0.9934,0.9976,,,,
/data/data/DA25S005/miccai_tbi/MultiTalentV2_finetuning/MICCAI_AIMS_TBI/scan_1058_dMRI.nii.gz,scan_1058_dMRI.nii.gz,1058,dMRI,nii.gz,38.286,"(96, 96, 60, 65)",4.0,float32,"(2.208, 2.208, 2.42)",0.0,3029.0,51.1845,35441887.0,65.0,
/data/data/DA25S005/miccai_tbi/MultiTalentV2_finetuning/MICCAI_AIMS_TBI/scan_1059_Lesion.nii.gz,scan_1059_Lesion.nii.gz,1059,Lesion,nii.gz,0.07,"(256, 256, 256)",3.0,float32,"(1.0, 1.0, 1.0)",0.0,1.0,0.0006,10047.0,,
/data/data/DA25S005/miccai_tbi/MultiTalentV2_finetuning/MICCAI_AIMS_TBI/scan_1059_T1.nii.gz,scan_1059_T1.nii.gz,1059,T1,nii.gz,7.693,"(256, 256, 256)",3.0,float32,"(1.0, 1.0, 1.0)",0.0,4200.0088,165.1523,5314801.0,,
/data/data/DA25S005/miccai_tbi/MultiTalentV2_finetuning/MICCAI_AIMS_TBI/scan_1059_bval.txt,scan_1059_bval.txt,1059,bval,txt,0.0,"(1, 33)",1.0,float64,,0.0,1000.0,,,,
/data/data/DA25S005/miccai_tbi/MultiTalentV2_finetuning/MICCAI_AIMS_TBI/scan_1059_bvec.txt,scan_1059_bvec.txt,1059,bvec,txt,0.002,"(3, 33)",2.0,float64,,-1.0,1.0,,,,
/data/data/DA25S005/miccai_tbi/MultiTalentV2_finetuning/MICCAI_AIMS_TBI/scan_1059_dMRI.nii.gz,scan_1059_dMRI.nii.gz,1059,dMRI,nii.gz,19.761,"(128, 128, 70, 33)",4.0,float32,"(1.75, 1.75, 2.0)",0.0,11670.8008,77.6455,21321565.0,33.0,
/data/data/DA25S005/miccai_tbi/MultiTalentV2_finetuning/MICCAI_AIMS_TBI/scan_1060_Lesion.nii.gz,scan_1060_Lesion.nii.gz,1060,Lesion,nii.gz,0.033,"(256, 256, 256)",3.0,float32,"(1.0, 1.0, 1.0)",0.0,0.0,0.0,0.0,,
/data/data/DA25S005/miccai_tbi/MultiTalentV2_finetuning/MICCAI_AIMS_TBI/scan_1060_T1.nii.gz,scan_1060_T1.nii.gz,1060,T1,nii.gz,20.446,"(256, 256, 256)",3.0,float32,"(1.0, 1.0, 1.0)",0.0,786.2272,31.7055,7241565.0,,
/data/data/DA25S005/miccai_tbi/MultiTalentV2_finetuning/MICCAI_AIMS_TBI/scan_1061_Lesion.nii.gz,scan_1061_Lesion.nii.gz,1061,Lesion,nii.gz,0.033,"(256, 256, 256)",3.0,float32,"(1.0, 1.0, 1.0)",0.0,0.0,0.0,0.0,,
/data/data/DA25S005/miccai_tbi/MultiTalentV2_finetuning/MICCAI_AIMS_TBI/scan_1061_T1.nii.gz,scan_1061_T1.nii.gz,1061,T1,nii.gz,39.706,"(256, 256, 256)",3.0,float32,"(1.0, 1.0, 1.0)",0.0,1563.3807,45.37,10999940.0,,
/data/data/DA25S005/miccai_tbi/MultiTalentV2_finetuning/MICCAI_AIMS_TBI/scan_1061_bval.txt,scan_1061_bval.txt,1061,bval,txt,0.0,"(1, 65)",1.0,float64,,0.0,1000.0,,,,
/data/data/DA25S005/miccai_tbi/MultiTalentV2_finetuning/MICCAI_AIMS_TBI/scan_1061_bvec.txt,scan_1061_bvec.txt,1061,bvec,txt,0.003,"(65, 3)",2.0,float64,,-0.9641,1.0,,,,
/data/data/DA25S005/miccai_tbi/MultiTalentV2_finetuning/MICCAI_AIMS_TBI/scan_1061_dMRI.nii.gz,scan_1061_dMRI.nii.gz,1061,dMRI,nii.gz,82.35,"(128, 128, 75, 65)",4.0,float32,"(2.0, 2.0, 2.0)",0.0,2162.0,56.2551,79257584.0,65.0,
/data/data/DA25S005/miccai_tbi/MultiTalentV2_finetuning/MICCAI_AIMS_TBI/scan_1062_Lesion.nii.gz,scan_1062_Lesion.nii.gz,1062,Lesion,nii.gz,0.047,"(256, 256, 256)",3.0,float32,"(1.0, 1.0, 1.0)",0.0,5.0,0.005,28888.0,,
/data/data/DA25S005/miccai_tbi/MultiTalentV2_finetuning/MICCAI_AIMS_TBI/scan_1062_T1.nii.gz,scan_1062_T1.nii.gz,1062,T1,nii.gz,14.129,"(256, 256, 256)",3.0,float32,"(1.0, 1.0, 1.0)",0.0,744.0,53.0196,11340803.0,,
/data/data/DA25S005/miccai_tbi/MultiTalentV2_finetuning/MICCAI_AIMS_TBI/scan_1066_Lesion.nii.gz,scan_1066_Lesion.nii.gz,1066,Lesion,nii.gz,0.042,"(256, 256, 256)",3.0,float32,"(1.0, 1.0, 1.0)",0.0,5.0,0.0026,38763.0,,
/data/data/DA25S005/miccai_tbi/MultiTalentV2_finetuning/MICCAI_AIMS_TBI/scan_1066_T1.nii.gz,scan_1066_T1.nii.gz,1066,T1,nii.gz,8.204,"(256, 256, 256)",3.0,float32,"(1.0, 1.0, 1.0)",0.0,1295.0,47.3677,5344274.0,,
/data/data/DA25S005/miccai_tbi/MultiTalentV2_finetuning/MICCAI_AIMS_TBI/scan_1067_Lesion.nii.gz,scan_1067_Lesion.nii.gz,1067,Lesion,nii.gz,0.066,"(256, 256, 256)",3.0,float32,"(1.0, 1.0, 1.0)",0.0,5.0,0.0001,662.0,,
/data/data/DA25S005/miccai_tbi/MultiTalentV2_finetuning/MICCAI_AIMS_TBI/scan_1067_T1.nii.gz,scan_1067_T1.nii.gz,1067,T1,nii.gz,15.576,"(256, 256, 256)",3.0,float32,"(1.0, 1.0, 1.0)",0.0,932.0,78.8853,10395569.0,,
/data/data/DA25S005/miccai_tbi/MultiTalentV2_finetuning/MICCAI_AIMS_TBI/scan_1068_Lesion.nii.gz,scan_1068_Lesion.nii.gz,1068,Lesion,nii.gz,0.033,"(256, 256, 256)",3.0,float32,"(1.0, 1.0, 1.0)",0.0,0.0,0.0,0.0,,
/data/data/DA25S005/miccai_tbi/MultiTalentV2_finetuning/MICCAI_AIMS_TBI/scan_1068_T1.nii.gz,scan_1068_T1.nii.gz,1068,T1,nii.gz,30.682,"(256, 256, 256)",3.0,float32,"(1.0, 1.0, 1.0)",0.0,7275.7046,350.5185,8612234.0,,
/data/data/DA25S005/miccai_tbi/MultiTalentV2_finetuning/MICCAI_AIMS_TBI/scan_1069_Lesion.nii.gz,scan_1069_Lesion.nii.gz,1069,Lesion,nii.gz,0.033,"(256, 256, 256)",3.0,float32,"(1.0, 1.0, 1.0)",0.0,0.0,0.0,0.0,,
/data/data/DA25S005/miccai_tbi/MultiTalentV2_finetuning/MICCAI_AIMS_TBI/scan_1069_T1.nii.gz,scan_1069_T1.nii.gz,1069,T1,nii.gz,10.655,"(256, 256, 256)",3.0,float32,"(1.0, 1.0, 1.0)",0.0,1118.5625,52.8568,4841371.0,,
/data/data/DA25S005/miccai_tbi/MultiTalentV2_finetuning/MICCAI_AIMS_TBI/scan_1069_bval.txt,scan_1069_bval.txt,1069,bval,txt,0.0,"(1, 70)",1.0,float64,,0.0,2000.0,,,,
/data/data/DA25S005/miccai_tbi/MultiTalentV2_finetuning/MICCAI_AIMS_TBI/scan_1069_bvec.txt,scan_1069_bvec.txt,1069,bvec,txt,0.003,"(3, 70)",2.0,float64,,-0.994,1.0,,,,
/data/data/DA25S005/miccai_tbi/MultiTalentV2_finetuning/MICCAI_AIMS_TBI/scan_1069_dMRI.nii.gz,scan_1069_dMRI.nii.gz,1069,dMRI,nii.gz,66.298,"(128, 128, 64, 70)",4.0,float32,"(2.0, 2.0, 2.0)",0.0,4095.0,31.0335,71682924.0,70.0,
/data/data/DA25S005/miccai_tbi/MultiTalentV2_finetuning/MICCAI_AIMS_TBI/scan_1071_Lesion.nii.gz,scan_1071_Lesion.nii.gz,1071,Lesion,nii.gz,0.033,"(256, 256, 256)",3.0,float32,"(1.0, 1.0, 1.0)",0.0,0.0,0.0,0.0,,
/data/data/DA25S005/miccai_tbi/MultiTalentV2_finetuning/MICCAI_AIMS_TBI/scan_1071_T1.nii.gz,scan_1071_T1.nii.gz,1071,T1,nii.gz,10.378,"(256, 256, 256)",3.0,float32,"(1.0, 1.0, 1.0)",0.0,1307.0,74.0105,6022966.0,,
/data/data/DA25S005/miccai_tbi/MultiTalentV2_finetuning/MICCAI_AIMS_TBI/scan_1074_Lesion.nii.gz,scan_1074_Lesion.nii.gz,1074,Lesion,nii.gz,0.033,"(256, 256, 256)",3.0,float32,"(1.0, 1.0, 1.0)",0.0,5.0,0.0002,1610.0,,
/data/data/DA25S005/miccai_tbi/MultiTalentV2_finetuning/MICCAI_AIMS_TBI/scan_1074_T1.nii.gz,scan_1074_T1.nii.gz,1074,T1,nii.gz,5.67,"(256, 256, 256)",3.0,float32,"(1.0, 1.0, 1.0)",0.0,5141.5049,159.5615,4032790.0,,
/data/data/DA25S005/miccai_tbi/MultiTalentV2_finetuning/MICCAI_AIMS_TBI/scan_1074_bval.txt,scan_1074_bval.txt,1074,bval,txt,0.0,"(1, 33)",1.0,float64,,0.0,1000.0,,,,
/data/data/DA25S005/miccai_tbi/MultiTalentV2_finetuning/MICCAI_AIMS_TBI/scan_1074_bvec.txt,scan_1074_bvec.txt,1074,bvec,txt,0.002,"(3, 33)",2.0,float64,,-0.7071,0.7071,,,,
/data/data/DA25S005/miccai_tbi/MultiTalentV2_finetuning/MICCAI_AIMS_TBI/scan_1074_dMRI.nii.gz,scan_1074_dMRI.nii.gz,1074,dMRI,nii.gz,7.521,"(96, 96, 65, 33)",4.0,float32,"(2.5, 2.5, 2.5)",0.0,5030.5386,57.8522,7970841.0,33.0,
/data/data/DA25S005/miccai_tbi/MultiTalentV2_finetuning/MICCAI_AIMS_TBI/scan_1077_Lesion.nii.gz,scan_1077_Lesion.nii.gz,1077,Lesion,nii.gz,0.033,"(256, 256, 256)",3.0,float32,"(1.0, 1.0, 1.0)",0.0,0.0,0.0,0.0,,
/data/data/DA25S005/miccai_tbi/MultiTalentV2_finetuning/MICCAI_AIMS_TBI/scan_1077_T1.nii.gz,scan_1077_T1.nii.gz,1077,T1,nii.gz,5.559,"(256, 256, 256)",3.0,float32,"(1.0, 1.0, 1.0)",0.0,4424.415,140.3366,3995947.0,,
/data/data/DA25S005/miccai_tbi/MultiTalentV2_finetuning/MICCAI_AIMS_TBI/scan_1077_bval.txt,scan_1077_bval.txt,1077,bval,txt,0.0,"(1, 33)",1.0,float64,,0.0,1000.0,,,,
/data/data/DA25S005/miccai_tbi/MultiTalentV2_finetuning/MICCAI_AIMS_TBI/scan_1077_bvec.txt,scan_1077_bvec.txt,1077,bvec,txt,0.002,"(3, 33)",2.0,float64,,-0.7071,0.7071,,,,
/data/data/DA25S005/miccai_tbi/MultiTalentV2_finetuning/MICCAI_AIMS_TBI/scan_1077_dMRI.nii.gz,scan_1077_dMRI.nii.gz,1077,dMRI,nii.gz,7.928,"(96, 96, 65, 33)",4.0,float32,"(2.5, 2.5, 2.5)",0.0,5605.2466,45.0504,8143569.0,33.0,
/data/data/DA25S005/miccai_tbi/MultiTalentV2_finetuning/MICCAI_AIMS_TBI/scan_1078_Lesion.nii.gz,scan_1078_Lesion.nii.gz,1078,Lesion,nii.gz,0.065,"(256, 256, 256)",3.0,float32,"(1.0, 1.0, 1.0)",0.0,1.0,0.0,124.0,,
/data/data/DA25S005/miccai_tbi/MultiTalentV2_finetuning/MICCAI_AIMS_TBI/scan_1078_T1.nii.gz,scan_1078_T1.nii.gz,1078,T1,nii.gz,24.078,"(256, 256, 256)",3.0,float32,"(1.0, 1.0, 1.0)",0.0,1463.6794,56.1604,6789659.0,,
/data/data/DA25S005/miccai_tbi/MultiTalentV2_finetuning/MICCAI_AIMS_TBI/scan_1078_bval.txt,scan_1078_bval.txt,1078,bval,txt,0.0,"(1, 31)",1.0,float64,,0.0,700.0,,,,
/data/data/DA25S005/miccai_tbi/MultiTalentV2_finetuning/MICCAI_AIMS_TBI/scan_1078_bvec.txt,scan_1078_bvec.txt,1078,bvec,txt,0.001,"(3, 31)",2.0,float64,,-0.9836,0.9864,,,,
/data/data/DA25S005/miccai_tbi/MultiTalentV2_finetuning/MICCAI_AIMS_TBI/scan_1078_dMRI.nii.gz,scan_1078_dMRI.nii.gz,1078,dMRI,nii.gz,31.749,"(144, 132, 65, 31)",4.0,float32,"(2.0, 2.0, 2.0)",0.0,4095.0,43.5035,36019548.0,31.0,
/data/data/DA25S005/miccai_tbi/MultiTalentV2_finetuning/MICCAI_AIMS_TBI/scan_1080_Lesion.nii.gz,scan_1080_Lesion.nii.gz,1080,Lesion,nii.gz,0.036,"(256, 256, 256)",3.0,float32,"(1.0, 1.0, 1.0)",0.0,1.0,0.0007,11704.0,,
/data/data/DA25S005/miccai_tbi/MultiTalentV2_finetuning/MICCAI_AIMS_TBI/scan_1080_T1.nii.gz,scan_1080_T1.nii.gz,1080,T1,nii.gz,13.437,"(256, 256, 256)",3.0,float32,"(1.0, 1.0, 1.0)",0.0,1220.0,43.7257,11444396.0,,
/data/data/DA25S005/miccai_tbi/MultiTalentV2_finetuning/MICCAI_AIMS_TBI/scan_1084_Lesion.nii.gz,scan_1084_Lesion.nii.gz,1084,Lesion,nii.gz,0.033,"(256, 256, 256)",3.0,float32,"(1.0, 1.0, 1.0)",0.0,5.0,0.0,665.0,,
/data/data/DA25S005/miccai_tbi/MultiTalentV2_finetuning/MICCAI_AIMS_TBI/scan_1084_T1.nii.gz,scan_1084_T1.nii.gz,1084,T1,nii.gz,16.359,"(256, 256, 256)",3.0,float32,"(1.0, 1.0, 1.0)",0.0,782.5,31.9219,5520897.0,,
/data/data/DA25S005/miccai_tbi/MultiTalentV2_finetuning/MICCAI_AIMS_TBI/scan_1085_Lesion.nii.gz,scan_1085_Lesion.nii.gz,1085,Lesion,nii.gz,0.067,"(256, 256, 256)",3.0,float32,"(1.0, 1.0, 1.0)",0.0,5.0,0.0001,1706.0,,
/data/data/DA25S005/miccai_tbi/MultiTalentV2_finetuning/MICCAI_AIMS_TBI/scan_1085_T1.nii.gz,scan_1085_T1.nii.gz,1085,T1,nii.gz,39.704,"(256, 256, 256)",3.0,float32,"(1.0, 1.0, 1.0)",0.0,862.4328,42.6537,10999774.0,,
/data/data/DA25S005/miccai_tbi/MultiTalentV2_finetuning/MICCAI_AIMS_TBI/scan_1085_bval.txt,scan_1085_bval.txt,1085,bval,txt,0.0,"(1, 65)",1.0,float64,,0.0,1000.0,,,,
/data/data/DA25S005/miccai_tbi/MultiTalentV2_finetuning/MICCAI_AIMS_TBI/scan_1085_bvec.txt,scan_1085_bvec.txt,1085,bvec,txt,0.003,"(65, 3)",2.0,float64,,-0.995,1.0,,,,
/data/data/DA25S005/miccai_tbi/MultiTalentV2_finetuning/MICCAI_AIMS_TBI/scan_1085_dMRI.nii.gz,scan_1085_dMRI.nii.gz,1085,dMRI,nii.gz,84.928,"(128, 128, 75, 65)",4.0,float32,"(2.0, 2.0, 2.0)",0.0,2421.0,61.7678,79078050.0,65.0,
/data/data/DA25S005/miccai_tbi/MultiTalentV2_finetuning/MICCAI_AIMS_TBI/scan_1086_Lesion.nii.gz,scan_1086_Lesion.nii.gz,1086,Lesion,nii.gz,0.148,"(256, 256, 256)",3.0,float32,"(1.0, 1.0, 1.0)",0.0,1.0,0.0001,914.0,,
/data/data/DA25S005/miccai_tbi/MultiTalentV2_finetuning/MICCAI_AIMS_TBI/scan_1086_T1.nii.gz,scan_1086_T1.nii.gz,1086,T1,nii.gz,31.838,"(256, 256, 256)",3.0,float32,"(1.0, 1.0, 1.0)",0.0,12100.5898,457.1049,8885664.0,,
/data/data/DA25S005/miccai_tbi/MultiTalentV2_finetuning/MICCAI_AIMS_TBI/scan_1087_Lesion.nii.gz,scan_1087_Lesion.nii.gz,1087,Lesion,nii.gz,0.046,"(256, 256, 256)",3.0,float32,"(1.0, 1.0, 1.0)",0.0,1.0,0.0026,43672.0,,
/data/data/DA25S005/miccai_tbi/MultiTalentV2_finetuning/MICCAI_AIMS_TBI/scan_1087_T1.nii.gz,scan_1087_T1.nii.gz,1087,T1,nii.gz,10.934,"(256, 256, 256)",3.0,float32,"(1.0, 1.0, 1.0)",0.0,1489.0,51.8811,7440862.0,,
/data/data/DA25S005/miccai_tbi/MultiTalentV2_finetuning/MICCAI_AIMS_TBI/scan_1088_Lesion.nii.gz,scan_1088_Lesion.nii.gz,1088,Lesion,nii.gz,0.033,"(256, 256, 256)",3.0,float32,"(1.0, 1.0, 1.0)",0.0,0.0,0.0,0.0,,
/data/data/DA25S005/miccai_tbi/MultiTalentV2_finetuning/MICCAI_AIMS_TBI/scan_1088_T1.nii.gz,scan_1088_T1.nii.gz,1088,T1,nii.gz,28.813,"(256, 256, 256)",3.0,float32,"(1.0, 1.0, 1.0)",0.0,8518.3486,339.0364,8118390.0,,
/data/data/DA25S005/miccai_tbi/MultiTalentV2_finetuning/MICCAI_AIMS_TBI/scan_1090_Lesion.nii.gz,scan_1090_Lesion.nii.gz,1090,Lesion,nii.gz,0.067,"(256, 256, 256)",3.0,float32,"(1.0, 1.0, 1.0)",0.0,5.0,0.0003,2981.0,,
/data/data/DA25S005/miccai_tbi/MultiTalentV2_finetuning/MICCAI_AIMS_TBI/scan_1090_T1.nii.gz,scan_1090_T1.nii.gz,1090,T1,nii.gz,7.112,"(256, 256, 256)",3.0,float32,"(1.0, 1.0, 1.0)",0.0,3508.5129,133.7519,4424013.0,,
/data/data/DA25S005/miccai_tbi/MultiTalentV2_finetuning/MICCAI_AIMS_TBI/scan_1090_bval.txt,scan_1090_bval.txt,1090,bval,txt,0.0,"(1, 33)",1.0,float64,,0.0,1000.0,,,,
/data/data/DA25S005/miccai_tbi/MultiTalentV2_finetuning/MICCAI_AIMS_TBI/scan_1090_bvec.txt,scan_1090_bvec.txt,1090,bvec,txt,0.002,"(3, 33)",2.0,float64,,-1.0,1.0,,,,
/data/data/DA25S005/miccai_tbi/MultiTalentV2_finetuning/MICCAI_AIMS_TBI/scan_1090_dMRI.nii.gz,scan_1090_dMRI.nii.gz,1090,dMRI,nii.gz,18.468,"(128, 128, 70, 33)",4.0,float32,"(1.75, 1.75, 2.0)",0.0,10623.7754,72.5068,18365053.0,33.0,
/data/data/DA25S005/miccai_tbi/MultiTalentV2_finetuning/MICCAI_AIMS_TBI/scan_1091_Lesion.nii.gz,scan_1091_Lesion.nii.gz,1091,Lesion,nii.gz,0.066,"(256, 256, 256)",3.0,float32,"(1.0, 1.0, 1.0)",0.0,5.0,0.0001,581.0,,
/data/data/DA25S005/miccai_tbi/MultiTalentV2_finetuning/MICCAI_AIMS_TBI/scan_1091_T1.nii.gz,scan_1091_T1.nii.gz,1091,T1,nii.gz,22.872,"(256, 256, 256)",3.0,float32,"(1.0, 1.0, 1.0)",0.0,742.3187,38.9361,6392860.0,,
/data/data/DA25S005/miccai_tbi/MultiTalentV2_finetuning/MICCAI_AIMS_TBI/scan_1091_bval.txt,scan_1091_bval.txt,1091,bval,txt,0.0,"(1, 31)",1.0,float64,,0.0,700.0,,,,
/data/data/DA25S005/miccai_tbi/MultiTalentV2_finetuning/MICCAI_AIMS_TBI/scan_1091_bvec.txt,scan_1091_bvec.txt,1091,bvec,txt,0.001,"(3, 31)",2.0,float64,,-0.9825,0.9687,,,,
/data/data/DA25S005/miccai_tbi/MultiTalentV2_finetuning/MICCAI_AIMS_TBI/scan_1091_dMRI.nii.gz,scan_1091_dMRI.nii.gz,1091,dMRI,nii.gz,37.443,"(144, 132, 65, 31)",4.0,float32,"(2.0, 2.0, 2.0)",0.0,4095.0,44.5849,37841989.0,31.0,
/data/data/DA25S005/miccai_tbi/MultiTalentV2_finetuning/MICCAI_AIMS_TBI/scan_1094_Lesion.nii.gz,scan_1094_Lesion.nii.gz,1094,Lesion,nii.gz,0.037,"(256, 256, 256)",3.0,float32,"(1.0, 1.0, 1.0)",0.0,1.0,0.0007,11676.0,,
/data/data/DA25S005/miccai_tbi/MultiTalentV2_finetuning/MICCAI_AIMS_TBI/scan_1094_T1.nii.gz,scan_1094_T1.nii.gz,1094,T1,nii.gz,10.419,"(256, 256, 256)",3.0,float32,"(1.0, 1.0, 1.0)",0.0,1524.0,68.6539,5947691.0,,
/data/data/DA25S005/miccai_tbi/MultiTalentV2_finetuning/MICCAI_AIMS_TBI/scan_1097_Lesion.nii.gz,scan_1097_Lesion.nii.gz,1097,Lesion,nii.gz,0.033,"(256, 256, 256)",3.0,float32,"(1.0, 1.0, 1.0)",0.0,1.0,0.0,377.0,,
/data/data/DA25S005/miccai_tbi/MultiTalentV2_finetuning/MICCAI_AIMS_TBI/scan_1097_T1.nii.gz,scan_1097_T1.nii.gz,1097,T1,nii.gz,20.937,"(256, 256, 256)",3.0,float32,"(1.0, 1.0, 1.0)",0.0,880.1818,34.863,7281791.0,,
/data/data/DA25S005/miccai_tbi/MultiTalentV2_finetuning/MICCAI_AIMS_TBI/scan_1099_Lesion.nii.gz,scan_1099_Lesion.nii.gz,1099,Lesion,nii.gz,0.069,"(256, 256, 256)",3.0,float32,"(1.0, 1.0, 1.0)",0.0,5.0,0.001,6282.0,,
/data/data/DA25S005/miccai_tbi/MultiTalentV2_finetuning/MICCAI_AIMS_TBI/scan_1099_T1.nii.gz,scan_1099_T1.nii.gz,1099,T1,nii.gz,13.392,"(256, 256, 256)",3.0,float32,"(1.0, 1.0, 1.0)",0.0,949.0,42.0287,11444389.0,,
/data/data/DA25S005/miccai_tbi/MultiTalentV2_finetuning/MICCAI_AIMS_TBI/scan_1105_Lesion.nii.gz,scan_1105_Lesion.nii.gz,1105,Lesion,nii.gz,0.033,"(256, 256, 256)",3.0,float32,"(1.0, 1.0, 1.0)",0.0,1.0,0.0,153.0,,
/data/data/DA25S005/miccai_tbi/MultiTalentV2_finetuning/MICCAI_AIMS_TBI/scan_1105_T1.nii.gz,scan_1105_T1.nii.gz,1105,T1,nii.gz,34.162,"(256, 256, 256)",3.0,float32,"(1.0, 1.0, 1.0)",0.0,661.9955,43.2157,11444399.0,,
/data/data/DA25S005/miccai_tbi/MultiTalentV2_finetuning/MICCAI_AIMS_TBI/scan_1107_Lesion.nii.gz,scan_1107_Lesion.nii.gz,1107,Lesion,nii.gz,0.033,"(256, 256, 256)",3.0,float32,"(1.0, 1.0, 1.0)",0.0,0.0,0.0,0.0,,
/data/data/DA25S005/miccai_tbi/MultiTalentV2_finetuning/MICCAI_AIMS_TBI/scan_1107_T1.nii.gz,scan_1107_T1.nii.gz,1107,T1,nii.gz,14.262,"(256, 256, 256)",3.0,float32,"(1.0, 1.0, 1.0)",0.0,908.0,51.3204,11444400.0,,
/data/data/DA25S005/miccai_tbi/MultiTalentV2_finetuning/MICCAI_AIMS_TBI/scan_1111_Lesion.nii.gz,scan_1111_Lesion.nii.gz,1111,Lesion,nii.gz,0.066,"(256, 256, 256)",3.0,float32,"(1.0, 1.0, 1.0)",0.0,1.0,0.0,122.0,,
/data/data/DA25S005/miccai_tbi/MultiTalentV2_finetuning/MICCAI_AIMS_TBI/scan_1111_T1.nii.gz,scan_1111_T1.nii.gz,1111,T1,nii.gz,21.926,"(256, 256, 256)",3.0,float32,"(1.0, 1.0, 1.0)",0.0,951.6365,47.3681,7276877.0,,
/data/data/DA25S005/miccai_tbi/MultiTalentV2_finetuning/MICCAI_AIMS_TBI/scan_1111_bval.txt,scan_1111_bval.txt,1111,bval,txt,0.0,"(1, 65)",1.0,float64,,0.0,1000.0,,,,
/data/data/DA25S005/miccai_tbi/MultiTalentV2_finetuning/MICCAI_AIMS_TBI/scan_1111_bvec.txt,scan_1111_bvec.txt,1111,bvec,txt,0.004,"(3, 65)",2.0,float64,,-0.9912,1.0,,,,
/data/data/DA25S005/miccai_tbi/MultiTalentV2_finetuning/MICCAI_AIMS_TBI/scan_1111_dMRI.nii.gz,scan_1111_dMRI.nii.gz,1111,dMRI,nii.gz,37.945,"(96, 96, 60, 65)",4.0,float32,"(2.208, 2.208, 2.42)",0.0,4095.0,46.2145,35441293.0,65.0,
/data/data/DA25S005/miccai_tbi/MultiTalentV2_finetuning/MICCAI_AIMS_TBI/scan_1113_Lesion.nii.gz,scan_1113_Lesion.nii.gz,1113,Lesion,nii.gz,0.033,"(256, 256, 256)",3.0,float32,"(1.0, 1.0, 1.0)",0.0,0.0,0.0,0.0,,
/data/data/DA25S005/miccai_tbi/MultiTalentV2_finetuning/MICCAI_AIMS_TBI/scan_1113_T1.nii.gz,scan_1113_T1.nii.gz,1113,T1,nii.gz,30.122,"(256, 256, 256)",3.0,float32,"(1.0, 1.0, 1.0)",0.0,20809.6172,418.5913,8428384.0,,
/data/data/DA25S005/miccai_tbi/MultiTalentV2_finetuning/MICCAI_AIMS_TBI/scan_1117_Lesion.nii.gz,scan_1117_Lesion.nii.gz,1117,Lesion,nii.gz,0.033,"(256, 256, 256)",3.0,float32,"(1.0, 1.0, 1.0)",0.0,0.0,0.0,0.0,,
/data/data/DA25S005/miccai_tbi/MultiTalentV2_finetuning/MICCAI_AIMS_TBI/scan_1117_T1.nii.gz,scan_1117_T1.nii.gz,1117,T1,nii.gz,28.079,"(256, 256, 256)",3.0,float32,"(1.0, 1.0, 1.0)",0.0,7712.9863,289.5866,7939962.0,,
/data/data/DA25S005/miccai_tbi/MultiTalentV2_finetuning/MICCAI_AIMS_TBI/scan_1120_Lesion.nii.gz,scan_1120_Lesion.nii.gz,1120,Lesion,nii.gz,0.047,"(256, 256, 256)",3.0,float32,"(1.0, 1.0, 1.0)",0.0,5.0,0.0036,58537.0,,
/data/data/DA25S005/miccai_tbi/MultiTalentV2_finetuning/MICCAI_AIMS_TBI/scan_1120_T1.nii.gz,scan_1120_T1.nii.gz,1120,T1,nii.gz,13.384,"(256, 256, 256)",3.0,float32,"(1.0, 1.0, 1.0)",0.0,769.0,52.6617,11336104.0,,
/data/data/DA25S005/miccai_tbi/MultiTalentV2_finetuning/MICCAI_AIMS_TBI/scan_1127_Lesion.nii.gz,scan_1127_Lesion.nii.gz,1127,Lesion,nii.gz,0.038,"(256, 256, 256)",3.0,float32,"(1.0, 1.0, 1.0)",0.0,5.0,0.0014,14325.0,,
/data/data/DA25S005/miccai_tbi/MultiTalentV2_finetuning/MICCAI_AIMS_TBI/scan_1127_T1.nii.gz,scan_1127_T1.nii.gz,1127,T1,nii.gz,10.652,"(256, 256, 256)",3.0,float32,"(1.0, 1.0, 1.0)",0.0,909.0,48.2386,8232592.0,,
/data/data/DA25S005/miccai_tbi/MultiTalentV2_finetuning/MICCAI_AIMS_TBI/scan_1129_Lesion.nii.gz,scan_1129_Lesion.nii.gz,1129,Lesion,nii.gz,0.033,"(256, 256, 256)",3.0,float32,"(1.0, 1.0, 1.0)",0.0,1.0,0.0,145.0,,
/data/data/DA25S005/miccai_tbi/MultiTalentV2_finetuning/MICCAI_AIMS_TBI/scan_1129_T1.nii.gz,scan_1129_T1.nii.gz,1129,T1,nii.gz,8.447,"(256, 256, 256)",3.0,float32,"(1.0, 1.0, 1.0)",0.0,1992844.0,68841.5078,5827305.0,,
/data/data/DA25S005/miccai_tbi/MultiTalentV2_finetuning/MICCAI_AIMS_TBI/scan_1129_bval.txt,scan_1129_bval.txt,1129,bval,txt,0.0,"(1, 33)",1.0,float64,,0.0,700.0,,,,
/data/data/DA25S005/miccai_tbi/MultiTalentV2_finetuning/MICCAI_AIMS_TBI/scan_1129_bvec.txt,scan_1129_bvec.txt,1129,bvec,txt,0.001,"(3, 33)",2.0,float64,,-1.0,1.0,,,,
/data/data/DA25S005/miccai_tbi/MultiTalentV2_finetuning/MICCAI_AIMS_TBI/scan_1129_dMRI.nii.gz,scan_1129_dMRI.nii.gz,1129,dMRI,nii.gz,94.463,"(256, 256, 60, 33)",4.0,float32,"(0.828, 0.828, 2.2)",0.0,493245.4688,4535.6553,101417654.0,33.0,
/data/data/DA25S005/miccai_tbi/MultiTalentV2_finetuning/MICCAI_AIMS_TBI/scan_1131_Lesion.nii.gz,scan_1131_Lesion.nii.gz,1131,Lesion,nii.gz,0.033,"(256, 256, 256)",3.0,float32,"(1.0, 1.0, 1.0)",0.0,1.0,0.0001,1098.0,,
/data/data/DA25S005/miccai_tbi/MultiTalentV2_finetuning/MICCAI_AIMS_TBI/scan_1131_T1.nii.gz,scan_1131_T1.nii.gz,1131,T1,nii.gz,9.377,"(256, 256, 256)",3.0,float32,"(1.0, 1.0, 1.0)",0.0,1359.0,63.1057,5494216.0,,
/data/data/DA25S005/miccai_tbi/MultiTalentV2_finetuning/MICCAI_AIMS_TBI/scan_1132_Lesion.nii.gz,scan_1132_Lesion.nii.gz,1132,Lesion,nii.gz,0.033,"(256, 256, 256)",3.0,float32,"(1.0, 1.0, 1.0)",0.0,0.0,0.0,0.0,,
/data/data/DA25S005/miccai_tbi/MultiTalentV2_finetuning/MICCAI_AIMS_TBI/scan_1132_T1.nii.gz,scan_1132_T1.nii.gz,1132,T1,nii.gz,31.653,"(256, 256, 256)",3.0,float32,"(1.0, 1.0, 1.0)",0.0,7313.1123,329.5131,8948224.0,,
/data/data/DA25S005/miccai_tbi/MultiTalentV2_finetuning/MICCAI_AIMS_TBI/scan_1133_Lesion.nii.gz,scan_1133_Lesion.nii.gz,1133,Lesion,nii.gz,0.033,"(256, 256, 256)",3.0,float32,"(1.0, 1.0, 1.0)",0.0,0.0,0.0,0.0,,
/data/data/DA25S005/miccai_tbi/MultiTalentV2_finetuning/MICCAI_AIMS_TBI/scan_1133_T1.nii.gz,scan_1133_T1.nii.gz,1133,T1,nii.gz,9.973,"(256, 256, 256)",3.0,float32,"(1.0, 1.0, 1.0)",0.0,1482.0,62.241,5796558.0,,
