case_id,component_index,label,overlap_voxels,overlap_fraction,component_dice,component_voxels,bbox_d,bbox_h,bbox_w,bbox_volume,fill_ratio,centroid_d_norm,centroid_h_norm,centroid_w_norm,center_d_norm,center_h_norm,center_w_norm,mean_prob,max_prob,p75_prob,p90_prob,std_prob,sum_prob,mean_intensity,std_intensity,min_intensity,max_intensity,local_contrast,local_abs_contrast,edge_distance_mean,edge_distance_min,edge_distance_max,calibrator_probability
0020,1,1,38,0.926829268292683,0.1417910447761194,41,7,5,3,105,0.3904761904761905,0.40420851267336205,0.5908177905308465,0.6112864658058346,0.40784313725490196,0.5882352941176471,0.611764705882353,0.44709786772727966,0.8043087720870972,0.6383646726608276,0.7471861243247986,0.21824736893177032,18.331012725830078,0.9862664341926575,0.19285830855369568,0.6007875204086304,1.3007245063781738,-0.4134041666984558,0.4134041666984558,240.47970581054688,238.59799194335938,242.0702362060547,0.5231216549873352
0020,2,1,65,1.0,0.23214285714285715,65,5,8,5,200,0.325,0.42425339366515835,0.22159879336349925,0.589079939668175,0.42745098039215684,0.2235294117647059,0.592156862745098,0.2139766961336136,0.28032684326171875,0.2490272969007492,0.254323810338974,0.045488882809877396,13.908485412597656,1.3614650964736938,0.14749875664710999,0.9625388979911804,1.6387909650802612,-0.34030306339263916,0.34030306339263916,194.12184143066406,192.0677032470703,196.3695526123047,0.15512442588806152
0020,3,0,0,0.0,0.0,260,14,12,8,1344,0.19345238095238096,0.6463499245852187,0.293815987933635,0.48174962292609347,0.6392156862745098,0.2901960784313726,0.4823529411764706,0.7338890433311462,1.0,0.9999603629112244,0.9999997615814209,0.33268725872039795,190.8111572265625,1.402163028717041,0.38474351167678833,0.29970070719718933,2.160738706588745,-0.3140751123428345,0.3140751123428345,219.56869506835938,214.1704864501953,225.3131103515625,0.9858559370040894
0021,1,0,0,0.0,0.0,70,9,5,4,180,0.3888888888888889,0.38095238095238093,0.6323249299719887,0.5223529411764706,0.37254901960784315,0.6352941176470588,0.5254901960784314,0.3527550995349884,0.699614942073822,0.4741295576095581,0.519862949848175,0.1447230726480484,24.69285774230957,0.05305227264761925,0.32882195711135864,-0.6438599228858948,0.7905228137969971,-0.5644932724535465,0.5644932724535465,231.03770446777344,228.5607147216797,233.24021911621094,0.39440977573394775
0021,2,0,0,0.0,0.0,11,3,2,2,12,0.9166666666666666,0.42780748663101603,0.6409982174688058,0.5158645276292335,0.42745098039215684,0.6431372549019608,0.5176470588235295,0.21712040901184082,0.32803863286972046,0.2602902054786682,0.3077472746372223,0.06445495784282684,2.388324499130249,0.17124289274215698,0.2691052258014679,-0.2731797993183136,0.4804731607437134,-0.42728734016418457,0.42728734016418457,236.9438018798828,235.81983947753906,237.9936981201172,0.1363963782787323
0021,3,1,130,0.7182320441988951,0.8227848101265823,181,8,6,9,432,0.41898148148148145,0.5510345574693966,0.42183945401364964,0.8306792330191745,0.5450980392156862,0.4235294117647059,0.8352941176470589,0.8206989169120789,1.0,0.9999969601631165,0.9999997615814209,0.2813946306705475,148.5465087890625,0.6300488114356995,0.43355703353881836,-0.6439719200134277,1.7744024991989136,-0.4340818524360657,0.4340818524360657,276.53521728515625,272.9981689453125,279.6354675292969,0.9377228021621704
0029,1,0,0,0.0,0.0,1,1,1,1,1,1.0,0.43812709030100333,0.6086956521739131,0.4980392156862745,0.43812709030100333,0.6086956521739131,0.4980392156862745,0.10579809546470642,0.10579809546470642,0.10579809546470642,0.10579809546470642,0.0,0.10579809546470642,0.03548993170261383,0.0,0.03548993170261383,0.03548993170261383,-0.39015255868434906,0.39015255868434906,258.2189025878906,258.2189025878906,258.2189025878906,0.10796921700239182
0029,2,1,85,0.5414012738853503,0.056087099967007586,157,8,8,6,384,0.4088541666666667,0.4912340498050828,0.42952090833564105,0.60507056325715,0.48494983277591974,0.42474916387959866,0.6078431372549019,0.783178985118866,1.0,0.9999989867210388,1.0,0.3187122941017151,122.95909881591797,1.0219413042068481,0.5028207898139954,-0.07705879211425781,1.8660283088684082,-0.4887571334838867,0.4887571334838867,249.34584045410156,246.0955047607422,252.95651245117188,0.9910849928855896
0029,3,1,93,0.26420454545454547,0.05765654060756355,352,14,18,8,2016,0.1746031746031746,0.49397613256308903,0.6311188811188811,0.5035650623885918,0.48494983277591974,0.6488294314381271,0.5137254901960784,0.4582264721393585,0.999954104423523,0.6475319862365723,0.9394280314445496,0.2776467204093933,161.29571533203125,-0.007572061847895384,0.2869493365287781,-0.6806536912918091,0.7478524446487427,-0.2684251437895,0.2684251437895,272.4555358886719,264.8357849121094,281.1298522949219,0.8209996819496155
0029,4,1,99,0.43231441048034935,0.06380921688688367,229,11,7,10,770,0.2974025974025974,0.5019789399891925,0.5696280177009244,0.6429660073636442,0.5016722408026756,0.568561872909699,0.6431372549019608,0.7673878073692322,1.0,0.9999353885650635,0.9999991059303284,0.3091657757759094,175.7318115234375,0.6010397672653198,0.5424565076828003,-0.5092449188232422,1.464256763458252,-0.28114408254623413,0.28114408254623413,280.57659912109375,274.6252136230469,287.2542419433594,0.9979680180549622
0029,5,1,166,0.3672566371681416,0.09981960312687914,452,17,12,9,1836,0.24618736383442266,0.517121969988457,0.46628880930535416,0.6459049106368211,0.5050167224080268,0.47157190635451507,0.6470588235294118,0.6851761937141418,0.9999997615814209,0.9969693422317505,0.9999288320541382,0.3195295035839081,309.69964599609375,0.698904812335968,0.40236589312553406,-0.31811797618865967,1.4572359323501587,-0.13678598403930664,0.13678598403930664,266.0790100097656,259.2951965332031,272.4720153808594,0.9890374541282654
0029,6,1,6,0.2608695652173913,0.004142216085605799,23,3,3,4,36,0.6388888888888888,0.5080703795259561,0.44554311473026026,0.6132992327365729,0.5083612040133779,0.44481605351170567,0.611764705882353,0.6679479479789734,0.9998000264167786,0.9740501642227173,0.9984855055809021,0.3195026218891144,15.362802505493164,1.3024349212646484,0.24951110780239105,0.772881805896759,1.676918387413025,-0.19672751426696777,0.19672751426696777,256.1030578613281,254.5937957763672,257.5441589355469,0.5826593637466431
0029,7,1,84,0.32684824902723736,0.05365697860108592,257,6,11,20,1320,0.1946969696969697,0.5197740848223,0.6022799734523638,0.737773708705272,0.5183946488294314,0.5986622073578596,0.7254901960784313,0.7611507773399353,0.9999998807907104,0.9994938373565674,0.9999961853027344,0.2932543456554413,195.61575317382812,0.48726195096969604,0.3317916989326477,-0.2098870426416397,1.0153210163116455,-0.12616556882858276,0.12616556882858276,303.8106689453125,295.48095703125,313.04632568359375,0.9731802344322205
0029,8,1,479,0.7852459016393443,0.27497129735935705,610,17,15,9,2295,0.2657952069716776,0.5493996381380558,0.6073523767750425,0.493519768563163,0.5384615384615384,0.6086956521739131,0.4980392156862745,0.7026145458221436,0.9999998807907104,0.9997706413269043,0.9999980330467224,0.3315891623497009,428.5948791503906,0.059836216270923615,0.3287179470062256,-0.6253601908683777,1.0355591773986816,-0.3825794383883476,0.3825794383883476,275.9396667480469,268.51629638671875,285.9178161621094,0.9824793934822083
0029,9,1,7,0.7,0.0048543689320388345,10,4,2,2,16,0.625,0.5367892976588629,0.5130434782608696,0.6650980392156862,0.5351170568561873,0.5117056856187291,0.6666666666666666,0.2040032595396042,0.31472402811050415,0.23297661542892456,0.27875271439552307,0.05893304944038391,2.0400326251983643,0.9573562741279602,0.15499848127365112,0.7648089528083801,1.1822471618652344,-0.24566906690597534,0.24566906690597534,279.9620666503906,279.089599609375,280.8522644042969,0.15218274295330048
0029,10,0,0,0.0,0.0,1,1,1,1,1,1.0,0.5418060200668896,0.6387959866220736,0.5098039215686274,0.5418060200668896,0.6387959866220736,0.5098039215686274,0.1428985893726349,0.1428985893726349,0.1428985893726349,0.1428985893726349,0.0,0.1428985893726349,0.1390576958656311,0.0,0.1390576958656311,0.1390576958656311,-0.3827971816062927,0.3827971816062927,282.7543029785156,282.7543029785156,282.7543029785156,0.27282384037971497
0029,11,0,0,0.0,0.0,4,2,2,1,4,1.0,0.6204013377926422,0.6538461538461539,0.5215686274509804,0.6187290969899666,0.6521739130434783,0.5215686274509804,0.15873685479164124,0.19820916652679443,0.1810627579689026,0.19135060906410217,0.02954075299203396,0.6349474191665649,-0.27334606647491455,0.07407611608505249,-0.38697895407676697,-0.1819099634885788,-0.36036428809165955,0.36036428809165955,301.1507873535156,300.5162353515625,301.7846984863281,0.17143818736076355
0029,12,1,3,0.75,0.0020847810979847115,4,3,1,2,6,0.6666666666666666,0.6321070234113713,0.5986622073578596,0.44803921568627453,0.6321070234113713,0.5986622073578596,0.4470588235294118,0.14823293685913086,0.20154407620429993,0.1750985085964203,0.19096584618091583,0.03876100480556488,0.5929317474365234,-0.14714515209197998,0.04935939610004425,-0.203791081905365,-0.07198112457990646,-0.17658990249037743,0.17658990249037743,284.9465026855469,284.1795349121094,285.5135803222656,0.25333264470100403
0029,13,0,0,0.0,0.0,3,1,2,2,4,0.75,0.6287625418060201,0.620958751393534,0.477124183006536,0.6287625418060201,0.6187290969899666,0.47843137254901963,0.1164712980389595,0.1256263554096222,0.12405210733413696,0.12499665468931198,0.0107976533472538,0.3494139015674591,-0.0706566870212555,0.01353487465530634,-0.0874519869685173,-0.05430745333433151,-0.17143302410840988,0.17143302410840988,291.5411682128906,291.2558898925781,291.89208984375,0.1706705093383789
0029,14,1,1113,0.5821129707112971,0.46510656080234014,1912,22,23,26,13156,0.14533292794162359,0.6629175354389107,0.5895943241768237,0.4913733694314546,0.6521739130434783,0.6053511705685619,0.5411764705882353,0.763746440410614,0.9999998807907104,0.9998518228530884,0.9999933242797852,0.3043554127216339,1460.283203125,-0.15957538783550262,0.25188711285591125,-0.6346507668495178,0.6159400939941406,-0.30069322884082794,0.30069322884082794,294.16424560546875,285.5871276855469,304.50616455078125,0.991482675075531
0029,15,0,0,0.0,0.0,5,2,2,2,8,0.625,0.6816053511705686,0.5438127090301003,0.48000000000000004,0.6822742474916388,0.5451505016722408,0.4823529411764706,0.16300901770591736,0.23140209913253784,0.17010512948036194,0.20688331127166748,0.036476656794548035,0.8150450587272644,0.327537477016449,0.016505442559719086,0.2985786497592926,0.34802669286727905,-0.10826972126960754,0.10826972126960754,288.7283020019531,288.2169189453125,289.3492736816406,0.326652467250824
0036,1,1,1214,0.6548004314994607,0.3993421052631579,1854,19,13,27,6669,0.27800269905533065,0.36069124521437484,0.5951244791336169,0.39269623707088014,0.33725490196078434,0.5843137254901961,0.40784313725490196,0.668052077293396,0.9999762773513794,0.937860369682312,0.9944207668304443,0.28870224952697754,1238.568603515625,1.0381819009780884,0.48075345158576965,-0.20557498931884766,3.239333152770996,-0.4823082685470581,0.4823082685470581,127.86772155761719,119.674560546875,137.7461395263672,0.8674991726875305
0036,2,1,51,0.6891891891891891,0.02372093023255814,74,6,6,6,216,0.3425925925925926,0.356120826709062,0.7417064122946476,0.47488076311605726,0.3568627450980392,0.7411764705882353,0.4745098039215686,0.5010775923728943,0.9895721673965454,0.7363025546073914,0.9239575266838074,0.28306517004966736,37.079742431640625,0.6811274886131287,0.3322382867336273,-0.18767854571342468,1.4323371648788452,-0.1068495512008667,0.1068495512008667,144.97195434570312,142.7760467529297,147.11219787597656,0.6149824261665344
0036,3,1,475,0.9152215799614644,0.20021074815595363,519,13,16,13,2704,0.1919378698224852,0.378382258491065,0.2947674638256073,0.656511390683441,0.37254901960784315,0.29411764705882354,0.6470588235294118,0.6000142097473145,0.9999955892562866,0.9719554781913757,0.99967360496521,0.3154604136943817,311.4073791503906,0.5430991649627686,0.4145348072052002,-0.29349955916404724,1.9874529838562012,-0.5368149280548096,0.5368149280548096,150.29718017578125,146.48548889160156,154.60272216796875,0.8747518658638
0036,4,1,5,1.0,0.002363507445048452,5,3,2,1,6,0.8333333333333334,0.36,0.3474509803921568,0.6745098039215687,0.3607843137254902,0.34901960784313724,0.6745098039215687,0.1312069445848465,0.14333999156951904,0.1420343518257141,0.14281773567199707,0.01184024941176176,0.6560347080230713,0.505052924156189,0.09202273190021515,0.3699693977832794,0.624828040599823,-0.19581544399261475,0.19581544399261475,152.75265502929688,151.6871795654297,153.53826904296875,0.16628596186637878
0036,5,0,0,0.0,0.0,6,3,3,1,9,0.6666666666666666,0.361437908496732,0.6241830065359477,0.43137254901960786,0.36470588235294116,0.6235294117647059,0.43137254901960786,0.12364187091588974,0.15335744619369507,0.12815698981285095,0.14202453196048737,0.015579215250909328,0.7418512105941772,0.6554955840110779,0.6099950671195984,-0.06177496910095215,1.5248184204101562,-0.9475224614143372,0.9475224614143372,130.54991149902344,129.71121215820312,131.60926818847656,0.12384840101003647
0036,6,1,1,1.0,0.0004731488052992666,1,1,1,1,1,1.0,0.3686274509803922,0.6274509803921569,0.42745098039215684,0.3686274509803922,0.6274509803921569,0.42745098039215684,0.1142197996377945,0.1142197996377945,0.1142197996377945,0.1142197996377945,0.0,0.1142197996377945,0.7411213517189026,0.0,0.7411213517189026,0.7411213517189026,-0.8727489113807678,0.8727489113807678,128.8953094482422,128.8953094482422,128.8953094482422,0.03696022555232048
0036,7,1,19,0.18627450980392157,0.00878003696857671,102,6,9,6,324,0.3148148148148148,0.4030372933487121,0.616878123798539,0.40645905420991923,0.4,0.6274509803921569,0.4117647058823529,0.44337230920791626,0.8946570158004761,0.6703182458877563,0.7476490139961243,0.23185822367668152,45.223976135253906,1.2435187101364136,0.5876631140708923,0.05726512894034386,2.455984354019165,-0.8690711259841919,0.8690711259841919,119.11188507080078,115.50757598876953,122.6784439086914,0.19892123341560364
0036,8,0,0,0.0,0.0,1,1,1,1,1,1.0,0.403921568627451,0.6313725490196078,0.4,0.403921568627451,0.6313725490196078,0.4,0.11121513694524765,0.11121513694524765,0.11121513694524765,0.11121513694524765,0.0,0.11121513694524765,0.5858433842658997,0.0,0.5858433842658997,0.5858433842658997,-0.5226413607597351,0.5226413607597351,119.8207015991211,119.8207015991211,119.8207015991211,0.055635251104831696
0036,9,0,0,0.0,0.0,20,3,5,2,30,0.6666666666666666,0.44607843137254904,0.7227450980392157,0.47215686274509805,0.4470588235294118,0.7215686274509804,0.47058823529411764,0.3039216995239258,0.6450235247612,0.3339052200317383,0.5119403600692749,0.12960076332092285,6.078433990478516,2.2111916542053223,0.17663487792015076,1.8441658020019531,2.461625576019287,-0.4220094680786133,0.4220094680786133,123.03731536865234,121.2476806640625,124.65552520751953,0.16136030852794647
0036,10,0,0,0.0,0.0,35,5,6,4,120,0.2916666666666667,0.4518767507002801,0.7529411764705882,0.4988235294117647,0.4549019607843137,0.7529411764705882,0.5019607843137255,0.6310723423957825,0.999626636505127,0.875342607498169,0.9989932179450989,0.2789834141731262,22.08753204345703,1.939338207244873,0.2226126343011856,1.3653000593185425,2.555217742919922,-0.3652195930480957,0.3652195930480957,127.68180847167969,126.19825744628906,129.4140625,0.6873955726623535
0036,11,1,57,0.31666666666666665,0.025873808443032227,180,7,17,5,595,0.3025210084033613,0.459281045751634,0.482244008714597,0.5891067538126362,0.4588235294117647,0.4980392156862745,0.5882352941176471,0.7137250900268555,1.0,0.999241292476654,0.9999833703041077,0.33421754837036133,128.47052001953125,2.5838704109191895,0.4883383512496948,0.7775543928146362,3.555689573287964,-0.49042510986328125,0.49042510986328125,115.89044189453125,112.75193786621094,118.57908630371094,0.8223240971565247
0036,12,1,112,0.6829268292682927,0.0510250569476082,164,6,13,9,702,0.2336182336182336,0.45820181731229076,0.6887613582018173,0.4130320420851267,0.4588235294117647,0.6784313725490196,0.4196078431372549,0.5655268430709839,0.999495267868042,0.8163844347000122,0.9772177338600159,0.2987592816352844,92.74639892578125,1.8633136749267578,0.5706704258918762,0.009795501828193665,3.0186259746551514,-0.7238547801971436,0.7238547801971436,113.35315704345703,110.45813751220703,117.20494842529297,0.5314484238624573
0036,13,0,0,0.0,0.0,37,6,4,4,96,0.3854166666666667,0.4588235294117647,0.7446740858505565,0.5837837837837838,0.4588235294117647,0.7450980392156863,0.5843137254901961,0.41338711977005005,0.8869083523750305,0.6290885210037231,0.764726996421814,0.23942933976650238,15.295323371887207,1.2494409084320068,0.45007196068763733,0.3584887385368347,1.9527148008346558,-0.4131619930267334,0.4131619930267334,133.20181274414062,131.1640167236328,135.2405242919922,0.243243008852005
0036,14,1,41,0.5466666666666666,0.019065333643338758,75,7,6,5,210,0.35714285714285715,0.4688104575163399,0.7706143790849673,0.5493333333333333,0.4666666666666667,0.7686274509803922,0.5490196078431373,0.6747921109199524,0.9999988079071045,0.9955242276191711,0.9998852014541626,0.3438242971897125,50.60940933227539,1.3125972747802734,0.42496320605278015,0.3952409625053406,2.2264037132263184,-0.37601590156555176,0.37601590156555176,131.2150421142578,128.75946044921875,135.20724487304688,0.8673819303512573
0036,15,0,0,0.0,0.0,11,2,4,3,24,0.4583333333333333,0.46916221033868094,0.6887700534759358,0.39144385026737966,0.47058823529411764,0.6901960784313725,0.38823529411764707,0.11717285960912704,0.12515732645988464,0.1244339868426323,0.12480905652046204,0.008073622360825539,1.288901448249817,1.2856930494308472,0.1650841385126114,1.120556116104126,1.5569370985031128,-0.6250150203704834,0.6250150203704834,110.24561309814453,109.07795715332031,111.0810546875,0.12570060789585114
0036,16,1,8,0.7272727272727273,0.003776256785461411,11,4,3,2,24,0.4583333333333333,0.4734402852049911,0.6901960784313725,0.4163992869875223,0.4745098039215686,0.6901960784313725,0.41568627450980394,0.2550313174724579,0.5513157248497009,0.3092651069164276,0.37852010130882263,0.12147767096757889,2.805344581604004,1.557986855506897,0.6243950724601746,0.7076515555381775,2.5278191566467285,-0.8186169862747192,0.8186169862747192,110.2206802368164,109.09170532226562,111.68706512451172,0.19699040055274963
0036,17,1,38,0.6229508196721312,0.017728014928854677,61,6,5,4,120,0.5083333333333333,0.49090324654451944,0.7686917389906782,0.5879781420765028,0.49019607843137253,0.7686274509803922,0.5882352941176471,0.7482588887214661,0.9999899864196777,0.995532751083374,0.9999421834945679,0.30410900712013245,45.64379119873047,0.8921077251434326,0.3944080173969269,-0.06914899498224258,1.6925394535064697,-0.2821768522262573,0.2821768522262573,131.0507354736328,128.6934356689453,133.6936798095703,0.941663920879364
0036,18,1,2,1.0,0.000946073793755913,2,1,2,1,2,1.0,0.5058823529411764,0.5862745098039216,0.6823529411764706,0.5058823529411764,0.5843137254901961,0.6823529411764706,0.10642796754837036,0.10900968313217163,0.107718825340271,0.10849334299564362,0.0025817155838012695,0.21285593509674072,1.1500756740570068,0.049667298793792725,1.1004083156585693,1.1997429132461548,-0.5843769311904907,0.5843769311904907,123.80422973632812,123.69721221923828,123.9112548828125,0.07399406284093857
0036,19,1,32,0.5161290322580645,0.014925373134328358,62,6,6,4,144,0.4305555555555556,0.5357368753953194,0.4302340290955092,0.539595192915876,0.5333333333333333,0.42745098039215684,0.5411764705882353,0.7299864888191223,0.9997451305389404,0.9945715665817261,0.9992696642875671,0.2986597418785095,45.25916290283203,2.7084665298461914,0.48301586508750916,1.3123681545257568,3.5217196941375732,-0.4131278991699219,0.4131278991699219,93.52562713623047,91.14274597167969,96.04165649414062,0.8282026648521423
0036,20,0,0,0.0,0.0,19,4,3,3,36,0.5277777777777778,0.5642930856553148,0.7294117647058823,0.5729618163054696,0.5647058823529412,0.7294117647058823,0.5725490196078431,0.408261775970459,0.9809153079986572,0.6601911783218384,0.8650704622268677,0.2880977690219879,7.756973743438721,1.8301875591278076,0.18184000253677368,1.4749201536178589,2.1151180267333984,-0.19234132766723633,0.19234132766723633,110.98072814941406,109.13294982910156,113.2298583984375,0.40903106331825256
0036,21,1,47,0.5164835164835165,0.02177438035672921,91,5,8,5,200,0.455,0.5737987502693385,0.7288084464555052,0.5169144580909286,0.5725490196078431,0.7215686274509804,0.5137254901960784,0.8205446600914001,1.0,0.9999938607215881,1.0,0.29044145345687866,74.66956329345703,1.9860296249389648,0.29691264033317566,1.1337497234344482,2.4166157245635986,-0.37986254692077637,0.37986254692077637,102.74385070800781,99.11609649658203,106.51290893554688,0.9386969208717346
0036,22,0,0,0.0,0.0,63,7,7,4,196,0.32142857142857145,0.5797696856520386,0.6720199190787426,0.4534080298786181,0.5803921568627451,0.6705882352941176,0.4549019607843137,0.6992747187614441,0.9999889135360718,0.9472523927688599,0.9997982978820801,0.29315710067749023,44.05430603027344,2.4816133975982666,0.1748005598783493,2.0747764110565186,2.772209405899048,-0.3586914539337158,0.3586914539337158,87.43621826171875,85.06468200683594,90.16096496582031,0.7047542333602905
0036,23,0,0,0.0,0.0,5,2,3,1,6,0.8333333333333334,0.5709803921568627,0.7223529411764705,0.5607843137254902,0.5725490196078431,0.7215686274509804,0.5607843137254902,0.6401693820953369,0.8752740621566772,0.7084168791770935,0.8085311651229858,0.1394944041967392,3.2008469104766846,1.8407871723175049,0.09889672696590424,1.7148188352584839,1.9433982372283936,-0.30985069274902344,0.30985069274902344,107.28944396972656,106.34378051757812,108.13880157470703,0.19137859344482422
0036,24,0,0,0.0,0.0,4,2,3,1,6,0.6666666666666666,0.5754901960784313,0.7421568627450981,0.4980392156862745,0.5764705882352941,0.7450980392156863,0.4980392156862745,0.2129984200000763,0.2975413501262665,0.29160675406455994,0.2951675057411194,0.08091311901807785,0.8519936800003052,1.9542521238327026,0.08636423945426941,1.814530611038208,2.038630485534668,-0.2931774854660034,0.2931774854660034,102.73249816894531,101.759521484375,103.72077941894531,0.19550243020057678
0036,25,0,0,0.0,0.0,1,1,1,1,1,1.0,0.5764705882352941,0.6666666666666666,0.48627450980392156,0.5764705882352941,0.6666666666666666,0.48627450980392156,0.24817252159118652,0.24817252159118652,0.24817252159118652,0.24817252159118652,0.0,0.24817252159118652,2.3396027088165283,0.0,2.3396027088165283,2.3396027088165283,-0.23947668075561523,0.23947668075561523,90.14432525634766,90.14432525634766,90.14432525634766,0.1485738754272461
0036,26,1,30,0.36585365853658536,0.013927576601671309,82,6,7,5,210,0.3904761904761905,0.592156862745098,0.6764227642276424,0.487039693926351,0.592156862745098,0.6705882352941176,0.48627450980392156,0.6356696486473083,0.9996874928474426,0.9889679551124573,0.998617947101593,0.33626383543014526,52.12491226196289,2.187589168548584,0.527403712272644,0.5268746018409729,2.946127414703369,-0.6144435405731201,0.6144435405731201,88.58615112304688,86.191650390625,91.1866226196289,0.6636247038841248
0036,27,1,6,0.8571428571428571,0.002834868887313962,7,3,3,1,9,0.7777777777777778,0.592156862745098,0.7098039215686275,0.40784313725490196,0.592156862745098,0.7098039215686275,0.40784313725490196,0.25621598958969116,0.46285247802734375,0.34536996483802795,0.4235638976097107,0.12739728391170502,1.7935118675231934,0.895611584186554,0.21825265884399414,0.5775049924850464,1.2864283323287964,-0.7892705798149109,0.7892705798149109,88.2343978881836,86.83892822265625,89.62700653076172,0.23171544075012207
0036,28,1,5,0.1724137931034483,0.0023501762632197414,29,4,5,4,80,0.3625,0.6144692359702502,0.61947261663286,0.3922920892494929,0.611764705882353,0.6196078431372549,0.39215686274509803,0.5649471282958984,0.9853423833847046,0.876291036605835,0.9599213600158691,0.3074319064617157,16.383466720581055,1.6554726362228394,0.42978978157043457,0.6805089712142944,2.6553120613098145,-0.4786108732223511,0.4786108732223511,69.58702850341797,67.83067321777344,71.67984008789062,0.48531174659729004
0036,29,1,23,0.20175438596491227,0.010599078341013824,114,6,6,7,252,0.4523809523809524,0.6176126590987273,0.6494668042655658,0.404953560371517,0.615686274509804,0.6470588235294118,0.403921568627451,0.7087547779083252,0.9999679327011108,0.9906227588653564,0.999660849571228,0.30405986309051514,80.79804229736328,1.5750758647918701,0.5579744577407837,0.11381866782903671,2.8690764904022217,-0.4269688129425049,0.4269688129425049,73.61573028564453,70.61161041259766,76.29547882080078,0.8765585422515869
0036,30,1,10,0.5555555555555556,0.00471253534401508,18,4,4,4,64,0.28125,0.6211328976034858,0.6803921568627451,0.48453159041394334,0.6196078431372549,0.6784313725490196,0.48627450980392156,0.5210410952568054,0.9331966638565063,0.777356743812561,0.85951828956604,0.2665000259876251,9.378739356994629,2.0441958904266357,0.2646683156490326,1.5589985847473145,2.5308890342712402,-0.5546097755432129,0.5546097755432129,83.6468276977539,82.00609588623047,85.0764389038086,0.33209896087646484
0036,31,1,86,0.6370370370370371,0.039440495299243296,135,5,8,7,280,0.48214285714285715,0.6396223674655047,0.5782425562817719,0.37089324618736386,0.6431372549019608,0.5725490196078431,0.37254901960784315,0.5749495625495911,0.9994512796401978,0.8890429139137268,0.9850254654884338,0.30817097425460815,77.61819458007812,1.5334086418151855,0.7034549713134766,-0.003944830037653446,3.1136107444763184,-0.7270171642303467,0.7270171642303467,58.50127410888672,55.686622619628906,61.34329605102539,0.5341217517852783
0036,32,1,36,0.45,0.01672085462145843,80,6,9,5,270,0.2962962962962963,0.6491666666666667,0.5505392156862745,0.37862745098039213,0.6509803921568628,0.5568627450980392,0.3764705882352941,0.5924574732780457,0.9968178868293762,0.8925057649612427,0.9452750086784363,0.2900305986404419,47.39659881591797,2.35123872756958,0.46244508028030396,1.080841302871704,3.300417184829712,-0.595867395401001,0.595867395401001,53.8265495300293,51.720401763916016,55.93746566772461,0.5895140767097473
0036,33,1,17,0.5151515151515151,0.007983094623150975,33,5,4,4,80,0.4125,0.6591800356506239,0.574331550802139,0.3864527629233512,0.6588235294117647,0.5725490196078431,0.3843137254901961,0.5214021801948547,0.9944608211517334,0.7671933174133301,0.9631656408309937,0.2951693832874298,17.20627212524414,1.7195502519607544,0.5737901926040649,0.6885802149772644,2.510683536529541,-0.45433294773101807,0.45433294773101807,54.039520263671875,52.21110916137695,56.18718719482422,0.5001748204231262
0036,34,0,0,0.0,0.0,5,3,2,1,6,0.8333333333333334,0.6870588235294117,0.5984313725490196,0.41568627450980394,0.6862745098039216,0.6,0.41568627450980394,0.24388864636421204,0.3424028754234314,0.3385522961616516,0.3408626317977905,0.0946430116891861,1.2194432020187378,1.2094147205352783,0.3093314468860626,0.7717124819755554,1.6416947841644287,-0.5716438293457031,0.5716438293457031,52.88750457763672,51.932647705078125,54.037025451660156,0.18158480525016785
0036,35,0,0,0.0,0.0,25,4,5,2,40,0.625,0.6884705882352942,0.7008627450980393,0.4763921568627451,0.6862745098039216,0.7019607843137254,0.4745098039215686,0.4630044996738434,0.9545214176177979,0.7561410665512085,0.8220956921577454,0.29372698068618774,11.575112342834473,1.0248730182647705,0.2668537199497223,0.4088185429573059,1.5385596752166748,-0.16406047344207764,0.16406047344207764,75.71450805664062,73.8985824584961,77.29165649414062,0.4145512282848358
0036,36,0,0,0.0,0.0,1,1,1,1,1,1.0,0.7254901960784313,0.5647058823529412,0.4,0.7254901960784313,0.5647058823529412,0.4,0.12980936467647552,0.12980936467647552,0.12980936467647552,0.12980936467647552,0.0,0.12980936467647552,1.0305447578430176,0.0,1.0305447578430176,1.0305447578430176,-0.45856773853302,0.45856773853302,39.31920623779297,39.31920623779297,39.31920623779297,0.08423138409852982
0036,37,0,0,0.0,0.0,7,2,2,2,8,0.875,0.7316526610644258,0.3036414565826331,0.4565826330532213,0.7294117647058823,0.30196078431372547,0.4549019607843137,0.16871175169944763,0.23750169575214386,0.20432034134864807,0.23060189187526703,0.04675931856036186,1.180982232093811,1.26169753074646,0.13557441532611847,1.0815651416778564,1.4954781532287598,-0.5786839723587036,0.5786839723587036,60.34662628173828,59.514705657958984,61.19640350341797,0.1345900446176529
0036,38,0,0,0.0,0.0,31,4,5,3,60,0.5166666666666667,0.7435800126502214,0.4417457305502846,0.39911448450347886,0.7450980392156863,0.44313725490196076,0.4,0.5385372042655945,0.9937681555747986,0.825679361820221,0.9877397418022156,0.305373877286911,16.694652557373047,1.5142794847488403,0.4214712381362915,0.3605085015296936,2.150695323944092,-0.41213691234588623,0.41213691234588623,30.72289276123047,28.75760841369629,32.74140930175781,0.5394819378852844
0050,1,0,0,0.0,0.0,1,1,1,1,1,1.0,0.4666666666666667,0.4235294117647059,0.5058823529411764,0.4666666666666667,0.4235294117647059,0.5058823529411764,0.1047910749912262,0.1047910749912262,0.1047910749912262,0.1047910749912262,0.0,0.1047910749912262,0.9481601715087891,0.0,0.9481601715087891,0.9481601715087891,-0.37982285022735596,0.37982285022735596,206.65188598632812,206.65188598632812,206.65188598632812,0.013400017283856869
0062,1,1,255,0.7369942196531792,0.7600596125186289,346,8,11,10,880,0.3931818181818182,0.26362915108239826,0.4897427178964071,0.4853337866938683,0.2627450980392157,0.4823529411764706,0.4823529411764706,0.7403847575187683,0.9999952912330627,0.9985989928245544,0.9998968243598938,0.3069745898246765,256.1731262207031,-0.2411128729581833,0.2773684859275818,-0.7516195178031921,0.4708520472049713,-0.3087041527032852,0.3087041527032852,188.61183166503906,183.1119842529297,194.10305786132812,0.9137001633644104
0062,2,0,0,0.0,0.0,277,12,8,7,672,0.41220238095238093,0.3468393855737241,0.5748000283145749,0.47501946627026265,0.3568627450980392,0.5803921568627451,0.47058823529411764,0.6287199854850769,0.9995273947715759,0.9127734303474426,0.9935470223426819,0.28759774565696716,174.1554412841797,-0.2989835739135742,0.25300759077072144,-0.8216837644577026,0.3117028474807739,-0.27329639345407486,0.27329639345407486,210.1517791748047,204.9536590576172,215.1232147216797,0.7181625962257385
0062,3,0,0,0.0,0.0,69,4,5,5,100,0.69,0.3587382779198636,0.39687411196362604,0.650412048877522,0.3568627450980392,0.396078431372549,0.6509803921568628,0.6687294840812683,0.9982381463050842,0.9273669719696045,0.9915391802787781,0.28188180923461914,46.142333984375,0.5134453177452087,0.10117600113153458,0.2798945903778076,0.706512987613678,-0.2397373914718628,0.2397373914718628,215.18560791015625,212.97886657714844,217.43275451660156,0.5368379950523376
0062,4,1,5,0.125,0.0273972602739726,40,4,4,4,64,0.625,0.37745098039215685,0.2886274509803921,0.6249019607843137,0.37254901960784315,0.28627450980392155,0.6235294117647059,0.49341124296188354,0.9211674332618713,0.7031082510948181,0.813012421131134,0.23700231313705444,19.7364501953125,0.03776167333126068,0.3430863618850708,-0.5861302614212036,0.7319811582565308,-0.7471399456262589,0.7471399456262589,200.6702117919922,198.40362548828125,202.85462951660156,0.4664411246776581
0062,5,0,0,0.0,0.0,28,3,5,4,60,0.4666666666666667,0.4046218487394958,0.23165266106442575,0.530812324929972,0.403921568627451,0.23137254901960785,0.5333333333333333,0.213938370347023,0.4396207928657532,0.27190181612968445,0.3486521542072296,0.08731425553560257,5.990274429321289,0.44543370604515076,0.12091545760631561,0.21617047488689423,0.6364488005638123,-0.26553216576576233,0.26553216576576233,180.73776245117188,178.94412231445312,182.41436767578125,0.25387683510780334
0062,6,0,0,0.0,0.0,1,1,1,1,1,1.0,0.4,0.23921568627450981,0.5411764705882353,0.4,0.23921568627450981,0.5411764705882353,0.10116952657699585,0.10116952657699585,0.10116952657699585,0.10116952657699585,0.0,0.10116952657699585,0.45817169547080994,0.0,0.45817169547080994,0.45817169547080994,-0.09364292025566101,0.09364292025566101,182.68551635742188,182.68551635742188,182.68551635742188,0.12625160813331604
0062,7,0,0,0.0,0.0,6,2,2,3,12,0.5,0.4294117647058823,0.44509803921568625,0.6941176470588235,0.43137254901960786,0.4470588235294118,0.6941176470588235,0.19417960941791534,0.27564316987991333,0.24871724843978882,0.2681170701980591,0.061530258506536484,1.1650776863098145,0.45815375447273254,0.0910181775689125,0.3117028474807739,0.5537040829658508,-0.23869827389717102,0.23869827389717102,237.5333251953125,236.79527282714844,238.27294921875,0.08462098240852356
0062,8,0,0,0.0,0.0,389,13,12,7,1092,0.35622710622710624,0.5990725338978778,0.6651544936740763,0.6319874993699279,0.6078431372549019,0.6470588235294118,0.6313725490196078,0.3197513818740845,0.9285348653793335,0.4254406988620758,0.6232545375823975,0.19760899245738983,124.38328552246094,-0.17989115417003632,0.20258855819702148,-0.866280198097229,0.20983019471168518,-0.22164084017276764,0.22164084017276764,279.9983215332031,273.9707946777344,285.4715270996094,0.19072534143924713
0062,9,0,0,0.0,0.0,109,5,7,5,175,0.6228571428571429,0.5957906098219103,0.5998920669185105,0.662889008814535,0.596078431372549,0.6,0.6588235294117647,0.4665689170360565,0.9765924215316772,0.6357517838478088,0.8579751253128052,0.24163170158863068,50.85601043701172,0.369369775056839,0.11836466938257217,0.02521301619708538,0.6364488005638123,-0.2298392355442047,0.2298392355442047,274.5265197753906,272.2076416015625,276.8410949707031,0.6377378106117249
0062,10,0,0,0.0,0.0,46,5,4,4,80,0.575,0.5990622335890878,0.5006820119352089,0.699147485080989,0.6,0.5019607843137255,0.6980392156862745,0.5222498774528503,0.9934327006340027,0.7782152891159058,0.9564530849456787,0.29647496342658997,24.023494720458984,0.4821120500564575,0.11378767341375351,0.2226180136203766,0.6492366194725037,-0.2605188488960266,0.2605188488960266,267.82415771484375,265.6351013183594,269.7424621582031,0.7302759885787964
0062,11,0,0,0.0,0.0,15,3,3,3,27,0.5555555555555556,0.617516339869281,0.5254901960784314,0.604967320261438,0.6196078431372549,0.5254901960784314,0.6039215686274509,0.19205862283706665,0.25482597947120667,0.23693624138832092,0.24564231932163239,0.04725290462374687,2.8808794021606445,-0.09919055551290512,0.29216447472572327,-0.5796827077865601,0.2798945903778076,-0.5243239626288414,0.5243239626288414,258.5865173339844,257.5441589355469,259.8672790527344,0.3312688171863556
0062,12,0,0,0.0,0.0,90,5,7,5,175,0.5142857142857142,0.6354684095860567,0.43577342047930284,0.6668845315904139,0.6352941176470588,0.43529411764705883,0.6666666666666666,0.7151158452033997,0.9999744892120361,0.9852855801582336,0.9996747374534607,0.28647857904434204,64.36042785644531,0.6203929781913757,0.11409194022417068,0.3435112535953522,0.8656622171401978,-0.21656429767608643,0.21656429767608643,260.48883056640625,258.236328125,262.6975402832031,0.9242326021194458
0073,1,0,0,0.0,0.0,9,3,2,3,18,0.5,0.3847370502174773,0.3718115002161695,0.6456349206349206,0.38434163701067614,0.3735408560311284,0.6464285714285715,0.19276586174964905,0.24717167019844055,0.2193828821182251,0.22754979133605957,0.03348512202501297,1.734892725944519,0.5261128544807434,0.05222729593515396,0.4290825128555298,0.5986031889915466,-0.30706942081451416,0.30706942081451416,231.77020263671875,230.82461547851562,232.91415405273438,0.041950564831495285
0073,2,0,0,0.0,0.0,74,5,6,5,150,0.49333333333333335,0.4166105607386746,0.4570932800504785,0.6457528957528957,0.41637010676156583,0.45525291828793774,0.6464285714285715,0.5725336074829102,0.9994512796401978,0.8974255323410034,0.9877902865409851,0.30305996537208557,42.367488861083984,0.8542870283126831,0.11560932546854019,0.5014508366584778,1.0363191366195679,-0.2491748332977295,0.2491748332977295,245.83596801757812,243.54466247558594,248.61817932128906,0.6637599468231201
0073,3,1,5,0.7142857142857143,0.055865921787709494,7,3,4,2,24,0.2916666666666667,0.5094051855617692,0.4886047804335742,0.6377551020408164,0.5088967971530249,0.48638132295719844,0.6392857142857142,0.19450104236602783,0.35598066449165344,0.24796617031097412,0.2984907329082489,0.08597788959741592,1.3615072965621948,0.6046391725540161,0.1504027098417282,0.4103533923625946,0.8344863057136536,-0.08473366498947144,0.08473366498947144,261.5995788574219,260.9884948730469,262.3699645996094,0.13706226646900177
0073,4,1,4,1.0,0.045454545454545456,4,2,2,1,4,1.0,0.5071174377224199,0.5583657587548638,0.625,0.5088967971530249,0.5603112840466926,0.625,0.23338527977466583,0.36457890272140503,0.2632848620414734,0.3240612745285034,0.08636754751205444,0.9335411190986633,0.9695554971694946,0.04413115233182907,0.9021478295326233,1.0168523788452148,-0.2082228660583496,0.2082228660583496,267.9736328125,267.4378356933594,268.50885009765625,0.1511809378862381
0073,5,1,8,0.42105263157894735,0.08376963350785341,19,5,4,3,60,0.31666666666666665,0.519011050758569,0.48801966004505426,0.6430451127819549,0.5160142348754448,0.490272373540856,0.6428571428571429,0.4501139521598816,0.9905557632446289,0.8575617074966431,0.9452774524688721,0.33699482679367065,8.552165031433105,0.9412614703178406,0.18666021525859833,0.4713951349258423,1.1750305891036987,0.03137469291687012,0.03137469291687012,264.0335998535156,262.773681640625,265.12261962890625,0.6866713762283325
0073,6,1,4,1.0,0.045454545454545456,4,2,3,1,6,0.6666666666666666,0.5133451957295374,0.5603112840466926,0.6285714285714286,0.5124555160142349,0.5603112840466926,0.6285714285714286,0.2658177316188812,0.5361497402191162,0.34679582715034485,0.46040812134742737,0.16961368918418884,1.063270926475525,0.9683465361595154,0.05782843753695488,0.881672739982605,1.039348840713501,-0.2393152117729187,0.2393152117729187,269.8333740234375,269.1653747558594,270.2369384765625,0.17804774641990662
0073,7,1,34,0.8947368421052632,0.3238095238095238,38,4,4,4,64,0.59375,0.5422363738527815,0.33954536145812,0.6019736842105263,0.5409252669039146,0.33852140077821014,0.6,0.6407254934310913,0.9990444183349609,0.9434127807617188,0.9902945756912231,0.3166772425174713,24.34756851196289,0.8848523497581482,0.25583913922309875,0.24144034087657928,1.3934400081634521,-0.42015963792800903,0.42015963792800903,244.0256805419922,241.99586486816406,245.68272399902344,0.8033356070518494
0097,1,0,0,0.0,0.0,19,4,4,4,64,0.296875,0.49355907250644093,0.4469951474430758,0.5658350027317428,0.4965034965034965,0.44680851063829785,0.5674740484429066,0.3178859055042267,0.5503597855567932,0.4692959785461426,0.5246517062187195,0.16068962216377258,6.03983211517334,1.01400887966156,0.15508143603801727,0.8050460815429688,1.2469408512115479,0.01061868667602539,0.01061868667602539,250.6796875,249.0642547607422,252.5093994140625,0.4400720000267029
0097,2,1,2,0.15384615384615385,0.02127659574468085,13,3,4,3,36,0.3611111111111111,0.49166218396987627,0.47326786688488814,0.5767899920149054,0.493006993006993,0.475177304964539,0.5778546712802768,0.25324928760528564,0.5048568248748779,0.310528039932251,0.4449942111968994,0.12965017557144165,3.292240619659424,0.6237761974334717,0.08719596266746521,0.47170203924179077,0.7473544478416443,0.050688982009887695,0.050688982009887695,256.23089599609375,254.67822265625,257.5461120605469,0.15865719318389893
0108,1,1,225,0.7785467128027682,0.09338036937123885,289,11,11,11,1331,0.21712997746055598,0.3501051631725354,0.627654522016419,0.45228305855214057,0.34901960784313724,0.6196078431372549,0.4470588235294118,0.7864534258842468,0.9999997615814209,0.999885618686676,0.9999955892562866,0.29821011424064636,227.2850341796875,-0.20470386743545532,0.3864056169986725,-0.8880301117897034,0.7333269119262695,-0.3921143412590027,0.3921143412590027,216.9646759033203,211.08529663085938,223.9352569580078,0.9730321168899536
0108,2,0,0,0.0,0.0,4,2,2,1,4,1.0,0.3431372549019608,0.5627450980392157,0.4235294117647059,0.34509803921568627,0.5647058823529412,0.4235294117647059,0.17932647466659546,0.2250998616218567,0.18777024745941162,0.2101680040359497,0.028487863019108772,0.7173058986663818,-0.41682320833206177,0.15459787845611572,-0.5637587308883667,-0.17868642508983612,-0.6536095589399338,0.6536095589399338,200.22193908691406,199.64218139648438,200.8009033203125,0.03953615576028824
0108,3,0,0,0.0,0.0,6,2,2,2,8,0.75,0.37450980392156863,0.6339869281045751,0.4366013071895425,0.37254901960784315,0.6313725490196078,0.43529411764705883,0.1972733587026596,0.21993009746074677,0.2082519829273224,0.21419912576675415,0.017162831500172615,1.1836401224136353,-0.543491780757904,0.043781645596027374,-0.604292631149292,-0.4624238908290863,-0.1595207154750824,0.1595207154750824,218.7323760986328,217.84857177734375,219.53814697265625,0.06481572240591049
0108,4,1,2499,0.6536751242479728,0.5983478989584581,3823,46,37,22,37444,0.10209913470783036,0.47560944335882405,0.7162109625435317,0.528806552702169,0.4,0.7333333333333333,0.5568627450980392,0.7074750661849976,0.9999998807907104,0.9996651411056519,0.9999886155128479,0.3259127140045166,2704.67724609375,-0.28053542971611023,0.6240389347076416,-1.3339033126831055,2.4560189247131348,-0.1780039668083191,0.1780039668083191,258.2432861328125,247.048583984375,273.345947265625,0.9892228245735168
0108,5,0,0,0.0,0.0,78,6,7,4,168,0.4642857142857143,0.414630467571644,0.6114630467571645,0.43675213675213675,0.4117647058823529,0.611764705882353,0.43529411764705883,0.357414186000824,0.8801287412643433,0.47282546758651733,0.6960003972053528,0.1982869654893875,27.878305435180664,0.3835919201374054,0.8777979016304016,-0.9285640120506287,2.2938830852508545,-0.10385626554489136,0.10385626554489136,219.3435516357422,217.207275390625,221.77015686035156,0.23034031689167023
0108,6,1,10,0.15873015873015872,0.004354452427607228,63,9,4,6,216,0.2916666666666667,0.4270152505446623,0.6923747276688452,0.5316526610644258,0.42745098039215684,0.6941176470588235,0.5333333333333333,0.3126934766769409,0.6941700577735901,0.4401586651802063,0.6157702207565308,0.18768125772476196,19.699689865112305,-0.3446824848651886,0.5005812644958496,-1.2528355121612549,0.9967974424362183,-0.6153295040130615,0.6153295040130615,248.25979614257812,246.10972595214844,250.18792724609375,0.29903075098991394
0108,7,1,2,0.25,0.0008814455707360071,8,2,4,1,8,1.0,0.4294117647058823,0.707843137254902,0.5372549019607843,0.42745098039215684,0.7058823529411765,0.5372549019607843,0.32726389169692993,0.4732890725135803,0.39924943447113037,0.440112441778183,0.10192815214395523,2.6181111335754395,0.16585199534893036,0.10531023889780045,0.02398323081433773,0.3482546806335449,-0.6577112823724747,0.6577112823724747,252.1116943359375,250.81866455078125,253.40481567382812,0.14280487596988678
0108,8,0,0,0.0,0.0,18,3,3,4,36,0.5,0.6668845315904139,0.6623093681917211,0.5479302832244008,0.6666666666666666,0.6627450980392157,0.5450980392156862,0.3825097978115082,0.7415191531181335,0.5452417135238647,0.6021941900253296,0.18327350914478302,6.885176181793213,-0.5018318295478821,0.32119372487068176,-1.0298988819122314,0.1861189603805542,-0.5223735012114048,0.5223735012114048,278.04150390625,277.09564208984375,279.3313293457031,0.266946941614151
0130,1,1,22,1.0,0.05188679245283019,22,3,3,5,45,0.4888888888888889,0.21194295900178253,0.3893048128342246,0.5181818181818182,0.21176470588235294,0.38823529411764707,0.5176470588235295,0.32240819931030273,0.5683505535125732,0.44754165410995483,0.5179937481880188,0.15155620872974396,7.09298038482666,0.6484812498092651,0.20607706904411316,0.26519083976745605,1.151396632194519,-0.426141619682312,0.426141619682312,174.20187377929688,172.41229248046875,175.76405334472656,0.26255086064338684
0130,2,1,273,0.5046210720887245,0.39941477688368693,541,14,34,9,4284,0.12628384687208216,0.38237831176833026,0.5904026675365156,0.5480917690551267,0.3686274509803922,0.615686274509804,0.5372549019607843,0.7928544878959656,1.0,0.9999468326568604,0.999998927116394,0.2946324050426483,428.93426513671875,2.2436342239379883,0.2734526991844177,0.9262946248054504,2.7900121212005615,-0.4389667510986328,0.4389667510986328,228.00387573242188,218.14674377441406,234.97021484375,0.9067926406860352
0130,3,1,166,0.6384615384615384,0.30570902394106814,260,8,22,9,1584,0.16414141414141414,0.37861236802413273,0.4561236802413273,0.545052790346908,0.37254901960784315,0.44313725490196076,0.5411764705882353,0.7269259095191956,0.9999980330467224,0.9964885711669922,0.9998994469642639,0.29427289962768555,189.000732421875,2.282144784927368,0.40421777963638306,0.7038864493370056,2.9512298107147217,-0.5646059513092041,0.5646059513092041,205.8567352294922,197.15475463867188,215.1580810546875,0.8146182894706726
0130,4,0,0,0.0,0.0,4,2,2,1,4,1.0,0.37450980392156863,0.4725490196078431,0.5411764705882353,0.37254901960784315,0.4745098039215686,0.5411764705882353,0.2601448893547058,0.39077118039131165,0.3333204686641693,0.3677908778190613,0.1069684699177742,1.0405795574188232,2.588806390762329,0.05195241421461105,2.525207042694092,2.660078763961792,-0.3205537796020508,0.3205537796020508,207.06727600097656,206.54296875,207.5909423828125,0.05293659865856171
0130,5,1,6,0.75,0.014388489208633094,8,3,2,2,12,0.6666666666666666,0.43480392156862746,0.42549019607843136,0.5426470588235294,0.43137254901960786,0.42745098039215684,0.5450980392156862,0.12366649508476257,0.13696348667144775,0.12929007411003113,0.13610288500785828,0.009635722264647484,0.9893319606781006,1.9232559204101562,0.25377267599105835,1.6332443952560425,2.260917901992798,-0.38463687896728516,0.38463687896728516,208.41477966308594,207.434326171875,209.1554412841797,0.049270663410425186
0130,6,1,3,1.0,0.007237635705669481,3,2,2,1,4,0.75,0.4575163398692811,0.43267973856209146,0.5333333333333333,0.4588235294117647,0.43529411764705883,0.5333333333333333,0.12204519659280777,0.14950430393218994,0.1297854483127594,0.14161676168441772,0.01946907863020897,0.3661355972290039,1.7274521589279175,0.23553965985774994,1.4258103370666504,2.0006558895111084,-0.46136653423309326,0.46136653423309326,210.9861297607422,210.4400177001953,211.52069091796875,0.013670059852302074
0130,7,1,47,0.6266666666666667,0.10432852386237514,75,4,5,6,120,0.625,0.4645228758169935,0.4096732026143791,0.504,0.4627450980392157,0.4117647058823529,0.5098039215686274,0.6102246642112732,0.7920153141021729,0.7562952041625977,0.7675362825393677,0.2093546837568283,45.766849517822266,2.4405548572540283,0.4238487184047699,1.5262912511825562,3.203202724456787,-0.38208651542663574,0.38208651542663574,204.21249389648438,201.60853576660156,206.9468536376953,0.3205135464668274
0130,8,1,59,0.6483516483516484,0.128680479825518,91,7,8,5,280,0.325,0.4761042878689937,0.5843137254901961,0.5329023917259211,0.4745098039215686,0.5843137254901961,0.5333333333333333,0.42177698016166687,0.997174859046936,0.6521164178848267,0.9419630169868469,0.27676698565483093,38.38170623779297,2.2661118507385254,0.30384185910224915,1.2054001092910767,2.891895055770874,0.0583806037902832,0.0583806037902832,235.911376953125,232.77027893066406,238.6964569091797,0.6660114526748657
0130,9,0,0,0.0,0.0,3,2,1,2,4,0.75,0.5071895424836602,0.5176470588235295,0.42614379084967324,0.5098039215686274,0.5176470588235295,0.42745098039215684,0.13657820224761963,0.14895565807819366,0.14788268506526947,0.14852647483348846,0.016010940074920654,0.4097346067428589,2.685415267944336,0.058780740946531296,2.6040356159210205,2.7407946586608887,-0.5690746307373047,0.5690746307373047,214.98712158203125,214.44813537597656,215.5597381591797,0.005200000014156103
0145,1,0,0,0.0,0.0,16,4,2,5,40,0.4,0.4278665413533835,0.4016826923076923,0.6455152671755725,0.42857142857142855,0.4,0.6450381679389313,0.27358660101890564,0.42316511273384094,0.35855138301849365,0.40952372550964355,0.09699343144893646,4.37738561630249,1.2418928146362305,0.16449132561683655,0.9544436931610107,1.4986824989318848,-0.41208112239837646,0.41208112239837646,229.5524444580078,228.6154022216797,230.54283142089844,0.199998140335083
0145,2,0,0,0.0,0.0,6,1,3,3,9,0.6666666666666666,0.424812030075188,0.25833333333333336,0.592239185750636,0.424812030075188,0.26153846153846155,0.5916030534351145,0.14018340408802032,0.19388259947299957,0.16696523129940033,0.18391954898834229,0.03435957059264183,0.8411003947257996,0.2094622105360031,0.21823185682296753,-0.11039656400680542,0.5048769116401672,-0.40631361305713654,0.40631361305713654,203.92303466796875,202.9803009033203,204.83163452148438,0.18842564523220062
0145,3,1,5203,0.7737953599048185,0.6858687055101502,6724,26,66,30,51480,0.1306138306138306,0.4792070151583599,0.42448290852514525,0.681961278046964,0.49624060150375937,0.5076923076923077,0.6908396946564885,0.8011395335197449,0.9999998807907104,0.9999617338180542,0.9999954700469971,0.2894979417324066,5386.8623046875,0.2686891257762909,0.4136379659175873,-0.4476962387561798,1.779439926147461,-0.28281375765800476,0.28281375765800476,246.62074279785156,224.046875,274.3155212402344,0.99968421459198
0145,4,0,0,0.0,0.0,11,2,3,4,24,0.4583333333333333,0.4333561175666439,0.21153846153846154,0.5048577376821652,0.4323308270676692,0.21153846153846154,0.5076335877862596,0.14352057874202728,0.18277113139629364,0.15806815028190613,0.16348621249198914,0.019347816705703735,1.5787262916564941,0.3634508550167084,0.19295918941497803,-0.01353477779775858,0.596023678779602,-0.6727948486804962,0.6727948486804962,184.50340270996094,183.4175567626953,185.48045349121094,0.1579473912715912
0145,5,0,0,0.0,0.0,42,4,6,6,144,0.2916666666666667,0.45408163265306123,0.25302197802197807,0.5925118138858597,0.45112781954887216,0.25384615384615383,0.5916030534351145,0.24026310443878174,0.45070546865463257,0.3465946316719055,0.3975183963775635,0.10685551166534424,10.091050148010254,0.08042813092470169,0.26270079612731934,-0.321643203496933,0.6581236720085144,-0.42970215529203415,0.42970215529203415,207.9906463623047,204.7071075439453,210.82931518554688,0.4433837831020355
0145,6,1,2,0.13333333333333333,0.0004726456339359565,15,3,3,4,36,0.4166666666666667,0.4598997493734336,0.4058974358974359,0.6931297709923664,0.462406015037594,0.4076923076923077,0.6946564885496184,0.1508750319480896,0.2455519586801529,0.17653922736644745,0.19470572471618652,0.03826693817973137,2.263125419616699,0.050085656344890594,0.23220594227313995,-0.28451991081237793,0.4557510018348694,-0.5236209109425545,0.5236209109425545,243.57276916503906,241.97933959960938,245.58908081054688,0.1343090534210205
0145,7,0,0,0.0,0.0,23,5,3,5,75,0.30666666666666664,0.464040536122916,0.4503344481605351,0.6837039495519416,0.462406015037594,0.45,0.683206106870229,0.18142256140708923,0.2679857015609741,0.21317118406295776,0.2390296310186386,0.04554017633199692,4.1727190017700195,0.37500235438346863,0.36181142926216125,-0.2268604189157486,0.91650390625,-0.49669966101646423,0.49669966101646423,247.55496215820312,245.78445434570312,249.18667602539062,0.15620791912078857
0145,8,0,0,0.0,0.0,24,3,4,4,48,0.5,0.4816729323308271,0.35608974358974355,0.6124363867684479,0.48120300751879697,0.3576923076923077,0.6106870229007634,0.17047333717346191,0.2483879029750824,0.2168944627046585,0.23598235845565796,0.04606926068663597,4.091360092163086,0.27852287888526917,0.21558481454849243,-0.054678115993738174,0.7724476456642151,-0.361226886510849,0.361226886510849,225.81703186035156,224.0602569580078,227.58074951171875,0.14621099829673767
0145,9,1,36,0.5294117647058824,0.008454673555659934,68,7,5,5,175,0.38857142857142857,0.5237726669615214,0.5852941176470589,0.5465312079030085,0.5225563909774437,0.5846153846153846,0.5458015267175572,0.7023255825042725,0.9999991655349731,0.9991742372512817,0.9999833106994629,0.3208726644515991,47.758140563964844,1.6397720575332642,0.4910493791103363,0.39618244767189026,2.4145398139953613,0.23381614685058594,0.23381614685058594,251.70370483398438,248.9839324951172,254.7646026611328,0.9811729192733765
0145,10,0,0,0.0,0.0,1,1,1,1,1,1.0,0.5225563909774437,0.5538461538461539,0.7022900763358778,0.5225563909774437,0.5538461538461539,0.7022900763358778,0.10344724357128143,0.10344724357128143,0.10344724357128143,0.10344724357128143,0.0,0.10344724357128143,-0.10773357003927231,0.0,-0.10773357003927231,-0.10773357003927231,-0.10465803369879723,0.10465803369879723,272.382080078125,272.382080078125,272.382080078125,0.20138834416866302
0145,11,1,403,0.8174442190669371,0.09014651604965887,493,11,12,13,1716,0.2872960372960373,0.5508243224694596,0.4543844593540334,0.6986513478779246,0.5488721804511278,0.4461538461538462,0.7022900763358778,0.8125507831573486,0.999997615814209,0.999932050704956,0.9999894499778748,0.28177809715270996,400.5875244140625,0.34799671173095703,0.34329476952552795,-0.2973008453845978,1.0748051404953003,-0.3444112539291382,0.3444112539291382,263.1279602050781,257.32470703125,268.0839538574219,0.9988601207733154
0145,12,1,547,0.6481042654028436,0.11773568661213947,844,14,17,18,4284,0.19701213818860877,0.5780119730606136,0.6448140721837404,0.6156705618465323,0.5714285714285714,0.6384615384615384,0.6068702290076335,0.7993808388710022,0.9999997615814209,0.9999793767929077,0.9999982118606567,0.29123103618621826,674.6774291992188,0.6685211658477783,0.39093294739723206,-0.2812041938304901,1.5424084663391113,-0.36903083324432373,0.36903083324432373,279.4465026855469,270.2998352050781,289.9827575683594,0.994808554649353
0149,1,0,0,0.0,0.0,12,4,3,3,36,0.3333333333333333,0.5232026143790849,0.46143790849673205,0.60359477124183,0.5215686274509804,0.4627450980392157,0.6039215686274509,0.19151431322097778,0.26661357283592224,0.2155393809080124,0.24899516999721527,0.04001205414533615,2.2981717586517334,1.1229158639907837,0.18635126948356628,0.7939395904541016,1.389186978340149,-0.43509721755981445,0.43509721755981445,235.805419921875,234.06622314453125,237.58155822753906,0.08574049174785614
0153,1,0,0,0.0,0.0,1,1,1,1,1,1.0,0.5294117647058824,0.7568627450980392,0.4117647058823529,0.5294117647058824,0.7568627450980392,0.4117647058823529,0.11234571784734726,0.11234571784734726,0.11234571784734726,0.11234571784734726,0.0,0.11234571784734726,0.2814117968082428,0.0,0.2814117968082428,0.2814117968082428,0.07306721806526184,0.07306721806526184,258.39892578125,258.39892578125,258.39892578125,0.15673892199993134
0153,2,0,0,0.0,0.0,2,2,1,1,2,1.0,0.7431372549019608,0.2980392156862745,0.1843137254901961,0.7450980392156863,0.2980392156862745,0.1843137254901961,0.11597802489995956,0.11832477152347565,0.11715139448642731,0.11785542219877243,0.0023467466235160828,0.23195604979991913,-0.09377995133399963,0.04078171029686928,-0.1345616579055786,-0.05299823731184006,-0.02537529170513153,0.02537529170513153,210.41696166992188,209.9642791748047,210.86962890625,0.06647296994924545
0157,1,0,0,0.0,0.0,3,1,3,1,3,1.0,0.27241379310344827,0.41414141414141414,0.4426229508196721,0.27241379310344827,0.41414141414141414,0.4426229508196721,0.11984015256166458,0.12955661118030548,0.12906688451766968,0.12936072051525116,0.01305469125509262,0.35952046513557434,-0.19707231223583221,0.048048485070466995,-0.2650096118450165,-0.16192945837974548,-0.003723129630088806,0.003723129630088806,199.3850860595703,198.76870727539062,200.00250244140625,0.014593464322388172
0157,2,0,0,0.0,0.0,75,7,9,4,252,0.2976190476190476,0.3354022988505747,0.562334455667789,0.39256830601092896,0.33793103448275863,0.5656565656565656,0.39344262295081966,0.431538850069046,0.9678705930709839,0.6843982338905334,0.8282549381256104,0.2571842670440674,32.365413665771484,0.24244247376918793,0.18811942636966705,-0.15016207098960876,0.7703475952148438,-0.3215389996767044,0.3215389996767044,227.7920379638672,222.8654327392578,230.86793518066406,0.45776912569999695
0157,3,1,111,0.5751295336787565,0.10606784519827998,193,7,9,9,567,0.3403880070546737,0.45308200821868855,0.7327332042357949,0.45257793255754697,0.4482758620689655,0.7373737373737373,0.4491803278688525,0.49147066473960876,0.9842033386230469,0.7138662338256836,0.8992002010345459,0.2711973488330841,94.85383605957031,0.14913560450077057,0.23134450614452362,-0.3733891546726227,0.608930230140686,-0.13269560039043427,0.13269560039043427,289.73944091796875,285.849609375,293.7583923339844,0.7056503891944885
0157,4,0,0,0.0,0.0,1,1,1,1,1,1.0,0.4517241379310345,0.734006734006734,0.46557377049180326,0.4517241379310345,0.734006734006734,0.46557377049180326,0.13153500854969025,0.13153500854969025,0.13153500854969025,0.13153500854969025,0.0,0.13153500854969025,0.28543248772621155,0.0,0.28543248772621155,0.28543248772621155,-0.26383712887763977,0.26383712887763977,291.7396240234375,291.7396240234375,291.7396240234375,0.1740819662809372
0157,5,0,0,0.0,0.0,11,3,3,3,27,0.4074074074074074,0.4592476489028213,0.7441077441077442,0.46557377049180326,0.4586206896551724,0.7441077441077442,0.46557377049180326,0.1504075676202774,0.19722601771354675,0.17841047048568726,0.1959143877029419,0.032130565494298935,1.6544831991195679,-0.18121910095214844,0.18227986991405487,-0.3758623003959656,0.2482910305261612,-0.3122517466545105,0.3122517466545105,294.9750671386719,293.661376953125,296.5771484375,0.1589440256357193
0157,6,0,0,0.0,0.0,1,1,1,1,1,1.0,0.46206896551724136,0.6734006734006734,0.42950819672131146,0.46206896551724136,0.6734006734006734,0.42950819672131146,0.12678556144237518,0.12678556144237518,0.12678556144237518,0.12678556144237518,0.0,0.12678556144237518,0.10314735770225525,0.0,0.10314735770225525,0.10314735770225525,-0.28024497628211975,0.28024497628211975,274.56512451171875,274.56512451171875,274.56512451171875,0.18639691174030304
0157,7,1,1349,0.6593352883675464,0.6837303598580842,2046,16,28,14,6272,0.32621173469387754,0.49659217312165027,0.7154404915890742,0.4462862362386424,0.4793103448275862,0.7037037037037037,0.4459016393442623,0.7349087595939636,1.0,0.9995599985122681,0.9999963045120239,0.3071994483470917,1503.623291015625,0.2755544185638428,0.28686776757240295,-0.3976883292198181,1.053878903388977,-0.17806822061538696,0.17806822061538696,291.0883483886719,276.6387634277344,302.32598876953125,0.9965311288833618
0158,1,0,0,0.0,0.0,7,4,2,2,16,0.4375,0.35156664896441847,0.34805194805194806,0.5500762582613117,0.35315985130111527,0.34545454545454546,0.5516014234875445,0.13227424025535583,0.18501028418540955,0.14824345707893372,0.1658560335636139,0.02815704233944416,0.9259197115898132,0.3031020760536194,0.1052188128232956,0.16986161470413208,0.4975324869155884,-0.2793235778808594,0.2793235778808594,197.20631408691406,196.16574096679688,198.01515197753906,0.09679312258958817
0158,2,0,0,0.0,0.0,4,2,2,1,4,1.0,0.38104089219330856,0.5022727272727273,0.4199288256227758,0.379182156133829,0.5,0.4199288256227758,0.22697266936302185,0.2738077938556671,0.2416171282529831,0.26093152165412903,0.03280922397971153,0.9078906774520874,-0.18738403916358948,0.16272765398025513,-0.2913387715816498,0.09425089508295059,-0.654138833284378,0.654138833284378,191.955322265625,191.39749145507812,192.51234436035156,0.03822717070579529
0158,3,0,0,0.0,0.0,118,9,6,4,216,0.5462962962962963,0.5975678911221726,0.39757318952234205,0.5751854756016648,0.6022304832713755,0.39545454545454545,0.5765124555160143,0.7639752626419067,1.0,0.999891459941864,0.9999982714653015,0.2891925871372223,90.14907836914062,0.49629098176956177,0.23635774850845337,-0.22589465975761414,0.8257293701171875,-0.2114635705947876,0.2114635705947876,244.82461547851562,241.1078643798828,248.73480224609375,0.9843908548355103
0167,1,1,825,0.6341275941583397,0.18009168303863785,1301,20,21,11,4620,0.2816017316017316,0.3710569546804118,0.7470482735753795,0.5836807282482555,0.3607843137254902,0.7294117647058823,0.5764705882352941,0.6891453862190247,0.9999977350234985,0.996601402759552,0.9999070763587952,0.3163188099861145,896.5781860351562,-0.07116244733333588,0.39237159490585327,-0.8905556201934814,1.1006479263305664,-0.3340272754430771,0.3340272754430771,260.0169982910156,250.5952911376953,271.3134765625,0.9733176827430725
0167,2,0,0,0.0,0.0,11,3,5,2,30,0.36666666666666664,0.34581105169340465,0.6292335115864528,0.48948306595365415,0.34509803921568627,0.6313725490196078,0.49019607843137253,0.3778291940689087,0.8325433731079102,0.49030762910842896,0.6425957679748535,0.20323796570301056,4.156121253967285,0.47806981205940247,0.15404634177684784,0.21438969671726227,0.7035582065582275,-0.35295143723487854,0.35295143723487854,221.99095153808594,220.24986267089844,223.13673400878906,0.2156417965888977
0167,3,1,121,0.8705035971223022,0.03025,139,5,15,6,450,0.3088888888888889,0.35813231767527154,0.607673860911271,0.4746790802651996,0.3607843137254902,0.592156862745098,0.4666666666666667,0.4944288432598114,0.925112247467041,0.7231055498123169,0.793573260307312,0.24222096800804138,68.7256088256836,0.24705615639686584,0.36232927441596985,-0.4359166622161865,1.192726731300354,-0.6657462418079376,0.6657462418079376,217.2386474609375,211.58450317382812,222.93272399902344,0.43346214294433594
0167,4,0,0,0.0,0.0,1,1,1,1,1,1.0,0.4549019607843137,0.21176470588235294,0.6784313725490196,0.4549019607843137,0.21176470588235294,0.6784313725490196,0.10174247622489929,0.10174247622489929,0.10174247622489929,0.10174247622489929,0.0,0.10174247622489929,0.4906260371208191,0.0,0.4906260371208191,0.4906260371208191,-0.9653884768486023,0.9653884768486023,215.7174072265625,215.7174072265625,215.7174072265625,0.15833057463169098
0167,5,1,2,1.0,0.0005087116876510238,2,1,2,1,2,1.0,0.4588235294117647,0.7862745098039216,0.5411764705882353,0.4588235294117647,0.788235294117647,0.5411764705882353,0.18433831632137299,0.21862304210662842,0.2014806866645813,0.2117660939693451,0.03428472578525543,0.36867663264274597,-0.09925363957881927,0.11797593533992767,-0.21722957491874695,0.01872229389846325,-0.34577497839927673,0.34577497839927673,270.49652099609375,270.1258850097656,270.86712646484375,0.09385030716657639
0167,6,1,5551,0.7494262184420143,0.7271417343463453,7407,30,26,43,33540,0.22084078711985689,0.5325847039234216,0.7758151404209584,0.6382055130679246,0.5098039215686274,0.788235294117647,0.6078431372549019,0.8244484066963196,0.9999996423721313,0.999981164932251,0.9999953508377075,0.2808794379234314,6106.689453125,-0.07607117295265198,0.3894103169441223,-0.9135753512382507,1.238766074180603,-0.34446677565574646,0.34446677565574646,290.6297607421875,276.3059997558594,300.9136047363281,0.9991356730461121
0167,7,0,0,0.0,0.0,1,1,1,1,1,1.0,0.4980392156862745,0.42745098039215684,0.611764705882353,0.4980392156862745,0.42745098039215684,0.611764705882353,0.12918522953987122,0.12918522953987122,0.12918522953987122,0.12918522953987122,0.0,0.12918522953987122,1.6416107416152954,0.0,1.6416107416152954,1.6416107416152954,-0.4181910753250122,0.4181910753250122,229.3490753173828,229.3490753173828,229.3490753173828,0.003777777776122093
0167,8,1,57,0.6785714285714286,0.01434864694776589,84,7,5,6,210,0.4,0.5095238095238095,0.7004668534080298,0.703874883286648,0.5058823529411764,0.7019607843137254,0.7019607843137254,0.6666440367698669,0.9999978542327881,0.9969778060913086,0.9999192953109741,0.32010743021965027,55.99810028076172,0.13361524045467377,0.39606812596321106,-0.5049757361412048,0.9107354283332825,-0.2833384722471237,0.2833384722471237,285.07275390625,282.6888732910156,287.21246337890625,0.9337046146392822
0169,1,0,0,0.0,0.0,72,7,7,5,245,0.2938775510204082,0.320479302832244,0.4802832244008715,0.6208061002178649,0.3176470588235294,0.48627450980392156,0.615686274509804,0.46458694338798523,0.9666215181350708,0.6830228567123413,0.9052428007125854,0.2709933817386627,33.450260162353516,0.43998897075653076,0.14348942041397095,0.02728620357811451,0.6977390646934509,-0.22313553094863892,0.22313553094863892,216.58111572265625,214.1284637451172,218.98402404785156,0.5087649822235107
0169,2,0,0,0.0,0.0,2,1,2,1,2,1.0,0.3137254901960784,0.48823529411764705,0.6313725490196078,0.3137254901960784,0.49019607843137253,0.6313725490196078,0.12927666306495667,0.15783733129501343,0.14355699717998505,0.15212519466876984,0.028560660779476166,0.25855332612991333,0.4157449007034302,0.02506008744239807,0.3906848132610321,0.44080498814582825,-0.20230358839035034,0.20230358839035034,219.04888916015625,218.76470947265625,219.3330841064453,0.05467705801129341
0169,3,0,0,0.0,0.0,5,2,2,2,8,0.625,0.3270588235294118,0.44941176470588234,0.6266666666666667,0.3254901960784314,0.45098039215686275,0.6274509803921569,0.2970180809497833,0.42622360587120056,0.36170998215675354,0.40041816234588623,0.08481039106845856,1.4850903749465942,0.4684310555458069,0.01564916968345642,0.4533623158931732,0.49725833535194397,-0.2268080711364746,0.2268080711364746,213.99307250976562,213.45257568359375,214.59263610839844,0.11888539791107178
0169,4,1,277,0.7066326530612245,0.22949461474730737,392,12,14,13,2184,0.1794871794871795,0.36061424569827927,0.5744297719087635,0.6438075230092036,0.36470588235294116,0.5686274509803921,0.6470588235294118,0.6309184432029724,0.999977707862854,0.990095317363739,0.9996498823165894,0.33620741963386536,247.32003784179688,0.30168330669403076,0.14583030343055725,-0.12940768897533417,0.628837525844574,-0.31925201416015625,0.31925201416015625,238.87771606445312,232.4026641845703,245.15097045898438,0.9098477959632874
0169,5,1,16,0.06722689075630252,0.01415929203539823,238,4,18,10,720,0.33055555555555555,0.39640797495468777,0.5759597956829792,0.6425111220958972,0.396078431372549,0.5607843137254902,0.6509803921568628,0.3179500699043274,0.8951694369316101,0.4062826931476593,0.599461555480957,0.188588947057724,75.672119140625,0.14110146462917328,0.11730103194713593,-0.15441319346427917,0.41579949855804443,-0.11736197769641876,0.11736197769641876,242.60031127929688,238.27294921875,246.9777374267578,0.2843698561191559
0169,6,1,174,0.21941992433795712,0.1236234458259325,793,13,18,20,4680,0.16944444444444445,0.4198056523996736,0.5386445120292758,0.7701357466063349,0.4117647058823529,0.5411764705882353,0.7568627450980392,0.7125904560089111,0.9999980330467224,0.9988441467285156,0.9999676942825317,0.3255343437194824,565.084228515625,0.06933518499135971,0.28133517503738403,-0.8813195824623108,0.6226133704185486,-0.21586356312036514,0.21586356312036514,262.91070556640625,251.19912719726562,273.4519958496094,0.9875202775001526
0169,7,0,0,0.0,0.0,77,13,6,5,390,0.19743589743589743,0.4893302775655717,0.3653170359052712,0.6149223325693914,0.5019607843137255,0.36470588235294116,0.615686274509804,0.2836695611476898,0.7242790460586548,0.410878986120224,0.5451114177703857,0.16180983185768127,21.84255599975586,0.5921340584754944,0.2801964282989502,0.00850469060242176,1.117591142654419,-0.12336140871047974,0.12336140871047974,221.57383728027344,217.09445190429688,226.03318786621094,0.37560388445854187
0169,8,0,0,0.0,0.0,151,8,13,8,832,0.1814903846153846,0.5172834696792624,0.5525516166731593,0.7714322815218803,0.5176470588235295,0.5529411764705883,0.7725490196078432,0.46611976623535156,0.9996535778045654,0.6831097602844238,0.9437344074249268,0.2816963493824005,70.38408660888672,0.2974754869937897,0.17232665419578552,-0.11062618345022202,0.7040724158287048,-0.18610438704490662,0.18610438704490662,276.0924377441406,272.1635437011719,278.68621826171875,0.8009812235832214
0169,9,1,711,0.40397727272727274,0.37599153886832365,1760,19,30,38,21660,0.08125577100646353,0.5515552584670232,0.599982174688057,0.6871969696969698,0.5372549019607843,0.6196078431372549,0.7176470588235294,0.6699815988540649,1.0,0.989900529384613,0.9997491836547852,0.3133077323436737,1179.1676025390625,0.36199328303337097,0.20264458656311035,-0.41757142543792725,0.8794384598731995,-0.19945773482322693,0.19945773482322693,272.58306884765625,264.306640625,281.24365234375,0.9901095628738403
0169,10,1,1,0.2,0.000986679822397632,5,2,3,2,12,0.4166666666666667,0.5654901960784313,0.6250980392156863,0.6831372549019608,0.5647058823529412,0.6235294117647059,0.6823529411764706,0.2411489188671112,0.36225372552871704,0.3164657950401306,0.34393855929374695,0.09602716565132141,1.2057446241378784,0.5285753607749939,0.023745320737361908,0.4910343587398529,0.5536026954650879,-0.1913803219795227,0.1913803219795227,277.19586181640625,276.16119384765625,277.9388427734375,0.15414118766784668
0171,1,0,0,0.0,0.0,35,4,4,5,80,0.4375,0.3196638655462185,0.549579831932773,0.4047058823529412,0.3137254901960784,0.5490196078431373,0.40784313725490196,0.1984068751335144,0.26697683334350586,0.2355199009180069,0.25558900833129883,0.040448445826768875,6.944240570068359,0.03416529670357704,0.4841872453689575,-0.7495957016944885,1.1277481317520142,-0.8841242454946041,0.8841242454946041,192.61758422851562,191.4523468017578,193.87109375,0.11001896858215332
0171,2,0,0,0.0,0.0,6,2,3,2,12,0.5,0.33464052287581697,0.5575163398692811,0.3888888888888889,0.3333333333333333,0.5568627450980392,0.38823529411764707,0.11839696764945984,0.1483973264694214,0.12745998799800873,0.13947682082653046,0.01672610454261303,0.710381805896759,0.2544563412666321,0.19840668141841888,-0.1611744910478592,0.427246630191803,-0.6274383664131165,0.6274383664131165,193.6473846435547,192.55648803710938,194.47108459472656,0.08144445717334747
0171,3,0,0,0.0,0.0,4,2,2,2,8,0.5,0.4147058823529412,0.3519607843137255,0.5745098039215686,0.41568627450980394,0.34901960784313724,0.5764705882352941,0.14972278475761414,0.1845458596944809,0.1680893748998642,0.1779632568359375,0.025083784013986588,0.5988911390304565,0.5673469305038452,0.0990658700466156,0.3992266058921814,0.6514071226119995,-0.42838358879089355,0.42838358879089355,202.2703399658203,201.6234130859375,202.8743438720703,0.035687774419784546
0171,4,0,0,0.0,0.0,3,2,1,2,4,0.75,0.41830065359477125,0.34509803921568627,0.5816993464052288,0.4196078431372549,0.34509803921568627,0.5803921568627451,0.15838003158569336,0.2418748140335083,0.18369415402412415,0.21860255300998688,0.05948334559798241,0.4751400947570801,0.7915074825286865,0.0396263562142849,0.7634873986244202,0.8475475907325745,-0.2821110486984253,0.2821110486984253,203.3201141357422,202.7239532470703,203.98284912109375,0.09407926350831985
0171,5,0,0,0.0,0.0,1,1,1,1,1,1.0,0.4745098039215686,0.7411764705882353,0.4823529411764706,0.4745098039215686,0.7411764705882353,0.4823529411764706,0.12417080253362656,0.12417080253362656,0.12417080253362656,0.12417080253362656,0.0,0.12417080253362656,-0.021074214950203896,0.0,-0.021074214950203896,-0.021074214950203896,-0.5358835849910975,0.5358835849910975,256.38641357421875,256.38641357421875,256.38641357421875,0.05908956378698349
0171,6,0,0,0.0,0.0,18,3,4,4,48,0.375,0.481917211328976,0.7309368191721133,0.47625272331154683,0.4823529411764706,0.7294117647058823,0.4745098039215686,0.2801949381828308,0.5515601634979248,0.34737005829811096,0.4604789912700653,0.1218581423163414,5.043509006500244,-0.22811132669448853,0.2194683700799942,-0.6094954609870911,0.14704608917236328,-0.5901388823986053,0.5901388823986053,254.63644409179688,253.46005249023438,256.1327819824219,0.20132237672805786
0171,7,0,0,0.0,0.0,1,1,1,1,1,1.0,0.48627450980392156,0.5411764705882353,0.5686274509803921,0.48627450980392156,0.5411764705882353,0.5686274509803921,0.11531015485525131,0.11531015485525131,0.11531015485525131,0.11531015485525131,0.0,0.11531015485525131,0.511306881904602,0.0,0.511306881904602,0.511306881904602,-0.15994775295257568,0.15994775295257568,235.99575805664062,235.99575805664062,235.99575805664062,0.0659002885222435
0171,8,0,0,0.0,0.0,1,1,1,1,1,1.0,0.48627450980392156,0.6392156862745098,0.5254901960784314,0.48627450980392156,0.6392156862745098,0.5254901960784314,0.10404041409492493,0.10404041409492493,0.10404041409492493,0.10404041409492493,0.0,0.10404041409492493,0.9316076636314392,0.0,0.9316076636314392,0.9316076636314392,-0.7261864542961121,0.7261864542961121,245.25497436523438,245.25497436523438,245.25497436523438,0.035138342529535294
0171,9,0,0,0.0,0.0,7,4,2,2,16,0.4375,0.4935574229691877,0.6414565826330533,0.522689075630252,0.49411764705882355,0.6431372549019608,0.5215686274509804,0.13420674204826355,0.18052062392234802,0.14882084727287292,0.1641850769519806,0.0258590430021286,0.9394472241401672,1.1877909898757935,0.2039497345685959,0.9596278667449951,1.5760688781738281,-0.5257974863052368,0.5257974863052368,246.20030212402344,245.37725830078125,246.9190216064453,0.11451448500156403
0171,10,0,0,0.0,0.0,4,4,1,1,4,1.0,0.492156862745098,0.6470588235294118,0.5176470588235295,0.49019607843137253,0.6470588235294118,0.5176470588235295,0.15622493624687195,0.16473686695098877,0.16458038985729218,0.1646742820739746,0.00914792437106371,0.6248997449874878,1.0296778678894043,0.15663684904575348,0.8475475907325745,1.211808204650879,-0.7084405422210693,0.7084405422210693,246.276611328125,245.5076446533203,247.048583984375,0.04928772151470184
0171,11,0,0,0.0,0.0,14,4,4,2,32,0.4375,0.4991596638655462,0.4249299719887955,0.5352941176470588,0.5019607843137255,0.42745098039215684,0.5372549019607843,0.6966767311096191,0.9959107637405396,0.9719951748847961,0.9905487895011902,0.300331175327301,9.753474235534668,1.03368079662323,0.16461706161499023,0.5953670740127563,1.2678483724594116,-0.333113431930542,0.333113431930542,216.4057159423828,214.64854431152344,218.05963134765625,0.6480862498283386
0193,1,0,0,0.0,0.0,7,2,3,2,12,0.5833333333333334,0.7159663865546219,0.630812324929972,0.6173669467787114,0.7176470588235294,0.6313725490196078,0.6196078431372549,0.1569676250219345,0.1828734427690506,0.17584413290023804,0.18207815289497375,0.019805174320936203,1.0987733602523804,-0.23618124425411224,0.1043868437409401,-0.37204301357269287,-0.08975930511951447,-0.2354779063607566,0.2354779063607566,290.4438781738281,289.37518310546875,291.6573181152344,0.20306529104709625
0204,1,1,302,0.5561694290976059,0.36167664670658684,543,6,24,19,2736,0.19846491228070176,0.4549087366766925,0.5443886803593269,0.6611557038118072,0.4555984555984556,0.5534351145038168,0.660377358490566,0.6335865259170532,0.9999969005584717,0.9859951734542847,0.9999176859855652,0.3193475008010864,344.0374755859375,0.7867732048034668,0.3513447046279907,-0.6123265624046326,1.4077863693237305,-0.2349027395248413,0.2349027395248413,255.3153839111328,246.90484619140625,263.39892578125,0.9840664863586426
0212,1,0,0,0.0,0.0,47,6,5,3,90,0.5222222222222223,0.271626028886473,0.408137909613294,0.4351272423863162,0.2737226277372263,0.40875912408759124,0.43137254901960786,0.6474694609642029,0.9999799728393555,0.9938387870788574,0.9997491240501404,0.3092695474624634,30.43106460571289,1.0883212089538574,0.18619224429130554,0.6742905378341675,1.4549282789230347,-0.21352112293243408,0.21352112293243408,174.66778564453125,172.69915771484375,176.765380859375,0.8966110348701477
0212,2,0,0,0.0,0.0,189,9,7,11,693,0.2727272727272727,0.29032943266519906,0.3483953191982389,0.5614067849361967,0.291970802919708,0.35036496350364965,0.5647058823529412,0.6141636967658997,0.9996594786643982,0.8911564350128174,0.9839434027671814,0.3014313280582428,116.07693481445312,0.6712794303894043,0.24418018758296967,0.15061981976032257,1.2300788164138794,-0.4148205518722534,0.4148205518722534,190.00267028808594,186.46983337402344,194.69720458984375,0.746070384979248
0212,3,1,77,0.7403846153846154,0.21813031161473087,104,7,9,6,378,0.2751322751322751,0.31723750701852893,0.293935991016283,0.5558823529411765,0.32116788321167883,0.2846715328467153,0.5529411764705883,0.6068342328071594,0.9999651908874512,0.9355137944221497,0.9978988170623779,0.32286718487739563,63.11075973510742,0.8112059831619263,0.35032474994659424,-0.02055014669895172,1.6177661418914795,-0.31321775913238525,0.31321775913238525,185.2499237060547,182.40887451171875,187.6645965576172,0.8916499018669128
0212,4,0,0,0.0,0.0,5,2,2,3,12,0.4166666666666667,0.3087591240875912,0.35109489051094894,0.5647058823529412,0.3102189781021898,0.354014598540146,0.5647058823529412,0.21346119046211243,0.3328203856945038,0.3154526352882385,0.3258732855319977,0.09252624958753586,1.0673059225082397,0.7326341867446899,0.09319023787975311,0.5633609294891357,0.8378626704216003,-0.4595264196395874,0.4595264196395874,193.17967224121094,192.51234436035156,193.7550048828125,0.05066652223467827
0212,5,0,0,0.0,0.0,3,2,2,1,4,0.75,0.4428223844282238,0.6155717761557177,0.34901960784313724,0.4416058394160584,0.6167883211678832,0.34901960784313724,0.17848293483257294,0.2636163830757141,0.21548977494239807,0.24436573684215546,0.06544560939073563,0.5354487895965576,0.5964341759681702,0.06247835233807564,0.5361507534980774,0.6825200319290161,-0.4671207070350647,0.4671207070350647,226.57240295410156,225.89599609375,227.1805419921875,0.15337562561035156
0212,6,1,22,0.88,0.07017543859649122,25,4,4,2,32,0.78125,0.49182481751824814,0.6544525547445256,0.36313725490196075,0.4927007299270073,0.6532846715328468,0.3607843137254902,0.7049347162246704,0.9983192682266235,0.9206629991531372,0.9737899303436279,0.26887020468711853,17.623367309570312,0.7374621629714966,0.32209041714668274,0.17307502031326294,1.2856806516647339,-0.42930591106414795,0.42930591106414795,243.23348999023438,241.43115234375,245.3140869140625,0.6539883017539978
0212,7,1,28,1.0,0.08888888888888889,28,5,3,3,45,0.6222222222222222,0.5465328467153284,0.285844629822732,0.5649859943977592,0.5474452554744526,0.28832116788321166,0.5686274509803921,0.2674124836921692,0.48860257863998413,0.379472553730011,0.4321572482585907,0.12071900069713593,7.487549781799316,1.0385313034057617,0.4245213270187378,-0.038206156343221664,1.9141720533370972,-0.553816556930542,0.553816556930542,222.7503204345703,220.75778198242188,225.111083984375,0.3363449275493622
0220,1,0,0,0.0,0.0,53,5,6,5,150,0.35333333333333333,0.30580836108028114,0.620125786163522,0.4614872364039956,0.30980392156862746,0.6235294117647059,0.4588235294117647,0.3686216473579407,0.8759443163871765,0.49143821001052856,0.643745481967926,0.19914186000823975,19.53694725036621,-0.4198674261569977,0.3499825596809387,-0.9712647199630737,0.2723122239112854,-0.4320390969514847,0.4320390969514847,212.35659790039062,210.02142333984375,214.33151245117188,0.17177575826644897
0220,2,1,148,0.5304659498207885,0.40437158469945356,279,12,9,6,648,0.4305555555555556,0.34411413310844047,0.7026635743903296,0.4759013282732448,0.34901960784313724,0.7058823529411765,0.4823529411764706,0.7383344769477844,0.9999969601631165,0.9995371699333191,0.9999669790267944,0.31829962134361267,205.9953155517578,-0.587939977645874,0.4802663326263428,-1.3167028427124023,1.0553051233291626,-0.38722705841064453,0.38722705841064453,233.91586303710938,229.48202514648438,238.40512084960938,0.9028993844985962
0220,3,0,0,0.0,0.0,1,1,1,1,1,1.0,0.33725490196078434,0.5647058823529412,0.3764705882352941,0.33725490196078434,0.5647058823529412,0.3764705882352941,0.11107313632965088,0.11107313632965088,0.11107313632965088,0.11107313632965088,0.0,0.11107313632965088,-0.5337098836898804,0.0,-0.5337098836898804,-0.5337098836898804,-0.3636694997549057,0.3636694997549057,193.70338439941406,193.70338439941406,193.70338439941406,0.012249867431819439
0220,4,1,100,0.42735042735042733,0.29112081513828236,234,8,9,8,576,0.40625,0.42947880006703537,0.7238813474107592,0.47429193899782135,0.42745098039215684,0.7254901960784313,0.4823529411764706,0.7347061038017273,0.9999991059303284,0.9997801184654236,0.999992847442627,0.32251060009002686,171.92123413085938,-0.3849058151245117,0.5649092793464661,-1.2936736345291138,0.9631882309913635,-0.5409329533576965,0.5409329533576965,246.82318115234375,242.79415893554688,250.58731079101562,0.9196797013282776
0220,5,1,170,0.2891156462585034,0.3266090297790586,588,16,18,14,4032,0.14583333333333334,0.45405495531545953,0.7812858476724023,0.47575030012004804,0.43529411764705883,0.792156862745098,0.49411764705882355,0.6647170782089233,0.9999821782112122,0.9895290732383728,0.9996065497398376,0.32547134160995483,390.8536376953125,-0.6915852427482605,0.4099360704421997,-1.339732050895691,0.7559255361557007,-0.38868558406829834,0.38868558406829834,260.9225158691406,251.1951446533203,267.0842590332031,0.9632655382156372
0220,6,0,0,0.0,0.0,1,1,1,1,1,1.0,0.4470588235294118,0.7372549019607844,0.4627450980392157,0.4470588235294118,0.7372549019607844,0.4627450980392157,0.11695168167352676,0.11695168167352676,0.11695168167352676,0.11695168167352676,0.0,0.11695168167352676,-0.556739091873169,0.0,-0.556739091873169,-0.556739091873169,-0.15640667080879211,0.15640667080879211,249.98599243164062,249.98599243164062,249.98599243164062,0.055006835609674454
0220,7,0,0,0.0,0.0,10,2,3,2,12,0.8333333333333334,0.5035294117647059,0.7843137254901961,0.4568627450980392,0.5019607843137255,0.7843137254901961,0.4588235294117647,0.29801836609840393,0.5889190435409546,0.38193798065185547,0.504091739654541,0.14739607274532318,2.9801836013793945,-0.6672793030738831,0.25907596945762634,-1.1554983854293823,-0.28038865327835083,-0.3641422986984253,0.3641422986984253,265.17388916015625,264.0037841796875,266.4394836425781,0.1866847723722458
0220,8,0,0,0.0,0.0,3,2,2,1,4,0.75,0.5202614379084967,0.7712418300653594,0.4549019607843137,0.5215686274509804,0.7686274509803922,0.4549019607843137,0.132781982421875,0.13957059383392334,0.13490870594978333,0.13770584762096405,0.004851259756833315,0.398345947265625,-0.6488559246063232,0.15391136705875397,-0.8100603222846985,-0.44159308075904846,-0.2350025773048401,0.2350025773048401,264.5768127441406,264.2498779296875,264.9924621582031,0.05252200365066528
0308,1,1,2,1.0,0.0012944983818770227,2,2,1,1,2,1.0,0.41519434628975266,0.3900709219858156,0.7734375,0.4134275618374558,0.3900709219858156,0.7734375,0.14079561829566956,0.14668594300746918,0.14374077320098877,0.14550787210464478,0.0058903321623802185,0.2815912365913391,1.0447590351104736,0.024431347846984863,1.0203276872634888,1.0691903829574585,-0.24597394466400146,0.24597394466400146,255.6295166015625,255.39773559570312,255.86129760742188,0.045076411217451096
0308,2,1,231,0.5539568345323741,0.131811697574893,417,9,17,10,1530,0.2725490196078431,0.607773851590106,0.39732469343674,0.756154451438849,0.6042402826855123,0.3829787234042553,0.75390625,0.7963420152664185,1.0,0.9999544620513916,0.9999996423721313,0.2779316008090973,332.0746154785156,1.2822798490524292,0.14311988651752472,0.9108611941337585,1.5128103494644165,-0.2385643720626831,0.2385643720626831,282.791259765625,277.9604187011719,288.5238342285156,0.9966775178909302
0308,3,1,417,0.5436766623207301,0.21634241245136188,767,15,12,12,2160,0.35509259259259257,0.6418886856690055,0.6488067167836371,0.778153520208605,0.6431095406360424,0.6418439716312057,0.77734375,0.7160017490386963,0.9999974966049194,0.9988359808921814,0.9999679327011108,0.31838876008987427,549.17333984375,-0.24305464327335358,0.2831207513809204,-0.6359491944313049,0.7381340265274048,-0.28218742087483406,0.28218742087483406,326.4111328125,322.39727783203125,329.602783203125,0.9628408551216125
0308,4,1,567,0.6694214876033058,0.28818297331639137,847,12,13,15,2340,0.36196581196581196,0.6570101918640305,0.6585864168069197,0.6983701667650531,0.6537102473498233,0.6560283687943262,0.6953125,0.7352240085601807,0.999988317489624,0.9988037943840027,0.9999077320098877,0.3091534376144409,622.7347412109375,-0.30087706446647644,0.2148703783750534,-0.6179783940315247,0.5623816847801208,-0.26999369263648987,0.26999369263648987,318.46258544921875,312.9792175292969,324.48419189453125,0.9760677218437195
0308,5,0,0,0.0,0.0,2,2,1,1,2,1.0,0.6448763250883393,0.624113475177305,0.796875,0.6431095406360424,0.624113475177305,0.796875,0.12089217454195023,0.12561404705047607,0.12325310707092285,0.12466967105865479,0.004721872508525848,0.24178434908390045,-0.21027401089668274,0.0018331333994865417,-0.21210715174674988,-0.2084408849477768,-0.0741996169090271,0.0741996169090271,325.98223876953125,325.7007751464844,326.2637023925781,0.1267191618680954
0308,6,0,0,0.0,0.0,1,1,1,1,1,1.0,0.6431095406360424,0.6276595744680851,0.80078125,0.6431095406360424,0.6276595744680851,0.80078125,0.1603696346282959,0.1603696346282959,0.1603696346282959,0.1603696346282959,0.0,0.1603696346282959,-0.21997717022895813,0.0,-0.21997717022895813,-0.21997717022895813,-0.02354481816291809,0.02354481816291809,326.86846923828125,326.86846923828125,326.86846923828125,0.0871165320277214
0308,7,1,1109,0.6688781664656213,0.4673409186683523,1658,19,18,23,7866,0.21078057462496821,0.6963880020630245,0.5573663903361308,0.6263759047044632,0.696113074204947,0.549645390070922,0.63671875,0.7577332854270935,0.9999982714653015,0.999019980430603,0.9999703764915466,0.2976861000061035,1256.32177734375,-0.17129109799861908,0.28187939524650574,-0.6249570846557617,0.925369143486023,-0.3124793618917465,0.3124793618917465,299.4918518066406,291.01373291015625,309.0889892578125,0.993726372718811
0310,1,1,290,0.847953216374269,0.2441077441077441,342,10,18,7,1260,0.2714285714285714,0.3654741428735237,0.5478729503497305,0.4117188395826167,0.36470588235294116,0.5411764705882353,0.4117647058823529,0.6603431105613708,0.999887228012085,0.9663963913917542,0.9947603940963745,0.3039805293083191,225.83734130859375,0.221433624625206,0.2576218843460083,-0.24459297955036163,0.9472801685333252,-0.25267763435840607,0.25267763435840607,198.54925537109375,190.2997589111328,206.5090789794922,0.8987000584602356
0310,2,1,1319,0.5658515658515658,0.604352806414662,2331,23,31,14,9982,0.2335203366058906,0.5141696318166906,0.6869743693273105,0.47655218243453534,0.5294117647058824,0.6862745098039216,0.4823529411764706,0.7154060006141663,1.0,0.9996141791343689,0.999996542930603,0.32121384143829346,1667.6114501953125,0.40142494440078735,0.37109023332595825,-0.3722936809062958,1.5006496906280518,-0.2461320161819458,0.2461320161819458,250.88912963867188,235.4102783203125,264.0662841796875,0.9989091157913208
0310,3,0,0,0.0,0.0,12,2,5,2,20,0.6,0.5673202614379085,0.46307189542483657,0.6480392156862745,0.5686274509803921,0.4588235294117647,0.6470588235294118,0.19395746290683746,0.34893450140953064,0.22384434938430786,0.3103502094745636,0.07351456582546234,2.3274896144866943,1.1636618375778198,0.10329723358154297,0.979205310344696,1.277173638343811,-0.2130732536315918,0.2130732536315918,249.9425811767578,248.40692138671875,251.5392608642578,0.07502501457929611
0329,1,0,0,0.0,0.0,3,2,2,1,4,0.75,0.48104575163398694,0.40522875816993464,0.4980392156862745,0.4823529411764706,0.403921568627451,0.4980392156862745,0.12476424127817154,0.14261284470558167,0.13246436417102814,0.1385534554719925,0.013683737255632877,0.3742927312850952,1.02479088306427,0.14726951718330383,0.8269448280334473,1.1800625324249268,-0.284531831741333,0.284531831741333,205.18397521972656,204.61427307128906,205.72068786621094,0.016228748485445976
0329,2,0,0,0.0,0.0,5,3,1,2,6,0.8333333333333334,0.49490196078431375,0.3803921568627451,0.4407843137254902,0.49411764705882355,0.3803921568627451,0.4392156862745098,0.17414088547229767,0.29888439178466797,0.17401893436908722,0.2489382028579712,0.06814982742071152,0.8707044124603271,1.2116178274154663,0.11005151271820068,1.0598523616790771,1.3303253650665283,-0.2296515703201294,0.2296515703201294,195.5070037841797,194.4967803955078,196.37210083007812,0.12364716082811356
0351,1,0,0,0.0,0.0,7,2,3,3,18,0.3888888888888889,0.3820728291316527,0.6459383753501401,0.773109243697479,0.3803921568627451,0.6470588235294118,0.7725490196078432,0.247140571475029,0.3069916069507599,0.28980326652526855,0.30532917380332947,0.05010078102350235,1.7299840450286865,0.5476104617118835,0.11621683835983276,0.34875407814979553,0.6871747970581055,-0.3981688618659973,0.3981688618659973,275.1089172363281,274.0675048828125,276.3403625488281,0.161662295460701
0351,2,0,0,0.0,0.0,21,4,3,4,48,0.4375,0.39719887955182076,0.5729225023342671,0.7309056956115779,0.4,0.5686274509803921,0.7294117647058823,0.34943002462387085,0.6451261043548584,0.4817596971988678,0.5476717948913574,0.1567482203245163,7.3380303382873535,0.8346447944641113,0.32334306836128235,0.19550694525241852,1.2810074090957642,-0.789669394493103,0.789669394493103,257.964111328125,256.7975769042969,259.2045593261719,0.41126883029937744
0351,3,0,0,0.0,0.0,167,15,6,6,540,0.30925925925925923,0.48862275449101794,0.41225783726664317,0.6654220969825055,0.49411764705882355,0.4117647058823529,0.6627450980392157,0.5925931334495544,0.9999685287475586,0.9583531618118286,0.99861079454422,0.3314772844314575,98.96305084228516,1.2697662115097046,0.38959941267967224,-0.14929908514022827,2.066398859024048,-0.11676716804504395,0.11676716804504395,235.85951232910156,230.20425415039062,240.15411376953125,0.9433349967002869
0351,4,0,0,0.0,0.0,17,4,4,3,48,0.3541666666666667,0.510726643598616,0.6657439446366782,0.8205305651672434,0.5098039215686274,0.6666666666666666,0.8196078431372549,0.3714604377746582,0.8628866076469421,0.5510917901992798,0.6789809465408325,0.22747266292572021,6.3148274421691895,0.7067062854766846,0.08435505628585815,0.5658541917800903,0.8915043473243713,-0.2822457551956177,0.2822457551956177,299.70611572265625,298.56658935546875,301.0166015625,0.23732653260231018
0351,5,0,0,0.0,0.0,92,7,8,7,392,0.23469387755102042,0.526768968456948,0.6530690537084399,0.8222932651321399,0.5294117647058824,0.6549019607843137,0.8196078431372549,0.5569724440574646,0.9996542930603027,0.8371932506561279,0.9749115109443665,0.29131510853767395,51.2414665222168,0.7902418375015259,0.2791166305541992,-0.02159314975142479,1.3959428071975708,-0.2357715368270874,0.2357715368270874,300.0346374511719,297.250732421875,302.3739318847656,0.7953638434410095
0351,6,1,338,0.5847750865051903,0.46749654218533887,578,8,25,19,3800,0.15210526315789474,0.5413053802836013,0.5946061469570527,0.7924893140647263,0.5411764705882353,0.5803921568627451,0.796078431372549,0.6436164379119873,0.999998927116394,0.9651194214820862,0.999779462814331,0.3156057894229889,372.0102844238281,1.1934913396835327,0.25536713004112244,0.11249808967113495,2.0472428798675537,-0.2753232717514038,0.2753232717514038,288.4575500488281,282.23748779296875,294.7948303222656,0.9095048308372498
0351,7,0,0,0.0,0.0,21,3,4,4,48,0.4375,0.5404295051353875,0.6881419234360411,0.7706816059757235,0.5411764705882353,0.6862745098039216,0.7686274509803922,0.2174757570028305,0.37538108229637146,0.27103230357170105,0.329584538936615,0.07775584608316422,4.566990852355957,1.0556976795196533,0.2290765792131424,0.22743342816829681,1.4214839935302734,-0.21593141555786133,0.21593141555786133,297.796630859375,296.0101318359375,299.7565612792969,0.23313486576080322
0351,8,1,323,0.6757322175732218,0.4799405646359584,478,17,17,20,5780,0.08269896193771627,0.6012552301255231,0.6165559110673559,0.77690540651407,0.592156862745098,0.6078431372549019,0.7647058823529411,0.7959778308868408,1.0,0.9999861121177673,0.9999992847442627,0.29558396339416504,380.4774169921875,0.7954443097114563,0.5445570945739746,-0.48133453726768494,2.1685636043548584,-0.49355965852737427,0.49355965852737427,296.2869567871094,279.094970703125,306.910400390625,0.9819984436035156
0351,9,0,0,0.0,0.0,1,1,1,1,1,1.0,0.611764705882353,0.6,0.7764705882352941,0.611764705882353,0.6,0.7764705882352941,0.19016510248184204,0.19016510248184204,0.19016510248184204,0.19016510248184204,0.0,0.19016510248184204,0.8915043473243713,0.0,0.8915043473243713,0.8915043473243713,-0.3610352873802185,0.3610352873802185,295.40142822265625,295.40142822265625,295.40142822265625,0.09884924441576004
0367,1,1,7,1.0,0.01096319498825372,7,2,3,2,12,0.5833333333333334,0.43249299719887957,0.534453781512605,0.5983193277310925,0.43529411764705883,0.5372549019607843,0.6,0.11991506814956665,0.14617787301540375,0.12820720672607422,0.13974834978580475,0.014324447140097618,0.8394054770469666,0.7954825162887573,0.04679761454463005,0.7110820412635803,0.8507264852523804,-0.1950298547744751,0.1950298547744751,232.88853454589844,231.62469482421875,233.92733764648438,0.09693113714456558
0367,2,1,2,1.0,0.0031446540880503146,2,1,1,2,2,1.0,0.43137254901960786,0.5490196078431373,0.5823529411764706,0.43137254901960786,0.5490196078431373,0.5803921568627451,0.10890771448612213,0.11326286196708679,0.11108528822660446,0.11239182949066162,0.004355151206254959,0.21781542897224426,0.8668392896652222,0.06982222199440002,0.7970170974731445,0.9366615414619446,-0.19574105739593506,0.19574105739593506,232.32174682617188,232.0021514892578,232.641357421875,0.02387288026511669
0367,3,1,111,0.6981132075471698,0.15535339398180545,159,7,8,14,784,0.20280612244897958,0.44582562584782337,0.561968183499815,0.5490689357504008,0.44313725490196076,0.5607843137254902,0.5490196078431373,0.3803112506866455,0.7636390924453735,0.5348507165908813,0.6429076194763184,0.18229886889457703,60.46949005126953,0.7686423063278198,0.16061298549175262,0.3673417866230011,1.0977897644042969,-0.24495244026184082,0.24495244026184082,230.8707275390625,225.32420349121094,235.7244110107422,0.2849425673484802
0367,4,0,0,0.0,0.0,1,1,1,1,1,1.0,0.5294117647058824,0.3137254901960784,0.5176470588235295,0.5294117647058824,0.3137254901960784,0.5176470588235295,0.16098380088806152,0.16098380088806152,0.16098380088806152,0.16098380088806152,0.0,0.16098380088806152,0.8077589869499207,0.0,0.8077589869499207,0.8077589869499207,-0.1535193920135498,0.1535193920135498,205.71824645996094,205.71824645996094,205.71824645996094,0.038965657353401184
0367,5,0,0,0.0,0.0,7,2,2,3,12,0.5833333333333334,0.534453781512605,0.3148459383753502,0.5086834733893558,0.5372549019607843,0.3137254901960784,0.5098039215686274,0.19770458340644836,0.28428298234939575,0.23534320294857025,0.2588949203491211,0.05049152672290802,1.383932113647461,0.6220778226852417,0.1987944394350052,0.356599897146225,0.9903709888458252,-0.2626379132270813,0.2626379132270813,205.23074340820312,204.4749298095703,205.77658081054688,0.07570508122444153
0367,6,0,0,0.0,0.0,1,1,1,1,1,1.0,0.5411764705882353,0.3137254901960784,0.5019607843137255,0.5411764705882353,0.3137254901960784,0.5019607843137255,0.10657789558172226,0.10657789558172226,0.10657789558172226,0.10657789558172226,0.0,0.10657789558172226,0.47476062178611755,0.0,0.47476062178611755,0.47476062178611755,-0.4466833174228668,0.4466833174228668,205.1950225830078,205.1950225830078,205.1950225830078,0.0795733630657196
0367,7,1,76,0.987012987012987,0.11284335560504825,77,5,6,6,180,0.42777777777777776,0.5815126050420167,0.5513114336643749,0.5783040488922842,0.5843137254901961,0.5490196078431373,0.5764705882352941,0.1845983862876892,0.27900391817092896,0.22424723207950592,0.25299009680747986,0.05109519138932228,14.214076042175293,0.8042713403701782,0.1761029064655304,0.4103093147277832,1.1837248802185059,-0.1569812297821045,0.1569812297821045,252.58880615234375,250.6910400390625,254.1692352294922,0.22200672328472137
0385,1,0,0,0.0,0.0,11,3,4,3,36,0.3055555555555556,0.3568627450980392,0.49732620320855614,0.5062388591800356,0.3568627450980392,0.4980392156862745,0.5058823529411764,0.2531861960887909,0.42702531814575195,0.3283228576183319,0.4051608741283417,0.10401532799005508,2.785048246383667,0.7508481740951538,0.2647095024585724,0.1976974606513977,1.0805444717407227,-0.5939007997512817,0.5939007997512817,203.00819396972656,201.81674194335938,204.14210510253906,0.17506420612335205
0385,2,0,0,0.0,0.0,3,1,1,3,3,1.0,0.403921568627451,0.7529411764705882,0.7019607843137254,0.403921568627451,0.7529411764705882,0.7019607843137254,0.12954674661159515,0.15796829760074615,0.1423124372959137,0.15170595049858093,0.022120799869298935,0.38864022493362427,0.053731996566057205,0.21003471314907074,-0.17703616619110107,0.3310772180557251,-0.36375097557902336,0.36375097557902336,282.3497619628906,281.7161560058594,282.9841003417969,0.21450139582157135
0385,3,0,0,0.0,0.0,7,3,2,2,12,0.5833333333333334,0.4834733893557423,0.5266106442577031,0.6605042016806723,0.4823529411764706,0.5254901960784314,0.6627450980392157,0.2152080535888672,0.4253797233104706,0.24590083956718445,0.32536524534225464,0.09857267886400223,1.5064563751220703,1.3817832469940186,0.08210347592830658,1.2774384021759033,1.544197916984558,-0.22801578044891357,0.22801578044891357,248.69371032714844,248.1048126220703,249.28297424316406,0.06641411781311035
0385,4,0,0,0.0,0.0,2,1,2,1,2,1.0,0.49411764705882355,0.6215686274509804,0.6039215686274509,0.49411764705882355,0.6235294117647059,0.6039215686274509,0.1582469642162323,0.17758046090602875,0.16791370511054993,0.17371375858783722,0.019333496689796448,0.3164939284324646,1.1980457305908203,0.07939273118972778,1.1186529397964478,1.2774384021759033,-0.2780507802963257,0.2780507802963257,254.8870391845703,254.57611083984375,255.19796752929688,0.020993463695049286
0385,5,0,0,0.0,0.0,4,3,1,2,6,0.6666666666666666,0.5137254901960784,0.5803921568627451,0.6176470588235294,0.5137254901960784,0.5803921568627451,0.6196078431372549,0.274537056684494,0.4595722556114197,0.31568434834480286,0.4020170569419861,0.11211057007312775,1.098148226737976,0.7137501239776611,0.1833885908126831,0.5216197371482849,1.0106788873672485,-0.4653635025024414,0.4653635025024414,253.24810791015625,252.41632080078125,254.0806884765625,0.1500811129808426
0385,6,0,0,0.0,0.0,1,1,1,1,1,1.0,0.5411764705882353,0.4823529411764706,0.6745098039215687,0.5411764705882353,0.4823529411764706,0.6745098039215687,0.1180613562464714,0.1180613562464714,0.1180613562464714,0.1180613562464714,0.0,0.1180613562464714,1.3282496929168701,0.0,1.3282496929168701,1.3282496929168701,-0.1897486448287964,0.1897486448287964,253.04940795898438,253.04940795898438,253.04940795898438,0.019323507323861122
0387,1,1,20,0.625,0.7272727272727273,32,5,4,3,60,0.5333333333333333,0.4987590252707581,0.4357531055900621,0.5465666118421053,0.49458483754512633,0.43478260869565216,0.5460526315789473,0.8186790347099304,1.0,0.9999968409538269,1.0,0.2647574543952942,26.197729110717773,1.1509921550750732,0.30777111649513245,0.3594910800457001,1.5216349363327026,-0.35298681259155273,0.35298681259155273,258.1890869140625,256.6495666503906,260.0980529785156,0.9227281212806702
0393,1,0,0,0.0,0.0,11,3,3,2,18,0.6111111111111112,0.5269162210338681,0.19714795008912656,0.5664884135472371,0.5294117647058824,0.19607843137254902,0.5686274509803921,0.15952712297439575,0.22076451778411865,0.18686988949775696,0.20327909290790558,0.0396675281226635,1.754798412322998,0.8231689929962158,0.1812557578086853,0.47422951459884644,1.1347994804382324,-0.4632939100265503,0.4632939100265503,204.25160217285156,203.37649536132812,205.2364501953125,0.14843377470970154
0393,2,0,0,0.0,0.0,4,2,2,1,4,1.0,0.6764705882352942,0.5078431372549019,0.4,0.6745098039215687,0.5058823529411764,0.4,0.17364640533924103,0.20855611562728882,0.18726295232772827,0.2000388503074646,0.0231276024132967,0.6945856213569641,-0.05146881937980652,0.24157720804214478,-0.23634804785251617,0.36141520738601685,-0.7296011745929718,0.7296011745929718,239.32569885253906,238.69227600097656,239.9583282470703,0.04478464648127556
0395,1,0,0,0.0,0.0,1,1,1,1,1,1.0,0.47058823529411764,0.6705882352941176,0.6274509803921569,0.47058823529411764,0.6705882352941176,0.6274509803921569,0.11071616411209106,0.11071616411209106,0.11071616411209106,0.11071616411209106,0.0,0.11071616411209106,0.5554715394973755,0.0,0.5554715394973755,0.5554715394973755,-0.7818087339401245,0.7818087339401245,263.5943908691406,263.5943908691406,263.5943908691406,0.10826817899942398
0395,2,0,0,0.0,0.0,3,2,1,2,4,0.75,0.5516339869281045,0.5764705882352941,0.7542483660130719,0.5529411764705883,0.5764705882352941,0.7529411764705882,0.21598267555236816,0.318204402923584,0.2507280707359314,0.29121387004852295,0.07382313907146454,0.6479480266571045,0.40915367007255554,0.16794322431087494,0.2653157413005829,0.6447502970695496,-0.6204419434070587,0.6204419434070587,280.4830627441406,279.9178466796875,281.1085205078125,0.2122725546360016
0399,1,1,102,0.22566371681415928,0.05196128374936322,452,12,16,11,2112,0.21401515151515152,0.4118341141766441,0.6128578865174389,0.48527676557348604,0.4196078431372549,0.6,0.4823529411764706,0.505778968334198,0.9983681440353394,0.7375782132148743,0.9273267388343811,0.27507883310317993,228.61209106445312,-0.06686626374721527,0.30324476957321167,-0.6541081666946411,0.8013620376586914,-0.4180523008108139,0.4180523008108139,21.363773345947266,13.601470947265625,31.240999221801758,0.6855590343475342
0399,2,1,453,0.906,0.2279818822345244,500,15,13,11,2145,0.2331002331002331,0.4347686274509804,0.6489803921568628,0.5054588235294117,0.4392156862745098,0.6392156862745098,0.5019607843137255,0.7559455037117004,0.9999699592590332,0.999434769153595,0.9998819231987,0.31409406661987305,377.9727478027344,-0.027406806126236916,0.35685575008392334,-0.5745723843574524,0.8280779123306274,-0.49266561307013035,0.49266561307013035,16.860105514526367,5.830951690673828,22.38302993774414,0.9552266001701355
0399,3,0,0,0.0,0.0,38,4,5,3,60,0.6333333333333333,0.5037151702786378,0.4823529411764706,0.6053663570691434,0.5019607843137255,0.4823529411764706,0.6039215686274509,0.5657884478569031,0.9996882677078247,0.8499712944030762,0.996342122554779,0.3129527270793915,21.499961853027344,0.4993174076080322,0.476613849401474,-0.3219452202320099,1.2559287548065186,-0.32078349590301514,0.32078349590301514,62.494140625,60.373836517333984,64.56779479980469,0.7114522457122803
0399,4,0,0,0.0,0.0,1,1,1,1,1,1.0,0.4980392156862745,0.6666666666666666,0.47058823529411764,0.4980392156862745,0.6666666666666666,0.47058823529411764,0.10153011232614517,0.10153011232614517,0.10153011232614517,0.10153011232614517,0.0,0.10153011232614517,-0.026038119569420815,0.0,-0.026038119569420815,-0.026038119569420815,-0.05940440855920315,0.05940440855920315,33.241539001464844,33.241539001464844,33.241539001464844,0.0802396759390831
0399,5,0,0,0.0,0.0,1,1,1,1,1,1.0,0.4980392156862745,0.6705882352941176,0.4745098039215686,0.4980392156862745,0.6705882352941176,0.4745098039215686,0.1768137514591217,0.1768137514591217,0.1768137514591217,0.1768137514591217,0.0,0.1768137514591217,-0.1013442873954773,0.0,-0.1013442873954773,-0.1013442873954773,-0.15982171520590782,0.15982171520590782,32.75667953491211,32.75667953491211,32.75667953491211,0.03127679601311684
0399,6,0,0,0.0,0.0,19,3,5,3,45,0.4222222222222222,0.503405572755418,0.692672858617131,0.47987616099071206,0.5019607843137255,0.6941176470588235,0.47843137254901963,0.32472190260887146,0.6821705102920532,0.4269978404045105,0.5283411145210266,0.1687534749507904,6.1697163581848145,-0.19531039893627167,0.13787351548671722,-0.3963561952114105,0.07284935563802719,-0.13170384615659714,0.13170384615659714,33.678436279296875,32.557640075683594,34.539833068847656,0.23387132585048676
0399,7,1,1275,0.6933115823817292,0.47995482778091475,1839,16,26,14,5824,0.3157623626373626,0.5468999562848521,0.6950324664939385,0.48755397754534113,0.5372549019607843,0.6980392156862745,0.49411764705882355,0.7879970073699951,0.9999992847442627,0.9998734593391418,0.9999883770942688,0.29484838247299194,1449.12646484375,-0.15298131108283997,0.225052148103714,-0.6250544786453247,0.449351966381073,-0.20754431933164597,0.20754431933164597,44.2248420715332,37.22901916503906,51.94227600097656,0.9964156746864319
0399,8,1,1,1.0,0.0005755395683453237,1,1,1,1,1,1.0,0.5333333333333333,0.6823529411764706,0.5098039215686274,0.5333333333333333,0.6823529411764706,0.5098039215686274,0.2905265986919403,0.2905265986919403,0.2905265986919403,0.2905265986919403,0.0,0.2905265986919403,-0.3515443205833435,0.0,-0.3515443205833435,-0.3515443205833435,-0.5565237551927567,0.5565237551927567,39.217342376708984,39.217342376708984,39.217342376708984,0.11790375411510468
0399,9,1,213,0.9102564102564102,0.11488673139158576,234,11,11,10,1210,0.1933884297520661,0.5741578682755153,0.4317077258253729,0.6244343891402715,0.5725490196078431,0.42745098039215684,0.6235294117647059,0.6485145688056946,0.9999850392341614,0.9761585593223572,0.9994022250175476,0.31314951181411743,151.75241088867188,0.7051711082458496,0.17553849518299103,0.24173960089683533,1.075390100479126,-0.24318081140518188,0.24318081140518188,83.92135620117188,77.3757095336914,89.94998931884766,0.9182404279708862
0399,10,0,0,0.0,0.0,12,3,4,2,24,0.5,0.5872549019607843,0.638235294117647,0.48071895424836597,0.5882352941176471,0.6392156862745098,0.4823529411764706,0.15481220185756683,0.20312568545341492,0.17507794499397278,0.1982831060886383,0.030323520302772522,1.8577464818954468,-0.1438874751329422,0.1832381635904312,-0.4654043912887573,0.14457698166370392,-0.2661712169647217,0.2661712169647217,54.945674896240234,53.90732955932617,56.19608688354492,0.0937795639038086
0408,1,0,0,0.0,0.0,16,4,4,3,48,0.3333333333333333,0.39338235294117646,0.5897058823529412,0.5575980392156863,0.39215686274509803,0.5882352941176471,0.5568627450980392,0.29404154419898987,0.5960612893104553,0.4339619278907776,0.5668571591377258,0.17177298665046692,4.704664707183838,1.9973900318145752,0.24848033487796783,1.4819046258926392,2.335444211959839,-0.5578243732452393,0.5578243732452393,230.42506408691406,229.48638916015625,231.233642578125,0.15175670385360718
0408,2,1,433,0.8108614232209738,0.10563552085874603,534,12,18,14,3024,0.1765873015873016,0.4423367849012264,0.6906293603583755,0.5256811338767716,0.4392156862745098,0.6862745098039216,0.5137254901960784,0.6225630640983582,0.9999998807907104,0.9935951828956604,0.9999699592590332,0.3415639102458954,332.44866943359375,1.5057228803634644,0.47476446628570557,0.28144338726997375,2.653261661529541,-0.5212794542312622,0.5212794542312622,248.88912963867188,240.20616149902344,257.001953125,0.931854248046875
0408,3,0,0,0.0,0.0,3,2,2,1,4,0.75,0.43267973856209146,0.7006535947712418,0.49019607843137253,0.43137254901960786,0.7019607843137254,0.49019607843137253,0.14633862674236298,0.16823087632656097,0.16069868206977844,0.16521799564361572,0.021218979731202126,0.43901586532592773,1.8081122636795044,0.14516350626945496,1.6458886861801147,1.99817955493927,-0.3947092294692993,0.3947092294692993,244.83074951171875,244.1925506591797,245.37725830078125,0.0631791204214096
0408,4,0,0,0.0,0.0,12,3,3,2,18,0.6666666666666666,0.4408496732026144,0.6506535947712417,0.5741830065359477,0.44313725490196076,0.6509803921568628,0.5725490196078431,0.22504444420337677,0.3043721914291382,0.2736814618110657,0.2902223765850067,0.057043641805648804,2.700533390045166,1.6090415716171265,0.19509215652942657,1.2334712743759155,1.95389723777771,-0.49952876567840576,0.49952876567840576,248.65699768066406,247.6085662841797,249.98800659179688,0.05933145433664322
0408,5,1,2,1.0,0.0005217845030002609,2,1,1,2,2,1.0,0.4392156862745098,0.6823529411764706,0.5823529411764706,0.4392156862745098,0.6823529411764706,0.5803921568627451,0.11920401453971863,0.13667738437652588,0.12794069945812225,0.13318270444869995,0.01747337356209755,0.23840802907943726,1.3654439449310303,0.04401487112045288,1.3214291334152222,1.409458875656128,-0.2677253484725952,0.2677253484725952,255.14195251464844,254.85093688964844,255.43296813964844,0.020352791994810104
0408,6,1,1,1.0,0.0002609262883235486,1,1,1,1,1,1.0,0.44313725490196076,0.6784313725490196,0.5803921568627451,0.44313725490196076,0.6784313725490196,0.5803921568627451,0.13209028542041779,0.13209028542041779,0.13209028542041779,0.13209028542041779,0.0,0.13209028542041779,1.208564043045044,0.0,1.208564043045044,1.208564043045044,-0.3596886396408081,0.3596886396408081,254.6154022216797,254.6154022216797,254.6154022216797,0.018921850249171257
0408,7,1,6,1.0,0.0015645371577574967,6,2,3,2,12,0.5,0.44901960784313727,0.662091503267974,0.569281045751634,0.45098039215686275,0.6627450980392157,0.5686274509803921,0.2390298992395401,0.3143658936023712,0.3043747544288635,0.31022828817367554,0.07583583146333694,1.434179425239563,1.7694334983825684,0.10146410763263702,1.617684245109558,1.8972126245498657,-0.3602159023284912,0.3602159023284912,250.83628845214844,249.947998046875,251.66049194335938,0.08521869778633118
0408,8,1,83,0.680327868852459,0.02132031852042127,122,8,7,4,224,0.5446428571428571,0.46448087431693985,0.6163291546126647,0.5084217293474766,0.4627450980392157,0.615686274509804,0.5098039215686274,0.8228323459625244,1.0,0.9999865293502808,0.9999997615814209,0.2781810164451599,100.38554382324219,2.1374285221099854,0.39908406138420105,1.020708441734314,2.807931900024414,-0.4455146789550781,0.4455146789550781,236.1790008544922,233.14158630371094,239.9395751953125,0.9290001392364502
0408,9,1,58,0.5087719298245614,0.014913859604011315,114,10,9,6,540,0.2111111111111111,0.46862745098039216,0.6588923288613691,0.4719986240110079,0.4666666666666667,0.6549019607843137,0.4745098039215686,0.6319436430931091,0.9999978542327881,0.9698874950408936,0.9997844099998474,0.31381428241729736,72.04157257080078,2.187783718109131,0.25946980714797974,1.544136643409729,2.6260571479797363,-0.3764498233795166,0.3764498233795166,239.26083374023438,236.09107971191406,242.12600708007812,0.8505108952522278
0408,10,0,0,0.0,0.0,11,3,4,2,24,0.4583333333333333,0.47023172905525845,0.7707664884135472,0.5001782531194296,0.47058823529411764,0.7686274509803922,0.5019607843137255,0.15569959580898285,0.1917210817337036,0.18189604580402374,0.18699012696743011,0.029035989195108414,1.712695598602295,1.4561940431594849,0.10721290111541748,1.2027870416641235,1.6420851945877075,-0.3215599060058594,0.3215599060058594,263.6627197265625,262.314697265625,264.9848937988281,0.1122431680560112
0408,11,0,0,0.0,0.0,7,3,3,2,18,0.3888888888888889,0.4823529411764706,0.6358543417366946,0.4890756302521008,0.4823529411764706,0.6352941176470588,0.49019607843137253,0.48621827363967896,0.8689289093017578,0.6382182836532593,0.7559000253677368,0.23436172306537628,3.4035279750823975,2.4451184272766113,0.15422864258289337,2.113945722579956,2.64804744720459,-0.4008767604827881,0.4008767604827881,239.2082977294922,238.58331298828125,239.93748474121094,0.1614905297756195
0408,12,1,63,0.504,0.01617665939144948,125,6,8,6,288,0.4340277777777778,0.5039372549019607,0.5491137254901961,0.5169254901960785,0.5019607843137255,0.5490196078431373,0.5176470588235295,0.7301374077796936,1.0,0.9999642968177795,0.9999999403953552,0.3124464154243469,91.26717376708984,2.402470111846924,0.3500523269176483,1.2489240169525146,2.944779634475708,-0.09289860725402832,0.09289860725402832,231.85784912109375,228.68756103515625,234.60179138183594,0.9188886284828186
0408,13,1,207,0.92,0.052478134110787174,225,12,8,8,768,0.29296875,0.5115816993464053,0.6343355119825709,0.45800435729847494,0.5294117647058824,0.6352941176470588,0.45098039215686275,0.6701807975769043,0.9999957084655762,0.9846315383911133,0.9982163906097412,0.3171716034412384,150.79067993164062,1.5565723180770874,0.5864390730857849,0.5919998288154602,2.9016053676605225,-0.8208590745925903,0.8208590745925903,238.946044921875,235.87496948242188,243.14810180664062,0.8551977276802063
0408,14,1,11,0.7333333333333333,0.0028649563745279335,15,4,4,2,32,0.46875,0.5631372549019608,0.6007843137254901,0.6141176470588235,0.5647058823529412,0.6,0.615686274509804,0.5290045142173767,0.9109861254692078,0.6728760600090027,0.8742063641548157,0.23140931129455566,7.935068130493164,1.7275303602218628,0.24783900380134583,1.2285982370376587,2.170682668685913,-0.41072309017181396,0.41072309017181396,262.4964294433594,261.6581726074219,263.4198303222656,0.5333123803138733
0408,15,1,3442,0.8564319482458322,0.5892322177522896,4019,16,45,48,34560,0.11629050925925925,0.5882567607784591,0.7013645965975343,0.5026096629246374,0.5764705882352941,0.6470588235294118,0.5450980392156862,0.7957339286804199,1.0,0.9999225735664368,0.9999962449073792,0.29274460673332214,3198.0546875,1.5988123416900635,0.4448765516281128,0.10442585498094559,2.5994791984558105,-0.6122372150421143,0.6122372150421143,267.2415466308594,248.64834594726562,278.811767578125,0.998431384563446
0408,16,1,6,0.5454545454545454,0.0015635179153094462,11,3,3,3,27,0.4074074074074074,0.5700534759358289,0.5964349376114082,0.6003565062388592,0.5686274509803921,0.596078431372549,0.6,0.5546438694000244,0.9792355298995972,0.8209022879600525,0.976354718208313,0.31346628069877625,6.1010823249816895,2.1018426418304443,0.1604572981595993,1.8395994901657104,2.3137712478637695,-0.23811888694763184,0.23811888694763184,260.75262451171875,259.8345642089844,261.6123046875,0.4557689428329468
0408,17,1,12,1.0,0.003126628452318916,12,4,4,2,32,0.375,0.5699346405228759,0.6725490196078432,0.5941176470588235,0.5686274509803921,0.6705882352941176,0.592156862745098,0.14284922182559967,0.20360642671585083,0.16736522316932678,0.1843792051076889,0.033949144184589386,1.7141906023025513,1.2414350509643555,0.12252535670995712,1.0235021114349365,1.4757046699523926,-0.4891704320907593,0.4891704320907593,271.6234436035156,270.77667236328125,272.6701354980469,0.17988908290863037
0408,18,0,0,0.0,0.0,1,1,1,1,1,1.0,0.5725490196078431,0.5882352941176471,0.6039215686274509,0.5725490196078431,0.5882352941176471,0.6039215686274509,0.2765766680240631,0.2765766680240631,0.2765766680240631,0.2765766680240631,0.0,0.2765766680240631,2.077052354812622,0.0,2.077052354812622,2.077052354812622,-0.29482531547546387,0.29482531547546387,260.4323425292969,260.4323425292969,260.4323425292969,0.06224829703569412
0408,19,1,1,1.0,0.0002609262883235486,1,1,1,1,1,1.0,0.5764705882352941,0.6666666666666666,0.596078431372549,0.5764705882352941,0.6666666666666666,0.596078431372549,0.1504402905702591,0.1504402905702591,0.1504402905702591,0.1504402905702591,0.0,0.1504402905702591,1.4145525693893433,0.0,1.4145525693893433,1.4145525693893433,-0.23270368576049805,0.23270368576049805,271.8602600097656,271.8602600097656,271.8602600097656,0.025110339745879173
0408,20,1,1,1.0,0.0002609262883235486,1,1,1,1,1,1.0,0.5803921568627451,0.6549019607843137,0.6039215686274509,0.5803921568627451,0.6549019607843137,0.6039215686274509,0.16214503347873688,0.16214503347873688,0.16214503347873688,0.16214503347873688,0.0,0.16214503347873688,1.154645323753357,0.0,1.154645323753357,1.154645323753357,-0.4537498950958252,0.4537498950958252,271.672607421875,271.672607421875,271.672607421875,0.0260758176445961
0408,21,0,0,0.0,0.0,3,2,2,1,4,0.75,0.5869281045751633,0.7084967320261437,0.5764705882352941,0.5882352941176471,0.7058823529411765,0.5764705882352941,0.12756043672561646,0.17316249012947083,0.13997182250022888,0.1598862111568451,0.032287754118442535,0.38268131017684937,1.0681334733963013,0.06261615455150604,0.9869124293327332,1.1392977237701416,-0.2351011037826538,0.2351011037826538,277.3990783691406,277.14617919921875,277.79669189453125,0.16077806055545807
0408,22,1,4,1.0,0.0010432968179447052,4,2,2,1,4,1.0,0.5980392156862745,0.7392156862745098,0.396078431372549,0.596078431372549,0.7411764705882353,0.396078431372549,0.19144350290298462,0.27169448137283325,0.22321933507919312,0.25230440497398376,0.05312001332640648,0.7657740116119385,2.0525319576263428,0.12007348984479904,1.8908660411834717,2.2264821529388428,-0.33179473876953125,0.33179473876953125,263.2409362792969,262.5909423828125,263.89013671875,0.14739997684955597
0408,23,0,0,0.0,0.0,18,3,7,4,84,0.21428571428571427,0.6137254901960785,0.6769063180827887,0.47734204793028323,0.615686274509804,0.6784313725490196,0.47843137254901963,0.30617856979370117,0.6275308728218079,0.3525753617286682,0.6067094802856445,0.1622304469347,5.511214256286621,2.1034224033355713,0.08304183185100555,1.912575602531433,2.2404093742370605,-0.3052065372467041,0.3052065372467041,263.47332763671875,261.13214111328125,266.58770751953125,0.1655426025390625
0408,24,1,41,0.7735849056603774,0.010625890890242322,53,6,7,9,378,0.1402116402116402,0.6410654827968923,0.6964853866074732,0.5462079171291159,0.6352941176470588,0.6901960784313725,0.5372549019607843,0.4878281056880951,0.9759349822998047,0.7078142166137695,0.8412899374961853,0.24344991147518158,25.854888916015625,1.1029152870178223,0.337688148021698,0.47199681401252747,1.7493349313735962,-0.3773050308227539,0.3773050308227539,279.27630615234375,274.52685546875,284.77886962890625,0.6162580847740173
0414,1,0,0,0.0,0.0,187,7,9,9,567,0.3298059964726631,0.320813673062808,0.4962776554472056,0.5109573241061129,0.3176470588235294,0.5019607843137255,0.5098039215686274,0.5050196647644043,0.9992907047271729,0.7272554636001587,0.9609745740890503,0.28653085231781006,94.43867492675781,0.21066156029701233,0.30515235662460327,-0.35710272192955017,0.9994173645973206,-0.3406755030155182,0.3406755030155182,199.63999938964844,195.6680908203125,202.78314208984375,0.8466121554374695
0414,2,0,0,0.0,0.0,31,4,4,5,80,0.3875,0.3524351676154333,0.5461100569259961,0.5547122074636306,0.3568627450980392,0.5450980392156862,0.5568627450980392,0.36768609285354614,0.7237485647201538,0.48869788646698,0.5620090961456299,0.17153938114643097,11.398268699645996,0.20082086324691772,0.36851248145103455,-0.34499093890190125,0.9873055815696716,-0.6128032803535461,0.6128032803535461,218.31295776367188,216.4301300048828,220.9072265625,0.3507165014743805
0414,3,0,0,0.0,0.0,1,1,1,1,1,1.0,0.3607843137254902,0.5529411764705883,0.5686274509803921,0.3607843137254902,0.5529411764705883,0.5686274509803921,0.11075150966644287,0.11075150966644287,0.11075150966644287,0.11075150966644287,0.0,0.11075150966644287,0.8540759682655334,0.0,0.8540759682655334,0.8540759682655334,-0.3300461173057556,0.3300461173057556,222.60952758789062,222.60952758789062,222.60952758789062,0.011155080050230026
0414,4,0,0,0.0,0.0,892,15,21,22,6930,0.12871572871572873,0.4241844719950761,0.23195726721181747,0.5415369735338081,0.43137254901960786,0.24313725490196078,0.5490196078431373,0.602775514125824,0.9999793171882629,0.9473444819450378,0.9953650236129761,0.32044631242752075,537.67578125,1.0186306238174438,0.46297481656074524,-0.45399701595306396,1.9199131727218628,-0.13025295734405518,0.13025295734405518,185.74288940429688,174.41329956054688,200.81333923339844,0.8636964559555054
0414,5,0,0,0.0,0.0,675,13,13,12,2028,0.3328402366863905,0.4329702251270879,0.5061263616557734,0.42917647058823527,0.4392156862745098,0.5019607843137255,0.4392156862745098,0.22561343014240265,0.5455142259597778,0.28651076555252075,0.3808586895465851,0.0976884663105011,152.2890625,0.2985486388206482,0.36560511589050293,-0.4176616668701172,1.4960006475448608,-0.1706242859363556,0.1706242859363556,202.63426208496094,196.7333221435547,209.6568603515625,0.2603124678134918
0414,6,0,0,0.0,0.0,13,2,4,4,32,0.40625,0.45188536953242836,0.16711915535444946,0.4841628959276018,0.45098039215686275,0.16470588235294117,0.4823529411764706,0.18763215839862823,0.3124305009841919,0.24804332852363586,0.289173424243927,0.06733349710702896,2.439218044281006,0.7972437143325806,0.2733321785926819,0.44227519631385803,1.3991063833236694,-0.045426011085510254,0.045426011085510254,174.84130859375,173.26568603515625,176.11643981933594,0.15718144178390503
0414,7,0,0,0.0,0.0,1,1,1,1,1,1.0,0.4588235294117647,0.29411764705882354,0.6078431372549019,0.4588235294117647,0.29411764705882354,0.6078431372549019,0.11471749097108841,0.11471749097108841,0.11471749097108841,0.11471749097108841,0.0,0.11471749097108841,1.1568706035614014,0.0,1.1568706035614014,1.1568706035614014,-0.2619173526763916,0.2619173526763916,208.74386596679688,208.74386596679688,208.74386596679688,0.00723717175424099
0414,8,0,0,0.0,0.0,9,2,3,3,18,0.5,0.4928104575163399,0.3285403050108932,0.6091503267973857,0.49019607843137253,0.3254901960784314,0.6078431372549019,0.16232560575008392,0.22280259430408478,0.18472354114055634,0.20269949734210968,0.03475985303521156,1.4609304666519165,1.094965934753418,0.1390887349843979,0.8661877512931824,1.3264355659484863,-0.282187819480896,0.282187819480896,217.2381591796875,216.18048095703125,218.38040161132812,0.053606823086738586
0414,9,0,0,0.0,0.0,1,1,1,1,1,1.0,0.4980392156862745,0.33725490196078434,0.611764705882353,0.4980392156862745,0.33725490196078434,0.611764705882353,0.11811579018831253,0.11811579018831253,0.11811579018831253,0.11811579018831253,0.0,0.11811579018831253,0.6966227293014526,0.0,0.6966227293014526,0.6966227293014526,-0.5515909194946289,0.5515909194946289,219.3535919189453,219.3535919189453,219.3535919189453,0.005461988504976034
0414,10,0,0,0.0,0.0,1,1,1,1,1,1.0,0.5019607843137255,0.30980392156862746,0.7568627450980392,0.5019607843137255,0.30980392156862746,0.7568627450980392,0.13638682663440704,0.13638682663440704,0.13638682663440704,0.13638682663440704,0.0,0.13638682663440704,-0.0058609177358448505,0.0,-0.0058609177358448505,-0.0058609177358448505,-0.8372272183187306,0.8372272183187306,245.2162322998047,245.2162322998047,245.2162322998047,0.07082013785839081
0414,11,0,0,0.0,0.0,1,1,1,1,1,1.0,0.5019607843137255,0.3411764705882353,0.611764705882353,0.5019607843137255,0.3411764705882353,0.611764705882353,0.11412813514471054,0.11412813514471054,0.11412813514471054,0.11412813514471054,0.0,0.11412813514471054,0.49072232842445374,0.0,0.49072232842445374,0.49072232842445374,-0.7231745421886444,0.7231745421886444,220.33157348632812,220.33157348632812,220.33157348632812,0.023831579834222794
0414,12,1,15,0.9375,0.01480019733596448,16,5,3,3,45,0.35555555555555557,0.5286764705882353,0.47549019607843135,0.6286764705882353,0.5254901960784314,0.4745098039215686,0.6274509803921569,0.21888159215450287,0.4710738956928253,0.2351582944393158,0.3347775936126709,0.09244238585233688,3.502105474472046,0.8646737337112427,0.2667645215988159,0.34538090229034424,1.4112181663513184,0.03934919834136963,0.03934919834136963,242.58514404296875,240.7405242919922,244.6405487060547,0.27906909584999084
0414,13,0,0,0.0,0.0,20,5,4,3,60,0.3333333333333333,0.5405882352941176,0.46568627450980393,0.5260784313725491,0.5411764705882353,0.4666666666666667,0.5294117647058824,0.1796245276927948,0.2528180778026581,0.21879953145980835,0.2385580837726593,0.046449802815914154,3.5924906730651855,0.9079734086990356,0.3469234108924866,0.10314515978097916,1.3748828172683716,-0.5881218910217285,0.5881218910217285,226.6675262451172,224.4593505859375,228.61976623535156,0.12927092611789703
0414,14,0,0,0.0,0.0,1,1,1,1,1,1.0,0.5372549019607843,0.4823529411764706,0.6274509803921569,0.5372549019607843,0.4823529411764706,0.6274509803921569,0.12595300376415253,0.12595300376415253,0.12595300376415253,0.12595300376415253,0.0,0.12595300376415253,0.6602873802185059,0.0,0.6602873802185059,0.6602873802185059,-0.09386634826660156,0.09386634826660156,244.48516845703125,244.48516845703125,244.48516845703125,0.02122410014271736
0414,15,0,0,0.0,0.0,27,4,3,4,48,0.5625,0.5507625272331155,0.5536673928830792,0.7358024691358024,0.5490196078431373,0.5529411764705883,0.7372549019607844,0.2613125443458557,0.5173327922821045,0.3401833474636078,0.4432811141014099,0.12112779170274734,7.05543851852417,0.2942422330379486,0.35488635301589966,-0.4297734498977661,0.8177405595779419,-0.4911712110042572,0.4911712110042572,274.1289367675781,272.6903076171875,275.76983642578125,0.3794208765029907
0414,16,1,826,0.602919708029197,0.4886128364389234,1370,16,17,17,4624,0.296280276816609,0.5928295405753543,0.49161299556318877,0.6697953341920709,0.5843137254901961,0.49019607843137253,0.6784313725490196,0.8318929672241211,0.9999994039535522,0.9999157786369324,0.9999845027923584,0.2796599566936493,1139.693359375,0.8834447860717773,0.24202407896518707,-0.24809665977954865,1.5323359966278076,-0.1988987922668457,0.1988987922668457,260.8875427246094,248.80113220214844,268.6521911621094,0.9997777938842773
0414,17,0,0,0.0,0.0,256,9,8,13,936,0.27350427350427353,0.6004136029411765,0.32245710784313725,0.6516390931372549,0.6039215686274509,0.3215686274509804,0.6431372549019608,0.304234117269516,0.7517164945602417,0.40024077892303467,0.5368794202804565,0.1553819328546524,77.8839340209961,1.2044661045074463,0.14522850513458252,0.8540759682655334,1.5807831287384033,-0.14647936820983887,0.14647936820983887,241.1072540283203,236.4191131591797,246.64549255371094,0.30449411273002625
0414,18,0,0,0.0,0.0,865,14,19,18,4788,0.18065998329156224,0.6229128414371529,0.2754799954663947,0.5456466054629945,0.6274509803921569,0.25882352941176473,0.5294117647058824,0.5807351469993591,0.9999817609786987,0.9268097281455994,0.9979370832443237,0.3243938386440277,502.3359069824219,1.299257516860962,0.2550182640552521,-0.09064342826604843,1.883577823638916,-0.08520233631134033,0.08520233631134033,223.32801818847656,214.69512939453125,231.95042419433594,0.8953650593757629
0414,19,0,0,0.0,0.0,482,11,11,15,1815,0.265564738292011,0.6105443007078349,0.3591733788951265,0.6348629078187291,0.611764705882353,0.36470588235294116,0.6431372549019608,0.331276535987854,0.9054903984069824,0.4431411623954773,0.5887521505355835,0.1899976134300232,159.67529296875,1.2103183269500732,0.13406634330749512,0.7087345123291016,1.5928949117660522,-0.15737521648406982,0.15737521648406982,243.22659301757812,235.85377502441406,248.72073364257812,0.3263048529624939
0414,20,1,95,0.8962264150943396,0.08974964572508266,106,5,9,9,405,0.2617283950617284,0.6071402145763966,0.5263041065482797,0.7261191268960414,0.6078431372549019,0.5333333333333333,0.7254901960784313,0.528268575668335,0.9960470795631409,0.8171272277832031,0.9439669847488403,0.30325746536254883,55.99646759033203,0.208837628364563,0.34230849146842957,-0.4297734498977661,0.9873055815696716,-0.347694456577301,0.347694456577301,276.7321472167969,272.11944580078125,280.0874938964844,0.8545818328857422
0414,21,0,0,0.0,0.0,716,12,21,10,2520,0.2841269841269841,0.6469109431482091,0.39147770840179646,0.5964453937999781,0.6470588235294118,0.4117647058823529,0.6,0.3346410095691681,0.9170104265213013,0.4270972013473511,0.6640323996543884,0.20602014660835266,239.60296630859375,1.3416260480880737,0.15039989352226257,0.9509702324867249,1.9199131727218628,-0.11517226696014404,0.11517226696014404,246.30812072753906,237.9958038330078,254.14366149902344,0.3242550790309906
0414,22,0,0,0.0,0.0,4,1,2,2,4,1.0,0.6274509803921569,0.3509803921568627,0.6058823529411764,0.6274509803921569,0.35294117647058826,0.6078431372549019,0.12192563712596893,0.1424543261528015,0.1318557858467102,0.13821491599082947,0.014699979685246944,0.48770254850387573,1.250736951828003,0.09159227460622787,1.1084234714508057,1.3627710342407227,-0.16350913047790527,0.16350913047790527,240.420166015625,239.91249084472656,240.9273681640625,0.07815041393041611
0414,23,0,0,0.0,0.0,1,1,1,1,1,1.0,0.6274509803921569,0.3607843137254902,0.6,0.6274509803921569,0.3607843137254902,0.6,0.11183880269527435,0.11183880269527435,0.11183880269527435,0.11183880269527435,0.0,0.11183880269527435,1.1810941696166992,0.0,1.1810941696166992,1.1810941696166992,-0.17663037776947021,0.17663037776947021,240.40382385253906,240.40382385253906,240.40382385253906,0.04700803756713867
0414,24,0,0,0.0,0.0,1,1,1,1,1,1.0,0.6274509803921569,0.3843137254901961,0.5843137254901961,0.6274509803921569,0.3843137254901961,0.5843137254901961,0.11613919585943222,0.11613919585943222,0.11613919585943222,0.11613919585943222,0.0,0.11613919585943222,1.047864556312561,0.0,1.047864556312561,1.047864556312561,-0.21548879146575928,0.21548879146575928,240.26235961914062,240.26235961914062,240.26235961914062,0.07171384990215302
0414,25,0,0,0.0,0.0,2,2,1,1,2,1.0,0.6333333333333333,0.3803921568627451,0.611764705882353,0.6352941176470588,0.3803921568627451,0.611764705882353,0.15820537507534027,0.16285401582717896,0.1605297029018402,0.16192428767681122,0.004648640751838684,0.31641075015068054,1.1750383377075195,0.030279457569122314,1.1447588205337524,1.205317735671997,-0.24627292156219482,0.24627292156219482,245.25779724121094,244.926513671875,245.58908081054688,0.017634937539696693
0414,26,1,335,0.8271604938271605,0.277317880794702,405,10,10,12,1200,0.3375,0.6903413217138707,0.2632679738562092,0.6241007020091988,0.6862745098039216,0.2627450980392157,0.6235294117647059,0.773766040802002,0.9999974966049194,0.999725878238678,0.9999776482582092,0.29961585998535156,313.375244140625,0.530287504196167,0.37564775347709656,-0.2723202407360077,1.4354417324066162,-0.34144169092178345,0.34144169092178345,247.35841369628906,242.67674255371094,251.98016357421875,0.9814015626907349
0414,27,0,0,0.0,0.0,12,3,4,2,24,0.5,0.8369281045751633,0.4062091503267974,0.014052287581699347,0.8392156862745098,0.40784313725490196,0.01568627450980392,0.1861894726753235,0.2798174023628235,0.2557992935180664,0.2665746510028839,0.06041847914457321,2.234273672103882,1.7392457723617554,0.27053236961364746,1.229541301727295,2.2590432167053223,-0.42848265171051025,0.42848265171051025,238.15452575683594,236.63050842285156,239.30316162109375,0.08578290045261383
0420,1,0,0,0.0,0.0,23,4,4,3,48,0.4791666666666667,0.4603580562659847,0.542540494458653,0.5450980392156862,0.4588235294117647,0.5411764705882353,0.5450980392156862,0.2647537291049957,0.5053805112838745,0.2608921527862549,0.43638932704925537,0.10171294957399368,6.089335918426514,1.2487441301345825,0.15585686266422272,0.8337281346321106,1.4441876411437988,-0.110831618309021,0.110831618309021,229.08267211914062,227.54559326171875,230.3953094482422,0.2734026312828064
0420,2,1,132,0.9361702127659575,0.013766491109141158,141,12,7,5,420,0.3357142857142857,0.5139758030871924,0.5417049089139202,0.5335002085940759,0.5098039215686274,0.5411764705882353,0.5333333333333333,0.697230875492096,0.9999969005584717,0.9971070289611816,0.9999374151229858,0.3259193003177643,98.30955505371094,0.8576716184616089,0.3402493894100189,-0.09121063351631165,1.5551804304122925,-0.16061067581176758,0.16061067581176758,234.59593200683594,231.00216674804688,237.8865203857422,0.9975425004959106
0420,3,1,26,0.7222222222222222,0.002726510067114094,36,5,4,6,120,0.3,0.587908496732026,0.6368191721132898,0.6384531590413943,0.5882352941176471,0.6352941176470588,0.6352941176470588,0.36599984765052795,0.7222812175750732,0.5052556395530701,0.6828874349594116,0.1907554715871811,13.175994873046875,0.5197628140449524,0.299721896648407,-0.1282082349061966,1.000217080116272,-0.3685200810432434,0.3685200810432434,275.0508117675781,271.5179443359375,277.30126953125,0.42919862270355225
0420,4,0,0,0.0,0.0,10,2,4,2,16,0.625,0.6098039215686275,0.5035294117647059,0.40509803921568627,0.6078431372549019,0.5019607843137255,0.403921568627451,0.13235852122306824,0.17002424597740173,0.14540114998817444,0.16789352893829346,0.02359791286289692,1.3235852718353271,0.3583095967769623,0.21234145760536194,-0.044963762164115906,0.7134860754013062,-0.4447322189807892,0.4447322189807892,227.2676239013672,225.99557495117188,228.2673797607422,0.0680604875087738
0420,5,1,16973,0.7649285682094732,0.8234323832625834,22189,27,51,76,104652,0.21202652601001415,0.7049460119349015,0.43146056295338,0.4011834162661414,0.6745098039215687,0.43529411764705883,0.33725490196078434,0.8247053623199463,1.0,0.9999970197677612,0.9999996423721313,0.28536126017570496,18299.38671875,0.38221633434295654,0.5045233964920044,-0.9051567912101746,2.378376007080078,-0.017447292804718018,0.017447292804718018,235.76600646972656,211.34332275390625,259.8557434082031,0.981478214263916
0420,6,0,0,0.0,0.0,19,4,4,3,48,0.3958333333333333,0.7040247678018575,0.3640866873065015,0.4,0.7058823529411765,0.36470588235294116,0.4,0.2154272049665451,0.3463018536567688,0.2948850393295288,0.3306342363357544,0.08367513865232468,4.093116760253906,0.18042926490306854,0.2565058767795563,-0.2669490575790405,0.6394910216331482,-0.6194090992212296,0.6194090992212296,227.18922424316406,225.63023376464844,228.83181762695312,0.12429115176200867
0420,7,0,0,0.0,0.0,1,1,1,1,1,1.0,0.7058823529411765,0.5176470588235295,0.3803921568627451,0.7058823529411765,0.5176470588235295,0.3803921568627451,0.11527548730373383,0.11527548730373383,0.11527548730373383,0.11527548730373383,0.0,0.11527548730373383,0.4082563519477844,0.0,0.4082563519477844,0.4082563519477844,-0.18845617771148682,0.18845617771148682,244.1188201904297,244.1188201904297,244.1188201904297,0.037774961441755295
0450,1,1,22,0.7096774193548387,0.5866666666666667,31,5,4,3,60,0.5166666666666667,0.49209361163820364,0.4491706522845222,0.6244021573216648,0.49019607843137253,0.4479495268138801,0.6246056782334385,0.5259283185005188,0.9831025004386902,0.775321364402771,0.9066097736358643,0.27821579575538635,16.30377769470215,1.6975152492523193,0.4296794831752777,0.7792402505874634,2.382481336593628,-0.06020486354827881,0.06020486354827881,274.68621826171875,273.1263427734375,276.73272705078125,0.7161228656768799
0450,2,0,0,0.0,0.0,21,3,4,4,48,0.4375,0.5988795518207283,0.48625506985128436,0.6849932401982876,0.596078431372549,0.48580441640378547,0.6845425867507886,0.15822339057922363,0.2137172967195511,0.17982828617095947,0.19906699657440186,0.03074023313820362,3.3226912021636963,1.4199285507202148,0.11821016669273376,1.1516749858856201,1.6506943702697754,-0.44688498973846436,0.44688498973846436,307.47454833984375,305.73516845703125,309.1536865234375,0.11694405227899551
0452,1,0,0,0.0,0.0,23,5,3,4,60,0.38333333333333336,0.36415005493643066,0.5138192985291741,0.6814888010540184,0.36462093862815886,0.5130111524163569,0.6818181818181818,0.27424952387809753,0.5178539156913757,0.34295734763145447,0.44556182622909546,0.11996898800134659,6.307738780975342,0.275301069021225,0.17148320376873016,-0.030754761770367622,0.654809296131134,-0.44030019640922546,0.44030019640922546,248.69943237304688,246.83799743652344,250.79473876953125,0.2893013656139374
0452,2,1,55,0.5851063829787234,0.35947712418300654,94,8,5,9,360,0.2611111111111111,0.5443582456409862,0.5609823617812228,0.6013459058671824,0.5451263537906137,0.5613382899628253,0.6022727272727273,0.7436977028846741,1.0,0.9998656511306763,0.9999958872795105,0.3165132999420166,69.90758514404297,1.3010128736495972,0.16648755967617035,0.8450474739074707,1.54740309715271,-0.15868520736694336,0.15868520736694336,266.48974609375,262.15643310546875,272.034912109375,0.9710999131202698
0452,3,1,103,0.5364583333333334,0.5099009900990099,192,9,8,12,864,0.2222222222222222,0.5760379061371841,0.5941372366790582,0.6630563446969697,0.5776173285198556,0.5910780669144982,0.6628787878787878,0.5935609936714172,0.9999995231628418,0.9012365341186523,0.999754786491394,0.31918466091156006,113.96371459960938,0.9734908938407898,0.22809013724327087,0.3217970132827759,1.5474565029144287,-0.09017127752304077,0.09017127752304077,286.3016662597656,280.20172119140625,293.64263916015625,0.8994380235671997
0467,1,1,21075,0.8671055338407735,0.7624129510717192,24305,34,51,60,104040,0.23361207227989234,0.4351337758240972,0.5885215898530883,0.6100966260539231,0.4414715719063545,0.603448275862069,0.5864661654135338,0.8790709972381592,0.9999996423721313,0.9999762773513794,0.9999942779541016,0.23973259329795837,21365.8203125,0.28146857023239136,0.5174353718757629,-0.7569146156311035,1.8196580410003662,-0.4222453832626343,0.4222453832626343,269.9507751464844,245.40782165527344,297.7599792480469,0.9997777938842773
0467,2,0,0,0.0,0.0,1,1,1,1,1,1.0,0.40468227424749165,0.5896551724137931,0.6278195488721805,0.40468227424749165,0.5896551724137931,0.6278195488721805,0.10715406388044357,0.10715406388044357,0.10715406388044357,0.10715406388044357,0.0,0.10715406388044357,0.6776928901672363,0.0,0.6776928901672363,0.6776928901672363,-0.17516976594924927,0.17516976594924927,268.354248046875,268.354248046875,268.354248046875,0.042897626757621765
0467,3,1,1,1.0,6.455569542622898e-05,1,1,1,1,1,1.0,0.43812709030100333,0.6655172413793103,0.5789473684210527,0.43812709030100333,0.6655172413793103,0.5789473684210527,0.13498954474925995,0.13498954474925995,0.13498954474925995,0.13498954474925995,0.0,0.13498954474925995,0.8231146335601807,0.0,0.8231146335601807,0.8231146335601807,-0.15976673364639282,0.15976673364639282,279.9803466796875,279.9803466796875,279.9803466796875,0.11515332758426666
0467,4,1,1,1.0,6.455569542622898e-05,1,1,1,1,1,1.0,0.4414715719063545,0.6655172413793103,0.5827067669172933,0.4414715719063545,0.6655172413793103,0.5827067669172933,0.10005852580070496,0.10005852580070496,0.10005852580070496,0.10005852580070496,0.0,0.10005852580070496,0.8016869425773621,0.0,0.8016869425773621,0.8016869425773621,-0.1413443684577942,0.1413443684577942,281.0035705566406,281.0035705566406,281.0035705566406,0.10648394376039505
0467,5,0,0,0.0,0.0,6,3,2,1,6,1.0,0.46488294314381273,0.5706896551724138,0.6917293233082706,0.46488294314381273,0.5724137931034483,0.6917293233082706,0.1602717489004135,0.22986887395381927,0.20182622969150543,0.22253501415252686,0.04713914915919304,0.9616304636001587,0.030627606436610222,0.1206379309296608,-0.17421726882457733,0.19518274068832397,-0.2770571429282427,0.2770571429282427,284.3359069824219,283.5524597167969,285.1192626953125,0.2815910875797272
0467,6,0,0,0.0,0.0,1,1,1,1,1,1.0,0.46488294314381273,0.4896551724137931,0.6428571428571429,0.46488294314381273,0.4896551724137931,0.6428571428571429,0.11548618227243423,0.11548618227243423,0.11548618227243423,0.11548618227243423,0.0,0.11548618227243423,0.791586697101593,0.0,0.791586697101593,0.791586697101593,-0.22165876626968384,0.22165876626968384,262.6880187988281,262.6880187988281,262.6880187988281,0.0015999999595806003
0467,7,1,8,0.8888888888888888,0.0005163122398270354,9,3,2,2,12,0.75,0.47380156075808244,0.6049808429118775,0.5129490392648288,0.47491638795986624,0.603448275862069,0.5112781954887218,0.1634102612733841,0.3470960259437561,0.1484091579914093,0.25704529881477356,0.07442880421876907,1.4706923961639404,0.594375491142273,0.24471524357795715,0.17405962944030762,0.9937149882316589,-0.4107705354690552,0.4107705354690552,264.1066589355469,263.2204284667969,264.9414978027344,0.24031175673007965
0467,8,1,20,0.9523809523809523,0.0012902809586787523,21,6,2,5,60,0.35,0.49147953495779584,0.5988505747126437,0.5159326888650198,0.4916387959866221,0.6,0.5150375939849624,0.1903543770313263,0.3514026403427124,0.25424811244010925,0.314727246761322,0.0769113227725029,3.9974420070648193,0.31988832354545593,0.13930557668209076,0.07241500914096832,0.614851176738739,-0.3311481773853302,0.3311481773853302,266.2449035644531,263.6778259277344,267.9925231933594,0.19954288005828857
0467,9,1,2,0.6666666666666666,0.00012910305651486298,3,1,2,2,4,0.75,0.4882943143812709,0.5908045977011495,0.5025062656641603,0.4882943143812709,0.5896551724137931,0.5037593984962406,0.1150406077504158,0.1212797537446022,0.12105856835842133,0.12119127810001373,0.00851260032504797,0.345121830701828,0.5493941903114319,0.0498131662607193,0.5037649273872375,0.6186900734901428,-0.222497820854187,0.222497820854187,262.3568420410156,261.7995300292969,262.96197509765625,0.17189987003803253
0467,10,1,1,1.0,6.455569542622898e-05,1,1,1,1,1,1.0,0.5050167224080268,0.3793103448275862,0.5075187969924813,0.5050167224080268,0.3793103448275862,0.5075187969924813,0.10833869129419327,0.10833869129419327,0.10833869129419327,0.10833869129419327,0.0,0.10833869129419327,1.579298734664917,0.0,1.579298734664917,1.579298734664917,0.02808201313018799,0.02808201313018799,231.1471405029297,231.1471405029297,231.1471405029297,0.026063142344355583
0467,11,1,4719,0.858937022206043,0.2587596644184899,5494,30,28,35,29400,0.18687074829931974,0.5547675603546831,0.6233251321190515,0.535054646080071,0.5819397993311036,0.6275862068965518,0.518796992481203,0.8434374928474426,0.999998927116394,0.9999352693557739,0.9999823570251465,0.26989758014678955,4633.845703125,0.6085588335990906,0.3078916370868683,-0.4575155973434448,1.4221007823944092,-0.3288331627845764,0.3288331627845764,284.3480224609375,269.03717041015625,299.132080078125,1.0
0467,12,1,7,1.0,0.0004518023687352761,7,2,3,2,12,0.5833333333333334,0.5140946010511228,0.3852216748768473,0.4989258861439313,0.5150501672240803,0.38620689655172413,0.5,0.26138433814048767,0.6016117930412292,0.319768488407135,0.45863568782806396,0.16215737164020538,1.8296904563903809,1.3118749856948853,0.2183520495891571,0.8786334991455078,1.5599768161773682,-0.23685836791992188,0.23685836791992188,232.4441680908203,231.7886962890625,233.4159393310547,0.18832986056804657
0467,13,1,3,0.3,0.0001936108422071636,10,3,4,2,24,0.4166666666666667,0.5692307692307692,0.5675862068965517,0.5360902255639097,0.568561872909699,0.5689655172413793,0.5375939849624061,0.22967283427715302,0.3900024890899658,0.30884605646133423,0.3686521053314209,0.09918942302465439,2.2967283725738525,1.1783382892608643,0.05981266126036644,1.0844945907592773,1.288550615310669,-0.060189247131347656,0.060189247131347656,277.01678466796875,276.15032958984375,277.9532470703125,0.21383120119571686
0491,1,1,2,1.0,0.018691588785046728,2,1,2,1,2,1.0,0.4470588235294118,0.6607843137254902,0.6,0.4470588235294118,0.6627450980392157,0.6,0.12897475063800812,0.14136867225170135,0.13517171144485474,0.13888989388942719,0.012393921613693237,0.25794950127601624,0.5490155816078186,0.008901536464691162,0.5401140451431274,0.5579171180725098,-0.3654564619064331,0.3654564619064331,255.00271606445312,254.67233276367188,255.33311462402344,0.05841924995183945
0491,2,1,14,1.0,0.12389380530973451,14,4,4,2,32,0.4375,0.46022408963585437,0.6610644257703082,0.6064425770308123,0.4627450980392157,0.6588235294117647,0.6078431372549019,0.30687612295150757,0.6123695373535156,0.4465423822402954,0.5229822397232056,0.15413685142993927,4.296265602111816,0.5477439761161804,0.1912377029657364,0.13064469397068024,0.9317805171012878,-0.2830449342727661,0.2830449342727661,257.5669250488281,256.18157958984375,259.0096435546875,0.3832351267337799
0512,1,1,439,0.5761154855643045,0.6748654880860876,762,23,13,14,4186,0.18203535594839942,0.37086614173228344,0.5352195382356866,0.570888460371025,0.36666666666666664,0.5322033898305085,0.5680272108843537,0.7805609703063965,1.0,0.9999897480010986,0.9999997615814209,0.3068256080150604,594.7874755859375,0.8431270122528076,0.36353743076324463,-0.6677439212799072,1.3881323337554932,-0.28488194942474365,0.28488194942474365,251.70849609375,243.26116943359375,257.87982177734375,0.9995999932289124
0512,2,0,0,0.0,0.0,1,1,1,1,1,1.0,0.35185185185185186,0.5457627118644067,0.5476190476190477,0.35185185185185186,0.5457627118644067,0.5476190476190477,0.10346701741218567,0.10346701741218567,0.10346701741218567,0.10346701741218567,0.0,0.10346701741218567,0.9928141832351685,0.0,0.9928141832351685,0.9928141832351685,-0.2170422077178955,0.2170422077178955,247.0991668701172,247.0991668701172,247.0991668701172,0.03470372408628464
0512,3,0,0,0.0,0.0,3,2,1,2,4,0.75,0.36419753086419754,0.5491525423728814,0.5804988662131519,0.362962962962963,0.5491525423728814,0.5782312925170068,0.1185215637087822,0.12188315391540527,0.1218024417757988,0.1218508705496788,0.004640330094844103,0.355564683675766,0.5425350666046143,0.11279322952032089,0.42153969407081604,0.6930525302886963,-0.14034277200698853,0.14034277200698853,255.41822814941406,254.8430938720703,255.90037536621094,0.04898960888385773
0512,4,0,0,0.0,0.0,1,1,1,1,1,1.0,0.3962962962962963,0.5457627118644067,0.5578231292517006,0.3962962962962963,0.5457627118644067,0.5578231292517006,0.12367907166481018,0.12367907166481018,0.12367907166481018,0.12367907166481018,0.0,0.12367907166481018,0.9253008365631104,0.0,0.9253008365631104,0.9253008365631104,-0.19043028354644775,0.19043028354644775,253.93109130859375,253.93109130859375,253.93109130859375,0.03322688490152359
0512,5,0,0,0.0,0.0,1,1,1,1,1,1.0,0.48518518518518516,0.4406779661016949,0.5272108843537415,0.48518518518518516,0.4406779661016949,0.5272108843537415,0.22131094336509705,0.22131094336509705,0.22131094336509705,0.22131094336509705,0.0,0.22131094336509705,0.892116129398346,0.0,0.892116129398346,0.892116129398346,-0.2640509009361267,0.2640509009361267,241.5553741455078,241.5553741455078,241.5553741455078,0.008860130794346333
0537,1,1,14503,0.7402889081721199,0.7726074101696722,19591,36,71,78,199368,0.09826551904016692,0.3177107295702125,0.48349858045302296,0.42792896692243604,0.2976588628762542,0.43448275862068964,0.39097744360902253,0.7863402962684631,1.0,0.9999508261680603,0.9999971389770508,0.2986947298049927,15405.1923828125,0.30124738812446594,0.44528108835220337,-0.6346144080162048,1.793082594871521,-0.36940374970436096,0.36940374970436096,205.29373168945312,173.4877471923828,240.343505859375,0.9995062947273254
0537,2,0,0,0.0,0.0,1,1,1,1,1,1.0,0.3210702341137124,0.5379310344827586,0.44360902255639095,0.3210702341137124,0.5379310344827586,0.44360902255639095,0.11414704471826553,0.11414704471826553,0.11414704471826553,0.11414704471826553,0.0,0.11414704471826553,0.569118320941925,0.0,0.569118320941925,0.569118320941925,-0.13028305768966675,0.13028305768966675,218.3323211669922,218.3323211669922,218.3323211669922,0.05840922147035599
0537,3,1,2,1.0,0.00022279157847833353,2,1,2,1,2,1.0,0.3311036789297659,0.4879310344827586,0.6052631578947368,0.3311036789297659,0.4862068965517241,0.6052631578947368,0.13067173957824707,0.13394346833229065,0.13230760395526886,0.1332891285419464,0.003271721303462982,0.26134347915649414,0.5570186972618103,0.0663435310125351,0.4906751811504364,0.6233622431755066,-0.10167533159255981,0.10167533159255981,236.52359008789062,236.22447204589844,236.82272338867188,0.054640524089336395
0537,4,1,51,0.5666666666666667,0.005653475224476222,90,5,7,5,175,0.5142857142857142,0.33939056112969157,0.6285823754789273,0.4975355054302422,0.3411371237458194,0.6275862068965518,0.5,0.67326819896698,0.99675053358078,0.9115630984306335,0.9899532198905945,0.2841475009918213,60.59413528442383,0.15774694085121155,0.3367253541946411,-0.37084248661994934,0.879020631313324,-0.41032859683036804,0.41032859683036804,247.48489379882812,244.46267700195312,250.99203491210938,0.7895442247390747
0537,5,0,0,0.0,0.0,128,6,8,6,288,0.4444444444444444,0.35451505016722407,0.6445581896551724,0.5415883458646616,0.35785953177257523,0.6482758620689655,0.5413533834586466,0.4182525873184204,0.8900821208953857,0.6020442247390747,0.7502261996269226,0.23401382565498352,53.53633117675781,0.0003117094747722149,0.31498128175735474,-0.4157753586769104,1.1016132831573486,-0.3473471631295979,0.3473471631295979,259.12689208984375,255.4407958984375,263.24322509765625,0.5340176820755005
0537,6,0,0,0.0,0.0,2,1,2,1,2,1.0,0.36454849498327757,0.65,0.5300751879699248,0.36454849498327757,0.6482758620689655,0.5300751879699248,0.11440746486186981,0.12330937385559082,0.11885841935873032,0.1215289905667305,0.008901912719011307,0.22881492972373962,0.3388444185256958,0.0034995228052139282,0.33534491062164307,0.3423439562320709,-0.12552589178085327,0.12552589178085327,259.8333435058594,259.4706115722656,260.1960754394531,0.06299711018800735
0537,7,0,0,0.0,0.0,26,4,5,3,60,0.43333333333333335,0.42397736043220996,0.6139257294429709,0.4081839213418161,0.42474916387959866,0.6137931034482759,0.40977443609022557,0.19912046194076538,0.36055615544319153,0.25069504976272583,0.3003878593444824,0.07372178137302399,5.1771321296691895,0.26296448707580566,0.25728756189346313,-0.12611772119998932,0.8053069114685059,-0.4835165739059448,0.4835165739059448,244.56663513183594,242.6293487548828,246.82382202148438,0.1620946228504181
0537,8,1,236,0.7129909365558912,0.025816332111797846,331,13,19,25,6175,0.053603238866396764,0.4628216916408169,0.6273674341077196,0.5527451559412125,0.45819397993311034,0.6275862068965518,0.556390977443609,0.7697860598564148,1.0,0.9999871253967285,0.9999992847442627,0.3061222434043884,254.79917907714844,1.394168734550476,0.36452755331993103,0.34434449672698975,2.140321731567383,-0.20130562782287598,0.20130562782287598,272.37066650390625,264.16094970703125,283.8961181640625,0.9850830435752869
0537,9,1,32,0.7804878048780488,0.0035569388095370424,41,4,5,7,140,0.29285714285714287,0.5626070641977323,0.4664423885618167,0.5745461214010636,0.5618729096989966,0.46551724137931033,0.5714285714285714,0.5034477710723877,0.9804362058639526,0.6240038871765137,0.7564089298248291,0.21496668457984924,20.641359329223633,1.7863574028015137,0.18073606491088867,1.3623290061950684,2.0824835300445557,-0.30956315994262695,0.30956315994262695,265.1247253417969,262.0686950683594,268.4641418457031,0.618674635887146
0546,1,0,0,0.0,0.0,11,3,3,3,27,0.4074074074074074,0.25769230769230766,0.46737967914438505,0.33916083916083917,0.25384615384615383,0.4666666666666667,0.3384615384615385,0.346072793006897,0.690564751625061,0.4555252194404602,0.672870397567749,0.19384537637233734,3.8068008422851562,0.7448315024375916,0.26600217819213867,0.28926515579223633,1.159720778465271,-0.46505802869796753,0.46505802869796753,163.11102294921875,162.14808654785156,164.02743530273438,0.1306741088628769
0546,2,0,0,0.0,0.0,1,1,1,1,1,1.0,0.3192307692307692,0.5411764705882353,0.33076923076923076,0.3192307692307692,0.5411764705882353,0.33076923076923076,0.10302412509918213,0.10302412509918213,0.10302412509918213,0.10302412509918213,0.0,0.10302412509918213,1.2856930494308472,0.0,1.2856930494308472,1.2856930494308472,-0.18268060684204102,0.18268060684204102,183.0191192626953,183.0191192626953,183.0191192626953,0.04860859364271164
0546,3,0,0,0.0,0.0,2,1,1,2,2,1.0,0.3230769230769231,0.5450980392156862,0.3211538461538462,0.3230769230769231,0.5450980392156862,0.3192307692307692,0.12197040021419525,0.1306859403848648,0.12632817029953003,0.1289428323507309,0.008715536445379257,0.2439408004283905,1.281630277633667,0.012319624423980713,1.269310712814331,1.2939499616622925,-0.16141676902770996,0.16141676902770996,183.0804443359375,182.85240173339844,183.30848693847656,0.01845545321702957
0546,4,0,0,0.0,0.0,2,1,1,2,2,1.0,0.3230769230769231,0.5490196078431373,0.31346153846153846,0.3230769230769231,0.5490196078431373,0.3153846153846154,0.11979213356971741,0.13319389522075653,0.12649300694465637,0.13051354885101318,0.013401761651039124,0.23958426713943481,1.2313613891601562,0.031953632831573486,1.199407696723938,1.263314962387085,-0.19815969467163086,0.19815969467163086,182.9411163330078,182.71836853027344,183.1638641357422,0.02392679825425148
0546,5,0,0,0.0,0.0,14,3,4,2,24,0.5833333333333334,0.3271978021978022,0.6061624649859945,0.24065934065934066,0.3269230769230769,0.6039215686274509,0.23846153846153847,0.19724977016448975,0.31402480602264404,0.23614393174648285,0.25042057037353516,0.05825307220220566,2.7614967823028564,0.6326462030410767,0.11552644520998001,0.44161030650138855,0.8504772782325745,-0.3094167709350586,0.3094167709350586,187.6604461669922,185.68252563476562,189.40432739257812,0.20534391701221466
0546,6,0,0,0.0,0.0,39,6,4,3,72,0.5416666666666666,0.3349112426035503,0.5359477124183006,0.30305719921104535,0.3346153846153846,0.5372549019607843,0.3038461538461538,0.6940175890922546,0.9999850392341614,0.9932769536972046,0.9993565082550049,0.3366388976573944,27.066686630249023,1.5387663841247559,0.12842147052288055,1.1572970151901245,1.744795799255371,-0.2330327033996582,0.2330327033996582,180.68270874023438,178.81834411621094,182.28549194335938,0.7881706357002258
0546,7,0,0,0.0,0.0,56,7,5,6,210,0.26666666666666666,0.3460851648351648,0.6195378151260504,0.4366758241758242,0.3423076923076923,0.6196078431372549,0.4346153846153846,0.7058414816856384,0.9988989233970642,0.9838530421257019,0.9928901195526123,0.27264082431793213,39.527122497558594,1.7383939027786255,0.15798184275627136,1.3368494510650635,2.0162465572357178,-0.3109229803085327,0.3109229803085327,214.7840118408203,212.9459991455078,216.65872192382812,0.7571899890899658
0546,8,0,0,0.0,0.0,8,3,3,2,18,0.4444444444444444,0.35384615384615387,0.49166666666666664,0.33028846153846153,0.35,0.49019607843137253,0.33076923076923076,0.34624549746513367,0.5686402320861816,0.524086594581604,0.5646919012069702,0.19545559585094452,2.7699639797210693,1.4553767442703247,0.11025246232748032,1.2522709369659424,1.6234036684036255,-0.3294793367385864,0.3294793367385864,178.16607666015625,177.2596893310547,179.1870574951172,0.1440262347459793
0546,9,0,0,0.0,0.0,16,4,3,2,24,0.6666666666666666,0.38221153846153844,0.317156862745098,0.3449519230769231,0.3769230769230769,0.3176470588235294,0.34615384615384615,0.23142974078655243,0.4033300280570984,0.30004602670669556,0.34516847133636475,0.08683501183986664,3.702875852584839,0.8052259087562561,0.2923542857170105,0.3652340769767761,1.3018853664398193,-0.6603562235832214,0.6603562235832214,157.03807067871094,155.8300323486328,158.3192901611328,0.14119690656661987
0546,10,0,0,0.0,0.0,14,4,3,4,48,0.2916666666666667,0.43214285714285716,0.7543417366946779,0.4247252747252747,0.4307692307692308,0.7529411764705882,0.4230769230769231,0.30519890785217285,0.5722352862358093,0.38637399673461914,0.450527548789978,0.14075039327144623,4.27278470993042,1.6936661005020142,0.07787853479385376,1.5707685947418213,1.820610761642456,-0.22881710529327393,0.22881710529327393,249.091064453125,247.56614685058594,251.0338592529297,0.13575048744678497
0546,11,0,0,0.0,0.0,1,1,1,1,1,1.0,0.4307692307692308,0.7764705882352941,0.4346153846153846,0.4307692307692308,0.7764705882352941,0.4346153846153846,0.15049776434898376,0.15049776434898376,0.15049776434898376,0.15049776434898376,0.0,0.15049776434898376,1.4761974811553955,0.0,1.4761974811553955,1.4761974811553955,-0.4553729295730591,0.4553729295730591,254.44448852539062,254.44448852539062,254.44448852539062,0.041182924062013626
0546,12,0,0,0.0,0.0,11,3,3,2,18,0.6111111111111112,0.43741258741258743,0.7190730837789662,0.5020979020979021,0.43846153846153846,0.7176470588235294,0.5,0.4465559124946594,0.7016982436180115,0.6457186341285706,0.6873570680618286,0.23475171625614166,4.912115097045898,1.7967575788497925,0.11234594881534576,1.6624913215637207,1.9686402082443237,-0.2754772901535034,0.2754772901535034,252.64068603515625,251.037841796875,253.91534423828125,0.1673734039068222
0546,13,0,0,0.0,0.0,15,3,4,3,36,0.4166666666666667,0.43974358974358974,0.7354248366013072,0.46974358974358976,0.43846153846153846,0.7333333333333333,0.46923076923076923,0.24474988877773285,0.3898126184940338,0.3071442246437073,0.3734111487865448,0.08825281262397766,3.671248435974121,1.7096151113510132,0.07392804324626923,1.5352392196655273,1.8274688720703125,-0.24948537349700928,0.24948537349700928,251.76918029785156,249.9239959716797,253.58627319335938,0.09113368391990662
0546,14,0,0,0.0,0.0,14,4,3,3,36,0.3888888888888889,0.44478021978021975,0.7148459383753502,0.5260989010989011,0.4461538461538462,0.7176470588235294,0.5269230769230769,0.4051647484302521,0.7225871682167053,0.594049870967865,0.6894239187240601,0.22753551602363586,5.672306537628174,1.6505606174468994,0.17176173627376556,1.3047881126403809,1.938979983329773,-0.3693656921386719,0.3693656921386719,256.0169677734375,254.3874969482422,257.79254150390625,0.17792657017707825
0546,15,1,1,0.14285714285714285,0.017857142857142856,7,3,2,2,12,0.5833333333333334,0.5686813186813187,0.7708683473389356,0.48571428571428577,0.5692307692307692,0.7686274509803922,0.4846153846153846,0.20491845905780792,0.34651824831962585,0.2841760814189911,0.33880186080932617,0.09548915922641754,1.4344291687011719,0.5724278688430786,0.44863858819007874,-0.18900401890277863,1.40025794506073,-0.5528535842895508,0.5528535842895508,277.0331115722656,276.0362243652344,277.8218994140625,0.16050127148628235
0546,16,0,0,0.0,0.0,20,4,4,4,64,0.3125,0.635,0.2327450980392157,0.36653846153846154,0.6346153846153846,0.23137254901960785,0.36923076923076925,0.15735287964344025,0.21516667306423187,0.17399130761623383,0.19654937088489532,0.02879999577999115,3.14705753326416,0.4072009027004242,0.32170799374580383,-0.31267258524894714,1.0491340160369873,-0.7736972868442535,0.7736972868442535,200.4872283935547,198.85169982910156,202.11135864257812,0.13121634721755981
0546,17,0,0,0.0,0.0,41,5,4,3,60,0.6833333333333333,0.7107879924953096,0.422285987565758,0.3197936210131332,0.7115384615384616,0.4235294117647059,0.3192307692307692,0.4700799882411957,0.9452430009841919,0.7864391803741455,0.8862285614013672,0.28034743666648865,19.273279190063477,0.7352986335754395,0.3389798104763031,0.04391798377037048,1.2765538692474365,-0.3146575689315796,0.3146575689315796,230.29144287109375,228.09866333007812,232.51666259765625,0.5372962951660156
0557,1,0,0,0.0,0.0,9,3,3,4,36,0.25,0.49498910675381264,0.6230936819172113,0.5978213507625273,0.49411764705882355,0.6235294117647059,0.596078431372549,0.23417919874191284,0.48065483570098877,0.22309398651123047,0.2908823490142822,0.09053324162960052,2.1076128482818604,1.027101755142212,0.18967977166175842,0.6357681751251221,1.23281991481781,-0.308438777923584,0.308438777923584,254.30796813964844,253.39889526367188,255.19796752929688,0.21487043797969818
0557,2,0,0,0.0,0.0,23,4,4,3,48,0.4791666666666667,0.5087809036658141,0.49514066496163683,0.583461210571185,0.5098039215686274,0.49411764705882355,0.5843137254901961,0.5099784135818481,0.9948769807815552,0.819066047668457,0.9528540968894958,0.3136000633239746,11.729503631591797,1.3820172548294067,0.12834304571151733,1.1604499816894531,1.6067310571670532,-0.20934009552001953,0.20934009552001953,234.88796997070312,233.83755493164062,236.1228485107422,0.6047004461288452
0557,3,0,0,0.0,0.0,10,2,2,5,20,0.5,0.5149019607843137,0.6560784313725491,0.5811764705882353,0.5137254901960784,0.6549019607843137,0.5803921568627451,0.4397448003292084,0.8547618985176086,0.6254088878631592,0.8046991229057312,0.2571645975112915,4.3974480628967285,1.0663691759109497,0.23103965818881989,0.7805079817771912,1.4318372011184692,-0.35956549644470215,0.35956549644470215,259.7254943847656,258.69287109375,260.9176025390625,0.3102077543735504
0557,4,0,0,0.0,0.0,2,1,1,2,2,1.0,0.5176470588235295,0.47058823529411764,0.5431372549019607,0.5176470588235295,0.47058823529411764,0.5450980392156862,0.3199300765991211,0.32672184705734253,0.3233259618282318,0.32536348700523376,0.006791785359382629,0.6398601531982422,1.0910954475402832,0.02713876962661743,1.0639567375183105,1.1182342767715454,-0.4647085666656494,0.4647085666656494,226.43190002441406,226.12606811523438,226.73773193359375,0.04788197949528694
0557,5,0,0,0.0,0.0,1,1,1,1,1,1.0,0.5215686274509804,0.6627450980392157,0.5843137254901961,0.5215686274509804,0.6627450980392157,0.5843137254901961,0.1588493287563324,0.1588493287563324,0.1588493287563324,0.1588493287563324,0.0,0.1588493287563324,1.1363266706466675,0.0,1.1363266706466675,1.1363266706466675,-0.41612696647644043,0.41612696647644043,262.14117431640625,262.14117431640625,262.14117431640625,0.03550274670124054
0557,6,0,0,0.0,0.0,3,2,1,2,4,0.75,0.526797385620915,0.6588235294117647,0.5908496732026144,0.5294117647058824,0.6588235294117647,0.592156862745098,0.16153787076473236,0.17609339952468872,0.16707444190979004,0.172485813498497,0.010748714208602905,0.4846136271953583,1.2489022016525269,0.061568230390548706,1.1725116968154907,1.323282241821289,-0.3149275779724121,0.3149275779724121,263.1345520019531,262.5814208984375,263.6683654785156,0.0433291494846344
0557,7,0,0,0.0,0.0,1,1,1,1,1,1.0,0.5294117647058824,0.6627450980392157,0.5882352941176471,0.5294117647058824,0.6627450980392157,0.5882352941176471,0.1129099652171135,0.1129099652171135,0.1129099652171135,0.1129099652171135,0.0,0.1129099652171135,1.2147274017333984,0.0,1.2147274017333984,1.2147274017333984,-0.3367210626602173,0.3367210626602173,263.7366027832031,263.7366027832031,263.7366027832031,0.0221406277269125
0557,8,0,0,0.0,0.0,1,1,1,1,1,1.0,0.5294117647058824,0.6784313725490196,0.5764705882352941,0.5294117647058824,0.6784313725490196,0.5764705882352941,0.10244324803352356,0.10244324803352356,0.10244324803352356,0.10244324803352356,0.0,0.10244324803352356,1.244881510734558,0.0,1.244881510734558,1.244881510734558,-0.3208901882171631,0.3208901882171631,264.6393737792969,264.6393737792969,264.6393737792969,0.1110052764415741
0557,9,0,0,0.0,0.0,1,1,1,1,1,1.0,0.5372549019607843,0.6862745098039216,0.5764705882352941,0.5372549019607843,0.6862745098039216,0.5764705882352941,0.11922786384820938,0.11922786384820938,0.11922786384820938,0.11922786384820938,0.0,0.11922786384820938,1.305189847946167,0.0,1.305189847946167,1.305189847946167,-0.22414565086364746,0.22414565086364746,266.9794006347656,266.9794006347656,266.9794006347656,0.025947701185941696
0558,1,1,2143,0.8895807388958074,0.0727859386940647,2409,29,39,37,41847,0.057566850670298944,0.3582627239355684,0.3009970779511473,0.5751292131630569,0.3333333333333333,0.35294117647058826,0.596078431372549,0.677863359451294,0.9997735023498535,0.9896289110183716,0.9985849261283875,0.3117930293083191,1632.972900390625,0.5871697664260864,0.11694661527872086,0.12002766877412796,0.9125974774360657,-0.17034238576889038,0.17034238576889038,190.0160369873047,173.2887725830078,206.12860107421875,0.8282449245452881
0558,2,1,76,0.33480176211453744,0.002680634181612966,227,8,18,6,864,0.26273148148148145,0.3599032564567677,0.43339379804785355,0.6207307592640581,0.3607843137254902,0.43529411764705883,0.6196078431372549,0.4429394006729126,0.9976562857627869,0.6777517795562744,0.9591591954231262,0.2957097589969635,100.5472412109375,0.5212121605873108,0.12723572552204132,0.0858277976512909,0.7609646320343018,-0.1806439757347107,0.1806439757347107,214.22280883789062,209.65447998046875,219.0,0.5998896956443787
0558,3,0,0,0.0,0.0,14,3,2,5,30,0.4666666666666667,0.3607843137254902,0.24621848739495797,0.546498599439776,0.3607843137254902,0.24705882352941178,0.5490196078431373,0.27300408482551575,0.6506207585334778,0.2716488838195801,0.5362635254859924,0.16727684438228607,3.8220572471618652,0.5631386041641235,0.10690826922655106,0.40866556763648987,0.8097920417785645,-0.18707549571990967,0.18707549571990967,178.9196014404297,176.64088439941406,180.79269409179688,0.18966273963451385
0558,4,1,628,0.7889447236180904,0.021930437211901105,796,17,18,16,4896,0.16258169934640523,0.3963493940289684,0.5123411173514633,0.6719282687949552,0.38823529411764707,0.5058823529411764,0.6784313725490196,0.6616183519363403,0.9996651411056519,0.9921486973762512,0.998621940612793,0.34218668937683105,526.648193359375,0.42122119665145874,0.12743821740150452,-0.002246958203613758,0.751178503036499,-0.12702417373657227,0.12702417373657227,238.477783203125,230.8765869140625,244.5178985595703,0.8747555017471313
0558,5,1,4,0.26666666666666666,0.0001416154785718079,15,2,4,4,32,0.46875,0.37437908496732025,0.23058823529411765,0.5511111111111111,0.3764705882352941,0.23137254901960785,0.5490196078431373,0.18415237963199615,0.27161386609077454,0.2175741195678711,0.24985423684120178,0.04896852374076843,2.7622857093811035,0.5424156188964844,0.06885430216789246,0.4673820734024048,0.7218202948570251,-0.2634916305541992,0.2634916305541992,180.31675720214844,179.38784790039062,181.3560028076172,0.08142382651567459
0558,6,1,227,0.9537815126050421,0.008005078111224742,238,6,15,7,630,0.37777777777777777,0.39115175481957487,0.6047619047619048,0.6596968199044324,0.38823529411764707,0.6078431372549019,0.6588235294117647,0.529566764831543,0.9811325669288635,0.8159787654876709,0.9184318780899048,0.2878306806087494,126.0368881225586,0.41317692399024963,0.09882716089487076,0.14938591420650482,0.6337454915046692,-0.21819284558296204,0.21819284558296204,249.4825439453125,245.06326293945312,253.69667053222656,0.6608667373657227
0558,7,0,0,0.0,0.0,452,12,12,13,1872,0.24145299145299146,0.40201284053444386,0.6746833246572966,0.5850251605066806,0.396078431372549,0.6784313725490196,0.5803921568627451,0.6559745073318481,0.9995203018188477,0.9798890948295593,0.9968694448471069,0.31930556893348694,296.50048828125,0.4619521498680115,0.11354611068964005,0.11518605798482895,0.7706477046012878,-0.16729295253753662,0.16729295253753662,250.1762237548828,245.3833770751953,253.6769561767578,0.8555905222892761
0558,8,0,0,0.0,0.0,62,5,5,4,100,0.62,0.39829222011385196,0.41151170145477545,0.6802656546489564,0.396078431372549,0.4117647058823529,0.6784313725490196,0.21439450979232788,0.3524434268474579,0.26114577054977417,0.3016414940357208,0.06525396555662155,13.292459487915039,0.38991424441337585,0.07659965008497238,0.15433038771152496,0.5652429461479187,-0.20268425345420837,0.20268425345420837,227.21005249023438,224.93777465820312,229.51470947265625,0.17064429819583893
0558,9,0,0,0.0,0.0,359,10,16,9,1440,0.24930555555555556,0.41906166366267955,0.42486208968266975,0.6529466382653341,0.4196078431372549,0.4196078431372549,0.6549019607843137,0.4055718183517456,0.9577499628067017,0.5786460638046265,0.7834190726280212,0.2401943802833557,145.60028076171875,0.13654962182044983,0.1969362199306488,-0.5208062529563904,0.5602984428405762,-0.10642284154891968,0.10642284154891968,226.06588745117188,219.55181884765625,231.8706512451172,0.43656614422798157
0558,10,0,0,0.0,0.0,217,8,7,8,448,0.484375,0.4479624107707599,0.5799222914972441,0.7520014457395862,0.4470588235294118,0.5764705882352941,0.7529411764705882,0.41402319073677063,0.8940700888633728,0.5949488878250122,0.744616687297821,0.22079412639141083,89.84303283691406,0.10796864330768585,0.10247046500444412,-0.2517406940460205,0.3842519521713257,-0.22125746309757233,0.22125746309757233,268.18670654296875,263.6228332519531,273.2873840332031,0.2935458719730377
0558,11,1,3,1.0,0.00010623417553426937,3,2,2,1,4,0.75,0.5032679738562091,0.44052287581699345,0.6392156862745098,0.5058823529411764,0.4392156862745098,0.6392156862745098,0.10787266492843628,0.11607738584280014,0.11145970225334167,0.11423031240701675,0.006320524960756302,0.32361799478530884,-0.08537709712982178,0.06598781794309616,-0.16850723326206207,-0.0070884209126234055,-0.03645429387688637,0.03645429387688637,236.464111328125,236.1228485107422,236.670654296875,0.04396965354681015
0558,12,1,45500,0.7353535353535353,0.7688992910917525,61875,54,121,59,385506,0.16050333846944018,0.6204542681719153,0.3252504337492573,0.6229820083184788,0.6235294117647059,0.36470588235294116,0.6392156862745098,0.8900198936462402,0.9999936819076538,0.9998211860656738,0.9999139904975891,0.23688261210918427,55069.98046875,0.13544240593910217,0.31477636098861694,-0.721369743347168,1.0494996309280396,-0.25307321548461914,0.25307321548461914,240.71786499023438,210.12615966796875,283.1854553222656,0.9998823404312134
0558,13,0,0,0.0,0.0,32,4,4,3,48,0.6666666666666666,0.5669117647058823,0.5513480392156863,0.6656862745098039,0.5647058823529412,0.5490196078431373,0.6627450980392157,0.20768283307552338,0.3448888957500458,0.23938754200935364,0.32587218284606934,0.07403112202882767,6.645850658416748,0.43087100982666016,0.07298334687948227,0.28154948353767395,0.6043872833251953,-0.2372015118598938,0.2372015118598938,264.1431884765625,262.4823913574219,265.9342041015625,0.16710376739501953
0558,14,1,431,0.9054621848739496,0.015135552746172216,476,8,22,14,2464,0.19318181818181818,0.5716262975778547,0.6475284231339595,0.6578101828966881,0.5686274509803921,0.6470588235294118,0.6627450980392157,0.7307945489883423,0.9998775720596313,0.9914232492446899,0.9983450770378113,0.29870766401290894,347.85821533203125,0.4632144570350647,0.11473459750413895,0.16411647200584412,0.7364479899406433,-0.2452598214149475,0.2452598214149475,277.452392578125,273.1593017578125,282.3154296875,0.9389175772666931
0558,15,1,52,0.0425531914893617,0.0018024888211029845,1222,12,29,21,7308,0.16721401204159825,0.586309810339848,0.6657424344533232,0.5863258560379963,0.596078431372549,0.6784313725490196,0.6,0.6830461025238037,0.999714195728302,0.9893686175346375,0.9976547956466675,0.3204626142978668,834.682373046875,0.40367943048477173,0.17297962307929993,-0.15387983620166779,0.8391502499580383,-0.130656898021698,0.130656898021698,271.79461669921875,263.6986999511719,280.0714111328125,0.9707762598991394
0558,16,0,0,0.0,0.0,3,1,2,2,4,0.75,0.615686274509804,0.6718954248366014,0.5699346405228759,0.615686274509804,0.6705882352941176,0.5725490196078431,0.1165483295917511,0.12344630062580109,0.11919155716896057,0.12174440175294876,0.005103123374283314,0.3496449887752533,0.4445822536945343,0.02834797464311123,0.41361019015312195,0.4821127951145172,-0.13222846388816833,0.13222846388816833,274.6657409667969,274.2808837890625,274.9054260253906,0.43714553117752075
0558,17,0,0,0.0,0.0,2,1,1,2,2,1.0,0.6235294117647059,0.5647058823529412,0.6372549019607843,0.6235294117647059,0.5647058823529412,0.6392156862745098,0.1038198471069336,0.1065882220864296,0.1052040308713913,0.1060345470905304,0.0027683787047863007,0.2076396942138672,0.4233962893486023,0.0,0.4233962893486023,0.4233962893486023,-0.19904953241348267,0.19904953241348267,269.7080078125,269.4067687988281,270.0092468261719,0.36748525500297546
0558,18,1,151,0.7743589743589744,0.005329004252615977,195,9,9,7,567,0.3439153439153439,0.6529512317747611,0.47310206133735544,0.6155052790346908,0.6431372549019608,0.4588235294117647,0.6196078431372549,0.4490797817707062,0.9365108609199524,0.6471912264823914,0.762982964515686,0.23072239756584167,87.570556640625,0.4985824227333069,0.09341885894536972,0.21304689347743988,0.687517523765564,-0.19278985261917114,0.19278985261917114,259.3328552246094,254.98431396484375,262.71466064453125,0.4770454168319702
0558,19,0,0,0.0,0.0,11,3,2,3,18,0.6111111111111112,0.6392156862745098,0.5629233511586452,0.6499108734402852,0.6392156862745098,0.5647058823529412,0.6509803921568628,0.17501972615718842,0.29462361335754395,0.19555853307247162,0.24976930022239685,0.054432619363069534,1.9252170324325562,0.40913382172584534,0.09787626564502716,0.26197731494903564,0.5505123734474182,-0.20415785908699036,0.20415785908699036,273.8022155761719,273.0018310546875,274.8035583496094,0.1758793592453003
0558,20,1,1,1.0,3.541264585583512e-05,1,1,1,1,1,1.0,0.6392156862745098,0.23529411764705882,0.5058823529411764,0.6392156862745098,0.23529411764705882,0.5058823529411764,0.13662739098072052,0.13662739098072052,0.13662739098072052,0.13662739098072052,0.0,0.13662739098072052,0.5602984428405762,0.0,0.5602984428405762,0.5602984428405762,-0.12826210260391235,0.12826210260391235,217.11056518554688,217.11056518554688,217.11056518554688,0.15949222445487976
0558,21,0,0,0.0,0.0,2,1,2,1,2,1.0,0.6509803921568628,0.4411764705882353,0.6274509803921569,0.6509803921568628,0.44313725490196076,0.6274509803921569,0.10410872101783752,0.10678237676620483,0.10544554889202118,0.10624764859676361,0.0026736557483673096,0.20821744203567505,0.4820612072944641,0.09296780824661255,0.38909339904785156,0.5750290155410767,-0.05259597301483154,0.05259597301483154,257.18756103515625,256.9688720703125,257.4062805175781,0.11470240354537964
0558,22,0,0,0.0,0.0,5,2,3,2,12,0.4166666666666667,0.6815686274509805,0.5490196078431373,0.4611764705882353,0.6823529411764706,0.5490196078431373,0.4627450980392157,0.12470336258411407,0.16259446740150452,0.12569256126880646,0.1478337049484253,0.020943131297826767,0.6235167980194092,0.294219970703125,0.07744001597166061,0.20810241997241974,0.4380238354206085,-0.21394437551498413,0.21394437551498413,252.95309448242188,252.12100219726562,253.83065795898438,0.10827183723449707
0559,1,0,0,0.0,0.0,39,5,4,4,80,0.4875,0.3918552036199095,0.6381096028154852,0.4295625942684766,0.39215686274509803,0.6352941176470588,0.43137254901960786,0.1860044151544571,0.2955707013607025,0.22771799564361572,0.24437583982944489,0.051025185734033585,7.254172325134277,-0.4810163974761963,0.15045927464962006,-0.7574605345726013,-0.07653496414422989,-0.389672689139843,0.389672689139843,220.59718322753906,218.60009765625,222.75772094726562,0.08874042332172394
0559,2,0,0,0.0,0.0,24,7,3,2,42,0.5714285714285714,0.41977124183006537,0.3883986928104575,0.6055555555555555,0.4196078431372549,0.38823529411764707,0.6078431372549019,0.19469022750854492,0.24758733808994293,0.22761034965515137,0.23843272030353546,0.04189421609044075,4.672565460205078,0.5485925078392029,0.4650212824344635,-0.32620760798454285,1.5349888801574707,-0.3135656714439392,0.3135656714439392,212.9053497314453,210.58251953125,214.76731872558594,0.13510896265506744
0564,1,0,0,0.0,0.0,1,1,1,1,1,1.0,0.4343065693430657,0.6642335766423357,0.5882352941176471,0.4343065693430657,0.6642335766423357,0.5882352941176471,0.14861014485359192,0.14861014485359192,0.14861014485359192,0.14861014485359192,0.0,0.14861014485359192,1.3386059999465942,0.0,1.3386059999465942,1.3386059999465942,-0.2728276252746582,0.2728276252746582,264.6204833984375,264.6204833984375,264.6204833984375,0.02840777486562729
0564,2,0,0,0.0,0.0,54,4,4,6,96,0.5625,0.5794133549608003,0.6384157880508246,0.6445170660856935,0.5766423357664233,0.6386861313868614,0.6431372549019608,0.6438470482826233,0.931445837020874,0.8110344409942627,0.8840492367744446,0.23740147054195404,34.76774215698242,0.9919247031211853,0.21437130868434906,0.46035656332969666,1.3263133764266968,-0.3467486500740051,0.3467486500740051,288.333251953125,286.00872802734375,290.6286315917969,0.4928416609764099
0574,1,1,31,0.8611111111111112,0.03719256148770246,36,4,4,4,64,0.5625,0.24193899782135075,0.527124183006536,0.5359477124183006,0.24313725490196078,0.5294117647058824,0.5372549019607843,0.3439144194126129,0.6527297496795654,0.5008099675178528,0.6072642803192139,0.1774187833070755,12.380919456481934,1.1755355596542358,0.3778524696826935,0.3752848207950592,1.8950614929199219,-0.5404255390167236,0.5404255390167236,201.6870574951172,199.76486206054688,204.04901123046875,0.22111740708351135
0574,2,1,1229,0.4641238670694864,0.5744332788034587,2648,23,27,20,12420,0.21320450885668277,0.29581185948699723,0.5606895326106274,0.5803299567561163,0.2901960784313726,0.5411764705882353,0.5764705882352941,0.732883095741272,0.9999998807907104,0.9994356632232666,0.9999903440475464,0.30865052342414856,1940.6744384765625,1.3317078351974487,0.6517577171325684,-0.21774597465991974,3.7153942584991455,-0.42668378353118896,0.42668378353118896,219.58511352539062,206.4194793701172,231.74339294433594,0.9900760054588318
0574,3,0,0,0.0,0.0,85,7,8,6,336,0.25297619047619047,0.2819838523644752,0.396078431372549,0.5688119953863899,0.2784313725490196,0.396078431372549,0.5647058823529412,0.36799997091293335,0.7476143836975098,0.5570517778396606,0.6744400858879089,0.20455655455589294,31.279996871948242,1.265211820602417,0.44632524251937866,0.062233664095401764,2.1076178550720215,-0.35971248149871826,0.35971248149871826,191.20181274414062,187.09890747070312,194.3038787841797,0.2759685814380646
0574,4,0,0,0.0,0.0,7,2,2,2,8,0.875,0.4565826330532213,0.6689075630252102,0.511484593837535,0.4549019607843137,0.6705882352941176,0.5098039215686274,0.2272733598947525,0.3763667643070221,0.26403510570526123,0.32924947142601013,0.07711274921894073,1.5909135341644287,2.5432791709899902,0.04232405871152878,2.4666249752044678,2.6163330078125,-0.18591046333312988,0.18591046333312988,244.73690795898438,243.90367126464844,245.61351013183594,0.046578701585531235
0574,5,0,0,0.0,0.0,11,3,3,2,18,0.6111111111111112,0.5418894830659536,0.6335115864527628,0.5390374331550802,0.5411764705882353,0.6313725490196078,0.5372549019607843,0.2447699010372162,0.4702245891094208,0.31792283058166504,0.41984906792640686,0.1197003498673439,2.6924688816070557,2.3592748641967773,0.23897133767604828,1.9702757596969604,2.7453501224517822,-0.5818784236907959,0.5818784236907959,253.69871520996094,252.4559326171875,254.73123168945312,0.09251140058040619
0577,1,1,2027,0.7961508248232522,0.21052084956119851,2546,28,18,25,12600,0.20206349206349206,0.36261330838415845,0.6317360565593088,0.41039333197995825,0.36329588014981273,0.6313725490196078,0.3970037453183521,0.7351384162902832,0.9999997615814209,0.999721884727478,0.9999891519546509,0.30487632751464844,1871.662353515625,0.7197415232658386,0.40445977449417114,-0.16504283249378204,1.947187066078186,-0.43850988149642944,0.43850988149642944,218.18258666992188,209.84994506835938,225.51718139648438,0.9791519641876221
0577,2,0,0,0.0,0.0,10,2,3,3,18,0.5555555555555556,0.36179775280898874,0.74,0.5007490636704119,0.36329588014981273,0.7411764705882353,0.50187265917603,0.21718034148216248,0.3526175320148468,0.2686707675457001,0.3132358491420746,0.07351576536893845,2.1718034744262695,0.5209156274795532,0.03876805678009987,0.4330601692199707,0.5671141147613525,-0.19959008693695068,0.19959008693695068,251.01724243164062,249.88397216796875,252.30934143066406,0.07017159461975098
0577,3,1,9369,0.8151918559122945,0.66437384768118,11493,71,42,28,83496,0.1376473124461052,0.47290762558287397,0.7432268234884661,0.47392990555071624,0.46441947565543074,0.7333333333333333,0.45318352059925093,0.8005839586257935,1.0,0.9999855756759644,0.9999983310699463,0.29616808891296387,9201.111328125,0.46996915340423584,0.36299607157707214,-0.37218597531318665,2.180095911026001,-0.3523763418197632,0.3523763418197632,261.36279296875,232.77027893066406,288.2377624511719,1.0
0577,4,0,0,0.0,0.0,28,5,4,5,100,0.28,0.3864365971107544,0.3434173669467787,0.5663456393793472,0.3895131086142322,0.34509803921568627,0.5655430711610487,0.4811597764492035,0.7881287336349487,0.6876207590103149,0.7604446411132812,0.21428783237934113,13.472474098205566,2.166188955307007,0.18194417655467987,1.784282922744751,2.4350597858428955,-0.4732046127319336,0.4732046127319336,203.44776916503906,202.43270874023438,204.32083129882812,0.28909510374069214
0577,5,1,1,1.0,0.00011967448539971278,1,1,1,1,1,1.0,0.45692883895131087,0.6627450980392157,0.4307116104868914,0.45692883895131087,0.6627450980392157,0.4307116104868914,0.10648997873067856,0.10648997873067856,0.10648997873067856,0.10648997873067856,0.0,0.10648997873067856,0.41121163964271545,0.0,0.41121163964271545,0.41121163964271545,-0.20764628052711487,0.20764628052711487,238.5686492919922,238.5686492919922,238.5686492919922,0.012444444000720978
0577,6,1,287,0.6449438202247191,0.033457682443460014,445,22,15,21,6930,0.06421356421356421,0.5386861928207718,0.5712271425424101,0.5939906577452342,0.5393258426966292,0.5686274509803921,0.599250936329588,0.790239155292511,1.0,0.9999026656150818,0.9999966025352478,0.29589343070983887,351.65643310546875,2.2441179752349854,0.2611702084541321,1.5823395252227783,2.8729817867279053,-0.23937129974365234,0.23937129974365234,259.5279541015625,243.88111877441406,272.88458251953125,0.9080796837806702
0577,7,1,973,0.7859450726978998,0.10841829628391554,1238,19,16,16,4864,0.2545230263157895,0.5771874413848602,0.6231112800532168,0.39042674847071207,0.5955056179775281,0.6313725490196078,0.3895131086142322,0.7998034954071045,1.0,0.9999563097953796,0.9999975562095642,0.28720706701278687,990.15673828125,0.6979283094406128,0.3848652243614197,-0.003749383380636573,1.8808400630950928,-0.46255815029144287,0.46255815029144287,245.32546997070312,232.20249938964844,256.6943664550781,0.9973646998405457
0577,8,0,0,0.0,0.0,7,3,2,3,18,0.3888888888888889,0.6035313001605136,0.6173669467787114,0.6704119850187266,0.602996254681648,0.615686274509804,0.6704119850187266,0.16444554924964905,0.26889365911483765,0.1805281639099121,0.22521382570266724,0.05038287118077278,1.1511188745498657,0.8193297386169434,0.06676734238862991,0.7016203999519348,0.9264956116676331,-0.275545597076416,0.275545597076416,288.2975158691406,286.7995910644531,289.7119140625,0.22258150577545166
0577,9,0,0,0.0,0.0,12,3,4,2,24,0.5,0.6448189762796503,0.6689542483660131,0.46722846441947563,0.6479400749063671,0.6705882352941176,0.4681647940074906,0.16191822290420532,0.26039162278175354,0.19828163087368011,0.23065529763698578,0.04966144636273384,1.9430186748504639,0.1827264279127121,0.12911443412303925,-0.035821251571178436,0.3937250077724457,-0.313089981675148,0.313089981675148,273.2195739746094,272.2406921386719,274.7453308105469,0.1657968908548355
0577,10,1,4,1.0,0.00047861202512713134,4,2,2,1,4,1.0,0.6573033707865169,0.5705882352941176,0.3408239700374532,0.6554307116104869,0.5725490196078431,0.3408239700374532,0.13569726049900055,0.16348594427108765,0.14444299042224884,0.1558687537908554,0.01843692921102047,0.5427890419960022,0.49027127027511597,0.157654270529747,0.31315574049949646,0.6908982992172241,-0.5422788262367249,0.5422788262367249,246.17835998535156,245.52392578125,246.83192443847656,0.05345732346177101
0606,1,0,0,0.0,0.0,1,1,1,1,1,1.0,0.45098039215686275,0.6039215686274509,0.5254901960784314,0.45098039215686275,0.6039215686274509,0.5254901960784314,0.12659157812595367,0.12659157812595367,0.12659157812595367,0.12659157812595367,0.0,0.12659157812595367,0.41078367829322815,0.0,0.41078367829322815,0.41078367829322815,-1.4227990806102753,1.4227990806102753,234.7935333251953,234.7935333251953,234.7935333251953,0.012828812003135681
0606,2,0,0,0.0,0.0,38,5,4,5,100,0.38,0.5367389060887513,0.26439628482972133,0.7254901960784313,0.5411764705882353,0.26666666666666666,0.7215686274509804,0.43950462341308594,0.6900622844696045,0.5650399327278137,0.6172683238983154,0.16042335331439972,16.701175689697266,1.5107295513153076,0.427390456199646,0.5457972288131714,2.2784712314605713,-0.4839491844177246,0.4839491844177246,240.37789916992188,238.90792846679688,241.9524688720703,0.32592251896858215
0606,3,0,0,0.0,0.0,20,3,4,4,48,0.4166666666666667,0.5380392156862744,0.26588235294117646,0.7701960784313726,0.5372549019607843,0.26666666666666666,0.7686274509803922,0.5611666440963745,0.9353142380714417,0.8280479311943054,0.8995335698127747,0.2975480556488037,11.223332405090332,1.162921667098999,0.48429903388023376,0.129505455493927,1.8171747922897339,-0.4229017496109009,0.4229017496109009,249.5399169921875,248.34249877929688,251.29464721679688,0.526919960975647
0606,4,0,0,0.0,0.0,23,3,3,3,27,0.8518518518518519,0.5375959079283887,0.3962489343563512,0.7885763000852515,0.5372549019607843,0.396078431372549,0.788235294117647,0.5045217871665955,0.9438137412071228,0.6868022680282593,0.780977189540863,0.24030663073062897,11.60400104522705,1.3451166152954102,0.3221060633659363,0.3545280396938324,1.839677095413208,-0.25731217861175537,0.25731217861175537,264.0361633300781,262.7622375488281,265.5729675292969,0.4252275228500366
0606,5,1,152,0.8351648351648352,0.1601685985247629,182,6,9,7,378,0.48148148148148145,0.5412411118293471,0.4905839258780435,0.7807800043094161,0.5372549019607843,0.4823529411764706,0.788235294117647,0.6473846435546875,0.9999622106552124,0.9399213790893555,0.9961040616035461,0.29106616973876953,117.82400512695312,0.7198806405067444,0.49721240997314453,-0.18552616238594055,1.5133943557739258,-0.6791632771492004,0.6791632771492004,273.171630859375,269.9370422363281,276.2118835449219,0.7169845104217529
0606,6,1,1079,0.781317885590152,0.6968033580884727,1381,14,24,17,5712,0.2417717086834734,0.5609007397310843,0.5182916613423066,0.7537419602163821,0.5607843137254902,0.49411764705882355,0.7372549019607844,0.8476468920707703,1.0,0.9999945163726807,0.9999992847442627,0.26977619528770447,1170.600341796875,1.506135106086731,0.3708316385746002,-0.061763741075992584,2.3797311782836914,-0.33471977710723877,0.33471977710723877,274.1956787109375,264.90374755859375,282.4252014160156,0.9988977909088135
0606,7,0,0,0.0,0.0,3,1,2,2,4,0.75,0.5490196078431373,0.28104575163398693,0.7084967320261437,0.5490196078431373,0.2784313725490196,0.7098039215686275,0.2632071077823639,0.33236509561538696,0.3055867552757263,0.3216537535190582,0.0637974962592125,0.7896213531494141,1.2958723306655884,0.1435958445072174,1.108353614807129,1.4571386575698853,-0.9138137102127075,0.9138137102127075,240.12060546875,239.7185821533203,240.47036743164062,0.1253899782896042
0606,8,1,40,0.6153846153846154,0.044918585064570464,65,6,5,5,150,0.43333333333333335,0.5602413273001509,0.40271493212669685,0.7912518853695324,0.5607843137254902,0.4,0.792156862745098,0.6151806712150574,0.998210072517395,0.9385647177696228,0.9965248703956604,0.3242604434490204,39.98674392700195,1.0316730737686157,0.5063023567199707,-0.10676825791597366,1.895932674407959,-0.23930597305297852,0.23930597305297852,268.2452392578125,265.8006896972656,270.66400146484375,0.7610782384872437
0606,9,0,0,0.0,0.0,48,5,4,6,120,0.4,0.555718954248366,0.44926470588235295,0.7709150326797386,0.5529411764705883,0.4470588235294118,0.7764705882352941,0.5176849365234375,0.95400470495224,0.7951802015304565,0.9199433922767639,0.2969991862773895,24.848876953125,1.3540034294128418,0.4292624890804291,0.2757701277732849,1.985941767692566,-0.5055488348007202,0.5055488348007202,268.5864562988281,266.6101989746094,270.69354248046875,0.5290858745574951
0606,10,0,0,0.0,0.0,73,6,5,8,240,0.30416666666666664,0.6098845017459039,0.6003223207091055,0.5540692989524577,0.6078431372549019,0.6,0.5529411764705883,0.2832413911819458,0.6771998405456543,0.4037390351295471,0.5006313323974609,0.14918626844882965,20.67662239074707,0.8484988212585449,0.4151516258716583,0.06199868395924568,1.8509281873703003,-0.7120572328567505,0.7120572328567505,260.5743713378906,257.72076416015625,263.5716247558594,0.5043172240257263
0606,11,0,0,0.0,0.0,17,4,5,3,60,0.2833333333333333,0.6161476355247982,0.5275663206459055,0.6267589388696655,0.615686274509804,0.5294117647058824,0.6274509803921569,0.2699539065361023,0.4369843006134033,0.3580595552921295,0.3706842064857483,0.09845380485057831,4.589216232299805,1.68017578125,0.34126877784729004,0.737066388130188,2.1997132301330566,-0.6901359558105469,0.6901359558105469,262.00238037109375,260.6492004394531,262.88018798828125,0.19975857436656952
0625,1,1,7232,0.6082933804356969,0.4869705743720962,11889,35,57,58,115710,0.10274824993518278,0.3963334042507574,0.1798060161065015,0.5202944227569066,0.3686274509803922,0.1568627450980392,0.5372549019607843,0.7441295385360718,0.9999996423721313,0.9996777176856995,0.999980092048645,0.29579243063926697,8846.9560546875,0.7304898500442505,0.4454731345176697,-0.32462078332901,1.7537306547164917,-0.3518683910369873,0.3518683910369873,174.20767211914062,154.3243408203125,210.36634826660156,0.9905128479003906
0625,2,0,0,0.0,0.0,1,1,1,1,1,1.0,0.3411764705882353,0.17254901960784313,0.5411764705882353,0.3411764705882353,0.17254901960784313,0.5411764705882353,0.12480434775352478,0.12480434775352478,0.12480434775352478,0.12480434775352478,0.0,0.12480434775352478,0.3183261752128601,0.0,0.3183261752128601,0.3183261752128601,-0.3647594451904297,0.3647594451904297,169.4815673828125,169.4815673828125,169.4815673828125,0.0464099645614624
0625,3,1,12,1.0,0.0013464235624123422,12,4,3,2,24,0.5,0.3509803921568627,0.3055555555555556,0.5545751633986927,0.35294117647058826,0.3058823529411765,0.5529411764705883,0.166364848613739,0.24304835498332977,0.20092417299747467,0.22375567257404327,0.04597671702504158,1.9963781833648682,1.060896396636963,0.12089774012565613,0.7758217453956604,1.209496259689331,-0.24204158782958984,0.24204158782958984,185.0972442626953,184.1466827392578,186.3115692138672,0.1054399162530899
0625,4,1,70,1.0,0.007828664094391322,70,5,5,8,200,0.35,0.3890756302521008,0.4703641456582633,0.7109243697478991,0.39215686274509803,0.47058823529411764,0.7058823529411765,0.3308355212211609,0.7241461873054504,0.47637641429901123,0.649355947971344,0.18472981452941895,23.15848731994629,0.8430116772651672,0.12778280675411224,0.5729175806045532,1.1015788316726685,-0.2445884346961975,0.2445884346961975,239.36880493164062,236.31546020507812,242.12600708007812,0.3390723764896393
0625,5,1,963,0.5560046189376443,0.09854182655410591,1732,10,38,18,6840,0.25321637426900584,0.40792917628945347,0.44106326133224655,0.6828872888647376,0.403921568627451,0.42745098039215684,0.6901960784313725,0.6812548041343689,0.9999855160713196,0.9946200251579285,0.9997472763061523,0.32139360904693604,1179.933349609375,0.9025092124938965,0.2043371945619583,0.060638900846242905,1.2747740745544434,-0.06409192085266113,0.06409192085266113,232.5242462158203,221.47235107421875,244.58126831054688,0.9961902499198914
0625,6,0,0,0.0,0.0,141,5,7,12,420,0.3357142857142857,0.422444722569879,0.6209428452231956,0.5947712418300654,0.4196078431372549,0.6235294117647059,0.6039215686274509,0.34062087535858154,0.7141075730323792,0.4655623435974121,0.5633665919303894,0.15742459893226624,48.02754211425781,0.7280879616737366,0.14082087576389313,0.34962114691734314,1.0367693901062012,-0.2275347113609314,0.2275347113609314,244.74911499023438,239.0606689453125,248.44515991210938,0.44013115763664246
0625,7,0,0,0.0,0.0,7,3,2,2,12,0.5833333333333334,0.43249299719887957,0.6056022408963585,0.5630252100840336,0.43137254901960786,0.6078431372549019,0.5647058823529412,0.14275424182415009,0.18401071429252625,0.16143262386322021,0.17700830101966858,0.025821426883339882,0.9992797374725342,0.6563359498977661,0.07290086895227432,0.5474000573158264,0.7556016445159912,-0.1823197603225708,0.1823197603225708,238.4241943359375,237.66783142089844,239.38462829589844,0.07798711210489273
0625,8,1,1175,0.681950087057458,0.1202907452907453,1723,22,15,21,6930,0.24862914862914862,0.5922001069725628,0.3238150512671697,0.629865829094261,0.592156862745098,0.3254901960784314,0.6235294117647059,0.7267706394195557,0.9999976754188538,0.9995673894882202,0.9999582767486572,0.31490063667297363,1252.225830078125,1.200561761856079,0.1445489376783371,0.6620425581932068,1.652588129043579,-0.11617577075958252,0.11617577075958252,236.1322784423828,229.29893493652344,247.69740295410156,0.9886853098869324
0625,9,1,1701,0.7219864176570459,0.1686746987951807,2356,17,42,20,14280,0.1649859943977591,0.5905655980558607,0.49285928293218817,0.700347881087919,0.6078431372549019,0.5215686274509804,0.7176470588235294,0.7440183162689209,0.9999990463256836,0.9994907379150391,0.9999403953552246,0.3136356472969055,1752.9071044921875,0.6880219578742981,0.15795092284679413,0.19927529990673065,1.0693525075912476,-0.15502506494522095,0.15502506494522095,265.94830322265625,247.2953643798828,279.64263916015625,0.9977510571479797
0625,10,1,13,0.6190476190476191,0.001457889424694404,21,3,7,4,84,0.25,0.5856209150326798,0.5815126050420167,0.6588235294117647,0.5843137254901961,0.5843137254901961,0.6627450980392157,0.18664680421352386,0.3134832978248596,0.2326975017786026,0.24720492959022522,0.05592154338955879,3.9195828437805176,0.5360158085823059,0.137299582362175,0.29556599259376526,0.756416380405426,-0.04508507251739502,0.04508507251739502,269.8441162109375,267.8824462890625,271.775634765625,0.22342394292354584
0625,11,1,133,0.9925373134328358,0.01482141862149663,134,7,7,6,294,0.4557823129251701,0.5954638571846649,0.5825870646766169,0.44076675446297925,0.596078431372549,0.5803921568627451,0.4392156862745098,0.46694907546043396,0.79193115234375,0.6852960586547852,0.7378993630409241,0.2171059101819992,62.57117462158203,-0.1772017627954483,0.13812954723834991,-0.46862393617630005,0.1347101479768753,-0.18858154583722353,0.18858154583722353,240.9715118408203,236.93247985839844,244.58535766601562,0.24915844202041626
0625,12,0,0,0.0,0.0,1,1,1,1,1,1.0,0.5882352941176471,0.5411764705882353,0.6705882352941176,0.5882352941176471,0.5411764705882353,0.6705882352941176,0.13043034076690674,0.13043034076690674,0.13043034076690674,0.13043034076690674,0.0,0.13043034076690674,0.42609119415283203,0.0,0.42609119415283203,0.42609119415283203,-0.022770166397094727,0.022770166397094727,266.61956787109375,266.61956787109375,266.61956787109375,0.19860303401947021
0625,13,1,80,0.898876404494382,0.008937548877220423,89,6,6,6,216,0.41203703703703703,0.6242784754351178,0.6096056400088126,0.44939413967834324,0.6235294117647059,0.611764705882353,0.4470588235294118,0.40057459473609924,0.821928083896637,0.627962052822113,0.7309256196022034,0.22061531245708466,35.65113830566406,-0.09616638720035553,0.13145257532596588,-0.40247586369514465,0.19186559319496155,-0.1749623343348503,0.1749623343348503,250.91897583007812,247.45504760742188,253.6947021484375,0.2600448429584503
0625,14,1,21,0.8076923076923077,0.0023543920623353325,26,5,4,3,60,0.43333333333333335,0.6619909502262444,0.27209653092006036,0.5948717948717949,0.6588235294117647,0.27058823529411763,0.596078431372549,0.31954798102378845,0.5902494192123413,0.4462909400463104,0.5584118366241455,0.15649813413619995,8.308247566223145,0.8302050232887268,0.2494731843471527,0.1950875073671341,1.2966669797897339,-0.4738925099372864,0.4738925099372864,238.036376953125,236.4846649169922,239.68521118164062,0.49020329117774963
0625,15,0,0,0.0,0.0,34,5,3,4,60,0.5666666666666667,0.6866205305651673,0.47485582468281434,0.6381776239907728,0.6862745098039216,0.4745098039215686,0.6392156862745098,0.27125033736228943,0.4715515673160553,0.34759268164634705,0.3953883945941925,0.10021428763866425,9.222511291503906,0.3663100600242615,0.08854842185974121,0.1910344958305359,0.5318246483802795,-0.30252569913864136,0.30252569913864136,268.61505126953125,266.9625549316406,270.43853759765625,0.14185112714767456
0640,1,0,0,0.0,0.0,104,5,11,5,275,0.3781818181818182,0.2694947209653092,0.4648190045248869,0.6018099547511312,0.27058823529411763,0.4745098039215686,0.6,0.5365402698516846,0.9969196319580078,0.8409066796302795,0.9310632348060608,0.2951376438140869,55.80018615722656,0.20657692849636078,0.26903778314590454,-0.3485862910747528,0.7107914686203003,-0.19310782849788666,0.19310782849788666,206.07827758789062,203.1206512451172,209.74270629882812,0.8269422650337219
0640,2,0,0,0.0,0.0,152,7,7,6,294,0.5170068027210885,0.3348039215686274,0.6358875128998968,0.6367905056759545,0.3333333333333333,0.6352941176470588,0.6352941176470588,0.4134826362133026,0.7453308701515198,0.5948894619941711,0.6837649941444397,0.19372010231018066,62.849361419677734,-0.20644794404506683,0.2507559061050415,-0.5110469460487366,0.5606428980827332,-0.44380804896354675,0.44380804896354675,245.20721435546875,242.06610107421875,248.02621459960938,0.3102204203605652
0650,1,0,0,0.0,0.0,11,2,3,3,18,0.6111111111111112,0.5818181818181819,0.6228163992869875,0.6737967914438503,0.5803921568627451,0.6235294117647059,0.6745098039215687,0.17817558348178864,0.2835497558116913,0.2340031862258911,0.2782197892665863,0.06342966109514236,1.959931492805481,0.47277069091796875,0.07821481674909592,0.324505478143692,0.5916222333908081,-0.400951623916626,0.400951623916626,277.58782958984375,276.4163513183594,278.8009948730469,0.1461757868528366
0650,2,0,0,0.0,0.0,4,2,2,1,4,1.0,0.6294117647058823,0.5627450980392157,0.6196078431372549,0.6313725490196078,0.5647058823529412,0.6196078431372549,0.2098776400089264,0.24937091767787933,0.24557672441005707,0.24785323441028595,0.037156883627176285,0.8395105600357056,0.5048828721046448,0.08381999284029007,0.39958274364471436,0.6330159306526184,-0.3274449110031128,0.3274449110031128,267.6543273925781,267.0842590332031,268.2237854003906,0.24375417828559875
0667,1,1,536,0.6291079812206573,0.7034120734908137,852,15,11,16,2640,0.32272727272727275,0.33963914204179324,0.627455583172236,0.4548651385436804,0.3333333333333333,0.615686274509804,0.4549019607843137,0.7492036819458008,0.9999979138374329,0.9997308254241943,0.9999771118164062,0.3120161294937134,638.321533203125,-0.6856092214584351,0.38686904311180115,-1.3408503532409668,0.846113383769989,-0.5806873589754105,0.5806873589754105,216.2238311767578,210.89096069335938,221.4068603515625,0.9754993319511414
0667,2,0,0,0.0,0.0,11,3,6,1,18,0.6111111111111112,0.4859180035650624,0.6887700534759358,0.4196078431372549,0.48627450980392156,0.6901960784313725,0.4196078431372549,0.22029052674770355,0.3179951012134552,0.263930082321167,0.30718719959259033,0.06441934406757355,2.4231958389282227,-0.6952604651451111,0.2748483419418335,-1.0705513954162598,-0.2105095386505127,-0.3582133650779724,0.3582133650779724,240.62493896484375,238.23098754882812,242.40049743652344,0.11170671880245209
0667,3,0,0,0.0,0.0,17,4,5,3,60,0.2833333333333333,0.5280276816608996,0.701038062283737,0.4182237600922722,0.5294117647058824,0.7019607843137254,0.4196078431372549,0.14218008518218994,0.22267776727676392,0.16529980301856995,0.18968451023101807,0.03555472567677498,2.4170613288879395,-0.8016979694366455,0.19023992121219635,-1.1196967363357544,-0.48080846667289734,-0.3806607723236084,0.3806607723236084,248.45904541015625,246.5562744140625,249.86996459960938,0.07700730115175247
0667,4,0,0,0.0,0.0,2,1,2,1,2,1.0,0.5215686274509804,0.711764705882353,0.41568627450980394,0.5215686274509804,0.7098039215686275,0.41568627450980394,0.11070691049098969,0.1160040944814682,0.11335550248622894,0.11494465917348862,0.005297187715768814,0.22141382098197937,-0.9968335628509521,0.04914522171020508,-1.0459787845611572,-0.9476883411407471,-0.31193578243255615,0.31193578243255615,249.26766967773438,248.90359497070312,249.63172912597656,0.03136922046542168
0667,5,0,0,0.0,0.0,1,1,1,1,1,1.0,0.5215686274509804,0.7215686274509804,0.41568627450980394,0.5215686274509804,0.7215686274509804,0.41568627450980394,0.10595298558473587,0.10595298558473587,0.10595298558473587,0.10595298558473587,0.0,0.10595298558473587,-0.6773894429206848,0.0,-0.6773894429206848,-0.6773894429206848,-0.05835998058319092,0.05835998058319092,251.09361267089844,251.09361267089844,251.09361267089844,0.11873018741607666
0702,1,1,895,0.9049544994944388,0.28931630838855665,989,14,18,22,5544,0.17839105339105338,0.33248143370175376,0.5987422991193087,0.3683395043318227,0.32068965517241377,0.6059479553903345,0.38489208633093525,0.5029930472373962,0.9999998211860657,0.8384158611297607,0.9999090433120728,0.3271214962005615,497.46014404296875,0.48059263825416565,0.3665338456630707,-0.3223402500152588,1.6503863334655762,-0.743019312620163,0.743019312620163,214.37367248535156,209.1602325439453,220.4041748046875,0.7951237559318542
0702,2,0,0,0.0,0.0,129,8,7,10,560,0.23035714285714284,0.3248062015503876,0.5992910867121986,0.34178238804305394,0.3275862068965517,0.5985130111524164,0.3345323741007194,0.37344101071357727,0.8480494618415833,0.5584300756454468,0.6977310180664062,0.21728679537773132,48.17388916015625,0.5383384823799133,0.3007185757160187,-0.09839633107185364,1.1748335361480713,-0.31010663509368896,0.31010663509368896,209.9708251953125,207.5692596435547,212.1532440185547,0.261054128408432
0702,3,0,0,0.0,0.0,58,4,6,6,144,0.4027777777777778,0.334423305588585,0.6566465837713114,0.37602331927561394,0.33448275862068966,0.6579925650557621,0.3776978417266187,0.6712163686752319,0.9984087347984314,0.9566184282302856,0.9953528046607971,0.3109849691390991,38.93054962158203,0.503603994846344,0.2703721523284912,-0.011688141152262688,1.0719187259674072,-0.4144477844238281,0.4144477844238281,227.44674682617188,225.47283935546875,229.49945068359375,0.7007624506950378
0702,4,0,0,0.0,0.0,19,3,4,3,36,0.5277777777777778,0.4994555353901996,0.4822930933281158,0.5024611889435819,0.496551724137931,0.4795539033457249,0.5035971223021583,0.16027048230171204,0.2347620725631714,0.1841883510351181,0.21342909336090088,0.03782207891345024,3.0451390743255615,2.700770139694214,0.11668972671031952,2.467374324798584,2.9179577827453613,-0.3181877136230469,0.3181877136230469,240.03012084960938,238.71949768066406,241.59884643554688,0.03445594757795334
0702,5,0,0,0.0,0.0,18,4,3,3,36,0.5,0.5168582375478927,0.7166460140437836,0.28337330135891287,0.5172413793103449,0.7137546468401487,0.2841726618705036,0.16762608289718628,0.2781718969345093,0.19084064662456512,0.25104600191116333,0.05001974478363991,3.0172693729400635,0.22201299667358398,0.19207066297531128,-0.08393139392137527,0.5243238806724548,-0.2547246217727661,0.2547246217727661,257.1725769042969,255.24302673339844,258.806884765625,0.09781356900930405
0702,6,0,0,0.0,0.0,7,2,2,3,12,0.5833333333333334,0.5719211822660099,0.700477960701009,0.4676258992805755,0.5724137931034483,0.6988847583643123,0.4676258992805755,0.31583288311958313,0.4714442491531372,0.37432175874710083,0.46478182077407837,0.09712011367082596,2.2108302116394043,1.7589539289474487,0.0398852676153183,1.6999895572662354,1.8064371347427368,-0.26316606998443604,0.26316606998443604,283.2794494628906,282.48895263671875,284.202392578125,0.17716306447982788
0702,7,0,0,0.0,0.0,2,1,1,2,2,1.0,0.5896551724137931,0.7769516728624535,0.35431654676258995,0.5896551724137931,0.7769516728624535,0.35611510791366907,0.1717287003993988,0.18821294605731964,0.17997081577777863,0.18491609394550323,0.016484253108501434,0.3434574007987976,0.2136184573173523,0.07589361071586609,0.1377248466014862,0.2895120680332184,-0.2243863046169281,0.2243863046169281,288.0407409667969,287.8697509765625,288.21173095703125,0.15645673871040344
0702,8,1,2,0.5,0.0007689350249903883,4,1,2,2,4,1.0,0.6137931034482759,0.7453531598513011,0.37949640287769787,0.6137931034482759,0.7472118959107806,0.3776978417266187,0.128801167011261,0.14875563979148865,0.14575782418251038,0.14755651354789734,0.019390545785427094,0.515204668045044,0.824617862701416,0.11622142791748047,0.6766452193260193,0.9430970549583435,-0.20468521118164062,0.20468521118164062,288.7418212890625,288.21173095703125,289.271484375,0.18023888766765594
0712,1,0,0,0.0,0.0,2,1,2,1,2,1.0,0.5176470588235295,0.5117647058823529,0.7568627450980392,0.5176470588235295,0.5098039215686274,0.7568627450980392,0.14439193904399872,0.1597202569246292,0.15205609798431396,0.15665459632873535,0.015328317880630493,0.28878387808799744,0.31206464767456055,0.06917115300893784,0.2428935021162033,0.381235808134079,-0.5088884830474854,0.5088884830474854,268.26934814453125,268.026123046875,268.5125732421875,0.15036500990390778
0729,1,0,0,0.0,0.0,1,1,1,1,1,1.0,0.5992647058823529,0.7022900763358778,0.4924812030075188,0.5992647058823529,0.7022900763358778,0.4924812030075188,0.12383170425891876,0.12383170425891876,0.12383170425891876,0.12383170425891876,0.0,0.12383170425891876,0.48731306195259094,0.0,0.48731306195259094,0.48731306195259094,-0.26643064618110657,0.26643064618110657,279.1289978027344,279.1289978027344,279.1289978027344,0.5489888191223145
0731,1,0,0,0.0,0.0,40,5,5,3,75,0.5333333333333333,0.4996078431372549,0.7604901960784314,0.4716666666666667,0.5019607843137255,0.7568627450980392,0.47058823529411764,0.15983028709888458,0.24451850354671478,0.19070249795913696,0.21658354997634888,0.04304109141230583,6.393211364746094,-0.7778326869010925,0.2164805382490158,-1.1298072338104248,-0.32529401779174805,-0.2669295072555542,0.2669295072555542,261.84228515625,259.60162353515625,264.4938659667969,0.07721167057752609
0731,2,0,0,0.0,0.0,1,1,1,1,1,1.0,0.4980392156862745,0.788235294117647,0.4745098039215686,0.4980392156862745,0.788235294117647,0.4745098039215686,0.11736132204532623,0.11736132204532623,0.11736132204532623,0.11736132204532623,0.0,0.11736132204532623,-0.81694096326828,0.0,-0.81694096326828,-0.81694096326828,-0.242098867893219,0.242098867893219,267.2564392089844,267.2564392089844,267.2564392089844,0.05664803832769394
0731,3,0,0,0.0,0.0,298,9,14,6,756,0.3941798941798942,0.5445716541650217,0.7779181471246216,0.47776023160942227,0.5372549019607843,0.7607843137254902,0.47843137254901963,0.4689785838127136,0.9996564388275146,0.75600266456604,0.9652788639068604,0.3140729069709778,139.755615234375,-0.8644108176231384,0.31616032123565674,-1.3532830476760864,0.07696253061294556,-0.30690568685531616,0.30690568685531616,271.5894470214844,264.6374816894531,279.0161437988281,0.42702996730804443
0731,4,1,4969,0.7384455342547184,0.7694332610715392,6729,31,44,39,53196,0.1264944732686668,0.7024654771999452,0.6095629394572512,0.4579009787894947,0.6588235294117647,0.6470588235294118,0.4549019607843137,0.8101275563240051,0.9999998807907104,0.9999254941940308,0.9999881982803345,0.28155073523521423,5451.34814453125,-0.665532648563385,0.39318013191223145,-1.3309354782104492,1.1496467590332031,-0.4574664682149887,0.4574664682149887,265.31103515625,247.7296905517578,279.5997009277344,0.9986823797225952
0731,5,0,0,0.0,0.0,2,2,1,1,2,1.0,0.6686274509803921,0.5607843137254902,0.44313725490196076,0.6666666666666666,0.5607843137254902,0.44313725490196076,0.14463278651237488,0.16996240615844727,0.15729759633541107,0.16489648818969727,0.025329619646072388,0.28926557302474976,0.926170825958252,0.04469519853591919,0.8814756274223328,0.9708660244941711,-0.4854393005371094,0.4854393005371094,250.2606201171875,249.91798400878906,250.603271484375,0.019054878503084183
0731,6,0,0,0.0,0.0,2,1,2,1,2,1.0,0.6705882352941176,0.5666666666666667,0.4392156862745098,0.6705882352941176,0.5686274509803921,0.4392156862745098,0.1327291578054428,0.15087458491325378,0.1418018639087677,0.14724549651145935,0.018145427107810974,0.2654583156108856,0.7250425219535828,0.06704270839691162,0.6579998135566711,0.7920852303504944,-0.589728057384491,0.589728057384491,251.0147705078125,250.72694396972656,251.3026123046875,0.05506042018532753
0731,7,1,95,0.9313725490196079,0.030211480362537766,102,5,7,7,245,0.4163265306122449,0.7181468665897731,0.691041906958862,0.5512110726643599,0.7176470588235294,0.6901960784313725,0.5529411764705883,0.6176592707633972,0.9907330274581909,0.8521052598953247,0.9572428464889526,0.2838117182254791,63.001243591308594,-0.6061725616455078,0.3269246518611908,-1.107459545135498,0.12165772914886475,-0.4279102385044098,0.4279102385044098,291.06072998046875,288.8511657714844,293.3819885253906,0.41653430461883545
0731,8,1,37,0.6607142857142857,0.011853275668748999,56,5,5,5,125,0.448,0.72093837535014,0.5096638655462186,0.41491596638655465,0.7176470588235294,0.5098039215686274,0.4117647058823529,0.35261839628219604,0.7186358571052551,0.4910399615764618,0.6076751351356506,0.1728588491678238,19.74662971496582,-0.5539577603340149,0.3435176610946655,-1.1298072338104248,0.14400525391101837,-0.40846022963523865,0.40846022963523865,249.50624084472656,246.8724365234375,251.63067626953125,0.1263091117143631
0731,9,1,237,0.8229166666666666,0.0732046332046332,288,9,10,7,630,0.45714285714285713,0.7345179738562092,0.4241693899782135,0.4895833333333333,0.7333333333333333,0.42745098039215684,0.48627450980392156,0.6182010173797607,0.9888666272163391,0.8510414361953735,0.9450698494911194,0.278688907623291,178.04188537597656,-0.5767043828964233,0.4747364819049835,-1.3085877895355225,0.613304615020752,-0.803027480840683,0.803027480840683,250.501953125,246.90281677246094,254.31869506835938,0.5691991448402405
0731,10,1,6,1.0,0.0019376715646697885,6,2,2,2,8,0.75,0.7196078431372549,0.5241830065359476,0.4222222222222222,0.7215686274509804,0.5254901960784314,0.4196078431372549,0.14223261177539825,0.17694106698036194,0.15048620104789734,0.16419917345046997,0.020594477653503418,0.8533956408500671,-0.8132163882255554,0.28221049904823303,-1.1521546840667725,-0.36998921632766724,-0.5268504321575165,0.5268504321575165,251.99134826660156,251.41400146484375,252.67567443847656,0.06652123481035233
0731,11,0,0,0.0,0.0,81,5,8,10,400,0.2025,0.7490196078431373,0.537835875090777,0.5699346405228759,0.7529411764705882,0.5294117647058824,0.5843137254901961,0.24107523262500763,0.6196120977401733,0.29899927973747253,0.38988372683525085,0.11078152060508728,19.5270938873291,-0.8150097131729126,0.3056934177875519,-1.3085877895355225,-0.10181811451911926,-0.3966938853263855,0.3966938853263855,277.1366271972656,273.9215087890625,280.46746826171875,0.2762439548969269
0732,1,0,0,0.0,0.0,52,6,6,4,144,0.3611111111111111,0.44336349924585217,0.3681749622926094,0.5200603318250377,0.4470588235294118,0.3686274509803922,0.5176470588235295,0.2685779929161072,0.569416880607605,0.3297749161720276,0.4585568308830261,0.11948563158512115,13.966054916381836,0.6019425988197327,0.4463789165019989,-0.15258873999118805,1.3799307346343994,-0.522555410861969,0.522555410861969,198.525634765625,195.57351684570312,201.5638885498047,0.264260470867157
0738,1,1,5749,0.7399922769983267,0.24244596731681603,7769,30,31,47,43710,0.17773964767787692,0.39606536261039277,0.25516643837063874,0.5950686781935396,0.36395759717314485,0.26119402985074625,0.5940959409594095,0.8301920294761658,0.9999980926513672,0.9999231696128845,0.9999777674674988,0.28194570541381836,6449.76171875,1.4569693803787231,0.3532137870788574,-0.07175374776124954,2.222320318222046,-0.1427156925201416,0.1427156925201416,208.638916015625,185.91664123535156,233.2659454345703,0.9945975542068481
0738,2,1,1,1.0,5.0432458330181304e-05,1,1,1,1,1,1.0,0.3710247349823322,0.30223880597014924,0.6088560885608856,0.3710247349823322,0.30223880597014924,0.6088560885608856,0.10297262668609619,0.10297262668609619,0.10297262668609619,0.10297262668609619,0.0,0.10297262668609619,1.5095824003219604,0.0,1.5095824003219604,1.5095824003219604,-0.11962425708770752,0.11962425708770752,212.1838836669922,212.1838836669922,212.1838836669922,0.02117221988737583
0738,3,0,0,0.0,0.0,44,6,6,5,180,0.24444444444444444,0.4102152264696434,0.21116010854816825,0.48129822207312983,0.4134275618374558,0.20522388059701493,0.4797047970479705,0.15903781354427338,0.25646641850471497,0.18555599451065063,0.23738443851470947,0.04587574303150177,6.997663974761963,1.3722479343414307,0.08236238360404968,1.164106845855713,1.5250400304794312,-0.0533452033996582,0.0533452033996582,184.19766235351562,182.57327270507812,185.6986846923828,0.11758182942867279
0738,4,1,2619,0.744457077885162,0.12132301848334646,3518,23,37,45,38295,0.09186577882230056,0.44991432250495683,0.5910477459207657,0.6638080593426742,0.45229681978798586,0.6194029850746269,0.6309963099630996,0.6805472373962402,0.999993085861206,0.9927788376808167,0.9996709823608398,0.3157811760902405,2394.165283203125,1.4350600242614746,0.2991616129875183,0.024893205612897873,2.0448005199432373,-0.18160200119018555,0.18160200119018555,272.25732421875,261.1531982421875,281.43914794921875,0.9936559200286865
0738,5,0,0,0.0,0.0,24,5,5,3,75,0.32,0.44832155477031804,0.222636815920398,0.6519065190651906,0.44876325088339225,0.22014925373134328,0.6531365313653137,0.2534852921962738,0.5575606822967529,0.33889317512512207,0.40864497423171997,0.11989709734916687,6.083646774291992,1.6723624467849731,0.1523878425359726,1.3506685495376587,1.8831486701965332,-0.3062467575073242,0.3062467575073242,226.1107635498047,225.17770385742188,227.04405212402344,0.11313130706548691
0738,6,0,0,0.0,0.0,2,2,1,1,2,1.0,0.4575971731448763,0.23880597014925373,0.6605166051660517,0.45936395759717313,0.23880597014925373,0.6605166051660517,0.20640653371810913,0.23196718096733093,0.21918685734272003,0.2268550544977188,0.025560639798641205,0.41281306743621826,1.3132871389389038,0.1198580265045166,1.1934291124343872,1.4331451654434204,-0.44437527656555176,0.44437527656555176,230.58062744140625,230.29763793945312,230.8636016845703,0.06318894028663635
0738,7,0,0,0.0,0.0,1,1,1,1,1,1.0,0.4628975265017668,0.23507462686567165,0.6605166051660517,0.4628975265017668,0.23507462686567165,0.6605166051660517,0.17327800393104553,0.17327800393104553,0.17327800393104553,0.17327800393104553,0.0,0.17327800393104553,1.3316879272460938,0.0,1.3316879272460938,1.3316879272460938,-0.387417197227478,0.387417197227478,231.157958984375,231.157958984375,231.157958984375,0.025706585496664047
0738,8,1,59,0.7866666666666666,0.0029699730688882734,75,5,6,5,150,0.5,0.47571260306242635,0.5824875621890547,0.7428782287822878,0.47703180212014135,0.5783582089552238,0.7416974169741697,0.4076129198074341,0.9375182390213013,0.5823380351066589,0.7368842959403992,0.2290046364068985,30.570968627929688,1.5317355394363403,0.1070769876241684,1.3539618253707886,1.75180983543396,-0.32802581787109375,0.32802581787109375,288.61181640625,286.2533874511719,290.5133361816406,0.44143393635749817
0738,9,0,0,0.0,0.0,8,2,3,2,12,0.6666666666666666,0.48630742049469966,0.4244402985074627,0.7730627306273062,0.4876325088339223,0.4253731343283582,0.7749077490774908,0.1905221790075302,0.2996903657913208,0.23001328110694885,0.28130078315734863,0.06299130618572235,1.5241774320602417,1.4321885108947754,0.15322689712047577,1.1096903085708618,1.5856964588165283,-0.3797578811645508,0.3797578811645508,275.7656555175781,274.76171875,276.8501281738281,0.12635253369808197
0738,10,0,0,0.0,0.0,2,1,2,1,2,1.0,0.4840989399293286,0.5541044776119403,0.7343173431734318,0.4840989399293286,0.5522388059701493,0.7343173431734318,0.13119488954544067,0.13305583596229553,0.1321253627538681,0.1326836496591568,0.0018609464168548584,0.26238977909088135,1.560528039932251,0.06620937585830688,1.4943187236785889,1.6267374753952026,-0.23958325386047363,0.23958325386047363,284.07293701171875,283.8115539550781,284.3343200683594,0.11351805180311203
0738,11,1,9,0.45,0.0004536747656013711,20,4,7,3,84,0.23809523809523808,0.4906360424028268,0.6550373134328359,0.5819188191881919,0.4876325088339223,0.6455223880597015,0.5830258302583026,0.21598228812217712,0.4470590054988861,0.24175462126731873,0.30276045203208923,0.08647915720939636,4.319645881652832,0.8450907468795776,0.30815589427948,0.17081069946289062,1.348644495010376,-0.411319375038147,0.411319375038147,274.31427001953125,272.35638427734375,276.7760925292969,0.4255844056606293
0738,12,0,0,0.0,0.0,1,1,1,1,1,1.0,0.4876325088339223,0.5559701492537313,0.7380073800738007,0.4876325088339223,0.5559701492537313,0.7380073800738007,0.12043838948011398,0.12043838948011398,0.12043838948011398,0.12043838948011398,0.0,0.12043838948011398,1.6407941579818726,0.0,1.6407941579818726,1.6407941579818726,-0.19963228702545166,0.19963228702545166,285.52056884765625,285.52056884765625,285.52056884765625,0.08760230243206024
0738,13,1,5,0.3333333333333333,0.00025207330291648813,15,2,3,5,30,0.5,0.4925795053003534,0.577860696517413,0.7333333333333333,0.4911660777385159,0.5783582089552238,0.7380073800738007,0.24512507021427155,0.5018030405044556,0.3099425435066223,0.4299965798854828,0.11814452707767487,3.6768760681152344,1.541758418083191,0.07608675956726074,1.411407470703125,1.6611371040344238,-0.27324914932250977,0.27324914932250977,288.43145751953125,287.11322021484375,289.6653137207031,0.19942519068717957
0738,14,0,0,0.0,0.0,135,6,14,7,588,0.22959183673469388,0.5126815861798194,0.38280818131564404,0.6606259395927292,0.5159010600706714,0.3843283582089552,0.6605166051660517,0.22595861554145813,0.5678156614303589,0.28632915019989014,0.3687759041786194,0.09905171394348145,30.504413604736328,0.9766079187393188,0.30255958437919617,0.33096954226493835,1.7492740154266357,-0.5246120691299438,0.5246120691299438,252.8378448486328,248.3324432373047,257.6761474609375,0.40052518248558044
0738,15,0,0,0.0,0.0,1,1,1,1,1,1.0,0.5159010600706714,0.35447761194029853,0.6494464944649446,0.5159010600706714,0.35447761194029853,0.6494464944649446,0.10272080451250076,0.10272080451250076,0.10272080451250076,0.10272080451250076,0.0,0.10272080451250076,0.9978711605072021,0.0,0.9978711605072021,0.9978711605072021,-0.036791443824768066,0.036791443824768066,248.213623046875,248.213623046875,248.213623046875,0.04454982653260231
0738,16,1,12886,0.7997269285669956,0.46212053291255,16113,44,55,62,150040,0.10739136230338577,0.6049744965930764,0.24657989145688428,0.5595862065490884,0.6325088339222615,0.27611940298507465,0.5940959409594095,0.7845458984375,0.9999990463256836,0.9998987913131714,0.999977171421051,0.3075641393661499,12641.3876953125,1.4194879531860352,0.3430372476577759,-0.15124690532684326,2.342254638671875,-0.16287624835968018,0.16287624835968018,239.2741241455078,204.0441131591797,262.7793884277344,0.9941374063491821
0738,17,0,0,0.0,0.0,2,1,2,1,2,1.0,0.5618374558303887,0.36380597014925375,0.7638376383763837,0.5618374558303887,0.3656716417910448,0.7638376383763837,0.1646975874900818,0.1729036420583725,0.16880062222480774,0.17126242816448212,0.008206047117710114,0.3293951749801636,1.294809341430664,0.04280567169189453,1.2520036697387695,1.3376150131225586,-0.3958115577697754,0.3958115577697754,279.205078125,279.03045654296875,279.3796691894531,0.065964475274086
0738,18,0,0,0.0,0.0,14,3,3,3,27,0.5185185185185185,0.57218576476527,0.4392324093816631,0.7496046389035319,0.5724381625441696,0.44029850746268656,0.7490774907749077,0.27881163358688354,0.5666828155517578,0.4165329933166504,0.4657188653945923,0.14621786773204803,3.90336275100708,1.53615403175354,0.12264040857553482,1.2959238290786743,1.6821457147598267,-0.33031392097473145,0.33031392097473145,285.7802429199219,284.7138977050781,287.11669921875,0.23961593210697174
0738,19,1,94,0.9894736842105263,0.004729440768785691,95,5,11,7,385,0.24675324675324675,0.5754509949786126,0.5324430479183032,0.759409594095941,0.5759717314487632,0.5261194029850746,0.7564575645756457,0.346864253282547,0.7767325639724731,0.5070534944534302,0.6469787955284119,0.20413565635681152,32.95210266113281,1.5562981367111206,0.09980035573244095,1.275991439819336,1.7616539001464844,-0.272629976272583,0.272629976272583,299.2828063964844,295.8141174316406,302.180419921875,0.25792601704597473
0738,20,1,482,0.5765550239234449,0.02380717178701966,836,13,22,12,3432,0.24358974358974358,0.5921517574855867,0.34579197314861104,0.6838397570578577,0.5936395759717314,0.3656716417910448,0.6900369003690037,0.6036117672920227,0.9993508458137512,0.8840645551681519,0.95042884349823,0.28971683979034424,504.61944580078125,1.3764604330062866,0.26034510135650635,0.08712340891361237,1.8548316955566406,0.03335106372833252,0.03335106372833252,267.16424560546875,257.967041015625,274.3082275390625,0.8149966597557068
0738,21,1,6079,0.7909185532136351,0.25681213298973427,7686,28,64,44,78848,0.09747869318181818,0.6194871313912037,0.5614055017651788,0.6524783163522502,0.6501766784452296,0.5970149253731343,0.6346863468634686,0.7485585808753967,0.9999998807907104,0.9997683167457581,0.999972939491272,0.31647005677223206,5753.42138671875,1.3680789470672607,0.2904297411441803,0.08502452820539474,2.018723726272583,-0.12067806720733643,0.12067806720733643,291.95465087890625,272.6316223144531,304.7769775390625,0.998711109161377
0738,22,1,1,0.5,5.0431186645821776e-05,2,2,1,1,2,1.0,0.5848056537102474,0.5708955223880597,0.7306273062730627,0.5865724381625441,0.5708955223880597,0.7306273062730627,0.15904736518859863,0.20130404829978943,0.18017570674419403,0.1928527057170868,0.0422566756606102,0.31809473037719727,1.5271971225738525,0.0007476806640625,1.52644944190979,1.527944803237915,-0.2523547410964966,0.2523547410964966,300.55853271484375,300.2815246582031,300.83551025390625,0.12396138161420822
0738,23,1,1,1.0,5.0432458330181304e-05,1,1,1,1,1,1.0,0.5901060070671378,0.5,0.7011070110701108,0.5901060070671378,0.5,0.7011070110701108,0.12402108311653137,0.12402108311653137,0.12402108311653137,0.12402108311653137,0.0,0.12402108311653137,1.3580379486083984,0.0,1.3580379486083984,1.3580379486083984,-0.006893277168273926,0.006893277168273926,286.84490966796875,286.84490966796875,286.84490966796875,0.09492883831262589
0738,24,1,1,1.0,5.0432458330181304e-05,1,1,1,1,1,1.0,0.5936395759717314,0.5597014925373134,0.7380073800738007,0.5936395759717314,0.5597014925373134,0.7380073800738007,0.1037561297416687,0.1037561297416687,0.1037561297416687,0.1037561297416687,0.0,0.1037561297416687,1.3657963275909424,0.0,1.3657963275909424,1.3657963275909424,-0.18486225605010986,0.18486225605010986,301.7631530761719,301.7631530761719,301.7631530761719,0.0984768494963646
0738,25,1,226,0.8278388278388278,0.01132009316536853,273,6,9,10,540,0.5055555555555555,0.6052110433735876,0.6068968345087749,0.6921049430274523,0.6042402826855123,0.6082089552238806,0.6937269372693727,0.7342143654823303,0.9999932050704956,0.9947459697723389,0.9998477101325989,0.29334557056427,200.44052124023438,1.47113835811615,0.16431564092636108,1.0779989957809448,1.8181949853897095,-0.3608872890472412,0.3608872890472412,302.19195556640625,298.3588562011719,306.02777099609375,0.8718130588531494
0738,26,0,0,0.0,0.0,2,2,1,1,2,1.0,0.6024734982332155,0.6417910447761194,0.6346863468634686,0.6007067137809188,0.6417910447761194,0.6346863468634686,0.11707333475351334,0.12492285668849945,0.12099809944629669,0.12335295230150223,0.007849521934986115,0.23414666950702667,1.3918222188949585,0.021049857139587402,1.370772361755371,1.412872076034546,-0.2894989252090454,0.2894989252090454,297.6246337890625,297.3365173339844,297.9127502441406,0.07649751752614975
0738,27,0,0,0.0,0.0,1,1,1,1,1,1.0,0.6113074204946997,0.458955223880597,0.6531365313653137,0.6113074204946997,0.458955223880597,0.6531365313653137,0.10047291964292526,0.10047291964292526,0.10047291964292526,0.10047291964292526,0.0,0.10047291964292526,1.078824520111084,0.0,1.078824520111084,1.078824520111084,-0.13324511051177979,0.13324511051177979,277.009033203125,277.009033203125,277.009033203125,0.052539680153131485
0738,28,1,25,0.9259259259259259,0.0012599853841695435,27,4,4,4,64,0.421875,0.6149718623216857,0.5572139303482587,0.7206505398387317,0.6148409893992933,0.5597014925373134,0.7195571955719557,0.20302818715572357,0.42391806840896606,0.2582480311393738,0.35078421235084534,0.09178674221038818,5.4817609786987305,1.4547642469406128,0.0929245874285698,1.2909718751907349,1.5987945795059204,-0.293979287147522,0.293979287147522,301.7957763671875,300.1882629394531,303.29193115234375,0.1185639426112175
0738,29,0,0,0.0,0.0,34,6,7,2,84,0.40476190476190477,0.6460195385574724,0.5122914837576822,0.7092467983503364,0.6466431095406361,0.503731343283582,0.7084870848708487,0.18295644223690033,0.2776469588279724,0.21855339407920837,0.2532265782356262,0.04746938869357109,6.220519065856934,1.48447585105896,0.10228288173675537,1.2721225023269653,1.6611956357955933,-0.16643249988555908,0.16643249988555908,299.3124694824219,297.1683044433594,301.32208251953125,0.10063149034976959
0738,30,0,0,0.0,0.0,60,4,7,4,112,0.5357142857142857,0.6473498233215548,0.34639303482587064,0.6240467404674047,0.6466431095406361,0.34328358208955223,0.6273062730627307,0.4125269949436188,0.8885973691940308,0.6175580024719238,0.7999208569526672,0.24120041728019714,24.751619338989258,1.6580322980880737,0.09282656759023666,1.3998428583145142,1.8021724224090576,-0.26043617725372314,0.26043617725372314,266.7425842285156,264.56378173828125,268.6075134277344,0.37096211314201355
0738,31,0,0,0.0,0.0,5,2,2,2,8,0.625,0.6763250883392227,0.6029850746268657,0.6095940959409594,0.6784452296819788,0.6044776119402985,0.6088560885608856,0.18412362039089203,0.34468507766723633,0.1768520027399063,0.2775518298149109,0.08454607427120209,0.9206181168556213,1.3993160724639893,0.12900133430957794,1.1506025791168213,1.5178265571594238,-0.32666051387786865,0.32666051387786865,300.70550537109375,300.01666259765625,301.19427490234375,0.15172983705997467
0738,32,1,423,0.9724137931034482,0.021101992966002344,435,9,9,13,1053,0.4131054131054131,0.6922383331302547,0.42626522559615715,0.6456970776604318,0.696113074204947,0.4291044776119403,0.6568265682656826,0.582668125629425,0.9982732534408569,0.8849509954452515,0.9754661917686462,0.2949422001838684,253.46063232421875,1.4458502531051636,0.14921186864376068,0.9909726977348328,1.8214432001113892,-0.34918439388275146,0.34918439388275146,287.14398193359375,282.1116943359375,292.7285461425781,0.8267278671264648
0744,1,1,6837,0.5888888888888889,0.36283068432085336,11610,25,66,28,46200,0.2512987012987013,0.3029047291751857,0.4233702241073895,0.5258359053497943,0.30976430976430974,0.4679245283018868,0.5451388888888888,0.7176703810691833,0.9999980926513672,0.999649703502655,0.9999653100967407,0.32429060339927673,8332.1533203125,-0.09767406433820724,0.2971334159374237,-0.72345370054245,0.7881651520729065,-0.2718386724591255,0.2718386724591255,209.7353515625,195.358642578125,228.5891571044922,0.9982222318649292
0744,2,1,291,0.6598639455782312,0.021947356512557508,441,9,20,8,1440,0.30625,0.3024958580514136,0.4756086082231635,0.6069145250692869,0.2962962962962963,0.46037735849056605,0.6111111111111112,0.6929293870925903,0.9999783635139465,0.9885523915290833,0.9993605613708496,0.3057684004306793,305.58184814453125,-0.023059723898768425,0.2648031413555145,-0.6225417256355286,0.5631507635116577,-0.3275857549160719,0.3275857549160719,233.9021453857422,228.43161010742188,239.53704833984375,0.9405252933502197
0744,3,0,0,0.0,0.0,5,1,3,3,9,0.5555555555555556,0.31986531986531985,0.4422641509433962,0.5180555555555555,0.31986531986531985,0.44528301886792454,0.5173611111111112,0.17057569324970245,0.21329332888126373,0.20308366417884827,0.20920945703983307,0.03491809964179993,0.8528784513473511,0.14264054596424103,0.07588852196931839,0.05358147621154785,0.2425064891576767,-0.1360030621290207,0.1360030621290207,212.6346435546875,212.2357177734375,213.08448791503906,0.08950834721326828
0744,4,0,0,0.0,0.0,1,1,1,1,1,1.0,0.3333333333333333,0.3283018867924528,0.5277777777777778,0.3333333333333333,0.3283018867924528,0.5277777777777778,0.1066235676407814,0.1066235676407814,0.1066235676407814,0.1066235676407814,0.0,0.1066235676407814,-0.08151871711015701,0.0,-0.08151871711015701,-0.08151871711015701,-0.11479295790195465,0.11479295790195465,201.67547607421875,201.67547607421875,201.67547607421875,0.01070787850767374
0744,5,0,0,0.0,0.0,248,16,10,8,1280,0.19375,0.379683936135549,0.5351643335362142,0.5018341173835126,0.38047138047138046,0.5433962264150943,0.4965277777777778,0.33371561765670776,0.7964577674865723,0.46788516640663147,0.6657524704933167,0.1929553747177124,82.761474609375,-0.12549106776714325,0.312095046043396,-0.6610276103019714,0.6921705603599548,-0.49501045048236847,0.49501045048236847,232.27272033691406,226.05087280273438,238.3170166015625,0.21654245257377625
0744,6,0,0,0.0,0.0,1,1,1,1,1,1.0,0.4006734006734007,0.44150943396226416,0.5694444444444444,0.4006734006734007,0.44150943396226416,0.5694444444444444,0.1145637184381485,0.1145637184381485,0.1145637184381485,0.1145637184381485,0.0,0.1145637184381485,0.05422328785061836,0.0,0.05422328785061836,0.05422328785061836,-0.17201673611998558,0.17201673611998558,234.48880004882812,234.48880004882812,234.48880004882812,0.017813360318541527
0744,7,1,4201,0.5623828647925033,0.25045458610307925,7470,34,35,48,57120,0.13077731092436976,0.45088366935756496,0.521911040387967,0.6373382418563142,0.4612794612794613,0.5094339622641509,0.6909722222222222,0.6645117998123169,0.9999991655349731,0.9975622296333313,0.9999299049377441,0.33305370807647705,4963.9033203125,0.19702963531017303,0.46451103687286377,-0.617539644241333,1.3762702941894531,-0.3455832153558731,0.3455832153558731,266.6938171386719,243.16867065429688,294.7490539550781,0.9925869107246399
0744,8,0,0,0.0,0.0,768,17,21,18,6426,0.11951447245564893,0.4468557098765432,0.3587362421383648,0.6327718098958334,0.44107744107744107,0.3433962264150943,0.6215277777777778,0.5269166827201843,0.9998342990875244,0.8086827993392944,0.9661678075790405,0.296267032623291,404.6719970703125,0.6077159643173218,0.22212225198745728,-0.2124473601579666,1.0553240776062012,0.031147897243499756,0.031147897243499756,245.2385711669922,231.4065704345703,258.4511413574219,0.8109648823738098
0744,9,0,0,0.0,0.0,8,2,3,3,18,0.4444444444444444,0.4234006734006734,0.4839622641509434,0.5794270833333334,0.42424242424242425,0.4830188679245283,0.5798611111111112,0.18046998977661133,0.347970187664032,0.1966010332107544,0.2950456738471985,0.07927878946065903,1.4437599182128906,0.9084579348564148,0.03425517678260803,0.8621695637702942,0.9771730303764343,-0.2587488293647766,0.2587488293647766,245.68609619140625,245.08978271484375,246.4487762451172,0.07518257945775986
0744,10,1,11,0.9166666666666666,0.0008432672773966039,12,3,4,2,24,0.5,0.43125701459034793,0.5220125786163522,0.5613425925925926,0.43097643097643096,0.5207547169811321,0.5625,0.31834208965301514,0.607048749923706,0.3571764826774597,0.5546091794967651,0.1449638158082962,3.8201050758361816,0.5858102440834045,0.20960763096809387,0.19247736036777496,0.9577732682228088,-0.4547122120857239,0.4547122120857239,248.86871337890625,247.65097045898438,249.97000122070312,0.3066512942314148
0744,11,0,0,0.0,0.0,1,1,1,1,1,1.0,0.44107744107744107,0.6,0.625,0.44107744107744107,0.6,0.625,0.13038219511508942,0.13038219511508942,0.13038219511508942,0.13038219511508942,0.0,0.13038219511508942,0.5913797616958618,0.0,0.5913797616958618,0.5913797616958618,-0.08332091569900513,0.08332091569900513,274.05291748046875,274.05291748046875,274.05291748046875,0.11951518803834915
0744,12,1,1,0.00024021138601969732,6.613756613756614e-05,4163,24,31,38,28272,0.14724816072439162,0.5085558119427924,0.40675764484066734,0.5795858688979636,0.4882154882154882,0.37735849056603776,0.5833333333333334,0.2570246458053589,0.8360012769699097,0.34990614652633667,0.38088810443878174,0.11842901259660721,1069.99365234375,0.1118546724319458,0.30906030535697937,-0.491693913936615,1.1515578031539917,-0.17340528964996338,0.17340528964996338,250.29888916015625,236.16519165039062,274.6834411621094,0.2981072962284088
0744,13,1,92,0.8141592920353983,0.007025582283314242,113,10,5,6,300,0.37666666666666665,0.49447275110991923,0.6306228084822174,0.6572947394296952,0.49158249158249157,0.6264150943396226,0.6597222222222222,0.2929854989051819,0.8571350574493408,0.3823322057723999,0.6569163799285889,0.20491743087768555,33.10736083984375,0.43571797013282776,0.17729856073856354,-0.12092364579439163,0.7071331143379211,-0.17750492691993713,0.17750492691993713,292.6272888183594,288.6295166015625,295.84454345703125,0.3812551200389862
0744,14,0,0,0.0,0.0,18,2,3,7,42,0.42857142857142855,0.5306771417882529,0.3639412997903564,0.5580632716049383,0.5286195286195287,0.3622641509433962,0.5555555555555556,0.14599017798900604,0.2348715364933014,0.16356375813484192,0.21502907574176788,0.04216008633375168,2.6278231143951416,0.6729910969734192,0.11100577563047409,0.45156076550483704,0.9118430018424988,0.023238778114318848,0.023238778114318848,245.544921875,243.8462677001953,248.16526794433594,0.09482870995998383
0744,15,0,0,0.0,0.0,1,1,1,1,1,1.0,0.5286195286195287,0.37358490566037733,0.5625,0.5286195286195287,0.37358490566037733,0.5625,0.10380838066339493,0.10380838066339493,0.10380838066339493,0.10380838066339493,0.0,0.10380838066339493,0.5302766561508179,0.0,0.5302766561508179,0.5302766561508179,-0.07846957445144653,0.07846957445144653,247.0,247.0,247.0,0.09417148679494858
0744,16,1,105,0.660377358490566,0.0080042689434365,159,11,14,11,1694,0.09386068476977567,0.5491180145268196,0.43559985760056963,0.5357704402515723,0.5555555555555556,0.46037735849056605,0.5451388888888888,0.37359148263931274,0.9889667630195618,0.5543482303619385,0.7734829187393188,0.24761442840099335,59.40104675292969,0.503127932548523,0.4934535324573517,-0.45202887058258057,1.6982934474945068,-0.6204078197479248,0.6204078197479248,253.11131286621094,245.00204467773438,261.3752136230469,0.4636688828468323
0744,17,1,2962,0.3669020190759321,0.17346998535871155,8073,33,67,57,126027,0.06405770192101692,0.5976253721825381,0.34349345243520796,0.5207098937473333,0.5824915824915825,0.2981132075471698,0.5520833333333334,0.6088893413543701,0.999998927116394,0.9961062073707581,0.9999341368675232,0.34767046570777893,4915.5634765625,0.49196895956993103,0.46309182047843933,-0.5328766107559204,1.5032836198806763,-0.25872889161109924,0.25872889161109924,250.78765869140625,230.92855834960938,273.62200927734375,0.9836710095405579
0744,18,0,0,0.0,0.0,1,1,1,1,1,1.0,0.5353535353535354,0.36981132075471695,0.5555555555555556,0.5353535353535354,0.36981132075471695,0.5555555555555556,0.10109777003526688,0.10109777003526688,0.10109777003526688,0.10109777003526688,0.0,0.10109777003526688,0.38239434361457825,0.0,0.38239434361457825,0.38239434361457825,0.024905145168304443,0.024905145168304443,246.5846710205078,246.5846710205078,246.5846710205078,0.05285757780075073
0744,19,0,0,0.0,0.0,1,1,1,1,1,1.0,0.5488215488215489,0.44528301886792454,0.5590277777777778,0.5488215488215489,0.44528301886792454,0.5590277777777778,0.10120588541030884,0.10120588541030884,0.10120588541030884,0.10120588541030884,0.0,0.10120588541030884,0.8034884929656982,0.0,0.8034884929656982,0.8034884929656982,-0.09232896566390991,0.09232896566390991,258.3428039550781,258.3428039550781,258.3428039550781,0.07353128492832184
0744,20,0,0,0.0,0.0,3,1,3,1,3,1.0,0.5521885521885522,0.44528301886792454,0.5555555555555556,0.5521885521885522,0.44528301886792454,0.5555555555555556,0.16881698369979858,0.19502313435077667,0.18043161928653717,0.18918652832508087,0.020291408523917198,0.5064509510993958,0.6395238041877747,0.10867642611265182,0.4966520071029663,0.7600166201591492,-0.24240082502365112,0.24240082502365112,258.3592834472656,257.903076171875,258.8165283203125,0.10605145245790482
0744,21,1,8536,0.7679712100764733,0.4590234459023446,11115,34,37,54,67932,0.16361950185479598,0.6422091661857744,0.511151851568932,0.6555024491428001,0.6195286195286195,0.4981132075471698,0.5659722222222222,0.8555520176887512,0.9999995827674866,0.9999102354049683,0.9999805092811584,0.2636827230453491,9509.4609375,0.038973961025476456,0.4239163398742676,-0.703854501247406,1.364104986190796,-0.5044836662709713,0.5044836662709713,301.39324951171875,266.52203369140625,319.4917907714844,1.0
0744,22,0,0,0.0,0.0,2,1,2,1,2,1.0,0.5959595959595959,0.49245283018867925,0.5555555555555556,0.5959595959595959,0.49056603773584906,0.5555555555555556,0.1821129024028778,0.2277197539806366,0.2049163281917572,0.2185983806848526,0.045606859028339386,0.3642258048057556,0.9771904945373535,0.00045427680015563965,0.9767361879348755,0.9776447415351868,-0.039520263671875,0.039520263671875,272.60675048828125,272.3674011230469,272.8460998535156,0.11725502461194992
0744,23,0,0,0.0,0.0,4,1,3,2,6,0.6666666666666666,0.5993265993265994,0.4867924528301887,0.4357638888888889,0.5993265993265994,0.4830188679245283,0.4340277777777778,0.1505703330039978,0.1625315248966217,0.15758280456066132,0.1605520397424698,0.01059871818870306,0.6022813320159912,0.14271695911884308,0.32281094789505005,-0.3713407814502716,0.5210088491439819,-0.47197650372982025,0.47197650372982025,253.8359375,253.0810089111328,254.59182739257812,0.0505729503929615
0744,24,0,0,0.0,0.0,10,2,4,2,16,0.625,0.601010101010101,0.5415094339622641,0.6545138888888888,0.5993265993265994,0.5433962264150943,0.6527777777777778,0.15803629159927368,0.1953490972518921,0.175419420003891,0.18449470400810242,0.026340659707784653,1.5803629159927368,0.6820002794265747,0.07052730768918991,0.5393714308738708,0.7796145081520081,-0.18790489435195923,0.18790489435195923,297.23004150390625,296.3680114746094,298.0888977050781,0.23922546207904816
0744,25,0,0,0.0,0.0,6,2,2,2,8,0.75,0.6240179573512907,0.5943396226415094,0.6412037037037037,0.622895622895623,0.5924528301886792,0.6423611111111112,0.15265999734401703,0.2020207643508911,0.1568337082862854,0.1797979772090912,0.028472475707530975,0.9159600138664246,0.6224946975708008,0.03655097261071205,0.5586983561515808,0.6651055216789246,-0.11393803358078003,0.11393803358078003,305.98779296875,305.12457275390625,306.85174560546875,0.25732529163360596
0744,26,0,0,0.0,0.0,1,1,1,1,1,1.0,0.6666666666666666,0.4867924528301887,0.7013888888888888,0.6666666666666666,0.4867924528301887,0.7013888888888888,0.13696187734603882,0.13696187734603882,0.13696187734603882,0.13696187734603882,0.0,0.13696187734603882,-0.05568878725171089,0.0,-0.05568878725171089,-0.05568878725171089,-0.2269563116133213,0.2269563116133213,311.5220642089844,311.5220642089844,311.5220642089844,0.16766919195652008
0744,27,0,0,0.0,0.0,1,1,1,1,1,1.0,0.67003367003367,0.4830188679245283,0.6875,0.67003367003367,0.4830188679245283,0.6875,0.10573116689920425,0.10573116689920425,0.10573116689920425,0.10573116689920425,0.0,0.10573116689920425,-0.10149665176868439,0.0,-0.10149665176868439,-0.10149665176868439,-0.13830139115452766,0.13830139115452766,309.173095703125,309.173095703125,309.173095703125,0.06434524059295654
0744,28,0,0,0.0,0.0,3,1,2,2,4,0.75,0.67003367003367,0.4842767295597485,0.7037037037037037,0.67003367003367,0.4830188679245283,0.7048611111111112,0.12314372509717941,0.13840606808662415,0.12894925475120544,0.13462334871292114,0.011270726099610329,0.36943116784095764,-0.30257466435432434,0.055473554879426956,-0.3709283471107483,-0.2350541055202484,-0.2617178037762642,0.2617178037762642,312.3194885253906,311.7499084472656,312.8098449707031,0.06997337192296982
0744,29,1,47,0.7230769230769231,0.003595746308622141,65,6,6,4,144,0.4513888888888889,0.7062937062937064,0.4762264150943396,0.5213141025641026,0.7070707070707071,0.47547169811320755,0.5208333333333334,0.6862046122550964,0.9983825087547302,0.9564823508262634,0.9956135749816895,0.2879464030265808,44.60329818725586,0.21981821954250336,0.23141245543956757,-0.27786585688591003,0.623561441898346,-0.40422816574573517,0.40422816574573517,287.9133605957031,284.7630615234375,290.7817077636719,0.8141624331474304
0750,1,0,0,0.0,0.0,20,5,4,2,40,0.5,0.40246478873239433,0.5693140794223827,0.5642585551330799,0.397887323943662,0.5703971119133574,0.5627376425855514,0.501159131526947,0.8954561948776245,0.6410509943962097,0.7752149105072021,0.21477515995502472,10.02318286895752,2.1754748821258545,0.1267089694738388,1.958567500114441,2.432325839996338,-0.40717482566833496,0.40717482566833496,245.3325653076172,244.02664184570312,246.68603515625,0.33467116951942444
0750,2,0,0,0.0,0.0,10,3,2,3,18,0.5555555555555556,0.41232394366197184,0.5754512635379062,0.5399239543726235,0.4119718309859155,0.5740072202166066,0.5399239543726235,0.18622638285160065,0.275470495223999,0.21482360363006592,0.24647949635982513,0.043417006731033325,1.862263798713684,2.0419325828552246,0.11679496616125107,1.7815735340118408,2.1876978874206543,-0.3689403533935547,0.3689403533935547,243.96878051757812,243.0761260986328,244.89385986328125,0.08022049069404602
0757,1,0,0,0.0,0.0,29,9,4,3,108,0.26851851851851855,0.3709263015551048,0.5096686950642325,0.6570655848546315,0.3764705882352941,0.5058823529411764,0.6588235294117647,0.36543378233909607,0.6986756920814514,0.5146390795707703,0.6089988946914673,0.16909244656562805,10.597579956054688,1.4158679246902466,0.1403084397315979,1.1723825931549072,1.653856873512268,-0.4728199243545532,0.4728199243545532,232.6063232421875,230.76611328125,234.1068115234375,0.2578153610229492
0772,1,0,0,0.0,0.0,4,1,2,2,4,1.0,0.4072727272727273,0.7181818181818181,0.5705882352941176,0.4072727272727273,0.72,0.5686274509803921,0.12325447052717209,0.15636810660362244,0.12458363175392151,0.14365430176258087,0.019201885908842087,0.49301788210868835,0.28201133012771606,0.15532538294792175,0.08527105301618576,0.4781864285469055,-0.43364840745925903,0.43364840745925903,270.08477783203125,269.4494323730469,270.71942138671875,0.137985497713089
0772,2,0,0,0.0,0.0,4,3,2,1,6,0.6666666666666666,0.48727272727272725,0.4090909090909091,0.5372549019607843,0.48727272727272725,0.4072727272727273,0.5372549019607843,0.21054533123970032,0.27840137481689453,0.24457427859306335,0.2648705244064331,0.049023523926734924,0.8421813249588013,1.2465317249298096,0.0556555911898613,1.1803277730941772,1.3325097560882568,-0.07184648513793945,0.07184648513793945,222.82484436035156,222.47247314453125,223.17930603027344,0.0861901268362999
0772,3,1,16,0.9411764705882353,0.09580838323353294,17,3,4,3,36,0.4722222222222222,0.4904812834224599,0.42331550802139034,0.5607843137254902,0.4909090909090909,0.41818181818181815,0.5568627450980392,0.22342611849308014,0.3133286237716675,0.2641794681549072,0.28480425477027893,0.05391950532793999,3.798243999481201,0.9135035276412964,0.17739221453666687,0.6727851033210754,1.3342055082321167,-0.2939493656158447,0.2939493656158447,229.05398559570312,227.18714904785156,230.63824462890625,0.12415353208780289
0772,4,1,128,0.4037854889589905,0.4037854889589905,317,17,13,12,2652,0.11953242835595777,0.517981072555205,0.5782047605391454,0.5762973959299807,0.49818181818181817,0.5745454545454546,0.5647058823529412,0.667572557926178,1.0,0.996626079082489,0.9999874830245972,0.32789987325668335,211.62049865722656,1.0835449695587158,0.3601777255535126,-0.12639132142066956,1.8040388822555542,-0.10243785381317139,0.10243785381317139,259.7331848144531,252.079345703125,269.8647766113281,0.9975555539131165
0772,5,1,43,0.41346153846153844,0.2042755344418052,104,9,8,9,648,0.16049382716049382,0.558951048951049,0.6153146853146853,0.6233785822021116,0.56,0.6145454545454545,0.6235294117647059,0.7721019387245178,0.9999998807907104,0.9999315738677979,0.999998152256012,0.2957460880279541,80.29859924316406,1.2107939720153809,0.20413923263549805,0.6753207445144653,1.5455585718154907,-0.2777090072631836,0.2777090072631836,278.99615478515625,273.8539733886719,286.54144287109375,0.9755707383155823
0772,6,1,28,0.6086956521739131,0.15426997245179064,46,6,6,7,252,0.18253968253968253,0.5839525691699604,0.6404743083003952,0.6587382779198636,0.5818181818181818,0.6363636363636364,0.6549019607843137,0.6015655398368835,0.9913911819458008,0.9114329814910889,0.9801101088523865,0.3061082661151886,27.672016143798828,0.9126091599464417,0.2354285567998886,0.19716481864452362,1.3244494199752808,-0.26489001512527466,0.26489001512527466,292.1473693847656,287.7185974121094,295.8208923339844,0.6923012137413025
0788,1,1,69,0.92,0.004735108427120505,75,4,10,5,200,0.375,0.3170718954248366,0.42687581699346405,0.6790588235294117,0.3215686274509804,0.42745098039215684,0.6784313725490196,0.35250794887542725,0.7221584916114807,0.4394260048866272,0.6334616541862488,0.16934669017791748,26.43809700012207,0.3529203236103058,0.3235204219818115,-0.15559332072734833,1.4119349718093872,-0.6205138266086578,0.6205138266086578,220.31460571289062,217.97935485839844,222.9551544189453,0.2842710614204407
0788,2,1,351,0.7516059957173448,0.023767605633802816,467,13,10,14,1820,0.25659340659340657,0.36129655288239493,0.5493135155561154,0.5115001889406726,0.3686274509803922,0.5529411764705883,0.5019607843137255,0.7387535572052002,0.9999934434890747,0.9994423985481262,0.9999523758888245,0.3204968273639679,344.9979248046875,0.540000319480896,0.3971227705478668,-0.37952592968940735,1.6918506622314453,-0.6067570447921753,0.6067570447921753,212.89601135253906,207.50421142578125,217.41665649414062,0.9817643761634827
0788,3,0,0,0.0,0.0,34,4,4,5,80,0.425,0.3480968858131488,0.186159169550173,0.6395617070357555,0.34901960784313724,0.18823529411764706,0.6392156862745098,0.5874176025390625,0.9628394246101379,0.8785871863365173,0.9228876829147339,0.2960205078125,19.972198486328125,0.5219674110412598,0.44014623761177063,-0.19758069515228271,1.4959096908569336,-0.5146937370300293,0.5146937370300293,192.12120056152344,190.341796875,193.98196411132812,0.5208113789558411
0788,4,0,0,0.0,0.0,67,8,7,8,448,0.14955357142857142,0.37623646473514777,0.35159496634474685,0.5291776412057361,0.3764705882352941,0.35294117647058826,0.5294117647058824,0.3384593725204468,0.7084801197052002,0.46548447012901306,0.6034857630729675,0.1766420602798462,22.67677879333496,1.8681559562683105,0.14726750552654266,1.3839433193206787,2.1537117958068848,-0.25546741485595703,0.25546741485595703,188.81019592285156,184.88104248046875,193.04403686523438,0.13988324999809265
0788,5,1,2330,0.48200248241621846,0.13745096304161875,4834,22,43,31,29326,0.1648366637113824,0.42105835300607625,0.29020581339693513,0.6136443654830571,0.403921568627451,0.3137254901960784,0.6313725490196078,0.6979438066482544,0.9999988079071045,0.9976818561553955,0.9998729228973389,0.3293236196041107,3373.8603515625,1.4005043506622314,0.679583728313446,-0.25356385111808777,2.7275390625,-0.2009953260421753,0.2009953260421753,204.4335479736328,182.37599182128906,221.2532501220703,0.9950190186500549
0788,6,1,19853,0.7222424330616997,0.7020527962940043,27488,39,55,53,113685,0.2417909134890267,0.4659686080485745,0.6281110901869479,0.6705872366408728,0.4117647058823529,0.6313725490196078,0.6392156862745098,0.8589499592781067,0.9999990463256836,0.9999836683273315,0.9999946355819702,0.2610405385494232,23610.81640625,0.6484614014625549,0.5615841746330261,-0.6594417095184326,2.3496527671813965,-0.4388989806175232,0.4388989806175232,263.49847412109375,239.12757873535156,286.4681396484375,1.0
0788,7,1,29,0.90625,0.001993058657778083,32,4,4,5,80,0.4,0.40575980392156863,0.4372549019607843,0.6230392156862745,0.403921568627451,0.43529411764705883,0.6235294117647059,0.20873400568962097,0.37555554509162903,0.26139122247695923,0.3328240215778351,0.07755902409553528,6.679488182067871,1.482351303100586,0.3040156960487366,0.796120285987854,1.873795986175537,-0.40750396251678467,0.40750396251678467,220.42881774902344,218.57264709472656,222.46348571777344,0.20659524202346802
0788,8,0,0,0.0,0.0,2,1,2,1,2,1.0,0.40784313725490196,0.33137254901960783,0.5607843137254902,0.40784313725490196,0.32941176470588235,0.5607843137254902,0.13609543442726135,0.14984403550624847,0.14296972751617432,0.14709430932998657,0.013748608529567719,0.2721908688545227,1.7268401384353638,0.39887988567352295,1.3279602527618408,2.1257200241088867,0.318015456199646,0.318015456199646,196.505615234375,196.2906036376953,196.72061157226562,0.07666358351707458
0788,9,0,0,0.0,0.0,3,2,2,1,4,0.75,0.42091503267973857,0.5660130718954248,0.5137254901960784,0.4235294117647059,0.5647058823529412,0.5137254901960784,0.11559385061264038,0.12802241742610931,0.12175647169351578,0.12551604211330414,0.010105954483151436,0.34678155183792114,-0.1929154396057129,0.05152951553463936,-0.25356385111808777,-0.1276017427444458,-0.17887042369693518,0.17887042369693518,223.00132751464844,222.6230010986328,223.27113342285156,0.0036601307801902294
0788,10,0,0,0.0,0.0,17,4,3,3,36,0.4722222222222222,0.5003460207612457,0.5764705882352941,0.7460207612456748,0.5019607843137255,0.5764705882352941,0.7450980392156863,0.15780667960643768,0.2416091412305832,0.18293821811676025,0.21886639297008514,0.04269806295633316,2.682713508605957,0.5845369100570679,0.3404267132282257,0.1383182257413864,1.257981300354004,-0.4508974552154541,0.4508974552154541,272.64324951171875,271.1918029785156,274.3811340332031,0.3068700134754181
0788,11,0,0,0.0,0.0,9,3,3,3,27,0.3333333333333333,0.5063180827886711,0.6758169934640523,0.54640522875817,0.5058823529411764,0.6745098039215687,0.5450980392156862,0.13058175146579742,0.17106221616268158,0.14529073238372803,0.16499823331832886,0.024599643424153328,1.1752357482910156,0.2145175337791443,0.21175475418567657,-0.11360596120357513,0.5581918954849243,-0.3812326192855835,0.3812326192855835,256.98651123046875,255.8554229736328,258.24407958984375,0.19127942621707916
0788,12,1,598,0.6521264994547438,0.03988527979723871,917,13,20,21,5460,0.16794871794871793,0.5847670365856266,0.6631299848183548,0.6672824855132893,0.5725490196078431,0.6705882352941176,0.6941176470588235,0.7406901717185974,0.9999946355819702,0.9985961318016052,0.9998177289962769,0.3098521828651428,679.212890625,0.8109860420227051,0.4183398485183716,-0.1695891171693802,1.7898212671279907,-0.4592146873474121,0.4592146873474121,283.05291748046875,276.949462890625,290.10516357421875,0.9711223840713501
0788,13,1,83,0.7830188679245284,0.005689802913453299,106,7,8,5,280,0.37857142857142856,0.5806511283758786,0.6425453200147984,0.7237513873473918,0.5843137254901961,0.6431372549019608,0.7254901960784313,0.6434221863746643,0.9980394244194031,0.9612787961959839,0.9940391778945923,0.3174116909503937,68.20275115966797,0.6955090165138245,0.3730834722518921,-0.25356385111808777,1.4539222717285156,-0.4009959101676941,0.4009959101676941,288.32708740234375,285.0368347167969,291.46697998046875,0.6968741416931152
0788,14,1,601,0.6028084252758275,0.03997871349697332,997,13,24,25,7800,0.12782051282051282,0.6029342930753043,0.25383601785749405,0.5763958542293548,0.6,0.24705882352941178,0.5764705882352941,0.6524763703346252,0.9998872876167297,0.9818501472473145,0.9980319738388062,0.3306463658809662,650.5189208984375,1.423614501953125,0.5471976399421692,0.05434350296854973,2.4336273670196533,-0.17107808589935303,0.17107808589935303,223.1238250732422,212.87789916992188,234.042724609375,0.9143069386482239
0788,15,1,50,0.5681818181818182,0.0034297081318379807,88,9,5,8,360,0.24444444444444444,0.6102941176470589,0.5565508021390374,0.652139037433155,0.611764705882353,0.5568627450980392,0.6549019607843137,0.5642994046211243,0.9962520003318787,0.8932324647903442,0.9785587191581726,0.3142109811306,49.658348083496094,1.391100287437439,0.415492981672287,0.43222978711128235,2.2236907482147217,-0.31734490394592285,0.31734490394592285,268.9496765136719,266.7001953125,272.0257263183594,0.8362306356430054
0788,16,1,736,0.5579984836997726,0.048440173752797154,1319,15,16,21,5040,0.2617063492063492,0.6184839970863251,0.6028066419896237,0.6142710609641886,0.6274509803921569,0.6078431372549019,0.6078431372549019,0.7635383605957031,0.9999972581863403,0.9997403621673584,0.9999753832817078,0.307314932346344,1007.1071166992188,1.2074415683746338,0.41910815238952637,-0.2395680546760559,2.1677074432373047,-0.27395784854888916,0.27395784854888916,270.9023742675781,264.44281005859375,276.63153076171875,0.9997777938842773
0788,17,0,0,0.0,0.0,5,1,3,2,6,0.8333333333333334,0.6235294117647059,0.2972549019607843,0.5780392156862745,0.6235294117647059,0.2980392156862745,0.5764705882352941,0.18697932362556458,0.25954464077949524,0.2562336325645447,0.25822022557258606,0.06184762716293335,0.9348966479301453,1.3867424726486206,0.30935442447662354,0.9500738978385925,1.8038170337677002,0.0597153902053833,0.0597153902053833,230.3759765625,229.85647583007812,230.82461547851562,0.1696079671382904
0788,18,0,0,0.0,0.0,1,1,1,1,1,1.0,0.6274509803921569,0.29411764705882354,0.5725490196078431,0.6274509803921569,0.29411764705882354,0.5725490196078431,0.10763391852378845,0.10763391852378845,0.10763391852378845,0.10763391852378845,0.0,0.10763391852378845,1.146014928817749,0.0,1.146014928817749,1.146014928817749,-0.1189643144607544,0.1189643144607544,229.91737365722656,229.91737365722656,229.91737365722656,0.13300466537475586
0788,19,0,0,0.0,0.0,345,10,14,7,980,0.3520408163265306,0.6691105427678318,0.5287524865018471,0.4828417163967036,0.6745098039215687,0.5254901960784314,0.47843137254901963,0.5974989533424377,0.9978554248809814,0.9267053604125977,0.9871786236763,0.3076817989349365,206.1371307373047,0.7568914890289307,0.4437403976917267,-0.11360596120357513,2.055741310119629,-0.46775245666503906,0.46775245666503906,250.61343383789062,246.3777618408203,256.068359375,0.9083810448646545
0797,1,0,0,0.0,0.0,34,2,14,4,112,0.30357142857142855,0.4372549019607843,0.4441753171856978,0.6437139561707036,0.43529411764705883,0.43529411764705883,0.6431372549019608,0.21298150718212128,0.505212128162384,0.2640790641307831,0.333334743976593,0.09258677810430527,7.241371154785156,0.6151096224784851,0.1525641828775406,0.27996665239334106,0.8929176926612854,-0.28006380796432495,0.28006380796432495,228.99359130859375,224.85995483398438,233.2252197265625,0.3445838689804077
0797,2,0,0,0.0,0.0,2,1,2,1,2,1.0,0.44313725490196076,0.5862745098039216,0.5450980392156862,0.44313725490196076,0.5882352941176471,0.5450980392156862,0.11936205625534058,0.13271865248680115,0.12604035437107086,0.13004733622074127,0.01335659995675087,0.23872411251068115,0.5311760902404785,0.010048389434814453,0.5211277008056641,0.541224479675293,-0.2152026891708374,0.2152026891708374,233.81060791015625,233.49090576171875,234.13031005859375,0.047731708735227585
0797,3,0,0,0.0,0.0,60,4,15,5,300,0.2,0.5723529411764705,0.43176470588235294,0.6435294117647059,0.5686274509803921,0.4196078431372549,0.6392156862745098,0.510510265827179,0.9904509782791138,0.8151201605796814,0.9280459880828857,0.29663801193237305,30.630615234375,0.7519054412841797,0.16622869670391083,0.3603536784648895,1.0335949659347534,-0.25179874897003174,0.25179874897003174,246.27833557128906,241.44149780273438,251.7617950439453,0.7364850044250488
0817,1,0,0,0.0,0.0,4,2,2,2,8,0.5,0.5323529411764706,0.32745098039215687,0.653921568627451,0.5333333333333333,0.3254901960784314,0.6549019607843137,0.13185104727745056,0.16962213814258575,0.13698825240135193,0.15656857192516327,0.022267060354351997,0.5274041891098022,0.8267312049865723,0.10166874527931213,0.662825345993042,0.9211012125015259,-0.22389006614685059,0.22389006614685059,231.25498962402344,230.81161499023438,231.7628173828125,0.08053062856197357
0817,2,0,0,0.0,0.0,1,1,1,1,1,1.0,0.5686274509803921,0.5607843137254902,0.6235294117647059,0.5686274509803921,0.5607843137254902,0.6235294117647059,0.12411151826381683,0.12411151826381683,0.12411151826381683,0.12411151826381683,0.0,0.12411151826381683,0.8018969297409058,0.0,0.8018969297409058,0.8018969297409058,-0.3663046360015869,0.3663046360015869,258.93243408203125,258.93243408203125,258.93243408203125,0.07966404408216476
0833,1,1,24,1.0,0.17777777777777778,24,7,6,2,84,0.2857142857142857,0.4991830065359477,0.6233660130718954,0.5522875816993464,0.49411764705882355,0.6235294117647059,0.5529411764705883,0.1409824788570404,0.19463761150836945,0.1538606584072113,0.1731555163860321,0.023477165028452873,3.3835794925689697,0.8894824981689453,0.2240317165851593,0.48733073472976685,1.3425936698913574,-0.5328985452651978,0.5328985452651978,248.11805725097656,245.71934509277344,252.08926391601562,0.19773472845554352
0837,1,0,0,0.0,0.0,1,1,1,1,1,1.0,0.48627450980392156,0.33725490196078434,0.5725490196078431,0.48627450980392156,0.33725490196078434,0.5725490196078431,0.14648748934268951,0.14648748934268951,0.14648748934268951,0.14648748934268951,0.0,0.14648748934268951,0.48865675926208496,0.0,0.48865675926208496,0.48865675926208496,-0.23030322790145874,0.23030322790145874,210.5635223388672,210.5635223388672,210.5635223388672,0.046987637877464294
0842,1,1,351,0.616871704745167,0.013665563558497178,569,11,12,11,1452,0.3918732782369146,0.2894448464798925,0.48431717150832215,0.45994003928460664,0.2901960784313726,0.4823529411764706,0.4588235294117647,0.8130437135696411,0.9999206066131592,0.9992589950561523,0.999713659286499,0.28240230679512024,462.6218566894531,0.036408327519893646,0.2541545629501343,-0.45259666442871094,0.5662731528282166,-0.2867843583226204,0.2867843583226204,186.06118774414062,182.087890625,191.1779327392578,0.975348711013794
0842,2,0,0,0.0,0.0,243,10,10,7,700,0.34714285714285714,0.3168401516985395,0.45083514887436454,0.6150891632373114,0.3176470588235294,0.45098039215686275,0.615686274509804,0.7130100727081299,0.9997289776802063,0.9933963418006897,0.9992668628692627,0.3089224100112915,173.26144409179688,0.09874026477336884,0.26893752813339233,-0.5365691781044006,0.6558966040611267,-0.23788999021053314,0.23788999021053314,210.98822021484375,207.277587890625,214.34552001953125,0.8487210869789124
0842,3,1,655,0.4337748344370861,0.025042534075051137,1510,21,17,17,6069,0.24880540451474709,0.36863524217634075,0.5408752110115569,0.39581093364498116,0.36470588235294116,0.5450980392156862,0.403921568627451,0.7275488376617432,0.9998640418052673,0.9960695505142212,0.9992190003395081,0.3100316822528839,1098.5987548828125,-0.051418472081422806,0.2602740526199341,-0.6484094262123108,0.4837312698364258,-0.21984543278813362,0.21984543278813362,195.6399688720703,187.7924346923828,202.14845275878906,0.9191104769706726
0842,4,1,42041,0.785225999252895,0.8058385486050545,53540,74,74,59,323084,0.1657154176622798,0.4629045536780271,0.5987537996147283,0.5600308363913366,0.4117647058823529,0.5803921568627451,0.6078431372549019,0.8760370016098022,0.9999926090240479,0.9998506307601929,0.9999239444732666,0.2491464912891388,46903.01953125,-0.17159879207611084,0.31734177470207214,-0.6999116539955139,2.446094512939453,-0.39985060691833496,0.39985060691833496,241.23226928710938,209.0669708251953,272.4206237792969,0.9997777938842773
0842,5,0,0,0.0,0.0,1,1,1,1,1,1.0,0.34509803921568627,0.5254901960784314,0.39215686274509803,0.34509803921568627,0.5254901960784314,0.39215686274509803,0.14070923626422882,0.14070923626422882,0.14070923626422882,0.14070923626422882,0.0,0.14070923626422882,0.3252513110637665,0.0,0.3252513110637665,0.3252513110637665,-0.09353139996528625,0.09353139996528625,189.41224670410156,189.41224670410156,189.41224670410156,0.016641970723867416
0842,6,0,0,0.0,0.0,1,1,1,1,1,1.0,0.3607843137254902,0.5137254901960784,0.396078431372549,0.3607843137254902,0.5137254901960784,0.396078431372549,0.10978759825229645,0.10978759825229645,0.10978759825229645,0.10978759825229645,0.0,0.10978759825229645,0.43915337324142456,0.0,0.43915337324142456,0.43915337324142456,-0.06844836473464966,0.06844836473464966,189.76564025878906,189.76564025878906,189.76564025878906,0.012908637523651123
0842,7,0,0,0.0,0.0,115,5,7,6,210,0.5476190476190477,0.37701619778346124,0.38397271952259165,0.5549190110826939,0.3764705882352941,0.3843137254901961,0.5529411764705883,0.6367461085319519,0.995917558670044,0.9164986610412598,0.9766631126403809,0.2954963445663452,73.22579956054688,0.914069414138794,0.07970134913921356,0.7203558087348938,1.0770601034164429,-0.21441292762756348,0.21441292762756348,197.60919189453125,193.80918884277344,201.34796142578125,0.42919859290122986
0842,8,0,0,0.0,0.0,27,4,4,3,48,0.5625,0.3821350762527233,0.4371822803195352,0.576325344952796,0.3803921568627451,0.4392156862745098,0.5764705882352941,0.13851462304592133,0.22466890513896942,0.152130126953125,0.18143557012081146,0.030647987499833107,3.7398948669433594,0.687946081161499,0.06977124512195587,0.533424973487854,0.7986105680465698,-0.2332930564880371,0.2332930564880371,209.09130859375,207.4752960205078,210.35446166992188,0.09400603920221329
0842,9,0,0,0.0,0.0,11,3,3,2,18,0.6111111111111112,0.3964349376114082,0.21212121212121213,0.4324420677361854,0.396078431372549,0.21568627450980393,0.43137254901960786,0.141225203871727,0.18924826383590698,0.15677835047245026,0.1881192922592163,0.02751024439930916,1.553477168083191,0.9927024245262146,0.0503605455160141,0.916286051273346,1.0800319910049438,-0.13480550050735474,0.13480550050735474,159.716796875,158.79861450195312,160.4680633544922,0.10824088007211685
0842,10,0,0,0.0,0.0,2,2,1,1,2,1.0,0.3980392156862745,0.21568627450980393,0.4235294117647059,0.4,0.21568627450980393,0.4235294117647059,0.13021330535411835,0.13023734092712402,0.13022533059120178,0.1302325278520584,2.403557300567627e-05,0.2604266107082367,0.9727001190185547,0.009027361869812012,0.9636727571487427,0.9817274808883667,-0.11815977096557617,0.11815977096557617,158.73057556152344,158.40769958496094,159.05345153808594,0.012355555780231953
0842,11,0,0,0.0,0.0,3,3,1,1,3,1.0,0.43137254901960786,0.5058823529411764,0.4823529411764706,0.43137254901960786,0.5058823529411764,0.4823529411764706,0.11607430130243301,0.1388583481311798,0.12259045988321304,0.13235118985176086,0.01616632752120495,0.34822291135787964,0.7075002789497375,0.0369875505566597,0.6712104678153992,0.7582704424858093,-0.08475488424301147,0.08475488424301147,209.97972106933594,209.45166015625,210.5089111328125,0.02515074424445629
0842,12,1,1204,0.6394052044609665,0.045706476349555845,1883,12,29,14,4872,0.3864942528735632,0.47242510387054454,0.47475347016129876,0.6922099694896546,0.4666666666666667,0.4823529411764706,0.6784313725490196,0.791126549243927,0.9999222159385681,0.9989511966705322,0.9996206760406494,0.2956094741821289,1489.6912841796875,0.034731123596429825,0.30322906374931335,-0.6579921841621399,0.6743326187133789,-0.2908868156373501,0.2908868156373501,246.19664001464844,234.9340362548828,254.31475830078125,0.9943748116493225
0842,13,0,0,0.0,0.0,23,3,4,3,36,0.6388888888888888,0.5926683716965047,0.23052003410059677,0.3410059676044331,0.592156862745098,0.23137254901960785,0.3411764705882353,0.14734101295471191,0.19542889297008514,0.16213048994541168,0.17703475058078766,0.024491485208272934,3.388843297958374,0.6260133981704712,0.09667667001485825,0.2774662673473358,0.7856637239456177,-0.07680994272232056,0.07680994272232056,184.8287353515625,183.1966094970703,186.42156982421875,0.1229943260550499
0842,14,1,532,0.6633416458852868,0.020618956262232816,802,14,16,12,2688,0.29836309523809523,0.6117451469365801,0.559566769351132,0.38266099457239255,0.6078431372549019,0.5529411764705883,0.37254901960784315,0.6258732080459595,0.9993014335632324,0.9286029934883118,0.9924840331077576,0.3059934675693512,501.9503173828125,-0.10730905085802078,0.17086756229400635,-0.5016453862190247,0.33492353558540344,-0.20657409727573395,0.20657409727573395,233.54637145996094,226.825927734375,243.3187255859375,0.8828266263008118
0842,15,0,0,0.0,0.0,953,13,33,15,6435,0.14809634809634808,0.6454498693496286,0.44614941464518654,0.5756352488529515,0.6392156862745098,0.4666666666666667,0.5803921568627451,0.7209773659706116,0.9999873638153076,0.9899985194206238,0.9994369745254517,0.2974663972854614,687.0914306640625,0.46574968099594116,0.11456283181905746,0.14841638505458832,0.7073764801025391,-0.1896500587463379,0.1896500587463379,248.96351623535156,239.35330200195312,255.81439208984375,0.9731897115707397
0842,16,1,2641,0.867893526125534,0.09809820964267142,3043,24,22,21,11088,0.27444083694083693,0.6966757521279955,0.25245468545617394,0.4413897534038262,0.7019607843137254,0.23137254901960785,0.44313725490196076,0.7994388937950134,0.9999440908432007,0.9990396499633789,0.9996813535690308,0.2823638916015625,2432.692626953125,0.2761363983154297,0.29432520270347595,-0.37555694580078125,1.0166186094284058,-0.2698703408241272,0.2698703408241272,220.8665008544922,211.78762817382812,231.58151245117188,0.9723031520843506
0842,17,0,0,0.0,0.0,7,3,2,2,12,0.5833333333333334,0.6554621848739496,0.43417366946778707,0.5669467787114847,0.6549019607843137,0.43529411764705883,0.5686274509803921,0.26569464802742004,0.45090311765670776,0.3155338168144226,0.4212910234928131,0.1049007922410965,1.8598625659942627,0.46439701318740845,0.06600829213857651,0.3342074453830719,0.5293805599212646,-0.16087943315505981,0.16087943315505981,247.85305786132812,247.10321044921875,248.81117248535156,0.12113749235868454
0877,1,1,1058,0.7901418969380134,0.6581648522550544,1339,22,25,11,6050,0.22132231404958677,0.4900992963005817,0.7125154141410632,0.3652323370356835,0.4647887323943662,0.7286821705426356,0.375886524822695,0.7707728147506714,1.0,0.9999122619628906,0.9999962449073792,0.3011628985404968,1032.0648193359375,0.31048762798309326,0.27396002411842346,-0.4550454914569855,1.0186079740524292,-0.1375523805618286,0.1375523805618286,253.2068634033203,244.4483642578125,261.5377502441406,0.9936909079551697
0877,2,1,529,0.7711370262390671,0.4129586260733802,686,11,14,12,1848,0.3712121212121212,0.593289327803556,0.6197595317196646,0.3409683022145028,0.5845070422535211,0.6201550387596899,0.3333333333333333,0.8366451263427734,1.0,0.9999996423721313,1.0,0.2806175947189331,573.9385375976562,0.5774290561676025,0.30534860491752625,-0.16407643258571625,1.4211297035217285,-0.2933204770088196,0.2933204770088196,252.09934997558594,246.55020141601562,257.7382507324219,0.9987712502479553
0880,1,0,0,0.0,0.0,19,3,4,3,36,0.5277777777777778,0.5535603715170279,0.6685242518059856,0.7095975232198143,0.5529411764705883,0.6705882352941176,0.7098039215686275,0.29480403661727905,0.586891770362854,0.30228161811828613,0.4506189823150635,0.11266771703958511,5.601276874542236,0.6497277617454529,0.1695133000612259,0.3346783220767975,0.9248412847518921,-0.2993133068084717,0.2993133068084717,286.3794860839844,284.8244934082031,287.8749694824219,0.3627009689807892
0890,1,0,0,0.0,0.0,41,5,6,4,120,0.3416666666666667,0.689143950263032,0.47986609277857484,0.5535150645624104,0.6941176470588235,0.4823529411764706,0.5529411764705883,0.20305144786834717,0.37598806619644165,0.2657167911529541,0.32797425985336304,0.07690046727657318,8.325109481811523,0.01435808278620243,0.29389551281929016,-0.42717453837394714,0.5144699811935425,-0.2444289829581976,0.2444289829581976,257.1617736816406,255.23910522460938,258.94207763671875,0.2324475198984146
0891,1,0,0,0.0,0.0,5,2,2,2,8,0.625,0.37110266159695815,0.517557251908397,0.3906614785992218,0.3688212927756654,0.5190839694656488,0.38910505836575876,0.14891250431537628,0.19631314277648926,0.1774255633354187,0.18875810503959656,0.03371404856443405,0.7445625066757202,1.415540099143982,0.03930862993001938,1.3739155530929565,1.4743101596832275,-0.290069580078125,0.290069580078125,195.4223175048828,194.4967803955078,196.20907592773438,0.11540988087654114
0891,2,0,0,0.0,0.0,3,2,2,1,4,0.75,0.38910012674271227,0.5559796437659033,0.36964980544747084,0.38783269961977185,0.5572519083969466,0.36964980544747084,0.1690416783094406,0.23158907890319824,0.18964819610118866,0.2148127257823944,0.044966090470552444,0.5071250200271606,1.168559193611145,0.05230407416820526,1.1230412721633911,1.2418123483657837,-0.2926727533340454,0.2926727533340454,202.29124450683594,201.64076232910156,202.87188720703125,0.23904739320278168
0891,3,1,145,0.6904761904761905,0.2826510721247563,210,9,13,7,819,0.2564102564102564,0.460420061560746,0.5971283169756452,0.5531962201222902,0.4600760456273764,0.5992366412213741,0.556420233463035,0.7017068266868591,0.9999991655349731,0.9994296431541443,0.9999808073043823,0.3336584270000458,147.35842895507812,1.3288460969924927,0.2270006537437439,0.37018343806266785,1.7002928256988525,-0.10113155841827393,0.10113155841827393,244.1398468017578,239.9291534423828,248.5055389404297,0.9830173850059509
0891,4,0,0,0.0,0.0,1,1,1,1,1,1.0,0.45627376425855515,0.5801526717557252,0.5642023346303502,0.45627376425855515,0.5801526717557252,0.5642023346303502,0.1094527468085289,0.1094527468085289,0.1094527468085289,0.1094527468085289,0.0,0.1094527468085289,1.3944182395935059,0.0,1.3944182395935059,1.3944182395935059,-0.24827373027801514,0.24827373027801514,242.4252471923828,242.4252471923828,242.4252471923828,0.0034545455127954483
0891,5,0,0,0.0,0.0,6,2,2,3,12,0.5,0.4632446134347275,0.6208651399491094,0.5324254215304799,0.46387832699619774,0.6221374045801527,0.5330739299610895,0.28259846568107605,0.5681461095809937,0.424191951751709,0.5336271524429321,0.18056270480155945,1.695590853691101,1.2270323038101196,0.12834197282791138,1.010149359703064,1.4329041242599487,-0.13783276081085205,0.13783276081085205,245.5043182373047,244.68142700195312,246.45892333984375,0.2043916881084442
0891,6,1,10,0.9090909090909091,0.02418379685610641,11,5,2,2,20,0.55,0.5171102661596958,0.5867453157529493,0.5394411036434382,0.5171102661596958,0.5877862595419847,0.5408560311284046,0.19991184771060944,0.28311359882354736,0.2473791092634201,0.26493775844573975,0.05440976470708847,2.1990303993225098,0.9640359282493591,0.28242239356040955,0.5086714029312134,1.4025499820709229,-0.2794860005378723,0.2794860005378723,248.23826599121094,246.951416015625,249.71583557128906,0.13033348321914673
0891,7,1,105,0.75,0.2196652719665272,140,6,9,11,594,0.2356902356902357,0.5653720803910919,0.6122955288985824,0.5996386881600889,0.5703422053231939,0.6145038167938931,0.603112840466926,0.6742815375328064,0.9999585747718811,0.9693339467048645,0.9982890486717224,0.30441588163375854,94.3994140625,0.8229628205299377,0.261012464761734,0.1776033490896225,1.298850417137146,-0.2880536913871765,0.2880536913871765,268.1336975097656,262.7908020019531,274.4029846191406,0.9664028286933899
0891,8,1,78,0.5454545454545454,0.16266944734098018,143,8,8,9,576,0.2482638888888889,0.5711132973490388,0.5889873485293332,0.5532638567658024,0.5703422053231939,0.5916030534351145,0.556420233463035,0.48652809858322144,0.9870646595954895,0.7149902582168579,0.8395547270774841,0.26427650451660156,69.57351684570312,1.1530640125274658,0.2388601005077362,0.36432698369026184,1.5496615171432495,-0.14808666706085205,0.14808666706085205,258.6466369628906,255.33116149902344,263.374267578125,0.8801347613334656
0891,9,0,0,0.0,0.0,2,2,1,1,2,1.0,0.5722433460076045,0.5687022900763359,0.5603112840466926,0.5703422053231939,0.5687022900763359,0.5603112840466926,0.17117777466773987,0.19625289738178253,0.1837153434753418,0.19123786687850952,0.025075115263462067,0.34235554933547974,1.1932032108306885,0.06493842601776123,1.1282647848129272,1.2581416368484497,-0.08593189716339111,0.08593189716339111,256.6893310546875,256.39422607421875,256.98443603515625,0.08887526392936707
0891,10,0,0,0.0,0.0,5,2,2,3,12,0.4166666666666667,0.5771863117870722,0.5786259541984733,0.5766536964980544,0.5779467680608364,0.5801526717557252,0.5758754863813229,0.15747985243797302,0.19891928136348724,0.18001726269721985,0.19135847687721252,0.03589623421430588,0.7873992919921875,1.231170892715454,0.08257485926151276,1.0849686861038208,1.3299412727355957,-0.24369597434997559,0.24369597434997559,261.3316955566406,260.4208068847656,262.133544921875,0.21567656099796295
0891,11,0,0,0.0,0.0,1,1,1,1,1,1.0,0.5741444866920152,0.583969465648855,0.5836575875486382,0.5741444866920152,0.583969465648855,0.5836575875486382,0.10351449251174927,0.10351449251174927,0.10351449251174927,0.10351449251174927,0.0,0.10351449251174927,1.122613787651062,0.0,1.122613787651062,1.122613787651062,-0.3419095277786255,0.3419095277786255,262.7032470703125,262.7032470703125,262.7032470703125,0.14578983187675476
0891,12,1,2,1.0,0.004889975550122249,2,1,2,1,2,1.0,0.5817490494296578,0.5858778625954199,0.5447470817120622,0.5817490494296578,0.583969465648855,0.5447470817120622,0.10159757733345032,0.10168040543794632,0.10163899511098862,0.10166384279727936,8.282437920570374e-05,0.20319515466690063,1.1271731853485107,0.04751121997833252,1.0796619653701782,1.1746844053268433,-0.07506787776947021,0.07506787776947021,258.6086120605469,258.31182861328125,258.9053955078125,0.10131623595952988
0891,13,0,0,0.0,0.0,33,4,6,3,72,0.4583333333333333,0.6471943772324,0.5178117048346056,0.38544982902959557,0.6463878326996197,0.5152671755725191,0.3852140077821012,0.4073004722595215,0.7157243490219116,0.563800573348999,0.6548983454704285,0.17848923802375793,13.44091510772705,0.8653423190116882,0.367451012134552,0.186361163854599,1.4343641996383667,-0.6358892321586609,0.6358892321586609,239.8641815185547,237.88442993164062,241.86566162109375,0.1881362348794937
0894,1,0,0,0.0,0.0,31,4,3,5,60,0.5166666666666667,0.2574320050600885,0.4492093611638204,0.6150537634408603,0.25882352941176473,0.45098039215686275,0.615686274509804,0.4499502182006836,0.8888003826141357,0.7430888414382935,0.7915168404579163,0.25978589057922363,13.948456764221191,0.5741406679153442,0.1906438022851944,0.2657889127731323,0.9726324677467346,-0.289129376411438,0.289129376411438,205.3357696533203,203.0911102294922,207.67762756347656,0.47192803025245667
0894,2,0,0,0.0,0.0,1,1,1,1,1,1.0,0.2549019607843137,0.44313725490196076,0.592156862745098,0.2549019607843137,0.44313725490196076,0.592156862745098,0.10576959699392319,0.10576959699392319,0.10576959699392319,0.10576959699392319,0.0,0.10576959699392319,0.47754231095314026,0.0,0.47754231095314026,0.47754231095314026,-0.2446606457233429,0.2446606457233429,199.81491088867188,199.81491088867188,199.81491088867188,0.054604850709438324
0894,3,0,0,0.0,0.0,1,1,1,1,1,1.0,0.25882352941176473,0.44313725490196076,0.596078431372549,0.25882352941176473,0.44313725490196076,0.596078431372549,0.11341297626495361,0.11341297626495361,0.11341297626495361,0.11341297626495361,0.0,0.11341297626495361,0.6395993828773499,0.0,0.6395993828773499,0.6395993828773499,-0.164592444896698,0.164592444896698,200.9029541015625,200.9029541015625,200.9029541015625,0.028145169839262962
0894,4,0,0,0.0,0.0,1,1,1,1,1,1.0,0.25882352941176473,0.4470588235294118,0.592156862745098,0.25882352941176473,0.4470588235294118,0.592156862745098,0.15569913387298584,0.15569913387298584,0.15569913387298584,0.15569913387298584,0.0,0.15569913387298584,0.6836062073707581,0.0,0.6836062073707581,0.6836062073707581,-0.10171115398406982,0.10171115398406982,200.71372985839844,200.71372985839844,200.71372985839844,0.03222937881946564
0894,5,0,0,0.0,0.0,4,2,1,3,6,0.6666666666666666,0.28823529411764703,0.48627450980392156,0.6078431372549019,0.28627450980392155,0.48627450980392156,0.6078431372549019,0.14545652270317078,0.18826894462108612,0.16290375590324402,0.1781228631734848,0.03107302263379097,0.5818260908126831,0.7312818765640259,0.06602076441049576,0.6590417623519897,0.8016370534896851,-0.30839312076568604,0.30839312076568604,212.01785278320312,211.11134338378906,212.92486572265625,0.08179160952568054
0894,6,0,0,0.0,0.0,3,2,2,1,4,0.75,0.30065359477124187,0.48366013071895425,0.6313725490196078,0.30196078431372547,0.4823529411764706,0.6313725490196078,0.16824226081371307,0.22616419196128845,0.19282907247543335,0.21283014118671417,0.044157031923532486,0.504726767539978,0.6736791729927063,0.11257223784923553,0.5205699801445007,0.7880085706710815,-0.31699204444885254,0.31699204444885254,217.1739501953125,216.74639892578125,217.67176818847656,0.11811395734548569
0894,7,1,81,0.4090909090909091,0.007141912445443725,198,13,10,13,1690,0.11715976331360947,0.430461477520301,0.6135868488809666,0.6248564072093483,0.43137254901960786,0.611764705882353,0.6235294117647059,0.6792542338371277,0.9999982118606567,0.996930718421936,0.9999343752861023,0.32764342427253723,134.49234008789062,0.9434877634048462,0.21192015707492828,0.18659964203834534,1.2900956869125366,-0.2026228904724121,0.2026228904724121,249.30914306640625,245.93698120117188,254.1554718017578,0.9903864860534668
0894,8,0,0,0.0,0.0,1,1,1,1,1,1.0,0.44313725490196076,0.42745098039215684,0.6274509803921569,0.44313725490196076,0.42745098039215684,0.6274509803921569,0.22611218690872192,0.22611218690872192,0.22611218690872192,0.22611218690872192,0.0,0.22611218690872192,1.0565539598464966,0.0,1.0565539598464966,1.0565539598464966,-0.1797938346862793,0.1797938346862793,224.67086791992188,224.67086791992188,224.67086791992188,0.013172649778425694
0894,9,0,0,0.0,0.0,5,2,2,2,8,0.625,0.45647058823529413,0.41725490196078435,0.6172549019607844,0.4549019607843137,0.4196078431372549,0.6196078431372549,0.24909615516662598,0.34619560837745667,0.26210328936576843,0.31255868077278137,0.06294974684715271,1.2454807758331299,1.0673917531967163,0.03380807116627693,1.0163657665252686,1.1131500005722046,-0.18547725677490234,0.18547725677490234,223.3361358642578,222.65219116210938,223.8347625732422,0.06026061996817589
0894,10,0,0,0.0,0.0,35,4,5,4,80,0.4375,0.45938375350140054,0.5300840336134454,0.6328291316526611,0.4588235294117647,0.5333333333333333,0.6274509803921569,0.5842428207397461,0.9611170887947083,0.7714231014251709,0.9007295370101929,0.2607799172401428,20.448497772216797,1.3148728609085083,0.13283327221870422,1.0676275491714478,1.6265919208526611,-0.11141085624694824,0.11141085624694824,241.39581298828125,239.82077026367188,242.80650329589844,0.7009711861610413
0894,11,0,0,0.0,0.0,1,1,1,1,1,1.0,0.4627450980392157,0.6078431372549019,0.596078431372549,0.4627450980392157,0.6078431372549019,0.596078431372549,0.1314445286989212,0.1314445286989212,0.1314445286989212,0.1314445286989212,0.0,0.1314445286989212,0.8139706254005432,0.0,0.8139706254005432,0.8139706254005432,-0.09429097175598145,0.09429097175598145,247.56817626953125,247.56817626953125,247.56817626953125,0.02160000056028366
0894,12,1,16771,0.6422963501972349,0.690221417400609,26111,58,62,45,161820,0.1613582993449512,0.6189588791742043,0.6148905765055821,0.444133154008415,0.6392156862745098,0.6431372549019608,0.4980392156862745,0.7400718331336975,0.9999992847442627,0.9929139614105225,0.9999111890792847,0.28916341066360474,19324.015625,0.2782761752605438,0.33782604336738586,-0.8169362545013428,1.7226420640945435,-0.3486665189266205,0.3486665189266205,250.69598388671875,229.55174255371094,286.8971862792969,0.9849134683609009
0894,13,1,260,0.4914933837429111,0.02259494220909012,529,19,16,10,3040,0.17401315789473684,0.5295229623040142,0.7641795470551169,0.46450943326290817,0.5372549019607843,0.7529411764705882,0.4666666666666667,0.3972328007221222,0.9888061285018921,0.5472936630249023,0.6971408724784851,0.21678315103054047,210.1361541748047,-0.04941517859697342,0.4498911201953888,-0.8579735159873962,1.7668108940124512,-0.3930347338318825,0.3930347338318825,265.57208251953125,255.646240234375,271.7278137207031,0.33716705441474915
0894,14,0,0,0.0,0.0,114,10,7,4,280,0.40714285714285714,0.5308221534227726,0.5681458548331613,0.47354661162710693,0.5372549019607843,0.5686274509803921,0.47843137254901963,0.27580487728118896,0.496921181678772,0.3529510796070099,0.42773646116256714,0.10274846106767654,31.441757202148438,0.560940146446228,0.23287487030029297,0.13081997632980347,1.2103540897369385,-0.36000877618789673,0.36000877618789673,232.74246215820312,229.6976318359375,237.43209838867188,0.4491316080093384
0894,15,0,0,0.0,0.0,14,4,3,3,36,0.3888888888888889,0.5473389355742297,0.44257703081232497,0.6352941176470588,0.5490196078431373,0.44313725490196076,0.6352941176470588,0.2676709294319153,0.5568562150001526,0.3336581587791443,0.4638718366622925,0.12918446958065033,3.7473931312561035,1.085938811302185,0.042786676436662674,1.028579831123352,1.1863207817077637,-0.16769683361053467,0.16769683361053467,242.36734008789062,240.966796875,243.8155059814453,0.1534854769706726
0894,16,1,7,1.0,0.0006224435354792816,7,4,2,2,16,0.4375,0.5624649859943978,0.5596638655462185,0.4481792717086835,0.5647058823529412,0.5607843137254902,0.4470588235294118,0.12539726495742798,0.1566074937582016,0.14528095722198486,0.15649180114269257,0.022296398878097534,0.8777808547019958,0.13117161393165588,0.09844919294118881,0.009994817897677422,0.2871036231517792,-0.20840096473693848,0.20840096473693848,232.99940490722656,231.5361785888672,234.01068115234375,0.12290530651807785
0894,17,0,0,0.0,0.0,7,3,1,5,15,0.4666666666666667,0.5725490196078431,0.6823529411764706,0.5249299719887955,0.5764705882352941,0.6823529411764706,0.5215686274509804,0.13148155808448792,0.14683100581169128,0.14070630073547363,0.14378704130649567,0.014724412001669407,0.9203709363937378,0.9524788856506348,0.10594695061445236,0.7190719842910767,1.0626078844070435,-0.11638414859771729,0.11638414859771729,264.20477294921875,263.2660217285156,265.294189453125,0.2348039746284485
0894,18,0,0,0.0,0.0,2,2,1,1,2,1.0,0.6098039215686275,0.7058823529411765,0.5058823529411764,0.611764705882353,0.7058823529411765,0.5058823529411764,0.1111120879650116,0.11366481333971024,0.11238844692707062,0.11315426975488663,0.0025527290999889374,0.2222241759300232,0.9931561946868896,0.017300516366958618,0.9758556485176086,1.0104566812515259,-0.06027376651763916,0.06027376651763916,271.17047119140625,270.88189697265625,271.4590148925781,0.051782846450805664
0894,19,0,0,0.0,0.0,1,1,1,1,1,1.0,0.6313725490196078,0.5529411764705883,0.4745098039215686,0.6313725490196078,0.5529411764705883,0.4745098039215686,0.1192331314086914,0.1192331314086914,0.1192331314086914,0.1192331314086914,0.0,0.1192331314086914,0.9462149143218994,0.0,0.9462149143218994,0.9462149143218994,-0.20537149906158447,0.20537149906158447,246.50759887695312,246.50759887695312,246.50759887695312,0.03262048587203026
0894,20,1,2,1.0,0.00017788055320852047,2,2,1,1,2,1.0,0.6372549019607843,0.7529411764705882,0.4980392156862745,0.6352941176470588,0.7529411764705882,0.4980392156862745,0.2383037656545639,0.2597323954105377,0.24901807308197021,0.2554466724395752,0.021428629755973816,0.4766075313091278,0.051603034138679504,0.014210650697350502,0.03739238157868385,0.06581368297338486,-0.29899244010448456,0.29899244010448456,282.3569030761719,282.0673828125,282.64642333984375,0.16931714117527008
0894,21,0,0,0.0,0.0,10,3,3,4,36,0.2777777777777778,0.6580392156862745,0.4905882352941176,0.4768627450980392,0.6588235294117647,0.49019607843137253,0.4745098039215686,0.15988236665725708,0.229232519865036,0.1998918503522873,0.21863235533237457,0.04357901215553284,1.5988236665725708,1.1487083435058594,0.08986622840166092,1.0375416278839111,1.287904977798462,-0.2907752990722656,0.2907752990722656,242.7581024169922,241.83465576171875,243.7560272216797,0.10639258474111557
0894,22,0,0,0.0,0.0,1,1,1,1,1,1.0,0.6549019607843137,0.5254901960784314,0.4,0.6549019607843137,0.5254901960784314,0.4,0.10511776059865952,0.10511776059865952,0.10511776059865952,0.10511776059865952,0.0,0.10511776059865952,0.16089439392089844,0.0,0.16089439392089844,0.16089439392089844,-0.46889597177505493,0.46889597177505493,237.87391662597656,237.87391662597656,237.87391662597656,0.0950334370136261
0894,23,0,0,0.0,0.0,1,1,1,1,1,1.0,0.6549019607843137,0.6431372549019608,0.5137254901960784,0.6549019607843137,0.6431372549019608,0.5137254901960784,0.12413560599088669,0.12413560599088669,0.12413560599088669,0.12413560599088669,0.0,0.12413560599088669,0.28142526745796204,0.0,0.28142526745796204,0.28142526745796204,-0.38979998230934143,0.38979998230934143,268.85125732421875,268.85125732421875,268.85125732421875,0.23572665452957153
0894,24,1,5,1.0,0.00044464206313917296,5,2,2,2,8,0.625,0.6564705882352941,0.7545098039215686,0.5152941176470588,0.6588235294117647,0.7529411764705882,0.5137254901960784,0.1791573166847229,0.19134578108787537,0.18487361073493958,0.18875691294670105,0.00869834516197443,0.8957865834236145,-0.013927772641181946,0.11455172300338745,-0.1608179360628128,0.12378790974617004,-0.21615822613239288,0.21615822613239288,287.4766540527344,286.7908630371094,287.91839599609375,0.21574336290359497
0894,25,0,0,0.0,0.0,2,2,1,1,2,1.0,0.6607843137254902,0.5215686274509804,0.38823529411764707,0.6627450980392157,0.5215686274509804,0.38823529411764707,0.18914403021335602,0.24659305810928345,0.21786853671073914,0.23510324954986572,0.05744902789592743,0.37828806042671204,0.15010197460651398,0.05747548118233681,0.09262648969888687,0.20757745206356049,-0.12938813865184784,0.12938813865184784,237.10836791992188,236.7509307861328,237.46578979492188,0.07110390812158585
0894,26,0,0,0.0,0.0,3,1,2,2,4,0.75,0.6588235294117647,0.5281045751633987,0.4300653594771242,0.6588235294117647,0.5294117647058824,0.42745098039215684,0.158552885055542,0.2062482237815857,0.18400371074676514,0.197350412607193,0.04031585156917572,0.475658655166626,1.0825365781784058,0.07145949453115463,0.987223207950592,1.159282922744751,-0.29400479793548584,0.29400479793548584,242.328857421875,242.10948181152344,242.6643829345703,0.09552618116140366
0894,27,0,0,0.0,0.0,10,3,4,2,24,0.4166666666666667,0.6619607843137255,0.6572549019607843,0.5149019607843137,0.6627450980392157,0.6588235294117647,0.5137254901960784,0.22183501720428467,0.42477309703826904,0.2637999653816223,0.3850752115249634,0.10388301312923431,2.2183501720428467,0.5535953044891357,0.13609535992145538,0.21049246191978455,0.7337408661842346,-0.3577510714530945,0.3577510714530945,272.32891845703125,271.32452392578125,273.0347900390625,0.16006141901016235
0894,28,1,1,1.0,8.894423196655697e-05,1,1,1,1,1,1.0,0.6745098039215687,0.7098039215686275,0.5098039215686274,0.6745098039215687,0.7098039215686275,0.5098039215686274,0.12991875410079956,0.12991875410079956,0.12991875410079956,0.12991875410079956,0.0,0.12991875410079956,0.41384270787239075,0.0,0.41384270787239075,0.41384270787239075,-0.17297974228858948,0.17297974228858948,282.11700439453125,282.11700439453125,282.11700439453125,0.34933048486709595
0894,29,1,4,0.4444444444444444,0.00035565039566106516,9,2,5,3,30,0.3,0.6928104575163399,0.5664488017429194,0.4082788671023965,0.6941176470588235,0.5686274509803921,0.40784313725490196,0.18079839646816254,0.3101405203342438,0.24359332025051117,0.2732565402984619,0.07271704077720642,1.627185583114624,0.19664935767650604,0.1781608611345291,-0.05363485589623451,0.5466369390487671,-0.31566907465457916,0.31566907465457916,251.5361328125,250.32778930664062,252.6182861328125,0.044952504336833954
0902,1,0,0,0.0,0.0,143,8,6,5,240,0.5958333333333333,0.3574660633484163,0.7610585492938434,0.39182778006307417,0.3568627450980392,0.7607843137254902,0.39215686274509803,0.5770111083984375,0.9984217882156372,0.8348807096481323,0.9763562083244324,0.28492823243141174,82.51258850097656,0.6948181986808777,0.3109237551689148,0.09306961297988892,1.7169373035430908,-0.22802019119262695,0.22802019119262695,236.94590759277344,233.5979461669922,240.51194763183594,0.7288934588432312
0902,2,0,0,0.0,0.0,1,1,1,1,1,1.0,0.7058823529411765,0.6078431372549019,0.41568627450980394,0.7058823529411765,0.6078431372549019,0.41568627450980394,0.14380615949630737,0.14380615949630737,0.14380615949630737,0.14380615949630737,0.0,0.14380615949630737,0.929609477519989,0.0,0.929609477519989,0.929609477519989,-0.35920315980911255,0.35920315980911255,260.8102722167969,260.8102722167969,260.8102722167969,0.05425392836332321
0911,1,1,88,0.3295880149812734,0.18683651804670912,267,9,9,11,891,0.2996632996632997,0.2785929353014614,0.4197987809355952,0.5039729749577734,0.28627450980392155,0.4196078431372549,0.5098039215686274,0.6181935667991638,1.0,0.9980658888816833,0.9999957084655762,0.3528512120246887,165.05767822265625,1.2021507024765015,0.5291418433189392,-0.06126726418733597,2.5523486137390137,-0.05304360389709473,0.05304360389709473,182.13075256347656,177.2314910888672,186.89569091796875,0.9377305507659912
0911,2,1,472,0.38064516129032255,0.4929503916449086,1240,12,14,22,3696,0.3354978354978355,0.2886559139784946,0.43122707147375083,0.5706862745098039,0.2784313725490196,0.42745098039215684,0.5568627450980392,0.8080061078071594,1.0,0.9999977350234985,0.9999998807907104,0.29325807094573975,1001.9275512695312,0.8227167725563049,0.5639516711235046,-0.6853047609329224,2.3320999145507812,-0.4212871193885803,0.4212871193885803,197.11080932617188,186.8582305908203,207.28965759277344,0.999155580997467
0911,3,0,0,0.0,0.0,1,1,1,1,1,1.0,0.3176470588235294,0.42745098039215684,0.592156862745098,0.3176470588235294,0.42745098039215684,0.592156862745098,0.17332592606544495,0.17332592606544495,0.17332592606544495,0.17332592606544495,0.0,0.17332592606544495,0.7463106513023376,0.0,0.7463106513023376,0.7463106513023376,-0.9262675642967224,0.9262675642967224,203.48464965820312,203.48464965820312,203.48464965820312,0.01472876314073801
0922,1,1,608,0.7220902612826603,0.3945489941596366,842,10,19,13,2470,0.3408906882591093,0.29791307525480815,0.4880088459333279,0.5169664065151001,0.2976588628762542,0.4689655172413793,0.5225563909774437,0.8326463103294373,0.9999996423721313,0.9999821186065674,0.9999961853027344,0.26975855231285095,701.0881958007812,-0.03653118014335632,0.3702382445335388,-0.5774325728416443,0.9571102261543274,-0.3704850971698761,0.3704850971698761,216.95449829101562,209.8261260986328,225.1266326904297,0.9984363913536072
0922,2,0,0,0.0,0.0,223,9,10,11,990,0.22525252525252526,0.3202003689428139,0.5614659038193908,0.48417006642165955,0.3177257525083612,0.5551724137931034,0.4849624060150376,0.5823766589164734,0.9999704360961914,0.8807429075241089,0.994225800037384,0.2978634238243103,129.8699951171875,0.008214442059397697,0.2770075798034668,-0.45930615067481995,0.6090903878211975,-0.26634293980896473,0.26634293980896473,229.05990600585938,225.14439392089844,232.66714477539062,0.8296761512756348
0922,3,0,0,0.0,0.0,1,1,1,1,1,1.0,0.32441471571906355,0.46551724137931033,0.42857142857142855,0.32441471571906355,0.46551724137931033,0.42857142857142855,0.1081182211637497,0.1081182211637497,0.1081182211637497,0.1081182211637497,0.0,0.1081182211637497,-0.16067321598529816,0.0,-0.16067321598529816,-0.16067321598529816,-0.17889524064958096,0.17889524064958096,202.05197143554688,202.05197143554688,202.05197143554688,0.0
0922,4,0,0,0.0,0.0,25,5,4,4,80,0.3125,0.33913043478260874,0.5802758620689655,0.510827067669173,0.3411371237458194,0.5793103448275863,0.5112781954887218,0.18083304166793823,0.3012881875038147,0.23994353413581848,0.264112651348114,0.05954154580831528,4.5208258628845215,0.14348164200782776,0.15783154964447021,-0.24180367588996887,0.3970828354358673,-0.18566593527793884,0.18566593527793884,239.31072998046875,238.02940368652344,240.70521545410156,0.1687486618757248
0922,5,0,0,0.0,0.0,1,1,1,1,1,1.0,0.34448160535117056,0.5862068965517241,0.5,0.34448160535117056,0.5862068965517241,0.5,0.10382448881864548,0.10382448881864548,0.10382448881864548,0.10382448881864548,0.0,0.10382448881864548,0.08576259016990662,0.0,0.08576259016990662,0.08576259016990662,-0.1932644248008728,0.1932644248008728,239.59339904785156,239.59339904785156,239.59339904785156,0.02643466740846634
0922,6,1,38,0.6031746031746031,0.03300043421623969,63,8,7,5,280,0.225,0.5326750544141848,0.5327859879584017,0.5367585630743525,0.5351170568561873,0.5310344827586206,0.5375939849624061,0.7087122201919556,0.9998844265937805,0.9847562313079834,0.9994162321090698,0.30011236667633057,44.648868560791016,1.3245875835418701,0.2387864738702774,0.8187568783760071,1.743821382522583,-0.3585859537124634,0.3585859537124634,264.4729309082031,260.06536865234375,269.38818359375,0.9226840138435364
0922,7,1,963,0.45488899385923476,0.4420472802386963,2117,18,23,35,14490,0.1461007591442374,0.5777801299560967,0.6022380401674459,0.625496784000625,0.5719063545150501,0.5827586206896552,0.5864661654135338,0.7514190673828125,1.0,0.9999067783355713,0.9999951124191284,0.312740683555603,1590.754150390625,0.6955997943878174,0.37421897053718567,-0.3403935432434082,1.621214747428894,-0.3258260488510132,0.3258260488510132,297.3634948730469,279.685546875,313.5235290527344,0.9981749653816223
0922,8,1,79,0.45930232558139533,0.06550580431177445,172,8,11,9,792,0.21717171717171718,0.5853426149179435,0.654831595829992,0.6920134638922889,0.5819397993311036,0.6620689655172414,0.6917293233082706,0.3924724757671356,0.9967799186706543,0.5468680262565613,0.7284018397331238,0.2296757996082306,67.50526428222656,-0.014446934685111046,0.3066951036453247,-0.7138369679450989,0.6297062039375305,-0.20299031399190426,0.20299031399190426,317.698486328125,312.443603515625,324.6690673828125,0.4715798497200012
0922,9,0,0,0.0,0.0,12,2,3,3,18,0.6666666666666666,0.6477146042363433,0.4482758620689655,0.4667919799498747,0.6488294314381271,0.4482758620689655,0.46616541353383456,0.19095319509506226,0.29608798027038574,0.21894490718841553,0.24504420161247253,0.05134667456150055,2.291438341140747,0.543759286403656,0.26311689615249634,0.18969351053237915,1.1277155876159668,-0.46563082933425903,0.46563082933425903,264.9781799316406,263.9412841796875,266.1033630371094,0.28793099522590637
0922,10,0,0,0.0,0.0,14,4,4,2,32,0.4375,0.6602962255136168,0.42512315270935963,0.4677765843179377,0.6588628762541806,0.4206896551724138,0.46616541353383456,0.21666550636291504,0.3948862552642822,0.24713212251663208,0.31921911239624023,0.07843537628650665,3.0333170890808105,0.33130618929862976,0.18800507485866547,0.03723461553454399,0.6527653932571411,-0.5251242220401764,0.5251242220401764,264.6816711425781,262.809814453125,266.4601135253906,0.21939657628536224
0922,11,0,0,0.0,0.0,655,9,17,12,1836,0.35675381263616557,0.6803901044193111,0.5703606212161095,0.45425012913964297,0.6722408026755853,0.5689655172413793,0.45112781954887216,0.5520380735397339,0.9999881982803345,0.8849302530288696,0.9964579343795776,0.30942729115486145,361.5849304199219,-0.08297678828239441,0.380476176738739,-0.753986120223999,1.216876745223999,-0.1720229536294937,0.1720229536294937,289.4306945800781,283.1625061035156,297.0538635253906,0.8912211060523987
0922,12,0,0,0.0,0.0,1,1,1,1,1,1.0,0.6755852842809364,0.6379310344827587,0.5263157894736842,0.6755852842809364,0.6379310344827587,0.5263157894736842,0.10439389944076538,0.10439389944076538,0.10439389944076538,0.10439389944076538,0.0,0.10439389944076538,0.3816053867340088,0.0,0.3816053867340088,0.3816053867340088,0.0007989406585693359,0.0007989406585693359,308.2758483886719,308.2758483886719,308.2758483886719,0.16833344101905823
0940,1,0,0,0.0,0.0,26,7,4,3,84,0.30952380952380953,0.44962292609351434,0.5900452488687783,0.6621417797888386,0.45098039215686275,0.5882352941176471,0.6627450980392157,0.25973692536354065,0.5246862769126892,0.3599640727043152,0.45985156297683716,0.1316053420305252,6.753159999847412,1.3682501316070557,0.06998570263385773,1.2746777534484863,1.5188405513763428,-0.1401430368423462,0.1401430368423462,254.02183532714844,253.3377227783203,255.0509796142578,0.16846129298210144
0940,2,0,0,0.0,0.0,3,2,2,1,4,0.75,0.46013071895424834,0.5777777777777778,0.6627450980392157,0.4627450980392157,0.5764705882352941,0.6627450980392157,0.15504613518714905,0.19897979497909546,0.17265141010284424,0.1884484440088272,0.032893985509872437,0.46513840556144714,1.3305377960205078,0.03963574022054672,1.300387978553772,1.3865361213684082,-0.07099485397338867,0.07099485397338867,253.5177764892578,253.1679229736328,253.7498779296875,0.0835476666688919
0940,3,0,0,0.0,0.0,20,3,5,2,30,0.6666666666666666,0.47058823529411764,0.6962745098039216,0.5505882352941177,0.47058823529411764,0.6980392156862745,0.5529411764705883,0.13136284053325653,0.1908886432647705,0.14720433950424194,0.18415652215480804,0.028546972200274467,2.6272568702697754,-0.3807472586631775,0.16742679476737976,-0.6294010281562805,-0.040016431361436844,-0.3091893643140793,0.3091893643140793,256.66766357421875,254.68804931640625,258.46856689453125,0.09060408174991608
0940,4,0,0,0.0,0.0,5,2,3,1,6,0.8333333333333334,0.49176470588235294,0.38901960784313727,0.6470588235294118,0.49019607843137253,0.38823529411764707,0.6470588235294118,0.2936130166053772,0.5584491491317749,0.44878894090652466,0.5145850777626038,0.17534257471561432,1.4680651426315308,1.7662782669067383,0.026764385402202606,1.724117398262024,1.787934422492981,-0.17448103427886963,0.17448103427886963,230.31103515625,229.57569885253906,230.98484802246094,0.08280134201049805
0940,5,0,0,0.0,0.0,5,2,2,2,8,0.625,0.512156862745098,0.5905882352941176,0.6603921568627451,0.5098039215686274,0.592156862745098,0.6588235294117647,0.18565666675567627,0.3224465548992157,0.17895227670669556,0.2650488317012787,0.07234368473291397,0.9282833337783813,1.347292423248291,0.01924380660057068,1.3303664922714233,1.3843520879745483,-0.1257082223892212,0.1257082223892212,261.453369140625,260.5474853515625,262.2708435058594,0.09936504065990448
0940,6,0,0,0.0,0.0,54,6,5,4,120,0.45,0.5404502541757443,0.5571532316630355,0.8379811183732753,0.5411764705882353,0.5568627450980392,0.8352941176470589,0.20223474502563477,0.2622327208518982,0.2458282709121704,0.25111228227615356,0.049158766865730286,10.920676231384277,0.04511946067214012,0.10098817199468613,-0.13488660752773285,0.26600608229637146,-0.24683484807610512,0.24683484807610512,291.751220703125,289.8603210449219,293.7175598144531,0.21140031516551971
0940,7,0,0,0.0,0.0,32,6,5,4,120,0.26666666666666666,0.580514705882353,0.6441176470588236,0.6616421568627451,0.5764705882352941,0.6470588235294118,0.6627450980392157,0.21705546975135803,0.562992513179779,0.27421170473098755,0.3761405944824219,0.11329280585050583,6.945775032043457,0.9703545570373535,0.05786645784974098,0.8565587401390076,1.0739246606826782,-0.10393083095550537,0.10393083095550537,278.672607421875,277.4130554199219,279.8678283691406,0.24784427881240845
0940,8,0,0,0.0,0.0,4,2,2,2,8,0.5,0.5754901960784313,0.6656862745098039,0.5735294117647058,0.5764705882352941,0.6627450980392157,0.5725490196078431,0.1276955008506775,0.14325624704360962,0.1407642662525177,0.14225944876670837,0.016541972756385803,0.51078200340271,-0.1272425651550293,0.14233797788619995,-0.3250274062156677,0.07385393977165222,-0.19873470067977905,0.19873470067977905,268.3924865722656,267.9197692871094,269.0966491699219,0.19176261126995087
0940,9,0,0,0.0,0.0,101,7,8,4,224,0.45089285714285715,0.6041157056882159,0.5168705105804698,0.4650359153562415,0.6,0.5215686274509804,0.4666666666666667,0.15149599313735962,0.186139777302742,0.17679363489151,0.18265627324581146,0.02613532915711403,15.301095008850098,0.06629376113414764,0.1055142879486084,-0.22960950434207916,0.2930014431476593,-0.15682744979858398,0.15682744979858398,235.5376739501953,232.22402954101562,239.38671875,0.1337674856185913
0940,10,0,0,0.0,0.0,29,4,4,3,48,0.6041666666666666,0.5978363759296822,0.5432048681541582,0.45733603786342125,0.596078431372549,0.5450980392156862,0.4588235294117647,0.1508456915616989,0.19006749987602234,0.17485930025577545,0.18552474677562714,0.024657905101776123,4.37452507019043,0.071525439620018,0.09672372788190842,-0.12501665949821472,0.28401005268096924,-0.20389927923679352,0.20389927923679352,237.3502655029297,235.22117614746094,239.40342712402344,0.07129205763339996
0945,1,0,0,0.0,0.0,13,2,3,4,24,0.5416666666666666,0.31695394906097246,0.5209549071618037,0.42857142857142855,0.3177257525083612,0.5206896551724138,0.42857142857142855,0.30448347330093384,0.4956884980201721,0.37319353222846985,0.44932645559310913,0.10282814502716064,3.958285093307495,0.25849270820617676,0.195172980427742,-0.1543417125940323,0.49220478534698486,-0.24690842628479004,0.24690842628479004,212.11578369140625,210.9146728515625,213.41275024414062,0.16497278213500977
0945,2,1,9,0.75,0.00351288056206089,12,3,3,3,27,0.4444444444444444,0.36872909698996653,0.6330459770114942,0.4329573934837093,0.36789297658862874,0.6310344827586207,0.4323308270676692,0.18163765966892242,0.29510682821273804,0.21134160459041595,0.2853807806968689,0.06193283945322037,2.179651975631714,0.13413427770137787,0.10764192044734955,-0.060416724532842636,0.299946665763855,-0.25414256751537323,0.25414256751537323,243.60540771484375,242.49948120117188,244.9367218017578,0.09291169792413712
0945,3,1,2640,0.8056148916692096,0.6293956371438789,3277,26,29,35,26390,0.12417582417582418,0.43649312171688154,0.6327791398777267,0.5089298620368438,0.4280936454849498,0.6206896551724138,0.4849624060150376,0.821265697479248,1.0,0.9999860525131226,0.9999982118606567,0.2932318449020386,2691.28759765625,0.7072712779045105,0.19736526906490326,-0.2584192454814911,1.182445764541626,-0.13230478763580322,0.13230478763580322,263.34857177734375,251.67042541503906,282.9381408691406,0.999155580997467
0945,4,0,0,0.0,0.0,2,1,1,2,2,1.0,0.40468227424749165,0.6586206896551724,0.5056390977443609,0.40468227424749165,0.6586206896551724,0.5037593984962406,0.11055156588554382,0.11167073249816895,0.11111114919185638,0.11144690215587616,0.0011191628873348236,0.22110313177108765,0.3799905776977539,0.026615425944328308,0.3533751368522644,0.406605988740921,-0.2425401210784912,0.2425401210784912,263.54400634765625,263.288818359375,263.7991638183594,0.060710493475198746
0945,5,0,0,0.0,0.0,1,1,1,1,1,1.0,0.4214046822742475,0.6551724137931034,0.5112781954887218,0.4214046822742475,0.6551724137931034,0.5112781954887218,0.12928728759288788,0.12928728759288788,0.12928728759288788,0.12928728759288788,0.0,0.12928728759288788,0.6775588989257812,0.0,0.6775588989257812,0.6775588989257812,-0.060983359813690186,0.060983359813690186,265.94171142578125,265.94171142578125,265.94171142578125,0.045434676110744476
0945,6,0,0,0.0,0.0,1,1,1,1,1,1.0,0.431438127090301,0.6551724137931034,0.5112781954887218,0.431438127090301,0.6551724137931034,0.5112781954887218,0.13437747955322266,0.13437747955322266,0.13437747955322266,0.13437747955322266,0.0,0.13437747955322266,0.6793388724327087,0.0,0.6793388724327087,0.6793388724327087,-0.11070066690444946,0.11070066690444946,267.3873596191406,267.3873596191406,267.3873596191406,0.05299023166298866
0945,7,0,0,0.0,0.0,2,2,1,1,2,1.0,0.4397993311036789,0.3137931034482759,0.44360902255639095,0.43812709030100333,0.3137931034482759,0.44360902255639095,0.12382608652114868,0.12504065036773682,0.12443336844444275,0.12479773908853531,0.0012145675718784332,0.24765217304229736,0.7633059024810791,0.0507296621799469,0.7125762104988098,0.8140355348587036,-0.14944952726364136,0.14944952726364136,199.402587890625,199.07034301757812,199.7348175048828,0.025970129296183586
0945,8,0,0,0.0,0.0,2,1,2,1,2,1.0,0.451505016722408,0.6327586206896552,0.4473684210526316,0.451505016722408,0.6310344827586207,0.4473684210526316,0.12912461161613464,0.1351834386587143,0.13215401768684387,0.1339716762304306,0.006058827042579651,0.2582492232322693,0.8856171369552612,0.03137198090553284,0.8542451858520508,0.9169891476631165,-0.14793264865875244,0.14793264865875244,257.544921875,257.18865966796875,257.9011535644531,0.05250467360019684
0945,9,0,0,0.0,0.0,22,4,6,3,72,0.3055555555555556,0.45971419884463366,0.6039184952978056,0.5869788106630212,0.45819397993311034,0.603448275862069,0.5864661654135338,0.19020086526870728,0.38419848680496216,0.2377704679965973,0.27530354261398315,0.07914390414953232,4.18441915512085,0.7223489880561829,0.19143137335777283,0.41855618357658386,1.0204349756240845,-0.17009735107421875,0.17009735107421875,272.4391784667969,270.75634765625,274.99090576171875,0.3369504511356354
0945,10,1,9,1.0,0.0035149384885764497,9,4,2,2,16,0.5625,0.5128205128205129,0.4045977011494253,0.48245614035087725,0.5150501672240803,0.40344827586206894,0.48120300751879697,0.33585822582244873,0.548259437084198,0.5127273797988892,0.5466814041137695,0.16756504774093628,3.022724151611328,1.729189395904541,0.07969259470701218,1.6156766414642334,1.8774547576904297,-0.2628462314605713,0.2628462314605713,232.499755859375,231.26174926757812,233.76055908203125,0.1383688598871231
0945,11,0,0,0.0,0.0,31,5,5,5,125,0.248,0.5447189556586471,0.5830923248053392,0.6236963376182392,0.5451505016722408,0.5827586206896552,0.6240601503759399,0.31805554032325745,0.6238903999328613,0.4534226059913635,0.53482985496521,0.15207815170288086,9.859722137451172,0.4757205843925476,0.1708899289369583,0.2175184190273285,0.7773596048355103,-0.2578020691871643,0.2578020691871643,288.0522766113281,286.380859375,289.29742431640625,0.5015071034431458
0945,12,1,809,0.6932305055698372,0.25768434464086637,1167,16,22,29,10208,0.11432210031347963,0.5631969461185958,0.6295334337972402,0.5548253667587992,0.5518394648829431,0.6137931034482759,0.575187969924812,0.7372956871986389,1.0,0.9997580051422119,0.9999960660934448,0.31370076537132263,860.424072265625,0.7607653141021729,0.1810653805732727,0.17575703561306,1.1197681427001953,-0.07094508409500122,0.07094508409500122,289.5958251953125,281.939697265625,298.2834167480469,0.9975137114524841
0945,13,0,0,0.0,0.0,17,4,3,3,36,0.4722222222222222,0.5567578201849301,0.6799188640973631,0.5333923042901371,0.5585284280936454,0.6793103448275862,0.5338345864661654,0.23568877577781677,0.4902251958847046,0.2850220501422882,0.4184340238571167,0.11835212260484695,4.006709098815918,0.7293067574501038,0.08530142903327942,0.5605970025062561,0.8463952541351318,-0.08967477083206177,0.08967477083206177,295.053955078125,293.67669677734375,296.4405517578125,0.20791329443454742
0945,14,0,0,0.0,0.0,2,2,1,1,2,1.0,0.5668896321070234,0.4103448275862069,0.5338345864661654,0.568561872909699,0.4103448275862069,0.5338345864661654,0.11837253719568253,0.12674249708652496,0.12255752086639404,0.12506850063800812,0.008369959890842438,0.23674507439136505,1.2869977951049805,0.017944693565368652,1.2690531015396118,1.3049424886703491,-0.20436489582061768,0.20436489582061768,251.78439331054688,251.44581604003906,252.12298583984375,0.009722352959215641
0945,15,0,0,0.0,0.0,1,1,1,1,1,1.0,0.5919732441471572,0.6310344827586207,0.5488721804511278,0.5919732441471572,0.6310344827586207,0.5488721804511278,0.10649272799491882,0.10649272799491882,0.10649272799491882,0.10649272799491882,0.0,0.10649272799491882,0.9006422162055969,0.0,0.9006422162055969,0.9006422162055969,-0.06783264875411987,0.06783264875411987,294.0901184082031,294.0901184082031,294.0901184082031,0.14833328127861023
0945,16,0,0,0.0,0.0,2,1,2,1,2,1.0,0.5986622073578596,0.6362068965517241,0.5451127819548872,0.5986622073578596,0.6344827586206897,0.5451127819548872,0.4247890114784241,0.4933650493621826,0.45907703042030334,0.4796498417854309,0.06857602298259735,0.8495780229568481,0.9034982919692993,0.013361424207687378,0.8901368975639343,0.9168597459793091,-0.09440004825592041,0.09440004825592041,295.7455139160156,295.43359375,296.05743408203125,0.21185284852981567
0945,17,0,0,0.0,0.0,15,2,4,3,24,0.625,0.603567447045708,0.5793103448275863,0.574937343358396,0.6053511705685619,0.5827586206896552,0.575187969924812,0.37395039200782776,0.7135417461395264,0.6333907246589661,0.6931790709495544,0.23880799114704132,5.609255790710449,0.9380848407745361,0.105205237865448,0.717262327671051,1.1095057725906372,-0.25476527214050293,0.25476527214050293,290.7637939453125,288.8269348144531,292.2344970703125,0.3101674020290375
0945,18,0,0,0.0,0.0,1,1,1,1,1,1.0,0.6086956521739131,0.6448275862068965,0.5526315789473685,0.6086956521739131,0.6448275862068965,0.5526315789473685,0.2047935426235199,0.2047935426235199,0.2047935426235199,0.2047935426235199,0.0,0.2047935426235199,0.7930023074150085,0.0,0.7930023074150085,0.7930023074150085,-0.08703756332397461,0.08703756332397461,300.11163330078125,300.11163330078125,300.11163330078125,0.13891474902629852
0945,19,0,0,0.0,0.0,1,1,1,1,1,1.0,0.6120401337792643,0.6482758620689655,0.556390977443609,0.6120401337792643,0.6482758620689655,0.556390977443609,0.20591428875923157,0.20591428875923157,0.20591428875923157,0.20591428875923157,0.0,0.20591428875923157,0.6647807359695435,0.0,0.6647807359695435,0.6647807359695435,-0.11302751302719116,0.11302751302719116,301.8343811035156,301.8343811035156,301.8343811035156,0.16126610338687897
0945,20,0,0,0.0,0.0,2,1,1,2,2,1.0,0.6187290969899666,0.6517241379310345,0.5770676691729323,0.6187290969899666,0.6517241379310345,0.575187969924812,0.15757203102111816,0.18989591300487518,0.17373397946357727,0.18343113362789154,0.03232388198375702,0.31514406204223633,0.10909998416900635,0.012472402304410934,0.09662757813930511,0.12157238274812698,-0.2003733217716217,0.2003733217716217,306.39752197265625,306.14703369140625,306.64801025390625,0.18849924206733704
0950,1,0,0,0.0,0.0,95,5,10,5,250,0.38,0.4287719298245614,0.5667285861713106,0.6786377708978328,0.43137254901960786,0.5803921568627451,0.6784313725490196,0.6978327035903931,0.999727189540863,0.9233517646789551,0.9923310279846191,0.2520982027053833,66.29410552978516,1.7254942655563354,0.22564056515693665,1.1293580532073975,2.099181652069092,-0.35353386402130127,0.35353386402130127,251.02154541015625,246.98785400390625,254.99215698242188,0.7955209016799927
0950,2,0,0,0.0,0.0,10,3,5,3,45,0.2222222222222222,0.4541176470588235,0.13411764705882354,0.5894117647058824,0.4549019607843137,0.13333333333333333,0.592156862745098,0.22019557654857635,0.33728715777397156,0.2840866148471832,0.3084379732608795,0.07833389192819595,2.201955795288086,1.1724612712860107,0.31560957431793213,0.6743789315223694,1.5843369960784912,-0.7405813932418823,0.7405813932418823,193.40115356445312,192.23162841796875,194.45822143554688,0.1610703468322754
0951,1,1,33,0.825,0.03054141601110597,40,6,6,4,144,0.2777777777777778,0.39882352941176474,0.6191176470588236,0.671470588235294,0.396078431372549,0.6196078431372549,0.6705882352941176,0.3736422061920166,0.6836819052696228,0.530023992061615,0.6163567304611206,0.17004252970218658,14.945688247680664,0.4249376356601715,0.17719189822673798,0.03453478217124939,0.751250147819519,-0.44346168637275696,0.44346168637275696,254.54623413085938,253.0849609375,256.3786315917969,0.3879564702510834
0951,2,1,1642,0.7793070716658757,0.7767265846736046,2107,31,26,32,25792,0.08169199751861042,0.6086527634309539,0.28968238458173967,0.6207059568013251,0.6196078431372549,0.3058823529411765,0.6313725490196078,0.6997042298316956,1.0,0.999676525592804,0.9999927878379822,0.3095272183418274,1474.27685546875,0.3447750508785248,0.3053646981716156,-0.7644636034965515,1.0097697973251343,-0.3473975360393524,0.3473975360393524,234.39759826660156,215.02093505859375,259.43206787109375,0.9916545152664185
0977,1,0,0,0.0,0.0,90,11,5,7,385,0.23376623376623376,0.367843137254902,0.49681917211328974,0.5348148148148147,0.35294117647058826,0.4980392156862745,0.5294117647058824,0.5826260447502136,0.9994783401489258,0.7840180397033691,0.9505468606948853,0.2691946029663086,52.436344146728516,0.9703523516654968,0.5272414684295654,-0.046344026923179626,1.9341827630996704,-0.6579546332359314,0.6579546332359314,208.9078369140625,204.73886108398438,213.1900634765625,0.5533326864242554
0977,2,0,0,0.0,0.0,1,1,1,1,1,1.0,0.39215686274509803,0.4823529411764706,0.5294117647058824,0.39215686274509803,0.4823529411764706,0.5294117647058824,0.12334536015987396,0.12334536015987396,0.12334536015987396,0.12334536015987396,0.0,0.12334536015987396,0.8911834359169006,0.0,0.8911834359169006,0.8911834359169006,-0.41749268770217896,0.41749268770217896,208.69834899902344,208.69834899902344,208.69834899902344,0.0014545454178005457
0977,3,0,0,0.0,0.0,11,2,3,3,18,0.6111111111111112,0.42923351158645273,0.42780748663101603,0.5532976827094475,0.42745098039215684,0.42745098039215684,0.5529411764705883,0.24566572904586792,0.4147961139678955,0.2918170094490051,0.38605040311813354,0.08958189934492111,2.7023229598999023,0.9359290599822998,0.14686685800552368,0.6919588446617126,1.1372843980789185,-0.2381289005279541,0.2381289005279541,209.78265380859375,208.9138641357422,210.6276397705078,0.11874547600746155
0977,4,0,0,0.0,0.0,4,2,2,1,4,1.0,0.4294117647058823,0.4568627450980392,0.5529411764705883,0.42745098039215684,0.4549019607843137,0.5529411764705883,0.17045563459396362,0.20342805981636047,0.19412502646446228,0.19970685243606567,0.029477935284376144,0.6818225383758545,0.996655285358429,0.0836910605430603,0.8911834359169006,1.1255652904510498,-0.22581785917282104,0.22581785917282104,213.6910400390625,213.15956115722656,214.2218475341797,0.04128827154636383
0982,1,1,41,0.6507936507936508,0.30711610486891383,63,9,4,4,144,0.4375,0.4911370514483355,0.37304699657640833,0.609042060403928,0.490272373540856,0.37254901960784315,0.6108949416342413,0.7261450290679932,0.9999985694885254,0.9972371459007263,0.9999502897262573,0.31219014525413513,45.747135162353516,2.0778796672821045,0.2738759219646454,1.1451616287231445,2.462580680847168,-0.15190649032592773,0.15190649032592773,223.0214385986328,221.0452423095703,225.4661865234375,0.98116534948349
0982,2,1,99,0.7734375,0.5963855421686747,128,6,10,6,360,0.35555555555555557,0.562317607003891,0.46740196078431373,0.5894637645914397,0.5603112840466926,0.4588235294117647,0.5914396887159533,0.7879496216773987,0.9999982714653015,0.9989944100379944,0.9999134540557861,0.30361372232437134,100.85755157470703,1.69093656539917,0.36728230118751526,0.7439182996749878,2.29479718208313,-0.5530447959899902,0.5530447959899902,241.52772521972656,237.49737548828125,245.84954833984375,0.9396534562110901
1031,1,0,0,0.0,0.0,3,2,2,1,4,0.75,0.2875816993464052,0.33986928104575165,0.49411764705882355,0.2901960784313726,0.3411764705882353,0.49411764705882355,0.1415805071592331,0.1647038608789444,0.14892952144145966,0.15839412808418274,0.01654999703168869,0.4247415065765381,0.32218149304389954,0.028919193893671036,0.2897898554801941,0.3600005805492401,-0.33264604210853577,0.33264604210853577,170.0377960205078,169.55235290527344,170.499267578125,0.02664242498576641
1031,2,0,0,0.0,0.0,33,5,4,4,80,0.4125,0.299108734402852,0.3919191919191919,0.4879382055852644,0.2980392156862745,0.39215686274509803,0.48627450980392156,0.2395213544368744,0.3672812879085541,0.3182528018951416,0.32526257634162903,0.07737016677856445,7.904204845428467,0.49898263812065125,0.15267041325569153,0.14916102588176727,0.8736692070960999,-0.23808196187019348,0.23808196187019348,177.3209991455078,175.79818725585938,178.90220642089844,0.17388808727264404
1031,3,0,0,0.0,0.0,19,5,3,6,90,0.2111111111111111,0.3017543859649123,0.4631578947368421,0.5616099071207431,0.2980392156862745,0.4666666666666667,0.5568627450980392,0.25109943747520447,0.4676739573478699,0.31565991044044495,0.3738429844379425,0.09661057591438293,4.7708892822265625,0.11304859071969986,0.2467101514339447,-0.3752932846546173,0.6141903400421143,-0.5762512907385826,0.5762512907385826,201.33717346191406,199.5444793701172,203.48219299316406,0.22899070382118225
1031,4,0,0,0.0,0.0,77,7,6,8,336,0.22916666666666666,0.30593328240387063,0.4876496052966641,0.5635854341736695,0.3176470588235294,0.4823529411764706,0.5725490196078431,0.32269686460494995,0.6758928298950195,0.41960686445236206,0.5553611516952515,0.15026526153087616,24.847658157348633,0.3486599326133728,0.24328722059726715,-0.24555392563343048,0.7277511954307556,-0.2826042175292969,0.2826042175292969,205.82679748535156,201.87124633789062,209.8713836669922,0.3420789837837219
1031,5,0,0,0.0,0.0,21,5,3,3,45,0.4666666666666667,0.3374416433239963,0.6026143790849673,0.5951447245564893,0.3333333333333333,0.6,0.596078431372549,0.2488897442817688,0.5239527225494385,0.3267727494239807,0.3460572063922882,0.1008981317281723,5.2266845703125,0.055196069180965424,0.24370522797107697,-0.38068604469299316,0.45738285779953003,-0.5475635901093483,0.5475635901093483,232.8612060546875,231.52969360351562,233.98077392578125,0.30953776836395264
1031,6,0,0,0.0,0.0,37,7,4,5,140,0.2642857142857143,0.38982511923688395,0.4846846846846847,0.6467408585055643,0.38823529411764707,0.48627450980392156,0.6470588235294118,0.36686497926712036,0.769121527671814,0.5930231213569641,0.6899693608283997,0.2289600670337677,13.574004173278809,0.42010384798049927,0.14028628170490265,0.1437681019306183,0.6845046281814575,-0.24388831853866577,0.24388831853866577,229.25662231445312,227.55218505859375,230.76828002929688,0.4009116291999817
1031,7,1,686,0.9514563106796117,0.3865877712031558,721,9,14,18,2268,0.31790123456790126,0.5947512985776835,0.26111337738979085,0.53420358434636,0.592156862745098,0.24705882352941178,0.5294117647058824,0.72385573387146,0.9999880194664001,0.998855710029602,0.9998903870582581,0.3267841637134552,521.8999633789062,0.4964955449104309,0.14518503844738007,0.13298240303993225,0.8682762384414673,-0.18560564517974854,0.18560564517974854,215.2032928466797,207.8509063720703,221.8783416748047,0.9679245948791504
1031,8,0,0,0.0,0.0,32,7,5,5,175,0.18285714285714286,0.6237745098039216,0.4878676470588235,0.615686274509804,0.6235294117647059,0.49019607843137253,0.615686274509804,0.23272499442100525,0.4295812249183655,0.3108333349227905,0.3752310574054718,0.09739959239959717,7.447199821472168,0.4467203617095947,0.23717772960662842,-0.07256800681352615,0.8520978093147278,-0.31457048654556274,0.31457048654556274,256.4184265136719,255.22735595703125,257.75958251953125,0.34845635294914246
1031,9,0,0,0.0,0.0,2,2,1,1,2,1.0,0.6176470588235294,0.4745098039215686,0.6196078431372549,0.615686274509804,0.4745098039215686,0.6196078431372549,0.1597776859998703,0.1666608452796936,0.16321927309036255,0.16528421640396118,0.006883159279823303,0.3195553719997406,0.44115251302719116,0.04869122803211212,0.39246127009391785,0.4898437261581421,-0.3697671890258789,0.3697671890258789,254.41580200195312,254.10430908203125,254.72731018066406,0.04918307811021805
1031,10,0,0,0.0,0.0,132,10,7,10,700,0.18857142857142858,0.6488116458704694,0.5132204396910279,0.5888888888888889,0.6588235294117647,0.5176470588235295,0.5764705882352941,0.5829692482948303,0.9996352791786194,0.8447163105010986,0.9667460918426514,0.28562062978744507,76.95194244384766,0.19832199811935425,0.35699036717414856,-0.7592223882675171,0.8196369409561157,-0.4594023823738098,0.4594023823738098,259.6007995605469,256.9455261230469,262.7869873046875,0.8600358963012695
1031,11,0,0,0.0,0.0,1,1,1,1,1,1.0,0.6392156862745098,0.5254901960784314,0.6,0.6392156862745098,0.5254901960784314,0.6,0.1871500015258789,0.1871500015258789,0.1871500015258789,0.1871500015258789,0.0,0.1871500015258789,0.18701466917991638,0.0,0.18701466917991638,0.18701466917991638,-0.44877728819847107,0.44877728819847107,261.26806640625,261.26806640625,261.26806640625,0.12477666139602661
1031,12,0,0,0.0,0.0,1,1,1,1,1,1.0,0.6431372549019608,0.5254901960784314,0.596078431372549,0.6431372549019608,0.5254901960784314,0.596078431372549,0.10396119952201843,0.10396119952201843,0.10396119952201843,0.10396119952201843,0.0,0.10396119952201843,0.45738285779953003,0.0,0.45738285779953003,0.45738285779953003,-0.0991065502166748,0.0991065502166748,261.3139953613281,261.3139953613281,261.3139953613281,0.13928884267807007
1038,1,0,0,0.0,0.0,125,8,7,6,336,0.37202380952380953,0.41298823529411766,0.6003764705882353,0.4967843137254902,0.4117647058823529,0.6,0.4980392156862745,0.6822088360786438,0.9999834895133972,0.9959994554519653,0.9997101426124573,0.29915788769721985,85.27610778808594,0.23367734253406525,0.30841460824012756,-0.2960319221019745,0.9403853416442871,-0.34990398585796356,0.34990398585796356,225.3732147216797,222.3758087158203,228.0811309814453,0.971100926399231
1038,2,1,7387,0.8200488454706927,0.8419672878554739,9008,37,25,34,31450,0.286422893481717,0.4729112248807161,0.6874011771671369,0.635570125030474,0.44313725490196076,0.6549019607843137,0.6470588235294118,0.8383142352104187,1.0,0.9999936819076538,0.9999990463256836,0.27358222007751465,7551.53466796875,0.48641273379325867,0.4731501340866089,-0.5372840762138367,2.136593818664551,-0.3512572944164276,0.3512572944164276,268.0830993652344,251.7180938720703,282.80029296875,1.0
1038,3,0,0,0.0,0.0,1,1,1,1,1,1.0,0.45098039215686275,0.6627450980392157,0.6941176470588235,0.45098039215686275,0.6627450980392157,0.6941176470588235,0.10182231664657593,0.10182231664657593,0.10182231664657593,0.10182231664657593,0.0,0.10182231664657593,1.3927329778671265,0.0,1.3927329778671265,1.3927329778671265,-0.17549419403076172,0.17549419403076172,270.8246765136719,270.8246765136719,270.8246765136719,0.03335614874958992
1054,1,0,0,0.0,0.0,2,2,1,1,2,1.0,0.5836120401337793,0.596551724137931,0.09398496240601503,0.5852842809364549,0.596551724137931,0.09398496240601503,0.11265572905540466,0.11911703646183014,0.1158863827586174,0.11782477796077728,0.006461307406425476,0.22531145811080933,1.264809012413025,0.21500837802886963,1.0498006343841553,1.4798173904418945,-0.35150349140167236,0.35150349140167236,247.69815063476562,247.34388732910156,248.0524139404297,0.02928006835281849
1054,2,0,0,0.0,0.0,8,2,3,3,18,0.4444444444444444,0.649247491638796,0.5487068965517241,0.47274436090225563,0.6488294314381271,0.5482758620689655,0.47368421052631576,0.20698043704032898,0.3668166995048523,0.2728583514690399,0.31136035919189453,0.08571115136146545,1.6558434963226318,0.16079401969909668,0.13275288045406342,-0.13132019340991974,0.33208274841308594,-0.2896324694156647,0.2896324694156647,281.43975830078125,280.38189697265625,282.4075012207031,0.15697327256202698
1054,3,0,0,0.0,0.0,2,1,1,2,2,1.0,0.6822742474916388,0.5,0.5093984962406015,0.6822742474916388,0.5,0.5112781954887218,0.1388469934463501,0.1761646717786789,0.1575058251619339,0.16870112717151642,0.037317682057619095,0.2776939868927002,0.18833661079406738,0.05496466904878616,0.13337194919586182,0.24330128729343414,-0.38696014881134033,0.38696014881134033,285.32513427734375,285.08770751953125,285.5625915527344,0.17891065776348114
1059,1,1,2801,0.7116361788617886,0.4006293356218265,3936,23,57,26,34086,0.11547262805844041,0.2715756017854296,0.4985254264307349,0.4927596445082098,0.2901960784313726,0.5294117647058824,0.47843137254901963,0.7150008678436279,0.9999963045120239,0.9966254234313965,0.9998340606689453,0.30914413928985596,2814.243408203125,-0.6377245783805847,0.48925188183784485,-1.2840969562530518,1.1538954973220825,-0.4985569566488266,0.4985569566488266,192.43955993652344,166.20469665527344,220.31114196777344,0.9688228964805603
1059,2,1,3509,0.7051848874598071,0.4671503694335353,4976,23,41,33,31119,0.15990231048555545,0.3194068785070298,0.6279805813000442,0.6058216695038144,0.35294117647058826,0.6588235294117647,0.6039215686274509,0.8182744979858398,0.9999978542327881,0.9997962713241577,0.9999492168426514,0.2831997573375702,4071.73388671875,-0.7591660618782043,0.4268690049648285,-1.2840969562530518,0.8683648109436035,-0.615283727645874,0.615283727645874,237.58741760253906,222.5556182861328,254.5937957763672,0.9970414638519287
1059,3,0,0,0.0,0.0,1,1,1,1,1,1.0,0.3176470588235294,0.5843137254901961,0.4588235294117647,0.3176470588235294,0.5843137254901961,0.4588235294117647,0.11158117651939392,0.11158117651939392,0.11158117651939392,0.11158117651939392,0.0,0.11158117651939392,-0.8448190689086914,0.0,-0.8448190689086914,-0.8448190689086914,-0.5765522420406342,0.5765522420406342,206.43157958984375,206.43157958984375,206.43157958984375,0.007320261560380459
1059,4,0,0,0.0,0.0,101,5,7,9,315,0.32063492063492066,0.6532323820617356,0.6324208891477383,0.44364201125994956,0.6509803921568628,0.6352941176470588,0.44313725490196076,0.6649308204650879,0.999653697013855,0.9717655181884766,0.9973368048667908,0.31861284375190735,67.15801239013672,-0.20155967772006989,0.293219655752182,-0.9546386003494263,0.3631950914859772,-0.46331335604190826,0.46331335604190826,258.6335144042969,256.347412109375,260.87738037109375,0.8475395441055298
1059,5,0,0,0.0,0.0,107,7,11,6,462,0.23160173160173161,0.7232178852849551,0.5619204691222284,0.4526296499908375,0.7215686274509804,0.5647058823529412,0.4549019607843137,0.3971284031867981,0.9542653560638428,0.6039140224456787,0.7652886509895325,0.2523609399795532,42.492740631103516,-0.23660394549369812,0.39318209886550903,-1.2401691675186157,0.6047980189323425,-0.4029421806335449,0.4029421806335449,261.23162841796875,258.716064453125,264.2650146484375,0.29714077711105347
1059,6,0,0,0.0,0.0,85,4,8,9,288,0.2951388888888889,0.7466666666666667,0.5264129181084198,0.5098500576701268,0.7450980392156863,0.5254901960784314,0.5176470588235295,0.4436998665332794,0.8899387121200562,0.6780179142951965,0.7828375101089478,0.24475838243961334,37.7144889831543,-0.3846108913421631,0.3426054120063782,-1.1742775440216064,0.25337567925453186,-0.33134225010871887,0.33134225010871887,267.5094299316406,264.1419982910156,270.29058837890625,0.23299743235111237
1066,1,0,0,0.0,0.0,4,1,3,2,6,0.6666666666666666,0.26717557251908397,0.3931034482758621,0.4678819444444444,0.26717557251908397,0.3931034482758621,0.46875,0.13468948006629944,0.16607797145843506,0.13926157355308533,0.1553514003753662,0.01855659857392311,0.5387579202651978,0.020833559334278107,0.1815171241760254,-0.2143033891916275,0.2868307828903198,-0.3392411097884178,0.3392411097884178,190.24977111816406,189.7182159423828,191.0261688232422,0.05153069645166397
1066,2,1,290,0.7397959183673469,0.014805360561582642,392,13,9,13,1521,0.2577251808021039,0.3083813678143013,0.33417487684729064,0.5727483701814059,0.30916030534351147,0.3275862068965517,0.5798611111111112,0.7042165994644165,0.999966025352478,0.9986857175827026,0.9998154044151306,0.32868868112564087,276.05291748046875,0.3644917607307434,0.30046582221984863,-0.2566954493522644,0.9495125412940979,-0.3477100729942322,0.3477100729942322,208.09841918945312,202.15341186523438,212.53704833984375,0.9780150651931763
1066,3,1,36441,0.7159894687205282,0.8126986250961764,50896,51,58,71,210018,0.24234113266481921,0.38408378348543715,0.6337223167730816,0.5090785621659856,0.3549618320610687,0.5896551724137931,0.5451388888888888,0.8754522800445557,0.9999988079071045,0.9999638795852661,0.9999862909317017,0.24719224870204926,44557.01953125,0.20245616137981415,0.4859861731529236,-0.783659815788269,1.8812587261199951,-0.34193433821201324,0.34193433821201324,256.62939453125,220.46542358398438,287.27337646484375,1.0
1066,4,1,1,1.0,5.156765676567657e-05,1,1,1,1,1,1.0,0.31297709923664124,0.33448275862068966,0.6111111111111112,0.31297709923664124,0.33448275862068966,0.6111111111111112,0.13555596768856049,0.13555596768856049,0.13555596768856049,0.13555596768856049,0.0,0.13555596768856049,-0.17529591917991638,0.0,-0.17529591917991638,-0.17529591917991638,-0.28464966267347336,0.28464966267347336,217.42584228515625,217.42584228515625,217.42584228515625,0.02728389762341976
1066,5,1,10,0.9090909090909091,0.0005155436407691911,11,3,2,3,18,0.6111111111111112,0.32338653712699517,0.33260188087774295,0.5984848484848485,0.3244274809160305,0.33448275862068966,0.5972222222222222,0.24608659744262695,0.46461784839630127,0.2970806360244751,0.30915093421936035,0.10027503967285156,2.7069525718688965,0.37430593371391296,0.11450465768575668,0.1423051953315735,0.5552368760108948,-0.3445751368999481,0.3445751368999481,215.31976318359375,213.7334747314453,216.18048095703125,0.09472585469484329
1066,6,0,0,0.0,0.0,62,5,6,5,150,0.41333333333333333,0.3929450874168924,0.6016129032258064,0.6325044802867383,0.3931297709923664,0.603448275862069,0.6319444444444444,0.21754087507724762,0.4072585701942444,0.2624466121196747,0.3340800106525421,0.07686071842908859,13.487534523010254,0.07020656764507294,0.29227036237716675,-0.5105932354927063,0.6553143262863159,-0.28413115441799164,0.28413115441799164,272.819091796875,270.7378845214844,274.7835388183594,0.4430397152900696
1066,7,0,0,0.0,0.0,1,1,1,1,1,1.0,0.4541984732824427,0.7103448275862069,0.5416666666666666,0.4541984732824427,0.7103448275862069,0.5416666666666666,0.1064799576997757,0.1064799576997757,0.1064799576997757,0.1064799576997757,0.0,0.1064799576997757,0.518721342086792,0.0,0.518721342086792,0.518721342086792,-0.05761909484863281,0.05761909484863281,284.9070129394531,284.9070129394531,284.9070129394531,0.21141958236694336
1066,8,0,0,0.0,0.0,1,1,1,1,1,1.0,0.4580152671755725,0.7103448275862069,0.5381944444444444,0.4580152671755725,0.7103448275862069,0.5381944444444444,0.11298829317092896,0.11298829317092896,0.11298829317092896,0.11298829317092896,0.0,0.11298829317092896,0.34003716707229614,0.0,0.34003716707229614,0.34003716707229614,-0.18914657831192017,0.18914657831192017,284.78411865234375,284.78411865234375,284.78411865234375,0.25161421298980713
1066,9,0,0,0.0,0.0,48,4,4,7,112,0.42857142857142855,0.47240776081424934,0.6584770114942529,0.5294415509259259,0.46946564885496184,0.6586206896551724,0.53125,0.5909114480018616,0.9792448878288269,0.8101277947425842,0.9221510887145996,0.27231553196907043,28.363750457763672,0.45941248536109924,0.19412808120250702,0.11545642465353012,0.7533535361289978,-0.2658365070819855,0.2658365070819855,274.3814697265625,271.98529052734375,276.6477966308594,0.7258244752883911
1066,10,1,11,1.0,0.0005670980048461102,11,2,3,3,18,0.6111111111111112,0.5135322692574601,0.503448275862069,0.48926767676767674,0.5152671755725191,0.503448275862069,0.4895833333333333,0.14886438846588135,0.21540887653827667,0.1864689588546753,0.2102680802345276,0.04083225503563881,1.6375082731246948,0.9021017551422119,0.25026434659957886,0.6209698915481567,1.5054618120193481,-0.792046308517456,0.792046308517456,244.01739501953125,242.59019470214844,245.49745178222656,0.09805361181497574
1066,11,1,323,0.7916666666666666,0.01648337628537164,408,14,7,17,1666,0.24489795918367346,0.5494218679838347,0.5339080459770116,0.580286628540305,0.5381679389312977,0.5344827586206896,0.5763888888888888,0.5230528116226196,0.9999090433120728,0.7490833401679993,0.9755545854568481,0.27859559655189514,213.40554809570312,0.9167787432670593,0.3969050943851471,-0.1859920769929886,1.645194172859192,-0.5256901383399963,0.5256901383399963,270.0457458496094,262.9695739746094,276.6152648925781,0.8719528913497925
1066,12,0,0,0.0,0.0,3,2,2,1,4,0.75,0.5356234096692112,0.5252873563218391,0.59375,0.5343511450381679,0.5241379310344828,0.59375,0.20859932899475098,0.2460932731628418,0.24420881271362305,0.24533948302268982,0.05038293078541756,0.6257979869842529,1.220422625541687,0.16154085099697113,0.9976157546043396,1.3755412101745605,-0.4762510061264038,0.4762510061264038,269.1132507324219,268.74896240234375,269.3157958984375,0.12622897326946259
1066,13,0,0,0.0,0.0,1,1,1,1,1,1.0,0.6106870229007634,0.5310344827586206,0.5694444444444444,0.6106870229007634,0.5310344827586206,0.5694444444444444,0.10477463901042938,0.10477463901042938,0.10477463901042938,0.10477463901042938,0.0,0.10477463901042938,1.1198251247406006,0.0,1.1198251247406006,1.1198251247406006,-0.38928329944610596,0.38928329944610596,276.64599609375,276.64599609375,276.64599609375,0.10257592052221298
1077,1,0,0,0.0,0.0,2,2,1,1,2,1.0,0.515686274509804,0.596078431372549,0.6352941176470588,0.5137254901960784,0.596078431372549,0.6352941176470588,0.12436985224485397,0.1291639506816864,0.12676690518856049,0.12820513546466827,0.004794098436832428,0.24873970448970795,1.213510513305664,0.25635966658592224,0.9571508765220642,1.4698702096939087,-0.20620226860046387,0.20620226860046387,258.658935546875,258.4028015136719,258.9150390625,0.026392584666609764
1090,1,1,104,0.9541284403669725,0.06731391585760518,109,8,7,5,280,0.3892857142857143,0.30188882892606583,0.44738262277388025,0.48890088145349886,0.30196078431372547,0.4470588235294118,0.49411764705882355,0.39836975932121277,0.8987504243850708,0.5972860455513,0.6997589468955994,0.21626080572605133,43.42230224609375,-0.6529294848442078,0.44506072998046875,-1.2273389101028442,0.5293529033660889,-0.5781725198030472,0.5781725198030472,186.12673950195312,183.92117309570312,189.0872802734375,0.22692126035690308
1090,2,0,0,0.0,0.0,2,1,1,2,2,1.0,0.3058823529411765,0.30196078431372547,0.5392156862745098,0.3058823529411765,0.30196078431372547,0.5411764705882353,0.11985502392053604,0.1329737901687622,0.12641440331935883,0.1303500384092331,0.013118766248226166,0.23971004784107208,-0.5568459033966064,0.040229588747024536,-0.5970755219459534,-0.5166163444519043,-0.32556159794330597,0.32556159794330597,176.28485107421875,175.8948516845703,176.67483520507812,0.03411932662129402
1090,3,1,316,0.6065259117082533,0.18046830382638493,521,14,12,13,2184,0.23855311355311357,0.3293139136652742,0.6088216476609838,0.4590568665085996,0.3411764705882353,0.611764705882353,0.45098039215686275,0.758616030216217,0.9999998807907104,0.9998552799224854,0.9999946355819702,0.30502891540527344,395.23895263671875,-0.48578134179115295,0.39275428652763367,-1.2407488822937012,0.30138522386550903,-0.45198696851730347,0.45198696851730347,212.2337188720703,206.36618041992188,217.6097412109375,0.9234461784362793
1090,4,1,54,0.7012987012987013,0.03531720078482668,77,5,7,5,175,0.44,0.319327731092437,0.3068500127323657,0.5035905271199389,0.3215686274509804,0.30980392156862746,0.5019607843137255,0.6144927144050598,0.9952421188354492,0.8493661880493164,0.9778450727462769,0.275497168302536,47.315940856933594,-0.5284587740898132,0.4381951093673706,-1.2005192041397095,0.5561726093292236,-0.6370156556367874,0.6370156556367874,171.50015258789062,169.82638549804688,173.0028839111328,0.41401660442352295
1090,5,1,87,0.5087719298245614,0.05520304568527919,171,9,7,8,504,0.3392857142857143,0.3508771929824561,0.6319917440660475,0.495562435500516,0.34509803921568627,0.6313725490196078,0.4980392156862745,0.7031278610229492,0.9999961853027344,0.9924242496490479,0.9996939897537231,0.30525854229927063,120.23486328125,-0.3233104348182678,0.2257297784090042,-0.8920924067497253,0.2611556053161621,-0.2488221898674965,0.2488221898674965,223.91026306152344,221.39105224609375,226.10838317871094,0.8106752038002014
1091,1,0,0,0.0,0.0,30,6,5,2,60,0.5,0.38209150326797386,0.2700653594771242,0.5351633986928105,0.3764705882352941,0.26666666666666666,0.5372549019607843,0.5224443078041077,0.9164486527442932,0.7547199726104736,0.8075785636901855,0.2501468062400818,15.673328399658203,1.2490745782852173,0.2350054830312729,0.8387936353683472,1.6069104671478271,-0.4036250114440918,0.4036250114440918,181.8168487548828,179.98333740234375,183.67906188964844,0.45406314730644226
1091,2,0,0,0.0,0.0,28,6,4,2,48,0.5833333333333334,0.6253501400560224,0.49943977591036415,0.6175070028011205,0.6235294117647059,0.4980392156862745,0.615686274509804,0.5519655346870422,0.8433016538619995,0.7139465808868408,0.7788548469543457,0.22934338450431824,15.455034255981445,1.4075652360916138,0.14214828610420227,1.2143609523773193,1.6645898818969727,-0.3078364133834839,0.3078364133834839,258.3905944824219,256.40203857421875,260.6089172363281,0.5428707003593445
1091,3,1,222,0.8740157480314961,0.5317365269461077,254,6,11,8,528,0.4810606060606061,0.6976532345221553,0.6371622664813957,0.5210745715609079,0.6941176470588235,0.6392156862745098,0.5215686274509804,0.7427570223808289,1.0,0.9999481439590454,0.9999988675117493,0.31389424204826355,188.6602783203125,0.44605961441993713,0.3768007159233093,-0.14375929534435272,1.4048973321914673,-0.34607627987861633,0.34607627987861633,275.8011169433594,272.0294189453125,280.8006286621094,0.9659425616264343
1091,4,1,148,0.7254901960784313,0.37707006369426754,204,6,7,10,420,0.4857142857142857,0.7151095732410611,0.5563052672049211,0.494559784698193,0.7098039215686275,0.5529411764705883,0.48627450980392156,0.7931600213050842,1.0,0.9999908804893494,0.9999997615814209,0.27920302748680115,161.8046417236328,0.5765894651412964,0.4238802194595337,-0.16945111751556396,1.3645446300506592,-0.35781431198120117,0.35781431198120117,263.91693115234375,259.7883605957031,267.69384765625,0.9753397703170776
1105,1,0,0,0.0,0.0,9,4,2,4,32,0.28125,0.636150234741784,0.47630718954248363,0.6650082918739635,0.6373239436619719,0.47794117647058826,0.667910447761194,0.14056353271007538,0.16498436033725739,0.15266959369182587,0.15807223320007324,0.018205218017101288,1.2650717496871948,1.8317389488220215,0.2078537940979004,1.500057578086853,2.1291775703430176,-0.573889970779419,0.573889970779419,285.5711364746094,283.49603271484375,287.73077392578125,0.14901582896709442
1120,1,1,38151,0.75348093140837,0.6989282769991756,50633,38,79,66,198132,0.2555518543193427,0.30914682860089304,0.45133132193489245,0.5741412540763348,0.2901960784313726,0.4196078431372549,0.6470588235294118,0.8939454555511475,0.9999944567680359,0.9998743534088135,0.9999527931213379,0.2317337542772293,45263.140625,0.6113134026527405,0.6034364104270935,-0.7943799495697021,2.717142343521118,-0.374255895614624,0.374255895614624,203.45327758789062,173.9712677001953,231.96119689941406,0.9991356730461121
1120,2,0,0,0.0,0.0,1,1,1,1,1,1.0,0.3137254901960784,0.38823529411764707,0.6470588235294118,0.3137254901960784,0.38823529411764707,0.6470588235294118,0.12284160405397415,0.12284160405397415,0.12284160405397415,0.12284160405397415,0.0,0.12284160405397415,1.4141247272491455,0.0,1.4141247272491455,1.4141247272491455,-0.1545952558517456,0.1545952558517456,208.77499389648438,208.77499389648438,208.77499389648438,0.004738755989819765
1120,3,0,0,0.0,0.0,1,1,1,1,1,1.0,0.39215686274509803,0.4745098039215686,0.592156862745098,0.39215686274509803,0.4745098039215686,0.592156862745098,0.10631240159273148,0.10631240159273148,0.10631240159273148,0.10631240159273148,0.0,0.10631240159273148,1.6901878118515015,0.0,1.6901878118515015,1.6901878118515015,-0.4904721975326538,0.4904721975326538,218.27276611328125,218.27276611328125,218.27276611328125,0.012635321356356144
1120,4,1,15191,0.8397921388689259,0.3964972724662647,18089,50,45,34,76500,0.23645751633986928,0.4834436267735023,0.704264209968359,0.6467548797395015,0.4666666666666667,0.6862745098039216,0.6431372549019608,0.8636716604232788,0.999984085559845,0.9997366666793823,0.9999140501022339,0.25606590509414673,15622.95703125,0.6399118304252625,0.5917884707450867,-0.6397846341133118,2.054590940475464,-0.3307543396949768,0.3307543396949768,273.9906311035156,249.23281860351562,297.39703369140625,0.994533360004425
1127,1,0,0,0.0,0.0,111,6,7,7,294,0.37755102040816324,0.2608019784490373,0.5487369722663841,0.3660130718954248,0.2627450980392157,0.5450980392156862,0.3686274509803922,0.5294771790504456,0.9959689378738403,0.7599941492080688,0.9561076760292053,0.28979387879371643,58.77196502685547,0.39508649706840515,0.22139517962932587,0.03346477448940277,0.981541633605957,-0.2508966028690338,0.2508966028690338,181.24789428710938,177.46267700195312,185.91664123535156,0.6830129623413086
1127,2,0,0,0.0,0.0,2,1,2,1,2,1.0,0.25882352941176473,0.5274509803921569,0.3686274509803922,0.25882352941176473,0.5294117647058824,0.3686274509803922,0.1601686328649521,0.20899198949337006,0.18458031117916107,0.19922731816768646,0.04882335662841797,0.3203372657299042,0.3791920244693756,0.032077789306640625,0.347114235162735,0.41126981377601624,-0.35919198393821716,0.35919198393821716,177.2437744140625,176.86434936523438,177.62319946289062,0.05807940289378166
1127,3,0,0,0.0,0.0,1,1,1,1,1,1.0,0.27058823529411763,0.5647058823529412,0.37254901960784315,0.27058823529411763,0.5647058823529412,0.37254901960784315,0.11543813347816467,0.11543813347816467,0.11543813347816467,0.11543813347816467,0.0,0.11543813347816467,0.2900870740413666,0.0,0.2900870740413666,0.2900870740413666,-0.3154315650463104,0.3154315650463104,186.17465209960938,186.17465209960938,186.17465209960938,0.015276767313480377
1127,4,0,0,0.0,0.0,190,9,10,7,630,0.30158730158730157,0.290030959752322,0.594922600619195,0.4005572755417957,0.2901960784313726,0.592156862745098,0.4,0.7354099750518799,0.999988317489624,0.9984681606292725,0.9998737573623657,0.3133591413497925,139.72789001464844,0.4401586055755615,0.3572598099708557,-0.1732587367296219,1.2951910495758057,-0.3711450695991516,0.3711450695991516,197.6666717529297,192.71481323242188,202.17318725585938,0.9537636637687683
1127,5,1,2132,0.6333927510398099,0.2410265106551354,3366,24,30,24,17280,0.19479166666666667,0.3280416622977177,0.6764239861125675,0.41018139876271364,0.3058823529411765,0.6313725490196078,0.4196078431372549,0.8497606515884399,1.0,0.9999955892562866,0.9999991655349731,0.2662752866744995,2860.29443359375,0.40120404958724976,0.3153194785118103,-0.273056298494339,1.501914620399475,-0.2604740262031555,0.2604740262031555,218.91729736328125,204.73886108398438,230.9761962890625,0.9998823404312134
1127,6,1,597,0.6538882803943045,0.07835673972962331,913,15,13,12,2340,0.3901709401709402,0.34326396495071193,0.48761892489745073,0.5509481777376888,0.3411764705882353,0.4823529411764706,0.5411764705882353,0.7422424554824829,1.0,0.9999609589576721,0.9999989867210388,0.3121824562549591,677.6673583984375,1.2280217409133911,0.36797818541526794,-0.07346117496490479,2.9204654693603516,-0.18808293342590332,0.18808293342590332,207.48898315429688,200.9029541015625,213.8667755126953,0.9974933862686157
1127,7,1,115,1.0,0.01592797783933518,115,8,7,4,224,0.5133928571428571,0.3433930093776641,0.5787212276214834,0.2649616368286445,0.34509803921568627,0.5803921568627451,0.26666666666666666,0.3543640375137329,0.6508721113204956,0.49823349714279175,0.5770739912986755,0.16124972701072693,40.75186538696289,0.14596949517726898,0.15738099813461304,-0.20890071988105774,0.575222909450531,-0.30526112020015717,0.30526112020015717,184.9054718017578,181.4111328125,188.96031188964844,0.2443457692861557
1127,8,1,864,0.6580350342726581,0.11050006394679626,1313,16,12,19,3648,0.3599232456140351,0.35539029016023777,0.6463001956304228,0.31355823365141944,0.34509803921568627,0.6352941176470588,0.30980392156862746,0.7546105980873108,0.9999880790710449,0.9895256757736206,0.9993587732315063,0.28037479519844055,990.8037109375,0.3973550498485565,0.2395208775997162,-0.39423903822898865,1.017183542251587,-0.19063320755958557,0.19063320755958557,204.8874053955078,195.70896911621094,212.1933135986328,0.9684010744094849
1127,9,0,0,0.0,0.0,1,1,1,1,1,1.0,0.32941176470588235,0.6784313725490196,0.43529411764705883,0.32941176470588235,0.6784313725490196,0.43529411764705883,0.13985751569271088,0.13985751569271088,0.13985751569271088,0.13985751569271088,0.0,0.13985751569271088,0.5253241658210754,0.0,0.5253241658210754,0.5253241658210754,-0.36473625898361206,0.36473625898361206,222.4297637939453,222.4297637939453,222.4297637939453,0.05743332579731941
1127,10,0,0,0.0,0.0,7,2,3,2,12,0.5833333333333334,0.3658263305322129,0.6364145658263305,0.3305322128851541,0.36470588235294116,0.6352941176470588,0.32941176470588235,0.16741204261779785,0.2348473072052002,0.18977367877960205,0.21674010157585144,0.037715502083301544,1.171884298324585,0.19436287879943848,0.045541658997535706,0.11187714338302612,0.2687018811702728,-0.35255932807922363,0.35255932807922363,205.74497985839844,204.48226928710938,206.51876831054688,0.2257874310016632
1127,11,1,7195,0.7327630104898666,0.5960072895957588,9819,45,36,32,51840,0.18940972222222222,0.48742114627702593,0.7499669508296241,0.4003123196523746,0.4549019607843137,0.7215686274509804,0.3843137254901961,0.8500521779060364,1.0,0.9999977350234985,0.9999997019767761,0.26892679929733276,8346.662109375,0.34723183512687683,0.31003618240356445,-0.6009625196456909,1.6801245212554932,-0.21257492899894714,0.21257492899894714,250.5676727294922,222.67913818359375,271.07379150390625,0.9998823404312134
1127,12,0,0,0.0,0.0,24,4,3,4,48,0.5,0.432843137254902,0.7333333333333333,0.5619281045751634,0.43529411764705883,0.7333333333333333,0.5607843137254902,0.14068232476711273,0.20192572474479675,0.14923395216464996,0.1750756800174713,0.02430315874516964,3.376375913619995,0.1709834337234497,0.10073678940534592,-0.01643400266766548,0.43265500664711,-0.3545653223991394,0.3545653223991394,260.5903625488281,259.12353515625,261.9618225097656,0.10805324465036392
1127,13,1,42,0.4827586206896552,0.005828476269775187,87,8,6,7,336,0.25892857142857145,0.4587333784088348,0.7885057471264367,0.49474870407933286,0.4627450980392157,0.788235294117647,0.4980392156862745,0.31171858310699463,0.7067676186561584,0.4590199589729309,0.5619019269943237,0.17065148055553436,27.119516372680664,0.48951831459999084,0.24398189783096313,-0.030690796673297882,1.1811367273330688,-0.25607094168663025,0.25607094168663025,265.0823669433594,262.68231201171875,267.559326171875,0.2595296800136566
1127,14,0,0,0.0,0.0,25,3,4,4,48,0.5208333333333334,0.46682352941176475,0.5625098039215686,0.4056470588235294,0.4666666666666667,0.5647058823529412,0.40784313725490196,0.19725307822227478,0.37088146805763245,0.22491948306560516,0.25166377425193787,0.05749564990401268,4.931326866149902,0.9119684100151062,0.18596546351909637,0.5253241658210754,1.2880626916885376,-0.3816913962364197,0.3816913962364197,213.74310302734375,212.0565948486328,215.52261352539062,0.19736401736736298
1127,15,0,0,0.0,0.0,17,4,3,3,36,0.4722222222222222,0.48166089965397924,0.7598615916955017,0.4385236447520185,0.4823529411764706,0.7607843137254902,0.4392156862745098,0.15044544637203217,0.3093203008174896,0.16513091325759888,0.2107425183057785,0.052204858511686325,2.557572603225708,0.49345606565475464,0.20258457958698273,0.04772156849503517,0.746304452419281,-0.35461896657943726,0.35461896657943726,255.69973754882812,253.8779296875,257.7188415527344,0.12483946233987808
1127,16,1,166,0.6058394160583942,0.022741283649565038,274,9,7,11,693,0.3953823953823954,0.5426792614856161,0.769071132102476,0.5341920709889796,0.5372549019607843,0.7647058823529411,0.5372549019607843,0.7107719779014587,0.9999199509620667,0.9862275123596191,0.998979389667511,0.29463741183280945,194.75152587890625,0.4241737723350525,0.248388409614563,-0.08771797269582748,1.1169811487197876,-0.3263062834739685,0.3263062834739685,276.50360107421875,272.9725341796875,279.824951171875,0.9700950384140015
1127,17,0,0,0.0,0.0,1,1,1,1,1,1.0,0.5372549019607843,0.7843137254901961,0.4470588235294118,0.5372549019607843,0.7843137254901961,0.4470588235294118,0.10741625726222992,0.10741625726222992,0.10741625726222992,0.10741625726222992,0.0,0.10741625726222992,0.43265500664711,0.0,0.43265500664711,0.43265500664711,-0.2842448651790619,0.2842448651790619,268.4026794433594,268.4026794433594,268.4026794433594,0.21304093301296234
1127,18,1,449,0.8487712665406427,0.06045509627036488,529,13,12,12,1872,0.2825854700854701,0.6040031135327477,0.6634567626672597,0.3636680381037103,0.611764705882353,0.6627450980392157,0.3686274509803922,0.7367515563964844,0.999998927116394,0.9996261596679688,0.9999859929084778,0.31897684931755066,389.7415771484375,0.28130123019218445,0.2818475663661957,-0.3728538453578949,1.2809343338012695,-0.4497533142566681,0.4497533142566681,247.5100555419922,239.40968322753906,254.1298828125,0.9762108325958252
1127,19,1,250,0.7352941176470589,0.03409478349812479,340,9,11,10,990,0.3434343434343434,0.6834948096885812,0.6353979238754326,0.4092041522491349,0.6784313725490196,0.6352941176470588,0.40784313725490196,0.7692581415176392,0.9999996423721313,0.9999582767486572,0.9999967217445374,0.31065043807029724,261.5477600097656,0.366088330745697,0.3519895076751709,-0.4156242311000824,1.2096502780914307,-0.3855184316635132,0.3855184316635132,260.531005859375,256.5521240234375,265.20556640625,0.9773744940757751
1127,20,0,0,0.0,0.0,155,8,8,7,448,0.34598214285714285,0.6863504111321949,0.5944845034788109,0.36991777356103733,0.6901960784313725,0.592156862745098,0.37254901960784315,0.5810760855674744,0.9637258052825928,0.7647908926010132,0.8453803658485413,0.2537493407726288,90.0667953491211,0.44534817337989807,0.23299488425254822,-0.07346117496490479,0.8817440271377563,-0.24702075123786926,0.24702075123786926,250.7328643798828,247.13963317871094,253.82080078125,0.6005767583847046
1133,1,0,0,0.0,0.0,10,4,2,3,24,0.4166666666666667,0.39843137254901956,0.5824104234527687,0.5289902280130293,0.39215686274509803,0.5830618892508144,0.5276872964169381,0.21341590583324432,0.3329654037952423,0.2743087708950043,0.33225303888320923,0.0757724791765213,2.1341590881347656,0.2574416995048523,0.13302651047706604,-0.07635506242513657,0.45419469475746155,-0.24592578411102295,0.24592578411102295,262.43389892578125,261.0804443359375,263.4881286621094,0.15307015180587769
1133,2,0,0,0.0,0.0,9,3,2,3,18,0.5,0.49019607843137253,0.3688020267824828,0.5573651827723489,0.49019607843137253,0.36807817589576547,0.5570032573289903,0.276528924703598,0.5144413113594055,0.3554019331932068,0.42418888211250305,0.1322571039199829,2.488760232925415,0.531798243522644,0.06341245770454407,0.40458163619041443,0.6165011525154114,-0.14245355129241943,0.14245355129241943,240.7801971435547,239.88539123535156,241.8305206298828,0.12639577686786652
1133,3,0,0,0.0,0.0,5,2,2,2,8,0.625,0.6611764705882353,0.596742671009772,0.4807817589576547,0.6627450980392157,0.5960912052117264,0.4820846905537459,0.1700064241886139,0.28073397278785706,0.16466988623142242,0.23430833220481873,0.05888502299785614,0.8500320911407471,-0.18344220519065857,0.07096933573484421,-0.30929887294769287,-0.10193388164043427,-0.26010165363550186,0.26010165363550186,290.021484375,289.2386474609375,290.96392822265625,0.25489866733551025
