case_id,component_index,label,overlap_voxels,overlap_fraction,component_dice,component_voxels,bbox_d,bbox_h,bbox_w,bbox_volume,fill_ratio,centroid_d_norm,centroid_h_norm,centroid_w_norm,center_d_norm,center_h_norm,center_w_norm,mean_prob,max_prob,p75_prob,p90_prob,std_prob,sum_prob,mean_intensity,std_intensity,min_intensity,max_intensity,local_contrast,local_abs_contrast,edge_distance_mean,edge_distance_min,edge_distance_max
0001,1,1,1882,0.6740687679083095,0.7616349656009712,2792,23,47,18,19458,0.14348853941823414,0.29724141805719423,0.4334049665711557,0.4609289847744255,0.3215686274509804,0.5215686274509804,0.47058823529411764,0.8081910610198975,0.9999998807907104,0.9999610185623169,0.9999948740005493,0.28680655360221863,2256.469482421875,0.05906020477414131,0.3843182623386383,-0.7459790110588074,1.2032253742218018,-0.34597770497202873,0.34597770497202873,178.92266845703125,161.85487365722656,200.58912658691406
0001,2,0,0,0.0,0.0,6,2,2,2,8,0.75,0.32679738562091504,0.48104575163398694,0.44509803921568625,0.3254901960784314,0.4823529411764706,0.44313725490196076,0.17872780561447144,0.24368584156036377,0.2107892632484436,0.23096120357513428,0.044816963374614716,1.0723668336868286,0.0017888756701722741,0.07339449971914291,-0.0943426638841629,0.09026874601840973,-0.38206047692801803,0.38206047692801803,187.1947479248047,186.3035125732422,188.01596069335938
0001,3,0,0,0.0,0.0,3,2,2,1,4,0.75,0.48366013071895425,0.3320261437908497,0.5764705882352941,0.48627450980392156,0.3333333333333333,0.5764705882352941,0.1437007039785385,0.1847868412733078,0.1583821177482605,0.17422494292259216,0.02993149496614933,0.43110209703445435,0.8475894927978516,0.10155884921550751,0.759155809879303,0.9898160696029663,-0.14080053567886353,0.14080053567886353,210.3247528076172,209.85948181152344,210.85302734375
0001,4,0,0,0.0,0.0,9,4,2,3,24,0.375,0.5115468409586057,0.3320261437908497,0.5812636165577342,0.5098039215686274,0.3333333333333333,0.5803921568627451,0.14736407995224,0.21571551263332367,0.1580585241317749,0.18942157924175262,0.032192256301641464,1.3262766599655151,0.7636539936065674,0.2950434386730194,0.3381800949573517,1.116693139076233,-0.21394646167755127,0.21394646167755127,215.44569396972656,213.85508728027344,216.4486083984375
0001,5,1,111,0.6727272727272727,0.0958963282937365,165,9,7,8,504,0.3273809523809524,0.6460606060606061,0.549281045751634,0.5696256684491978,0.6392156862745098,0.5450980392156862,0.5647058823529412,0.7831303477287292,0.9999997615814209,0.9999323487281799,0.9999962449073792,0.29755398631095886,129.2165069580078,0.04974799230694771,0.3165016174316406,-0.5498204231262207,0.805343508720398,-0.3115947060286999,0.3115947060286999,261.13836669921875,256.47027587890625,266.4244689941406
0004,1,0,0,0.0,0.0,2,1,1,2,2,1.0,0.3411764705882353,0.611764705882353,0.4137254901960784,0.3411764705882353,0.611764705882353,0.4117647058823529,0.13273563981056213,0.13528203964233398,0.13400883972644806,0.13477276265621185,0.0025463923811912537,0.26547127962112427,0.8887420892715454,0.115510493516922,0.773231565952301,1.004252552986145,-0.4055976867675781,0.4055976867675781,207.87120056152344,207.617431640625,208.12496948242188
0004,2,1,437,0.7059773828756059,0.6019283746556474,619,13,16,9,1872,0.33066239316239315,0.3865310906268808,0.6095283347587823,0.4097437359434889,0.3843137254901961,0.6196078431372549,0.403921568627451,0.7844600081443787,0.9999998807907104,0.9999498128890991,0.9999964237213135,0.3037644922733307,485.58074951171875,0.5433158874511719,0.38195380568504333,-0.27092722058296204,1.6723817586898804,-0.7592647075653076,0.7592647075653076,212.14186096191406,206.01455688476562,217.61892700195312
0004,3,1,359,0.6342756183745583,0.5132237312365976,566,12,14,10,1680,0.33690476190476193,0.41639991685720223,0.67123259197672,0.45461096099217074,0.4117647058823529,0.6705882352941176,0.4588235294117647,0.772646963596344,1.0,0.9999779462814331,0.9999994039535522,0.3066934049129486,437.31817626953125,0.5096902251243591,0.4874689280986786,-0.5977792143821716,1.678804636001587,-0.41387730836868286,0.41387730836868286,232.88345336914062,224.414794921875,239.278076171875
0004,4,0,0,0.0,0.0,2,2,1,1,2,1.0,0.40980392156862744,0.596078431372549,0.4,0.40784313725490196,0.596078431372549,0.4,0.15388347208499908,0.17547093331813812,0.1646772027015686,0.17115344107151031,0.021587461233139038,0.30776694416999817,0.9201339483261108,0.1431678831577301,0.7769660353660583,1.0633018016815186,-0.6306036710739136,0.6306036710739136,211.27810668945312,211.02842712402344,211.52777099609375
0004,5,0,0,0.0,0.0,10,2,3,2,12,0.8333333333333334,0.492156862745098,0.42274509803921567,0.5552941176470588,0.49411764705882355,0.4235294117647059,0.5568627450980392,0.41962724924087524,0.7449086904525757,0.5427777767181396,0.7442943453788757,0.1995573788881302,4.196272373199463,1.6551796197891235,0.08875018358230591,1.514765977859497,1.810835838317871,-0.2277841567993164,0.2277841567993164,218.34445190429688,217.26942443847656,219.4857635498047
0007,1,1,1310,0.7430516165626773,0.5223285486443381,1763,20,26,13,6760,0.2607988165680473,0.33928352963420194,0.7040984062371404,0.5314314948895044,0.34509803921568627,0.7019607843137254,0.5294117647058824,0.8081653118133545,0.9999996423721313,0.9999803900718689,0.9999966621398926,0.2912743389606476,1424.79541015625,-0.6895284652709961,0.34626078605651855,-1.312558650970459,0.4265889823436737,-0.37571224570274353,0.37571224570274353,241.4235076904297,227.96929931640625,252.9446563720703
0007,2,1,178,0.6742424242424242,0.10122263292578902,264,15,9,8,1080,0.24444444444444444,0.36405228758169933,0.6285204991087344,0.4332442067736186,0.35294117647058826,0.6313725490196078,0.43529411764705883,0.818010687828064,0.9999984502792358,0.9999023675918579,0.9999865889549255,0.28472065925598145,215.95481872558594,-0.5053207278251648,0.3654586672782898,-1.116904616355896,0.5135464668273926,-0.40670693665742874,0.40670693665742874,216.13636779785156,213.26275634765625,219.1871337890625
0007,3,1,846,0.705,0.3799685605209971,1200,18,23,14,5796,0.2070393374741201,0.47539869281045755,0.7506274509803922,0.5170228758169935,0.4745098039215686,0.7568627450980392,0.5294117647058824,0.738930881023407,0.9999992251396179,0.9996073842048645,0.9999728798866272,0.3160821497440338,886.717041015625,-0.9055800437927246,0.32701611518859863,-1.334298014640808,0.3831104040145874,-0.28944218158721924,0.28944218158721924,262.6316833496094,250.0999755859375,272.57843017578125
0007,4,1,243,0.5412026726057907,0.1312803889789303,449,23,10,21,4830,0.09296066252587992,0.539412201406175,0.5996506397659287,0.6365692825014193,0.5215686274509804,0.592156862745098,0.6235294117647059,0.8175575733184814,1.0,0.9999779462814331,0.9999973773956299,0.28446921706199646,367.0833435058594,0.9583557844161987,0.5818604826927185,-0.5734208822250366,2.1005189418792725,-0.44238054752349854,0.44238054752349854,262.563720703125,250.71298217773438,277.7480773925781
0007,5,0,0,0.0,0.0,1,1,1,1,1,1.0,0.49411764705882355,0.6078431372549019,0.5803921568627451,0.49411764705882355,0.6078431372549019,0.5803921568627451,0.10421285778284073,0.10421285778284073,0.10421285778284073,0.10421285778284073,0.0,0.10421285778284073,1.252684235572815,0.0,1.252684235572815,1.252684235572815,-0.3695690631866455,0.3695690631866455,249.1144256591797,249.1144256591797,249.1144256591797
0007,6,0,0,0.0,0.0,7,2,4,2,16,0.4375,0.503641456582633,0.7159663865546219,0.49523809523809526,0.5058823529411764,0.7137254901960784,0.49411764705882355,0.1506093591451645,0.24260273575782776,0.16768878698349,0.1977391541004181,0.04627731069922447,1.0542654991149902,-0.635533332824707,0.32441478967666626,-1.1386439800262451,-0.07341589033603668,-0.18718814849853516,0.18718814849853516,256.9687805175781,256.001953125,258.1201171875
0007,7,0,0,0.0,0.0,1,1,1,1,1,1.0,0.5019607843137255,0.7254901960784313,0.5019607843137255,0.5019607843137255,0.7254901960784313,0.5019607843137255,0.1061326414346695,0.1061326414346695,0.1061326414346695,0.1061326414346695,0.0,0.1061326414346695,-0.5734208822250366,0.0,-0.5734208822250366,-0.5734208822250366,-0.1983715295791626,0.1983715295791626,259.3260498046875,259.3260498046875,259.3260498046875
0007,8,0,0,0.0,0.0,1,1,1,1,1,1.0,0.5058823529411764,0.7254901960784313,0.4980392156862745,0.5058823529411764,0.7254901960784313,0.4980392156862745,0.12685753405094147,0.12685753405094147,0.12685753405094147,0.12685753405094147,0.0,0.12685753405094147,-0.5951602458953857,0.0,-0.5951602458953857,-0.5951602458953857,-0.13405930995941162,0.13405930995941162,259.3337707519531,259.3337707519531,259.3337707519531
0007,9,0,0,0.0,0.0,4,2,3,1,6,0.6666666666666666,0.5078431372549019,0.7764705882352941,0.5176470588235295,0.5058823529411764,0.7764705882352941,0.5176470588235295,0.1300562471151352,0.1423984169960022,0.1403817981481552,0.14159177243709564,0.012010954320430756,0.5202249884605408,-1.0299471616744995,0.15294986963272095,-1.203861951828003,-0.8125537037849426,-0.14005160331726074,0.14005160331726074,271.4010009765625,270.43115234375,272.3710632324219
0007,10,0,0,0.0,0.0,17,3,3,3,27,0.6296296296296297,0.6186851211072664,0.635524798154556,0.7259515570934256,0.6196078431372549,0.6352941176470588,0.7254901960784313,0.22993935644626617,0.4630962908267975,0.26452234387397766,0.3104553818702698,0.08271238207817078,3.9089691638946533,-0.5670269131660461,0.34411439299583435,-1.0734257698059082,0.013541513122618198,-0.4895092397928238,0.4895092397928238,292.8115234375,291.10308837890625,294.5589904785156
0007,11,1,342,0.6993865030674846,0.1827899518973811,489,10,14,8,1120,0.43660714285714286,0.6533140863707446,0.6432816071213762,0.5171017282168492,0.6549019607843137,0.6588235294117647,0.5215686274509804,0.8012838363647461,0.9999934434890747,0.9997817277908325,0.9999532103538513,0.29510053992271423,391.8277893066406,-0.46685805916786194,0.625060498714447,-1.312558650970459,1.7309499979019165,-0.6868028789758682,0.6868028789758682,269.0615234375,263.56402587890625,274.7562561035156
0017,1,1,200,0.7017543859649122,0.7984031936127745,285,5,13,11,715,0.3986013986013986,0.5756602031394275,0.5626676117904188,0.6420602789023842,0.5789473684210527,0.5589225589225589,0.6346153846153846,0.8017179369926453,1.0,0.9999540448188782,0.9999977946281433,0.2974091172218323,228.48960876464844,1.5046857595443726,0.20372439920902252,0.667578935623169,1.9014804363250732,-0.3359668254852295,0.3359668254852295,308.7275085449219,303.55560302734375,314.3787536621094
0019,1,1,1302,0.6656441717791411,0.6632705043301069,1956,18,22,28,11088,0.1764069264069264,0.6885260034484141,0.6181362524559927,0.46432294799310314,0.6627450980392157,0.6352941176470588,0.43137254901960786,0.7678794264793396,1.0,0.9999917149543762,0.9999998211860657,0.30824217200279236,1501.97216796875,0.4479168653488159,0.3970276713371277,-0.6487472057342529,1.4163559675216675,-0.11661851406097412,0.11661851406097412,264.763427734375,255.2919921875,277.87945556640625
0019,2,0,0,0.0,0.0,2,1,1,2,2,1.0,0.6862745098039216,0.6352941176470588,0.4647058823529412,0.6862745098039216,0.6352941176470588,0.4666666666666667,0.13544514775276184,0.16716957092285156,0.1513073593378067,0.16082468628883362,0.03172441944479942,0.2708902955055237,0.457328736782074,0.08070957660675049,0.3766191601753235,0.5380383133888245,-0.08284485340118408,0.08284485340118408,266.9502868652344,266.72833251953125,267.1722412109375
0019,3,1,248,0.7272727272727273,0.21462570315880572,341,6,13,9,702,0.48575498575498577,0.7411419699844748,0.4790408832154563,0.47394629406014605,0.7333333333333333,0.4745098039215686,0.4666666666666667,0.8292170166969299,1.0,0.999993085861206,0.9999996423721313,0.2751961052417755,282.76300048828125,0.37173232436180115,0.4206915497779846,-0.3429332971572876,1.3418880701065063,-0.17608818411827087,0.17608818411827087,256.1939697265625,251.5770263671875,260.03076171875
0019,4,0,0,0.0,0.0,1,1,1,1,1,1.0,0.7450980392156863,0.4823529411764706,0.5058823529411764,0.7450980392156863,0.4823529411764706,0.5058823529411764,0.1263899803161621,0.1263899803161621,0.1263899803161621,0.1263899803161621,0.0,0.1263899803161621,0.3379364311695099,0.0,0.3379364311695099,0.3379364311695099,-0.17496171593666077,0.17496171593666077,261.2489318847656,261.2489318847656,261.2489318847656
0024,1,1,489,0.6007371007371007,0.2751054852320675,814,10,19,15,2850,0.2856140350877193,0.2960482525699917,0.48789714479369656,0.5734791524265208,0.2976588628762542,0.46551724137931033,0.575187969924812,0.8675153255462646,0.9999997615814209,0.9999873042106628,0.9999967217445374,0.2529335916042328,706.157470703125,0.11038409173488617,0.37305065989494324,-0.4647321105003357,1.1542973518371582,-0.38047052919864655,0.38047052919864655,36.531314849853516,30.232433319091797,42.83689880371094
0024,2,0,0,0.0,0.0,229,8,10,11,880,0.26022727272727275,0.31822231309605525,0.5618280379460925,0.5399415569491414,0.3177257525083612,0.5551724137931034,0.5413533834586466,0.5742886066436768,0.99997478723526,0.840222179889679,0.9957079887390137,0.30496013164520264,131.5120849609375,0.14041920006275177,0.27555328607559204,-0.31390368938446045,0.7547397613525391,-0.2727067321538925,0.2727067321538925,28.11730194091797,24.919872283935547,31.28897476196289
0024,3,0,0,0.0,0.0,6,2,2,2,8,0.75,0.3232998885172798,0.4672413793103448,0.48245614035087725,0.32441471571906355,0.4689655172413793,0.48120300751879697,0.16868044435977936,0.2015051692724228,0.17786435782909393,0.19154658913612366,0.01847003400325775,1.0120826959609985,-0.05079050362110138,0.0925820916891098,-0.14863623678684235,0.11861459165811539,-0.1556980162858963,0.1556980162858963,26.5560245513916,25.690465927124023,27.331300735473633
0024,4,1,36,0.5,0.025595449697831497,72,7,7,7,343,0.2099125364431487,0.530982905982906,0.5330938697318008,0.5935150375939849,0.5284280936454849,0.5310344827586206,0.5939849624060151,0.757134199142456,0.999998927116394,0.9994897842407227,0.9999833106994629,0.3023113012313843,54.51366424560547,1.5439575910568237,0.2274388074874878,1.014216423034668,2.003098726272583,-0.34074974060058594,0.34074974060058594,85.62905883789062,81.91458892822266,89.9166259765625
0024,5,1,1240,0.5077805077805078,0.4784873625313525,2442,19,33,42,26334,0.09273182957393483,0.5768313159617507,0.6073328814708125,0.6894462815515446,0.5785953177257525,0.596551724137931,0.6541353383458647,0.7196903228759766,1.0,0.9996299147605896,0.9999909400939941,0.32197442650794983,1757.4837646484375,0.7685783505439758,0.441229909658432,-0.5373890399932861,1.70235013961792,-0.3074116110801697,0.3074116110801697,112.69966888427734,96.97937774658203,133.1990966796875
0024,6,0,0,0.0,0.0,1,1,1,1,1,1.0,0.5484949832775919,0.5862068965517241,0.6954887218045113,0.5484949832775919,0.5862068965517241,0.6954887218045113,0.10301773250102997,0.10301773250102997,0.10301773250102997,0.10301773250102997,0.0,0.10301773250102997,0.8265961408615112,0.0,0.8265961408615112,0.8265961408615112,-0.038703322410583496,0.038703322410583496,105.56988525390625,105.56988525390625,105.56988525390625
0024,7,1,1,1.0,0.0007293946024799417,1,1,1,1,1,1.0,0.5518394648829431,0.5724137931034483,0.7142857142857143,0.5518394648829431,0.5724137931034483,0.7142857142857143,0.10315258800983429,0.10315258800983429,0.10315258800983429,0.10315258800983429,0.0,0.10315258800983429,1.1875412464141846,0.0,1.1875412464141846,1.1875412464141846,-0.2893296480178833,0.2893296480178833,109.03668975830078,109.03668975830078,109.03668975830078
0024,8,1,2,1.0,0.0014582573824279985,2,1,2,1,2,1.0,0.5551839464882943,0.5775862068965517,0.7142857142857143,0.5551839464882943,0.5758620689655173,0.7142857142857143,0.20287230610847473,0.2688949406147003,0.23588362336158752,0.25569039583206177,0.06602263450622559,0.40574461221694946,1.2692537307739258,0.06363052129745483,1.2056231498718262,1.3328841924667358,-0.25202763080596924,0.25202763080596924,109.94770812988281,109.8954086303711,110.0
0024,9,1,2,0.5,0.0014571948998178506,4,2,2,2,8,0.5,0.5576923076923077,0.6077586206896551,0.7086466165413534,0.5585284280936454,0.6103448275862069,0.7105263157894737,0.22127431631088257,0.3192096948623657,0.30327704548835754,0.312836617231369,0.08787637948989868,0.8850972652435303,1.1798804998397827,0.056638769805431366,1.099859356880188,1.2486547231674194,-0.15908002853393555,0.15908002853393555,110.83827209472656,109.90904998779297,111.47645568847656
0024,10,1,2,1.0,0.0014582573824279985,2,1,2,1,2,1.0,0.5585284280936454,0.5810344827586207,0.7180451127819549,0.5585284280936454,0.5827586206896552,0.7180451127819549,0.2997836470603943,0.4060119390487671,0.3528977930545807,0.38476628065109253,0.10622827708721161,0.5995672941207886,1.279279351234436,0.04156935214996338,1.2377099990844727,1.3208487033843994,-0.20130550861358643,0.20130550861358643,111.45625305175781,111.40017700195312,111.5123291015625
0024,11,0,0,0.0,0.0,3,2,1,2,4,0.75,0.5875139353400223,0.6793103448275862,0.7493734335839599,0.5886287625418061,0.6793103448275862,0.7481203007518797,0.16258801519870758,0.1864895075559616,0.17119449377059937,0.18037149310112,0.017438484355807304,0.48776406049728394,-0.029815321788191795,0.00861697643995285,-0.04189947992563248,-0.022410064935684204,-0.1860534604638815,0.1860534604638815,129.4154815673828,128.7283935546875,130.06536865234375
0024,12,1,8,0.6153846153846154,0.005809731299927378,13,3,3,3,27,0.48148148148148145,0.6454849498327759,0.44801061007957566,0.5228455754771544,0.6454849498327759,0.4482758620689655,0.518796992481203,0.2760365307331085,0.6349860429763794,0.27364587783813477,0.5489580631256104,0.15728725492954254,3.588474988937378,0.6828494668006897,0.3735714852809906,0.18951427936553955,1.248068928718567,-0.47722548246383667,0.47722548246383667,115.61058044433594,114.45523071289062,116.76471710205078
0024,13,0,0,0.0,0.0,26,4,5,3,60,0.43333333333333335,0.6577051710830976,0.42387267904509285,0.5235685367264314,0.6588628762541806,0.4241379310344828,0.5225563909774437,0.4388812184333801,0.7477266788482666,0.5973107814788818,0.7172349095344543,0.2169933170080185,11.410911560058594,0.627300500869751,0.23496806621551514,0.06552284955978394,0.9527624845504761,-0.40767621994018555,0.40767621994018555,120.88257598876953,119.24344635009766,122.36421203613281
0024,14,0,0,0.0,0.0,14,4,2,4,32,0.4375,0.6569517439082656,0.6332512315270936,0.5655209452201932,0.6555183946488294,0.6344827586206897,0.5676691729323309,0.21579718589782715,0.4966669976711273,0.25185149908065796,0.33915194869041443,0.10628551244735718,3.02116060256958,0.34009647369384766,0.08072745054960251,0.2319156676530838,0.5132573843002319,-0.1602485179901123,0.1602485179901123,121.59307098388672,119.9749984741211,123.04470825195312
0024,15,1,244,0.44525547445255476,0.1483733657646701,548,9,16,11,1584,0.34595959595959597,0.6782645314063911,0.5696576894034735,0.5096591844574941,0.6722408026755853,0.5655172413793104,0.5037593984962406,0.5869402289390564,0.9999751448631287,0.9279274940490723,0.9982097148895264,0.31980404257774353,321.64324951171875,0.03687746822834015,0.366094172000885,-0.5768606662750244,1.1226515769958496,-0.20427659153938293,0.20427659153938293,122.22352600097656,117.8218994140625,126.78327941894531
0028,1,1,17920,0.7639184926251172,0.7980049875311721,23458,35,67,38,89110,0.26324767141734934,0.2923312213959328,0.5001864413358356,0.48798875906204786,0.2702702702702703,0.4163424124513619,0.5348837209302325,0.8567402958869934,0.999998927116394,0.9999268651008606,0.9999790787696838,0.26114293932914734,20097.4140625,-0.328963965177536,0.2870669960975647,-0.8893095850944519,0.7897617220878601,-0.3306182341184467,0.3306182341184467,116.58809661865234,82.10968017578125,142.2462615966797
0028,2,1,883,0.6487876561351947,0.07740521586675433,1361,17,22,19,7106,0.19152828595553054,0.30603774762481595,0.6008170920329239,0.6785309479463915,0.3088803088803089,0.6186770428015564,0.6627906976744186,0.6791024208068848,0.9999899864196777,0.998457670211792,0.9998433589935303,0.3369643986225128,924.2583618164062,-0.38605231046676636,0.28598448634147644,-0.912295401096344,0.37868261337280273,-0.3057343363761902,0.3057343363761902,142.8257293701172,131.7611541748047,151.29110717773438
0028,3,1,520,0.8125,0.04707160315017652,640,14,11,12,1848,0.3463203463203463,0.32677364864864866,0.6271522373540855,0.5621063468992248,0.3166023166023166,0.6264591439688716,0.5697674418604651,0.7992702126502991,0.9999926686286926,0.9997919201850891,0.999955952167511,0.2991815209388733,511.5329284667969,-0.43807452917099,0.2932351231575012,-0.8863359689712524,0.3309265971183777,-0.4522502860054374,0.4522502860054374,144.1103973388672,139.4596710205078,148.97314453125
0028,4,0,0,0.0,0.0,10,2,3,3,18,0.5555555555555556,0.33320463320463317,0.5560311284046693,0.45697674418604656,0.33204633204633205,0.556420233463035,0.4573643410852713,0.23654405772686005,0.4961080551147461,0.24448195099830627,0.43571630120277405,0.12380485981702805,2.365440607070923,-0.10492672771215439,0.0817049965262413,-0.2553970515727997,0.06521744281053543,-0.17887653410434723,0.17887653410434723,127.87309265136719,126.84242248535156,129.1549530029297
0028,5,0,0,0.0,0.0,2,2,1,1,2,1.0,0.34555984555984554,0.5875486381322957,0.46511627906976744,0.3436293436293436,0.5875486381322957,0.46511627906976744,0.15550705790519714,0.17909137904644012,0.16729922592639923,0.174374520778656,0.023584313690662384,0.3110141158103943,-0.21905672550201416,0.026802383363246918,-0.24585910141468048,-0.19225433468818665,-0.18393893539905548,0.18393893539905548,134.73861694335938,134.65139770507812,134.82582092285156
0028,6,0,0,0.0,0.0,40,6,4,4,96,0.4166666666666667,0.35685328185328186,0.5162451361867705,0.6420542635658915,0.3474903474903475,0.5175097276264592,0.6434108527131783,0.1596093475818634,0.23586708307266235,0.1893758475780487,0.20894721150398254,0.036808691918849945,6.384373664855957,0.48266467452049255,0.06284255534410477,0.3678518235683441,0.6168560981750488,-0.1891007125377655,0.1891007125377655,117.1714096069336,114.93911743164062,118.97898864746094
0028,7,1,52,0.6842105263157895,0.004830469112865768,76,4,6,7,168,0.4523809523809524,0.39239991871570823,0.730954331353676,0.7134332925336597,0.3938223938223938,0.7315175097276264,0.7131782945736435,0.6551513075828552,0.9965530633926392,0.9298502206802368,0.9877970814704895,0.29833853244781494,49.791500091552734,-0.5514658093452454,0.18759764730930328,-0.8851717114448547,-0.17967678606510162,-0.251338928937912,0.251338928937912,173.67420959472656,171.11984252929688,175.94601440429688
0028,8,0,0,0.0,0.0,51,8,6,3,144,0.3541666666666667,0.49943220531455823,0.6073090714885176,0.6367229062167503,0.4980694980694981,0.6108949416342413,0.6356589147286822,0.502068817615509,0.9934004545211792,0.6958330869674683,0.8681913018226624,0.2553446888923645,25.60550880432129,0.6212604641914368,0.20406939089298248,0.03714149072766304,0.9881260991096497,-0.1459217667579651,0.1459217667579651,139.0341796875,136.57965087890625,142.16539001464844
0028,9,0,0,0.0,0.0,81,5,8,6,240,0.3375,0.56337289670623,0.6447614930105202,0.5507704086515456,0.5637065637065637,0.6459143968871596,0.5503875968992248,0.41578108072280884,0.8670496344566345,0.5693615078926086,0.7585397958755493,0.2266605645418167,33.67826843261719,-0.3092587888240814,0.23508770763874054,-0.7768154144287109,0.18755842745304108,-0.24806316941976547,0.24806316941976547,149.3887939453125,145.3478546142578,152.62371826171875
0028,10,0,0,0.0,0.0,1,1,1,1,1,1.0,0.5598455598455598,0.6809338521400778,0.562015503875969,0.5598455598455598,0.6809338521400778,0.562015503875969,0.11450504511594772,0.11450504511594772,0.11450504511594772,0.11450504511594772,0.0,0.11450504511594772,-0.20032376050949097,0.0,-0.20032376050949097,-0.20032376050949097,0.00830775499343872,0.00830775499343872,158.3192901611328,158.3192901611328,158.3192901611328
0028,11,0,0,0.0,0.0,1,1,1,1,1,1.0,0.5598455598455598,0.6848249027237354,0.5658914728682171,0.5598455598455598,0.6848249027237354,0.5658914728682171,0.10441732406616211,0.10441732406616211,0.10441732406616211,0.10441732406616211,0.0,0.10441732406616211,-0.34498921036720276,0.0,-0.34498921036720276,-0.34498921036720276,-0.13481645286083221,0.13481645286083221,159.3267059326172,159.3267059326172,159.3267059326172
0028,12,0,0,0.0,0.0,2,1,2,1,2,1.0,0.5637065637065637,0.6789883268482491,0.5658914728682171,0.5637065637065637,0.6770428015564203,0.5658914728682171,0.1165207177400589,0.12015710771083832,0.11833891272544861,0.1194298267364502,0.0036363936960697174,0.2330414354801178,-0.20961177349090576,0.014006592333316803,-0.22361835837364197,-0.19560517370700836,-0.16542509570717812,0.16542509570717812,158.06410217285156,157.57537841796875,158.55282592773438
0028,13,0,0,0.0,0.0,1,1,1,1,1,1.0,0.667953667953668,0.6186770428015564,0.4728682170542636,0.667953667953668,0.6186770428015564,0.4728682170542636,0.12004879117012024,0.12004879117012024,0.12004879117012024,0.12004879117012024,0.0,0.12004879117012024,-0.44890961050987244,0.0,-0.44890961050987244,-0.44890961050987244,-0.1914387345314026,0.1914387345314026,152.5843963623047,152.5843963623047,152.5843963623047
0028,14,0,0,0.0,0.0,1,1,1,1,1,1.0,0.6718146718146718,0.6147859922178989,0.4728682170542636,0.6718146718146718,0.6147859922178989,0.4728682170542636,0.10719090700149536,0.10719090700149536,0.10719090700149536,0.10719090700149536,0.0,0.10719090700149536,-0.6017662286758423,0.0,-0.6017662286758423,-0.6017662286758423,-0.3169688880443573,0.3169688880443573,152.07235717773438,152.07235717773438,152.07235717773438
0033,1,0,0,0.0,0.0,5,2,2,2,8,0.625,0.486046511627907,0.5713178294573643,0.5584313725490196,0.4844961240310077,0.5697674418604651,0.5607843137254902,0.312130331993103,0.5373308062553406,0.4414980411529541,0.49899768829345703,0.1562562733888626,1.5606516599655151,0.709276556968689,0.017288003116846085,0.6886310577392578,0.7319521903991699,-0.15099823474884033,0.15099823474884033,240.79452514648438,240.10206604003906,241.30685424804688
0033,2,0,0,0.0,0.0,4,2,3,1,6,0.6666666666666666,0.499031007751938,0.5,0.5647058823529412,0.5,0.5,0.5647058823529412,0.1452694535255432,0.21697145700454712,0.1567184031009674,0.19287021458148956,0.043395139276981354,0.5810778141021729,0.6489205956459045,0.03491882607340813,0.5922104716300964,0.6857841610908508,-0.1663709282875061,0.1663709282875061,232.83584594726562,232.417724609375,233.52943420410156
0038,1,1,3958,0.7589645254074784,0.8136499126323363,5215,33,27,22,19602,0.2660442811957964,0.28597672626097415,0.30987235162521387,0.546016205139774,0.2901960784313726,0.27450980392156865,0.5411764705882353,0.8683205842971802,0.9999995827674866,0.9999804496765137,0.9999938607215881,0.2512151300907135,4528.2919921875,-0.231790691614151,0.4257383644580841,-0.8030889630317688,1.0296180248260498,-0.5406869351863861,0.5406869351863861,176.5339813232422,164.70883178710938,191.953125
0038,2,0,0,0.0,0.0,24,5,4,3,60,0.4,0.2383986928104575,0.37173202614379086,0.5137254901960784,0.23921568627450981,0.37254901960784315,0.5137254901960784,0.20865364372730255,0.3655012547969818,0.2695702314376831,0.30446815490722656,0.07224774360656738,5.007687568664551,-0.40952733159065247,0.20086751878261566,-0.6842947006225586,-0.07745002210140228,-0.36523032560944557,0.36523032560944557,173.1087188720703,171.98837280273438,174.24407958984375
0038,3,0,0,0.0,0.0,49,4,6,4,96,0.5104166666666666,0.25890356142456983,0.4759503801520608,0.44945978391356545,0.2627450980392157,0.4745098039215686,0.45098039215686275,0.30595266819000244,0.544567346572876,0.40417516231536865,0.4856318235397339,0.12599536776542664,14.991681098937988,-0.35283786058425903,0.21076875925064087,-0.7279506921768188,0.09143654257059097,-0.28714920580387115,0.28714920580387115,179.88848876953125,176.8784942626953,182.5404052734375
0038,4,0,0,0.0,0.0,3,1,2,2,4,0.75,0.28627450980392155,0.5581699346405229,0.5673202614379085,0.28627450980392155,0.5607843137254902,0.5686274509803921,0.1183110699057579,0.13511189818382263,0.12464410811662674,0.1309247761964798,0.01238001137971878,0.3549332022666931,-0.269330769777298,0.08317998796701431,-0.3402249813079834,-0.15258868038654327,-0.3962631821632385,0.3962631821632385,216.01707458496094,215.3508758544922,216.6794891357422
0038,5,1,221,0.6971608832807571,0.09149244462844132,317,8,13,10,1040,0.30480769230769234,0.3846229974639698,0.27157790561019357,0.5225088142512525,0.3803921568627451,0.27058823529411763,0.5254901960784314,0.7137560248374939,0.9999844431877136,0.9974034428596497,0.9997602701187134,0.313018798828125,226.26065063476562,0.4608130156993866,0.39360344409942627,-0.6654052734375,1.1547088623046875,-0.4451892673969269,0.4451892673969269,179.9271697998047,173.06935119628906,185.35641479492188
0038,6,0,0,0.0,0.0,1,1,1,1,1,1.0,0.3803921568627451,0.26666666666666666,0.4980392156862745,0.3803921568627451,0.26666666666666666,0.4980392156862745,0.16641956567764282,0.16641956567764282,0.16641956567764282,0.16641956567764282,0.0,0.16641956567764282,0.673095166683197,0.0,0.673095166683197,0.673095166683197,-0.24682354927062988,0.24682354927062988,174.23260498046875,174.23260498046875,174.23260498046875
0038,7,0,0,0.0,0.0,48,4,5,5,100,0.48,0.6066176470588235,0.6540032679738562,0.5743464052287582,0.6039215686274509,0.6549019607843137,0.5764705882352941,0.5132974982261658,0.9919604659080505,0.8119747042655945,0.9544215202331543,0.30721399188041687,24.63827896118164,-0.29132771492004395,0.28899192810058594,-0.7780429720878601,0.2415737509727478,-0.3824259787797928,0.3824259787797928,271.115234375,268.840087890625,272.9578857421875
0038,8,1,65,0.8125,0.028297779712668697,80,5,6,5,150,0.5333333333333333,0.673921568627451,0.5849019607843138,0.5139705882352941,0.6745098039215687,0.5843137254901961,0.5137254901960784,0.7441052198410034,0.9999957084655762,0.9990943670272827,0.9999586939811707,0.2929636240005493,59.528419494628906,-0.1545824259519577,0.29031291604042053,-0.8281353116035461,0.38541415333747864,-0.28941483795642853,0.28941483795642853,263.25469970703125,260.7891845703125,265.6106262207031
0040,1,0,0,0.0,0.0,10,3,5,1,15,0.6666666666666666,0.5054901960784314,0.6349019607843137,0.6313725490196078,0.5058823529411764,0.6352941176470588,0.6313725490196078,0.2541098892688751,0.4494442641735077,0.31666475534439087,0.4023210108280182,0.10355772823095322,2.5410988330841064,1.2593212127685547,0.26992008090019226,0.8201417326927185,1.5402743816375732,-0.6813699007034302,0.6813699007034302,262.6934814453125,261.5740661621094,264.0397644042969
0040,2,0,0,0.0,0.0,4,2,2,1,4,1.0,0.5235294117647059,0.6411764705882353,0.6352941176470588,0.5254901960784314,0.6392156862745098,0.6352941176470588,0.2846687138080597,0.4194033741950989,0.3852976858615875,0.40576109290122986,0.11328019201755524,1.1386748552322388,1.5757739543914795,0.18051467835903168,1.296849250793457,1.7634141445159912,-0.4825589656829834,0.4825589656829834,266.5836486816406,266.0244445800781,267.14227294921875
0040,3,0,0,0.0,0.0,39,5,5,6,150,0.26,0.5776772247360483,0.6199095022624433,0.7158371040723982,0.5803921568627451,0.6196078431372549,0.7137254901960784,0.6161007881164551,0.9994664788246155,0.9540861248970032,0.9958651661872864,0.332323282957077,24.027931213378906,1.611533284187317,0.19025933742523193,1.104137659072876,1.8749839067459106,-0.3709515333175659,0.3709515333175659,283.38482666015625,281.5137634277344,284.80694580078125
0041,1,0,0,0.0,0.0,54,7,8,4,224,0.24107142857142858,0.4222222222222222,0.4282498184458969,0.6562817719680465,0.42745098039215684,0.4196078431372549,0.6549019607843137,0.182436004281044,0.37698566913604736,0.21652644872665405,0.2601555287837982,0.060865920037031174,9.851544380187988,1.5100220441818237,0.1236094981431961,1.2150801420211792,1.7132396697998047,-0.1500946283340454,0.1500946283340454,227.48007202148438,225.09776306152344,229.7150421142578
0041,2,0,0,0.0,0.0,1,1,1,1,1,1.0,0.41568627450980394,0.4196078431372549,0.6470588235294118,0.41568627450980394,0.4196078431372549,0.6470588235294118,0.10247136652469635,0.10247136652469635,0.10247136652469635,0.10247136652469635,0.0,0.10247136652469635,1.5709083080291748,0.0,1.5709083080291748,1.5709083080291748,-0.0907362699508667,0.0907362699508667,223.8816680908203,223.8816680908203,223.8816680908203
0041,3,1,26,1.0,0.0004283431358012488,26,4,5,4,80,0.325,0.4292609351432881,0.5886877828054299,0.7383107088989442,0.43137254901960786,0.592156862745098,0.7372549019607844,0.28080350160598755,0.5732982754707336,0.3818538784980774,0.5191998481750488,0.15334366261959076,7.300890922546387,1.01198410987854,0.432047039270401,0.062196481972932816,1.86980402469635,-0.5922017097473145,0.5922017097473145,264.92138671875,262.77557373046875,266.72833251953125
0041,4,0,0,0.0,0.0,1,1,1,1,1,1.0,0.43137254901960786,0.4117647058823529,0.6509803921568628,0.43137254901960786,0.4117647058823529,0.6509803921568628,0.1059395968914032,0.1059395968914032,0.1059395968914032,0.1059395968914032,0.0,0.1059395968914032,1.5139758586883545,0.0,1.5139758586883545,1.5139758586883545,1.1920928955078125e-07,1.1920928955078125e-07,225.61471557617188,225.61471557617188,225.61471557617188
0041,5,1,87,0.9560439560439561,0.0014325350106616829,91,7,8,5,280,0.325,0.46550312432665375,0.7092436974789916,0.5838827838827839,0.4666666666666667,0.7137254901960784,0.5843137254901961,0.34511810541152954,0.6384670734405518,0.4727567434310913,0.5820443630218506,0.1593131124973297,31.40574836730957,0.5248514413833618,0.37142667174339294,-0.19399985671043396,1.3716444969177246,-0.7141441106796265,0.7141441106796265,263.0780029296875,259.0347595214844,266.3475036621094
0041,6,0,0,0.0,0.0,1,1,1,1,1,1.0,0.4823529411764706,0.16862745098039217,0.5254901960784314,0.4823529411764706,0.16862745098039217,0.5254901960784314,0.10330134630203247,0.10330134630203247,0.10330134630203247,0.10330134630203247,0.0,0.10330134630203247,0.6030554175376892,0.0,0.6030554175376892,0.6030554175376892,-0.31253582239151,0.31253582239151,187.5659942626953,187.5659942626953,187.5659942626953
0041,7,0,0,0.0,0.0,1,1,1,1,1,1.0,0.4823529411764706,0.17254901960784313,0.5450980392156862,0.4823529411764706,0.17254901960784313,0.5450980392156862,0.10434266924858093,0.10434266924858093,0.10434266924858093,0.10434266924858093,0.0,0.10434266924858093,0.7596198916435242,0.0,0.7596198916435242,0.7596198916435242,-0.4904499650001526,0.4904499650001526,191.39749145507812,191.39749145507812,191.39749145507812
0041,8,0,0,0.0,0.0,12,2,3,3,18,0.6666666666666666,0.48888888888888893,0.1718954248366013,0.5650326797385621,0.48627450980392156,0.17254901960784313,0.5647058823529412,0.1587025225162506,0.20733901858329773,0.1811799556016922,0.2039673626422882,0.029203513637185097,1.9044302701950073,0.7299675345420837,0.3014523386955261,0.20452778041362762,1.3858776092529297,-0.6416769623756409,0.6416769623756409,196.1485595703125,194.96153259277344,197.29673767089844
0041,9,1,119484,0.8950246445639635,0.9376074076980422,133498,51,113,72,414936,0.32173154414174715,0.5734462350761516,0.39587374298623557,0.671225389585039,0.5803921568627451,0.5450980392156862,0.6666666666666666,0.9277676939964294,0.9999786615371704,0.9991492629051208,0.9994269013404846,0.19540616869926453,123855.1328125,0.47359803318977356,0.5860793590545654,-0.5498281121253967,3.108086347579956,-0.9205194413661957,0.9205194413661957,248.4807891845703,205.9344482421875,287.51348876953125
0041,10,1,24,1.0,0.0003954001779300801,24,4,5,3,60,0.4,0.5387254901960784,0.7478758169934641,0.6555555555555556,0.5411764705882353,0.7529411764705882,0.6549019607843137,0.2539644241333008,0.5966598987579346,0.3012292981147766,0.5149587988853455,0.14474275708198547,6.095146179199219,0.4286995828151703,0.3382490277290344,-0.2224661260843277,1.030049443244934,-0.6353130638599396,0.6353130638599396,288.9007263183594,287.0174255371094,291.01202392578125
0041,11,0,0,0.0,0.0,1,1,1,1,1,1.0,0.6039215686274509,0.23137254901960785,0.611764705882353,0.6039215686274509,0.23137254901960785,0.611764705882353,0.1075029969215393,0.1075029969215393,0.1075029969215393,0.1075029969215393,0.0,0.1075029969215393,1.0442825555801392,0.0,1.0442825555801392,1.0442825555801392,-0.36116576194763184,0.36116576194763184,227.68838500976562,227.68838500976562,227.68838500976562
0042,1,1,128,0.6464646464646465,0.416260162601626,198,9,9,6,486,0.4074074074074074,0.34838581897405424,0.2585858585858586,0.45609031491384433,0.3411764705882353,0.25882352941176473,0.4549019607843137,0.7693085074424744,1.0,0.9999217987060547,0.9999991655349731,0.3107111155986786,152.32308959960938,1.6225700378417969,0.5600051283836365,-0.24443989992141724,2.788604736328125,-0.08925485610961914,0.08925485610961914,161.0923614501953,157.0382080078125,165.48110961914062
0042,2,1,27,0.6428571428571429,0.11764705882352941,42,4,5,4,80,0.525,0.43183940242763774,0.6528478057889823,0.6312791783380018,0.43137254901960786,0.6509803921568628,0.6313725490196078,0.7922514081001282,0.9999994039535522,0.9998339414596558,0.9999920129776001,0.3105663061141968,33.274559020996094,2.1120479106903076,0.23961897194385529,1.5461454391479492,2.6788852214813232,-0.22471904754638672,0.22471904754638672,256.8597412109375,254.78814697265625,258.86676025390625
0042,3,0,0,0.0,0.0,1,1,1,1,1,1.0,0.4392156862745098,0.6823529411764706,0.6235294117647059,0.4392156862745098,0.6823529411764706,0.6235294117647059,0.10810382664203644,0.10810382664203644,0.10810382664203644,0.10810382664203644,0.0,0.10810382664203644,1.2192133665084839,0.0,1.2192133665084839,1.2192133665084839,-0.681257963180542,0.681257963180542,261.3924255371094,261.3924255371094,261.3924255371094
0042,4,1,71,0.7802197802197802,0.2795275590551181,91,6,5,5,150,0.6066666666666667,0.45166989872872226,0.7211807800043094,0.6301228183581125,0.4470588235294118,0.7215686274509804,0.6274509803921569,0.8325679302215576,1.0,0.9999887943267822,0.9999998807907104,0.28445136547088623,75.76367950439453,1.0075162649154663,0.4772888123989105,0.09217174351215363,1.799574613571167,-0.2630511522293091,0.2630511522293091,270.44061279296875,267.6378173828125,273.4300537109375
0042,5,0,0,0.0,0.0,1,1,1,1,1,1.0,0.4470588235294118,0.7176470588235294,0.615686274509804,0.4470588235294118,0.7176470588235294,0.615686274509804,0.19075797498226166,0.19075797498226166,0.19075797498226166,0.19075797498226166,0.0,0.19075797498226166,1.3936153650283813,0.0,1.3936153650283813,1.3936153650283813,-0.2565491199493408,0.2565491199493408,267.1385498046875,267.1385498046875,267.1385498046875
0042,6,1,2,1.0,0.00954653937947494,2,1,2,1,2,1.0,0.4980392156862745,0.7274509803921568,0.6352941176470588,0.4980392156862745,0.7294117647058823,0.6352941176470588,0.14428290724754333,0.1601257473230362,0.15220431983470917,0.15695717930793762,0.015842847526073456,0.28856581449508667,0.5906273126602173,0.3045364320278168,0.2860908806324005,0.8951637744903564,-0.6430110931396484,0.6430110931396484,277.5578918457031,277.2237243652344,277.8920593261719
0042,7,1,4,1.0,0.019002375296912115,4,2,2,1,4,1.0,0.503921568627451,0.7156862745098039,0.6509803921568628,0.5058823529411764,0.7137254901960784,0.6509803921568628,0.214696004986763,0.2384779006242752,0.23364847898483276,0.236546128988266,0.022727735340595245,0.858784019947052,0.7659441828727722,0.18551765382289886,0.47293612360954285,0.9811596870422363,-0.5339347720146179,0.5339347720146179,278.6266784667969,278.0665283203125,279.1863098144531
0044,1,1,779,0.7607421875,0.8239026969857218,1024,19,14,14,3724,0.2749731471535983,0.6538679534313725,0.7629404105392157,0.3064797794117647,0.6666666666666666,0.7568627450980392,0.30196078431372547,0.8028460741043091,1.0,0.9999905824661255,0.9999990463256836,0.2969260811805725,822.1143798828125,0.7692837715148926,0.3875064253807068,-0.23668232560157776,1.9378466606140137,-0.443021297454834,0.443021297454834,268.55059814453125,260.9137878417969,274.4977111816406
0045,1,1,20,0.7407407407407407,0.851063829787234,27,4,4,2,32,0.84375,0.49707602339181284,0.42025699168556313,0.521117608836907,0.49473684210526314,0.41836734693877553,0.519298245614035,0.932982325553894,1.0,1.0,1.0,0.16976843774318695,25.190523147583008,1.106190800666809,0.27694055438041687,0.5402360558509827,1.5115258693695068,-0.38176071643829346,0.38176071643829346,68.99211120605469,67.46851348876953,70.61869812011719
0049,1,1,5468,0.7872156636913331,0.22394692113939343,6946,31,29,31,27869,0.24923750403674333,0.31742687285106963,0.6014921833979776,0.35562800991401455,0.34509803921568627,0.615686274509804,0.3254901960784314,0.8619866371154785,0.9999988079071045,0.9999806880950928,0.9999927282333374,0.2602507472038269,5987.359375,0.8467904925346375,0.5217217803001404,-0.1715581864118576,3.0670907497406006,-0.6669049859046936,0.6669049859046936,196.31187438964844,182.39244079589844,208.42984008789062
0049,2,1,26284,0.8424088971507323,0.7192425569176882,31201,50,49,51,124950,0.2497078831532613,0.37504039274759293,0.7293472871344621,0.458343152651593,0.2980392156862745,0.7098039215686275,0.44313725490196076,0.902564525604248,0.9999994039535522,0.9999866485595703,0.999993622303009,0.22655871510505676,28160.916015625,0.7595989108085632,0.5150991082191467,-0.37309813499450684,3.2266845703125,-0.5799792408943176,0.5799792408943176,240.31871032714844,205.8591766357422,268.64288330078125
0049,3,0,0,0.0,0.0,1,1,1,1,1,1.0,0.3215686274509804,0.6352941176470588,0.4196078431372549,0.3215686274509804,0.6352941176470588,0.4196078431372549,0.13389240205287933,0.13389240205287933,0.13389240205287933,0.13389240205287933,0.0,0.13389240205287933,1.531193733215332,0.0,1.531193733215332,1.531193733215332,-0.5408871173858643,0.5408871173858643,211.14450073242188,211.14450073242188,211.14450073242188
0049,4,1,21,1.0,0.0010021952849098023,21,3,4,4,48,0.4375,0.3368814192343604,0.6485527544351074,0.41848739495798315,0.3333333333333333,0.6509803921568628,0.4196078431372549,0.22770783305168152,0.42711248993873596,0.2840425968170166,0.38704991340637207,0.10282733291387558,4.781864643096924,1.081114649772644,0.2347397804260254,0.6945810317993164,1.7594116926193237,-0.7971866130828857,0.7971866130828857,215.1564178466797,213.37290954589844,216.7117919921875
0049,5,0,0,0.0,0.0,7,3,3,1,9,0.7777777777777778,0.34397759103641457,0.5725490196078431,0.37254901960784315,0.34509803921568627,0.5725490196078431,0.37254901960784315,0.1692032814025879,0.27602243423461914,0.17854349315166473,0.22782383859157562,0.048936959356069565,1.1844229698181152,1.1626900434494019,0.22147294878959656,0.8916539549827576,1.5245915651321411,-0.6496368646621704,0.6496368646621704,195.47854614257812,194.4067840576172,196.35427856445312
0049,6,0,0,0.0,0.0,14,3,4,2,24,0.5833333333333334,0.4358543417366947,0.7669467787114846,0.5386554621848739,0.43529411764705883,0.7686274509803922,0.5372549019607843,0.35369792580604553,0.6027229428291321,0.43822118639945984,0.5118698477745056,0.1311623454093933,4.951770782470703,0.7968631386756897,0.17108584940433502,0.539653480052948,1.0598384141921997,-0.49802714586257935,0.49802714586257935,263.9925842285156,262.5814208984375,265.2301025390625
0049,7,0,0,0.0,0.0,28,5,6,3,90,0.3111111111111111,0.4429971988795518,0.2938375350140056,0.6170868347338936,0.44313725490196076,0.29411764705882354,0.615686274509804,0.2984306812286377,0.5970927476882935,0.3703145980834961,0.4887765347957611,0.12828272581100464,8.356059074401855,1.3998308181762695,0.7794968485832214,0.022210098803043365,2.7010669708251953,-0.7658824920654297,0.7658824920654297,208.24600219726562,206.90093994140625,209.67832946777344
0049,8,0,0,0.0,0.0,70,5,9,7,315,0.2222222222222222,0.4517086834733893,0.3349579831932773,0.6611764705882353,0.4470588235294118,0.33725490196078434,0.6588235294117647,0.4294570982456207,0.9287422895431519,0.5895273685455322,0.8246073722839355,0.2459098994731903,30.061996459960938,1.4650986194610596,0.6718925833702087,0.21628904342651367,2.875761032104492,-0.5676629543304443,0.5676629543304443,221.87167358398438,219.13238525390625,223.71633911132812
0049,9,0,0,0.0,0.0,1,1,1,1,1,1.0,0.4470588235294118,0.3607843137254902,0.6470588235294118,0.4470588235294118,0.3607843137254902,0.6470588235294118,0.1841660887002945,0.1841660887002945,0.1841660887002945,0.1841660887002945,0.0,0.1841660887002945,1.2388677597045898,0.0,1.2388677597045898,1.2388677597045898,-0.6840481758117676,0.6840481758117676,221.16510009765625,221.16510009765625,221.16510009765625
0049,10,0,0,0.0,0.0,198,7,10,8,560,0.3535714285714286,0.48241235888294715,0.7326005149534561,0.3915626856803327,0.4823529411764706,0.7372549019607844,0.396078431372549,0.2833675444126129,0.7431932687759399,0.3729953169822693,0.5102543830871582,0.15435346961021423,56.106773376464844,0.6820088624954224,0.26721933484077454,0.05930681526660919,1.4145798683166504,-0.2532047629356384,0.2532047629356384,245.46566772460938,240.53482055664062,250.0819854736328
0049,11,1,73,0.8488372093023255,0.003478426607581064,86,5,9,8,360,0.2388888888888889,0.4769265845873233,0.7548563611491108,0.436297309621523,0.47843137254901963,0.7568627450980392,0.4392156862745098,0.6090702414512634,0.9980952739715576,0.9274431467056274,0.9907413721084595,0.3221403956413269,52.38003921508789,0.9452313184738159,0.39993828535079956,0.23942531645298004,2.0368010997772217,-0.5450170040130615,0.5450170040130615,253.90452575683594,248.2921600341797,257.4801025390625
0049,12,1,146,0.948051948051948,0.0069456007231036366,154,14,9,14,1764,0.0873015873015873,0.5107461166284696,0.5708174178762414,0.5697478991596638,0.5254901960784314,0.5764705882352941,0.5725490196078431,0.649366021156311,0.998658299446106,0.8912714719772339,0.9805396795272827,0.28698891401290894,100.00236511230469,1.6961860656738281,0.5492721796035767,0.6475192904472351,3.0039305686950684,-1.043675422668457,1.043675422668457,243.971435546875,232.4951629638672,250.8585205078125
0049,13,1,53,0.6708860759493671,0.002525854262974789,79,4,6,8,192,0.4114583333333333,0.5366592206502854,0.5891288160833954,0.6248200546041202,0.5333333333333333,0.5882352941176471,0.6235294117647059,0.7080328464508057,0.9991629719734192,0.9849797487258911,0.9972200393676758,0.30375227332115173,55.934593200683594,1.971316933631897,0.3139183223247528,1.1380592584609985,2.533256769180298,-0.5458012819290161,0.5458012819290161,258.7646789550781,255.55038452148438,262.6670837402344
0049,14,0,0,0.0,0.0,47,4,6,4,96,0.4895833333333333,0.5380892782644973,0.6357947434292865,0.3908218606591573,0.5411764705882353,0.6352941176470588,0.39215686274509803,0.46474745869636536,0.9470689296722412,0.7263643741607666,0.8343400359153748,0.2652750015258789,21.843130111694336,1.6723026037216187,0.5582902431488037,0.5516992807388306,2.710059642791748,-0.7132261991500854,0.7132261991500854,235.20672607421875,232.91200256347656,238.21629333496094
0049,15,1,7030,0.7041266025641025,0.271057045362534,9984,33,33,26,28314,0.3526170798898072,0.6123338518099547,0.28834409565108093,0.27650986676721967,0.6274509803921569,0.27450980392156865,0.2784313725490196,0.6495173573493958,0.9999558925628662,0.9576237797737122,0.9979293942451477,0.309753954410553,6484.78125,0.847620964050293,0.6731275320053101,-0.43304482102394104,3.213332176208496,-0.24564588069915771,0.24564588069915771,187.48550415039062,167.87197875976562,201.3057403564453
0049,16,1,54,0.7605633802816901,0.002574002574002574,71,4,4,10,160,0.44375,0.5507318420325876,0.6056890361778515,0.6684893675780171,0.5529411764705883,0.6078431372549019,0.6745098039215687,0.5802677869796753,0.9990597367286682,0.9342994689941406,0.9965355396270752,0.33619368076324463,41.199012756347656,1.2380279302597046,0.3221646249294281,0.5295054316520691,1.8319780826568604,-0.35518527030944824,0.35518527030944824,270.0372009277344,265.0169677734375,273.9726257324219
0049,17,0,0,0.0,0.0,12,4,3,2,24,0.5,0.5859477124183006,0.6349673202614379,0.369281045751634,0.5843137254901961,0.6313725490196078,0.3686274509803922,0.20008708536624908,0.3372141122817993,0.24959692358970642,0.2834058105945587,0.06917537748813629,2.401045083999634,0.6576473116874695,0.7219683527946472,-0.15870001912117004,2.1361606121063232,-1.1346612572669983,1.1346612572669983,240.22979736328125,238.65875244140625,241.88633728027344
0049,18,0,0,0.0,0.0,6,2,3,2,12,0.5,0.6065359477124183,0.6202614379084967,0.34248366013071896,0.6078431372549019,0.6196078431372549,0.3411764705882353,0.20426256954669952,0.2588289678096771,0.22723835706710815,0.24414874613285065,0.0422840341925621,1.2255754470825195,1.212891697883606,0.49150389432907104,0.5728551745414734,1.9300436973571777,-0.7803571224212646,0.7803571224212646,238.48826599121094,237.8192596435547,239.1359405517578
0049,19,0,0,0.0,0.0,24,5,4,3,60,0.4,0.6947712418300653,0.5754901960784313,0.39052287581699346,0.6901960784313725,0.5764705882352941,0.38823529411764707,0.3547337055206299,0.5815789699554443,0.49893811345100403,0.5597710609436035,0.16203567385673523,8.513608932495117,1.0489192008972168,0.41079720854759216,0.1312585026025772,1.9325342178344727,-0.7860355377197266,0.7860355377197266,251.390380859375,249.70782470703125,253.58233642578125
0052,1,1,124,0.775,0.6985915492957746,160,8,7,6,336,0.47619047619047616,0.3905637254901961,0.4987990196078431,0.6999509803921569,0.3843137254901961,0.49411764705882355,0.6980392156862745,0.848105251789093,1.0,0.9999998211860657,1.0,0.2776641249656677,135.69683837890625,0.8593789339065552,0.35209178924560547,0.14025358855724335,1.452783465385437,-0.3994615077972412,0.3994615077972412,241.16397094726562,237.90965270996094,244.1372528076172
0052,2,1,46,0.6764705882352942,0.34980988593155893,68,6,9,4,216,0.3148148148148148,0.5141291810841984,0.5600922722029988,0.5973471741637831,0.5137254901960784,0.5529411764705883,0.6,0.7262750864028931,0.9999980926513672,0.9966060519218445,0.9999346137046814,0.31790775060653687,49.3867073059082,1.0928150415420532,0.2976362109184265,0.3650873601436615,1.4790451526641846,-0.09790670871734619,0.09790670871734619,247.1017303466797,244.10243225097656,249.29701232910156
0053,1,1,9689,0.772093393895928,0.7868599504608763,12549,40,26,44,45760,0.27423513986013986,0.38459947388749766,0.8576685515229281,0.6209485554593906,0.33879781420765026,0.8316326530612245,0.5508021390374331,0.8558016419410706,0.9999979734420776,0.9998910427093506,0.9999625086784363,0.2667435109615326,10739.455078125,-0.4705866575241089,0.2689877152442932,-0.8378897309303284,0.817043662071228,-0.46759982337243855,0.46759982337243855,216.7012176513672,198.6428985595703,232.813232421875
0053,2,0,0,0.0,0.0,10,3,2,2,12,0.8333333333333334,0.5092896174863388,0.41581632653061223,0.6010695187165775,0.5081967213114754,0.413265306122449,0.5989304812834224,0.7535654306411743,0.9788810014724731,0.8873350024223328,0.9611718058586121,0.23278094828128815,7.535654067993164,1.9247300624847412,0.1291675865650177,1.7383003234863281,2.1201729774475098,-0.3176553249359131,0.3176553249359131,167.7803955078125,166.59532165527344,168.8727264404297
0053,3,0,0,0.0,0.0,2,2,1,1,2,1.0,0.5109289617486339,0.42857142857142855,0.6203208556149733,0.5136612021857924,0.42857142857142855,0.6203208556149733,0.2424495965242386,0.263668417930603,0.2530589997768402,0.2594246566295624,0.02121882140636444,0.4848991930484772,1.8560913801193237,0.07092273235321045,1.7851686477661133,1.9270141124725342,-0.35561883449554443,0.35561883449554443,171.58795166015625,171.3125762939453,171.86331176757812
0056,1,1,51425,0.7920921707253208,0.8098744045041143,64923,46,80,64,235520,0.27565811820652175,0.5788880751301116,0.6128637266321323,0.5116910616729431,0.6020066889632107,0.5344827586206896,0.5,0.8787662982940674,0.9999985098838806,0.999915599822998,0.9999732971191406,0.24698670208454132,57052.14453125,0.09684053063392639,0.45380350947380066,-0.7465578317642212,2.2916455268859863,-0.5629747211933136,0.5629747211933136,284.189453125,255.00979614257812,314.21331787109375
0056,2,1,276,0.8238805970149253,0.008845161600461487,335,11,10,9,990,0.3383838383838384,0.5754804572455449,0.2638805970149254,0.595701941420716,0.568561872909699,0.2655172413793103,0.6015037593984962,0.7861664891242981,0.9999703764915466,0.9992579221725464,0.9998477101325989,0.29194745421409607,263.36578369140625,-0.009314117021858692,0.36970004439353943,-0.6482489705085754,0.7517892718315125,-0.5800176234915853,0.5800176234915853,246.83734130859375,242.90121459960938,250.40966796875
0056,3,1,5798,0.6695923316780229,0.16394508772673932,8659,33,28,45,41580,0.20824915824915824,0.6364812299225853,0.4473937820326469,0.633702862074924,0.6321070234113713,0.4379310344827586,0.6015037593984962,0.8070968389511108,0.9999757409095764,0.9993888139724731,0.9998064041137695,0.28801700472831726,6988.6513671875,0.21598923206329346,0.42004865407943726,-0.6803009510040283,1.4725278615951538,-0.40304213762283325,0.40304213762283325,286.31341552734375,270.904052734375,299.5964050292969
0056,4,0,0,0.0,0.0,15,2,2,5,20,0.75,0.586845039018952,0.6498850574712643,0.4476190476190476,0.5852842809364549,0.6517241379310345,0.45112781954887216,0.18553827702999115,0.32572776079177856,0.22008267045021057,0.23339085280895233,0.05315857753157616,2.783074140548706,0.03458823636174202,0.17315714061260223,-0.22992151975631714,0.3162718117237091,-0.30201415345072746,0.30201415345072746,284.32135009765625,282.8586120605469,285.39447021484375
0056,5,1,4,1.0,0.00012887428313680004,4,2,2,2,8,0.5,0.6028428093645485,0.6474137931034483,0.42951127819548873,0.6020066889632107,0.6482758620689655,0.42857142857142855,0.15811742842197418,0.21155479550361633,0.17344816029071808,0.19631212949752808,0.03750308230519295,0.6324697136878967,0.02609301544725895,0.07211335003376007,-0.08342175930738449,0.11858443915843964,-0.2142773773521185,0.2142773773521185,284.8771667480469,284.1231994628906,285.4189758300781
0056,6,0,0,0.0,0.0,2,2,1,1,2,1.0,0.6070234113712375,0.6137931034482759,0.5902255639097744,0.6086956521739131,0.6137931034482759,0.5902255639097744,0.14573320746421814,0.14583048224449158,0.14578184485435486,0.1458110213279724,9.726732969284058e-05,0.2914664149284363,0.09578124433755875,0.03881237655878067,0.056968867778778076,0.13459362089633942,-0.24527206271886826,0.24527206271886826,299.3984069824219,299.0936279296875,299.70318603515625
0056,7,0,0,0.0,0.0,2,2,1,1,2,1.0,0.6270903010033445,0.6655172413793103,0.462406015037594,0.6287625418060201,0.6655172413793103,0.462406015037594,0.18471163511276245,0.21447141468524933,0.1995915174484253,0.20851945877075195,0.029759787023067474,0.3694232702255249,-0.13422061502933502,0.019350841641426086,-0.1535714566707611,-0.11486977338790894,-0.32458554208278656,0.32458554208278656,296.49688720703125,296.1789855957031,296.81475830078125
0056,8,1,254,0.7912772585669782,0.008141938999567258,321,10,13,12,1560,0.20576923076923076,0.6472978464039009,0.6081533999355462,0.4403883540627269,0.6488294314381271,0.603448275862069,0.4473684210526316,0.76784348487854,0.9996876120567322,0.9974573850631714,0.9991878271102905,0.3015338182449341,246.47775268554688,0.14391054213047028,0.19179566204547882,-0.30810627341270447,0.569760262966156,-0.2654654234647751,0.2654654234647751,287.55865478515625,283.818603515625,291.56646728515625
0056,9,0,0,0.0,0.0,70,7,5,6,210,0.3333333333333333,0.6712852365026278,0.5173399014778326,0.4385069817400644,0.6688963210702341,0.5172413793103449,0.4398496240601504,0.40500718355178833,0.7700058817863464,0.550233781337738,0.6654388904571533,0.19367051124572754,28.350502014160156,0.4272538423538208,0.1255567967891693,0.11375216394662857,0.6871121525764465,-0.25585734844207764,0.25585734844207764,277.1378173828125,274.1532287597656,279.8946228027344
0057,1,1,7442,0.8435728859669009,0.2981988660268868,8822,33,43,28,39732,0.2220376522702104,0.3234507314601197,0.33683171749769963,0.5350327390080948,0.30980392156862746,0.3137254901960784,0.5098039215686274,0.8540748357772827,0.999997615814209,0.9997365474700928,0.9999613761901855,0.2582153081893921,7534.6484375,0.516395628452301,0.6212472319602966,-0.7728278040885925,2.6707262992858887,-0.5470353960990906,0.5470353960990906,181.88101196289062,164.28329467773438,197.2257537841797
0057,2,1,29986,0.7657303370786517,0.747305329528604,39160,40,73,54,157680,0.24835109081684423,0.6913619339462036,0.5021867051212722,0.5312032085561498,0.6588235294117647,0.5529411764705883,0.5294117647058824,0.8739054203033447,0.9999951720237732,0.9999040365219116,0.9999715089797974,0.2464420050382614,34222.13671875,0.20195887982845306,0.5315415859222412,-0.828593909740448,2.1827733516693115,-0.25856880843639374,0.25856880843639374,257.93170166015625,235.00425720214844,283.2684326171875
0057,3,0,0,0.0,0.0,425,8,15,14,1680,0.25297619047619047,0.6765028835063437,0.5859561707035755,0.7214763552479815,0.6784313725490196,0.596078431372549,0.7098039215686275,0.5530548095703125,0.9927565455436707,0.7632429599761963,0.9045251607894897,0.2540069818496704,235.0482940673828,0.11132661998271942,0.39229390025138855,-0.675237238407135,0.9977445006370544,-0.41875000298023224,0.41875000298023224,293.7745361328125,289.946533203125,297.49957275390625
0057,4,1,699,0.7389006342494715,0.03325641696600614,946,13,18,11,2574,0.36752136752136755,0.7118227417817021,0.4779090494548771,0.6820130166231397,0.7176470588235294,0.4627450980392157,0.6901960784313725,0.6951183080673218,0.9998931884765625,0.9929072260856628,0.9991623163223267,0.31035104393959045,657.5819091796875,0.06827583909034729,0.4505501985549927,-0.6194711923599243,1.2486917972564697,-0.3661576509475708,0.3661576509475708,280.0594787597656,274.2170715332031,286.05242919921875
0057,5,0,0,0.0,0.0,18,4,3,3,36,0.5,0.7239651416122005,0.2871459694989107,0.54880174291939,0.7254901960784313,0.2901960784313726,0.5450980392156862,0.1941928267478943,0.28268933296203613,0.2503436505794525,0.2672320306301117,0.054845381528139114,3.4954707622528076,0.07218286395072937,0.25086718797683716,-0.3406408727169037,0.6073821187019348,-0.6014871895313263,0.6014871895313263,243.718017578125,242.4561767578125,245.3140869140625
0057,6,1,405,0.6377952755905512,0.01941235680391123,635,11,17,9,1683,0.37730243612596553,0.741460552725027,0.3664536050640729,0.6001605681642737,0.7411764705882353,0.3686274509803922,0.6,0.8060547113418579,0.9999803304672241,0.999610424041748,0.9999294281005859,0.2835184931755066,511.8447570800781,0.4209829270839691,0.4399387836456299,-0.5776466131210327,1.2905163764953613,-0.30821654200553894,0.30821654200553894,261.34039306640625,256.15814208984375,267.5537414550781
0058,1,1,2449,0.6624289964836354,0.612479679879955,3697,12,63,28,21168,0.17465041572184428,0.4191559664168616,0.46191877887211147,0.5933459561806871,0.40784313725490196,0.4666666666666667,0.6,0.7730405926704407,0.999999463558197,0.9998115301132202,0.9999765753746033,0.3103371262550354,2857.93115234375,1.3629870414733887,0.45834535360336304,-0.017318395897746086,2.357966899871826,-0.2509737014770508,0.2509737014770508,220.59579467773438,197.5069580078125,235.23817443847656
0058,2,0,0,0.0,0.0,1,1,1,1,1,1.0,0.43529411764705883,0.5725490196078431,0.6392156862745098,0.43529411764705883,0.5725490196078431,0.6392156862745098,0.10894612967967987,0.10894612967967987,0.10894612967967987,0.10894612967967987,0.0,0.10894612967967987,1.3760054111480713,0.0,1.3760054111480713,1.3760054111480713,-0.45448899269104004,0.45448899269104004,245.82310485839844,245.82310485839844,245.82310485839844
0058,3,0,0,0.0,0.0,1,1,1,1,1,1.0,0.4666666666666667,0.49019607843137253,0.49019607843137253,0.4666666666666667,0.49019607843137253,0.49019607843137253,0.10933028161525726,0.10933028161525726,0.10933028161525726,0.10933028161525726,0.0,0.10933028161525726,1.0840709209442139,0.0,1.0840709209442139,1.0840709209442139,-0.40306878089904785,0.40306878089904785,213.65859985351562,213.65859985351562,213.65859985351562
0058,4,1,1408,0.6282909415439536,0.43051521174132396,2241,15,50,24,18000,0.1245,0.5783954992081617,0.4878879351829978,0.5874653297285001,0.5803921568627451,0.4980392156862745,0.596078431372549,0.7688918709754944,0.9999988079071045,0.9996815323829651,0.9999611377716064,0.30537647008895874,1723.086669921875,1.2216476202011108,0.43104755878448486,-0.096936896443367,2.052762746810913,-0.3701823949813843,0.3701823949813843,245.23890686035156,231.55345153808594,254.25970458984375
0058,5,0,0,0.0,0.0,2,1,2,1,2,1.0,0.5803921568627451,0.4568627450980392,0.5764705882352941,0.5803921568627451,0.4588235294117647,0.5764705882352941,0.31225520372390747,0.3356460630893707,0.3239506483078003,0.33096790313720703,0.023390859365463257,0.6245104074478149,1.3959100246429443,0.09952312707901001,1.296386957168579,1.4954332113265991,-0.415416955947876,0.415416955947876,239.54632568359375,239.30316162109375,239.78948974609375
0059,1,0,0,0.0,0.0,2,2,1,1,2,1.0,0.4647058823529412,0.4549019607843137,0.5098039215686274,0.4627450980392157,0.4549019607843137,0.5098039215686274,0.14797410368919373,0.1644478142261505,0.15621095895767212,0.16115307807922363,0.016473710536956787,0.29594820737838745,0.9754366278648376,0.1819029450416565,0.7935336828231812,1.1573395729064941,-0.7955558896064758,0.7955558896064758,211.27333068847656,210.9905242919922,211.55613708496094
0061,1,1,191,0.6262295081967213,0.4817150063051702,305,18,10,10,1800,0.16944444444444445,0.5101767920282867,0.35047251687560266,0.5051623272259723,0.5215686274509804,0.34509803921568627,0.5098039215686274,0.670697808265686,0.9999997615814209,0.9983029365539551,0.9999657869338989,0.3277004361152649,204.56283569335938,1.1213409900665283,0.3846278786659241,-0.06836854666471481,1.8373535871505737,0.0101240873336792,0.0101240873336792,204.40740966796875,197.93685913085938,210.06903076171875
0061,2,1,172,0.7413793103448276,0.4777777777777778,232,12,9,14,1512,0.15343915343915343,0.5332150101419878,0.5665483434753211,0.5678837052062204,0.5215686274509804,0.5607843137254902,0.5529411764705883,0.7941152453422546,1.0,0.9999973773956299,1.0,0.3000534176826477,184.2347412109375,1.5211591720581055,0.26501116156578064,0.5337867140769958,2.0093979835510254,-0.03138744831085205,0.03138744831085205,246.1835479736328,238.0041961669922,254.1810302734375
0061,3,1,73,0.6347826086956522,0.24212271973466004,115,7,7,10,490,0.23469387755102042,0.5651491901108269,0.6013640238704178,0.6336572890025576,0.5647058823529412,0.6,0.6352941176470588,0.44223910570144653,0.7312840223312378,0.6246556043624878,0.6466498970985413,0.20342768728733063,50.85749816894531,1.1126959323883057,0.23526301980018616,0.1566125601530075,1.7314801216125488,-0.13724303245544434,0.13724303245544434,265.8660888671875,261.1244812011719,271.6542053222656
0063,1,1,294,0.43684992570579495,0.4013651877133106,673,11,19,14,2926,0.23000683526999316,0.6795268478862571,0.7561809865105033,0.3555458438947644,0.6784313725490196,0.7529411764705882,0.34901960784313724,0.6752426624298096,0.9999955892562866,0.9873251914978027,0.9995909333229065,0.31550174951553345,454.43829345703125,0.06594844907522202,0.3259678781032562,-0.49717846512794495,1.2085379362106323,-0.18774709850549698,0.18774709850549698,275.3101806640625,268.7173156738281,281.77294921875
0063,2,1,406,0.5850144092219021,0.5464333781965006,694,9,24,11,2376,0.29208754208754206,0.7161609312312821,0.6696219698253941,0.37093292648471493,0.7098039215686275,0.6745098039215687,0.3764705882352941,0.7068056464195251,0.9999964833259583,0.9972506761550903,0.9999314546585083,0.3071709871292114,490.52313232421875,0.05381914973258972,0.414928138256073,-0.47835084795951843,1.1459612846374512,-0.3375549614429474,0.3375549614429474,268.0372314453125,260.3574523925781,274.1240539550781
0070,1,1,216,0.6605504587155964,0.64,327,16,14,12,2688,0.12165178571428571,0.502896204353301,0.5948192120885052,0.5988726989266655,0.48627450980392156,0.5882352941176471,0.5843137254901961,0.7348015308380127,1.0,0.9993491172790527,0.9999827742576599,0.3161785304546356,240.2801055908203,0.8165223598480225,0.32014963030815125,-0.40637046098709106,1.5442370176315308,-0.3057457208633423,0.3057457208633423,251.07275390625,242.37574768066406,260.0326843261719
0070,2,1,112,0.6511627906976745,0.4307692307692308,172,11,15,16,2640,0.06515151515151515,0.5504103967168262,0.6464432284541723,0.6584587323301413,0.5411764705882353,0.6313725490196078,0.6392156862745098,0.7824820876121521,0.9999992847442627,0.999555230140686,0.9999938607215881,0.29724299907684326,134.5869140625,0.9118826389312744,0.2793518304824829,0.12561337649822235,1.4126710891723633,-0.3648115396499634,0.3648115396499634,274.4983215332031,264.9641418457031,286.13983154296875
0080,1,0,0,0.0,0.0,252,11,11,8,968,0.2603305785123967,0.25530656707127297,0.41842514783691254,0.5741051976346094,0.25882352941176473,0.4196078431372549,0.5725490196078431,0.6849340796470642,0.9999340772628784,0.994602620601654,0.9993046522140503,0.3181896507740021,172.6033935546875,-0.011218343861401081,0.31830894947052,-0.6572649478912354,0.6202574968338013,-0.36008665431290865,0.36008665431290865,192.86598205566406,189.57057189941406,196.5222625732422
0080,2,1,20127,0.8101352439220737,0.6640163636963479,24844,38,73,32,88768,0.27987563085796685,0.31528186866438734,0.47071293498884015,0.4941091232822223,0.3254901960784314,0.5254901960784314,0.4627450980392157,0.8822999000549316,0.9999984502792358,0.9999658465385437,0.9999856948852539,0.24582555890083313,21919.859375,-0.05722973495721817,0.3541570007801056,-0.9411323070526123,1.2372372150421143,-0.296788714826107,0.296788714826107,192.7558135986328,164.29547119140625,224.68199157714844
0080,3,0,0,0.0,0.0,2,1,2,1,2,1.0,0.34509803921568627,0.5196078431372549,0.5176470588235295,0.34509803921568627,0.5176470588235295,0.5176470588235295,0.11864598095417023,0.12902361154556274,0.12383479624986649,0.12694808840751648,0.010377634316682816,0.23729196190834045,0.13165730237960815,0.051908135414123535,0.07974916696548462,0.1835654377937317,-0.11570997536182404,0.11570997536182404,207.12652587890625,206.80667114257812,207.44638061523438
0080,4,0,0,0.0,0.0,15,3,4,3,36,0.4166666666666667,0.35738562091503273,0.41856209150326795,0.4831372549019608,0.3568627450980392,0.41568627450980394,0.4823529411764706,0.19885015487670898,0.3375381529331207,0.22184044122695923,0.27647948265075684,0.05767897516489029,2.9827523231506348,-0.2670634090900421,0.15977729856967926,-0.4988767206668854,0.09620337188243866,-0.28254752419888973,0.28254752419888973,187.24197387695312,185.39956665039062,188.9153289794922
0080,5,1,19,1.0,0.001061541469955583,19,3,6,4,72,0.2638888888888889,0.3739938080495356,0.2656346749226006,0.5876160990712074,0.37254901960784315,0.27450980392156865,0.592156862745098,0.14198847115039825,0.2123926877975464,0.1551632136106491,0.17427729070186615,0.02697020024061203,2.6977810859680176,0.032099295407533646,0.24516624212265015,-0.40606939792633057,0.40729764103889465,-0.6771947853267193,0.6771947853267193,190.6042938232422,188.35073852539062,192.50454711914062
0080,6,1,1,1.0,5.589871153469913e-05,1,1,1,1,1,1.0,0.3803921568627451,0.27450980392156865,0.592156862745098,0.3803921568627451,0.27450980392156865,0.592156862745098,0.10141274333000183,0.10141274333000183,0.10141274333000183,0.10141274333000183,0.0,0.10141274333000183,-0.34060680866241455,0.0,-0.34060680866241455,-0.34060680866241455,-0.6264942288398743,0.6264942288398743,193.14501953125,193.14501953125,193.14501953125
0080,7,1,18,0.2903225806451613,0.0010044642857142856,62,5,6,6,180,0.34444444444444444,0.3876027830487034,0.29519291587602786,0.5993674889310563,0.38823529411764707,0.2980392156862745,0.6039215686274509,0.22197027504444122,0.45518073439598083,0.26269978284835815,0.3435947597026825,0.08249281346797943,13.762157440185547,0.4818539321422577,0.29600560665130615,-0.48798590898513794,0.82232666015625,-0.3775741755962372,0.3775741755962372,197.4752960205078,195.0128173828125,200.3871307373047
0080,8,0,0,0.0,0.0,70,9,6,4,216,0.32407407407407407,0.43607843137254904,0.34184873949579836,0.6379271708683474,0.43529411764705883,0.3411764705882353,0.6392156862745098,0.4105122983455658,0.8427774906158447,0.5803976655006409,0.771625816822052,0.22167839109897614,28.73586082458496,0.897150993347168,0.2060975432395935,0.04163159057497978,1.319035530090332,-0.03302055597305298,0.03302055597305298,215.99758911132812,213.2088165283203,218.5612030029297
0080,9,0,0,0.0,0.0,89,8,6,9,432,0.20601851851851852,0.5042961004626569,0.366424322538004,0.609517514871117,0.5019607843137255,0.3764705882352941,0.6274509803921569,0.20429430902004242,0.40731281042099,0.24761533737182617,0.34290793538093567,0.08195491135120392,18.182193756103516,0.6441961526870728,0.21792538464069366,0.2709275186061859,1.1771018505096436,-0.18445920944213867,0.18445920944213867,222.90884399414062,218.9383544921875,227.54779052734375
0080,10,0,0,0.0,0.0,1,1,1,1,1,1.0,0.49019607843137253,0.37254901960784315,0.6235294117647059,0.49019607843137253,0.37254901960784315,0.6235294117647059,0.13213473558425903,0.13213473558425903,0.13213473558425903,0.13213473558425903,0.0,0.13213473558425903,0.975151002407074,0.0,0.975151002407074,0.975151002407074,-0.06912225484848022,0.06912225484848022,224.01339721679688,224.01339721679688,224.01339721679688
0080,11,1,11676,0.6766734279918865,0.44032960609431865,17255,53,49,73,189581,0.09101650481852085,0.6001461355333209,0.3317640240680451,0.6489429037335016,0.5058823529411764,0.3254901960784314,0.6627450980392157,0.8008109927177429,0.9999984502792358,0.9996515512466431,0.9999264478683472,0.2937696576118469,13817.994140625,0.5339201092720032,0.2908545732498169,-0.6135836839675903,1.4009523391723633,-0.1535748839378357,0.1535748839378357,242.09701538085938,212.82386779785156,266.4038391113281
0080,12,0,0,0.0,0.0,4,2,3,1,6,0.6666666666666666,0.5558823529411765,0.23921568627450981,0.5450980392156862,0.5568627450980392,0.23921568627450981,0.5450980392156862,0.12262840569019318,0.1461487114429474,0.1278449445962906,0.13882720470428467,0.015781983733177185,0.4905136227607727,0.504218578338623,0.06962927430868149,0.40185222029685974,0.5874670147895813,-0.03101247549057007,0.03101247549057007,208.3749542236328,207.86053466796875,208.8396453857422
0086,1,1,16,0.6153846153846154,0.0012695893671890498,26,5,4,2,40,0.65,0.4043740573152338,0.5485671191553545,0.6450980392156863,0.403921568627451,0.5490196078431373,0.6431372549019608,0.807408332824707,0.9997774958610535,0.9993905425071716,0.9996324777603149,0.2842094600200653,20.992616653442383,0.8160943388938904,0.22295472025871277,0.3764675259590149,1.2157797813415527,-0.3790532946586609,0.3790532946586609,239.72897338867188,238.38204956054688,241.1037139892578
0086,2,0,0,0.0,0.0,5,2,2,2,8,0.625,0.40156862745098043,0.356078431372549,0.6258823529411764,0.403921568627451,0.3568627450980392,0.6235294117647059,0.14584696292877197,0.18569515645503998,0.1639990508556366,0.1770167052745819,0.029238294810056686,0.7292348146438599,0.48885002732276917,0.1424979567527771,0.3337906301021576,0.7178826928138733,-0.6440716683864594,0.6440716683864594,210.7340087890625,210.16897583007812,211.41665649414062
0086,3,1,196,0.8949771689497716,0.015434286164264902,219,8,10,8,640,0.3421875,0.46591458501208705,0.6799892559763631,0.4971976005013878,0.47058823529411764,0.6784313725490196,0.49411764705882355,0.7310419082641602,0.9990994930267334,0.9871244430541992,0.9962157607078552,0.28582778573036194,160.09817504882812,0.0008198899449780583,0.2167622148990631,-0.41305506229400635,0.5116110444068909,-0.4120087045012042,0.4120087045012042,245.97296142578125,241.55123901367188,250.39369201660156
0086,4,1,16477,0.8165014866204162,0.7265151348133777,20180,54,41,45,99630,0.20254943290173644,0.5849581220000389,0.7161831749548183,0.5536827377135195,0.5843137254901961,0.7176470588235294,0.6078431372549019,0.8830905556678772,0.999999463558197,0.9999861121177673,0.9999944567680359,0.245439350605011,17820.767578125,-0.0012494513066485524,0.2968519330024719,-0.846936821937561,2.517425060272217,-0.37776641931850463,0.37776641931850463,275.6357727050781,241.93800354003906,297.3550109863281
0086,5,0,0,0.0,0.0,13,3,3,2,18,0.7222222222222222,0.49411764705882355,0.3858220211161388,0.5472096530920061,0.49411764705882355,0.38823529411764707,0.5490196078431373,0.5125660300254822,0.8332595229148865,0.6455172300338745,0.7698036432266235,0.18695063889026642,6.663358688354492,0.8371591567993164,0.09864307940006256,0.625416100025177,0.9810568690299988,-0.20337295532226562,0.20337295532226562,212.79188537597656,211.66246032714844,213.97430419921875
0086,6,0,0,0.0,0.0,4,2,2,2,8,0.5,0.503921568627451,0.7107843137254902,0.4852941176470588,0.5058823529411764,0.7098039215686275,0.48627450980392156,0.10900422185659409,0.11334340274333954,0.11172103881835938,0.11269445717334747,0.003508669091388583,0.43601688742637634,-0.02718479372560978,0.05448969453573227,-0.07875271141529083,0.06350360810756683,-0.1527887675911188,0.1527887675911188,254.82562255859375,254.02952575683594,255.73423767089844
0086,7,0,0,0.0,0.0,1,1,1,1,1,1.0,0.5176470588235295,0.6313725490196078,0.4980392156862745,0.5176470588235295,0.6313725490196078,0.4980392156862745,0.1082492545247078,0.1082492545247078,0.1082492545247078,0.1082492545247078,0.0,0.1082492545247078,0.19864711165428162,0.0,0.19864711165428162,0.19864711165428162,-0.3811284005641937,0.3811284005641937,244.41563415527344,244.41563415527344,244.41563415527344
0086,8,1,5496,0.7845824411134904,0.3415361670395227,7005,34,33,31,34782,0.2013972744523029,0.6091408097857273,0.49582735021203345,0.7448046913269233,0.5764705882352941,0.5019607843137255,0.7137254901960784,0.8621924519538879,0.9999996423721313,0.9999560117721558,0.9999891519546509,0.2578330338001251,6039.658203125,0.3041036128997803,0.43328672647476196,-0.5268601179122925,2.360943078994751,-0.5453590750694275,0.5453590750694275,276.7496337890625,260.0326843261719,287.6334533691406
0086,9,1,37,0.9487179487179487,0.0029344119279879452,39,6,5,6,180,0.21666666666666667,0.6075414781297135,0.3139265962795375,0.5884364002011061,0.6039215686274509,0.3137254901960784,0.5843137254901961,0.3296482264995575,0.5642367005348206,0.4279329776763916,0.5045231580734253,0.12366915494203568,12.856280326843262,0.6183032393455505,0.2426871359348297,-0.007624548859894276,1.0095081329345703,-0.5323187708854675,0.5323187708854675,230.7360076904297,228.43161010742188,234.0384521484375
0086,10,1,37,0.7254901960784313,0.0029330162504954418,51,6,5,4,120,0.425,0.6155324875048058,0.30303729334871204,0.5700115340253749,0.6196078431372549,0.30196078431372547,0.5686274509803921,0.3055005669593811,0.4760698080062866,0.398968905210495,0.43474116921424866,0.10298581421375275,15.580528259277344,0.7961236834526062,0.19022692739963531,0.23421119153499603,1.2015541791915894,-0.28033846616744995,0.28033846616744995,228.15225219726562,226.13491821289062,230.1608123779297
0086,11,1,147,0.8305084745762712,0.01159488878371983,177,11,10,5,550,0.32181818181818184,0.6421624016838373,0.5182674199623353,0.37797717957239396,0.6392156862745098,0.5215686274509804,0.3803921568627451,0.7096194624900818,0.9998688697814941,0.9905735850334167,0.9993418455123901,0.3144869804382324,125.60264587402344,-0.06159354746341705,0.2135591357946396,-0.6051011085510254,0.5400623083114624,-0.259145125746727,0.259145125746727,232.1785888671875,228.8230743408203,235.3592987060547
0086,12,1,205,0.8506224066390041,0.016129032258064516,241,6,12,13,936,0.25747863247863245,0.6943454560247335,0.6651370921812709,0.5419738019689203,0.6901960784313725,0.6745098039215687,0.5450980392156862,0.45302003622055054,0.9982577562332153,0.6376773118972778,0.9400229454040527,0.27722907066345215,109.17782592773438,-0.2361200898885727,0.42473164200782776,-0.9038393497467041,0.5187238454818726,-0.40277186036109924,0.40277186036109924,282.1004333496094,276.2408447265625,287.195068359375
0086,13,1,3,1.0,0.0002382654276864427,3,1,1,3,3,1.0,0.7019607843137254,0.6705882352941176,0.5725490196078431,0.7019607843137254,0.6705882352941176,0.5686274509803921,0.11334987729787827,0.12018254399299622,0.11996591091156006,0.1200958862900734,0.009358164854347706,0.3400496244430542,0.13937364518642426,0.03198571130633354,0.11329331994056702,0.18442147970199585,-0.1392926424741745,0.1392926424741745,288.0234375,287.5169677734375,288.53076171875
0086,14,0,0,0.0,0.0,2,1,2,1,2,1.0,0.7450980392156863,0.4568627450980392,0.5607843137254902,0.7450980392156863,0.4549019607843137,0.5607843137254902,0.11597190797328949,0.12800484895706177,0.12198837846517563,0.1255982667207718,0.012032940983772278,0.23194381594657898,0.26266247034072876,0.02133844792842865,0.24132400751113892,0.2840009033679962,-0.2529001235961914,0.2529001235961914,265.5229797363281,265.3035888671875,265.74237060546875
0089,1,0,0,0.0,0.0,17,3,3,3,27,0.6296296296296297,0.3958477508650519,0.5342560553633219,0.6585928489042676,0.396078431372549,0.5333333333333333,0.6588235294117647,0.2387760728597641,0.463084876537323,0.30848366022109985,0.3755565285682678,0.10520078986883163,4.059193134307861,1.2658036947250366,0.07781939953565598,1.1194522380828857,1.3795565366744995,-0.30627524852752686,0.30627524852752686,239.07614135742188,237.7351531982422,240.2790069580078
0089,2,0,0,0.0,0.0,1,1,1,1,1,1.0,0.5176470588235295,0.7215686274509804,0.5490196078431373,0.5176470588235295,0.7215686274509804,0.5490196078431373,0.12351356446743011,0.12351356446743011,0.12351356446743011,0.12351356446743011,0.0,0.12351356446743011,-0.10413189232349396,0.0,-0.10413189232349396,-0.10413189232349396,-0.24024170637130737,0.24024170637130737,266.7301940917969,266.7301940917969,266.7301940917969
0089,3,0,0,0.0,0.0,1,1,1,1,1,1.0,0.5725490196078431,0.5686274509803921,0.5215686274509804,0.5725490196078431,0.5686274509803921,0.5215686274509804,0.13862310349941254,0.13862310349941254,0.13862310349941254,0.13862310349941254,0.0,0.13862310349941254,-0.13945022225379944,0.0,-0.13945022225379944,-0.13945022225379944,-0.3991648256778717,0.3991648256778717,245.60740661621094,245.60740661621094,245.60740661621094
0089,4,0,0,0.0,0.0,4,2,2,2,8,0.5,0.5754901960784313,0.5715686274509804,0.5166666666666667,0.5764705882352941,0.5725490196078431,0.5137254901960784,0.1464589387178421,0.17488616704940796,0.15228483080863953,0.1658456176519394,0.017168153077363968,0.5858357548713684,0.04580611735582352,0.245088130235672,-0.19105684757232666,0.4440801441669464,-0.33526142686605453,0.33526142686605453,245.8285675048828,245.66033935546875,246.26002502441406
0089,5,0,0,0.0,0.0,2,1,2,1,2,1.0,0.6392156862745098,0.6254901960784314,0.5372549019607843,0.6392156862745098,0.6274509803921569,0.5372549019607843,0.16319063305854797,0.20235253870487213,0.18277157843112946,0.19452016055583954,0.039161913096904755,0.32638126611709595,0.20284563302993774,0.006434939801692963,0.19641068577766418,0.2092805653810501,-0.3420979380607605,0.3420979380607605,266.6559753417969,266.3569030761719,266.9550476074219
0089,6,0,0,0.0,0.0,1,1,1,1,1,1.0,0.6823529411764706,0.6901960784313725,0.6,0.6823529411764706,0.6901960784313725,0.6,0.11140826344490051,0.11140826344490051,0.11140826344490051,0.11140826344490051,0.0,0.11140826344490051,-0.04700462892651558,0.0,-0.04700462892651558,-0.04700462892651558,-0.10386642813682556,0.10386642813682556,291.56475830078125,291.56475830078125,291.56475830078125
0091,1,1,131,0.793939393939394,0.8733333333333333,165,5,12,5,300,0.55,0.49559120617944147,0.5815092097445038,0.6121449792038027,0.49411764705882355,0.596078431372549,0.611764705882353,0.8338519334793091,0.9999997019767761,0.9999849200248718,0.999999463558197,0.2859566807746887,137.5855712890625,-0.12586988508701324,0.456926554441452,-1.0023914575576782,0.9034608602523804,-0.5584011524915695,0.5584011524915695,250.17063903808594,246.7184600830078,253.8739776611328
0093,1,1,87,0.5576923076923077,0.7016129032258065,156,9,9,5,405,0.3851851851851852,0.620275403608737,0.5680399500624219,0.5464867819518983,0.6111111111111112,0.5617977528089888,0.5465116279069767,0.8526830673217773,1.0,0.9999997615814209,1.0,0.2777402997016907,133.0185546875,1.0607632398605347,0.23806770145893097,0.28423750400543213,1.3884868621826172,-0.2406167984008789,0.2406167984008789,266.96588134765625,262.6975402832031,271.6118469238281
0096,1,0,0,0.0,0.0,2,2,1,1,2,1.0,0.5352941176470588,0.49019607843137253,0.807843137254902,0.5372549019607843,0.49019607843137253,0.807843137254902,0.1179082840681076,0.11904892325401306,0.11847860366106033,0.11882079392671585,0.0011406391859054565,0.2358165681362152,0.3519155979156494,0.07372766733169556,0.27818793058395386,0.42564326524734497,-0.19309002161026,0.19309002161026,277.4300537109375,277.1822509765625,277.6778564453125
0096,2,0,0,0.0,0.0,19,3,3,3,27,0.7037037037037037,0.5647058823529412,0.6668730650154798,0.6718266253869969,0.5647058823529412,0.6666666666666666,0.6705882352941176,0.5217570066452026,0.7426567077636719,0.6896364688873291,0.7123638391494751,0.17710432410240173,9.913383483886719,1.0205894708633423,0.09064842760562897,0.8400761485099792,1.1774414777755737,-0.26228809356689453,0.26228809356689453,281.59027099609375,280.2463073730469,283.09185791015625
0096,3,0,0,0.0,0.0,37,4,4,4,64,0.578125,0.5751987281399046,0.7003709591944886,0.6455749867514573,0.5725490196078431,0.6980392156862745,0.6470588235294118,0.5905665159225464,0.9913673400878906,0.8346904516220093,0.9669184684753418,0.2807411551475525,21.850961685180664,1.0034136772155762,0.16156183183193207,0.6313586831092834,1.2415786981582642,-0.31479620933532715,0.31479620933532715,284.2643737792969,282.5491027832031,286.11187744140625
0099,1,0,0,0.0,0.0,11,4,3,2,24,0.4583333333333333,0.538680926916221,0.564349376114082,0.5992869875222816,0.5372549019607843,0.5647058823529412,0.6,0.4438324272632599,0.8410634398460388,0.4653782844543457,0.831821084022522,0.19760124385356903,4.882156848907471,1.1467128992080688,0.06249654293060303,1.0173124074935913,1.2430802583694458,-0.14304888248443604,0.14304888248443604,251.41323852539062,250.21791076660156,253.04940795898438
0099,2,0,0,0.0,0.0,61,6,6,4,144,0.4236111111111111,0.6339440694310511,0.43657987785278046,0.5979427836708454,0.6352941176470588,0.43529411764705883,0.596078431372549,0.5240861177444458,0.921114444732666,0.7460014820098877,0.8145161867141724,0.23805728554725647,31.969253540039062,0.7906107306480408,0.06516560167074203,0.6060300469398499,0.9198476672172546,-0.16333043575286865,0.16333043575286865,249.20335388183594,247.03237915039062,251.3523406982422
0101,1,1,257,0.6047058823529412,0.24199623352165725,425,16,16,13,3328,0.12770432692307693,0.40063667820069204,0.5606089965397925,0.4783114186851211,0.3843137254901961,0.5686274509803921,0.48627450980392156,0.7109172344207764,1.0,0.9998173713684082,0.9999979734420776,0.33058735728263855,302.13983154296875,0.3628847002983093,0.3318008780479431,-0.6480569839477539,1.1055058240890503,-0.22416889667510986,0.22416889667510986,214.4397735595703,209.23910522460938,223.11656188964844
0101,2,1,154,0.5579710144927537,0.1559493670886076,276,10,8,16,1280,0.215625,0.4159988633134413,0.23540778630292697,0.6718812162546177,0.4196078431372549,0.23921568627450981,0.6588235294117647,0.6798542141914368,0.9999964833259583,0.9891605377197266,0.9997540712356567,0.32024914026260376,187.6397705078125,0.9268305897712708,0.44754305481910706,-0.10644490271806717,1.9375126361846924,-0.2537807822227478,0.2537807822227478,210.80227661132812,205.83731079101562,217.82791137695312
0101,3,1,6,1.0,0.007038123167155425,6,2,2,2,8,0.75,0.4300653594771242,0.22156862745098038,0.7163398692810458,0.43137254901960786,0.2196078431372549,0.7137254901960784,0.28589287400245667,0.37141886353492737,0.3322798013687134,0.3595501184463501,0.0628303587436676,1.7153571844100952,0.2641424238681793,0.21598176658153534,-0.09432029724121094,0.47696375846862793,-0.5944555699825287,0.5944555699825287,220.9231414794922,220.41098022460938,221.49266052246094
0101,4,1,174,0.5403726708074534,0.17219198416625434,322,11,15,10,1650,0.19515151515151516,0.45994397759103645,0.1825356229448301,0.656083302886372,0.44313725490196076,0.19607843137254902,0.6509803921568628,0.7474679946899414,1.0,0.9996212720870972,0.9999943375587463,0.3072010576725006,240.6846923828125,0.7448514699935913,0.5769962072372437,-0.5893622636795044,2.192370891571045,-0.3232734203338623,0.3232734203338623,210.15362548828125,205.0390167236328,216.04859924316406
0101,5,1,45,0.6716417910447762,0.05096262740656852,67,8,5,5,200,0.335,0.5361428153350893,0.3217442200760901,0.5810359964881475,0.5372549019607843,0.3176470588235294,0.5843137254901961,0.678246796131134,0.9999849796295166,0.9925642013549805,0.9998195171356201,0.3208667039871216,45.442535400390625,1.5131525993347168,0.3379160463809967,0.5793601274490356,2.038583517074585,0.06509292125701904,0.06509292125701904,218.29519653320312,215.47621154785156,221.2283935546875
0101,6,1,326,0.6417322834645669,0.2954236520163117,508,10,20,13,2600,0.19538461538461538,0.5394472749729813,0.47601513046163346,0.7240311872780608,0.5294117647058824,0.5019607843137255,0.7294117647058823,0.749367892742157,1.0,0.9996726512908936,0.999993085861206,0.3192245066165924,380.67889404296875,0.730232298374176,0.3039558529853821,-0.3902108371257782,1.3477473258972168,-0.1445896029472351,0.1445896029472351,260.8691101074219,255.3703155517578,266.5501708984375
0101,7,1,14,0.6086956521739131,0.016260162601626018,23,3,4,4,48,0.4791666666666667,0.5413469735720375,0.5232736572890025,0.7202046035805626,0.5411764705882353,0.5215686274509804,0.7215686274509804,0.25066155195236206,0.6323861479759216,0.2973540425300598,0.4122093915939331,0.14730745553970337,5.765215873718262,0.6268559098243713,0.25408095121383667,0.20670229196548462,1.0457051992416382,-0.24212485551834106,0.24212485551834106,266.2095642089844,264.8282470703125,267.7330627441406
0101,8,1,12,1.0,0.014026884862653419,12,4,3,3,36,0.3333333333333333,0.5428104575163398,0.5522875816993464,0.7183006535947712,0.5450980392156862,0.5529411764705883,0.7176470588235294,0.2084072083234787,0.26215505599975586,0.24606259167194366,0.2493877112865448,0.04704616591334343,2.5008864402770996,0.8028544783592224,0.11131462454795837,0.6192947626113892,1.036807894706726,-0.2295634150505066,0.2295634150505066,269.8565673828125,268.93121337890625,270.8154296875
0101,9,1,57,0.4789915966386555,0.0627062706270627,119,9,5,7,315,0.37777777777777777,0.6087988136431043,0.5662876915472072,0.4993903443730433,0.611764705882353,0.5647058823529412,0.4980392156862745,0.6878250241279602,0.9999568462371826,0.9845712184906006,0.9987385272979736,0.3043355643749237,81.85118103027344,0.1881203055381775,0.29640406370162964,-0.5475047826766968,0.8062112331390381,-0.15477421879768372,0.15477421879768372,247.9611358642578,243.7806396484375,251.52732849121094
0101,10,0,0,0.0,0.0,4,1,3,2,6,0.6666666666666666,0.6509803921568628,0.4235294117647059,0.44901960784313727,0.6509803921568628,0.4235294117647059,0.4470588235294118,0.1774355173110962,0.20042981207370758,0.18366482853889465,0.19372381269931793,0.014386408030986786,0.7097420692443848,0.9589307308197021,0.12304415553808212,0.7521886825561523,1.0601099729537964,-0.2570321559906006,0.2570321559906006,229.4862518310547,229.23568725585938,229.73463439941406
0101,11,0,0,0.0,0.0,27,4,4,3,48,0.5625,0.699927378358751,0.5154684095860567,0.5028322440087146,0.6980392156862745,0.5137254901960784,0.5019607843137255,0.42775675654411316,0.9154342412948608,0.6818895936012268,0.8500984907150269,0.2756328284740448,11.549432754516602,-0.04131951928138733,0.2866676449775696,-0.57521653175354,0.547176718711853,-0.30904561281204224,0.30904561281204224,256.7756652832031,255.39968872070312,258.50726318359375
0101,12,1,34,0.5964912280701754,0.0387243735763098,57,6,5,5,150,0.38,0.7158582731338149,0.49645682834537325,0.5122807017543859,0.7137254901960784,0.4980392156862745,0.5137254901960784,0.7167146801948547,0.9999871253967285,0.992958664894104,0.9999456405639648,0.3347162902355194,40.85273742675781,0.13604962825775146,0.25911444425582886,-0.4671226441860199,0.702713131904602,-0.0888732522726059,0.0888732522726059,258.4214782714844,256.001953125,261.0536193847656
0101,13,1,37,0.46835443037974683,0.04161979752530934,79,6,6,6,216,0.36574074074074076,0.7485232067510549,0.41325390915860016,0.5161578555472822,0.7450980392156863,0.4117647058823529,0.5137254901960784,0.6127220988273621,0.9996731281280518,0.976527214050293,0.9966740608215332,0.34273871779441833,48.40504455566406,0.13087306916713715,0.3014933466911316,-0.7017964720726013,0.7535814046859741,-0.1384090632200241,0.1384090632200241,255.43467712402344,252.85964965820312,257.9941711425781
0104,1,1,101,0.63125,0.035039028620988726,160,6,10,7,420,0.38095238095238093,0.2683948863636364,0.4083657587548638,0.3954847908745247,0.2727272727272727,0.40077821011673154,0.3916349809885932,0.7438969612121582,0.9999999403953552,0.999911904335022,0.9999977350234985,0.32336974143981934,119.02351379394531,0.05915798991918564,0.2769387662410736,-0.5409379005432129,0.7924495339393616,-0.19011565297842026,0.19011565297842026,164.32473754882812,160.4088592529297,168.45474243164062
0104,2,1,798,0.6358565737051792,0.23265306122448978,1255,15,27,14,5670,0.22134038800705466,0.29657430882530483,0.5332165501418451,0.45267750291609227,0.29545454545454547,0.5252918287937743,0.4372623574144487,0.8447886109352112,1.0,0.9999972581863403,0.9999998211860657,0.26883381605148315,1060.209716796875,-0.14155441522598267,0.3214624226093292,-0.762447714805603,0.8606233596801758,-0.40741994976997375,0.40741994976997375,198.15013122558594,184.7620086669922,210.5611572265625
0104,3,1,183,0.5846645367412141,0.061845217979046976,313,7,13,14,1274,0.2456828885400314,0.3067697744215316,0.5971084397260104,0.5269257401086018,0.3068181818181818,0.5914396887159533,0.5361216730038023,0.6673790812492371,0.9999988675117493,0.9814936518669128,0.9997024536132812,0.30572423338890076,208.8896484375,-0.07031881809234619,0.3416031002998352,-0.7039618492126465,0.9310294389724731,-0.3934200406074524,0.3934200406074524,222.4720001220703,218.27734375,227.1805419921875
0104,4,1,3390,0.5201779960104342,0.5593136446131002,6517,53,26,29,39962,0.16307992592963316,0.4502734107997266,0.7256782470748459,0.4874038125499206,0.5,0.7470817120622568,0.49429657794676807,0.7707475423812866,1.0,0.9998141527175903,0.9999924898147583,0.30207663774490356,5022.9619140625,-0.29239487648010254,0.23640193045139313,-0.8699487447738647,0.7341474294662476,-0.23925022408366203,0.23925022408366203,256.38616943359375,234.21998596191406,276.3946533203125
0104,5,0,0,0.0,0.0,1,1,1,1,1,1.0,0.4810606060606061,0.4980544747081712,0.55893536121673,0.4810606060606061,0.4980544747081712,0.55893536121673,0.10812665522098541,0.10812665522098541,0.10812665522098541,0.10812665522098541,0.0,0.10812665522098541,0.7225002646446228,0.0,0.7225002646446228,0.7225002646446228,-0.1259995698928833,0.1259995698928833,233.1887664794922,233.1887664794922,233.1887664794922
0106,1,0,0,0.0,0.0,3,2,2,1,4,0.75,0.6730523627075351,0.5292712066905615,0.4647887323943662,0.6704980842911877,0.5304659498207885,0.4647887323943662,0.11468356847763062,0.12468239665031433,0.12177135795354843,0.12351798266172409,0.010301592759788036,0.34405070543289185,0.35739758610725403,0.15818364918231964,0.20345991849899292,0.5749384760856628,-0.42482975125312805,0.42482975125312805,265.4070739746094,265.1490173339844,265.8138427734375
0106,2,0,0,0.0,0.0,1,1,1,1,1,1.0,0.7011494252873564,0.5555555555555556,0.4647887323943662,0.7011494252873564,0.5555555555555556,0.4647887323943662,0.11512254923582077,0.11512254923582077,0.11512254923582077,0.11512254923582077,0.0,0.11512254923582077,0.022334152832627296,0.0,0.022334152832627296,0.022334152832627296,-0.2007839884608984,0.2007839884608984,274.4175720214844,274.4175720214844,274.4175720214844
0106,3,0,0,0.0,0.0,1,1,1,1,1,1.0,0.7011494252873564,0.5591397849462365,0.4612676056338028,0.7011494252873564,0.5591397849462365,0.4612676056338028,0.19996479153633118,0.19996479153633118,0.19996479153633118,0.19996479153633118,0.0,0.19996479153633118,-0.14671877026557922,0.0,-0.14671877026557922,-0.14671877026557922,-0.093866515904665,0.093866515904665,274.5050048828125,274.5050048828125,274.5050048828125
0107,1,1,37561,0.7123809885066191,0.7601210171103624,52726,41,133,60,327180,0.1611528822055138,0.32320356887586804,0.4675843223531494,0.5097621964235377,0.3215686274509804,0.5843137254901961,0.47843137254901963,0.8394572734832764,0.9999895691871643,0.9996827840805054,0.999883770942688,0.27006664872169495,44261.22265625,-0.2694089412689209,0.26682400703430176,-0.8599252700805664,0.6768596768379211,-0.3231801614165306,0.3231801614165306,196.8814239501953,162.348388671875,260.0019226074219
0107,2,1,3835,0.6406615436017374,0.1472479794198391,5986,19,56,30,31920,0.187531328320802,0.2907961714588943,0.4172343310862601,0.6456417916314537,0.28627450980392155,0.4117647058823529,0.6941176470588235,0.7873712182044983,0.9999822378158569,0.9992679357528687,0.9997698068618774,0.29335299134254456,4713.2041015625,-0.22957290709018707,0.2519785463809967,-0.7272282242774963,0.4394907057285309,-0.2137175016105175,0.2137175016105175,210.36843872070312,191.89840698242188,225.452880859375
0107,3,0,0,0.0,0.0,1,1,1,1,1,1.0,0.28627450980392155,0.4,0.5411764705882353,0.28627450980392155,0.4,0.5411764705882353,0.11992468684911728,0.11992468684911728,0.11992468684911728,0.11992468684911728,0.0,0.11992468684911728,0.025129694491624832,0.0,0.025129694491624832,0.025129694491624832,-0.04288436099886894,0.04288436099886894,186.879638671875,186.879638671875,186.879638671875
0107,4,0,0,0.0,0.0,1,1,1,1,1,1.0,0.29411764705882354,0.5098039215686274,0.611764705882353,0.29411764705882354,0.5098039215686274,0.611764705882353,0.1084209680557251,0.1084209680557251,0.1084209680557251,0.1084209680557251,0.0,0.1084209680557251,-0.34907421469688416,0.0,-0.34907421469688416,-0.34907421469688416,-0.25582898408174515,0.25582898408174515,216.822509765625,216.822509765625,216.822509765625
0107,5,0,0,0.0,0.0,21,4,5,6,120,0.175,0.3034547152194211,0.499906629318394,0.6244631185807656,0.3058823529411765,0.4980392156862745,0.6274509803921569,0.17923890054225922,0.2914827764034271,0.21920335292816162,0.2462242841720581,0.05457815155386925,3.76401686668396,-0.1819881796836853,0.12361928820610046,-0.3691059350967407,0.02108583226799965,-0.2528911679983139,0.2528911679983139,218.52662658691406,217.29933166503906,219.91134643554688
0107,6,0,0,0.0,0.0,17,3,3,4,36,0.4722222222222222,0.34440599769319497,0.6352941176470588,0.5951557093425605,0.3411764705882353,0.6352941176470588,0.592156862745098,0.17266088724136353,0.287728488445282,0.19107697904109955,0.22160671651363373,0.044585805386304855,2.935235023498535,-0.09298498183488846,0.12293102592229843,-0.3691059350967407,0.09754401445388794,-0.1817190870642662,0.1817190870642662,239.09735107421875,237.62576293945312,240.3601531982422
0107,7,1,2565,0.8013120899718837,0.10404835307480123,3201,25,29,26,18850,0.16981432360742704,0.386097481791842,0.5935142816889329,0.678253731983265,0.3764705882352941,0.6078431372549019,0.6901960784313725,0.855916440486908,0.9999794363975525,0.9997197389602661,0.999901294708252,0.261482298374176,2739.78857421875,0.06513113528490067,0.22988861799240112,-0.7272282242774963,0.6325646638870239,-0.22039806097745895,0.22039806097745895,250.52481079101562,239.01673889160156,265.2809753417969
0107,8,0,0,0.0,0.0,8,2,3,2,12,0.6666666666666666,0.3588235294117647,0.7245098039215686,0.5705882352941176,0.3568627450980392,0.7254901960784313,0.5725490196078431,0.18539690971374512,0.22956940531730652,0.2131929248571396,0.21836520731449127,0.03514762595295906,1.483175277709961,-0.5325790643692017,0.04845847934484482,-0.6186065077781677,-0.4415202736854553,-0.23740020394325256,0.23740020394325256,252.70458984375,251.684326171875,253.72425842285156
0107,9,0,0,0.0,0.0,7,2,3,3,18,0.3888888888888889,0.35910364145658263,0.7378151260504201,0.5882352941176471,0.3607843137254902,0.7372549019607844,0.5882352941176471,0.1425449699163437,0.23220545053482056,0.1514197289943695,0.190666064620018,0.04170423001050949,0.9978147745132446,-0.5070962905883789,0.0963461771607399,-0.6387320160865784,-0.3771936595439911,-0.20201244950294495,0.20201244950294495,257.8136901855469,257.13421630859375,258.59234619140625
0107,10,0,0,0.0,0.0,5,3,1,3,9,0.5555555555555556,0.3686274509803922,0.6,0.5215686274509804,0.3686274509803922,0.6,0.5215686274509804,0.1578298807144165,0.20713116228580475,0.1653946191072464,0.19043654203414917,0.029373258352279663,0.7891494035720825,-0.21951833367347717,0.0799194723367691,-0.3047793507575989,-0.08753589540719986,-0.18793900683522224,0.18793900683522224,223.8829803466797,223.28904724121094,224.4771728515625
0107,11,0,0,0.0,0.0,204,9,8,9,648,0.3148148148148148,0.39853902345251824,0.4017685505574779,0.6367743175701653,0.396078431372549,0.403921568627451,0.6352941176470588,0.5945367217063904,0.9975041151046753,0.9028925895690918,0.9843840599060059,0.3068174123764038,121.28549194335938,0.2622012197971344,0.15012043714523315,-0.17603211104869843,0.5359806418418884,-0.2311183214187622,0.2311183214187622,217.71902465820312,214.01168823242188,221.98423767089844
0107,12,0,0,0.0,0.0,2,2,1,1,2,1.0,0.3980392156862745,0.2235294117647059,0.45098039215686275,0.4,0.2235294117647059,0.45098039215686275,0.11525643616914749,0.11693127453327179,0.11609385907649994,0.11659630388021469,0.001674838364124298,0.23051287233829498,-0.338964581489563,0.030141368508338928,-0.3691059350967407,-0.30882319808006287,-0.21778415143489838,0.21778415143489838,164.2571258544922,163.9451141357422,164.5691375732422
0107,13,1,62,0.8266666666666667,0.002685261379877864,75,6,8,4,192,0.390625,0.469437908496732,0.5636078431372549,0.6458562091503268,0.4745098039215686,0.5647058823529412,0.6470588235294118,0.4818500280380249,0.891831636428833,0.7248510122299194,0.7653462886810303,0.2322261482477188,36.13875198364258,-0.0826631560921669,0.33020827174186707,-0.8237181305885315,0.4676101505756378,-0.4023890569806099,0.4023890569806099,249.70481872558594,246.76708984375,252.90907287597656
0107,14,1,110,0.7913669064748201,0.004757579689459799,139,5,10,8,400,0.3475,0.6496261814078149,0.26460713781915646,0.6143884892086331,0.6470588235294118,0.26666666666666666,0.615686274509804,0.25533485412597656,0.6170541644096375,0.3435446619987488,0.45706892013549805,0.13614076375961304,35.49154281616211,-0.44098716974258423,0.265277236700058,-0.8961324095726013,0.43140286207199097,-0.3318905532360077,0.3318905532360077,238.49398803710938,234.9872283935547,241.73126220703125
0107,15,1,1,1.0,4.338018393197987e-05,1,1,1,1,1,1.0,0.6627450980392157,0.2823529411764706,0.6,0.6627450980392157,0.2823529411764706,0.6,0.13790695369243622,0.13790695369243622,0.13790695369243622,0.13790695369243622,0.0,0.13790695369243622,-0.05941645801067352,0.0,-0.05941645801067352,-0.05941645801067352,-0.24024109542369843,0.24024109542369843,239.7769775390625,239.7769775390625,239.7769775390625
0107,16,0,0,0.0,0.0,2,2,1,1,2,1.0,0.6725490196078432,0.28627450980392155,0.592156862745098,0.6705882352941176,0.28627450980392155,0.592156862745098,0.12068125605583191,0.12507188320159912,0.12287656962871552,0.12419375777244568,0.00439063087105751,0.24136251211166382,-0.7654104232788086,0.0221005380153656,-0.7875109314918518,-0.7433098554611206,-0.6234539598226547,0.6234539598226547,240.59585571289062,240.2373809814453,240.954345703125
0107,17,0,0,0.0,0.0,41,4,5,4,80,0.5125,0.6772835963653755,0.35045432807269244,0.6691535150645623,0.6784313725490196,0.34901960784313724,0.6705882352941176,0.1636301875114441,0.24154604971408844,0.20750705897808075,0.2265819013118744,0.042390771210193634,6.708837509155273,-0.511324405670166,0.18678466975688934,-0.8197683095932007,-0.06741037964820862,-0.3248153626918793,0.3248153626918793,259.38177490234375,258.00970458984375,261.0498046875
0107,18,0,0,0.0,0.0,14,4,6,2,48,0.2916666666666667,0.6955182072829131,0.31848739495798317,0.5389355742296918,0.6941176470588235,0.3176470588235294,0.5372549019607843,0.133341446518898,0.2108885645866394,0.15025287866592407,0.17950411140918732,0.032972998917102814,1.8667802810668945,-0.557658851146698,0.15815508365631104,-0.8639691472053528,-0.27261605858802795,-0.3406917154788971,0.3406917154788971,239.3657684326172,237.9369659423828,241.29856872558594
0109,1,1,20,0.4878048780487805,0.6557377049180327,41,5,5,4,100,0.41,0.5148732663797225,0.48627450980392156,0.6490674318507891,0.5176470588235295,0.48627450980392156,0.6470588235294118,0.6398892998695374,0.9999982118606567,0.9966282844543457,0.9999613165855408,0.36404335498809814,26.235462188720703,0.727560818195343,0.577067494392395,-0.37956514954566956,1.7031489610671997,-0.5032705664634705,0.5032705664634705,245.50755310058594,243.9282684326172,247.25897216796875
0114,1,1,198,0.5484764542936288,0.358695652173913,361,14,18,12,3024,0.11937830687830688,0.3439643793340646,0.586200483541008,0.4180992341534952,0.34563758389261745,0.5901060070671378,0.41544117647058826,0.7024723887443542,1.0,0.9995432496070862,0.9999970197677612,0.3114386200904846,253.592529296875,0.7404832243919373,0.3562116026878357,-0.32795193791389465,1.7463947534561157,-0.16319692134857178,0.16319692134857178,226.25868225097656,219.157470703125,230.8289337158203
0114,2,1,96,0.6193548387096774,0.21380846325167038,155,7,15,11,1155,0.1341991341991342,0.35379952370643,0.5152627379459706,0.4230787476280835,0.3523489932885906,0.519434628975265,0.41911764705882354,0.7454608678817749,1.0,0.9997962713241577,0.9999986290931702,0.311341255903244,115.54643249511719,1.2004626989364624,0.2165442556142807,0.5158796310424805,1.5115498304367065,-0.3253253698348999,0.3253253698348999,214.1313018798828,210.96682739257812,216.62179565429688
0114,3,1,44,0.6984126984126984,0.10918114143920596,63,6,4,4,96,0.65625,0.4715564077980185,0.6377250546861855,0.5312791783380019,0.4697986577181208,0.6360424028268551,0.5294117647058824,0.9277954697608948,1.0,0.9999980330467224,1.0,0.15219981968402863,58.451114654541016,0.9396116733551025,0.3999432921409607,-0.00039498734986409545,1.5215073823928833,-0.4528319835662842,0.4528319835662842,271.08221435546875,268.4958190917969,273.6585388183594
0114,4,1,71,0.6283185840707964,0.1658878504672897,113,6,7,5,210,0.5380952380952381,0.4776979271841777,0.6177804183995746,0.5446707444039562,0.47315436241610737,0.6183745583038869,0.5441176470588235,0.8251094222068787,1.0,0.9999996423721313,1.0,0.27877289056777954,93.23736572265625,0.9586001634597778,0.47985535860061646,-0.08758263289928436,1.730815052986145,-0.3602331876754761,0.3602331876754761,270.31378173828125,267.6789245605469,273.15380859375
0114,5,1,11,0.3333333333333333,0.028350515463917526,33,4,4,4,64,0.515625,0.48240797234085825,0.5201841738944213,0.7485516934046346,0.48322147651006714,0.519434628975265,0.7463235294117647,0.5021371245384216,0.9455355405807495,0.7597327828407288,0.8427819013595581,0.26449453830718994,16.570524215698242,0.20052842795848846,0.17130297422409058,-0.1481657326221466,0.5916474461555481,-0.16761700809001923,0.16761700809001923,289.9714050292969,288.5498352050781,291.46868896484375
0115,1,0,0,0.0,0.0,1,1,1,1,1,1.0,0.34509803921568627,0.4470588235294118,0.6078431372549019,0.34509803921568627,0.4470588235294118,0.6078431372549019,0.11445926874876022,0.11445926874876022,0.11445926874876022,0.11445926874876022,0.0,0.11445926874876022,1.2772983312606812,0.0,1.2772983312606812,1.2772983312606812,-0.6730575561523438,0.6730575561523438,211.9952850341797,211.9952850341797,211.9952850341797
0115,2,0,0,0.0,0.0,5,3,2,1,6,0.8333333333333334,0.44392156862745097,0.5866666666666667,0.6196078431372549,0.44313725490196076,0.5882352941176471,0.6196078431372549,0.13911429047584534,0.19907772541046143,0.16285444796085358,0.18458841741085052,0.036294057965278625,0.6955714821815491,1.3824831247329712,0.1228126734495163,1.2322190999984741,1.5477734804153442,-0.40195631980895996,0.40195631980895996,245.736572265625,245.2773895263672,246.35137939453125
0115,3,1,315,0.5189456342668863,0.37037037037037035,607,9,15,14,1890,0.32116402116402115,0.5158768614529832,0.6642891753076848,0.5522498950156669,0.5098039215686274,0.6784313725490196,0.5647058823529412,0.7162923812866211,0.9999978542327881,0.9982216954231262,0.9999010562896729,0.3158417344093323,434.78948974609375,0.5863809585571289,0.4486173093318939,-0.3305266797542572,1.4275623559951782,-0.3295673727989197,0.3295673727989197,257.11529541015625,249.16058349609375,263.5716247558594
0115,4,0,0,0.0,0.0,1,1,1,1,1,1.0,0.5254901960784314,0.6509803921568628,0.5372549019607843,0.5254901960784314,0.6509803921568628,0.5372549019607843,0.10289745777845383,0.10289745777845383,0.10289745777845383,0.10289745777845383,0.0,0.10289745777845383,0.3005822002887726,0.0,0.3005822002887726,0.3005822002887726,-0.47458383440971375,0.47458383440971375,254.06692504882812,254.06692504882812,254.06692504882812
0115,5,1,16,0.5161290322580645,0.028444444444444446,31,4,4,5,80,0.3875,0.5338393421884883,0.5316888045540797,0.7702719797596458,0.5333333333333333,0.5333333333333333,0.7725490196078432,0.5941165685653687,0.9981491565704346,0.9379322528839111,0.9949121475219727,0.31830114126205444,18.417613983154297,1.1134618520736694,0.413534015417099,0.04513337463140488,1.6679847240447998,-0.29022276401519775,0.29022276401519775,275.2615661621094,273.6877746582031,277.0270690917969
0115,6,0,0,0.0,0.0,2,1,2,1,2,1.0,0.5333333333333333,0.6450980392156863,0.5450980392156862,0.5333333333333333,0.6431372549019608,0.5450980392156862,0.10299070179462433,0.10323299467563629,0.10311184823513031,0.1031845360994339,0.00024228915572166443,0.20598140358924866,0.7062950730323792,0.16529041528701782,0.5410046577453613,0.871585488319397,-0.3180587887763977,0.3180587887763977,255.24575805664062,254.92352294921875,255.5679931640625
0115,7,1,367,0.6371527777777778,0.43952095808383235,576,8,26,14,2912,0.1978021978021978,0.5604779411764705,0.5160130718954249,0.7382080610021786,0.5607843137254902,0.5333333333333333,0.7294117647058823,0.7820466160774231,0.9999927282333374,0.9997912645339966,0.9999655485153198,0.2972909212112427,450.4588623046875,1.4510672092437744,0.3583894670009613,0.405767023563385,2.269040822982788,-0.3244730234146118,0.3244730234146118,271.09979248046875,262.7184753417969,277.4887390136719
0115,8,1,55,0.7236842105263158,0.09401709401709402,76,6,5,6,180,0.4222222222222222,0.5530443756449948,0.6113519091847265,0.7157894736842104,0.5490196078431373,0.611764705882353,0.7176470588235294,0.8212593197822571,0.9999988079071045,0.9998055100440979,0.9999865293502808,0.26404282450675964,62.41571044921875,1.4843069314956665,0.271862268447876,0.7213214635848999,1.9384599924087524,-0.380038857460022,0.380038857460022,278.91619873046875,276.8880615234375,281.5475158691406
0115,9,1,27,0.6428571428571429,0.04753521126760563,42,4,7,5,140,0.3,0.5525676937441643,0.6053221288515407,0.5530345471521942,0.5490196078431373,0.611764705882353,0.5529411764705883,0.5637623071670532,0.9995039105415344,0.9315940141677856,0.9973016381263733,0.32895877957344055,23.678016662597656,1.4629817008972168,0.36806756258010864,0.6161366701126099,1.953486442565918,-0.49841344356536865,0.49841344356536865,252.69583129882812,250.6910400390625,254.90586853027344
0115,10,0,0,0.0,0.0,7,2,3,3,18,0.3888888888888889,0.5507002801120447,0.6358543417366946,0.7058823529411765,0.5490196078431373,0.6352941176470588,0.7058823529411765,0.16285136342048645,0.2594701051712036,0.2099301666021347,0.24978962540626526,0.06087340787053108,1.1399595737457275,1.1678200960159302,0.25648394227027893,0.7513743042945862,1.5026943683624268,-0.6668961048126221,0.6668961048126221,280.52313232421875,279.5102844238281,281.4444885253906
0115,11,1,192,0.49104859335038364,0.2585858585858586,391,10,11,11,1210,0.3231404958677686,0.6088862143322802,0.5923674840780302,0.4561857479564716,0.611764705882353,0.6,0.4588235294117647,0.6335492134094238,0.9999781847000122,0.9569724798202515,0.9983023405075073,0.3191164433956146,247.71774291992188,0.8700482845306396,0.425332635641098,-0.3605794906616211,1.8783544301986694,-0.20739662647247314,0.20739662647247314,246.5321044921875,242.08676147460938,251.15731811523438
0116,1,0,0,0.0,0.0,1,1,1,1,1,1.0,0.3843137254901961,0.611764705882353,0.43137254901960786,0.3843137254901961,0.611764705882353,0.43137254901960786,0.10211566090583801,0.10211566090583801,0.10211566090583801,0.10211566090583801,0.0,0.10211566090583801,-0.5812828540802002,0.0,-0.5812828540802002,-0.5812828540802002,-0.5669883415102959,0.5669883415102959,215.0279083251953,215.0279083251953,215.0279083251953
0116,2,0,0,0.0,0.0,1,1,1,1,1,1.0,0.3843137254901961,0.615686274509804,0.43529411764705883,0.3843137254901961,0.615686274509804,0.43529411764705883,0.10010165721178055,0.10010165721178055,0.10010165721178055,0.10010165721178055,0.0,0.10010165721178055,-0.7199603319168091,0.0,-0.7199603319168091,-0.7199603319168091,-0.6839974783360958,0.6839974783360958,216.2660369873047,216.2660369873047,216.2660369873047
0116,3,0,0,0.0,0.0,2,2,1,1,2,1.0,0.3862745098039216,0.6941176470588235,0.45098039215686275,0.3843137254901961,0.6941176470588235,0.45098039215686275,0.12109674513339996,0.12425053119659424,0.1226736381649971,0.12361977249383926,0.003153786063194275,0.24219349026679993,-0.7372949719429016,0.15601211786270142,-0.893307089805603,-0.5812828540802002,-0.7810234576463699,0.7810234576463699,233.3547821044922,233.14158630371094,233.56797790527344
0116,4,1,228,0.6745562130177515,0.07438825448613377,338,8,16,11,1408,0.24005681818181818,0.421058127392969,0.697493908806126,0.5525234946049425,0.4196078431372549,0.6980392156862745,0.5490196078431373,0.8116481900215149,0.9999995827674866,0.9999554753303528,0.9999949932098389,0.28600022196769714,274.33709716796875,0.8156458139419556,0.23587889969348907,-0.4772748649120331,1.342866063117981,-0.2688230276107788,0.2688230276107788,251.47781372070312,247.0991668701172,257.8546142578125
0116,5,1,93,0.37349397590361444,0.030789604370137395,249,8,18,12,1728,0.1440972222222222,0.43028584927947083,0.6839908654224742,0.5892904953145918,0.42745098039215684,0.6666666666666666,0.5803921568627451,0.6832118630409241,0.9999996423721313,0.9959646463394165,0.9999414682388306,0.32046934962272644,170.1197509765625,0.788783073425293,0.23796698451042175,-0.2345893383026123,1.2561928033828735,-0.25532257556915283,0.25532257556915283,255.48631286621094,247.24481201171875,263.945068359375
0116,6,1,14,0.875,0.0048209366391184574,16,2,4,3,24,0.6666666666666666,0.4213235294117647,0.7237745098039216,0.5259803921568628,0.4196078431372549,0.7215686274509804,0.5254901960784314,0.4462249279022217,0.9355445504188538,0.6072964668273926,0.8943866491317749,0.280550479888916,7.139598846435547,0.8044077754020691,0.2953559160232544,0.25078150629997253,1.3255313634872437,-0.45019465684890747,0.45019465684890747,252.61090087890625,250.6830596923828,254.36587524414062
0116,7,1,31,0.5961538461538461,0.010609171800136893,52,5,5,6,150,0.3466666666666667,0.43914027149321266,0.6783559577677225,0.6211915535444947,0.43529411764705883,0.6784313725490196,0.6196078431372549,0.6925186514854431,0.9999707937240601,0.9966569542884827,0.9999076128005981,0.32062456011772156,36.01097106933594,0.5368037223815918,0.32361534237861633,-0.3385974168777466,1.1001806259155273,-0.36858534812927246,0.36858534812927246,260.3466491699219,257.1400451660156,263.53369140625
0116,8,1,10,0.4,0.0034381983840467596,25,4,4,3,48,0.5208333333333334,0.500078431372549,0.4175686274509804,0.5269019607843137,0.5019607843137255,0.41568627450980394,0.5254901960784314,0.7128925323486328,0.9999963641166687,0.9998406171798706,0.9999731183052063,0.32352522015571594,17.82231330871582,0.869976282119751,0.20740969479084015,0.37212425470352173,1.1695195436477661,-0.1358267068862915,0.1358267068862915,214.26486206054688,212.88729858398438,215.8101043701172
0116,9,0,0,0.0,0.0,1,1,1,1,1,1.0,0.5450980392156862,0.30196078431372547,0.6509803921568628,0.5450980392156862,0.30196078431372547,0.6509803921568628,0.1066410094499588,0.1066410094499588,0.1066410094499588,0.1066410094499588,0.0,0.1066410094499588,0.5454711318016052,0.0,0.5454711318016052,0.5454711318016052,-0.1603456735610962,0.1603456735610962,230.40182495117188,230.40182495117188,230.40182495117188
0116,10,0,0,0.0,0.0,2,2,1,1,2,1.0,0.5509803921568628,0.30196078431372547,0.6470588235294118,0.5490196078431373,0.30196078431372547,0.6470588235294118,0.11954405158758163,0.13200724124908447,0.12577565014362335,0.12951460480690002,0.012463189661502838,0.23908810317516327,0.5021344423294067,0.043336719274520874,0.4587976932525635,0.5454711318016052,-0.36210209131240845,0.36210209131240845,230.60009765625,230.2932891845703,230.9069061279297
0116,11,1,125,0.6983240223463687,0.041869033662703066,179,9,13,17,1989,0.08999497234791352,0.5659984664256764,0.5902289407383066,0.6006353379340563,0.5568627450980392,0.5803921568627451,0.5843137254901961,0.7059625387191772,0.9999903440475464,0.9988759756088257,0.9998071789741516,0.3302888572216034,126.36729431152344,0.2512657940387726,0.5289268493652344,-1.031984567642212,1.08284592628479,-0.7104938328266144,0.7104938328266144,259.30047607421875,248.85940551757812,268.02984619140625
0116,12,1,58,0.7631578947368421,0.019768234492160874,76,10,7,4,280,0.2714285714285714,0.5781733746130031,0.6849329205366357,0.47936016511867907,0.5764705882352941,0.6901960784313725,0.47843137254901963,0.5865394473075867,0.9855847954750061,0.8870219588279724,0.9360930919647217,0.3030364215373993,44.576995849609375,0.7769802808761597,0.4932068884372711,-0.5119441747665405,1.4122049808502197,-0.7383359670639038,0.7383359670639038,259.77740478515625,255.72445678710938,263.2812194824219
0116,13,1,1,1.0,0.00034524426031417227,1,1,1,1,1,1.0,0.5725490196078431,0.615686274509804,0.6313725490196078,0.5725490196078431,0.615686274509804,0.6313725490196078,0.10221641510725021,0.10221641510725021,0.10221641510725021,0.10221641510725021,0.0,0.10221641510725021,-0.5812828540802002,0.0,-0.5812828540802002,-0.5812828540802002,-0.5352080799639225,0.5352080799639225,268.6614990234375,268.6614990234375,268.6614990234375
0116,14,1,38,0.42696629213483145,0.012922972283625234,89,6,5,7,210,0.4238095238095238,0.5829918484247631,0.6326063009473453,0.6689138576779026,0.5803921568627451,0.6313725490196078,0.6666666666666666,0.5535594820976257,0.9967042207717896,0.855070948600769,0.9635258913040161,0.2972547709941864,49.26679611206055,-0.5228513479232788,0.36650434136390686,-1.2400004863739014,0.3027856647968292,-0.5367884961888194,0.5367884961888194,278.4228210449219,274.0401306152344,281.60076904296875
0116,15,1,2682,0.658321060382916,0.5436853841475775,4074,27,24,32,20736,0.1964699074074074,0.6513548374676331,0.26001135849528817,0.5839662325411263,0.6627450980392157,0.27058823529411763,0.5803921568627451,0.7855431437492371,0.9999997019767761,0.9997879266738892,0.999974250793457,0.29441362619400024,3200.302734375,-0.5097401142120361,0.5243968367576599,-1.326673984527588,1.0655114650726318,-0.6472423225641251,0.6472423225641251,233.57455444335938,219.68614196777344,248.05845642089844
0116,16,1,1424,0.7884828349944629,0.3748354830218479,1806,21,21,18,7938,0.2275132275132275,0.7348185785942284,0.3749136864047945,0.44977743035198575,0.7098039215686275,0.3764705882352941,0.44313725490196076,0.8318896889686584,0.9999979138374329,0.9999493360519409,0.9999789595603943,0.27964723110198975,1502.392822265625,-0.32827913761138916,0.7369104623794556,-1.326673984527588,1.6028863191604614,-0.669351190328598,0.669351190328598,240.4409637451172,230.54283142089844,249.23281860351562
0125,1,1,3488,0.7994499197799679,0.87015092927529,4363,16,35,28,15680,0.2782525510204082,0.4842009230921339,0.7385662860147497,0.4843887772849227,0.4666666666666667,0.7019607843137254,0.47843137254901963,0.8584412336349487,0.9999992847442627,0.9999748468399048,0.999990701675415,0.2641412019729614,3745.379150390625,-0.9152981042861938,0.38918182253837585,-1.3475183248519897,0.9109466075897217,-0.5414693355560303,0.5414693355560303,257.4134826660156,239.7602996826172,276.11773681640625
0129,1,1,90,0.5844155844155844,0.7346938775510204,154,12,6,8,576,0.2673611111111111,0.4804176215940922,0.38222561751973516,0.5929717341482047,0.4745098039215686,0.3803921568627451,0.5882352941176471,0.7418399453163147,0.9999998211860657,0.9997096657752991,0.9999920725822449,0.3075702488422394,114.24334716796875,0.6120156645774841,0.29890337586402893,-0.32974350452423096,1.1872985363006592,0.00879526138305664,0.00879526138305664,218.22384643554688,212.93426513671875,222.81382751464844
0129,2,0,0,0.0,0.0,2,2,1,1,2,1.0,0.5,0.38823529411764707,0.615686274509804,0.5019607843137255,0.38823529411764707,0.615686274509804,0.22566035389900208,0.28202855587005615,0.2538444399833679,0.2707549035549164,0.05636820197105408,0.45132070779800415,0.6164201498031616,0.032620400190353394,0.5837997794151306,0.6490405797958374,-0.13439977169036865,0.13439977169036865,225.74856567382812,225.46395874023438,226.03318786621094
0131,1,0,0,0.0,0.0,2,2,1,1,2,1.0,0.3862745098039216,0.6627450980392157,0.6705882352941176,0.38823529411764707,0.6627450980392157,0.6705882352941176,0.1453685462474823,0.1578654944896698,0.15161702036857605,0.15536610782146454,0.0124969482421875,0.2907370924949646,1.1100680828094482,0.05286365747451782,1.0572043657302856,1.1629316806793213,-0.30317223072052,0.30317223072052,260.19696044921875,260.0057678222656,260.38818359375
0131,2,0,0,0.0,0.0,5,2,2,2,8,0.625,0.5780392156862745,0.7145098039215686,0.6690196078431372,0.5764705882352941,0.7137254901960784,0.6705882352941176,0.1917097121477127,0.26901569962501526,0.22413942217826843,0.251065194606781,0.05093490332365036,0.9585485458374023,0.9851827621459961,0.07251648604869843,0.8631035685539246,1.0576362609863281,-0.25726318359375,0.25726318359375,290.38629150390625,289.70330810546875,290.9192199707031
0131,3,0,0,0.0,0.0,2,2,1,1,2,1.0,0.6490196078431373,0.4980392156862745,0.6823529411764706,0.6509803921568628,0.4980392156862745,0.6823529411764706,0.17365050315856934,0.17937064170837402,0.17651057243347168,0.17822661995887756,0.005720131099224091,0.34730100631713867,1.1837539672851562,0.09452801942825317,1.0892260074615479,1.2782820463180542,-0.3439675569534302,0.3439675569534302,272.26348876953125,271.95770263671875,272.5692443847656
0134,1,0,0,0.0,0.0,22,6,3,4,72,0.3055555555555556,0.2893048128342246,0.5698752228163992,0.4839572192513369,0.28627450980392155,0.5725490196078431,0.48627450980392156,0.19040073454380035,0.31174883246421814,0.26638978719711304,0.2936848998069763,0.07567859441041946,4.188816070556641,-0.20330113172531128,0.286683589220047,-0.7172877788543701,0.27766409516334534,-0.6650219857692719,0.6650219857692719,204.7941436767578,203.46006774902344,206.07765197753906
0134,2,0,0,0.0,0.0,2,1,2,1,2,1.0,0.3058823529411765,0.5980392156862745,0.4549019607843137,0.3058823529411765,0.596078431372549,0.4549019607843137,0.12160469591617584,0.12996649742126465,0.12578560411930084,0.12829414010047913,0.008361797779798508,0.24320939183235168,-0.34615495800971985,0.023689329624176025,-0.3698442876338959,-0.3224656283855438,-0.669442892074585,0.669442892074585,207.25192260742188,206.88401794433594,207.61984252929688
0134,3,0,0,0.0,0.0,7,4,2,2,16,0.4375,0.49187675070028014,0.4016806722689076,0.5831932773109244,0.49411764705882355,0.403921568627451,0.5843137254901961,0.2505508363246918,0.5128678679466248,0.3468053638935089,0.44254738092422485,0.14355984330177307,1.7538559436798096,1.0673083066940308,0.051348574459552765,0.9883438944816589,1.1462727785110474,-0.23105216026306152,0.23105216026306152,220.4363250732422,218.93606567382812,221.79721069335938
0134,4,1,2428,0.6874292185730464,0.7641227380015736,3532,15,45,20,13500,0.26162962962962966,0.7347667266226989,0.5140474762951613,0.4765905002997802,0.7254901960784313,0.5490196078431373,0.49019607843137253,0.7819036245346069,0.9999998211860657,0.9999192953109741,0.9999911785125732,0.30112582445144653,2761.68359375,-0.4528508186340332,0.6910334825515747,-1.3490031957626343,2.2991535663604736,-0.41048942133784294,0.41048942133784294,259.8692626953125,243.14193725585938,270.6824645996094
0139,1,0,0,0.0,0.0,233,10,11,6,660,0.353030303030303,0.44098291677185897,0.3976268619035597,0.5826138180594126,0.44313725490196076,0.38823529411764707,0.5843137254901961,0.4028926491737366,0.9840039014816284,0.5179072618484497,0.7209007740020752,0.22216077148914337,93.87398529052734,1.1916208267211914,0.20175759494304657,0.4560164511203766,1.5713807344436646,-0.07080566883087158,0.07080566883087158,212.6737823486328,206.88401794433594,217.39825439453125
0139,2,0,0,0.0,0.0,51,5,6,5,150,0.34,0.4582083813917724,0.4928104575163399,0.5417147251057285,0.4588235294117647,0.49411764705882355,0.5411764705882353,0.7690882086753845,0.9999815225601196,0.9990056157112122,0.9998348355293274,0.2907094359397888,39.2234992980957,1.2261953353881836,0.24241900444030762,0.5857776403427124,1.7523938417434692,-0.36524975299835205,0.36524975299835205,220.8251190185547,219.24642944335938,222.77566528320312
0139,3,0,0,0.0,0.0,17,4,4,3,48,0.3541666666666667,0.46435986159169546,0.47012687427912336,0.5377162629757786,0.4627450980392157,0.47058823529411764,0.5372549019607843,0.40326064825057983,0.7816581130027771,0.5233715176582336,0.6301069259643555,0.19114212691783905,6.855431079864502,1.1682889461517334,0.2312736064195633,0.8630428314208984,1.637117862701416,-0.3209129571914673,0.3209129571914673,217.79202270507812,216.37930297851562,219.28292846679688
0139,4,0,0,0.0,0.0,1142,28,18,11,5544,0.205988455988456,0.5432471412382817,0.41235877888808764,0.5836956148483912,0.5568627450980392,0.4,0.5882352941176471,0.5729889273643494,0.9999762773513794,0.9014126062393188,0.9972456693649292,0.3273201584815979,654.3533325195312,1.1535332202911377,0.2824570834636688,0.1692236214876175,1.7612625360488892,-0.03305482864379883,0.03305482864379883,229.59185791015625,215.30210876464844,238.8828125
0139,5,0,0,0.0,0.0,67,8,6,4,192,0.3489583333333333,0.5053555750658472,0.5361428153350893,0.5884108867427569,0.5058823529411764,0.5333333333333333,0.5882352941176471,0.4696229100227356,0.9663854837417603,0.685190737247467,0.873947024345398,0.2732144892215729,31.46473503112793,1.0518492460250854,0.5681399703025818,-0.29822707176208496,1.8771798610687256,-0.024324417114257812,0.024324417114257812,240.98419189453125,237.85079956054688,244.56288146972656
0139,6,0,0,0.0,0.0,71,7,7,5,245,0.2897959183673469,0.5138911902789285,0.5059375863021265,0.5302402651201326,0.5137254901960784,0.5098039215686274,0.5294117647058824,0.383267879486084,0.8126237988471985,0.523501992225647,0.7102252840995789,0.21113938093185425,27.212018966674805,0.7079395651817322,0.4000501334667206,-0.24533995985984802,1.4138127565383911,-0.5648645758628845,0.5648645758628845,228.83140563964844,224.66197204589844,233.2766571044922
0139,7,0,0,0.0,0.0,17,4,5,2,40,0.425,0.538638985005767,0.6768166089965398,0.44798154555940023,0.5411764705882353,0.6705882352941176,0.45098039215686275,0.16713501513004303,0.24061904847621918,0.190167635679245,0.2113177329301834,0.03656517341732979,2.8412952423095703,0.2090827077627182,0.4113178253173828,-0.39106395840644836,0.874642550945282,-0.3378719240427017,0.3378719240427017,248.95668029785156,247.54998779296875,250.8824462890625
0144,1,1,635,0.607074569789675,0.30617164898746385,1046,19,18,16,5472,0.1911549707602339,0.44010422524650394,0.7369212312075882,0.4273722490908409,0.43137254901960786,0.7176470588235294,0.42745098039215684,0.6738036870956421,0.9999992251396179,0.9972261786460876,0.9999512434005737,0.3369845151901245,704.7986450195312,1.0519102811813354,0.4239211976528168,-0.23241780698299408,2.1130611896514893,-0.38828718662261963,0.38828718662261963,245.01475524902344,237.44683837890625,255.1489715576172
0144,2,0,0,0.0,0.0,2,2,1,1,2,1.0,0.4294117647058823,0.7686274509803922,0.44313725490196076,0.42745098039215684,0.7686274509803922,0.44313725490196076,0.16319534182548523,0.16464577615261078,0.1639205664396286,0.16435569524765015,0.0014504268765449524,0.32639068365097046,0.8694891333580017,0.05365842580795288,0.8158307075500488,0.9231475591659546,-0.3654560446739197,0.3654560446739197,251.78453063964844,251.56509399414062,252.00396728515625
0144,3,0,0,0.0,0.0,1,1,1,1,1,1.0,0.44313725490196076,0.7686274509803922,0.44313725490196076,0.44313725490196076,0.7686274509803922,0.44313725490196076,0.14609485864639282,0.14609485864639282,0.14609485864639282,0.14609485864639282,0.0,0.14609485864639282,1.0883798599243164,0.0,1.0883798599243164,1.0883798599243164,0.10707134008407593,0.10707134008407593,253.33969116210938,253.33969116210938,253.33969116210938
0144,4,0,0,0.0,0.0,1,1,1,1,1,1.0,0.45098039215686275,0.7725490196078432,0.45098039215686275,0.45098039215686275,0.7725490196078432,0.45098039215686275,0.10151352733373642,0.10151352733373642,0.10151352733373642,0.10151352733373642,0.0,0.10151352733373642,0.8832846879959106,0.0,0.8832846879959106,0.8832846879959106,-0.1088026762008667,0.1088026762008667,255.91014099121094,255.91014099121094,255.91014099121094
0144,5,0,0,0.0,0.0,1,1,1,1,1,1.0,0.4588235294117647,0.7294117647058823,0.44313725490196076,0.4588235294117647,0.7294117647058823,0.44313725490196076,0.12552757561206818,0.12552757561206818,0.12552757561206818,0.12552757561206818,0.0,0.12552757561206818,0.8632630109786987,0.0,0.8632630109786987,0.8632630109786987,-0.3994666337966919,0.3994666337966919,247.56614685058594,247.56614685058594,247.56614685058594
0144,6,1,3,0.23076923076923078,0.0019261637239165329,13,4,4,2,32,0.40625,0.5315233785822021,0.676923076923077,0.5861236802413272,0.5333333333333333,0.6745098039215687,0.5843137254901961,0.6379651427268982,0.9944539070129395,0.8639169931411743,0.985091507434845,0.28859421610832214,8.293546676635742,1.99861478805542,0.2305324822664261,1.5676158666610718,2.2831361293792725,-0.24231719970703125,0.24231719970703125,266.0426940917969,264.97357177734375,266.9681701660156
0144,7,0,0,0.0,0.0,11,4,2,3,24,0.4583333333333333,0.5311942959001783,0.7237076648841354,0.5600713012477718,0.5333333333333333,0.7215686274509804,0.5568627450980392,0.42035582661628723,0.7384033203125,0.5816650390625,0.7019317150115967,0.20725679397583008,4.6239142417907715,1.6663308143615723,0.18014055490493774,1.3686835765838623,1.9472322463989258,-0.32936739921569824,0.32936739921569824,270.3250732421875,269.79437255859375,271.0036926269531
0144,8,1,942,0.7093373493975904,0.4252821670428894,1328,12,29,31,10788,0.12309974045235447,0.549264705882353,0.7085961493030948,0.5125590597684857,0.5411764705882353,0.7098039215686275,0.5215686274509804,0.8550964593887329,1.0,0.9999952912330627,0.9999992847442627,0.2648111879825592,1135.568115234375,1.5963646173477173,0.4981444180011749,0.17475080490112305,2.6545093059539795,-0.6463934183120728,0.6463934183120728,264.0657958984375,257.7188415527344,270.7175598144531
0144,9,1,584,0.7263681592039801,0.29902713773681516,804,24,12,19,5472,0.14692982456140352,0.5844307872402693,0.6930201931518876,0.42021753975221926,0.615686274509804,0.7019607843137254,0.42745098039215684,0.8230235576629639,1.0,0.999980628490448,0.9999980926513672,0.28854021430015564,661.7109375,1.0954322814941406,0.5301496982574463,-0.1614018976688385,2.380319356918335,-0.6110043525695801,0.6110043525695801,255.4278564453125,243.57749938964844,265.636962890625
0144,10,0,0,0.0,0.0,2,2,1,1,2,1.0,0.5431372549019607,0.7450980392156863,0.5058823529411764,0.5450980392156862,0.7450980392156863,0.5058823529411764,0.13216829299926758,0.136741042137146,0.1344546675682068,0.1358264833688736,0.004572756588459015,0.26433658599853516,1.2786848545074463,0.012174546718597412,1.266510248184204,1.290859341621399,-0.4277709722518921,0.4277709722518921,268.7032470703125,268.44366455078125,268.96282958984375
0144,11,0,0,0.0,0.0,10,3,3,2,18,0.5555555555555556,0.5517647058823529,0.6835294117647059,0.44941176470588234,0.5529411764705883,0.6823529411764706,0.45098039215686275,0.3616940975189209,0.7236336469650269,0.49147701263427734,0.5411801934242249,0.17632178962230682,3.616940975189209,2.3492963314056396,0.19449996948242188,1.8869106769561768,2.572448253631592,-0.44933104515075684,0.44933104515075684,252.17715454101562,251.3026123046875,253.0098876953125
0144,12,0,0,0.0,0.0,15,2,3,5,30,0.5,0.5508496732026144,0.7333333333333333,0.5393464052287582,0.5490196078431373,0.7333333333333333,0.5411764705882353,0.21456289291381836,0.4178820848464966,0.2562689781188965,0.3611377477645874,0.09756220877170563,3.2184433937072754,1.445974349975586,0.30268046259880066,0.9393584132194519,1.9204801321029663,-0.32139408588409424,0.32139408588409424,271.84429931640625,270.8246765136719,272.86260986328125
0144,13,1,168,0.6339622641509434,0.0997920997920998,265,9,10,8,720,0.3680555555555556,0.5720162782093969,0.6430484646688864,0.40050314465408804,0.5686274509803921,0.6392156862745098,0.403921568627451,0.8224246501922607,0.9999998807907104,0.9999854564666748,0.9999982714653015,0.2924794554710388,217.94253540039062,1.1948281526565552,0.5890251398086548,0.05530444532632828,2.54292893409729,-0.6997390985488892,0.6997390985488892,242.6798095703125,237.71200561523438,247.5863494873047
0144,14,1,81,0.675,0.05027932960893855,120,7,9,6,378,0.31746031746031744,0.6654901960784313,0.528235294117647,0.3783006535947713,0.6705882352941176,0.5254901960784314,0.3764705882352941,0.7529575228691101,0.9999992847442627,0.999693751335144,0.9999908804893494,0.3158228397369385,90.35490417480469,2.483191728591919,0.29461202025413513,1.6600483655929565,3.0455691814422607,-0.390622615814209,0.390622615814209,237.8987579345703,234.79991149902344,240.9771728515625
0144,15,1,298,0.6520787746170679,0.16746277044113514,457,21,14,10,2940,0.1554421768707483,0.7276183120950788,0.4840176770927189,0.4051057622173596,0.6980392156862745,0.47843137254901963,0.4,0.7461615800857544,0.9999996423721313,0.9994524121284485,0.9999831914901733,0.3099633753299713,340.995849609375,1.8228529691696167,0.5667986869812012,0.36014288663864136,2.914745807647705,-0.5436917543411255,0.5436917543411255,246.41595458984375,236.1779022216797,255.14505004882812
0144,16,0,0,0.0,0.0,15,2,4,3,24,0.625,0.6886274509803921,0.6862745098039216,0.44366013071895427,0.6901960784313725,0.6862745098039216,0.4470588235294118,0.21550573408603668,0.42809179425239563,0.23269644379615784,0.3868463337421417,0.10004472732543945,3.232585906982422,0.8405991792678833,0.38311249017715454,0.056086618453264236,1.5152173042297363,-0.32064688205718994,0.32064688205718994,273.1539001464844,272.2958068847656,274.4102783203125
0144,17,0,0,0.0,0.0,1,1,1,1,1,1.0,0.7058823529411765,0.4666666666666667,0.40784313725490196,0.7058823529411765,0.4666666666666667,0.40784313725490196,0.11463428288698196,0.11463428288698196,0.11463428288698196,0.11463428288698196,0.0,0.11463428288698196,2.1423075199127197,0.0,2.1423075199127197,2.1423075199127197,-0.38127756118774414,0.38127756118774414,240.28732299804688,240.28732299804688,240.28732299804688
0146,1,0,0,0.0,0.0,1,1,1,1,1,1.0,0.3137254901960784,0.5725490196078431,0.396078431372549,0.3137254901960784,0.5725490196078431,0.396078431372549,0.1298116147518158,0.1298116147518158,0.1298116147518158,0.1298116147518158,0.0,0.1298116147518158,0.8282665014266968,0.0,0.8282665014266968,0.8282665014266968,-0.5856623649597168,0.5856623649597168,195.13584899902344,195.13584899902344,195.13584899902344
0146,2,1,19,0.6551724137931034,0.014768752429071124,29,4,4,3,48,0.6041666666666666,0.4651791751183232,0.38174442190669367,0.5382014874915483,0.4666666666666667,0.3843137254901961,0.5372549019607843,0.7184062600135803,0.9998263716697693,0.997465968132019,0.9986087083816528,0.31623339653015137,20.833782196044922,2.8322761058807373,0.271614134311676,2.29378080368042,3.3126449584960938,-0.23199725151062012,0.23199725151062012,206.45123291015625,204.52139282226562,208.06008911132812
0146,3,0,0,0.0,0.0,1,1,1,1,1,1.0,0.4588235294117647,0.6352941176470588,0.5372549019607843,0.4588235294117647,0.6352941176470588,0.5372549019607843,0.1086663156747818,0.1086663156747818,0.1086663156747818,0.1086663156747818,0.0,0.1086663156747818,1.6415024995803833,0.0,1.6415024995803833,1.6415024995803833,-0.375862717628479,0.375862717628479,242.76943969726562,242.76943969726562,242.76943969726562
0146,4,1,1118,0.6991869918699187,0.5397055273956071,1599,34,24,27,22032,0.07257625272331154,0.5330586518534869,0.6438705563526224,0.45635139609314646,0.49411764705882355,0.6235294117647059,0.44313725490196076,0.8018399477005005,1.0,0.9999857544898987,0.999999463558197,0.29868200421333313,1282.14208984375,1.7940529584884644,0.5019035339355469,0.33672985434532166,3.2452847957611084,-0.5203913450241089,0.5203913450241089,243.4536590576172,223.86380004882812,268.6298522949219
0146,5,0,0,0.0,0.0,1,1,1,1,1,1.0,0.5098039215686274,0.615686274509804,0.4196078431372549,0.5098039215686274,0.615686274509804,0.4196078431372549,0.12200132757425308,0.12200132757425308,0.12200132757425308,0.12200132757425308,0.0,0.12200132757425308,1.620875597000122,0.0,1.620875597000122,1.620875597000122,-0.30410969257354736,0.30410969257354736,230.77911376953125,230.77911376953125,230.77911376953125
0146,6,1,639,0.6358208955223881,0.36010143702451397,1005,34,23,29,22678,0.0443160772554899,0.5825226807140766,0.6448151399863428,0.5180840893571359,0.6235294117647059,0.6705882352941176,0.5490196078431373,0.7928497791290283,1.0,0.9999275207519531,0.9999972581863403,0.30048349499702454,796.8140258789062,1.5443499088287354,0.6525285243988037,-0.0014463706174865365,2.7375376224517822,-0.46044135093688965,0.46044135093688965,258.5914001464844,238.2876434326172,282.5066223144531
0146,7,0,0,0.0,0.0,1,1,1,1,1,1.0,0.5176470588235295,0.6470588235294118,0.4627450980392157,0.5176470588235295,0.6470588235294118,0.4627450980392157,0.15637032687664032,0.15637032687664032,0.15637032687664032,0.15637032687664032,0.0,0.15637032687664032,1.0190043449401855,0.0,1.0190043449401855,1.0190043449401855,-0.5278006792068481,0.5278006792068481,242.56546020507812,242.56546020507812,242.56546020507812
0146,8,1,62,0.7126436781609196,0.04713036868110984,87,8,6,3,144,0.6041666666666666,0.5432048681541582,0.3794455713319811,0.4905116069416272,0.5372549019607843,0.3803921568627451,0.49019607843137253,0.8002977967262268,0.9999982118606567,0.9995384812355042,0.9999448657035828,0.281841516494751,69.62590789794922,2.3624088764190674,0.7008448839187622,0.6013695597648621,3.5154483318328857,-0.9221234321594238,0.9221234321594238,210.89527893066406,208.63844299316406,213.40338134765625
0146,9,1,8,0.3076923076923077,0.0062256809338521405,26,6,4,6,144,0.18055555555555555,0.5822021116138762,0.6568627450980392,0.4951734539969834,0.5843137254901961,0.6588235294117647,0.4980392156862745,0.6087924242019653,0.9929778575897217,0.860958993434906,0.961018443107605,0.2961310148239136,15.828603744506836,1.9543107748031616,0.11971379071474075,1.6741451025009155,2.129655361175537,-0.2923957109451294,0.2923957109451294,257.5655517578125,254.04920959472656,260.7086486816406
0146,10,0,0,0.0,0.0,19,3,3,4,36,0.5277777777777778,0.592156862745098,0.6681114551083591,0.5232198142414861,0.592156862745098,0.6666666666666666,0.5215686274509804,0.3830736577510834,0.7742860317230225,0.49919360876083374,0.6673243045806885,0.19039954245090485,7.278399467468262,1.4251712560653687,0.11123780161142349,1.2572083473205566,1.6043039560317993,-0.29516685009002686,0.29516685009002686,264.44622802734375,263.3514709472656,265.7178955078125
0146,11,1,202,0.6847457627118644,0.14230362803804156,295,8,15,23,2760,0.1068840579710145,0.6203389830508474,0.7083283482884679,0.5162645397141908,0.6196078431372549,0.7137254901960784,0.5254901960784314,0.7368923425674438,1.0,0.9998115301132202,0.999999463558197,0.3110061585903168,217.38323974609375,1.078635573387146,0.6256688833236694,-0.07614631205797195,2.2247774600982666,-0.43575310707092285,0.43575310707092285,274.4357604980469,260.67987060546875,282.6375732421875
0147,1,0,0,0.0,0.0,13,3,4,3,36,0.3611111111111111,0.34061538461538465,0.47446153846153843,0.3863736263736264,0.34,0.472,0.38857142857142857,0.282024085521698,0.5348105430603027,0.38754040002822876,0.4940875470638275,0.14321249723434448,3.6663129329681396,2.1790668964385986,0.44116637110710144,1.2898614406585693,2.7217845916748047,-0.8977615833282471,0.8977615833282471,161.44705200195312,160.3402557373047,162.65914916992188
0147,2,0,0,0.0,0.0,4,2,2,1,4,1.0,0.498,0.49,0.5657142857142857,0.496,0.488,0.5657142857142857,0.20433445274829865,0.22144371271133423,0.2196788638830185,0.2207377701997757,0.019226383417844772,0.8173378109931946,2.219987630844116,0.1147393137216568,2.0561840534210205,2.364626884460449,-0.3433353900909424,0.3433353900909424,201.3896942138672,200.77349853515625,202.00494384765625
0147,3,0,0,0.0,0.0,2,1,2,1,2,1.0,0.516,0.638,0.44571428571428573,0.516,0.64,0.44571428571428573,0.24187716841697693,0.27703988552093506,0.2594585418701172,0.27000734210014343,0.03516271710395813,0.48375433683395386,2.5314762592315674,0.09189534187316895,2.4395809173583984,2.6233716011047363,-0.4787447452545166,0.4787447452545166,220.0553741455078,219.69296264648438,220.41778564453125
0150,1,1,4012,0.6910093007233896,0.7866666666666666,5806,33,37,23,28083,0.20674429370081543,0.622908012671138,0.31507770865838586,0.39030617414034163,0.6470588235294118,0.28627450980392155,0.403921568627451,0.8179144263267517,1.0,0.9999758005142212,0.9999971389770508,0.28557032346725464,4748.81103515625,0.04000980034470558,0.16623017191886902,-0.5385941863059998,0.5825029611587524,-0.09515572711825371,0.09515572711825371,204.980712890625,187.77113342285156,216.12496948242188
0150,2,1,45,0.569620253164557,0.02012072434607646,79,10,7,9,630,0.1253968253968254,0.5829238024323653,0.4467113427649541,0.6803176966989327,0.5803921568627451,0.44313725490196076,0.6784313725490196,0.6778417825698853,0.9994596838951111,0.9359005689620972,0.9925739169120789,0.28287380933761597,53.54949951171875,0.8721067309379578,0.1741076558828354,0.347211092710495,1.2122552394866943,-0.17916518449783325,0.17916518449783325,255.86480712890625,248.81117248535156,261.5855407714844
0150,3,1,69,0.32242990654205606,0.029947916666666668,214,10,8,10,800,0.2675,0.6266630016492578,0.4707165109034268,0.7182151365218985,0.615686274509804,0.47058823529411764,0.7098039215686275,0.6942048072814941,0.9999998807907104,0.9996111392974854,0.9999921917915344,0.33107414841651917,148.55982971191406,0.6464031338691711,0.2789396047592163,-0.15105441212654114,1.2745383977890015,-0.24460899829864502,0.24460899829864502,271.6811218261719,265.14337158203125,278.3038024902344
0152,1,1,113,0.7902097902097902,0.005633802816901409,143,7,7,7,343,0.41690962099125367,0.34665668779381154,0.6361948396431155,0.495004995004995,0.34782608695652173,0.6344827586206897,0.49624060150375937,0.6202897429466248,0.9999381303787231,0.9926848411560059,0.9993132948875427,0.34148547053337097,88.70143127441406,0.08522144705057144,0.23772548139095306,-0.43294012546539307,0.5599817633628845,-0.2156279906630516,0.2156279906630516,249.6666259765625,246.76708984375,252.4559326171875
0152,2,1,36180,0.8024130053893411,0.8506836270441213,45089,69,48,57,188784,0.23883909653360455,0.4628728717955147,0.7060295308665391,0.4457220531423482,0.47491638795986624,0.6827586206896552,0.424812030075188,0.854642927646637,0.9999995231628418,0.9999760389328003,0.9999935626983643,0.26565852761268616,38534.99609375,-0.1901542842388153,0.37800782918930054,-0.8343360424041748,1.4637796878814697,-0.24627480283379555,0.24627480283379555,275.127685546875,248.45724487304688,302.2730407714844
0152,3,0,0,0.0,0.0,2,1,2,1,2,1.0,0.4214046822742475,0.5982758620689655,0.43609022556390975,0.4214046822742475,0.6,0.43609022556390975,0.15308640897274017,0.1686176359653473,0.16085201501846313,0.1655113846063614,0.015531226992607117,0.30617281794548035,0.26665496826171875,0.04560214281082153,0.22105282545089722,0.3122571110725403,-0.4463871121406555,0.4463871121406555,244.30999755859375,243.9549102783203,244.66506958007812
0152,4,0,0,0.0,0.0,9,3,2,3,18,0.5,0.4578223708658491,0.6708812260536398,0.5664160401002506,0.45819397993311034,0.6724137931034483,0.5639097744360902,0.18666844069957733,0.31946900486946106,0.2227288782596588,0.2529381513595581,0.06264922767877579,1.6800159215927124,0.7729204893112183,0.06713898479938507,0.6320253014564514,0.8676015138626099,-0.1298845410346985,0.1298845410346985,282.07525634765625,280.90032958984375,283.14837646484375
0152,5,1,85,0.5120481927710844,0.004235387911704619,166,21,6,9,1134,0.14638447971781304,0.501047668936616,0.612339011217283,0.518932874354561,0.5117056856187291,0.6137931034482759,0.5150375939849624,0.4916698932647705,0.9999685287475586,0.8005900382995605,0.9964007139205933,0.323062539100647,81.61720275878906,0.6271831393241882,0.4342506527900696,-0.46800991892814636,1.6278308629989624,-0.07667171955108643,0.07667171955108643,270.85284423828125,264.775390625,275.3506774902344
0152,6,1,74,0.9487179487179487,0.0036953807740324595,78,4,7,7,196,0.3979591836734694,0.5013292170482806,0.6679045092838196,0.6269037979564295,0.4983277591973244,0.6620689655172414,0.6240601503759399,0.3077647387981415,0.602851927280426,0.41244393587112427,0.470255047082901,0.13021320104599,24.00564956665039,0.07406091690063477,0.11410018056631088,-0.11020468175411224,0.371465265750885,-0.2913333773612976,0.2913333773612976,296.8136291503906,293.7005310058594,299.5730285644531
0152,7,0,0,0.0,0.0,25,7,3,3,63,0.3968253968253968,0.5550501672240803,0.616,0.518045112781955,0.5551839464882943,0.6172413793103448,0.518796992481203,0.27102506160736084,0.5174410343170166,0.3537733554840088,0.3965074121952057,0.11669978499412537,6.775626182556152,1.0941319465637207,0.1457689106464386,0.8269439339637756,1.3268812894821167,-0.019745945930480957,0.019745945930480957,280.6747131347656,278.11688232421875,282.8161926269531
0152,8,1,112,0.6588235294117647,0.005580190324348562,170,13,7,8,728,0.23351648351648352,0.5790478064135353,0.22547667342799188,0.5250331711632021,0.5719063545150501,0.22758620689655173,0.5300751879699248,0.5233690142631531,0.9999595880508423,0.75892174243927,0.9927123785018921,0.29277271032333374,88.97273254394531,0.04502024129033089,0.28016334772109985,-0.6056081652641296,0.6294736266136169,-0.1438327543437481,0.1438327543437481,232.6326446533203,228.24110412597656,237.01898193359375
0152,9,0,0,0.0,0.0,63,4,6,7,168,0.375,0.57785209959123,0.6499726327312534,0.5930301945339539,0.5785953177257525,0.6482758620689655,0.5902255639097744,0.5935813188552856,0.9993483424186707,0.9417840838432312,0.9892875552177429,0.33267173171043396,37.39562225341797,0.6848878860473633,0.129509836435318,0.40286877751350403,0.9143208861351013,-0.1108471155166626,0.1108471155166626,301.0225830078125,297.5735168457031,303.9029541015625
0156,1,1,307,0.6602150537634408,0.4174031271244052,465,10,18,24,4320,0.1076388888888889,0.45486388319487897,0.582461994809047,0.5678632064031046,0.44816053511705684,0.5724137931034483,0.5639097744360902,0.7624011635780334,1.0,0.999980092048645,0.9999997615814209,0.30572593212127686,354.51654052734375,1.313294529914856,0.26988694071769714,0.5029895305633545,1.8198069334030151,-0.2346717119216919,0.2346717119216919,264.82452392578125,252.24789428710938,274.003662109375
0156,2,0,0,0.0,0.0,1,1,1,1,1,1.0,0.46153846153846156,0.4827586206896552,0.5112781954887218,0.46153846153846156,0.4827586206896552,0.5112781954887218,0.10247635841369629,0.10247635841369629,0.10247635841369629,0.10247635841369629,0.0,0.10247635841369629,1.4064584970474243,0.0,1.4064584970474243,1.4064584970474243,0.0016423463821411133,0.0016423463821411133,239.6184539794922,239.6184539794922,239.6184539794922
0156,3,0,0,0.0,0.0,2,2,1,1,2,1.0,0.49665551839464883,0.41724137931034483,0.42857142857142855,0.49498327759197325,0.41724137931034483,0.42857142857142855,0.32535886764526367,0.3471710979938507,0.336264967918396,0.34280863404273987,0.02181224524974823,0.6507177352905273,2.093878746032715,0.08390414714813232,2.009974718093872,2.1777830123901367,-0.3197815418243408,0.3197815418243408,223.57859802246094,223.2442626953125,223.91293334960938
0156,4,0,0,0.0,0.0,6,3,3,1,9,0.6666666666666666,0.4983277591973244,0.49252873563218397,0.5,0.5016722408026756,0.49310344827586206,0.5,0.13827963173389435,0.19658274948596954,0.15005196630954742,0.17678682506084442,0.030276000499725342,0.8296777606010437,1.0165263414382935,0.16745363175868988,0.7303048372268677,1.1951825618743896,-0.32892847061157227,0.32892847061157227,246.152099609375,245.05917358398438,247.4388885498047
0156,5,0,0,0.0,0.0,2,2,1,1,2,1.0,0.5033444816053512,0.41724137931034483,0.4323308270676692,0.5050167224080268,0.41724137931034483,0.4323308270676692,0.13299190998077393,0.1653168946504593,0.1491544097661972,0.15885189175605774,0.032324980944395065,0.26598381996154785,2.2687950134277344,0.07321274280548096,2.195582389831543,2.342007875442505,-0.17038965225219727,0.17038965225219727,225.42933654785156,225.0933074951172,225.76536560058594
0156,6,1,540,0.7627118644067796,0.6301050175029171,708,13,12,21,3276,0.21611721611721613,0.5599266859399505,0.622457627118644,0.5392241196210866,0.5451505016722408,0.6068965517241379,0.5112781954887218,0.8727498054504395,1.0,0.9999986886978149,0.9999998807907104,0.2567824125289917,617.9068603515625,0.9056468605995178,0.3859728276729584,-0.031162621453404427,1.9105757474899292,-0.598756730556488,0.598756730556488,285.5531921386719,273.1043701171875,292.4397277832031
0159,1,1,25359,0.7838706686037525,0.827441063708296,32351,34,85,67,193630,0.16707638279192275,0.37475169154722104,0.5898719753906237,0.373148684204716,0.3377926421404682,0.5379310344827586,0.3157894736842105,0.8447178602218628,1.0,0.9999875426292419,0.999998927116394,0.2724809944629669,27327.466796875,0.49416056275367737,0.46562671661376953,-0.6703657507896423,1.931142807006836,-0.2794829308986664,0.2794829308986664,228.26280212402344,183.14202880859375,273.6311340332031
0159,2,1,8,0.8888888888888888,0.0005526197630642765,9,3,2,3,18,0.5,0.3734671125975474,0.553256704980843,0.47869674185463656,0.3745819397993311,0.5551724137931034,0.4774436090225564,0.14745959639549255,0.214310884475708,0.1841234564781189,0.19532577693462372,0.03786846995353699,1.3271363973617554,1.1734023094177246,0.09098795801401138,1.0286825895309448,1.337990164756775,-0.3607137203216553,0.3607137203216553,233.77511596679688,232.96566772460938,234.67849731445312
0159,3,0,0,0.0,0.0,15,3,3,3,27,0.5555555555555556,0.41583054626532884,0.5974712643678162,0.34962406015037595,0.41471571906354515,0.596551724137931,0.34962406015037595,0.40054500102996826,0.8501589298248291,0.4743309020996094,0.7733132243156433,0.22263482213020325,6.008174896240234,0.702431857585907,0.1409049779176712,0.4438372850418091,0.9471839070320129,-0.4069421887397766,0.4069421887397766,233.19482421875,232.21542358398438,234.49520874023438
0159,4,0,0,0.0,0.0,4,2,2,1,4,1.0,0.4230769230769231,0.6637931034482759,0.5112781954887218,0.4214046822742475,0.6620689655172414,0.5112781954887218,0.173029363155365,0.19463662803173065,0.18621984124183655,0.1912699192762375,0.023256223648786545,0.69211745262146,0.8547152280807495,0.1177486702799797,0.6944573521614075,1.013856291770935,-0.28312528133392334,0.28312528133392334,267.9716796875,267.374267578125,268.56842041015625
0159,5,0,0,0.0,0.0,3,1,2,2,4,0.75,0.43478260869565216,0.6436781609195402,0.5363408521303258,0.43478260869565216,0.6448275862068965,0.5375939849624061,0.15206767618656158,0.18794965744018555,0.174763023853302,0.18267500400543213,0.03385384380817413,0.45620304346084595,1.1223273277282715,0.05953938141465187,1.0432595014572144,1.1869335174560547,-0.2026536464691162,0.2026536464691162,268.9973449707031,268.71173095703125,269.4049072265625
0159,6,0,0,0.0,0.0,4,2,2,1,4,1.0,0.4397993311036789,0.653448275862069,0.5300751879699248,0.43812709030100333,0.6517241379310345,0.5300751879699248,0.2746541500091553,0.5505741834640503,0.35859522223472595,0.4737825393676758,0.1743858903646469,1.098616600036621,0.7027770280838013,0.12889337539672852,0.5536370277404785,0.8747769594192505,-0.44036877155303955,0.44036877155303955,270.8280029296875,270.2332458496094,271.42218017578125
0159,7,0,0,0.0,0.0,13,3,3,3,27,0.48148148148148145,0.4888088500128634,0.28567639257294425,0.5378831694621168,0.4882943143812709,0.28620689655172415,0.5375939849624061,0.24783481657505035,0.4664168357849121,0.2729581594467163,0.42682453989982605,0.10817864537239075,3.2218525409698486,1.01750910282135,0.1425681859254837,0.7495323419570923,1.2363044023513794,-0.31446588039398193,0.31446588039398193,221.33607482910156,219.92953491210938,222.55111694335938
0159,8,1,1257,0.6944751381215469,0.08174546400468231,1810,20,30,28,16800,0.10773809523809524,0.5114821042517416,0.6867365212421414,0.5498982262285548,0.4983277591973244,0.7068965517241379,0.5601503759398496,0.7821870446205139,0.9999967813491821,0.9997655749320984,0.9999698996543884,0.2986988127231598,1415.758544921875,0.3932204246520996,0.3121277391910553,-0.5051281452178955,1.268487811088562,-0.22019904851913452,0.22019904851913452,291.2870178222656,283.5224914550781,299.5496520996094
0159,9,0,0,0.0,0.0,27,3,5,4,60,0.45,0.5358602749907098,0.6962962962962963,0.49122807017543857,0.5351170568561873,0.6931034482758621,0.48872180451127817,0.23709477484226227,0.5443823933601379,0.3460152745246887,0.49141767621040344,0.14214837551116943,6.401558876037598,0.80739426612854,0.13152268528938293,0.579201340675354,1.044372797012329,-0.31822752952575684,0.31822752952575684,289.5555419921875,287.786376953125,291.1357116699219
0160,1,1,14180,0.8204594109818897,0.8663510004582251,17283,31,62,39,74958,0.23056911870647562,0.3246558728797311,0.4627959243640753,0.4573963080574474,0.3058823529411765,0.44313725490196076,0.4392156862745098,0.863200306892395,1.0,0.9999980926513672,0.9999997615814209,0.2592081129550934,14918.69140625,1.111085057258606,0.6653270721435547,-0.2544104754924774,4.628893852233887,-0.6141940355300903,0.6141940355300903,186.48687744140625,168.0267791748047,204.57272338867188
0160,2,1,5,1.0,0.0006469560716827327,5,1,2,3,6,0.8333333333333334,0.29411764705882354,0.42901960784313725,0.632156862745098,0.29411764705882354,0.42745098039215684,0.6313725490196078,0.12916859984397888,0.15277168154716492,0.138372540473938,0.14701202511787415,0.01690308377146721,0.6458430290222168,0.428949773311615,0.15251050889492035,0.2445029765367508,0.592230498790741,-0.20964449644088745,0.20964449644088745,209.117431640625,207.98316955566406,210.047607421875
0160,3,0,0,0.0,0.0,6,2,4,1,8,0.75,0.35947712418300654,0.3836601307189542,0.48627450980392156,0.3607843137254902,0.3803921568627451,0.48627450980392156,0.20210446417331696,0.32479217648506165,0.2777835726737976,0.32228755950927734,0.0851718932390213,1.2126268148422241,1.1087822914123535,0.39832213521003723,0.4410446286201477,1.7412432432174683,-0.6362406015396118,0.6362406015396118,183.127197265625,182.32115173339844,183.91845703125
0160,4,0,0,0.0,0.0,1,1,1,1,1,1.0,0.3686274509803922,0.5215686274509804,0.396078431372549,0.3686274509803922,0.5215686274509804,0.396078431372549,0.10210157930850983,0.10210157930850983,0.10210157930850983,0.10210157930850983,0.0,0.10210157930850983,1.45399010181427,0.0,1.45399010181427,1.45399010181427,-0.022047996520996094,0.022047996520996094,192.1327667236328,192.1327667236328,192.1327667236328
0160,5,1,198,0.7443609022556391,0.025194045043898716,266,9,9,14,1134,0.2345679012345679,0.3948547840188707,0.5585434173669467,0.6752321981424149,0.39215686274509803,0.5529411764705883,0.6666666666666666,0.7606065273284912,0.9999961853027344,0.9997847080230713,0.9999822974205017,0.30696624517440796,202.3213348388672,0.8494738936424255,0.5886958837509155,-0.2544104754924774,2.0436148643493652,-0.5539547801017761,0.5539547801017761,245.5227813720703,237.5247344970703,250.80072021484375
0160,6,0,0,0.0,0.0,70,6,6,8,288,0.24305555555555555,0.43652661064425774,0.5303081232492998,0.6126610644257703,0.4392156862745098,0.5294117647058824,0.6078431372549019,0.8342695236206055,0.9999939799308777,0.9997504949569702,0.9999754428863525,0.2530460059642792,58.398868560791016,2.143613815307617,0.27769672870635986,1.5295830965042114,2.5878841876983643,-0.4675576686859131,0.4675576686859131,235.187744140625,232.58116149902344,238.564453125
0163,1,0,0,0.0,0.0,4,2,2,1,4,1.0,0.24509803921568626,0.4176470588235294,0.36470588235294116,0.24313725490196078,0.41568627450980394,0.36470588235294116,0.16439630091190338,0.2201593518257141,0.18813563883304596,0.20734986662864685,0.04183331876993179,0.6575852036476135,1.2008503675460815,0.3508507311344147,0.714411199092865,1.5364714860916138,-0.6514955759048462,0.6514955759048462,154.9962615966797,154.44740295410156,155.54420471191406
0163,2,1,23,0.6764705882352942,0.004686704024452369,34,5,4,4,80,0.425,0.2638985005767013,0.5826989619377163,0.4538638985005767,0.26666666666666666,0.5843137254901961,0.45098039215686275,0.6255890130996704,0.9980370998382568,0.9323376417160034,0.9965774416923523,0.3133309781551361,21.27002716064453,1.3938947916030884,0.49425169825553894,0.28653615713119507,2.0702223777770996,-0.47348904609680176,0.47348904609680176,200.34788513183594,198.8818817138672,201.7845458984375
0163,3,1,7343,0.7281832606108687,0.7392902089101435,10084,61,27,32,52704,0.19133272616879174,0.49301358782307053,0.7340298356550078,0.49131219326286646,0.45098039215686275,0.7176470588235294,0.47058823529411764,0.8163377046585083,1.0,0.9999939203262329,0.9999994039535522,0.29213425517082214,8231.94921875,0.7182350754737854,0.4089888036251068,-0.3556312024593353,2.2984063625335693,-0.35117608308792114,0.35117608308792114,258.62554931640625,237.9537811279297,281.5173034667969
0163,4,1,10,0.07407407407407407,0.002016942315449778,135,9,11,10,990,0.13636363636363635,0.4184168482207698,0.6824981844589688,0.4506318082788671,0.41568627450980394,0.6784313725490196,0.45098039215686275,0.1688224822282791,0.32195717096328735,0.20169028639793396,0.23431669175624847,0.04835163429379463,22.791034698486328,0.6712595820426941,0.25115686655044556,0.13804753124713898,1.2167028188705444,-0.5651851296424866,0.5651851296424866,234.73451232910156,230.045654296875,241.34829711914062
0163,5,1,9,1.0,0.0018386108273748722,9,3,3,2,18,0.5,0.4793028322440087,0.21612200435729848,0.5655773420479303,0.47843137254901963,0.2196078431372549,0.5647058823529412,0.34426015615463257,0.5523120164871216,0.45507973432540894,0.5517705082893372,0.1486455202102661,3.098341464996338,1.2233549356460571,0.3712392747402191,0.5626688599586487,1.717078447341919,-0.5623918771743774,0.5623918771743774,197.5394744873047,196.58331298828125,198.21705627441406
0163,6,0,0,0.0,0.0,4,2,2,1,4,1.0,0.5274509803921569,0.6843137254901961,0.4627450980392157,0.5294117647058824,0.6862745098039216,0.4627450980392157,0.2665773332118988,0.3238985240459442,0.3150123357772827,0.32034406065940857,0.07781239598989487,1.0663093328475952,1.2254732847213745,0.1423279047012329,1.0317071676254272,1.416413426399231,-0.6096271276473999,0.6096271276473999,250.46917724609375,249.84996032714844,251.08763122558594
0163,7,1,1102,0.7059577194106342,0.19432198906718393,1561,15,31,25,11625,0.1342795698924731,0.7334639685470601,0.4932032005627363,0.4066222004496866,0.7333333333333333,0.4980392156862745,0.4235294117647059,0.7391487956047058,1.0,0.9996362328529358,0.9999972581863403,0.31155163049697876,1153.811279296875,1.0412747859954834,0.42463043332099915,0.07404208183288574,2.305943012237549,-0.26003408432006836,0.26003408432006836,249.00827026367188,241.54502868652344,259.1736755371094
0173,1,1,10697,0.7658767093864108,0.79090573012939,13967,61,55,37,124135,0.1125146010391912,0.4291634202188071,0.6742767616103504,0.3788829973172057,0.3333333333333333,0.5843137254901961,0.30980392156862746,0.8419751524925232,1.0,0.999997079372406,0.9999996423721313,0.27557939291000366,11759.8671875,0.40852680802345276,0.33008137345314026,-0.744757890701294,2.032536029815674,-0.21672609448432922,0.21672609448432922,226.332763671875,186.44837951660156,260.8409423828125
0173,2,1,56,0.5384615384615384,0.008493213012815653,104,6,6,5,180,0.5777777777777777,0.3670437405731523,0.5637254901960784,0.2720211161387632,0.36470588235294116,0.5647058823529412,0.27450980392156865,0.7202328443527222,0.9999935626983643,0.9953606128692627,0.9996342658996582,0.29884257912635803,74.90421295166016,0.5040912628173828,0.33110371232032776,-0.23447196185588837,1.2461936473846436,-0.3248620629310608,0.3248620629310608,185.54598999023438,182.72657775878906,188.74586486816406
0173,3,1,713,0.5868312757201646,0.09973422856343545,1215,36,18,34,22032,0.05514705882352941,0.41305898491083676,0.5522181876865973,0.5310546276123618,0.3803921568627451,0.5686274509803921,0.5647058823529412,0.8009235262870789,0.9999972581863403,0.9992376565933228,0.9999427795410156,0.2819223999977112,973.1220703125,1.0868046283721924,0.39102476835250854,-0.08389581739902496,1.9488825798034668,-0.5291624069213867,0.5291624069213867,222.6642303466797,209.44212341308594,232.641357421875
0173,4,0,0,0.0,0.0,1,1,1,1,1,1.0,0.4235294117647059,0.6431372549019608,0.396078431372549,0.4235294117647059,0.6431372549019608,0.396078431372549,0.10646812617778778,0.10646812617778778,0.10646812617778778,0.10646812617778778,0.0,0.10646812617778778,0.7526383996009827,0.0,0.7526383996009827,0.7526383996009827,-0.17706644535064697,0.17706644535064697,221.3097381591797,221.3097381591797,221.3097381591797
0173,5,0,0,0.0,0.0,4,1,3,2,6,0.6666666666666666,0.42745098039215684,0.6313725490196078,0.3862745098039216,0.42745098039215684,0.6313725490196078,0.38823529411764707,0.16779878735542297,0.2087188959121704,0.1739623248577118,0.19481626152992249,0.024217696860432625,0.6711951494216919,0.8425658345222473,0.006936194840818644,0.8362917900085449,0.8530225157737732,-0.14912837743759155,0.14912837743759155,218.4571075439453,217.4948272705078,219.41969299316406
0173,6,1,161,0.6680497925311203,0.024166916841789253,241,8,12,8,768,0.3138020833333333,0.4607110894150191,0.4825319339353999,0.4381580017899276,0.4549019607843137,0.4745098039215686,0.4470588235294118,0.8100913763046265,0.9999994039535522,0.9999033212661743,0.9999902248382568,0.28147637844085693,195.23202514648438,1.0861066579818726,0.31921863555908203,0.2674485743045807,1.6560955047607422,-0.5183484554290771,0.5183484554290771,204.1356658935547,199.23101806640625,208.70314025878906
0173,7,0,0,0.0,0.0,1,1,1,1,1,1.0,0.4470588235294118,0.6549019607843137,0.40784313725490196,0.4470588235294118,0.6549019607843137,0.40784313725490196,0.15407252311706543,0.15407252311706543,0.15407252311706543,0.15407252311706543,0.0,0.15407252311706543,1.0956175327301025,0.0,1.0956175327301025,1.0956175327301025,-0.04775214195251465,0.04775214195251465,227.8815460205078,227.8815460205078,227.8815460205078
0173,8,0,0,0.0,0.0,1,1,1,1,1,1.0,0.47843137254901963,0.4588235294117647,0.44313725490196076,0.47843137254901963,0.4588235294117647,0.44313725490196076,0.10116718709468842,0.10116718709468842,0.10116718709468842,0.10116718709468842,0.0,0.10116718709468842,1.0872522592544556,0.0,1.0872522592544556,1.0872522592544556,-0.25862860679626465,0.25862860679626465,203.9289093017578,203.9289093017578,203.9289093017578
0173,9,0,0,0.0,0.0,1,1,1,1,1,1.0,0.5411764705882353,0.7686274509803922,0.396078431372549,0.5411764705882353,0.7686274509803922,0.396078431372549,0.11082369834184647,0.11082369834184647,0.11082369834184647,0.11082369834184647,0.0,0.11082369834184647,0.2925446629524231,0.0,0.2925446629524231,0.2925446629524231,-0.001742720603942871,0.001742720603942871,260.6492004394531,260.6492004394531,260.6492004394531
0173,10,0,0,0.0,0.0,3,2,1,2,4,0.75,0.54640522875817,0.7254901960784313,0.3712418300653595,0.5490196078431373,0.7254901960784313,0.37254901960784315,0.19701595604419708,0.3094795346260071,0.2442168891429901,0.28337445855140686,0.08541270345449448,0.5910478830337524,0.7414847016334534,0.18809105455875397,0.47658219933509827,0.8948493003845215,-0.21363306045532227,0.21363306045532227,250.7598876953125,250.32179260253906,251.2588348388672
0173,11,1,328,0.6259541984732825,0.048210479900051444,524,17,15,8,2040,0.2568627450980392,0.6029860799281545,0.6308935788055681,0.37348450830713964,0.6,0.6274509803921569,0.37254901960784315,0.7167778015136719,0.9999997615814209,0.9994415640830994,0.9999935626983643,0.3214668333530426,375.591552734375,0.5020772814750671,0.27036407589912415,-0.12572252750396729,1.237828254699707,-0.20346033573150635,0.20346033573150635,242.73001098632812,236.81427001953125,250.58331298828125
0178,1,1,1745,0.689450809956539,0.5577752916733258,2531,20,41,22,18040,0.14029933481152992,0.32417784182025244,0.5021234728581279,0.47874590373486414,0.3176470588235294,0.4549019607843137,0.4627450980392157,0.7663460373878479,0.9999998211860657,0.9995797872543335,0.9999809265136719,0.29699647426605225,1939.621826171875,0.9445571899414062,0.5288068056106567,-0.3591621518135071,2.232679605484009,-0.2899240255355835,0.2899240255355835,195.83543395996094,180.41342163085938,210.77713012695312
0178,2,1,1611,0.7118868758285462,0.5379863082317582,2263,18,27,24,11664,0.19401577503429354,0.3974491608397668,0.6151022848379298,0.6224619410291735,0.3803921568627451,0.6078431372549019,0.6274509803921569,0.843721330165863,0.9999998211860657,0.99993497133255,0.9999936819076538,0.2678515613079071,1909.34130859375,1.2231930494308472,0.2836556136608124,0.005519083701074123,1.9331198930740356,-0.17261278629302979,0.17261278629302979,245.62217712402344,235.78167724609375,255.0215606689453
0178,3,0,0,0.0,0.0,5,2,2,2,8,0.625,0.3749019607843137,0.6180392156862745,0.5458823529411764,0.3764705882352941,0.6196078431372549,0.5450980392156862,0.1744672805070877,0.27464228868484497,0.21068522334098816,0.24905945360660553,0.05927540361881256,0.8723363876342773,0.7036231756210327,0.1226225271821022,0.4874193072319031,0.8651248812675476,-0.46174681186676025,0.46174681186676025,231.400634765625,230.6208953857422,232.32089233398438
0178,4,0,0,0.0,0.0,9,3,2,2,12,0.75,0.4122004357298475,0.5080610021786491,0.6684095860566449,0.4117647058823529,0.5098039215686274,0.6666666666666666,0.1744765341281891,0.22818335890769958,0.21027810871601105,0.216032475233078,0.037650760263204575,1.5702887773513794,1.1748144626617432,0.19778859615325928,0.813027560710907,1.4251710176467896,-0.3721425533294678,0.3721425533294678,238.947998046875,237.83607482910156,239.9791717529297
0178,5,0,0,0.0,0.0,2,1,2,1,2,1.0,0.4196078431372549,0.46862745098039216,0.47843137254901963,0.4196078431372549,0.47058823529411764,0.47843137254901963,0.14745041728019714,0.16410021483898163,0.15577532351016998,0.1607702523469925,0.016649790108203888,0.2949008345603943,0.25298136472702026,0.14326763153076172,0.10971372574567795,0.396248996257782,-1.5227614045143127,1.5227614045143127,202.0604248046875,201.76470947265625,202.3561248779297
0178,6,0,0,0.0,0.0,2,1,2,1,2,1.0,0.47058823529411764,0.6411764705882353,0.7450980392156863,0.47058823529411764,0.6431372549019608,0.7450980392156863,0.100763700902462,0.10111069679260254,0.10093720257282257,0.1010412946343422,0.00034699589014053345,0.201527401804924,0.3832246661186218,0.013024330139160156,0.37020033597946167,0.396248996257782,-0.3252464532852173,0.3252464532852173,278.3404541015625,278.0467529296875,278.6341552734375
0179,1,1,26,0.5652173913043478,0.6753246753246753,46,4,4,4,64,0.71875,0.5306905370843991,0.83384484228474,0.40954816709292413,0.5294117647058824,0.8352941176470589,0.40784313725490196,0.7190150618553162,0.9999997615814209,0.9995001554489136,0.9999978542327881,0.31244155764579773,33.07469177246094,2.078993320465088,0.2708122730255127,1.3602924346923828,2.441540479660034,-0.22746849060058594,0.22746849060058594,273.3229064941406,271.6210632324219,274.9363708496094
0180,1,1,56,0.6588235294117647,0.7671232876712328,85,7,12,3,252,0.3373015873015873,0.6586851211072664,0.4469665513264129,0.4007381776239908,0.6549019607843137,0.4392156862745098,0.403921568627451,0.7347773313522339,0.9999998807907104,0.9998669028282166,0.9999973773956299,0.3357739746570587,62.45607376098633,1.1835134029388428,0.22221815586090088,0.3729175925254822,1.7134785652160645,-0.23313987255096436,0.23313987255096436,228.00962829589844,223.2509765625,232.69937133789062
0181,1,0,0,0.0,0.0,2,2,1,1,2,1.0,0.5313725490196078,0.43137254901960786,0.6431372549019608,0.5294117647058824,0.43137254901960786,0.6431372549019608,0.1394367516040802,0.16539672017097473,0.15241673588752747,0.1602047234773636,0.02595996856689453,0.2788735032081604,1.1935510635375977,0.3572281301021576,0.8363229632377625,1.5507792234420776,-0.5055508613586426,0.5055508613586426,240.0592041015625,239.77488708496094,240.343505859375
0181,2,0,0,0.0,0.0,3,2,2,1,4,0.75,0.5908496732026144,0.46143790849673205,0.6509803921568628,0.592156862745098,0.4627450980392157,0.6509803921568628,0.11829954385757446,0.13341115415096283,0.12521174550056458,0.13013139367103577,0.011848097667098045,0.3548986315727234,1.8599590063095093,0.19264653325080872,1.5883821249008179,2.0145490169525146,-0.25571954250335693,0.25571954250335693,253.7805938720703,253.53697204589844,254.13381958007812
0181,3,0,0,0.0,0.0,1,1,1,1,1,1.0,0.592156862745098,0.4549019607843137,0.6470588235294118,0.592156862745098,0.4549019607843137,0.6470588235294118,0.10125996917486191,0.10125996917486191,0.10125996917486191,0.10125996917486191,0.0,0.10125996917486191,1.6385194063186646,0.0,1.6385194063186646,1.6385194063186646,-0.4517577886581421,0.4517577886581421,252.5569305419922,252.5569305419922,252.5569305419922
0182,1,0,0,0.0,0.0,4,2,2,1,4,1.0,0.4509433962264151,0.6129629629629629,0.5591397849462365,0.4528301886792453,0.6111111111111112,0.5591397849462365,0.13182297348976135,0.15024906396865845,0.147525817155838,0.1491597592830658,0.01787753589451313,0.5272918939590454,0.6920542120933533,0.13012327253818512,0.49485334753990173,0.8396403193473816,-0.10826349258422852,0.10826349258422852,257.3846130371094,256.8287353515625,257.9399108886719
0182,2,1,114,0.41454545454545455,0.2660443407234539,275,23,7,7,1127,0.2440106477373558,0.5062092624356775,0.6072053872053872,0.5522319973932877,0.5056603773584906,0.6074074074074074,0.5483870967741935,0.6425181031227112,1.0,0.9682087898254395,0.9997493028640747,0.3166905343532562,176.69247436523438,0.6460374593734741,0.3193601667881012,-0.184804305434227,1.4798178672790527,0.0011730194091796875,0.0011730194091796875,262.4902038574219,257.001953125,268.840087890625
0182,3,1,31,0.775,0.09967845659163987,40,5,5,4,100,0.4,0.5,0.3931481481481482,0.5431899641577062,0.4981132075471698,0.3925925925925926,0.5412186379928315,0.7132028341293335,0.9999994039535522,0.9983918070793152,0.9999956488609314,0.33016663789749146,28.528112411499023,1.2137115001678467,0.2784203886985779,0.5726504325866699,1.5885564088821411,-0.022389650344848633,0.022389650344848633,228.1653594970703,226.38462829589844,229.86082458496094
0182,4,1,284,0.5536062378167641,0.5187214611872146,513,22,17,21,7854,0.0653170359052712,0.5722829085291845,0.6338459317016822,0.5903009215591747,0.5584905660377358,0.6370370370370371,0.5913978494623656,0.7676310539245605,1.0,0.9999469518661499,0.9999990463256836,0.3156196177005768,393.79473876953125,0.832767903804779,0.2871474623680115,-0.21226319670677185,1.3108547925949097,-0.12361478805541992,0.12361478805541992,282.3717346191406,269.28424072265625,299.2356872558594
0182,5,0,0,0.0,0.0,2,1,2,1,2,1.0,0.539622641509434,0.6648148148148149,0.6129032258064516,0.539622641509434,0.6666666666666666,0.6129032258064516,0.18745601177215576,0.26151639223098755,0.22448620200157166,0.2467043101787567,0.07406038045883179,0.3749120235443115,0.866529643535614,0.07218235731124878,0.7943472862243652,0.9387120008468628,-0.20597225427627563,0.20597225427627563,286.7008972167969,286.3878479003906,287.0139465332031
0182,6,1,5,0.8333333333333334,0.017006802721088437,6,2,3,2,12,0.5,0.5616352201257861,0.6734567901234568,0.5824372759856631,0.5622641509433962,0.674074074074074,0.5842293906810035,0.31036674976348877,0.5369076728820801,0.47825369238853455,0.5322951078414917,0.171960711479187,1.8622004985809326,1.151313304901123,0.030570125207304955,1.118585228919983,1.2026457786560059,-0.1763070821762085,0.1763070821762085,286.2172546386719,285.4908142089844,286.7629699707031
0182,7,0,0,0.0,0.0,5,2,2,2,8,0.625,0.5615094339622642,0.6948148148148148,0.5397849462365591,0.5622641509433962,0.6925925925925925,0.5412186379928315,0.17007362842559814,0.29919368028640747,0.18385283648967743,0.2530573308467865,0.06997697055339813,0.8503681421279907,1.0519005060195923,0.05326935276389122,0.9604546427726746,1.1218109130859375,-0.33320415019989014,0.33320415019989014,283.39837646484375,282.78790283203125,283.9806213378906
0185,1,0,0,0.0,0.0,15,3,4,3,36,0.4166666666666667,0.2627450980392157,0.4572549019607843,0.46326797385620916,0.2627450980392157,0.4549019607843137,0.4627450980392157,0.1945815533399582,0.3503952622413635,0.22952060401439667,0.25337037444114685,0.06382009387016296,2.9187233448028564,0.7134628295898438,0.3391069769859314,0.16303390264511108,1.2425286769866943,-0.6524018049240112,0.6524018049240112,179.37643432617188,177.58941650390625,180.85629272460938
0185,2,1,173,0.7393162393162394,0.046467902229384905,234,7,10,7,490,0.4775510204081633,0.2788503435562259,0.47571644042232275,0.485771744595274,0.2784313725490196,0.4745098039215686,0.48627450980392156,0.7801465392112732,0.9999998807907104,0.999959409236908,0.9999977946281433,0.3084964454174042,182.55429077148438,1.0648307800292969,0.47646069526672363,0.23280656337738037,2.070439100265503,-0.38521111011505127,0.38521111011505127,187.789306640625,183.58103942871094,191.91143798828125
0185,3,1,1616,0.7530288909599254,0.3453729429365249,2146,26,28,21,15288,0.1403715332286761,0.3263472397346637,0.5658297242475742,0.46161029183341556,0.30980392156862746,0.5490196078431373,0.4627450980392157,0.8467042446136475,1.0,0.9999948143959045,0.9999994039535522,0.2684146463871002,1817.02734375,0.7723506093025208,0.44111546874046326,-0.2033897489309311,2.065032958984375,-0.287820041179657,0.287820041179657,204.52870178222656,193.66207885742188,216.3723602294922
0185,4,1,3073,0.7773842651151025,0.5504702194357367,3953,20,34,24,16320,0.24221813725490196,0.3295635481614857,0.61700669136868,0.5213067265864099,0.3058823529411765,0.5725490196078431,0.5411764705882353,0.8650790452957153,1.0,0.9999983906745911,0.9999996423721313,0.2590135633945465,3419.657470703125,0.5512786507606506,0.403389036655426,-0.1488761603832245,1.973949670791626,-0.3589014410972595,0.3589014410972595,223.00595092773438,211.16107177734375,234.92552185058594
0185,5,0,0,0.0,0.0,96,7,7,5,245,0.39183673469387753,0.36364379084967324,0.5759803921568627,0.38443627450980394,0.3568627450980392,0.5725490196078431,0.3843137254901961,0.5323095321655273,0.9886394739151001,0.7604952454566956,0.9511569738388062,0.2838493585586548,51.101715087890625,0.6779245734214783,0.2985823452472687,0.21268801391124725,1.402151107788086,-0.4963228106498718,0.4963228106498718,199.9264373779297,196.47137451171875,203.7572021484375
0185,6,1,1565,0.5520282186948854,0.3115357818254205,2835,20,25,33,16500,0.17181818181818181,0.4868637825500571,0.7301144655393021,0.5291240446796003,0.49411764705882355,0.7098039215686275,0.5019607843137255,0.7470100522041321,0.9999997615814209,0.9993939399719238,0.9999721050262451,0.3124242424964905,2117.7734375,0.3545317053794861,0.3174138367176056,-0.28076934814453125,1.344552755355835,-0.22734153270721436,0.22734153270721436,261.8938903808594,241.73745727539062,274.9163513183594
0185,7,0,0,0.0,0.0,1,1,1,1,1,1.0,0.4745098039215686,0.6941176470588235,0.49019607843137253,0.4745098039215686,0.6941176470588235,0.49019607843137253,0.10592822730541229,0.10592822730541229,0.10592822730541229,0.10592822730541229,0.0,0.10592822730541229,0.4321386218070984,0.0,0.4321386218070984,0.4321386218070984,-0.20936810970306396,0.20936810970306396,248.67247009277344,248.67247009277344,248.67247009277344
0185,8,0,0,0.0,0.0,4,2,2,2,8,0.5,0.4843137254901961,0.6617647058823529,0.48137254901960785,0.48627450980392156,0.6627450980392157,0.47843137254901963,0.18816816806793213,0.1959940642118454,0.1908452808856964,0.19393454492092133,0.005064272787421942,0.7526726722717285,0.8833727836608887,0.0796055942773819,0.7523518800735474,0.958253026008606,-0.5301673412322998,0.5301673412322998,242.9913787841797,242.34066772460938,243.5467071533203
0185,9,0,0,0.0,0.0,1,1,1,1,1,1.0,0.49019607843137253,0.6627450980392157,0.4745098039215686,0.49019607843137253,0.6627450980392157,0.4745098039215686,0.10917250066995621,0.10917250066995621,0.10917250066995621,0.10917250066995621,0.0,0.10917250066995621,0.8192694783210754,0.0,0.8192694783210754,0.8192694783210754,-0.3703625798225403,0.3703625798225403,243.05966186523438,243.05966186523438,243.05966186523438
0185,10,1,194,0.3211920529801324,0.0496417604912999,604,12,13,13,2028,0.2978303747534517,0.5474613686534217,0.725646019997403,0.5067718478119724,0.5490196078431373,0.7176470588235294,0.4980392156862745,0.7166720032691956,0.9999921917915344,0.9969921112060547,0.9997976422309875,0.3091694414615631,432.869873046875,0.392716646194458,0.29484689235687256,-0.37019801139831543,1.160858154296875,-0.11402785778045654,0.11402785778045654,265.9339904785156,259.3569030761719,272.5912780761719
0185,11,0,0,0.0,0.0,70,5,5,6,150,0.4666666666666667,0.7062745098039216,0.5449299719887956,0.48179271708683474,0.7058823529411765,0.5450980392156862,0.4823529411764706,0.4366680085659027,0.9155676960945129,0.6039478778839111,0.8227221369743347,0.23097674548625946,30.566761016845703,0.7709773182868958,0.36039668321609497,0.16271066665649414,1.467146396636963,-0.4442071318626404,0.4442071318626404,259.2356262207031,256.84429931640625,261.6581726074219
0185,12,0,0,0.0,0.0,1,1,1,1,1,1.0,0.7019607843137254,0.5568627450980392,0.48627450980392156,0.7019607843137254,0.5568627450980392,0.48627450980392156,0.1205069050192833,0.1205069050192833,0.1205069050192833,0.1205069050192833,0.0,0.1205069050192833,0.8767629861831665,0.0,0.8767629861831665,0.8767629861831665,-0.14222478866577148,0.14222478866577148,260.65301513671875,260.65301513671875,260.65301513671875
0189,1,0,0,0.0,0.0,76,6,7,6,252,0.30158730158730157,0.37966976264189883,0.5479876160990712,0.4884416924664603,0.3803921568627451,0.5490196078431373,0.4823529411764706,0.3890811502933502,0.9245462417602539,0.5530565977096558,0.7522345781326294,0.23108580708503723,29.570167541503906,0.721411406993866,0.33876141905784607,-0.007276076357811689,1.9087520837783813,-0.17525291442871094,0.17525291442871094,211.21478271484375,209.16261291503906,214.0677490234375
0194,1,1,228,0.742671009771987,0.09993425378040763,307,8,8,10,640,0.4796875,0.2816248323433608,0.6460241425560452,0.5094590279108386,0.28627450980392155,0.6470588235294118,0.5098039215686274,0.8192973732948303,1.0,0.9999929666519165,0.9999992251396179,0.29346123337745667,251.5242919921875,0.9060514569282532,0.540356457233429,-0.15470528602600098,2.3778722286224365,-0.6046903729438782,0.6046903729438782,222.09371948242188,218.4353485107422,225.95132446289062
0194,2,1,105,0.5585106382978723,0.047254725472547256,188,7,10,6,420,0.44761904761904764,0.31032540675844805,0.7110346266166041,0.5239048811013767,0.3137254901960784,0.7098039215686275,0.5215686274509804,0.7436067461967468,0.9999997615814209,0.9998853206634521,0.9999960660934448,0.30835869908332825,139.79806518554688,0.8236538767814636,0.4083684980869293,0.07411816716194153,1.644806981086731,-0.41987985372543335,0.41987985372543335,239.0596923828125,235.07232666015625,242.2498779296875
0194,3,1,485,0.7090643274853801,0.19635627530364372,684,13,10,12,1560,0.43846153846153846,0.3391239536750373,0.7099529870427703,0.45202385047586285,0.3333333333333333,0.7058823529411765,0.4470588235294118,0.7946524024009705,1.0,0.999988317489624,0.9999992847442627,0.2987469732761383,543.542236328125,0.7654604315757751,0.43582335114479065,0.04361946880817413,1.876463770866394,-0.5121404528617859,0.5121404528617859,231.79412841796875,226.52593994140625,236.38951110839844
0194,4,1,2485,0.6336053034166241,0.6077280508681829,3922,34,31,25,26350,0.148842504743833,0.45817260101388846,0.7909789923108458,0.5108368079511254,0.45098039215686275,0.788235294117647,0.5058823529411764,0.7946926355361938,1.0,0.9999892711639404,0.9999993443489075,0.2955857515335083,3116.784423828125,0.5052027106285095,0.35362568497657776,-0.3135121762752533,1.809104084968567,-0.296678364276886,0.296678364276886,267.55438232421875,248.3002166748047,285.3857116699219
0194,5,0,0,0.0,0.0,7,3,2,2,12,0.5833333333333334,0.41848739495798315,0.7910364145658264,0.5316526610644258,0.4196078431372549,0.792156862745098,0.5333333333333333,0.18367663025856018,0.22935983538627625,0.20164161920547485,0.21289491653442383,0.03582841530442238,1.2857364416122437,0.8276849985122681,0.14827820658683777,0.5901980996131897,1.064764380455017,-0.3662834167480469,0.3662834167480469,265.8409729003906,265.22821044921875,266.39068603515625
0194,6,0,0,0.0,0.0,8,3,2,2,12,0.6666666666666666,0.4985294117647059,0.8014705882352942,0.5308823529411765,0.4980392156862745,0.8,0.5294117647058824,0.13385841250419617,0.21226465702056885,0.15602827072143555,0.18380077183246613,0.03792871534824371,1.0708673000335693,0.6999334096908569,0.19865943491458893,0.30373409390449524,0.9542489051818848,-0.45037078857421875,0.45037078857421875,276.6084899902344,275.6265563964844,277.7804870605469
0194,7,0,0,0.0,0.0,2,1,1,2,2,1.0,0.49411764705882355,0.8156862745098039,0.5470588235294118,0.49411764705882355,0.8156862745098039,0.5450980392156862,0.16384372115135193,0.19245928525924683,0.17815150320529938,0.18673616647720337,0.028615564107894897,0.32768744230270386,0.8134048581123352,0.04235333204269409,0.7710515260696411,0.8557581901550293,-0.25880593061447144,0.25880593061447144,280.80853271484375,280.5601501464844,281.05694580078125
0194,8,0,0,0.0,0.0,2,1,2,1,2,1.0,0.4980392156862745,0.7705882352941177,0.4823529411764706,0.4980392156862745,0.7686274509803922,0.4823529411764706,0.1299501210451126,0.14609761536121368,0.13802386820316315,0.14286811649799347,0.016147494316101074,0.2599002420902252,0.04866289719939232,0.04155830666422844,0.007104592863470316,0.09022120386362076,-0.3967778719961643,0.3967778719961643,264.81195068359375,264.44091796875,265.1829528808594
0194,9,1,6,1.0,0.0028155795401220087,6,3,3,1,9,0.6666666666666666,0.6542483660130719,0.5810457516339869,0.4549019607843137,0.6509803921568628,0.5803921568627451,0.4549019607843137,0.31152212619781494,0.5111076235771179,0.4367919862270355,0.5000402927398682,0.13695044815540314,1.8691327571868896,2.195963144302368,0.1741320937871933,1.832105040550232,2.3879377841949463,-0.7110936641693115,0.7110936641693115,252.1469268798828,251.49354553222656,252.82603454589844
0194,10,1,183,0.7922077922077922,0.08156897704479608,231,7,9,8,504,0.4583333333333333,0.7273915626856804,0.6368389780154486,0.5113148289618878,0.7254901960784313,0.6313725490196078,0.5137254901960784,0.8297685384750366,1.0,0.9999849796295166,0.9999994039535522,0.2837761342525482,191.67652893066406,0.7556617856025696,0.5152907967567444,-0.07663492858409882,1.94124436378479,-0.3375917077064514,0.3375917077064514,279.5630187988281,276.3258972167969,283.1889953613281
0197,1,1,21,0.8076923076923077,0.8235294117647058,26,4,4,2,32,0.8125,0.48823529411764705,0.4229260935143288,0.551131221719457,0.49019607843137253,0.4235294117647059,0.5529411764705883,0.9042617082595825,0.9999997019767761,0.9999836087226868,0.9999990463256836,0.1760842502117157,23.510805130004883,1.5980453491210938,0.17949055135250092,1.1643908023834229,1.8361061811447144,-0.2137972116470337,0.2137972116470337,217.1031036376953,215.46461486816406,218.84011840820312
0199,1,1,2012,0.712212389380531,0.20659205257213267,2825,19,19,27,9747,0.2898327690571458,0.5768301231997224,0.6176324830817282,0.7250501474926253,0.5882352941176471,0.615686274509804,0.7333333333333333,0.825881838798523,0.9999998807907104,0.9999773502349854,0.9999953508377075,0.27955347299575806,2333.1162109375,0.7112568616867065,0.6994672417640686,-0.6735014319419861,3.2414867877960205,-0.1515495777130127,0.1515495777130127,284.5375671386719,274.71258544921875,292.3149108886719
0199,2,0,0,0.0,0.0,1,1,1,1,1,1.0,0.5725490196078431,0.596078431372549,0.7686274509803922,0.5725490196078431,0.596078431372549,0.7686274509803922,0.11494298279285431,0.11494298279285431,0.11494298279285431,0.11494298279285431,0.0,0.11494298279285431,0.13944336771965027,0.0,0.13944336771965027,0.13944336771965027,-0.2503620982170105,0.2503620982170105,288.3210144042969,288.3210144042969,288.3210144042969
0199,3,1,10866,0.8180996837825628,0.7259729413729747,13282,35,50,27,47250,0.2811005291005291,0.6940270039652663,0.43671281492569924,0.5468908237892356,0.6627450980392157,0.38823529411764707,0.5725490196078431,0.8470283150672913,0.9999998211860657,0.9999760389328003,0.999994158744812,0.2649226784706116,11250.23046875,0.5227552056312561,0.7788614630699158,-0.8089655041694641,4.027711391448975,-0.36421287059783936,0.36421287059783936,252.39974975585938,234.25840759277344,270.80621337890625
0199,4,1,1812,0.8064085447263017,0.19174603174603175,2247,20,21,20,8400,0.2675,0.6963899578522997,0.5706589177727165,0.6016370411092786,0.6980392156862745,0.5843137254901961,0.6039215686274509,0.8378877639770508,0.9999995827674866,0.9999734163284302,0.9999926090240479,0.2747836112976074,1882.7337646484375,0.13719792664051056,0.48930540680885315,-0.7437469363212585,1.6818517446517944,-0.3520078808069229,0.3520078808069229,276.8439025878906,268.9944152832031,286.9860534667969
0199,5,0,0,0.0,0.0,6,2,2,3,12,0.5,0.6947712418300653,0.5470588235294118,0.54640522875817,0.6941176470588235,0.5450980392156862,0.5450980392156862,0.145644411444664,0.19911450147628784,0.16788536310195923,0.18370157480239868,0.034894123673439026,0.8738664388656616,-0.12896712124347687,0.26060721278190613,-0.5022575855255127,0.1441403180360794,-0.40090347826480865,0.40090347826480865,265.7406921386719,265.19049072265625,266.3869323730469
0199,6,1,141,0.88125,0.016772735383334323,160,5,10,8,400,0.4,0.7447058823529412,0.42110294117647057,0.651985294117647,0.7450980392156863,0.4117647058823529,0.6470588235294118,0.4550483822822571,0.9795554876327515,0.7048349380493164,0.9192320704460144,0.27640148997306824,72.8077392578125,-0.15172022581100464,0.3740154206752777,-0.7183266282081604,0.9027109146118164,-0.3515543043613434,0.3515543043613434,274.9964904785156,272.45550537109375,277.6688537597656
0199,7,1,468,0.59846547314578,0.05368511614568397,782,8,14,18,2016,0.3878968253968254,0.7521889574244021,0.42901559600822425,0.47964495261020007,0.7529411764705882,0.42745098039215684,0.5019607843137255,0.6667183637619019,0.999994695186615,0.9720196723937988,0.9982371926307678,0.3109267055988312,521.373779296875,-0.24859771132469177,0.3178905248641968,-0.6708217859268188,0.9372813701629639,-0.33704546093940735,0.33704546093940735,253.2242431640625,246.01219177246094,259.82110595703125
0199,8,0,0,0.0,0.0,28,4,6,4,96,0.2916666666666667,0.7595238095238095,0.36050420168067226,0.5470588235294118,0.7568627450980392,0.3607843137254902,0.5450980392156862,0.34191885590553284,0.7085970044136047,0.5309755802154541,0.65787672996521,0.20678718388080597,9.57372760772705,-0.10272855311632156,0.3297266364097595,-0.7488255500793457,0.44538944959640503,-0.36055485159158707,0.36055485159158707,256.5410461425781,255.062744140625,257.8003234863281
0199,9,0,0,0.0,0.0,1,1,1,1,1,1.0,0.7529411764705882,0.44313725490196076,0.611764705882353,0.7529411764705882,0.44313725490196076,0.611764705882353,0.15268927812576294,0.15268927812576294,0.15268927812576294,0.15268927812576294,0.0,0.15268927812576294,-0.201091468334198,0.0,-0.201091468334198,-0.201091468334198,-0.22833668440580368,0.22833668440580368,272.6792907714844,272.6792907714844,272.6792907714844
0203,1,0,0,0.0,0.0,17,5,3,2,30,0.5666666666666667,0.33217993079584773,0.3847750865051903,0.44936562860438295,0.32941176470588235,0.3843137254901961,0.45098039215686275,0.3633078932762146,0.6656947135925293,0.5231692790985107,0.6578553318977356,0.18113812804222107,6.176234245300293,2.4308249950408936,0.26787498593330383,1.835668921470642,2.757343053817749,-0.5804882049560547,0.5804882049560547,173.50570678710938,172.1336669921875,174.9142608642578
0203,2,0,0,0.0,0.0,292,13,15,6,1170,0.24957264957264957,0.3520816545796401,0.6151625033575074,0.5879129734085415,0.3333333333333333,0.596078431372549,0.596078431372549,0.8184671401977539,1.0,0.9999146461486816,0.9999908804893494,0.2774377167224884,238.99240112304688,2.0366859436035156,0.5868150591850281,0.07298607379198074,2.836097240447998,-0.6093676090240479,0.6093676090240479,235.24697875976562,229.84559631347656,240.9356689453125
0203,3,0,0,0.0,0.0,3,1,2,2,4,0.75,0.3333333333333333,0.6130718954248366,0.5895424836601307,0.3333333333333333,0.611764705882353,0.5882352941176471,0.11690355092287064,0.12579701840877533,0.12498359382152557,0.12547165155410767,0.011446190066635609,0.3507106602191925,1.9005098342895508,0.0839410275220871,1.7912921905517578,1.9954023361206055,-0.23259401321411133,0.23259401321411133,233.31646728515625,232.87765502929688,233.5487060546875
0203,4,0,0,0.0,0.0,2,2,1,1,2,1.0,0.3392156862745098,0.611764705882353,0.596078431372549,0.3411764705882353,0.611764705882353,0.596078431372549,0.1483737826347351,0.17460255324840546,0.16148816049098969,0.1693567931652069,0.026228774338960648,0.2967475652694702,2.3743085861206055,0.0016672611236572266,2.3726413249969482,2.3759758472442627,-0.15529823303222656,0.15529823303222656,234.7263641357422,234.53997802734375,234.91275024414062
0203,5,0,0,0.0,0.0,12,3,4,3,36,0.3333333333333333,0.3604575163398693,0.6372549019607843,0.5990196078431372,0.3607843137254902,0.6392156862745098,0.596078431372549,0.24862448871135712,0.5748534798622131,0.30453842878341675,0.38822221755981445,0.13014863431453705,2.9834938049316406,2.362093687057495,0.08765638619661331,2.2146799564361572,2.481672525405884,-0.21158337593078613,0.21158337593078613,241.60748291015625,240.82566833496094,242.17555236816406
0203,6,0,0,0.0,0.0,48,4,3,7,84,0.5714285714285714,0.4411764705882353,0.5406862745098039,0.7185457516339869,0.4392156862745098,0.5411764705882353,0.7215686274509804,0.4595920145511627,0.771518349647522,0.6002845764160156,0.6779942512512207,0.1874413788318634,22.06041717529297,1.030961036682129,0.32963383197784424,0.22664324939250946,1.637733817100525,-0.5634208917617798,0.5634208917617798,255.8643035888672,252.85964965820312,258.67547607421875
0203,7,0,0,0.0,0.0,27,4,3,4,48,0.5625,0.4486564996368918,0.536964415395788,0.6697167755991286,0.4470588235294118,0.5372549019607843,0.6666666666666666,0.394065797328949,0.8160678148269653,0.560340404510498,0.7189239263534546,0.21479767560958862,10.639776229858398,1.9751358032226562,0.2981533706188202,1.1791836023330688,2.341332197189331,-0.43505120277404785,0.43505120277404785,247.45530700683594,245.61351013183594,249.16661071777344
0203,8,0,0,0.0,0.0,3,2,2,1,4,0.75,0.4496732026143791,0.5071895424836602,0.596078431372549,0.45098039215686275,0.5058823529411764,0.596078431372549,0.2279648631811142,0.3568956255912781,0.26035264134407043,0.318278431892395,0.09116816520690918,0.6838945746421814,2.5043251514434814,0.163997620344162,2.2766523361206055,2.6564581394195557,-0.5329039096832275,0.5329039096832275,230.67323303222656,230.15213012695312,231.2141876220703
0203,9,0,0,0.0,0.0,64,5,5,7,175,0.3657142857142857,0.4552083333333333,0.5260416666666666,0.7231004901960785,0.4627450980392157,0.5254901960784314,0.7294117647058823,0.5398171544075012,0.985626220703125,0.7565600872039795,0.9076330065727234,0.27664172649383545,34.54829788208008,0.9200443029403687,0.42218437790870667,-0.04948016628623009,1.5330983400344849,-0.5648369789123535,0.5648369789123535,256.32647705078125,252.8675537109375,259.5284118652344
0203,10,0,0,0.0,0.0,4,2,2,1,4,1.0,0.44901960784313727,0.5352941176470588,0.6039215686274509,0.45098039215686275,0.5372549019607843,0.6039215686274509,0.2370031327009201,0.3528814911842346,0.2921660542488098,0.3285953104496002,0.08065123856067657,0.9480125308036804,2.396200656890869,0.10939843952655792,2.234957695007324,2.508707046508789,-0.6027977466583252,0.6027977466583252,235.98486328125,235.4506378173828,236.51849365234375
0203,11,0,0,0.0,0.0,10,3,3,2,18,0.5555555555555556,0.46941176470588236,0.5266666666666667,0.6219607843137255,0.47058823529411764,0.5254901960784314,0.6235294117647059,0.38053005933761597,0.6143940091133118,0.5263137817382812,0.5586766004562378,0.1677495390176773,3.80530047416687,1.5779836177825928,0.32525837421417236,1.083674669265747,2.0896999835968018,-0.8391878604888916,0.8391878604888916,240.33255004882812,239.41595458984375,241.1368865966797
0203,12,0,0,0.0,0.0,7,3,2,2,12,0.5833333333333334,0.5092436974789916,0.6252100840336134,0.6022408963585435,0.5098039215686274,0.6235294117647059,0.6039215686274509,0.1910557746887207,0.27903687953948975,0.2431863248348236,0.26578909158706665,0.06294910609722137,1.337390422821045,1.6445419788360596,0.25237998366355896,1.2858428955078125,1.938978910446167,-0.8520526885986328,0.8520526885986328,257.1496276855469,256.614501953125,257.8313293457031
0203,13,0,0,0.0,0.0,11,3,2,3,18,0.6111111111111112,0.5101604278074866,0.6998217468805704,0.6545454545454545,0.5098039215686274,0.6980392156862745,0.6549019607843137,0.14747260510921478,0.18354450166225433,0.16942188143730164,0.18009039759635925,0.028627200052142143,1.6221987009048462,1.4152852296829224,0.19413237273693085,1.0652579069137573,1.7179440259933472,-0.5399106740951538,0.5399106740951538,277.2910461425781,276.4073181152344,278.2552795410156
0203,14,0,0,0.0,0.0,142,7,10,10,700,0.20285714285714285,0.5529964098315382,0.6586578293289147,0.5761668047500691,0.5529411764705883,0.6549019607843137,0.5725490196078431,0.784504234790802,1.0,0.9998985528945923,0.9999990463256836,0.283271461725235,111.39960479736328,2.3126187324523926,0.2178179770708084,1.6633211374282837,2.7740159034729004,-0.2160167694091797,0.2160167694091797,264.51220703125,258.1201171875,271.5013732910156
0203,15,0,0,0.0,0.0,23,4,5,6,120,0.19166666666666668,0.5665814151747656,0.6878090366581415,0.6119352088661552,0.5686274509803921,0.6901960784313725,0.615686274509804,0.3042012155056,0.6072011590003967,0.3700324296951294,0.4792523980140686,0.12825551629066467,6.996628284454346,1.6838226318359375,0.22616244852542877,1.2324625253677368,2.092916488647461,-0.43662428855895996,0.43662428855895996,276.18218994140625,272.1654052734375,279.1092834472656
0203,16,0,0,0.0,0.0,14,4,2,2,16,0.875,0.6184873949579832,0.6647058823529411,0.5669467787114847,0.6196078431372549,0.6666666666666666,0.5686274509803921,0.17508754134178162,0.2987005412578583,0.20941691100597382,0.23602257668972015,0.05368228629231453,2.451225519180298,1.9911272525787354,0.10492299497127533,1.7926472425460815,2.154639720916748,-0.3936135768890381,0.3936135768890381,273.5369567871094,272.46099853515625,274.818115234375
0203,17,0,0,0.0,0.0,51,7,8,4,224,0.22767857142857142,0.6301422529796232,0.3727797001153403,0.49058054594386774,0.6313725490196078,0.37254901960784315,0.48627450980392156,0.28181129693984985,0.5879846215248108,0.3646966516971588,0.49752286076545715,0.13546721637248993,14.372376441955566,2.065606117248535,0.46176856756210327,0.8535373210906982,2.7777953147888184,-0.9758255481719971,0.9758255481719971,225.46641540527344,223.60903930664062,227.63568115234375
0203,18,0,0,0.0,0.0,67,5,5,6,150,0.44666666666666666,0.6989171788118232,0.40696517412935324,0.6222417325139011,0.6980392156862745,0.40784313725490196,0.6235294117647059,0.7702056169509888,0.9999649524688721,0.9978137016296387,0.9997549057006836,0.27939558029174805,51.60377502441406,1.3451042175292969,0.44542187452316284,0.2899981737136841,2.1607189178466797,-0.5155923366546631,0.5155923366546631,260.90264892578125,258.24407958984375,263.6247253417969
0205,1,1,11086,0.8318451264350567,0.29712019082588476,13327,32,45,36,51840,0.257079475308642,0.3031172159717042,0.5146209155231087,0.49515107911552103,0.2901960784313726,0.4823529411764706,0.5450980392156862,0.86375892162323,0.9999796748161316,0.9995968341827393,0.9998342990875244,0.2538899779319763,11511.3154296875,-0.18473833799362183,0.31735959649086,-0.9240264892578125,0.7022741436958313,-0.3330638110637665,0.3330638110637665,198.61090087890625,184.7024688720703,218.39642333984375
0205,2,0,0,0.0,0.0,14,3,4,2,24,0.5833333333333334,0.25798319327731095,0.43137254901960786,0.4722689075630252,0.2549019607843137,0.42745098039215684,0.47058823529411764,0.16904689371585846,0.2536252737045288,0.2070927619934082,0.22009173035621643,0.04489608108997345,2.366656541824341,-0.1266874223947525,0.12674656510353088,-0.30220556259155273,0.10431014746427536,-0.3186153620481491,0.3186153620481491,176.2506103515625,174.41329956054688,177.72450256347656
0205,3,1,36,0.7058823529411765,0.001173651523301873,51,4,9,5,180,0.2833333333333333,0.27297193387158786,0.25513264129181085,0.5628604382929643,0.27450980392156865,0.25882352941176473,0.5607843137254902,0.21769382059574127,0.430068701505661,0.29863008856773376,0.3792558014392853,0.10310892760753632,11.102384567260742,0.29883038997650146,0.8435628414154053,-0.6968523859977722,3.607942581176758,-0.8453940153121948,0.8453940153121948,172.6949462890625,170.73370361328125,174.41903686523438
0205,4,0,0,0.0,0.0,1,1,1,1,1,1.0,0.3176470588235294,0.19607843137254902,0.6078431372549019,0.3176470588235294,0.19607843137254902,0.6078431372549019,0.11220940947532654,0.11220940947532654,0.11220940947532654,0.11220940947532654,0.0,0.11220940947532654,0.9652928113937378,0.0,0.9652928113937378,0.9652928113937378,0.03661602735519409,0.03661602735519409,182.34307861328125,182.34307861328125,182.34307861328125
0205,5,1,1,0.125,3.262429857758058e-05,8,3,2,4,24,0.3333333333333333,0.32598039215686275,0.1980392156862745,0.6063725490196078,0.3254901960784314,0.19607843137254902,0.6078431372549019,0.13703036308288574,0.17230038344860077,0.15339283645153046,0.16666020452976227,0.024165619164705276,1.096242904663086,1.0153656005859375,0.3301403820514679,0.5527238845825195,1.6170239448547363,-0.0748969316482544,0.0748969316482544,183.1322021484375,182.3046875,184.09779357910156
0205,6,1,44125,0.6573654728562064,0.6871982557234075,67124,82,96,66,519552,0.1291959226410446,0.4633567258021736,0.6468473915995098,0.6257736632582834,0.5176470588235295,0.7098039215686275,0.6627450980392157,0.8525258302688599,0.9999849200248718,0.9997066855430603,0.9998676180839539,0.2648508548736572,57224.9453125,-0.22529180347919464,0.32892802357673645,-0.9478832483291626,0.8217958211898804,-0.3223503530025482,0.3223503530025482,259.5999755859375,221.67318725585938,292.2002868652344
0205,7,0,0,0.0,0.0,1,1,1,1,1,1.0,0.3254901960784314,0.19215686274509805,0.615686274509804,0.3254901960784314,0.19215686274509805,0.615686274509804,0.11673042923212051,0.11673042923212051,0.11673042923212051,0.11673042923212051,0.0,0.11673042923212051,1.0430352687835693,0.0,1.0430352687835693,1.0430352687835693,-0.004970192909240723,0.004970192909240723,184.6781005859375,184.6781005859375,184.6781005859375
0205,8,0,0,0.0,0.0,475,14,10,12,1680,0.28273809523809523,0.3461300309597523,0.5397894736842105,0.7013333333333334,0.34509803921568627,0.5411764705882353,0.7019607843137254,0.6435070633888245,0.9998666048049927,0.9681203365325928,0.9988155961036682,0.31005623936653137,305.6658630371094,-0.18952587246894836,0.27219662070274353,-0.7685416340827942,0.31356194615364075,-0.3128271773457527,0.3128271773457527,242.7190399169922,238.24777221679688,248.67047119140625
0205,9,0,0,0.0,0.0,4,2,2,2,8,0.5,0.3480392156862745,0.5676470588235294,0.4950980392156863,0.34509803921568627,0.5686274509803921,0.49411764705882355,0.17335018515586853,0.23349104821681976,0.18576578795909882,0.21440093219280243,0.038898441940546036,0.6934007406234741,-0.12583115696907043,0.142072394490242,-0.3679601550102234,-0.009276894852519035,-0.1963895633816719,0.1963895633816719,212.00711059570312,211.45211791992188,212.72987365722656
0205,10,0,0,0.0,0.0,1,1,1,1,1,1.0,0.34509803921568627,0.5725490196078431,0.4980392156862745,0.34509803921568627,0.5725490196078431,0.4980392156862745,0.18857312202453613,0.18857312202453613,0.18857312202453613,0.18857312202453613,0.0,0.18857312202453613,-0.27229559421539307,0.0,-0.27229559421539307,-0.27229559421539307,-0.2897043749690056,0.2897043749690056,212.99295043945312,212.99295043945312,212.99295043945312
0205,11,0,0,0.0,0.0,2,2,1,1,2,1.0,0.3509803921568627,0.6588235294117647,0.5843137254901961,0.35294117647058826,0.6588235294117647,0.5843137254901961,0.10911178588867188,0.11222382634878159,0.11066780984401703,0.11160141974687576,0.0031120367348194122,0.21822357177734375,-0.3321157395839691,0.04783228039741516,-0.3799480199813843,-0.28428345918655396,-0.15064167976379395,0.15064167976379395,242.10630798339844,241.91940307617188,242.293212890625
0205,12,0,0,0.0,0.0,2,2,1,1,2,1.0,0.49607843137254903,0.35294117647058826,0.5803921568627451,0.4980392156862745,0.35294117647058826,0.5803921568627451,0.1169763058423996,0.13327953219413757,0.125127911567688,0.13001888990402222,0.016303230077028275,0.2339526116847992,0.5557504296302795,0.032936692237854004,0.5228137373924255,0.5886871218681335,-0.16176235675811768,0.16176235675811768,215.08233642578125,214.7859344482422,215.3787384033203
0205,13,0,0,0.0,0.0,12,3,3,3,27,0.4444444444444444,0.5084967320261438,0.6558823529411765,0.642483660130719,0.5098039215686274,0.6549019607843137,0.6431372549019608,0.21457497775554657,0.30639156699180603,0.23336437344551086,0.2664041817188263,0.043959397822618484,2.574899673461914,-0.1766703873872757,0.1448516696691513,-0.47561293840408325,0.06846554577350616,-0.21916954591870308,0.21916954591870308,268.1205749511719,267.1291809082031,268.85125732421875
0205,14,0,0,0.0,0.0,2,2,1,1,2,1.0,0.515686274509804,0.6509803921568628,0.5803921568627451,0.5176470588235295,0.6509803921568628,0.5803921568627451,0.12034433335065842,0.12577949464321136,0.12306191027164459,0.12469246238470078,0.005435161292552948,0.24068866670131683,-0.1706962287425995,0.05982013791799545,-0.23051635921001434,-0.11087608337402344,-0.18968425877392292,0.18968425877392292,258.8753356933594,258.6194152832031,259.1312561035156
0205,15,0,0,0.0,0.0,68,5,5,8,200,0.34,0.564648212226067,0.6093425605536332,0.7685697808535179,0.5686274509803921,0.611764705882353,0.7686274509803922,0.48981502652168274,0.9275516271591187,0.7144709825515747,0.8306356072425842,0.2548983097076416,33.30742263793945,-0.24390922486782074,0.18441389501094818,-0.6788113117218018,0.1402735412120819,-0.22808315232396126,0.22808315232396126,289.0975341796875,285.1280517578125,291.8372802734375
0206,1,0,0,0.0,0.0,21,5,4,2,40,0.525,0.4786181139122316,0.6291316526610644,0.5514472455648927,0.4823529411764706,0.6313725490196078,0.5529411764705883,0.6073451042175293,0.992668867111206,0.819864809513092,0.9852486252784729,0.29920780658721924,12.754246711730957,1.4115971326828003,0.1296180933713913,1.1589621305465698,1.6401885747909546,-0.22215092182159424,0.22215092182159424,246.27796936035156,244.46881103515625,248.49546813964844
0207,1,0,0,0.0,0.0,1,1,1,1,1,1.0,0.45098039215686275,0.615686274509804,0.6392156862745098,0.45098039215686275,0.615686274509804,0.6392156862745098,0.10255260020494461,0.10255260020494461,0.10255260020494461,0.10255260020494461,0.0,0.10255260020494461,1.0341570377349854,0.0,1.0341570377349854,1.0341570377349854,-0.22796809673309326,0.22796809673309326,254.3108367919922,254.3108367919922,254.3108367919922
0207,2,0,0,0.0,0.0,1,1,1,1,1,1.0,0.4549019607843137,0.611764705882353,0.6392156862745098,0.4549019607843137,0.611764705882353,0.6392156862745098,0.17530955374240875,0.17530955374240875,0.17530955374240875,0.17530955374240875,0.0,0.17530955374240875,1.0270791053771973,0.0,1.0270791053771973,1.0270791053771973,-0.227378249168396,0.227378249168396,254.15350341796875,254.15350341796875,254.15350341796875
0207,3,0,0,0.0,0.0,1,1,1,1,1,1.0,0.4549019607843137,0.615686274509804,0.6352941176470588,0.4549019607843137,0.615686274509804,0.6352941176470588,0.1066458523273468,0.1066458523273468,0.1066458523273468,0.1066458523273468,0.0,0.1066458523273468,1.1190921068191528,0.0,1.1190921068191528,1.1190921068191528,-0.07992160320281982,0.07992160320281982,254.1298828125,254.1298828125,254.1298828125
0209,1,1,123,0.5616438356164384,0.6212121212121212,219,11,17,8,1496,0.1463903743315508,0.5367356074850032,0.6163130092219536,0.5377204763183813,0.5254901960784314,0.6352941176470588,0.5411764705882353,0.6977771520614624,0.9999982714653015,0.9992626905441284,0.9999718070030212,0.3408757150173187,152.81320190429688,0.6751006245613098,0.17926962673664093,0.2340681552886963,1.0443958044052124,-0.1895843744277954,0.1895843744277954,250.07327270507812,244.82034301757812,255.3683624267578
0210,1,1,153,0.6483050847457628,0.7373493975903614,236,13,11,5,715,0.3300699300699301,0.6345131272848122,0.5758391492190096,0.6364074443336656,0.6235294117647059,0.5686274509803921,0.6392156862745098,0.8031367659568787,1.0,0.9999644756317139,0.9999994039535522,0.30585339665412903,189.540283203125,1.2196381092071533,0.18887418508529663,0.4945971965789795,1.4794957637786865,-0.22496378421783447,0.22496378421783447,272.783203125,268.2722473144531,278.6216125488281
0211,1,1,41011,0.7581852803608733,0.7873935623842025,54091,35,79,73,201845,0.2679828581337165,0.2986373289512049,0.44027882552031783,0.5483672841512468,0.3258426966292135,0.4076655052264808,0.4838709677419355,0.8530550599098206,0.9999975562095642,0.9998562335968018,0.9999678134918213,0.26387453079223633,46142.6015625,0.3253646194934845,0.5744985938072205,-0.776735782623291,2.3204150199890137,-0.46534839272499084,0.46534839272499084,215.06057739257812,179.1619415283203,258.3137512207031
0211,2,0,0,0.0,0.0,6,3,3,2,18,0.3333333333333333,0.28401997503121096,0.3797909407665505,0.6547192353643966,0.2846441947565543,0.3797909407665505,0.6559139784946236,0.14878667891025543,0.24872204661369324,0.15207117795944214,0.20198467373847961,0.04834606871008873,0.8927200436592102,0.24011068046092987,0.1694340854883194,0.017852742224931717,0.5165810585021973,-0.22698752582073212,0.22698752582073212,226.16896057128906,225.6856231689453,226.6384735107422
0211,3,0,0,0.0,0.0,1,1,1,1,1,1.0,0.2808988764044944,0.40069686411149824,0.6845878136200717,0.2808988764044944,0.40069686411149824,0.6845878136200717,0.12390300631523132,0.12390300631523132,0.12390300631523132,0.12390300631523132,0.0,0.12390300631523132,0.272703617811203,0.0,0.272703617811203,0.272703617811203,-0.026263028383255005,0.026263028383255005,235.54617309570312,235.54617309570312,235.54617309570312
0211,4,0,0,0.0,0.0,19,5,4,2,40,0.475,0.2917405874236152,0.43810746378140475,0.5827202414638747,0.29213483146067415,0.43902439024390244,0.5842293906810035,0.3290393650531769,0.6033505201339722,0.4946274757385254,0.5883373618125916,0.18069718778133392,6.251748085021973,0.8585463166236877,0.17145207524299622,0.5413909554481506,1.1267364025115967,-0.07498347759246826,0.07498347759246826,220.15481567382812,219.3399200439453,221.00904846191406
0211,5,0,0,0.0,0.0,6,3,3,1,9,0.6666666666666666,0.2890137328339576,0.4941927990708479,0.5555555555555556,0.2883895131086142,0.49477351916376305,0.5555555555555556,0.26252481341362,0.458005428314209,0.3155103623867035,0.38691261410713196,0.11336048692464828,1.5751488208770752,0.6232814192771912,0.3022523522377014,0.07708990573883057,0.9847868084907532,-0.13099199533462524,0.13099199533462524,224.17066955566406,223.58444213867188,224.85105895996094
0211,6,0,0,0.0,0.0,3,2,1,2,4,0.75,0.29088639200998756,0.5017421602787456,0.6869772998805257,0.29213483146067415,0.5017421602787456,0.6881720430107527,0.1417122334241867,0.17406204342842102,0.16156601905822754,0.16906364262104034,0.02987382933497429,0.4251367151737213,-0.032972343266010284,0.11736172437667847,-0.19891111552715302,0.05298144370317459,-0.20890819281339645,0.20890819281339645,252.3111114501953,251.90870666503906,252.6677703857422
0211,7,0,0,0.0,0.0,2,1,1,2,2,1.0,0.29213483146067415,0.5052264808362369,0.6792114695340502,0.29213483146067415,0.5052264808362369,0.6810035842293907,0.12063091993331909,0.12100319564342499,0.12081705778837204,0.12092874199151993,0.00037227198481559753,0.24126183986663818,0.3816240429878235,0.05896587669849396,0.3226581811904907,0.44058993458747864,-0.13860690593719482,0.13860690593719482,251.3490753173828,250.97210693359375,251.72604370117188
0211,8,0,0,0.0,0.0,3,2,2,1,4,0.75,0.3021223470661673,0.4692218350754936,0.5770609318996416,0.299625468164794,0.47038327526132406,0.5770609318996416,0.13059480488300323,0.1395980715751648,0.13430365920066833,0.13748030364513397,0.006796944886445999,0.3917843997478485,1.1049625873565674,0.07161568105220795,1.0097110271453857,1.1823971271514893,-0.17787349224090576,0.17787349224090576,225.2241973876953,224.9466552734375,225.54379272460938
0211,9,0,0,0.0,0.0,1,1,1,1,1,1.0,0.31086142322097376,0.3519163763066202,0.5161290322580645,0.31086142322097376,0.3519163763066202,0.5161290322580645,0.10883042961359024,0.10883042961359024,0.10883042961359024,0.10883042961359024,0.0,0.10883042961359024,0.7426393628120422,0.0,0.7426393628120422,0.7426393628120422,-0.32603639364242554,0.32603639364242554,194.91793823242188,194.91793823242188,194.91793823242188
0211,10,0,0,0.0,0.0,1,1,1,1,1,1.0,0.31086142322097376,0.3554006968641115,0.5197132616487455,0.31086142322097376,0.3554006968641115,0.5197132616487455,0.14733447134494781,0.14733447134494781,0.14733447134494781,0.14733447134494781,0.0,0.14733447134494781,1.044758915901184,0.0,1.044758915901184,1.044758915901184,-0.16578245162963867,0.16578245162963867,196.17593383789062,196.17593383789062,196.17593383789062
0211,11,0,0,0.0,0.0,2,2,1,1,2,1.0,0.31273408239700373,0.37282229965156793,0.6308243727598566,0.3146067415730337,0.37282229965156793,0.6308243727598566,0.14742597937583923,0.147592693567276,0.14750933647155762,0.14755934476852417,0.00016671419143676758,0.29485195875167847,0.7409235239028931,0.025186866521835327,0.7157366871833801,0.7661104202270508,-0.14878565073013306,0.14878565073013306,222.63302612304688,222.44325256347656,222.8227996826172
0211,12,0,0,0.0,0.0,1,1,1,1,1,1.0,0.3146067415730337,0.3519163763066202,0.5197132616487455,0.3146067415730337,0.3519163763066202,0.5197132616487455,0.10085701942443848,0.10085701942443848,0.10085701942443848,0.10085701942443848,0.0,0.10085701942443848,1.017403483390808,0.0,1.017403483390808,1.017403483390808,-0.12242412567138672,0.12242412567138672,196.08926391601562,196.08926391601562,196.08926391601562
0211,13,0,0,0.0,0.0,9,4,1,3,12,0.75,0.38451935081148564,0.3310104529616725,0.5882118677817603,0.3857677902621723,0.3310104529616725,0.5878136200716846,0.15750078856945038,0.20528896152973175,0.1776656210422516,0.2001476138830185,0.029819410294294357,1.4175070524215698,1.420777440071106,0.1305176168680191,1.2372297048568726,1.6166313886642456,-0.12351751327514648,0.12351751327514648,216.1134796142578,214.94883728027344,217.4281463623047
0211,14,0,0,0.0,0.0,2,2,1,1,2,1.0,0.38764044943820225,0.33797909407665505,0.5949820788530465,0.3895131086142322,0.33797909407665505,0.5949820788530465,0.156368687748909,0.17115266621112823,0.16376067698001862,0.16819587349891663,0.014783978462219238,0.312737375497818,1.4775787591934204,0.008260965347290039,1.4693177938461304,1.4858397245407104,-0.13145661354064941,0.13145661354064941,218.82742309570312,218.58865356445312,219.06619262695312
0211,15,1,18,0.9,0.000718591560541339,20,7,2,3,42,0.47619047619047616,0.4370786516853933,0.6078397212543554,0.6277777777777778,0.4307116104868914,0.6097560975609756,0.6308243727598566,0.24004510045051575,0.36448514461517334,0.3045797348022461,0.3242550790309906,0.07617997378110886,4.800901889801025,1.512308120727539,0.15760843455791473,1.0859102010726929,1.703852891921997,-0.11809492111206055,0.11809492111206055,273.8028564453125,272.684814453125,274.84906005859375
0211,16,1,4489,0.7898997008622206,0.1610085902333172,5683,22,32,39,27456,0.20698572261072262,0.5373131377437538,0.6214923045135531,0.6930283805627928,0.5655430711610487,0.6376306620209059,0.7060931899641577,0.8635737299919128,0.9999963045120239,0.9998010396957397,0.9999292492866516,0.25139203667640686,4907.689453125,0.8999292254447937,0.38225775957107544,-0.23268647491931915,1.9011973142623901,-0.41774243116378784,0.41774243116378784,300.2956237792969,282.62164306640625,313.0574951171875
0211,17,1,1842,0.6958821307140158,0.06987197724039829,2647,18,38,23,15732,0.1682557843885075,0.588306456747728,0.35028544575477594,0.5713115408936607,0.5955056179775281,0.3554006968641115,0.5806451612903226,0.747586190700531,0.9999955892562866,0.9990001916885376,0.9998877048492432,0.3088105022907257,1978.860595703125,1.5202045440673828,0.4210221767425537,-0.023895777761936188,2.33630633354187,-0.0994330644607544,0.0994330644607544,246.0926971435547,227.40492248535156,255.65211486816406
0211,18,0,0,0.0,0.0,1,1,1,1,1,1.0,0.6067415730337079,0.3310104529616725,0.5448028673835126,0.6067415730337079,0.3310104529616725,0.5448028673835126,0.11997046321630478,0.11997046321630478,0.11997046321630478,0.11997046321630478,0.0,0.11997046321630478,1.6020610332489014,0.0,1.6020610332489014,1.6020610332489014,-0.1211625337600708,0.1211625337600708,242.27670288085938,242.27670288085938,242.27670288085938
0211,19,0,0,0.0,0.0,1,1,1,1,1,1.0,0.6104868913857678,0.3205574912891986,0.5448028673835126,0.6104868913857678,0.3205574912891986,0.5448028673835126,0.10820449888706207,0.10820449888706207,0.10820449888706207,0.10820449888706207,0.0,0.10820449888706207,1.154774785041809,0.0,1.154774785041809,1.154774785041809,-0.24979257583618164,0.24979257583618164,241.79330444335938,241.79330444335938,241.79330444335938
0211,20,0,0,0.0,0.0,233,7,9,9,567,0.4109347442680776,0.6335696259503946,0.2622661542372628,0.5376344086021505,0.6329588014981273,0.2613240418118467,0.5376344086021505,0.6824535727500916,0.9998455047607422,0.9811967611312866,0.9986563920974731,0.2990552484989166,159.01168823242188,0.6829781532287598,0.35362499952316284,-0.10136368870735168,1.2745797634124756,-0.4872525930404663,0.4872525930404663,239.01834106445312,234.95956420898438,244.01023864746094
0213,1,1,3829,0.8573667711598746,0.9142788920725884,4466,20,31,25,15500,0.2881290322580645,0.4365401332946972,0.5444622990261936,0.7730442647278347,0.42745098039215684,0.5686274509803921,0.7568627450980392,0.8732761144638062,1.0,0.9999984502792358,0.9999995827674866,0.25373998284339905,3900.051025390625,0.044195059686899185,0.2826162874698639,-0.7767754793167114,0.825799286365509,-0.21859514340758324,0.21859514340758324,266.0851135253906,253.8739776611328,278.9444274902344
0214,1,1,512,0.5714285714285714,0.06313193588162762,896,15,17,17,4335,0.2066897347174164,0.2813769257703081,0.4507090336134454,0.3906512605042017,0.27450980392156865,0.4588235294117647,0.403921568627451,0.8205151557922363,0.9999997615814209,0.9999033808708191,0.9999875426292419,0.28599897027015686,735.1815795898438,0.14822328090667725,0.28316450119018555,-0.5962080955505371,1.0442217588424683,-0.2820030152797699,0.2820030152797699,168.69900512695312,161.7683563232422,174.7369384765625
0214,2,0,0,0.0,0.0,7,2,3,2,12,0.5833333333333334,0.26218487394957984,0.4117647058823529,0.41008403361344536,0.2627450980392157,0.4117647058823529,0.4117647058823529,0.17979776859283447,0.2713663876056671,0.22176967561244965,0.25748586654663086,0.05914466455578804,1.2585843801498413,0.23596332967281342,0.20254866778850555,-0.1358833909034729,0.44161489605903625,-0.2999882251024246,0.2999882251024246,162.98890686035156,162.0370330810547,163.96646118164062
0214,3,1,258,0.559652928416486,0.032689261957554644,461,15,10,13,1950,0.2364102564102564,0.2849304580834503,0.3615158861809366,0.4040406618178725,0.30196078431372547,0.36470588235294116,0.4235294117647059,0.7851468324661255,0.9999975562095642,0.999736487865448,0.9999606609344482,0.2989846467971802,361.95269775390625,0.2513122260570526,0.3914792537689209,-0.6129471659660339,1.295307993888855,-0.4903669059276581,0.4903669059276581,156.67922973632812,150.58883666992188,167.37384033203125
0214,4,0,0,0.0,0.0,2,1,1,2,2,1.0,0.27058823529411763,0.48627450980392156,0.45294117647058824,0.27058823529411763,0.48627450980392156,0.4549019607843137,0.17576834559440613,0.1932012289762497,0.18448477983474731,0.18971465528011322,0.017432890832424164,0.35153669118881226,0.37465858459472656,0.033478155732154846,0.3411804139614105,0.4081367254257202,-0.2378343939781189,0.2378343939781189,183.34776306152344,183.0327911376953,183.66273498535156
0214,5,1,73,0.8390804597701149,0.00947375251443774,87,5,5,7,175,0.49714285714285716,0.2811809781383818,0.4896551724137931,0.4752760874464729,0.2823529411764706,0.49019607843137253,0.4823529411764706,0.48202162981033325,0.9112555980682373,0.7195726633071899,0.8420915007591248,0.2535460591316223,41.935882568359375,0.3190540373325348,0.3006238639354706,-0.2112092524766922,1.0609608888626099,-0.4021035134792328,0.4021035134792328,188.59381103515625,185.31324768066406,191.0
0214,6,0,0,0.0,0.0,2,1,2,1,2,1.0,0.29411764705882354,0.36666666666666664,0.3803921568627451,0.29411764705882354,0.3686274509803922,0.3803921568627451,0.1824130117893219,0.22738957405090332,0.2049012929201126,0.21839426457881927,0.04497656971216202,0.3648260235786438,0.3118870258331299,0.04603247344493866,0.26585453748703003,0.35791948437690735,-0.15623143315315247,0.15623143315315247,154.68487548828125,154.3826446533203,154.98709106445312
0214,7,1,52,0.6933333333333334,0.006753685304240535,75,6,6,4,144,0.5208333333333334,0.3037385620915033,0.507032679738562,0.35853594771241826,0.3058823529411765,0.5058823529411764,0.3568627450980392,0.45685434341430664,0.8169089555740356,0.6253646016120911,0.7158975601196289,0.20069526135921478,34.264076232910156,0.10504777729511261,0.2021033763885498,-0.3116437494754791,0.5420494079589844,-0.33853431046009064,0.33853431046009064,176.72879028320312,173.66058349609375,179.68861389160156
0214,8,1,82,0.6721311475409836,0.010617635633821053,122,7,6,6,252,0.48412698412698413,0.35853423336547735,0.5958534233365477,0.3758277081324333,0.3568627450980392,0.592156862745098,0.3764705882352941,0.7081276774406433,0.9999532103538513,0.9837568998336792,0.9992184638977051,0.28371891379356384,86.3915786743164,0.2659231722354889,0.28339269757270813,-0.2781655788421631,0.9940045475959778,-0.23707720637321472,0.23707720637321472,202.03277587890625,198.58499145507812,206.05581665039062
0214,9,1,21,0.6774193548387096,0.0027352653858677954,31,5,6,3,90,0.34444444444444444,0.4551549652118912,0.6900695762175838,0.4629981024667932,0.4549019607843137,0.6901960784313725,0.4627450980392157,0.5506460070610046,0.9928393363952637,0.8838948011398315,0.9656137228012085,0.3492701053619385,17.070026397705078,0.45889392495155334,0.27992841601371765,-0.11914430558681488,1.0274827480316162,-0.2507052719593048,0.2507052719593048,242.0943603515625,240.11663818359375,244.7222900390625
0214,10,1,10847,0.7602859746267611,0.7331283160420398,14267,57,44,29,72732,0.19615849969751967,0.5810224335055394,0.7099674691492914,0.4923790950458826,0.5333333333333333,0.7137254901960784,0.4823529411764706,0.8568934202194214,1.0,0.9999897480010986,0.9999980926513672,0.26441553235054016,12225.298828125,0.17761270701885223,0.3350093364715576,-0.8891420364379883,1.5463942289352417,-0.27668915688991547,0.27668915688991547,266.51129150390625,240.2686004638672,287.0
0214,11,1,225,0.7305194805194806,0.028787103377686796,308,11,15,18,2970,0.1037037037037037,0.566768525592055,0.5990960020371785,0.6040234275528393,0.5725490196078431,0.615686274509804,0.6274509803921569,0.7660585045814514,0.9999972581863403,0.9991142749786377,0.9999710917472839,0.29478803277015686,235.94601440429688,1.2267755270004272,0.25435078144073486,0.06498558074235916,1.6384590864181519,-0.3188920021057129,0.3188920021057129,261.2423400878906,249.46743774414062,271.5768737792969
0214,12,1,947,0.7267843438219493,0.11391110843808264,1303,16,11,19,3344,0.38965311004784686,0.6460054474591065,0.6027809128256061,0.4192737724406724,0.6431372549019608,0.596078431372549,0.4,0.8219118714332581,0.9999997019767761,0.9999797344207764,0.9999958276748657,0.2849375009536743,1070.951171875,0.10334543883800507,0.30989718437194824,-0.5710995197296143,1.1446561813354492,-0.3007335215806961,0.3007335215806961,250.10340881347656,244.07171630859375,257.5771789550781
0214,13,1,1069,0.7657593123209169,0.1278708133971292,1396,19,23,11,4807,0.29040981901393803,0.6583319287600428,0.5213495140176414,0.34824990167986963,0.6705882352941176,0.4980392156862745,0.3568627450980392,0.8210157752037048,0.9999995827674866,0.9999629259109497,0.9999933838844299,0.28442636132240295,1146.1380615234375,0.02078169770538807,0.27108848094940186,-0.6213167309761047,0.9103091955184937,-0.21345403604209423,0.21345403604209423,232.60745239257812,222.99102783203125,242.12806701660156
0214,14,1,267,0.49171270718232046,0.03365475515220268,543,11,15,12,1980,0.27424242424242423,0.7170476293648215,0.496457588560286,0.4408045354421695,0.7098039215686275,0.5058823529411764,0.42745098039215684,0.7956115007400513,0.9999991655349731,0.9999200105667114,0.9999895691871643,0.28605252504348755,432.01702880859375,0.21927492320537567,0.31148824095726013,-0.48740407824516296,1.1195476055145264,-0.30709369480609894,0.30709369480609894,249.9625701904297,245.45468139648438,254.04920959472656
0214,15,0,0,0.0,0.0,1,1,1,1,1,1.0,0.7137254901960784,0.5254901960784314,0.42745098039215684,0.7137254901960784,0.5254901960784314,0.42745098039215684,0.10781660676002502,0.10781660676002502,0.10781660676002502,0.10781660676002502,0.0,0.10781660676002502,0.3913976550102234,0.0,0.3913976550102234,0.3913976550102234,0.019877642393112183,0.019877642393112183,251.64657592773438,251.64657592773438,251.64657592773438
0217,1,1,65,0.9154929577464789,0.0027090670389897263,71,4,6,6,144,0.4930555555555556,0.2850879596646024,0.43420836301857835,0.5817011443661971,0.28793774319066145,0.4357976653696498,0.58203125,0.49313676357269287,0.8876281380653381,0.7226653099060059,0.79243403673172,0.24543514847755432,35.01271057128906,-0.0021749967709183693,0.20267254114151,-0.37864378094673157,0.5013248324394226,-0.3011604780331254,0.3011604780331254,200.36778259277344,198.1388397216797,202.5956573486328
0217,2,1,4632,0.7528035104826913,0.17133662542307052,6153,35,40,40,56000,0.109875,0.4193620397123671,0.6858025663353614,0.6052903563302454,0.4046692607003891,0.6809338521400778,0.58984375,0.8177438974380493,0.9999870657920837,0.9996334314346313,0.999904990196228,0.2901395559310913,5031.578125,0.3488251864910126,0.22541852295398712,-0.5672325491905212,0.9156175851821899,-0.08739137649536133,0.08739137649536133,258.87384033203125,235.54405212402344,279.4190368652344
0217,3,0,0,0.0,0.0,196,12,5,8,480,0.4083333333333333,0.37429524338918446,0.6657865480822679,0.5188735650510204,0.377431906614786,0.6653696498054474,0.515625,0.5181245803833008,0.997157096862793,0.8093866109848022,0.9783713817596436,0.3070231080055237,101.55241394042969,-0.0418296754360199,0.206258162856102,-0.528432309627533,0.38693690299987793,-0.2847571223974228,0.2847571223974228,237.44068908691406,233.1759033203125,241.83465576171875
0217,4,1,2681,0.6856777493606138,0.1034615829892332,3910,32,36,27,31104,0.12570730452674897,0.4132514653636789,0.3590126085961368,0.6164252317774936,0.3852140077821012,0.35797665369649806,0.6171875,0.7786439061164856,0.9999929666519165,0.9995471239089966,0.9999139308929443,0.3034285604953766,3044.49755859375,0.5850288271903992,0.3923327922821045,-0.5896358489990234,1.3643258810043335,-0.19579344987869263,0.19579344987869263,212.02833557128906,192.3798370361328,228.53883361816406
0217,5,0,0,0.0,0.0,4,2,2,2,8,0.5,0.433852140077821,0.6780155642023347,0.6806640625,0.43190661478599224,0.6809338521400778,0.6796875,0.1873803585767746,0.25748926401138306,0.22080284357070923,0.24281468987464905,0.04969797655940056,0.7495214343070984,0.4840247631072998,0.020533887669444084,0.4491000771522522,0.501684844493866,-0.11333978176116943,0.11333978176116943,270.8927001953125,270.36273193359375,271.42218017578125
0217,6,0,0,0.0,0.0,3,1,2,2,4,0.75,0.4357976653696498,0.6368352788586251,0.7083333333333334,0.4357976653696498,0.6381322957198443,0.70703125,0.14676989614963531,0.20908717811107635,0.16568264365196228,0.19172535836696625,0.0443999283015728,0.44030967354774475,0.4287045896053314,0.037835512310266495,0.37534111738204956,0.4587838649749756,-0.16804227232933044,0.16804227232933044,269.142578125,268.5125732421875,269.79437255859375
0217,7,0,0,0.0,0.0,39,6,9,5,270,0.14444444444444443,0.44926668662077224,0.7405966277561609,0.6808894230769231,0.45525291828793774,0.7315175097276264,0.68359375,0.2162756323814392,0.5232205390930176,0.25539135932922363,0.3911152184009552,0.11000203341245651,8.434749603271484,-0.0829225704073906,0.29153504967689514,-0.5945747494697571,0.2816195785999298,-0.23363421112298965,0.23363421112298965,283.1628112792969,280.90924072265625,284.91754150390625
0217,8,0,0,0.0,0.0,3,2,1,2,4,0.75,0.4487678339818417,0.6731517509727627,0.7135416666666666,0.45136186770428016,0.6731517509727627,0.71484375,0.13609452545642853,0.1822478473186493,0.14930126070976257,0.16906921565532684,0.032748859375715256,0.4082835614681244,0.35255512595176697,0.04287533462047577,0.29863440990448,0.40353336930274963,-0.10290655493736267,0.10290655493736267,277.181884765625,276.60260009765625,277.68145751953125
0217,9,0,0,0.0,0.0,1,1,1,1,1,1.0,0.45525291828793774,0.7120622568093385,0.61328125,0.45525291828793774,0.7120622568093385,0.61328125,0.13471053540706635,0.13471053540706635,0.13471053540706635,0.13471053540706635,0.0,0.13471053540706635,0.2782626450061798,0.0,0.2782626450061798,0.2782626450061798,0.00235903263092041,0.00235903263092041,268.44366455078125,268.44366455078125,268.44366455078125
0217,10,0,0,0.0,0.0,1,1,1,1,1,1.0,0.45525291828793774,0.7159533073929961,0.6171875,0.45525291828793774,0.7159533073929961,0.6171875,0.12646186351776123,0.12646186351776123,0.12646186351776123,0.12646186351776123,0.0,0.12646186351776123,0.1569509506225586,0.0,0.1569509506225586,0.1569509506225586,-0.095421701669693,0.095421701669693,269.7109680175781,269.7109680175781,269.7109680175781
0217,11,0,0,0.0,0.0,1,1,1,1,1,1.0,0.490272373540856,0.39299610894941633,0.59375,0.490272373540856,0.39299610894941633,0.59375,0.12276265025138855,0.12276265025138855,0.12276265025138855,0.12276265025138855,0.0,0.12276265025138855,0.41341251134872437,0.0,0.41341251134872437,0.41341251134872437,-0.25346022844314575,0.25346022844314575,222.33758544921875,222.33758544921875,222.33758544921875
0217,12,0,0,0.0,0.0,1,1,1,1,1,1.0,0.490272373540856,0.3968871595330739,0.61328125,0.490272373540856,0.3968871595330739,0.61328125,0.10478311032056808,0.10478311032056808,0.10478311032056808,0.10478311032056808,0.0,0.10478311032056808,0.5638132691383362,0.0,0.5638132691383362,0.5638132691383362,0.03212463855743408,0.03212463855743408,226.23439025878906,226.23439025878906,226.23439025878906
0217,13,0,0,0.0,0.0,1,1,1,1,1,1.0,0.49416342412451364,0.3968871595330739,0.6015625,0.49416342412451364,0.3968871595330739,0.6015625,0.10001534968614578,0.10001534968614578,0.10001534968614578,0.10001534968614578,0.0,0.10001534968614578,0.4763911962509155,0.0,0.4763911962509155,0.4763911962509155,-0.19837605953216553,0.19837605953216553,224.73095703125,224.73095703125,224.73095703125
0217,14,0,0,0.0,0.0,75,6,4,6,144,0.5208333333333334,0.5060440985732815,0.4067444876783398,0.5992708333333333,0.5019455252918288,0.4046692607003891,0.59375,0.17075595259666443,0.2833594083786011,0.21374545991420746,0.23694248497486115,0.04891476407647133,12.806695938110352,0.27661558985710144,0.24700970947742462,-0.15423893928527832,0.8874548077583313,-0.15518087148666382,0.15518087148666382,227.2451629638672,223.14569091796875,230.20860290527344
0217,15,1,5236,0.6964618249534451,0.18890933362196485,7518,37,61,37,83509,0.09002622471829384,0.5944896968417174,0.38048760795103426,0.6288251945331205,0.6070038910505836,0.45136186770428016,0.65234375,0.7847930788993835,0.9999973177909851,0.9994429349899292,0.9999088644981384,0.2981933653354645,5900.07421875,0.6620448231697083,0.33097055554389954,-0.5415256023406982,1.4502146244049072,-0.17415851354599,0.17415851354599,243.5107421875,219.14834594726562,265.20556640625
0217,16,1,29757,0.8230396902226524,0.707901654553889,36155,47,53,71,176861,0.20442607471404098,0.579699058366835,0.6852951004833814,0.620569747441571,0.5914396887159533,0.7120622568093385,0.6171875,0.8873537182807922,0.999997615814209,0.9999508261680603,0.9999778866767883,0.23969866335391998,32082.2734375,-0.035707827657461166,0.28639400005340576,-0.7464180588722229,0.9669107794761658,-0.2431315742433071,0.2431315742433071,281.2995910644531,259.69598388671875,302.8101806640625
0217,17,0,0,0.0,0.0,1,1,1,1,1,1.0,0.5214007782101168,0.40077821011673154,0.62890625,0.5214007782101168,0.40077821011673154,0.62890625,0.10128939151763916,0.10128939151763916,0.10128939151763916,0.10128939151763916,0.0,0.10128939151763916,0.39383378624916077,0.0,0.39383378624916077,0.39383378624916077,-0.20645228028297424,0.20645228028297424,233.99786376953125,233.99786376953125,233.99786376953125
0217,18,1,4,0.8,0.00016694142442770393,5,1,2,3,6,0.8333333333333334,0.6070038910505836,0.266147859922179,0.57890625,0.6070038910505836,0.26459143968871596,0.58203125,0.16569843888282776,0.21529707312583923,0.20993271470069885,0.21315133571624756,0.0446232333779335,0.8284921646118164,0.8645919561386108,0.02875424548983574,0.823941171169281,0.9031914472579956,-0.15290462970733643,0.15290462970733643,226.47579956054688,225.5703887939453,227.1805419921875
0217,19,0,0,0.0,0.0,141,9,8,8,576,0.24479166666666666,0.6309849049314238,0.6333029776195601,0.4743461879432624,0.6342412451361867,0.6303501945525292,0.4765625,0.3702298402786255,0.8393844366073608,0.5009496212005615,0.6648380756378174,0.1974639743566513,52.20240783691406,-0.26719415187835693,0.18471597135066986,-0.6689322590827942,0.20492762327194214,-0.2757307207211852,0.2757307207211852,260.5094299316406,256.91436767578125,263.6455993652344
0217,20,1,1,1.0,4.173884007763424e-05,1,1,1,1,1,1.0,0.622568093385214,0.31906614785992216,0.5546875,0.622568093385214,0.31906614785992216,0.5546875,0.11763627827167511,0.11763627827167511,0.11763627827167511,0.11763627827167511,0.0,0.11763627827167511,0.6312521696090698,0.0,0.6312521696090698,0.6312521696090698,-0.22601574659347534,0.22601574659347534,229.80209350585938,229.80209350585938,229.80209350585938
0217,21,0,0,0.0,0.0,2,1,2,1,2,1.0,0.6575875486381323,0.7062256809338522,0.515625,0.6575875486381323,0.708171206225681,0.515625,0.15086457133293152,0.1766098141670227,0.1637371927499771,0.17146076261997223,0.025745242834091187,0.30172914266586304,-0.21534880995750427,0.05027277022600174,-0.2656215727329254,-0.16507603228092194,-0.08063805103302002,0.08063805103302002,281.5428771972656,281.2205505371094,281.8652038574219
0217,22,0,0,0.0,0.0,1,1,1,1,1,1.0,0.688715953307393,0.669260700389105,0.5859375,0.688715953307393,0.669260700389105,0.5859375,0.11397905647754669,0.11397905647754669,0.11397905647754669,0.11397905647754669,0.0,0.11397905647754669,-0.12605498731136322,0.0,-0.12605498731136322,-0.12605498731136322,0.021199077367782593,0.021199077367782593,289.4270324707031,289.4270324707031,289.4270324707031
0222,1,1,1526,0.7539525691699605,0.7511690868816145,2024,23,23,19,10051,0.20137299771167047,0.6020828489498566,0.32786173758040765,0.5724250174378052,0.5882352941176471,0.3254901960784314,0.5686274509803921,0.8497228026390076,1.0,0.9999598860740662,0.9999935030937195,0.26656556129455566,1719.8389892578125,0.7241014242172241,0.32912203669548035,-0.3034781217575073,1.3301945924758911,-0.28258073329925537,0.28258073329925537,228.5448760986328,222.020263671875,237.85079956054688
0222,2,1,346,0.6407407407407407,0.2683210546723536,540,14,9,16,2016,0.26785714285714285,0.6926652142338416,0.30090050835148874,0.6119753086419752,0.6823529411764706,0.30196078431372547,0.6,0.7298654913902283,0.9999946355819702,0.9969621896743774,0.9998262524604797,0.31460607051849365,394.12738037109375,0.04488891363143921,0.27760031819343567,-0.4622214138507843,0.6402965188026428,-0.27932009100914,0.27932009100914,248.5967559814453,239.2007598876953,257.5674743652344
0224,1,0,0,0.0,0.0,3,2,2,1,4,0.75,0.27712418300653596,0.48366013071895425,0.6,0.2784313725490196,0.4823529411764706,0.6,0.20780141651630402,0.27527907490730286,0.23230300843715668,0.2580886483192444,0.049314796924591064,0.6234042644500732,0.4743060767650604,0.1932225078344345,0.22237713634967804,0.6919289827346802,-0.6156517565250397,0.6156517565250397,209.1805877685547,208.75584411621094,209.6878662109375
0224,2,1,105,0.6774193548387096,0.22580645161290322,155,11,11,9,1089,0.1423324150596878,0.5300695762175838,0.6892093611638204,0.7046932321315623,0.5372549019607843,0.6823529411764706,0.6980392156862745,0.7373921871185303,0.9999984502792358,0.9997764229774475,0.9999855756759644,0.33147621154785156,114.29579162597656,0.9931550025939941,0.32306748628616333,-0.09875480085611343,1.5557780265808105,-0.15826058387756348,0.15826058387756348,285.8938903808594,282.0248107910156,290.3549499511719
0224,3,1,12,0.32432432432432434,0.029556650246305417,37,4,4,5,80,0.4625,0.5286698463169052,0.6497085320614733,0.7408585055643878,0.5294117647058824,0.6509803921568628,0.7411764705882353,0.7099971175193787,0.9998300075531006,0.9809647798538208,0.9984255433082581,0.28717002272605896,26.269893646240234,0.6315476298332214,0.3664108216762543,-0.2357180118560791,1.2043797969818115,-0.1702108383178711,0.1702108383178711,285.6311340332031,284.0598449707031,287.6769104003906
0224,4,0,0,0.0,0.0,7,2,2,3,12,0.5833333333333334,0.5355742296918768,0.7619047619047619,0.6369747899159663,0.5372549019607843,0.7607843137254902,0.6352941176470588,0.1711670458316803,0.29240572452545166,0.2047072798013687,0.2616274058818817,0.06417961418628693,1.1981693506240845,0.4205892086029053,0.21232043206691742,0.08801490813493729,0.7296438813209534,-0.5516781806945801,0.5516781806945801,288.19525146484375,287.4039001464844,289.2023620605469
0224,5,1,185,0.6292517006802721,0.3461178671655753,294,9,11,13,1287,0.22843822843822845,0.555702280912365,0.7474323062558357,0.6041616646658663,0.5529411764705883,0.7411764705882353,0.611764705882353,0.8053684830665588,1.0,0.9999792575836182,0.9999993443489075,0.2876877188682556,236.77833557128906,1.2411106824874878,0.30359208583831787,-0.20042994618415833,1.8708693981170654,-0.2347489595413208,0.2347489595413208,283.6187438964844,279.1021423339844,287.81591796875
0224,6,0,0,0.0,0.0,1,1,1,1,1,1.0,0.5372549019607843,0.7568627450980392,0.6274509803921569,0.5372549019607843,0.7568627450980392,0.6274509803921569,0.14751207828521729,0.14751207828521729,0.14751207828521729,0.14751207828521729,0.0,0.14751207828521729,0.817862331867218,0.0,0.817862331867218,0.817862331867218,-0.3356955647468567,0.3356955647468567,286.1695251464844,286.1695251464844,286.1695251464844
0224,7,1,95,0.6291390728476821,0.20518358531317496,151,6,7,13,546,0.2765567765567766,0.5607583430723283,0.6318140501233606,0.6784054018958576,0.5607843137254902,0.6313725490196078,0.6745098039215687,0.8309910297393799,1.0,0.9999570846557617,0.9999996423721313,0.2672686278820038,125.47964477539062,1.2336496114730835,0.18242186307907104,0.702189028263092,1.4866262674331665,-0.31325602531433105,0.31325602531433105,276.815185546875,273.58544921875,280.4710388183594
0224,8,0,0,0.0,0.0,1,1,1,1,1,1.0,0.5490196078431373,0.6588235294117647,0.6941176470588235,0.5490196078431373,0.6588235294117647,0.6941176470588235,0.10169211030006409,0.10169211030006409,0.10169211030006409,0.10169211030006409,0.0,0.10169211030006409,1.289853572845459,0.0,1.289853572845459,1.289853572845459,-0.20515000820159912,0.20515000820159912,281.84039306640625,281.84039306640625,281.84039306640625
0224,9,0,0,0.0,0.0,6,2,3,2,12,0.5,0.5516339869281045,0.6594771241830065,0.7013071895424837,0.5490196078431373,0.6588235294117647,0.7019607843137254,0.2163061648607254,0.38758954405784607,0.29052138328552246,0.3497735261917114,0.1038833037018776,1.2978370189666748,0.7181869149208069,0.28346332907676697,0.43244051933288574,1.2702040672302246,-0.4177096486091614,0.4177096486091614,283.4280700683594,282.969970703125,284.193603515625
0224,10,1,10,0.5882352941176471,0.025252525252525252,17,5,6,4,120,0.14166666666666666,0.5617070357554788,0.760322952710496,0.5667820069204152,0.5607843137254902,0.7647058823529411,0.5686274509803921,0.36405453085899353,0.7007466554641724,0.5776457190513611,0.6556820869445801,0.19874967634677887,6.188927173614502,1.3782330751419067,0.08209249377250671,1.2101118564605713,1.5164415836334229,-0.16044843196868896,0.16044843196868896,281.578857421875,279.724853515625,283.1625061035156
0224,11,1,90,0.656934306569343,0.19736842105263158,137,6,10,10,600,0.22833333333333333,0.5698583082868184,0.6718477171890653,0.6273364820380707,0.5686274509803921,0.6627450980392157,0.6196078431372549,0.8263048529624939,1.0,0.9999878406524658,0.9999990463256836,0.26215043663978577,113.20376586914062,1.2453689575195312,0.22074446082115173,0.3749987483024597,1.6102761030197144,-0.25168538093566895,0.25168538093566895,276.3258972167969,271.72412109375,281.47113037109375
0224,12,1,60,0.6521739130434783,0.1384083044982699,92,5,9,7,315,0.2920634920634921,0.5712702472293265,0.7250639386189258,0.5609121909633419,0.5686274509803921,0.7176470588235294,0.5647058823529412,0.7698248028755188,0.9999987483024597,0.9990780353546143,0.9999324679374695,0.28892895579338074,70.82388305664062,1.330101728439331,0.12312839925289154,0.7891885638237,1.5461668968200684,-0.1984919309616089,0.1984919309616089,275.974853515625,272.9945068359375,278.5731506347656
0224,13,1,32,0.5714285714285714,0.07701564380264742,56,3,7,6,126,0.4444444444444444,0.5684873949579832,0.7008403361344538,0.6176470588235294,0.5686274509803921,0.7019607843137254,0.6196078431372549,0.7932211756706238,0.9999995231628418,0.9998190402984619,0.9999874234199524,0.3034258186817169,44.420387268066406,1.3471413850784302,0.10420815646648407,1.1041532754898071,1.5391690731048584,-0.16670775413513184,0.16670775413513184,279.38067626953125,277.3463439941406,281.8332824707031
0225,1,0,0,0.0,0.0,1,1,1,1,1,1.0,0.36470588235294116,0.49411764705882355,0.5333333333333333,0.36470588235294116,0.49411764705882355,0.5333333333333333,0.10353370010852814,0.10353370010852814,0.10353370010852814,0.10353370010852814,0.0,0.10353370010852814,0.6803954243659973,0.0,0.6803954243659973,0.6803954243659973,-0.38051825761795044,0.38051825761795044,207.86534118652344,207.86534118652344,207.86534118652344
0225,2,0,0,0.0,0.0,34,10,4,2,80,0.425,0.5089965397923875,0.5950403690888121,0.6612456747404845,0.5098039215686274,0.596078431372549,0.6588235294117647,0.28568708896636963,0.5903036594390869,0.37911027669906616,0.4942241609096527,0.14258870482444763,9.713360786437988,1.5633974075317383,0.09439010173082352,1.399993658065796,1.8739542961120605,-0.2623445987701416,0.2623445987701416,261.8539733886719,259.8865051269531,264.3671569824219
0225,3,0,0,0.0,0.0,1,1,1,1,1,1.0,0.6392156862745098,0.7333333333333333,0.6431372549019608,0.6392156862745098,0.7333333333333333,0.6431372549019608,0.130251944065094,0.130251944065094,0.130251944065094,0.130251944065094,0.0,0.130251944065094,0.6576507091522217,0.0,0.6576507091522217,0.6576507091522217,-0.12593048810958862,0.12593048810958862,297.9278564453125,297.9278564453125,297.9278564453125
0227,1,0,0,0.0,0.0,21,3,4,4,48,0.4375,0.2911297852474323,0.46984126984126984,0.6326797385620916,0.2901960784313726,0.4666666666666667,0.6313725490196078,0.18325625360012054,0.24869674444198608,0.23479433357715607,0.2434416115283966,0.04920729622244835,3.848381280899048,0.4827614724636078,0.23342646658420563,0.13404326140880585,0.8581733703613281,-0.33632615208625793,0.33632615208625793,214.58056640625,213.03990173339844,216.20591735839844
0227,2,0,0,0.0,0.0,228,12,15,8,1440,0.15833333333333333,0.4131750945992432,0.5904024767801858,0.6890436876504988,0.41568627450980394,0.592156862745098,0.6862745098039216,0.2806483507156372,0.7795485854148865,0.36605754494667053,0.503086268901825,0.15742793679237366,63.98782730102539,0.6255088448524475,0.19900067150592804,0.13463783264160156,1.0888726711273193,-0.30457252264022827,0.30457252264022827,254.69171142578125,248.41900634765625,259.0386047363281
0229,1,1,98,0.632258064516129,0.050724637681159424,155,8,8,7,448,0.34598214285714285,0.3311321948134092,0.5963061353573688,0.42006325110689435,0.32941176470588235,0.592156862745098,0.4235294117647059,0.7356139421463013,0.9999998807907104,0.9998873472213745,0.999997615814209,0.3318885266780853,114.02015686035156,0.13789159059524536,0.5674978494644165,-1.0727729797363281,1.1758884191513062,-0.23999038338661194,0.23999038338661194,204.6962432861328,200.81333923339844,208.63604736328125
0229,2,1,103,0.7803030303030303,0.05363186670137985,132,9,5,8,360,0.36666666666666664,0.3433155080213904,0.6163992869875223,0.4400772430184195,0.3333333333333333,0.611764705882353,0.4470588235294118,0.6788021922111511,0.9999769926071167,0.9790449142456055,0.9995295405387878,0.3035973310470581,89.60189056396484,-0.18810570240020752,0.462222695350647,-1.1389100551605225,0.86724853515625,-0.438137948513031,0.438137948513031,212.4796142578125,209.55906677246094,214.93719482421875
0229,3,1,103,0.7803030303030303,0.05363186670137985,132,7,6,6,252,0.5238095238095238,0.49414735591206177,0.8056446821152703,0.5639631610219845,0.49411764705882355,0.8,0.5647058823529412,0.6903479695320129,0.9999628663063049,0.9787459373474121,0.999548077583313,0.2949990928173065,91.12593078613281,-0.6627563238143921,0.4219673275947571,-1.2491384744644165,0.3822433054447174,-0.4655415415763855,0.4655415415763855,281.1087951660156,277.9370422363281,283.8115539550781
0229,4,1,901,0.6629874908020603,0.35556432517758485,1359,22,22,8,3872,0.3509814049586777,0.5335382129304996,0.7087189253920847,0.41475998788036184,0.5333333333333333,0.7098039215686275,0.4196078431372549,0.7890382409095764,0.9999992251396179,0.9998794794082642,0.9999850988388062,0.29521292448043823,1072.302978515625,-0.6690884232521057,0.4257514774799347,-1.4034583568572998,0.86724853515625,-0.4753814935684204,0.4753814935684204,250.33255004882812,241.1099395751953,258.85516357421875
0229,5,1,1636,0.7835249042145593,0.5644298775228567,2088,20,19,21,7980,0.26165413533834586,0.5609420779806176,0.7977387123431748,0.5600180302005859,0.5372549019607843,0.796078431372549,0.5803921568627451,0.8393515944480896,1.0,0.9999938011169434,0.9999991059303284,0.27482229471206665,1752.566162109375,-0.607353150844574,0.4811078906059265,-1.4034583568572998,1.3081625699996948,-0.4736463725566864,0.4736463725566864,287.3389587402344,280.30517578125,292.8839416503906
0229,6,1,400,0.7766990291262136,0.1893939393939394,515,12,14,9,1512,0.3406084656084656,0.6240015229392728,0.6550085665334094,0.4445535884256615,0.611764705882353,0.6431372549019608,0.45098039215686275,0.8313186168670654,1.0,0.999992847442627,0.9999995827674866,0.2848888635635376,428.12908935546875,-0.25070375204086304,0.5509976744651794,-1.1609556674957275,1.3081625699996948,-0.4455161392688751,0.4455161392688751,257.67791748046875,250.80072021484375,264.4295654296875
0234,1,1,1336,0.698379508625196,0.012361728606390903,1913,15,27,16,6480,0.29521604938271606,0.29921201912838086,0.5225463930998432,0.5686979058291337,0.28888888888888886,0.521875,0.5566343042071198,0.5816850066184998,0.9993582963943481,0.861040472984314,0.9594994187355042,0.29087722301483154,1112.763427734375,-0.0943974107503891,0.33954212069511414,-0.6544324159622192,1.0699200630187988,-0.4965471178293228,0.4965471178293228,256.065673828125,247.6610565185547,267.36865234375
0234,2,1,201757,0.8351906279753281,0.8852718688570627,241570,118,90,110,1168200,0.20678822119500084,0.5229896249687614,0.5923118169681666,0.6359454394412603,0.6518518518518519,0.5625,0.47572815533980584,0.8835545778274536,0.9999145269393921,0.9975863695144653,0.9988020062446594,0.23463867604732513,213440.28125,0.12361516058444977,0.4266379475593567,-0.8354928493499756,3.1215076446533203,-0.47931765019893646,0.47931765019893646,310.02374267578125,264.6752624511719,343.9098815917969
0234,3,0,0,0.0,0.0,2811,18,21,23,8694,0.3233264320220842,0.320417144287653,0.2835278815368196,0.498242572234138,0.3296296296296296,0.271875,0.5016181229773463,0.7552027702331543,0.999828577041626,0.9978656768798828,0.999273419380188,0.29924628138542175,2122.875,0.34446197748184204,0.47792601585388184,-0.6752054691314697,1.4053692817687988,-0.49035805463790894,0.49035805463790894,199.06924438476562,191.01309204101562,211.7923583984375
0234,4,0,0,0.0,0.0,6,2,2,2,8,0.75,0.30123456790123454,0.4671875,0.7001078748651565,0.3,0.465625,0.6990291262135923,0.11521384119987488,0.1298682540655136,0.11875297874212265,0.1250361055135727,0.007894259877502918,0.6912830471992493,-0.2280198335647583,0.08997197449207306,-0.31790560483932495,-0.08724850416183472,-0.1724882870912552,0.1724882870912552,275.5533752441406,274.91998291015625,276.2480773925781
0234,5,1,58,0.6823529411764706,0.0005412391577198901,85,5,6,8,240,0.3541666666666667,0.33307189542483656,0.576764705882353,0.5564439367980202,0.3333333333333333,0.578125,0.5566343042071198,0.4651947617530823,0.9552809000015259,0.737527072429657,0.9068111181259155,0.2858281433582306,39.54155349731445,0.17293307185173035,0.20255593955516815,-0.24189428985118866,0.6377995610237122,-0.3302132189273834,0.3302132189273834,268.14337158203125,265.8382873535156,270.4681091308594
0234,6,0,0,0.0,0.0,1,1,1,1,1,1.0,0.3296296296296296,0.5,0.6731391585760518,0.3296296296296296,0.5,0.6731391585760518,0.1041913628578186,0.1041913628578186,0.1041913628578186,0.1041913628578186,0.0,0.1041913628578186,0.7408812642097473,0.0,0.7408812642097473,0.7408812642097473,-0.10529124736785889,0.10529124736785889,277.4238586425781,277.4238586425781,277.4238586425781
0234,7,0,0,0.0,0.0,14,3,3,3,27,0.5185185185185185,0.3515873015873016,0.6368303571428571,0.6537216828478964,0.35185185185185186,0.6375,0.6537216828478964,0.2196216732263565,0.48437339067459106,0.24496245384216309,0.4020773768424988,0.11433733999729156,3.0747034549713135,0.45830485224723816,0.10493848472833633,0.3067184090614319,0.680724561214447,-0.21114012598991394,0.21114012598991394,302.5488586425781,301.37353515625,303.70050048828125
0234,8,0,0,0.0,0.0,2,2,1,1,2,1.0,0.42407407407407405,0.59375,0.540453074433657,0.42592592592592593,0.59375,0.540453074433657,0.13131344318389893,0.1537764072418213,0.1425449252128601,0.14928381145000458,0.022462967783212662,0.26262688636779785,0.8089410066604614,0.10560348629951477,0.703337550163269,0.9145445227622986,-0.26299381256103516,0.26299381256103516,278.0817565917969,277.87408447265625,278.2894287109375
0234,9,1,106,0.7737226277372263,0.0009889212827988339,137,8,7,6,336,0.40773809523809523,0.4475263584752636,0.48615419708029195,0.5741856235088465,0.45555555555555555,0.484375,0.56957928802589,0.6230301856994629,0.9623866677284241,0.8531430959701538,0.90796959400177,0.2506137788295746,85.35513305664062,1.043378472328186,0.39585691690444946,0.17647142708301544,1.8573858737945557,-0.9976471662521362,0.9976471662521362,265.5748291015625,262.4861755371094,268.1212463378906
0234,10,0,0,0.0,0.0,4,2,2,2,8,0.5,0.4527777777777778,0.50703125,0.5703883495145631,0.45185185185185184,0.50625,0.56957928802589,0.22367505729198456,0.3476712703704834,0.2541666626930237,0.31026941537857056,0.07762718200683594,0.8947002291679382,1.4084093570709229,0.17081843316555023,1.1569976806640625,1.583563208580017,-0.6363794803619385,0.6363794803619385,269.4071044921875,268.9776916503906,269.6330871582031
0234,11,0,0,0.0,0.0,7,2,3,3,18,0.3888888888888889,0.46772486772486777,0.6410714285714285,0.7022653721682848,0.4666666666666667,0.640625,0.7022653721682848,0.2718152105808258,0.4192222058773041,0.34208816289901733,0.3887159824371338,0.1013898178935051,1.9027063846588135,0.3820125460624695,0.18359316885471344,0.17861050367355347,0.7429625988006592,-0.28788071870803833,0.28788071870803833,324.61480712890625,323.74371337890625,325.4366149902344
0234,12,0,0,0.0,0.0,1,1,1,1,1,1.0,0.4740740740740741,0.609375,0.540453074433657,0.4740740740740741,0.609375,0.540453074433657,0.13173693418502808,0.13173693418502808,0.13173693418502808,0.13173693418502808,0.0,0.13173693418502808,0.8038763999938965,0.0,0.8038763999938965,0.8038763999938965,-0.37574470043182373,0.37574470043182373,287.3238525390625,287.3238525390625,287.3238525390625
0234,13,0,0,0.0,0.0,2,2,1,1,2,1.0,0.49074074074074076,0.4,0.6051779935275081,0.4888888888888889,0.4,0.6051779935275081,0.173421710729599,0.1867518573999405,0.18008679151535034,0.18408583104610443,0.013330146670341492,0.346843421459198,1.5686323642730713,0.050022661685943604,1.518609642982483,1.6186549663543701,-0.06932663917541504,0.06932663917541504,263.0122375488281,262.7584533691406,263.2660217285156
0234,14,0,0,0.0,0.0,16,3,3,3,27,0.5925925925925926,0.5078703703703704,0.630859375,0.6828478964401294,0.5074074074074074,0.63125,0.6828478964401294,0.17732298374176025,0.3011477589607239,0.21435397863388062,0.2338656634092331,0.05321594327688217,2.837167739868164,0.3261401653289795,0.08237209171056747,0.2209281027317047,0.5061919689178467,-0.24307793378829956,0.24307793378829956,323.0392150878906,321.98291015625,324.14349365234375
0234,15,0,0,0.0,0.0,1,1,1,1,1,1.0,0.5222222222222223,0.64375,0.7022653721682848,0.5222222222222223,0.64375,0.7022653721682848,0.1496010422706604,0.1496010422706604,0.1496010422706604,0.1496010422706604,0.0,0.1496010422706604,0.23539486527442932,0.0,0.23539486527442932,0.23539486527442932,-0.20156916975975037,0.20156916975975037,331.19329833984375,331.19329833984375,331.19329833984375
0234,16,1,1,1.0,9.33536844365405e-06,1,1,1,1,1,1.0,0.5259259259259259,0.64375,0.6990291262135923,0.5259259259259259,0.64375,0.6990291262135923,0.13820995390415192,0.13820995390415192,0.13820995390415192,0.13820995390415192,0.0,0.13820995390415192,0.08150450140237808,0.0,0.08150450140237808,0.08150450140237808,-0.2277122363448143,0.2277122363448143,330.96978759765625,330.96978759765625,330.96978759765625
0234,17,0,0,0.0,0.0,17,5,5,5,125,0.136,0.6579520697167757,0.46819852941176465,0.44983818770226536,0.6592592592592592,0.46875,0.44983818770226536,0.11808688193559647,0.16079792380332947,0.13520506024360657,0.15416249632835388,0.021763181313872337,2.007477045059204,0.17738425731658936,0.10011333972215652,0.0406821146607399,0.46492287516593933,-0.3096029758453369,0.3096029758453369,271.4521179199219,270.4625549316406,272.9139099121094
0236,1,0,0,0.0,0.0,69,4,8,6,192,0.359375,0.5164881327452215,0.21697274106628997,0.6732492532359775,0.5181159420289855,0.21299638989169675,0.6717557251908397,0.31655365228652954,0.611231803894043,0.4117065668106079,0.47638413310050964,0.12535054981708527,21.842201232910156,0.45253679156303406,0.26293298602104187,-0.09434439241886139,0.944250226020813,-0.43499502539634705,0.43499502539634705,235.24087524414062,232.3230438232422,237.87811279296875
0237,1,0,0,0.0,0.0,26,3,4,3,36,0.7222222222222222,0.6947209653092006,0.49653092006033184,0.42277526395173454,0.6901960784313725,0.4980392156862745,0.4196078431372549,0.4646832346916199,0.919062077999115,0.6757245063781738,0.8049939870834351,0.2481122761964798,12.081764221191406,-0.5008252859115601,0.3074645698070526,-1.1508750915527344,0.101072758436203,-0.4955447060056031,0.4955447060056031,243.70938110351562,242.18588256835938,245.13058471679688
0243,1,0,0,0.0,0.0,12,3,3,3,27,0.4444444444444444,0.38283208020050125,0.4343553459119497,0.48701690821256033,0.38345864661654133,0.42924528301886794,0.4891304347826087,0.22063493728637695,0.37864091992378235,0.2639250159263611,0.2924230396747589,0.07515092939138412,2.6476192474365234,0.028876369819045067,0.48428377509117126,-0.6588743329048157,0.7177631855010986,-1.0429043117910624,1.0429043117910624,192.6737060546875,191.68202209472656,193.66207885742188
0243,2,0,0,0.0,0.0,8,2,3,3,18,0.4444444444444444,0.555921052631579,0.5748820754716981,0.6707427536231884,0.556390977443609,0.5754716981132075,0.6702898550724637,0.1724032163619995,0.24999503791332245,0.19397926330566406,0.23910246789455414,0.04323950409889221,1.379225730895996,0.22156484425067902,0.14226281642913818,-0.06648993492126465,0.3877273499965668,-0.6452108472585678,0.6452108472585678,267.00128173828125,266.3475036621094,267.7330627441406
0243,3,0,0,0.0,0.0,3,1,2,2,4,0.75,0.6954887218045113,0.360062893081761,0.39371980676328505,0.6954887218045113,0.3632075471698113,0.39492753623188404,0.12923793494701385,0.14441770315170288,0.14168617129325867,0.1433250904083252,0.01774517260491848,0.38771378993988037,-0.4020043909549713,0.13220059871673584,-0.5721641182899475,-0.24984432756900787,-0.8068379759788513,0.8068379759788513,228.54225158691406,228.114013671875,228.92356872558594
0245,1,1,23,0.6216216216216216,0.7076923076923077,37,4,5,4,80,0.4625,0.5400105988341283,0.7837837837837838,0.49655537890832013,0.5411764705882353,0.7843137254901961,0.49411764705882355,0.7627070546150208,0.9999996423721313,0.9999008774757385,0.9999989867210388,0.3128921091556549,28.22016143798828,2.184166431427002,0.17096899449825287,1.8583093881607056,2.4994735717773438,-0.2030646800994873,0.2030646800994873,274.2620544433594,272.7214660644531,275.8731689453125
0247,1,1,1357,0.6991241628026791,0.5001842978252856,1941,12,34,33,13464,0.14416221033868093,0.4230502154700797,0.6578478921281246,0.4887934674398516,0.4180602006688963,0.6655172413793103,0.43609022556390975,0.8130636811256409,1.0,0.9999861717224121,0.9999994039535522,0.2872632145881653,1578.1566162109375,0.7766864895820618,0.3740164041519165,-0.5387978553771973,1.5089329481124878,-0.23450416326522827,0.23450416326522827,263.90777587890625,252.12893676757812,275.53765869140625
0247,2,0,0,0.0,0.0,2,1,2,1,2,1.0,0.41471571906354515,0.6155172413793103,0.5,0.41471571906354515,0.6172413793103448,0.5,0.2153906226158142,0.22846245765686035,0.22192654013633728,0.22584809362888336,0.013071835041046143,0.4307812452316284,1.1753891706466675,0.03872096538543701,1.1366682052612305,1.2141101360321045,-0.1340395212173462,0.1340395212173462,255.29664611816406,254.94705200195312,255.646240234375
0247,3,0,0,0.0,0.0,8,4,3,2,24,0.3333333333333333,0.47324414715719065,0.38362068965517243,0.46381578947368424,0.4782608695652174,0.38620689655172413,0.462406015037594,0.16762632131576538,0.2490321397781372,0.1947793811559677,0.23326610028743744,0.04873352497816086,1.341010570526123,1.3674677610397339,0.11669069528579712,1.1208765506744385,1.5398504734039307,-0.07558608055114746,0.07558608055114746,218.87210083007812,217.6993408203125,220.02044677734375
0247,4,0,0,0.0,0.0,2,1,1,2,2,1.0,0.4682274247491639,0.38620689655172413,0.4718045112781955,0.4682274247491639,0.38620689655172413,0.47368421052631576,0.1022472083568573,0.10283657163381577,0.10254188627004623,0.10271869599819183,0.000589367002248764,0.2044944167137146,1.4398256540298462,0.04991936683654785,1.3899062871932983,1.489745020866394,-0.08113598823547363,0.08113598823547363,219.48899841308594,219.20310974121094,219.77488708496094
0247,5,0,0,0.0,0.0,1,1,1,1,1,1.0,0.4682274247491639,0.3931034482758621,0.4774436090225564,0.4682274247491639,0.3931034482758621,0.4774436090225564,0.11699071526527405,0.11699071526527405,0.11699071526527405,0.11699071526527405,0.0,0.11699071526527405,1.5076267719268799,0.0,1.5076267719268799,1.5076267719268799,-0.03720545768737793,0.03720545768737793,221.37298583984375,221.37298583984375,221.37298583984375
0247,6,1,245,0.6363636363636364,0.12661498708010335,385,16,10,10,1600,0.240625,0.49822351561482,0.40413793103448276,0.4514500537056928,0.5050167224080268,0.40344827586206894,0.4548872180451128,0.604074239730835,0.9999878406524658,0.961196780204773,0.9993523955345154,0.3330667316913605,232.56857299804688,1.4195468425750732,0.4962160587310791,0.09502893686294556,2.547015428543091,-0.00500643253326416,0.00500643253326416,225.0732879638672,217.0437774658203,231.2833709716797
0247,7,0,0,0.0,0.0,2,2,1,1,2,1.0,0.479933110367893,0.38275862068965516,0.45864661654135336,0.4782608695652174,0.38275862068965516,0.45864661654135336,0.13159963488578796,0.16164161264896393,0.14662063121795654,0.15563321113586426,0.030041977763175964,0.2631992697715759,1.40743088722229,0.09538275003433228,1.3120481967926025,1.502813696861267,-0.1057199239730835,0.1057199239730835,219.2838134765625,218.95433044433594,219.61329650878906
0247,8,0,0,0.0,0.0,1,1,1,1,1,1.0,0.4782608695652174,0.3896551724137931,0.46616541353383456,0.4782608695652174,0.3896551724137931,0.46616541353383456,0.17297157645225525,0.17297157645225525,0.17297157645225525,0.17297157645225525,0.0,0.17297157645225525,1.364198923110962,0.0,1.364198923110962,1.364198923110962,-0.145674467086792,0.145674467086792,221.09048461914062,221.09048461914062,221.09048461914062
0247,9,1,61,0.8356164383561644,0.034288926363125354,73,5,6,6,180,0.40555555555555556,0.5009392037384891,0.49211147850732173,0.4300648882480173,0.5016722408026756,0.496551724137931,0.42857142857142855,0.770283579826355,0.9999756217002869,0.9996351003646851,0.9999522566795349,0.32560664415359497,56.2307014465332,1.3563861846923828,0.408805251121521,0.2720481753349304,2.0666186809539795,-0.407903790473938,0.407903790473938,237.0463104248047,234.20289611816406,240.4537353515625
0247,10,1,410,0.7231040564373897,0.20236920039486672,567,19,10,19,3610,0.15706371191135735,0.5349695929406074,0.5304019947698109,0.5177029876277996,0.5451505016722408,0.5310344827586206,0.5075187969924813,0.8317347764968872,1.0,0.9998058080673218,0.9999904632568359,0.27655863761901855,471.5936279296875,0.9185895323753357,0.5894250869750977,-0.42830175161361694,1.9781204462051392,-0.5965520739555359,0.5965520739555359,261.8066711425781,248.1954803466797,269.261962890625
0247,11,1,180,0.7531380753138075,0.0966702470461869,239,11,9,7,693,0.3448773448773449,0.5699332503043618,0.6105035348434569,0.48574889105609215,0.568561872909699,0.6068965517241379,0.48872180451127817,0.8248025178909302,1.0,0.9999969005584717,0.9999998807907104,0.2893851101398468,197.1278076171875,1.16193425655365,0.2127852439880371,0.6322753429412842,1.775769591331482,-0.38115429878234863,0.38115429878234863,278.2596130371094,272.4261474609375,282.5544128417969
0247,12,1,463,0.7279874213836478,0.22470274205289978,636,10,13,16,2080,0.3057692307692308,0.5689878210386824,0.6496638473216223,0.4478413013666241,0.5652173913043478,0.6448275862068965,0.4473684210526316,0.846794068813324,1.0,0.9999960660934448,0.9999997615814209,0.26669302582740784,538.56103515625,1.060869574546814,0.2105720490217209,0.5530784130096436,1.511908769607544,-0.30953288078308105,0.30953288078308105,281.0501708984375,275.9963684082031,287.92706298828125
0248,1,1,39693,0.843204316607894,0.7567706694883748,47074,43,70,57,171570,0.2743719764527598,0.4252997806200811,0.5589723003986387,0.5443264659929128,0.391304347826087,0.5827586206896552,0.5,0.9004572629928589,0.999996542930603,0.9999629259109497,0.9999824166297913,0.23110613226890564,42388.125,0.20857208967208862,0.5289819240570068,-0.6777900457382202,1.9437848329544067,-0.5579491853713989,0.5579491853713989,252.9108428955078,225.75650024414062,277.9262390136719
0248,2,1,2063,0.6895053475935828,0.06784064190466794,2992,21,45,45,42525,0.0703586125808348,0.4321557598411819,0.293057348331182,0.41356524667283184,0.4414715719063545,0.30689655172413793,0.4398496240601504,0.678198516368866,0.9999422430992126,0.9918645024299622,0.9989467263221741,0.32518458366394043,2029.1700439453125,1.6372888088226318,0.3285233676433563,-0.31518974900245667,2.358442544937134,-0.06318700313568115,0.06318700313568115,190.76266479492188,170.13818359375,212.76747131347656
0248,3,0,0,0.0,0.0,24,3,5,5,75,0.32,0.4148550724637681,0.29281609195402303,0.5231829573934836,0.411371237458194,0.2896551724137931,0.5263157894736842,0.2997017502784729,0.5425586700439453,0.406410813331604,0.4405480623245239,0.11957491189241409,7.19284200668335,1.115454912185669,0.23803728818893433,0.6273900270462036,1.5060745477676392,-0.6427133083343506,0.6427133083343506,205.4676971435547,204.60939025878906,206.38072204589844
0248,4,0,0,0.0,0.0,1,1,1,1,1,1.0,0.41471571906354515,0.27586206896551724,0.35714285714285715,0.41471571906354515,0.27586206896551724,0.35714285714285715,0.10823485255241394,0.10823485255241394,0.10823485255241394,0.10823485255241394,0.0,0.10823485255241394,1.7508866786956787,0.0,1.7508866786956787,1.7508866786956787,-0.14923131465911865,0.14923131465911865,176.21009826660156,176.21009826660156,176.21009826660156
0248,5,1,1,1.0,3.458532198934772e-05,1,1,1,1,1,1.0,0.5150501672240803,0.5551724137931034,0.47368421052631576,0.5150501672240803,0.5551724137931034,0.47368421052631576,0.10495331883430481,0.10495331883430481,0.10495331883430481,0.10495331883430481,0.0,0.10495331883430481,0.5696454644203186,0.0,0.5696454644203186,0.5696454644203186,-0.112679123878479,0.112679123878479,256.5579833984375,256.5579833984375,256.5579833984375
0248,6,1,9,0.8181818181818182,0.0003112140807081849,11,5,2,3,30,0.36666666666666664,0.5208269990878687,0.5601880877742947,0.47026657552973344,0.5250836120401338,0.5620689655172414,0.47368421052631576,0.12536348402500153,0.1547553837299347,0.13762447237968445,0.14988623559474945,0.01682850904762745,1.3789983987808228,0.7399963736534119,0.13281112909317017,0.5364921689033508,1.0086613893508911,-0.2117300033569336,0.2117300033569336,258.0762634277344,256.2127990722656,260.2421875
0248,7,1,7657,0.8350054525627044,0.22857739898801438,9170,53,35,39,72345,0.12675374939525882,0.6284503415601989,0.569886060241417,0.4710960880937349,0.6622073578595318,0.5827586206896552,0.44360902255639095,0.8554158210754395,0.9999791383743286,0.9995546340942383,0.9998487234115601,0.2561822235584259,7844.1630859375,0.5355309247970581,0.6354506611824036,-0.6366013884544373,1.8182847499847412,-0.49422717094421387,0.49422717094421387,280.88677978515625,260.0980529785156,298.81097412109375
0248,8,1,1087,0.5982388552559164,0.036449600965729995,1817,22,21,26,12012,0.15126540126540128,0.5748495719542117,0.31513483764446887,0.4501905561923521,0.5652173913043478,0.3103448275862069,0.4548872180451128,0.6964743733406067,0.9999740123748779,0.9962893724441528,0.9994260668754578,0.324087917804718,1265.493896484375,1.9667538404464722,0.24992898106575012,0.7294831275939941,2.522068738937378,0.0423811674118042,0.0423811674118042,229.41481018066406,219.1757354736328,237.844482421875
0248,9,1,369,0.8163716814159292,0.012663223459565194,452,9,12,14,1512,0.29894179894179895,0.548383993843786,0.5865501983521514,0.5704471355379599,0.5451505016722408,0.5896551724137931,0.5676691729323309,0.7829376459121704,0.9999542236328125,0.9991101026535034,0.9997668862342834,0.3011833429336548,353.8878173828125,0.502898097038269,0.2369745373725891,-0.13584016263484955,1.0550705194473267,-0.2696075439453125,0.2696075439453125,281.40478515625,276.7110290527344,285.61163330078125
0248,10,0,0,0.0,0.0,72,7,6,5,210,0.34285714285714286,0.550771088814567,0.43266283524904214,0.4388053467000836,0.5484949832775919,0.43103448275862066,0.43609022556390975,0.48928144574165344,0.961968719959259,0.7955255508422852,0.9174805879592896,0.2902457118034363,35.22826385498047,1.928911805152893,0.35604333877563477,0.9990066885948181,2.835815668106079,-0.33779609203338623,0.33779609203338623,238.36854553222656,234.88294982910156,242.10328674316406
0248,11,1,40,0.851063829787234,0.001382313301309742,47,5,4,8,160,0.29375,0.5971678645129154,0.5456346294937638,0.5799072148456247,0.5986622073578596,0.5482758620689655,0.5864661654135338,0.41668251156806946,0.7773803472518921,0.6296305656433105,0.72110515832901,0.216949462890625,19.584077835083008,0.5049564838409424,0.15268591046333313,0.1720014363527298,0.8820122480392456,-0.20702630281448364,0.20702630281448364,284.73486328125,281.40716552734375,288.19091796875
0248,12,1,7,1.0,0.0002420721374969741,7,3,2,2,12,0.5833333333333334,0.6822742474916388,0.5527093596059113,0.4828141783029001,0.6822742474916388,0.5517241379310345,0.48120300751879697,0.15957245230674744,0.20555175840854645,0.19050811231136322,0.19810250401496887,0.033475521951913834,1.1170071363449097,0.4548572897911072,0.033549729734659195,0.4170342683792114,0.5310413837432861,-0.2943207621574402,0.2943207621574402,290.1916809082031,289.5807189941406,290.9931335449219
0249,1,1,91,0.6791044776119403,0.07300441235459286,134,7,7,7,343,0.39067055393586003,0.33210418495756516,0.6122329528826456,0.42230026338893767,0.3333333333333333,0.611764705882353,0.42745098039215684,0.7971063852310181,0.9999995827674866,0.9999576807022095,0.9999947547912598,0.29798415303230286,106.812255859375,-0.29013338685035706,0.5347744226455688,-1.27051842212677,0.8994699120521545,-0.4114883840084076,0.4114883840084076,208.1280059814453,204.32083129882812,211.39773559570312
0249,2,0,0,0.0,0.0,1,1,1,1,1,1.0,0.33725490196078434,0.6274509803921569,0.4470588235294118,0.33725490196078434,0.6274509803921569,0.4470588235294118,0.12062489241361618,0.12062489241361618,0.12062489241361618,0.12062489241361618,0.0,0.12062489241361618,-0.6719009280204773,0.0,-0.6719009280204773,-0.6719009280204773,-0.2255207896232605,0.2255207896232605,214.86041259765625,214.86041259765625,214.86041259765625
0249,3,0,0,0.0,0.0,2,1,1,2,2,1.0,0.33725490196078434,0.6352941176470588,0.4215686274509804,0.33725490196078434,0.6352941176470588,0.4235294117647059,0.14689883589744568,0.14890986680984497,0.14790435135364532,0.14850765466690063,0.002011023461818695,0.29379767179489136,-0.9213248491287231,0.09976956993341446,-1.0210944414138794,-0.8215553164482117,-0.7593573331832886,0.7593573331832886,213.0010223388672,212.74867248535156,213.2533721923828
0249,4,0,0,0.0,0.0,1,1,1,1,1,1.0,0.3411764705882353,0.6313725490196078,0.44313725490196076,0.3411764705882353,0.6313725490196078,0.44313725490196076,0.11336459964513779,0.11336459964513779,0.11336459964513779,0.11336459964513779,0.0,0.11336459964513779,-0.6968433260917664,0.0,-0.6968433260917664,-0.6968433260917664,-0.11951565742492676,0.11951565742492676,215.48550415039062,215.48550415039062,215.48550415039062
0249,5,0,0,0.0,0.0,1,1,1,1,1,1.0,0.35294117647058826,0.6313725490196078,0.43137254901960786,0.35294117647058826,0.6313725490196078,0.43137254901960786,0.12208153307437897,0.12208153307437897,0.12208153307437897,0.12208153307437897,0.0,0.12208153307437897,-0.9462672472000122,0.0,-0.9462672472000122,-0.9462672472000122,-0.6755231618881226,0.6755231618881226,215.1790008544922,215.1790008544922,215.1790008544922
0249,6,0,0,0.0,0.0,2,1,2,1,2,1.0,0.3568627450980392,0.6333333333333333,0.42745098039215684,0.3568627450980392,0.6352941176470588,0.42745098039215684,0.13744112849235535,0.15333890914916992,0.14539001882076263,0.15015935897827148,0.015897780656814575,0.2748822569847107,-0.45989057421684265,0.18706795573234558,-0.6469585299491882,-0.27282261848449707,-0.4399561323225498,0.4399561323225498,215.4700927734375,215.09532165527344,215.8448486328125
0249,7,0,0,0.0,0.0,112,7,5,9,315,0.35555555555555557,0.5105392156862745,0.8054621848739496,0.5603641456582633,0.5137254901960784,0.8,0.5607843137254902,0.5417929291725159,0.7887874245643616,0.748903751373291,0.7540566921234131,0.22751912474632263,60.680809020996094,-0.8351399302482605,0.3428346514701843,-1.295460820198059,0.0015437278198078275,-0.42199671268463135,0.42199671268463135,282.5238342285156,279.77313232421875,285.1771240234375
0249,8,1,1799,0.7333876885446392,0.7477140482128013,2453,20,19,22,8360,0.29342105263157897,0.576497765840947,0.7967195031294214,0.553628610025339,0.5764705882352941,0.807843137254902,0.5215686274509804,0.8385887145996094,0.9999998807907104,0.9999836087226868,0.9999974966049194,0.27143117785453796,2057.05810546875,-0.8217687606811523,0.3929639160633087,-1.3453456163406372,0.4255644381046295,-0.49186959862709045,0.49186959862709045,288.37225341796875,281.2934265136719,294.8372497558594
0249,9,1,354,0.7108433734939759,0.24781239061953098,498,12,14,8,1344,0.3705357142857143,0.6249389715725647,0.6565713835735097,0.42790770926844635,0.6196078431372549,0.6509803921568628,0.4392156862745098,0.8068768978118896,0.9999998211860657,0.9999668002128601,0.9999982118606567,0.29994115233421326,401.82470703125,-0.5770396590232849,0.5014265179634094,-1.3453456163406372,0.7498155832290649,-0.5477054957300425,0.5477054957300425,256.2465515136719,249.46743774414062,263.16156005859375
0256,1,1,82,0.5222929936305732,0.22312925170068026,157,6,18,7,756,0.20767195767195767,0.5665542650181091,0.39930061196453104,0.6473086049706507,0.5725490196078431,0.38823529411764707,0.6549019607843137,0.720822274684906,0.9999997615814209,0.9989686012268066,0.9999803900718689,0.31723135709762573,113.16909790039062,1.8520489931106567,0.39029714465141296,0.91827392578125,2.684055805206299,-0.2098156213760376,0.2098156213760376,242.47438049316406,237.0569610595703,247.15379333496094
0256,2,1,256,0.6336633663366337,0.5213849287169042,404,11,15,9,1485,0.27205387205387205,0.5827703358571151,0.6473306154144827,0.5624441855950302,0.5764705882352941,0.6392156862745098,0.5647058823529412,0.7964494228363037,1.0,0.9999655485153198,0.9999988675117493,0.2985548973083496,321.76556396484375,1.7129817008972168,0.3452608585357666,0.6935380697250366,2.373706340789795,-0.19153058528900146,0.19153058528900146,264.9735412597656,257.7013854980469,273.0677490234375
0261,1,1,1421,0.6545370796867803,0.3763241525423729,2171,30,17,24,12240,0.17736928104575164,0.3812754581335067,0.2925876753280769,0.6132422936931567,0.396078431372549,0.27450980392156865,0.6,0.7815902829170227,1.0,0.9999407529830933,0.9999982714653015,0.29890888929367065,1696.83251953125,0.641886830329895,0.16872821748256683,-0.18250302970409393,1.0243853330612183,-0.12386387586593628,0.12386387586593628,199.33914184570312,191.1988525390625,209.23910522460938
0261,2,0,0,0.0,0.0,11,3,3,2,18,0.6111111111111112,0.3329768270944741,0.4577540106951872,0.5315508021390374,0.3333333333333333,0.4588235294117647,0.5294117647058824,0.21040940284729004,0.4145953059196472,0.28181061148643494,0.2975415587425232,0.09888540953397751,2.3145034313201904,0.27830880880355835,0.10821796208620071,0.1178683191537857,0.4504379332065582,-0.3323894143104553,0.3323894143104553,198.4418487548828,197.6790313720703,199.5394744873047
0261,3,0,0,0.0,0.0,4,3,2,1,6,0.6666666666666666,0.35980392156862745,0.23431372549019608,0.5843137254901961,0.3607843137254902,0.23529411764705882,0.5843137254901961,0.17439024150371552,0.24723029136657715,0.20957913994789124,0.23216982185840607,0.05134532228112221,0.6975609660148621,0.2492808997631073,0.11827597767114639,0.058874573558568954,0.37534505128860474,-0.3378601372241974,0.3378601372241974,185.40293884277344,184.78636169433594,186.1101837158203
0261,4,1,78,0.9285714285714286,0.028545288197621227,84,7,5,4,140,0.6,0.3875816993464052,0.5316993464052288,0.52703081232493,0.3843137254901961,0.5333333333333333,0.5294117647058824,0.20352819561958313,0.3656505346298218,0.217270165681839,0.28061816096305847,0.04837305098772049,17.09636878967285,-0.12053284049034119,0.2411165088415146,-0.622363805770874,0.3109488785266876,-0.4713590145111084,0.4713590145111084,215.43942260742188,212.25927734375,217.87611389160156
0261,5,0,0,0.0,0.0,7,3,2,2,12,0.5833333333333334,0.38319327731092434,0.2605042016806723,0.6095238095238095,0.3843137254901961,0.25882352941176473,0.6078431372549019,0.18127813935279846,0.24004539847373962,0.19106006622314453,0.21484947204589844,0.036020103842020035,1.2689470052719116,0.5860991477966309,0.08402154594659805,0.49333271384239197,0.7294162511825562,-0.21918392181396484,0.21918392181396484,195.74520874023438,195.23831176757812,196.1963348388672
0261,6,1,583,0.5841683366733467,0.18278727073208967,998,10,17,18,3060,0.3261437908496732,0.4432472788714684,0.5836378639632206,0.6581633855947189,0.44313725490196076,0.592156862745098,0.6588235294117647,0.7585172653198242,0.999997615814209,0.9997305274009705,0.9999743700027466,0.29775169491767883,757.000244140625,0.23734520375728607,0.23420053720474243,-0.4829826056957245,0.8313047885894775,-0.33509762585163116,0.33509762585163116,251.6876678466797,244.76927185058594,256.9065856933594
0261,7,0,0,0.0,0.0,5,2,2,2,8,0.625,0.42901960784313725,0.6415686274509804,0.6988235294117646,0.42745098039215684,0.6431372549019608,0.6980392156862745,0.13918927311897278,0.1688423454761505,0.16421149671077728,0.1669900119304657,0.02705211751163006,0.6959463357925415,0.27021512389183044,0.0754542276263237,0.1929612010717392,0.3646485507488251,-0.22021552920341492,0.22021552920341492,265.9112854003906,265.24139404296875,266.5276794433594
0261,8,0,0,0.0,0.0,2,1,2,1,2,1.0,0.4627450980392157,0.44509803921568625,0.792156862745098,0.4627450980392157,0.4470588235294118,0.792156862745098,0.1699167639017105,0.1860705018043518,0.17799362540245056,0.1828397512435913,0.016153737902641296,0.339833527803421,-0.0859629362821579,0.10194271802902222,-0.18790565431118011,0.015979789197444916,-0.40766261518001556,0.40766261518001556,260.4754333496094,260.257568359375,260.69329833984375
0261,9,0,0,0.0,0.0,3,1,2,2,4,0.75,0.4745098039215686,0.35555555555555557,0.5895424836601307,0.4745098039215686,0.3568627450980392,0.5882352941176471,0.2052897810935974,0.24012453854084015,0.22870485484600067,0.23555666208267212,0.034401603043079376,0.6158693432807922,0.7329816818237305,0.046809375286102295,0.6704223155975342,0.7830075621604919,-0.18403887748718262,0.18403887748718262,213.7867889404297,213.269775390625,214.39683532714844
0261,10,0,0,0.0,0.0,1,1,1,1,1,1.0,0.47843137254901963,0.3607843137254902,0.592156862745098,0.47843137254901963,0.3607843137254902,0.592156862745098,0.20576666295528412,0.20576666295528412,0.20576666295528412,0.20576666295528412,0.0,0.20576666295528412,0.5416299700737,0.0,0.5416299700737,0.5416299700737,-0.29885435104370117,0.29885435104370117,215.39266967773438,215.39266967773438,215.39266967773438
0261,11,1,1609,0.6893744644387317,0.41710952689565783,2334,26,31,28,22568,0.10342077277561149,0.6022766604499554,0.29486701278626276,0.5933313171026765,0.596078431372549,0.3254901960784314,0.5882352941176471,0.7937278747558594,0.9999998211860657,0.9999692440032959,0.9999959468841553,0.29878926277160645,1852.560791015625,0.5426905751228333,0.16539548337459564,0.042775604873895645,1.0136886835098267,-0.1778826117515564,0.1778826117515564,229.15933227539062,218.89952087402344,239.00836181640625
0261,12,0,0,0.0,0.0,1,1,1,1,1,1.0,0.5607843137254902,0.5843137254901961,0.6784313725490196,0.5607843137254902,0.5843137254901961,0.6784313725490196,0.17216232419013977,0.17216232419013977,0.17216232419013977,0.17216232419013977,0.0,0.17216232419013977,0.4719395041465759,0.0,0.4719395041465759,0.4719395041465759,-0.14166796207427979,0.14166796207427979,269.9370422363281,269.9370422363281,269.9370422363281
0261,13,1,2,1.0,0.000743080066877206,2,1,1,2,2,1.0,0.5764705882352941,0.596078431372549,0.6490196078431373,0.5764705882352941,0.596078431372549,0.6509803921568628,0.1280718445777893,0.13275457918643951,0.1304132044315338,0.131818026304245,0.0046827346086502075,0.2561436891555786,0.27880486845970154,0.0697445347905159,0.20906032621860504,0.34854939579963684,-0.1355813443660736,0.1355813443660736,269.06951904296875,268.761962890625,269.3770446777344
0261,14,1,2,1.0,0.000743080066877206,2,1,2,1,2,1.0,0.5843137254901961,0.5823529411764706,0.6666666666666666,0.5843137254901961,0.5843137254901961,0.6666666666666666,0.1028464138507843,0.10455941408872604,0.10370291769504547,0.1042168140411377,0.0017129965126514435,0.2056928277015686,0.2680540680885315,0.0,0.2680540680885315,0.2680540680885315,-0.27566778659820557,0.27566778659820557,271.02105712890625,270.7471008300781,271.2950439453125
0261,15,0,0,0.0,0.0,7,2,2,3,12,0.5833333333333334,0.6022408963585435,0.25322128851540615,0.5887955182072829,0.6,0.2549019607843137,0.5882352941176471,0.1595214307308197,0.27911388874053955,0.17336681485176086,0.23725751042366028,0.057257503271102905,1.1166499853134155,0.29719609022140503,0.042590413242578506,0.2305617481470108,0.35384365916252136,-0.1894313395023346,0.1894313395023346,224.95614624023438,224.30335998535156,225.94468688964844
0261,16,1,158,0.5505226480836237,0.05575158786167961,287,9,10,8,720,0.39861111111111114,0.6194165471066475,0.5752544920407188,0.6936394069823051,0.6235294117647059,0.5725490196078431,0.6941176470588235,0.7199826240539551,0.9999958872795105,0.9973491430282593,0.9998717904090881,0.30496513843536377,206.635009765625,0.5365106463432312,0.13110999763011932,0.09636690467596054,0.8635028600692749,-0.1918576955795288,0.1918576955795288,279.4202880859375,273.9288330078125,284.9666748046875
0261,17,0,0,0.0,0.0,1,1,1,1,1,1.0,0.615686274509804,0.25882352941176473,0.6039215686274509,0.615686274509804,0.25882352941176473,0.6039215686274509,0.14228737354278564,0.14228737354278564,0.14228737354278564,0.14228737354278564,0.0,0.14228737354278564,0.6382242441177368,0.0,0.6382242441177368,0.6382242441177368,-0.12000453472137451,0.12000453472137451,230.2954559326172,230.2954559326172,230.2954559326172
0261,18,1,22,0.8461538461538461,0.008137599408174588,26,3,5,4,60,0.43333333333333335,0.6238310708898944,0.26153846153846155,0.5708898944193062,0.6235294117647059,0.2627450980392157,0.5725490196078431,0.30930933356285095,0.767497181892395,0.39311617612838745,0.6457266807556152,0.2018871158361435,8.04204273223877,0.4124760329723358,0.21414430439472198,-0.08061450719833374,0.7240138053894043,-0.3035966455936432,0.3035966455936432,226.42288208007812,224.85772705078125,227.7849884033203
0261,19,1,282,0.746031746031746,0.09793366903976385,378,13,9,8,936,0.40384615384615385,0.6530241726320158,0.31610125531694155,0.6288722896566035,0.6470588235294118,0.3176470588235294,0.6274509803921569,0.8246773481369019,0.9999997615814209,0.9999815821647644,0.9999978542327881,0.2826850712299347,311.72802734375,0.4768553376197815,0.14935199916362762,0.1017693504691124,0.8850042819976807,-0.22186022996902466,0.22186022996902466,245.53106689453125,238.69854736328125,251.11550903320312
0270,1,1,1682,0.7124099957645066,0.5050292748836511,2361,15,28,24,10080,0.23422619047619048,0.47536022456420096,0.7476027937646893,0.6576774547175923,0.4470588235294118,0.7058823529411765,0.6431372549019608,0.8323087692260742,0.9999997615814209,0.9999698400497437,0.9999970197677612,0.27563023567199707,1965.0810546875,0.45658308267593384,0.47779572010040283,-0.2942383885383606,2.0297653675079346,-0.5571264624595642,0.5571264624595642,281.8753356933594,265.8890686035156,291.78759765625
0270,2,1,199,0.6982456140350877,0.08680479825517994,285,8,14,7,784,0.3635204081632653,0.4621671826625387,0.583171654626763,0.7986928104575163,0.4588235294117647,0.5843137254901961,0.796078431372549,0.6611935496330261,0.9999964833259583,0.9919419288635254,0.999874472618103,0.31479784846305847,188.44015502929688,0.19486111402511597,0.35451024770736694,-0.4455166459083557,0.8695512413978577,-0.2133309245109558,0.2133309245109558,278.80377197265625,274.0711669921875,282.79498291015625
0270,3,0,0,0.0,0.0,1,1,1,1,1,1.0,0.4627450980392157,0.6941176470588235,0.6666666666666666,0.4627450980392157,0.6941176470588235,0.6666666666666666,0.17153634130954742,0.17153634130954742,0.17153634130954742,0.17153634130954742,0.0,0.17153634130954742,1.4567813873291016,0.0,1.4567813873291016,1.4567813873291016,-0.34024178981781006,0.34024178981781006,272.74530029296875,272.74530029296875,272.74530029296875
0270,4,1,2047,0.8161881977671451,0.6013513513513513,2508,13,22,23,6578,0.38127090301003347,0.522461456671983,0.7400819338899834,0.6638881070769616,0.5254901960784314,0.7568627450980392,0.6392156862745098,0.873065173625946,0.9999998807907104,0.9999953508377075,0.9999985694885254,0.2595812976360321,2189.6474609375,0.19776028394699097,0.4538330137729645,-0.5245307683944702,1.6023749113082886,-0.7650544047355652,0.7650544047355652,286.94354248046875,278.35589599609375,295.408203125
0270,5,0,0,0.0,0.0,19,3,4,3,36,0.5277777777777778,0.5128998968008256,0.743859649122807,0.6074303405572755,0.5137254901960784,0.7450980392156863,0.6078431372549019,0.4346468150615692,0.7644516229629517,0.5937556028366089,0.7023724913597107,0.20252664387226105,8.258289337158203,0.38382312655448914,0.23215815424919128,-0.15575356781482697,0.7736512422561646,-0.36389341950416565,0.36389341950416565,278.1045227050781,276.763427734375,279.1594543457031
0270,6,0,0,0.0,0.0,2,2,1,1,2,1.0,0.5196078431372549,0.7098039215686275,0.6549019607843137,0.5215686274509804,0.7098039215686275,0.6549019607843137,0.1805192530155182,0.20941445231437683,0.1949668526649475,0.20363540947437286,0.028895191848278046,0.3610385060310364,0.32729583978652954,0.018093302845954895,0.30920252203941345,0.34538912773132324,-0.1093321442604065,0.1093321442604065,280.12933349609375,279.89105224609375,280.36761474609375
0270,7,0,0,0.0,0.0,1,1,1,1,1,1.0,0.5254901960784314,0.7098039215686275,0.6588235294117647,0.5254901960784314,0.7098039215686275,0.6588235294117647,0.1548762321472168,0.1548762321472168,0.1548762321472168,0.1548762321472168,0.0,0.1548762321472168,0.6118731498718262,0.0,0.6118731498718262,0.6118731498718262,-0.14228421449661255,0.14228421449661255,281.4427185058594,281.4427185058594,281.4427185058594
0271,1,0,0,0.0,0.0,26,4,4,3,48,0.5416666666666666,0.5793363499245852,0.641025641025641,0.5911010558069382,0.5803921568627451,0.6392156862745098,0.592156862745098,0.2409759908914566,0.4867714047431946,0.3298182785511017,0.3711370825767517,0.10744819045066833,6.26537561416626,0.7341468334197998,0.08861874043941498,0.5328069925308228,0.8535271286964417,-0.2813981771469116,0.2813981771469116,267.51031494140625,265.7969055175781,268.7508239746094
0273,1,1,247,0.7077363896848138,0.8085106382978723,349,11,10,8,880,0.3965909090909091,0.4859103345756942,0.7191546200745417,0.6453283892353503,0.48120300751879697,0.7218045112781954,0.6392156862745098,0.778853178024292,0.9999986886978149,0.9997818470001221,0.9999843835830688,0.2945706844329834,271.81976318359375,0.18876752257347107,0.22697818279266357,-0.18724623322486877,0.9026964902877808,-0.4948352873325348,0.4948352873325348,283.987548828125,279.6944885253906,287.8905944824219
0275,1,0,0,0.0,0.0,2,1,2,1,2,1.0,0.4980392156862745,0.7352941176470589,0.5176470588235295,0.4980392156862745,0.7333333333333333,0.5176470588235295,0.13992390036582947,0.1695004403591156,0.15471217036247253,0.1635851263999939,0.029576539993286133,0.27984780073165894,0.32281237840652466,0.042097896337509155,0.2807144820690155,0.3649102747440338,-0.3414607048034668,0.3414607048034668,262.6106872558594,262.2536926269531,262.9676818847656
0277,1,1,282,0.5551181102362205,0.12221018418201517,508,9,14,13,1638,0.31013431013431014,0.3422240489169623,0.6674000308784931,0.6180381298491535,0.34065934065934067,0.6745098039215687,0.608058608058608,0.6787974238395691,0.9999703168869019,0.9785085320472717,0.999661922454834,0.30304238200187683,344.8291015625,-0.193647563457489,0.47320857644081116,-0.8790515065193176,1.688883900642395,-0.377433180809021,0.377433180809021,257.6117858886719,253.46005249023438,262.901123046875
0277,2,1,1729,0.7543630017452007,0.5403969370214096,2292,22,17,24,8976,0.2553475935828877,0.3843452940311579,0.43338637374670635,0.6725047785257209,0.38461538461538464,0.43529411764705883,0.6410256410256411,0.8496406674385071,0.9999992251396179,0.9999470710754395,0.9999871850013733,0.2629888653755188,1947.37646484375,0.6000524759292603,0.41625314950942993,-0.7341827154159546,1.544844388961792,-0.4383028745651245,0.4383028745651245,239.12838745117188,229.10696411132812,248.7689666748047
0277,3,1,146,0.7411167512690355,0.06784386617100371,197,10,8,11,880,0.22386363636363638,0.3920157676502854,0.48860356325271226,0.6984250943641807,0.3882783882783883,0.48627450980392156,0.7032967032967034,0.7135816812515259,0.999998927116394,0.9964543581008911,0.9998427033424377,0.2993450462818146,140.57559204101562,0.3977653384208679,0.4509899616241455,-0.44132938981056213,1.2494421005249023,-0.33904874324798584,0.33904874324798584,252.11227416992188,249.21676635742188,256.2127990722656
0277,4,0,0,0.0,0.0,1,1,1,1,1,1.0,0.38095238095238093,0.43137254901960786,0.7106227106227107,0.38095238095238093,0.43137254901960786,0.7106227106227107,0.10642094910144806,0.10642094910144806,0.10642094910144806,0.10642094910144806,0.0,0.10642094910144806,0.08883550018072128,0.0,0.08883550018072128,0.08883550018072128,-0.1842307522892952,0.1842307522892952,246.49746704101562,246.49746704101562,246.49746704101562
0277,5,0,0,0.0,0.0,1,1,1,1,1,1.0,0.41025641025641024,0.403921568627451,0.6886446886446886,0.41025641025641024,0.403921568627451,0.6886446886446886,0.10145953297615051,0.10145953297615051,0.10145953297615051,0.10145953297615051,0.0,0.10145953297615051,0.21021953225135803,0.0,0.21021953225135803,0.21021953225135803,-0.5142607986927032,0.5142607986927032,242.32623291015625,242.32623291015625,242.32623291015625
0277,6,0,0,0.0,0.0,3,2,2,1,4,0.75,0.4163614163614164,0.5189542483660131,0.673992673992674,0.4175824175824176,0.5176470588235295,0.673992673992674,0.15410108864307404,0.19424813985824585,0.1758270263671875,0.1868796944618225,0.03420902416110039,0.4623032808303833,0.6051377654075623,0.087020143866539,0.4856749176979065,0.6904667019844055,-0.6781869530677795,0.6781869530677795,254.0016632080078,253.52711486816406,254.49951171875
0277,7,0,0,0.0,0.0,31,7,3,4,84,0.36904761904761907,0.48552522746071136,0.5175205566097407,0.5772184804442869,0.48717948717948717,0.5176470588235295,0.5787545787545788,0.44580844044685364,0.9842008948326111,0.6063464283943176,0.8547047972679138,0.26948100328445435,13.820061683654785,1.3708527088165283,0.3592268228530884,0.6540111303329468,1.942438006401062,-0.061094045639038086,0.061094045639038086,245.12017822265625,242.73648071289062,247.83462524414062
0277,8,0,0,0.0,0.0,20,3,4,3,36,0.5555555555555556,0.4956043956043956,0.4256862745098039,0.4833333333333333,0.4945054945054945,0.4235294117647059,0.4835164835164835,0.17815910279750824,0.2695808410644531,0.19612321257591248,0.22597567737102509,0.04042329266667366,3.5631821155548096,0.3015572428703308,0.34609484672546387,-0.28706586360931396,1.1224472522735596,-0.9290682673454285,0.9290682673454285,218.57015991210938,217.02073669433594,219.86131286621094
0277,9,1,1601,0.7125055629728527,0.5039345294302802,2247,18,14,29,7308,0.3074712643678161,0.5385740205499885,0.5341029869891881,0.6454988417605241,0.5238095238095238,0.5254901960784314,0.6043956043956044,0.8756862282752991,0.9999998807907104,0.9999920129776001,0.9999985098838806,0.24682208895683289,1967.6669921875,1.0284019708633423,0.4009014964103699,-0.35932913422584534,2.0582470893859863,-0.48467469215393066,0.48467469215393066,267.50750732421875,252.05752563476562,276.85736083984375
0277,10,0,0,0.0,0.0,9,2,2,4,16,0.5625,0.5181115181115181,0.5668845315904139,0.6682946682946683,0.5201465201465202,0.5647058823529412,0.6666666666666666,0.26295462250709534,0.40011337399482727,0.3187461197376251,0.36964359879493713,0.08215688914060593,2.366591691970825,1.0812439918518066,0.15211935341358185,0.7687751054763794,1.2567838430404663,-0.3679068088531494,0.3679068088531494,272.89825439453125,271.9301452636719,273.94342041015625
0277,11,0,0,0.0,0.0,4,2,1,2,4,1.0,0.5402930402930403,0.5490196078431373,0.6098901098901099,0.5421245421245421,0.5490196078431373,0.608058608058608,0.4107198715209961,0.5566235780715942,0.5472889542579651,0.5528897047042847,0.14116910099983215,1.6428794860839844,1.5594764947891235,0.06913390755653381,1.4602317810058594,1.647274136543274,-0.2915750741958618,0.2915750741958618,263.3909912109375,262.7926940917969,263.9886474609375
0277,12,0,0,0.0,0.0,1,1,1,1,1,1.0,0.5714285714285714,0.5333333333333333,0.6410256410256411,0.5714285714285714,0.5333333333333333,0.6410256410256411,0.1135280653834343,0.1135280653834343,0.1135280653834343,0.1135280653834343,0.0,0.1135280653834343,1.2152822017669678,0.0,1.2152822017669678,1.2152822017669678,-0.37759625911712646,0.37759625911712646,271.6063232421875,271.6063232421875,271.6063232421875
0279,1,1,1161,0.7432778489116517,0.8313641245972073,1562,19,27,11,5643,0.27680311890838205,0.4959127312896989,0.7572142301222665,0.3222992141799101,0.4980392156862745,0.7568627450980392,0.3333333333333333,0.8209394812583923,1.0,0.9999907612800598,0.9999995231628418,0.2812086343765259,1282.3074951171875,0.2873213589191437,0.2872316539287567,-0.4141734838485718,1.465944528579712,-0.32590410113334656,0.32590410113334656,245.5743865966797,232.8325653076172,257.0213928222656
0281,1,0,0,0.0,0.0,35,5,4,4,80,0.4375,0.6794397759103642,0.5048739495798319,0.4145658263305322,0.6823529411764706,0.4980392156862745,0.41568627450980394,0.22776003181934357,0.35401085019111633,0.27274829149246216,0.3204525113105774,0.06571290642023087,7.9716010093688965,-0.5349393486976624,0.3704433739185333,-1.103548526763916,0.32227781414985657,-1.0582811832427979,1.0582811832427979,241.0769805908203,239.2697296142578,243.03497314453125
0284,1,1,71150,0.8942823745302346,0.9131218757820572,79561,54,91,71,348894,0.22803774212224917,0.3151863990904993,0.2996945246845989,0.6158665283586819,0.3607843137254902,0.2196078431372549,0.6392156862745098,0.8945029377937317,0.999996542930603,0.9999102354049683,0.9999662041664124,0.23176762461662292,71167.546875,0.8030372262001038,0.740273118019104,-0.6945911049842834,2.982727289199829,-0.31870323419570923,0.31870323419570923,194.0054473876953,165.58079528808594,226.31173706054688
0284,2,0,0,0.0,0.0,1,1,1,1,1,1.0,0.2627450980392157,0.43137254901960786,0.6196078431372549,0.2627450980392157,0.43137254901960786,0.6196078431372549,0.10671490430831909,0.10671490430831909,0.10671490430831909,0.10671490430831909,0.0,0.10671490430831909,1.0772078037261963,0.0,1.0772078037261963,1.0772078037261963,-0.0715034008026123,0.0715034008026123,204.1763916015625,204.1763916015625,204.1763916015625
0284,3,0,0,0.0,0.0,8,3,4,2,24,0.3333333333333333,0.3284313725490196,0.3696078431372549,0.49754901960784315,0.32941176470588235,0.37254901960784315,0.4980392156862745,0.1541474461555481,0.24281805753707886,0.1772317886352539,0.23495207726955414,0.05008641257882118,1.2331795692443848,0.6983325481414795,0.38910219073295593,0.2971705496311188,1.2555019855499268,-0.31006479263305664,0.31006479263305664,179.34246826171875,178.2357940673828,180.4716033935547
0284,4,1,62,0.9538461538461539,0.0016242484576189042,65,8,7,5,280,0.23214285714285715,0.33990950226244343,0.5765309200603318,0.757526395173454,0.3411764705882353,0.5764705882352941,0.7568627450980392,0.4795416593551636,0.8348250389099121,0.7017629146575928,0.756304919719696,0.22376443445682526,31.170207977294922,0.7590211629867554,0.4167596995830536,-0.09284808486700058,1.6455206871032715,-0.6545021533966064,0.6545021533966064,258.10845947265625,256.53460693359375,260.55517578125
0284,5,0,0,0.0,0.0,1,1,1,1,1,1.0,0.33725490196078434,0.30196078431372547,0.5098039215686274,0.33725490196078434,0.30196078431372547,0.5098039215686274,0.15625108778476715,0.15625108778476715,0.15625108778476715,0.15625108778476715,0.0,0.15625108778476715,1.121781349182129,0.0,1.121781349182129,1.121781349182129,-0.2655841112136841,0.2655841112136841,174.3502197265625,174.3502197265625,174.3502197265625
0284,6,1,6,1.0,0.00015730690577316344,6,3,2,2,12,0.5,0.37712418300653594,0.5477124183006535,0.734640522875817,0.3764705882352941,0.5490196078431373,0.7333333333333333,0.13490241765975952,0.17346328496932983,0.1443282663822174,0.15893569588661194,0.02222593128681183,0.8094145059585571,1.5489445924758911,0.12797391414642334,1.3780792951583862,1.756954550743103,-0.3645317554473877,0.3645317554473877,253.0664825439453,252.38661193847656,253.67892456054688
0284,7,1,96,0.8888888888888888,0.002513549603330453,108,6,16,16,1536,0.0703125,0.38834422657952067,0.487763253449528,0.7007262164124909,0.39215686274509803,0.47843137254901963,0.6941176470588235,0.40672504901885986,0.9279034733772278,0.6280115842819214,0.7549534440040588,0.2445111870765686,43.92630386352539,1.7500413656234741,0.32834580540657043,0.8543400168418884,2.3475542068481445,-0.5971692800521851,0.5971692800521851,239.61900329589844,231.4497833251953,248.77499389648438
0284,8,1,76,0.7378640776699029,0.0019900236969927075,103,10,8,12,960,0.10729166666666666,0.394783932990672,0.527393870169427,0.7064534551684752,0.39215686274509803,0.5254901960784314,0.7019607843137254,0.47935712337493896,0.9780725240707397,0.7225488424301147,0.9099857211112976,0.2811758518218994,49.373783111572266,1.9754949808120728,0.3450774848461151,1.0660643577575684,2.6149954795837402,-0.535662055015564,0.535662055015564,246.7497100830078,241.47256469726562,251.1374053955078
0284,9,0,0,0.0,0.0,4,2,2,2,8,0.5,0.4343137254901961,0.4323529411764706,0.638235294117647,0.43529411764705883,0.43137254901960786,0.6392156862745098,0.13368692994117737,0.1891380250453949,0.13894248008728027,0.16905979812145233,0.03238789364695549,0.5347477197647095,0.8989135026931763,0.31547799706459045,0.4086044430732727,1.288932204246521,-0.8664553165435791,0.8664553165435791,226.12173461914062,225.5836944580078,226.7906494140625
0284,10,0,0,0.0,0.0,7,3,3,2,18,0.3888888888888889,0.47955182072829133,0.3803921568627451,0.6487394957983192,0.47843137254901963,0.3803921568627451,0.6470588235294118,0.2537137567996979,0.555971622467041,0.35830751061439514,0.5430041551589966,0.1861140877008438,1.775996208190918,1.4911051988601685,0.22074267268180847,1.2332152128219604,1.7680978775024414,-0.18634867668151855,0.18634867668151855,227.98109436035156,226.97576904296875,229.20733642578125
0290,1,0,0,0.0,0.0,8,3,2,2,12,0.6666666666666666,0.3622549019607843,0.3593137254901961,0.5240196078431373,0.36470588235294116,0.3607843137254902,0.5215686274509804,0.22556781768798828,0.3965317904949188,0.27054688334465027,0.3610883951187134,0.0937584638595581,1.8045425415039062,0.7691096067428589,0.11684451997280121,0.5743514895439148,0.9775406718254089,-0.7549248933792114,0.7549248933792114,187.00393676757812,186.55294799804688,187.76580810546875
0290,2,1,161,0.7030567685589519,0.2153846153846154,229,8,9,5,360,0.6361111111111111,0.39592430858806404,0.5833376145217912,0.36763421525815565,0.39215686274509803,0.5764705882352941,0.3686274509803922,0.8277685046195984,1.0,0.9999955892562866,0.9999996423721313,0.28160515427589417,189.55899047851562,0.4614057242870331,0.3605109453201294,-0.2217414528131485,1.2569937705993652,-0.1629084050655365,0.1629084050655365,203.26708984375,198.71839904785156,207.73541259765625
0290,3,1,811,0.7234611953612846,0.679514034352744,1121,37,25,9,8325,0.13465465465465465,0.6426859771562505,0.5374158227073167,0.36523412219481904,0.5882352941176471,0.5686274509803921,0.36470588235294116,0.7977548837661743,1.0,0.9999618530273438,0.9999969601631165,0.2987065017223358,894.283203125,0.4744435250759125,0.3536559045314789,-0.3399713337421417,1.361652135848999,-0.17712441086769104,0.17712441086769104,234.01806640625,225.1643829345703,242.24160766601562
0290,4,1,179,0.7682403433476395,0.23882588392261508,233,13,6,9,702,0.3319088319088319,0.6635024825380796,0.5785407725321888,0.3782883110325675,0.6588235294117647,0.5803921568627451,0.3764705882352941,0.7916849851608276,1.0,0.9999786019325256,0.9999995231628418,0.30098411440849304,184.4626007080078,0.6134300231933594,0.34116074442863464,-0.252042293548584,1.1806154251098633,-0.10213267803192139,0.10213267803192139,245.03857421875,239.39297485351562,248.96987915039062
0290,5,0,0,0.0,0.0,6,3,3,1,9,0.6666666666666666,0.6758169934640523,0.5581699346405229,0.3686274509803922,0.6784313725490196,0.5568627450980392,0.3686274509803922,0.14003600180149078,0.17793704569339752,0.15255066752433777,0.16668623685836792,0.022238627076148987,0.8402160406112671,0.5309797525405884,0.08292008936405182,0.38199350237846375,0.6645187735557556,-0.21005868911743164,0.21005868911743164,243.1873779296875,242.6293487548828,244.0512237548828
0290,6,0,0,0.0,0.0,4,2,2,2,8,0.5,0.6843137254901961,0.5774509803921568,0.38529411764705884,0.6823529411764706,0.5764705882352941,0.3843137254901961,0.18486018478870392,0.25087955594062805,0.21234941482543945,0.23546749353408813,0.053366273641586304,0.7394407391548157,0.5943462252616882,0.11152151226997375,0.47233960032463074,0.7449174523353577,-0.08011573553085327,0.08011573553085327,249.27162170410156,248.67247009277344,249.7718963623047
0294,1,1,155,0.60546875,0.6175298804780877,256,13,12,8,1248,0.20512820512820512,0.6276194852941176,0.26456801470588237,0.44878982843137255,0.6196078431372549,0.2627450980392157,0.45098039215686275,0.7733365297317505,1.0,0.9999858140945435,1.0,0.30830588936805725,197.97415161132812,1.3046070337295532,0.3747912049293518,0.2886286973953247,2.0355842113494873,-0.2924995422363281,0.2924995422363281,208.78634643554688,203.35191345214844,213.73114013671875
0297,1,1,38,0.5507246376811594,0.24358974358974358,69,6,7,5,210,0.32857142857142857,0.4337027564649048,0.605512929809605,0.4897414038079,0.43529411764705883,0.611764705882353,0.49019607843137253,0.7594727277755737,0.9999994039535522,0.9997187852859497,0.9999932050704956,0.31946438550949097,52.40361785888672,2.6303746700286865,0.48717260360717773,1.4743587970733643,3.558239459991455,-0.45534658432006836,0.45534658432006836,227.80258178710938,225.2709503173828,230.31065368652344
0297,2,1,143,0.5983263598326359,0.5933609958506224,239,17,21,12,4284,0.0557889822595705,0.5545655919271474,0.7742062515382722,0.5062597423906802,0.5568627450980392,0.7725490196078432,0.5098039215686274,0.7574561238288879,1.0,0.9999573230743408,0.9999986886978149,0.31559497117996216,181.03201293945312,2.2421507835388184,0.24153673648834229,1.6270962953567505,2.7236220836639404,-0.1998589038848877,0.1998589038848877,275.5481262207031,262.53570556640625,289.3440856933594
0298,1,0,0,0.0,0.0,1,1,1,1,1,1.0,0.3215686274509804,0.3411764705882353,0.5490196078431373,0.3215686274509804,0.3411764705882353,0.5490196078431373,0.10137178003787994,0.10137178003787994,0.10137178003787994,0.10137178003787994,0.0,0.10137178003787994,-0.13383376598358154,0.0,-0.13383376598358154,-0.13383376598358154,-0.8330195546150208,0.8330195546150208,184.548095703125,184.548095703125,184.548095703125
0298,2,0,0,0.0,0.0,8,2,3,2,12,0.6666666666666666,0.38529411764705884,0.6230392156862745,0.5313725490196078,0.3843137254901961,0.6235294117647059,0.5333333333333333,0.19394084811210632,0.3546946942806244,0.2776019871234894,0.30936384201049805,0.0933116152882576,1.5515267848968506,0.6449254155158997,0.31521865725517273,0.18432912230491638,1.1832126379013062,-0.6687094569206238,0.6687094569206238,231.1984405517578,230.19557189941406,232.1572723388672
0298,3,0,0,0.0,0.0,3,3,1,1,3,1.0,0.5058823529411764,0.403921568627451,0.6509803921568628,0.5058823529411764,0.403921568627451,0.6509803921568628,0.1762627363204956,0.22301127016544342,0.1994509994983673,0.21358716487884521,0.03801906108856201,0.5287882089614868,1.5211066007614136,0.06200379505753517,1.4569807052612305,1.6049634218215942,-0.48973023891448975,0.48973023891448975,234.6603240966797,234.1068115234375,235.2147979736328
0298,4,0,0,0.0,0.0,36,4,5,4,80,0.45,0.5076252723311547,0.43649237472766883,0.6847494553376906,0.5058823529411764,0.4392156862745098,0.6862745098039216,0.2754443287849426,0.5848853588104248,0.37004196643829346,0.45071500539779663,0.13101035356521606,9.915995597839355,0.8921799063682556,0.4773319661617279,-0.08203981071710587,1.6863539218902588,-0.3042014241218567,0.3042014241218567,244.735595703125,242.3014678955078,246.86839294433594
0298,5,0,0,0.0,0.0,2,2,1,1,2,1.0,0.5078431372549019,0.40784313725490196,0.6549019607843137,0.5058823529411764,0.40784313725490196,0.6549019607843137,0.17849716544151306,0.22121189534664154,0.1998545229434967,0.21266894042491913,0.042714737355709076,0.3569943308830261,1.5420708656311035,0.09248918294906616,1.4495816230773926,1.634559988975525,-0.5099236965179443,0.5099236965179443,236.08351135253906,235.80712890625,236.35989379882812
0298,6,0,0,0.0,0.0,1,1,1,1,1,1.0,0.5098039215686274,0.4196078431372549,0.6901960784313725,0.5098039215686274,0.4196078431372549,0.6901960784313725,0.16900943219661713,0.16900943219661713,0.16900943219661713,0.16900943219661713,0.0,0.16900943219661713,1.3829892873764038,0.0,1.3829892873764038,1.3829892873764038,-0.5395203828811646,0.5395203828811646,244.10243225097656,244.10243225097656,244.10243225097656
0298,7,0,0,0.0,0.0,2,1,1,2,2,1.0,0.5490196078431373,0.48627450980392156,0.6568627450980392,0.5490196078431373,0.48627450980392156,0.6549019607843137,0.1508634388446808,0.16625788807868958,0.15856066346168518,0.16317899525165558,0.015394449234008789,0.3017268776893616,0.7614618539810181,0.04439482092857361,0.7170670032501221,0.8058566451072693,-0.749984622001648,0.749984622001648,251.62152099609375,251.28868103027344,251.95436096191406
0298,8,0,0,0.0,0.0,306,6,10,15,900,0.34,0.5903626810201205,0.6048571062411893,0.7769319492502884,0.5882352941176471,0.611764705882353,0.7725490196078432,0.7722037434577942,1.0,0.9999830722808838,0.999998927116394,0.306177020072937,236.29434204101562,1.385987639427185,0.33269715309143066,0.3249127268791199,2.0489115715026855,-0.3267064094543457,0.3267064094543457,293.291748046875,288.2221374511719,298.078857421875
0299,1,1,781,0.7857142857142857,0.04832023757965724,994,34,22,29,21692,0.04582334501198598,0.4537223340040242,0.552248977737392,0.7052511145303192,0.43010752688172044,0.5734767025089605,0.7254901960784313,0.760689377784729,0.9999998211860657,0.9998049736022949,0.9999937415122986,0.31147047877311707,756.125244140625,0.47458162903785706,0.36120671033859253,-0.40178558230400085,1.4386123418807983,-0.3355957567691803,0.3355957567691803,269.2808837890625,260.2767639160156,280.7952880859375
0299,2,0,0,0.0,0.0,28,3,3,5,45,0.6222222222222222,0.44802867383512546,0.5816692268305171,0.731232492997199,0.44802867383512546,0.5806451612903226,0.7294117647058823,0.3185754418373108,0.7428517937660217,0.4070781469345093,0.5818058848381042,0.17288337647914886,8.920112609863281,0.5726861357688904,0.20012167096138,0.1148332804441452,0.9016332626342773,-0.23376494646072388,0.23376494646072388,277.45831298828125,275.7716369628906,279.3599853515625
0299,3,1,84,0.5714285714285714,0.00533689126084056,147,5,5,14,350,0.42,0.4621217662692317,0.5873259698144491,0.7094037615046018,0.46236559139784944,0.5878136200716846,0.7137254901960784,0.6881734132766724,0.999998927116394,0.9982798099517822,0.9999752640724182,0.3281973898410797,101.16149139404297,0.8157678246498108,0.19226911664009094,0.23795737326145172,1.1377042531967163,-0.23644715547561646,0.23644715547561646,276.5213623046875,270.60858154296875,282.1666259765625
0299,4,1,10,1.0,0.0006381213706847042,10,3,2,3,18,0.5555555555555556,0.45878136200716846,0.607168458781362,0.7698039215686275,0.45878136200716846,0.6093189964157706,0.7725490196078432,0.1374036967754364,0.16662189364433289,0.15151622891426086,0.1614975780248642,0.017361583188176155,1.3740370273590088,-0.013770890422165394,0.11767707020044327,-0.15874674916267395,0.1678914874792099,-0.33471859712153673,0.33471859712153673,289.6066589355469,288.7230529785156,290.43072509765625
0299,5,1,1,0.5,6.382842918235782e-05,2,2,1,1,2,1.0,0.460573476702509,0.5913978494623656,0.7568627450980392,0.45878136200716846,0.5913978494623656,0.7568627450980392,0.11995759606361389,0.12083332240581512,0.12039545923471451,0.12065817415714264,0.0008757300674915314,0.23991519212722778,0.1419483721256256,0.02492917701601982,0.11701919883489609,0.16687755286693573,-0.2361033856868744,0.2361033856868744,285.03411865234375,284.80694580078125,285.26129150390625
0299,6,1,167,0.6872427983539094,0.010577988915281077,243,16,11,7,1232,0.19724025974025974,0.48760269628449643,0.5701579715916634,0.6533688372468329,0.4731182795698925,0.5806451612903226,0.6588235294117647,0.5413888096809387,0.9999598264694214,0.8622692823410034,0.9963182210922241,0.3203134834766388,131.55747985839844,0.5717586874961853,0.25899508595466614,-0.2826644480228424,1.0653024911880493,-0.00999307632446289,0.00999307632446289,268.0780334472656,266.0131530761719,270.47735595703125
0299,7,0,0,0.0,0.0,2,1,1,2,2,1.0,0.48028673835125446,0.3978494623655914,0.5666666666666667,0.48028673835125446,0.3978494623655914,0.5686274509803921,0.15040671825408936,0.1688775271177292,0.15964213013648987,0.16518336534500122,0.01847080886363983,0.3008134365081787,0.7391482591629028,0.015210926532745361,0.7239373326301575,0.7543591856956482,-0.11151522397994995,0.11151522397994995,226.77389526367188,226.45529174804688,227.09249877929688
0299,8,0,0,0.0,0.0,2,2,1,1,2,1.0,0.489247311827957,0.4014336917562724,0.5725490196078431,0.4910394265232975,0.4014336917562724,0.5725490196078431,0.12105434387922287,0.1409212201833725,0.13098777830600739,0.1369478404521942,0.019866876304149628,0.24210868775844574,0.6896331906318665,0.023557066917419434,0.666076123714447,0.7131902575492859,-0.1440449357032776,0.1440449357032776,229.70941162109375,229.4101104736328,230.00869750976562
0299,9,0,0,0.0,0.0,80,5,9,4,180,0.4444444444444444,0.49489247311827955,0.6241935483870968,0.4790686274509804,0.4946236559139785,0.6272401433691757,0.47843137254901963,0.491710364818573,0.9564120769500732,0.6761766672134399,0.8415050506591797,0.23965314030647278,39.336830139160156,-0.12338966131210327,0.14009395241737366,-0.41034385561943054,0.20311002433300018,-0.31158415973186493,0.31158415973186493,254.1590118408203,250.72296142578125,257.77703857421875
0299,10,0,0,0.0,0.0,77,8,5,5,200,0.385,0.49997672578317737,0.7208024949960433,0.5288006111535523,0.4982078853046595,0.7240143369175627,0.5254901960784314,0.22388477623462677,0.3575540781021118,0.2975189685821533,0.31993645429611206,0.07563874125480652,17.23912811279297,0.20788270235061646,0.11047627031803131,-0.022509519010782242,0.4282626211643219,-0.21790921688079834,0.21790921688079834,279.943359375,276.78692626953125,283.388427734375
0299,11,1,27340,0.8288113499257284,0.8501375954228144,32987,46,58,60,160080,0.2060657171414293,0.5807431688360343,0.6791206876000788,0.579754829145409,0.5555555555555556,0.6559139784946236,0.5176470588235295,0.8867630958557129,0.9999998211860657,0.9999883770942688,0.999995768070221,0.24245554208755493,29251.654296875,-0.04324178770184517,0.31428319215774536,-0.8141260743141174,1.741991639137268,-0.3686893470585346,0.3686893470585346,290.72100830078125,255.38401794433594,315.0079345703125
0299,12,0,0,0.0,0.0,1,1,1,1,1,1.0,0.5448028673835126,0.5591397849462365,0.6588235294117647,0.5448028673835126,0.5591397849462365,0.6588235294117647,0.13288544118404388,0.13288544118404388,0.13288544118404388,0.13288544118404388,0.0,0.13288544118404388,0.5962575078010559,0.0,0.5962575078010559,0.5962575078010559,-0.08734631538391113,0.08734631538391113,275.624755859375,275.624755859375,275.624755859375
0299,13,0,0,0.0,0.0,2,2,1,1,2,1.0,0.5752688172043011,0.6559139784946236,0.6823529411764706,0.5770609318996416,0.6559139784946236,0.6823529411764706,0.15715543925762177,0.1878027617931366,0.17247909307479858,0.18167328834533691,0.03064732253551483,0.31431087851524353,0.6097725629806519,0.033010333776474,0.5767621994018555,0.6427828669548035,-0.1298488974571228,0.1298488974571228,299.74560546875,299.4761962890625,300.0150146484375
0299,14,1,1,0.5,6.382842918235782e-05,2,1,2,1,2,1.0,0.6057347670250897,0.553763440860215,0.49411764705882355,0.6057347670250897,0.5555555555555556,0.49411764705882355,0.13978353142738342,0.15145628154277802,0.14561989903450012,0.1491217315196991,0.01167275756597519,0.27956706285476685,-0.26683318614959717,0.06615342199802399,-0.33298659324645996,-0.200679749250412,-0.42668090760707855,0.42668090760707855,262.0046081542969,261.70977783203125,262.2994384765625
0299,15,0,0,0.0,0.0,1,1,1,1,1,1.0,0.6093189964157706,0.5734767025089605,0.49019607843137253,0.6093189964157706,0.5734767025089605,0.49019607843137253,0.11383752524852753,0.11383752524852753,0.11383752524852753,0.11383752524852753,0.0,0.11383752524852753,-0.077273890376091,0.0,-0.077273890376091,-0.077273890376091,-0.09583995677530766,0.09583995677530766,265.4543151855469,265.4543151855469,265.4543151855469
0299,16,0,0,0.0,0.0,1,1,1,1,1,1.0,0.6129032258064516,0.5698924731182796,0.49411764705882355,0.6129032258064516,0.5698924731182796,0.49411764705882355,0.10807954519987106,0.10807954519987106,0.10807954519987106,0.10807954519987106,0.0,0.10807954519987106,0.0009685224504210055,0.0,0.0009685224504210055,0.0009685224504210055,-0.07780373183777556,0.07780373183777556,265.9718017578125,265.9718017578125,265.9718017578125
0299,17,0,0,0.0,0.0,2,1,2,1,2,1.0,0.6129032258064516,0.5752688172043011,0.4980392156862745,0.6129032258064516,0.5734767025089605,0.4980392156862745,0.10558386892080307,0.11114676296710968,0.10836531221866608,0.11003418266773224,0.00556289404630661,0.21116773784160614,-0.062364593148231506,0.0242945346981287,-0.08665912598371506,-0.03807005658745766,-0.2579755336046219,0.2579755336046219,267.3451232910156,267.0449523925781,267.6452941894531
0301,1,1,3470,0.8118858212447356,0.8600817945222456,4274,25,33,19,15675,0.27266347687400316,0.4470239569856955,0.7164001211153623,0.45124831401910315,0.4235294117647059,0.7176470588235294,0.4666666666666667,0.8693938851356506,1.0,0.9999990463256836,0.9999997615814209,0.2564427852630615,3715.78955078125,0.1953103244304657,0.4113646447658539,-0.7049744129180908,1.6248277425765991,-0.40655967593193054,0.40655967593193054,244.72857666015625,231.3892822265625,257.1925354003906
0301,2,0,0,0.0,0.0,13,2,3,3,18,0.7222222222222222,0.48446455505279035,0.7885369532428356,0.5206636500754148,0.4823529411764706,0.792156862745098,0.5176470588235295,0.1560555249452591,0.21020694077014923,0.17148436605930328,0.19996219873428345,0.02885844185948372,2.028721809387207,-0.004966879263520241,0.13255645334720612,-0.16438449919223785,0.2914896309375763,-0.22761152125895023,0.22761152125895023,271.2384948730469,270.2757873535156,272.2462158203125
0302,1,1,182,0.65,0.22792736380713838,280,8,9,11,792,0.35353535353535354,0.27946778711484593,0.579607843137255,0.46669467787114843,0.2823529411764706,0.5843137254901961,0.4666666666666667,0.7498836517333984,1.0,0.9998838901519775,0.9999988079071045,0.3116113543510437,209.96742248535156,0.4731413722038269,0.4060637056827545,-0.20950478315353394,1.3525941371917725,-0.359025776386261,0.359025776386261,203.0665283203125,197.36514282226562,207.8966064453125
0302,2,1,166,0.6384615384615384,0.21052631578947367,260,9,10,8,720,0.3611111111111111,0.3812217194570136,0.6103469079939668,0.4019155354449472,0.3764705882352941,0.6039215686274509,0.396078431372549,0.7371712327003479,1.0,0.9999069571495056,0.999999463558197,0.3279242515563965,191.66452026367188,0.4078461229801178,0.2835097014904022,-0.2741744816303253,0.973095715045929,0.04590749740600586,0.04590749740600586,210.66114807128906,205.4507293701172,214.9813995361328
0302,3,1,55,0.5188679245283019,0.07730147575544624,106,5,10,5,250,0.424,0.5022567517573067,0.7137254901960784,0.43888272290048097,0.5019607843137255,0.7176470588235294,0.44313725490196076,0.7027972340583801,0.9999933242797852,0.9936745166778564,0.9999148845672607,0.3167725205421448,74.49650573730469,0.11093515902757645,0.25491422414779663,-0.37124571204185486,0.666382908821106,-0.3159479722380638,0.3159479722380638,249.62510681152344,245.01837158203125,253.5054168701172
0302,4,1,83,0.6287878787878788,0.11456176673567978,132,6,9,5,270,0.4888888888888889,0.5273915626856804,0.7015448603683898,0.43966131907308376,0.5294117647058824,0.7019607843137254,0.44313725490196076,0.7247707843780518,0.9999982714653015,0.9993935227394104,0.9999843239784241,0.3151768743991852,95.66974639892578,0.1743590533733368,0.2608180642127991,-0.28977733850479126,0.8271751999855042,-0.2844986617565155,0.2844986617565155,250.8629608154297,247.0465545654297,254.28724670410156
0302,5,1,509,0.7089136490250696,0.5002457002457003,718,16,16,9,2304,0.3116319444444444,0.5967393085367853,0.5853623900813807,0.399180730788137,0.5803921568627451,0.5647058823529412,0.396078431372549,0.7863398790359497,1.0,0.9999873042106628,0.9999993443489075,0.3135816156864166,564.592041015625,0.32693782448768616,0.34209540486335754,-0.4240092933177948,1.7201112508773804,-0.35337671637535095,0.35337671637535095,236.88597106933594,227.9605255126953,245.03265380859375
0311,1,1,5359,0.8455348690438624,0.25195110484250116,6338,29,30,28,24360,0.26018062397372743,0.3303887537975114,0.6066681516405867,0.3641589169590209,0.3176470588235294,0.5882352941176471,0.34509803921568627,0.8714118599891663,0.999999463558197,0.9999881982803345,0.9999955892562866,0.24914267659187317,5523.00830078125,0.9323249459266663,0.6085336208343506,-0.14716538786888123,3.909961223602295,-0.6436352133750916,0.6436352133750916,199.7209930419922,186.57705688476562,212.14617919921875
0311,2,0,0,0.0,0.0,20,4,3,5,60,0.3333333333333333,0.27980392156862743,0.596078431372549,0.4292156862745098,0.2784313725490196,0.596078431372549,0.43137254901960786,0.34662190079689026,0.8671231269836426,0.4686371982097626,0.6835713386535645,0.23137706518173218,6.932437896728516,1.1442865133285522,0.3492964804172516,0.43897444009780884,1.7690051794052124,-0.5793980360031128,0.5793980360031128,200.80014038085938,199.85494995117188,202.08413696289062
0311,3,1,24918,0.865538921115704,0.7668138665353664,28789,60,48,50,144000,0.19992361111111112,0.39718438210672785,0.7381227443215989,0.4611453584872762,0.3686274509803922,0.7686274509803922,0.4666666666666667,0.8849986791610718,0.9999996423721313,0.9999918341636658,0.9999969601631165,0.2425297051668167,25478.2265625,0.8433168530464172,0.5509709119796753,-0.3105125427246094,3.9169559478759766,-0.5635358691215515,0.5635358691215515,244.72154235839844,210.2427215576172,272.6701354980469
0311,4,1,6,1.0,0.0003314184710561202,6,2,2,2,8,0.75,0.33986928104575165,0.6411764705882353,0.42614379084967324,0.3411764705882353,0.6392156862745098,0.42745098039215684,0.15954871475696564,0.24250635504722595,0.18081553280353546,0.21734194457530975,0.04469112306833267,0.9572922587394714,1.6035823822021484,0.15564170479774475,1.39590322971344,1.837069034576416,-0.880753755569458,0.880753755569458,215.0038299560547,214.4224853515625,215.68727111816406
0311,5,0,0,0.0,0.0,42,5,7,3,105,0.4,0.44752567693744166,0.3084033613445378,0.6356676003734828,0.4470588235294118,0.3058823529411765,0.6352941176470588,0.36156004667282104,0.7974931001663208,0.5175775289535522,0.671416699886322,0.20611900091171265,15.185522079467773,1.6409038305282593,0.7291203737258911,0.030728016048669815,2.6995389461517334,-0.5870999097824097,0.5870999097824097,213.81227111816406,212.30873107910156,215.68031311035156
0311,6,0,0,0.0,0.0,102,6,11,7,462,0.22077922077922077,0.4610149942329873,0.34509803921568627,0.6796232218377547,0.4627450980392157,0.33725490196078434,0.6823529411764706,0.6428425312042236,0.999491810798645,0.9727890491485596,0.9958705306053162,0.33238813281059265,65.56993865966797,1.5327637195587158,0.6657027006149292,0.11022738367319107,2.9701216220855713,-0.5433595180511475,0.5433595180511475,227.6915283203125,224.74429321289062,229.85865783691406
0311,7,0,0,0.0,0.0,5,2,2,2,8,0.625,0.4603921568627451,0.756078431372549,0.4643137254901961,0.4627450980392157,0.7568627450980392,0.4627450980392157,0.12201777845621109,0.13520996272563934,0.13189715147018433,0.13388483226299286,0.011719993315637112,0.6100888848304749,1.430551290512085,0.13263675570487976,1.2914111614227295,1.659827470779419,-0.15659749507904053,0.15659749507904053,255.361083984375,254.38552856445312,256.068359375
0311,8,0,0,0.0,0.0,1,1,1,1,1,1.0,0.4666666666666667,0.8,0.5176470588235295,0.4666666666666667,0.8,0.5176470588235295,0.11297553777694702,0.11297553777694702,0.11297553777694702,0.11297553777694702,0.0,0.11297553777694702,0.7711127400398254,0.0,0.7711127400398254,0.7711127400398254,-0.15302246809005737,0.15302246809005737,270.9981689453125,270.9981689453125,270.9981689453125
0311,9,1,227,0.8284671532846716,0.012446540190810396,274,17,11,16,2992,0.09157754010695188,0.5224559896951482,0.572563331902104,0.5705596107055961,0.5019607843137255,0.5607843137254902,0.5490196078431373,0.7302679419517517,0.9999940395355225,0.9962831735610962,0.9995997548103333,0.32148513197898865,200.09341430664062,1.9554365873336792,0.7012952566146851,0.4892581105232239,3.6389517784118652,-0.7614561319351196,0.7614561319351196,245.9801483154297,234.63589477539062,255.36248779296875
0311,10,1,192,0.8347826086956521,0.010540184453227932,230,9,10,20,1800,0.12777777777777777,0.5619266837169651,0.6027621483375959,0.6462915601023018,0.5529411764705883,0.592156862745098,0.6235294117647059,0.8191524147987366,0.9999954104423523,0.999483585357666,0.9999564290046692,0.2785405218601227,188.40505981445312,1.715183138847351,0.4805043339729309,0.39566516876220703,2.592392921447754,-0.44363367557525635,0.44363367557525635,267.60736083984375,258.2963562011719,278.3756408691406
0311,11,0,0,0.0,0.0,35,3,7,4,84,0.4166666666666667,0.5530532212885154,0.6337254901960784,0.39361344537815124,0.5529411764705883,0.6352941176470588,0.396078431372549,0.41412031650543213,0.8630173206329346,0.6368540525436401,0.7588165998458862,0.24673739075660706,14.494211196899414,1.3872106075286865,0.576073408126831,0.23135749995708466,2.662116765975952,-0.9107341766357422,0.9107341766357422,237.4086456298828,234.8659210205078,240.57223510742188
0311,12,1,1751,0.34139208422694484,0.08473058963005976,5129,27,27,27,19683,0.26058019610831684,0.6145638602487202,0.27675080950687936,0.2850083531170316,0.6235294117647059,0.29411764705882354,0.2901960784313726,0.43113821744918823,0.9973901510238647,0.6115700006484985,0.7505223155021667,0.22775685787200928,2211.307861328125,0.8802263140678406,0.47878721356391907,-0.1396225392818451,2.3868985176086426,-0.2767818570137024,0.2767818570137024,187.60458374023438,171.93603515625,198.6202392578125
0311,13,0,0,0.0,0.0,12,3,3,2,18,0.6666666666666666,0.704248366013072,0.565359477124183,0.39052287581699346,0.7019607843137254,0.5647058823529412,0.39215686274509803,0.2404756397008896,0.4155246317386627,0.284456729888916,0.3461925685405731,0.0849442332983017,2.8857076168060303,0.5985163450241089,0.2834551930427551,0.011791725642979145,1.1557812690734863,-1.0058449506759644,1.0058449506759644,251.61851501464844,250.29981994628906,253.2765350341797
0315,1,1,2388,0.6813124108416547,0.46736471278990116,3505,19,58,23,25346,0.13828612009784583,0.24564683505356494,0.3842779222958798,0.5254152331403318,0.23921568627450981,0.39215686274509803,0.5568627450980392,0.8183168768882751,1.0,0.999962329864502,0.999997615814209,0.2822554409503937,2868.20068359375,0.24673986434936523,0.315324991941452,-0.5157573819160461,1.6630083322525024,-0.22424426674842834,0.22424426674842834,178.40390014648438,162.09873962402344,196.37210083007812
0315,2,1,39,0.582089552238806,0.011502728211178292,67,4,6,6,144,0.4652777777777778,0.24026924202516828,0.4585894059116184,0.5422885572139303,0.23921568627450981,0.4588235294117647,0.5450980392156862,0.6943854689598083,0.9981182813644409,0.9535961151123047,0.9862221479415894,0.2992044687271118,46.523826599121094,0.2223549485206604,0.2836110293865204,-0.26270848512649536,0.8133869767189026,-0.36190885305404663,0.36190885305404663,191.51344299316406,188.984130859375,193.63108825683594
0315,3,1,52,0.5306122448979592,0.015267175572519083,98,6,7,6,252,0.3888888888888889,0.24761904761904763,0.5043617446978792,0.547859143657463,0.24705882352941178,0.5058823529411764,0.5490196078431373,0.7730754017829895,0.9999949932098389,0.9988929033279419,0.9999273419380188,0.2941114008426666,75.76139068603516,0.307603657245636,0.3359391391277313,-0.6247530579566956,1.1445053815841675,-0.3506169319152832,0.3506169319152832,200.4385986328125,197.46897888183594,203.52149963378906
0315,4,1,244,0.8384879725085911,0.06966452533904353,291,7,12,10,840,0.3464285714285714,0.2931204096758978,0.25762414931608385,0.708308065494239,0.29411764705882354,0.2627450980392157,0.7098039215686275,0.5356667637825012,0.9961366653442383,0.8104031085968018,0.9482485055923462,0.2910081744194031,155.8790283203125,0.009399008005857468,0.4962853491306305,-0.6851004958152771,1.4988889694213867,-0.40076105669140816,0.40076105669140816,206.60008239746094,201.3206329345703,211.65538024902344
0315,5,1,544,0.5787234042553191,0.14214789652469298,940,12,14,19,3192,0.29448621553884713,0.3115686274509804,0.18325823946599917,0.6133917396745933,0.3176470588235294,0.1803921568627451,0.596078431372549,0.7392512559890747,0.9999904632568359,0.998225212097168,0.9998230338096619,0.31278279423713684,694.8961791992188,-0.07971834391355515,0.5437796711921692,-0.7185968160629272,1.6659603118896484,-0.3717591091990471,0.3717591091990471,182.04791259765625,173.69512939453125,191.35568237304688
0315,6,1,407,0.6575121163166397,0.11100504568389473,619,21,17,12,4284,0.14449112978524742,0.35325794291868606,0.17415819316418005,0.6818777915043238,0.34509803921568627,0.1843137254901961,0.6784313725490196,0.629874050617218,0.9999772906303406,0.9782711267471313,0.998883068561554,0.33004945516586304,389.89202880859375,0.050334881991147995,0.5917704105377197,-0.7911757826805115,2.16568660736084,-0.3487562723457813,0.3487562723457813,201.32785034179688,196.19888305664062,206.50665283203125
0315,7,1,1199,0.6878944348823867,0.2835520870284971,1743,17,9,30,4590,0.37973856209150325,0.44593837535014,0.10006862182624053,0.6005084764829627,0.4470588235294118,0.10588235294117647,0.5843137254901961,0.7823048830032349,0.9999798536300659,0.9990040063858032,0.9997802972793579,0.29835715889930725,1363.557373046875,-0.059350304305553436,0.4965572953224182,-0.7933518886566162,1.4101752042770386,-0.6788459941744804,0.6788459941744804,193.0947723388672,178.87705993652344,207.067626953125
0315,8,0,0,0.0,0.0,4,2,1,3,6,0.6666666666666666,0.43823529411764706,0.12156862745098039,0.611764705882353,0.4392156862745098,0.12156862745098039,0.611764705882353,0.18186478316783905,0.29878976941108704,0.1974487155675888,0.2582533359527588,0.07035989314317703,0.7274591326713562,0.715606689453125,0.0952983871102333,0.5963793992996216,0.8318000435829163,-0.45484626293182373,0.45484626293182373,194.96119689941406,194.30645751953125,195.9055938720703
0315,9,1,435,0.7754010695187166,0.11958762886597939,561,11,7,15,1155,0.4857142857142857,0.5457411485093145,0.09489357240222293,0.5878228653315158,0.5450980392156862,0.09803921568627451,0.5764705882352941,0.6745883822441101,0.9999399781227112,0.98780757188797,0.9988300800323486,0.3156653046607971,378.444091796875,-0.17391197383403778,0.4168577492237091,-0.7923048138618469,1.2705292701721191,-0.633992150425911,0.633992150425911,206.66859436035156,200.32473754882812,213.6539306640625
0316,1,1,622,0.6918798665183538,0.6257545271629779,899,9,28,16,4032,0.22296626984126985,0.34680302528636425,0.4720302251543861,0.41132586750524813,0.34782608695652173,0.4724137931034483,0.40977443609022557,0.7486348152160645,1.0,0.9999877214431763,0.9999996423721313,0.3142155706882477,673.022705078125,0.02089620754122734,0.29316622018814087,-0.5871805548667908,0.8748868107795715,-0.41824041679501534,0.41824041679501534,97.50749969482422,82.90355682373047,110.15443420410156
0316,2,0,0,0.0,0.0,2,1,1,2,2,1.0,0.34448160535117056,0.5206896551724138,0.4116541353383459,0.34448160535117056,0.5206896551724138,0.41353383458646614,0.19472357630729675,0.223353311419487,0.20903843641281128,0.2176273614168167,0.028629742562770844,0.3894471526145935,0.2836570739746094,0.0010737627744674683,0.2825833261013031,0.28473085165023804,-0.20330682396888733,0.20330682396888733,85.92695617675781,85.68547058105469,86.16844177246094
0316,3,0,0,0.0,0.0,10,5,4,3,60,0.16666666666666666,0.4107023411371237,0.5013793103448276,0.6304511278195488,0.4080267558528428,0.5,0.631578947368421,0.2281244546175003,0.3931804895401001,0.27747842669487,0.3645072281360626,0.08757537603378296,2.2812445163726807,1.1613231897354126,0.06608112156391144,1.0410900115966797,1.269879937171936,-0.4565187692642212,0.4565187692642212,77.1329116821289,75.15982818603516,79.01898193359375
0316,4,1,35,0.546875,0.060711188204683436,64,6,5,5,150,0.4266666666666667,0.49534908026755853,0.5808189655172413,0.581296992481203,0.4916387959866221,0.5793103448275863,0.5789473684210527,0.7932190895080566,1.0,0.9999788999557495,0.9999998807907104,0.301604688167572,50.766021728515625,1.4295904636383057,0.33998310565948486,0.46220141649246216,1.919783115386963,0.10396087169647217,0.10396087169647217,53.882537841796875,52.076866149902344,56.12486267089844
0316,5,1,54,0.5806451612903226,0.09137055837563451,93,7,5,5,175,0.5314285714285715,0.513431869673104,0.44864664441972557,0.5683967984477322,0.5117056856187291,0.44482758620689655,0.5676691729323309,0.782798171043396,1.0,0.9999992847442627,1.0,0.32362034916877747,72.80023193359375,1.703112244606018,0.3482848107814789,0.7425051927566528,2.201659679412842,-0.20507395267486572,0.20507395267486572,92.22559356689453,90.02777099609375,94.3716049194336
0316,6,1,56,0.5656565656565656,0.09427609427609428,99,4,7,9,252,0.39285714285714285,0.5136988615249485,0.6382793451758969,0.6632490316700843,0.5117056856187291,0.6379310344827587,0.6654135338345865,0.7885476350784302,0.9999998807907104,0.9999725818634033,0.9999988079071045,0.2774328589439392,78.06621551513672,0.8579517006874084,0.18909308314323425,0.371044784784317,1.1715091466903687,-0.16172856092453003,0.16172856092453003,47.91078186035156,45.97825622558594,50.08992004394531
0316,7,1,70,0.42424242424242425,0.11164274322169059,165,7,7,13,637,0.25902668759811615,0.5237458193979933,0.6242842215256008,0.6898838004101162,0.5217391304347826,0.6206896551724138,0.6804511278195489,0.7473768591880798,0.9999998211860657,0.9999512434005737,0.9999987483024597,0.322275847196579,123.31718444824219,0.7410584688186646,0.26344016194343567,-0.014832860790193081,1.2971173524856567,-0.10920184850692749,0.10920184850692749,56.06828689575195,52.535701751708984,59.71599578857422
0316,8,0,0,0.0,0.0,2,1,1,2,2,1.0,0.5284280936454849,0.6,0.693609022556391,0.5284280936454849,0.6,0.6917293233082706,0.1269960105419159,0.12831994891166687,0.12765797972679138,0.1280551552772522,0.0013239383697509766,0.2539920210838318,0.7132078409194946,0.012267976999282837,0.7009398937225342,0.7254758477210999,-0.2947028875350952,0.2947028875350952,62.15647506713867,61.886993408203125,62.42595672607422
0320,1,0,0,0.0,0.0,20,5,3,4,60,0.3333333333333333,0.25058823529411767,0.3596078431372549,0.5329411764705883,0.24705882352941178,0.3607843137254902,0.5294117647058824,0.27670037746429443,0.5946417450904846,0.3400004804134369,0.4882411062717438,0.13717377185821533,5.534007549285889,0.3585580289363861,0.24818432331085205,-0.09554098546504974,0.8119451999664307,-0.6636270582675934,0.6636270582675934,176.32809448242188,174.57090759277344,178.3647918701172
0320,2,0,0,0.0,0.0,6,2,2,3,12,0.5,0.3281045751633987,0.47777777777777775,0.5758169934640524,0.32941176470588235,0.47843137254901963,0.5764705882352941,0.25618961453437805,0.42977726459503174,0.34014302492141724,0.4067889451980591,0.11146041750907898,1.5371376276016235,0.629371702671051,0.17500406503677368,0.3725009858608246,0.842797577381134,-0.40154629945755005,0.40154629945755005,208.7398681640625,207.98077392578125,209.79275512695312
0323,1,1,467,0.7262830482115086,0.07881191460636233,643,13,19,16,3952,0.16270242914979757,0.3742629535562841,0.5109836702954899,0.519949203933898,0.36330935251798563,0.5,0.5215827338129496,0.7761520743370056,0.9999983310699463,0.9996068477630615,0.9999624490737915,0.29623281955718994,499.0657653808594,0.5417665839195251,0.44269341230392456,-0.4676316976547241,1.7003964185714722,-0.7919983267784119,0.7919983267784119,221.52066040039062,216.28453063964844,229.18551635742188
0323,2,1,3816,0.7035398230088495,0.4588744588744589,5424,23,44,36,36432,0.14888010540184454,0.44597552046858085,0.6634445865597345,0.6147690254875746,0.4316546762589928,0.63671875,0.6294964028776978,0.8339903354644775,0.9999996423721313,0.9998956918716431,0.9999851584434509,0.27275386452674866,4523.5634765625,0.6960419416427612,0.357341468334198,-0.5756700038909912,1.8652863502502441,-0.27408337593078613,0.27408337593078613,271.6412353515625,255.97265625,295.8394775390625
0323,3,0,0,0.0,0.0,3,2,2,1,4,0.75,0.45083932853717024,0.5885416666666666,0.6834532374100719,0.44964028776978415,0.58984375,0.6834532374100719,0.18988271057605743,0.26599061489105225,0.2284240424633026,0.2509639859199524,0.06254357844591141,0.5696481466293335,1.0923320055007935,0.024667244404554367,1.0615249872207642,1.1219096183776855,-0.14501702785491943,0.14501702785491943,273.4242858886719,272.9029235839844,273.9160461425781
0323,4,1,72,0.5950413223140496,0.012710742342660428,121,11,5,7,385,0.3142857142857143,0.47149057613413403,0.5486828512396694,0.6586003924133421,0.4784172661870504,0.55078125,0.658273381294964,0.6316514611244202,0.9999395608901978,0.9663170576095581,0.9985507726669312,0.32506921887397766,76.42982482910156,1.054836630821228,0.3537997305393219,-0.26459142565727234,1.5972118377685547,-0.06844747066497803,0.06844747066497803,265.90313720703125,263.3343811035156,268.1007385253906
0323,5,0,0,0.0,0.0,4,2,3,1,6,0.6666666666666666,0.46223021582733814,0.7265625,0.6330935251798561,0.46402877697841727,0.7265625,0.6330935251798561,0.22237315773963928,0.28452908992767334,0.24215608835220337,0.2675798833370209,0.04800815135240555,0.8894926309585571,0.146759495139122,0.09056811779737473,0.010323851369321346,0.25993216037750244,-0.16902054846286774,0.16902054846286774,286.9539794921875,286.0804138183594,287.82806396484375
0323,6,0,0,0.0,0.0,12,2,5,2,20,0.6,0.46882494004796166,0.7428385416666666,0.6315947242206236,0.4676258992805755,0.7421875,0.6294964028776978,0.20601512491703033,0.45223841071128845,0.22633717954158783,0.293898344039917,0.09036251902580261,2.472181558609009,-0.18204306066036224,0.21767368912696838,-0.5142064094543457,0.17505000531673431,-0.3366575539112091,0.3366575539112091,290.2452087402344,288.9307861328125,291.54931640625
0323,7,1,47,0.7966101694915254,0.0083429484334783,59,4,5,5,100,0.59,0.49378124618948915,0.5003310381355932,0.5833434946957687,0.4892086330935252,0.5,0.5863309352517986,0.580845832824707,0.9884617924690247,0.8424938321113586,0.9376250505447388,0.2809579372406006,34.26990509033203,0.8501408100128174,0.37546783685684204,0.07151788473129272,1.6490029096603394,-0.6005531549453735,0.6005531549453735,248.64988708496094,247.0020294189453,250.61923217773438
0323,8,1,222,0.6491228070175439,0.03844155844155844,342,24,5,8,960,0.35625,0.5449640287769785,0.5470577485380117,0.6454520594051075,0.564748201438849,0.546875,0.6510791366906474,0.7704622149467468,0.9999998807907104,0.9997049570083618,0.9999850988388062,0.30006441473960876,263.4980773925781,0.8479356169700623,0.4810522794723511,-0.24074965715408325,1.6170765161514282,-0.13932818174362183,0.13932818174362183,274.02093505859375,265.86273193359375,281.51910400390625
0323,9,1,2383,0.710706829704742,0.32731268456836754,3353,30,23,40,27600,0.12148550724637681,0.5732308874046006,0.6260752963763794,0.6239843198510086,0.5863309352517986,0.60546875,0.6258992805755396,0.8300958871841431,0.9999996423721313,0.9997396469116211,0.9999644756317139,0.2749652564525604,2783.3115234375,0.5893357992172241,0.430742472410202,-0.644578754901886,1.4699358940124512,-0.45652592182159424,0.45652592182159424,285.5931091308594,274.7744445800781,302.729248046875
0323,10,1,2984,0.8323570432357044,0.4034340566484148,3585,22,29,23,14674,0.24430966335014312,0.6083461264461234,0.5272554916317992,0.4949871065490704,0.6187050359712231,0.5703125,0.4676258992805755,0.8840187788009644,0.9999996423721313,0.99997878074646,0.9999921917915344,0.2506627142429352,3169.207275390625,0.2273639589548111,0.4655480682849884,-0.5450552105903625,1.722917914390564,-0.9639586061239243,0.9639586061239243,257.212158203125,248.51962280273438,265.8834228515625
0323,11,0,0,0.0,0.0,4,2,2,1,4,1.0,0.5809352517985612,0.560546875,0.5143884892086331,0.5827338129496403,0.55859375,0.5143884892086331,0.14166243374347687,0.1754223257303238,0.1472143530845642,0.16413912177085876,0.02001829445362091,0.5666497349739075,0.8212803602218628,0.04965778440237045,0.7428837418556213,0.8791765570640564,-0.28696370124816895,0.28696370124816895,259.70721435546875,259.11773681640625,260.2959899902344
0323,12,0,0,0.0,0.0,3,1,2,2,4,0.75,0.6079136690647482,0.4869791666666667,0.49880095923261386,0.6079136690647482,0.48828125,0.49640287769784175,0.16941477358341217,0.2314789593219757,0.20079153776168823,0.21920399367809296,0.05095896124839783,0.5082443356513977,0.39326342940330505,0.22804628312587738,0.16189388930797577,0.7035214900970459,-0.28222528100013733,0.28222528100013733,252.3303680419922,252.12893676757812,252.6776580810547
0323,13,0,0,0.0,0.0,1,1,1,1,1,1.0,0.6187050359712231,0.5546875,0.49640287769784175,0.6187050359712231,0.5546875,0.49640287769784175,0.11053282022476196,0.11053282022476196,0.11053282022476196,0.11053282022476196,0.0,0.11053282022476196,0.5356120467185974,0.0,0.5356120467185974,0.5356120467185974,-0.3100522756576538,0.3100522756576538,262.93914794921875,262.93914794921875,262.93914794921875
0323,14,0,0,0.0,0.0,1,1,1,1,1,1.0,0.6258992805755396,0.5546875,0.49280575539568344,0.6258992805755396,0.5546875,0.49280575539568344,0.10015066713094711,0.10015066713094711,0.10015066713094711,0.10015066713094711,0.0,0.10015066713094711,0.31599193811416626,0.0,0.31599193811416626,0.31599193811416626,-0.2866567373275757,0.2866567373275757,263.7384948730469,263.7384948730469,263.7384948730469
0323,15,0,0,0.0,0.0,11,2,3,3,18,0.6111111111111112,0.631785480706344,0.5550426136363636,0.4856115107913669,0.6330935251798561,0.5546875,0.4856115107913669,0.35472795367240906,0.6500699520111084,0.49431028962135315,0.5989215970039368,0.16493338346481323,3.9020073413848877,0.20382069051265717,0.13505037128925323,-0.026351405307650566,0.3793453574180603,-0.25595758855342865,0.25595758855342865,263.848876953125,262.8611755371094,264.580810546875
0324,1,1,35,0.8333333333333334,0.9090909090909091,42,4,6,2,48,0.875,0.6184873949579832,0.3464985994397759,0.6057889822595706,0.6196078431372549,0.34509803921568627,0.6039215686274509,0.8619471788406372,1.0,0.9999985098838806,0.9999998807907104,0.2869909405708313,36.2017822265625,1.3359147310256958,0.23401504755020142,0.8675073385238647,1.7157469987869263,-0.3808692693710327,0.3808692693710327,110.45272827148438,108.7474136352539,112.05355834960938
0328,1,0,0,0.0,0.0,2,2,1,1,2,1.0,0.49233716475095785,0.42738589211618255,0.5381944444444444,0.4904214559386973,0.42738589211618255,0.5381944444444444,0.33360880613327026,0.40666908025741577,0.370138943195343,0.39205703139305115,0.0730602890253067,0.6672176122665405,0.8478192687034607,0.03326481580734253,0.8145544528961182,0.8810840845108032,-0.23832672834396362,0.23832672834396362,226.72543334960938,226.43983459472656,227.01101684570312
0328,2,0,0,0.0,0.0,8,3,2,2,12,0.6666666666666666,0.5057471264367817,0.42946058091286304,0.5407986111111112,0.5057471264367817,0.4315352697095436,0.5416666666666666,0.6208199262619019,0.9977166652679443,0.9776567816734314,0.9962540864944458,0.37630802392959595,4.966559410095215,0.8695732355117798,0.09791624546051025,0.7267940044403076,1.0116965770721436,-0.25111865997314453,0.25111865997314453,229.47755432128906,228.74221801757812,230.4517364501953
0331,1,1,378,0.7620967741935484,0.8316831683168316,496,10,12,11,1320,0.37575757575757573,0.2835844651952462,0.5454469086021505,0.4533387724362998,0.2744360902255639,0.5303030303030303,0.4669260700389105,0.8405281901359558,1.0,0.9999991655349731,1.0,0.2696966528892517,416.9019775390625,0.07704687118530273,0.2824861407279968,-0.40565672516822815,0.7460885047912598,-0.25637683272361755,0.25637683272361755,86.21916961669922,80.43630981445312,92.70382690429688
0333,1,0,0,0.0,0.0,7,3,2,2,12,0.5833333333333334,0.3607843137254902,0.4957983193277311,0.5927170868347339,0.3568627450980392,0.49411764705882355,0.592156862745098,0.17324374616146088,0.2322460114955902,0.20775528252124786,0.22956307232379913,0.043201744556427,1.212706208229065,1.4025098085403442,0.10524120926856995,1.259178876876831,1.585456132888794,-0.35169148445129395,0.35169148445129395,217.89466857910156,217.11978149414062,218.55433654785156
0333,2,0,0,0.0,0.0,37,6,4,4,96,0.3854166666666667,0.6461049284578696,0.5422363540010599,0.5629040805511394,0.6470588235294118,0.5411764705882353,0.5647058823529412,0.26384851336479187,0.4709649980068207,0.33552286028862,0.4143308103084564,0.10814183205366135,9.762394905090332,1.1356176137924194,0.12353689968585968,0.8400500416755676,1.346367359161377,-0.30398011207580566,0.30398011207580566,259.2293701171875,257.0252990722656,260.6645202636719
0333,3,0,0,0.0,0.0,48,5,6,5,150,0.32,0.6479575163398692,0.5045751633986928,0.5858660130718955,0.6431372549019608,0.5019607843137255,0.5843137254901961,0.16964761912822723,0.21470734477043152,0.18967893719673157,0.20097321271896362,0.030709685757756233,8.143085479736328,1.2390869855880737,0.13992846012115479,0.9854074716567993,1.5268646478652954,-0.24911856651306152,0.24911856651306152,257.8912048339844,254.8116912841797,260.6242370605469
0333,4,0,0,0.0,0.0,16,4,4,3,48,0.3333333333333333,0.6563725490196078,0.5115196078431372,0.5622549019607843,0.6549019607843137,0.5137254901960784,0.5607843137254902,0.2560809254646301,0.45705655217170715,0.3245120048522949,0.42009085416793823,0.11384736746549606,4.097294807434082,1.140298843383789,0.1359482854604721,0.9038230776786804,1.3368899822235107,-0.328937292098999,0.328937292098999,256.752197265625,255.4173126220703,257.89532470703125
0340,1,0,0,0.0,0.0,3,1,2,2,4,0.75,0.43529411764705883,0.49542483660130715,0.6300653594771242,0.43529411764705883,0.49411764705882355,0.6274509803921569,0.1615120768547058,0.1721719205379486,0.16765673458576202,0.1703658401966095,0.009439539164304733,0.48453623056411743,0.8717021346092224,0.051695629954338074,0.8007336854934692,0.9223938584327698,-0.2995423674583435,0.2995423674583435,233.0623779296875,232.42202758789062,233.65359497070312
0340,2,1,91,0.5141242937853108,0.6046511627906976,177,3,27,9,729,0.24279835390946503,0.5835825855766036,0.4473468483438573,0.6255898969757394,0.5843137254901961,0.4235294117647059,0.615686274509804,0.722042977809906,0.9999945163726807,0.998094916343689,0.9997393488883972,0.33224624395370483,127.80160522460938,1.015586495399475,0.17239317297935486,0.47630640864372253,1.398896336555481,-0.23700213432312012,0.23700213432312012,246.85540771484375,239.45980834960938,256.2108459472656
0344,1,0,0,0.0,0.0,86,8,7,6,336,0.25595238095238093,0.32932056543547655,0.39398084815321477,0.6533971728226174,0.3254901960784314,0.396078431372549,0.6588235294117647,0.44478222727775574,0.9548763036727905,0.6855499148368835,0.8640843033790588,0.26531726121902466,38.25127029418945,0.4831288456916809,0.15384913980960846,0.1337190866470337,0.81929612159729,-0.3150343894958496,0.3150343894958496,212.32212829589844,209.4874725341797,215.09532165527344
0344,2,0,0,0.0,0.0,136,7,6,6,252,0.5396825396825397,0.4134659746251442,0.3652249134948097,0.6504901960784314,0.41568627450980394,0.3686274509803922,0.6549019607843137,0.42250505089759827,0.7510066032409668,0.6180712580680847,0.7221417427062988,0.21850921213626862,57.46068572998047,0.7660937905311584,0.1338849514722824,0.3590918779373169,1.0590462684631348,-0.2258639931678772,0.2258639931678772,217.9920196533203,214.6112823486328,221.22613525390625
0346,1,0,0,0.0,0.0,111,7,7,5,245,0.4530612244897959,0.2522875816993464,0.3569687334393217,0.43137254901960786,0.2549019607843137,0.3607843137254902,0.43137254901960786,0.6018200516700745,0.9916426539421082,0.852904200553894,0.960297167301178,0.27684634923934937,66.8020248413086,0.5495656728744507,0.4136946201324463,-0.2517043948173523,1.196520447731018,-0.46934080123901367,0.46934080123901367,157.03292846679688,154.46682739257812,159.14144897460938
0346,2,0,0,0.0,0.0,133,7,5,10,350,0.38,0.2522777532065458,0.4030664897537963,0.42069880583812475,0.2549019607843137,0.403921568627451,0.41568627450980394,0.5137530565261841,0.9836520552635193,0.7876132130622864,0.9389709830284119,0.29279404878616333,68.32915496826172,0.5687185525894165,0.29007601737976074,-0.11437273025512695,1.2090051174163818,-0.3776928782463074,0.3776928782463074,162.3154296875,159.12887573242188,166.3640594482422
0346,3,0,0,0.0,0.0,2,1,1,2,2,1.0,0.24705882352941178,0.41568627450980394,0.4294117647058823,0.24705882352941178,0.41568627450980394,0.42745098039215684,0.2317843735218048,0.2952747941017151,0.26352959871292114,0.28257670998573303,0.06349042057991028,0.4635687470436096,0.528589129447937,0.2933903634548187,0.23519878089427948,0.8219795227050781,-0.18414932489395142,0.18414932489395142,165.29486083984375,164.96363830566406,165.62608337402344
0346,4,0,0,0.0,0.0,85,6,6,6,216,0.39351851851851855,0.3045905420991926,0.5676124567474049,0.4245905420991926,0.30196078431372547,0.5647058823529412,0.42745098039215684,0.4387626051902771,0.8947606086730957,0.5647176504135132,0.7233695983886719,0.20028506219387054,37.294822692871094,0.254586786031723,0.33405402302742004,-0.22673499584197998,0.9093723893165588,-0.4666307866573334,0.4666307866573334,197.1432647705078,195.11279296875,199.3263702392578
0346,5,0,0,0.0,0.0,67,4,8,5,160,0.41875,0.3086918349429324,0.40216564237635355,0.3838454784899034,0.3058823529411765,0.403921568627451,0.3843137254901961,0.4251677393913269,0.8440051078796387,0.6287009716033936,0.7602957487106323,0.21925264596939087,28.486238479614258,0.5001724362373352,0.2129327803850174,0.06041302904486656,1.0716735124588013,-0.2894129157066345,0.2894129157066345,162.65118408203125,160.18115234375,165.00303649902344
0346,6,1,156,0.4495677233429395,0.013696826023969445,347,30,6,10,1800,0.19277777777777777,0.49589195908911116,0.5504435780075718,0.6189184607560603,0.4980392156862745,0.5490196078431373,0.615686274509804,0.6814708709716797,0.9999995827674866,0.988590657711029,0.9997443556785583,0.32180243730545044,236.47039794921875,1.5489342212677002,0.5057439804077148,-0.3016431927680969,2.282688856124878,-0.10001957416534424,0.10001957416534424,246.78199768066406,240.9522705078125,258.56719970703125
0346,7,1,19768,0.7225938516650218,0.7940709795336319,27357,51,47,36,86292,0.31702822973160893,0.5952031490667693,0.6851930932112583,0.5303547072226558,0.615686274509804,0.6941176470588235,0.5294117647058824,0.8710108399391174,0.9999995231628418,0.9999823570251465,0.9999951720237732,0.24762292206287384,23828.244140625,0.6022000908851624,0.5223050713539124,-0.5013983249664307,2.1703267097473145,-0.12114608287811279,0.12114608287811279,269.0068664550781,240.1707763671875,292.3114929199219
0346,8,1,1857,0.671123960968558,0.14738680106353427,2767,28,22,25,15400,0.17967532467532468,0.6457095884974878,0.5932453212582467,0.4385651622412608,0.6784313725490196,0.5843137254901961,0.4470588235294118,0.789848804473877,0.9999975562095642,0.9997851848602295,0.9999672174453735,0.2956892251968384,2185.51171875,0.4186927080154419,0.45307624340057373,-0.43897485733032227,1.820755124092102,-0.35920459032058716,0.35920459032058716,250.74684143066406,239.00209045410156,265.4562072753906
0354,1,1,132,0.584070796460177,0.04067169927592051,226,9,9,12,972,0.23251028806584362,0.2972930765226445,0.5742148186708312,0.3770952628839146,0.2980392156862745,0.5686274509803921,0.3843137254901961,0.49323442578315735,0.9970808625221252,0.7262088060379028,0.7997761964797974,0.2634004056453705,111.47097778320312,0.39996424317359924,0.24288813769817352,-0.11780188232660294,1.1469826698303223,-0.21053114533424377,0.21053114533424377,191.29547119140625,186.7110137939453,196.00254821777344
0354,2,1,9,0.9,0.0028685258964143427,10,3,3,3,27,0.37037037037037035,0.30196078431372547,0.5811764705882353,0.3419607843137255,0.30196078431372547,0.5803921568627451,0.3411764705882353,0.15819485485553741,0.26098665595054626,0.1716492474079132,0.21960566937923431,0.04657513648271561,1.5819485187530518,0.28572461009025574,0.18576286733150482,0.010182244703173637,0.6425745487213135,-0.24402448534965515,0.24402448534965515,188.81674194335938,187.7817840576172,189.8130645751953
0354,3,1,5362,0.7181891240289312,0.7810064816837812,7466,39,38,27,40014,0.18658469535662517,0.4813244880057568,0.7149934605505743,0.38283670285687277,0.4392156862745098,0.7137254901960784,0.39215686274509803,0.8551993370056152,1.0,0.9999989867210388,1.0,0.26200544834136963,6384.91845703125,0.20787391066551208,0.37900516390800476,-0.7050232887268066,2.96134614944458,-0.12312516570091248,0.12312516570091248,241.21893310546875,217.20957946777344,256.16595458984375
0354,4,1,74,0.5826771653543307,0.023153942428035045,127,8,6,6,288,0.4409722222222222,0.5213833564922032,0.6907518913077042,0.5986104678091709,0.5215686274509804,0.6862745098039216,0.596078431372549,0.7463221549987793,0.9999998211860657,0.9998352527618408,0.9999969601631165,0.31728869676589966,94.78291320800781,0.5087217688560486,0.40350210666656494,-0.19308669865131378,1.5158782005310059,-0.3549535274505615,0.3549535274505615,268.8387145996094,265.4373779296875,271.83819580078125
0354,5,0,0,0.0,0.0,2,2,1,1,2,1.0,0.5196078431372549,0.6549019607843137,0.3686274509803922,0.5176470588235295,0.6549019607843137,0.3686274509803922,0.16793030500411987,0.19000114500522614,0.1789657175540924,0.18558697402477264,0.022070840001106262,0.33586061000823975,0.46565526723861694,0.07904905080795288,0.38660621643066406,0.5447043180465698,-0.18110179901123047,0.18110179901123047,233.55389404296875,233.26808166503906,233.83969116210938
0354,6,1,24,1.0,0.00763237398632533,24,4,4,3,48,0.5,0.6086601307189543,0.6411764705882353,0.3883986928104575,0.6078431372549019,0.6431372549019608,0.38823529411764707,0.31340107321739197,0.5993942618370056,0.4459671080112457,0.5384332537651062,0.15157803893089294,7.521625518798828,0.344885915517807,0.2791210114955902,0.010182244703173637,0.9211282134056091,-0.289851576089859,0.289851576089859,246.86814880371094,245.35281372070312,248.34451293945312
0359,1,1,13,0.5416666666666666,0.09923664122137404,24,5,4,3,60,0.4,0.49117647058823527,0.5629084967320261,0.6107843137254902,0.49411764705882355,0.5607843137254902,0.611764705882353,0.46587657928466797,0.988972544670105,0.6088192462921143,0.9837576150894165,0.29370585083961487,11.181037902832031,0.6832714080810547,0.9591158032417297,-0.8289679884910583,2.16412615776062,-0.42009615898132324,0.42009615898132324,246.58311462402344,245.20399475097656,247.97177124023438
0359,2,1,23,1.0,0.17624521072796934,23,3,3,4,36,0.6388888888888888,0.6782608695652174,0.6341005967604433,0.4567774936061381,0.6784313725490196,0.6313725490196078,0.4588235294117647,0.18329006433486938,0.30704212188720703,0.21151046454906464,0.2321048527956009,0.04734094440937042,4.215671539306641,-0.6298880577087402,0.28314101696014404,-1.1659388542175293,-0.13520441949367523,-0.3923250734806061,0.3923250734806061,264.52752685546875,262.82122802734375,266.0695495605469
0359,3,1,162,0.6694214876033058,0.675,242,9,15,9,1215,0.1991769547325103,0.7031437368335763,0.6034678334143575,0.48972613838924,0.7019607843137254,0.6,0.49019607843137253,0.7928407788276672,0.9999992847442627,0.9999332427978516,0.999994695186615,0.29109182953834534,191.86746215820312,-0.5375381112098694,0.40273940563201904,-1.2650479078292847,0.38016277551651,-0.3541591465473175,0.3541591465473175,267.9585266113281,264.9150695800781,270.8800354003906
0362,1,1,68,0.37362637362637363,0.019681620839363242,182,9,9,9,729,0.2496570644718793,0.4136605444025939,0.331803727408123,0.5785264557506551,0.4098939929328622,0.32967032967032966,0.5765124555160143,0.3933611810207367,0.9800677299499512,0.5666962265968323,0.7812311053276062,0.2469063252210617,71.59173583984375,1.6560605764389038,0.2994662821292877,0.505316436290741,2.2355737686157227,0.009780168533325195,0.009780168533325195,220.40065002441406,215.05813598632812,225.99778747558594
0362,2,1,493,0.6707482993197279,0.13211845102505695,735,9,16,12,1728,0.4253472222222222,0.5230739645681595,0.5631058284119509,0.7498777446921829,0.519434628975265,0.5604395604395604,0.7473309608540926,0.8215993046760559,1.0,0.9999918937683105,0.9999993443489075,0.287819504737854,603.87548828125,0.721174955368042,0.3924269676208496,-0.25199881196022034,1.5656734704971313,-0.2287847399711609,0.2287847399711609,300.4270324707031,293.37176513671875,307.77264404296875
0362,3,0,0,0.0,0.0,1,1,1,1,1,1.0,0.519434628975265,0.3333333333333333,0.597864768683274,0.519434628975265,0.3333333333333333,0.597864768683274,0.1539786010980606,0.1539786010980606,0.1539786010980606,0.1539786010980606,0.0,0.1539786010980606,1.4749196767807007,0.0,1.4749196767807007,1.4749196767807007,-0.21791362762451172,0.21791362762451172,241.67953491210938,241.67953491210938,241.67953491210938
0362,4,0,0,0.0,0.0,1,1,1,1,1,1.0,0.5229681978798587,0.3333333333333333,0.6014234875444839,0.5229681978798587,0.3333333333333333,0.6014234875444839,0.16346900165081024,0.16346900165081024,0.16346900165081024,0.16346900165081024,0.0,0.16346900165081024,1.4122273921966553,0.0,1.4122273921966553,1.4122273921966553,-0.2289578914642334,0.2289578914642334,242.98765563964844,242.98765563964844,242.98765563964844
0362,5,0,0,0.0,0.0,12,4,4,1,16,0.75,0.5426972909305066,0.5485347985347986,0.6832740213523132,0.5406360424028268,0.5457875457875457,0.6832740213523132,0.2774409055709839,0.44676831364631653,0.4156716465950012,0.44452789425849915,0.13087035715579987,3.3292908668518066,1.562219500541687,0.104019895195961,1.405611515045166,1.7687439918518066,-0.33234524726867676,0.33234524726867676,288.42041015625,287.182861328125,289.8292541503906
0362,6,1,824,0.6328725038402457,0.20523038605230387,1302,13,19,17,4199,0.3100738271016909,0.5691597053730874,0.5443499153176572,0.7376415151067889,0.5618374558303887,0.5274725274725275,0.7473309608540926,0.8137408494949341,0.9999998807907104,0.9999843239784241,0.9999983310699463,0.2910250723361969,1059.4906005859375,0.577706515789032,0.48785942792892456,-0.34793534874916077,1.5810315608978271,-0.33980226516723633,0.33980226516723633,302.2279968261719,293.4808349609375,309.4689025878906
0362,7,1,960,0.5724508050089445,0.22843545508625818,1677,19,16,16,4864,0.34477796052631576,0.6126053802115927,0.26975608370957205,0.5193692345889648,0.6289752650176679,0.27472527472527475,0.5231316725978647,0.8417465090751648,0.999998927116394,0.9999793171882629,0.9999953508377075,0.26660487055778503,1411.60888671875,0.996848464012146,0.4896341860294342,-0.129144549369812,2.0241193771362305,-0.5892198085784912,0.5892198085784912,239.0474853515625,228.28271484375,249.87997436523438
0362,8,1,518,0.7357954545454546,0.13939720129171151,704,13,13,15,2535,0.2777120315581854,0.6319567137809188,0.5929695304695305,0.5246330071174378,0.6325088339222615,0.5897435897435898,0.5266903914590747,0.8425527811050415,1.0,0.9999935030937195,0.9999994039535522,0.2766636610031128,593.1571655273438,0.5305359363555908,0.2957020103931427,-0.08063703775405884,1.2654964923858643,-0.3073309659957886,0.3073309659957886,283.3700866699219,277.0198669433594,289.5099182128906
0362,9,1,2586,0.6907051282051282,0.49388846447669976,3744,19,38,23,16606,0.22546067686378418,0.6654680468726405,0.43948999718230486,0.5237846746965964,0.6784452296819788,0.39194139194139194,0.5302491103202847,0.7916711568832397,0.9999998807907104,0.9999104142189026,0.9999887347221375,0.2941972315311432,2964.016845703125,0.6776825785636902,0.4102652668952942,-0.31559431552886963,1.650099754333496,-0.32798856496810913,0.32798856496810913,268.33441162109375,255.20384216308594,280.21063232421875
0362,10,0,0,0.0,0.0,2,2,1,1,2,1.0,0.6342756183745583,0.29304029304029305,0.5160142348754448,0.6360424028268551,0.29304029304029305,0.5160142348754448,0.19454506039619446,0.23027940094470978,0.21241222321987152,0.22313253581523895,0.03573434799909592,0.3890901207923889,1.3117859363555908,0.06656539440155029,1.2452205419540405,1.3783513307571411,-0.12264907360076904,0.12264907360076904,244.95993041992188,244.59149169921875,245.32835388183594
0362,11,0,0,0.0,0.0,35,3,9,4,108,0.32407407407407407,0.6463402322059566,0.6001046572475144,0.579461108286731,0.6466431095406361,0.5934065934065934,0.5800711743772242,0.20894816517829895,0.485100656747818,0.25956666469573975,0.3526543974876404,0.09819701313972473,7.313185691833496,0.30592113733291626,0.18070100247859955,-0.09689412266016006,0.5841598510742188,-0.2578248381614685,0.2578248381614685,295.2660217285156,293.2183532714844,298.3052062988281
0362,12,0,0,0.0,0.0,1,1,1,1,1,1.0,0.6607773851590106,0.4139194139194139,0.47686832740213525,0.6607773851590106,0.4139194139194139,0.47686832740213525,0.13259050250053406,0.13259050250053406,0.13259050250053406,0.13259050250053406,0.0,0.13259050250053406,0.4859938621520996,0.0,0.4859938621520996,0.4859938621520996,-0.3130378723144531,0.3130378723144531,257.0389099121094,257.0389099121094,257.0389099121094
0368,1,0,0,0.0,0.0,114,10,13,7,910,0.12527472527472527,0.31084289671547294,0.5187929370351445,0.3886020430823895,0.3233082706766917,0.511326860841424,0.38924050632911394,0.19974519312381744,0.46051347255706787,0.2514916658401489,0.3211803734302521,0.08455689251422882,22.770952224731445,-0.5001667737960815,0.1719278246164322,-0.7791628241539001,0.16292011737823486,-0.29229836165905,0.29229836165905,218.62168884277344,214.94650268554688,223.60679626464844
0368,2,0,0,0.0,0.0,37,6,6,6,216,0.1712962962962963,0.31751676488518593,0.5193737426747136,0.4004447485460144,0.3233082706766917,0.517799352750809,0.40189873417721517,0.16423584520816803,0.23211675882339478,0.19826644659042358,0.21166247129440308,0.04056888446211815,6.07672643661499,-0.3655388057231903,0.21781790256500244,-0.7010335326194763,0.11284447461366653,-0.2840683162212372,0.2840683162212372,221.53053283691406,220.1499481201172,222.7532196044922
0368,3,0,0,0.0,0.0,28,5,3,4,60,0.4666666666666667,0.5177228786251343,0.7379796578825705,0.4040461121157324,0.5150375939849624,0.7378640776699029,0.40189873417721517,0.13705474138259888,0.19460907578468323,0.14756247401237488,0.16152527928352356,0.021799521520733833,3.8375327587127686,-0.6492260098457336,0.08879324048757553,-0.8383566737174988,-0.5075920224189758,-0.21674874424934387,0.21674874424934387,295.8816223144531,293.98468017578125,297.3634033203125
0368,4,0,0,0.0,0.0,161,7,8,9,504,0.3194444444444444,0.6644328211833932,0.4999698486401737,0.38983017532824904,0.6654135338345865,0.5016181229773463,0.3924050632911392,0.259223610162735,0.6471948623657227,0.3352179527282715,0.4600690007209778,0.12953518331050873,41.73500061035156,-0.3571859896183014,0.3184853196144104,-0.8257984519004822,0.5436033606529236,-0.6703504920005798,0.6703504920005798,265.7834777832031,263.457763671875,268.0541076660156
0371,1,1,246,0.7569230769230769,0.1875,325,9,12,7,756,0.4298941798941799,0.25912518853695327,0.4367179487179487,0.569761689291101,0.2627450980392157,0.43529411764705883,0.5686274509803921,0.8238845467567444,0.9999998211860657,0.9999649524688721,0.9999978542327881,0.2805738151073456,267.7624816894531,-0.065065898001194,0.32178395986557007,-0.694211483001709,0.5928805470466614,-0.2695006653666496,0.2695006653666496,194.9893798828125,191.19361877441406,199.04270935058594
0371,2,0,0,0.0,0.0,1,1,1,1,1,1.0,0.25098039215686274,0.39215686274509803,0.5137254901960784,0.25098039215686274,0.39215686274509803,0.5137254901960784,0.12809358537197113,0.12809358537197113,0.12809358537197113,0.12809358537197113,0.0,0.12809358537197113,-0.3311692178249359,0.0,-0.3311692178249359,-0.3311692178249359,-0.05660748481750488,0.05660748481750488,177.16094970703125,177.16094970703125,177.16094970703125
0371,3,1,769,0.6629310344827586,0.44463717837525296,1160,12,20,15,3600,0.32222222222222224,0.2755138607167005,0.39951656524678836,0.4936477349560514,0.28627450980392155,0.38823529411764707,0.48627450980392156,0.8030025362968445,0.9999998211860657,0.9999182820320129,0.9999922513961792,0.2865678668022156,931.48291015625,-0.023642266169190407,0.28636664152145386,-0.6800408363342285,0.6164630055427551,-0.21510020829737186,0.21510020829737186,177.00027465820312,170.6985626220703,183.39846801757812
0371,4,1,262,0.7237569060773481,0.1969184517098835,362,7,15,8,840,0.430952380952381,0.26558336041598957,0.45573610659733504,0.5277218069548261,0.27058823529411763,0.4627450980392157,0.5215686274509804,0.7777876853942871,0.9999998211860657,0.9996625185012817,0.9999834895133972,0.3034321963787079,281.55914306640625,-0.17603112757205963,0.27632027864456177,-0.6376347541809082,0.4514918327331543,-0.22451729327440262,0.22451729327440262,190.6592559814453,185.86285400390625,196.97207641601562
0371,5,1,240,0.7058823529411765,0.18188707843880259,340,10,9,10,900,0.37777777777777777,0.3230565167243368,0.2733910034602076,0.4795847750865052,0.3215686274509804,0.2784313725490196,0.4823529411764706,0.7408874034881592,0.9999995231628418,0.9998278617858887,0.9999947547912598,0.3183346688747406,251.90171813964844,0.011149002239108086,0.32979902625083923,-0.7366173267364502,0.5598863959312439,-0.21324578113853931,0.21324578113853931,163.6348876953125,159.2042694091797,167.8660125732422
0371,6,1,77,0.7475728155339806,0.06411323896752706,103,6,8,7,336,0.30654761904761907,0.3401865600609176,0.5931086997905959,0.5266324005330287,0.3411764705882353,0.592156862745098,0.5254901960784314,0.6927514672279358,0.9999859929084778,0.9954564571380615,0.9998748302459717,0.32231515645980835,71.35340118408203,0.135782852768898,0.1729166954755783,-0.3829871416091919,0.5268921256065369,-0.2036912590265274,0.2036912590265274,220.4838104248047,216.8916778564453,223.11656188964844
0371,7,0,0,0.0,0.0,1,1,1,1,1,1.0,0.34901960784313724,0.5803921568627451,0.5137254901960784,0.34901960784313724,0.5803921568627451,0.5137254901960784,0.10488846153020859,0.10488846153020859,0.10488846153020859,0.10488846153020859,0.0,0.10488846153020859,0.05069669708609581,0.0,0.05069669708609581,0.05069669708609581,-0.2990189231932163,0.2990189231932163,217.175048828125,217.175048828125,217.175048828125
0371,8,1,299,0.7512562814070352,0.22172784575454207,398,10,11,9,990,0.402020202020202,0.6461227707163267,0.474844812296778,0.6823036752389398,0.6470588235294118,0.4745098039215686,0.6823529411764706,0.8300281167030334,0.9999998807907104,0.9999672770500183,0.999997615814209,0.28050926327705383,330.3511962890625,0.5415011644363403,0.16003088653087616,0.08369099348783493,0.9323403835296631,-0.18349522352218628,0.18349522352218628,269.11016845703125,264.7206115722656,273.87042236328125
0371,9,1,29,0.6170212765957447,0.0247229326513214,47,5,4,5,100,0.47,0.6435544430538174,0.5986649979140592,0.5160617438464747,0.6431372549019608,0.596078431372549,0.5137254901960784,0.7775472402572632,0.9999844431877136,0.9941039085388184,0.9999426603317261,0.2588205337524414,36.54471969604492,0.16920718550682068,0.17280413210391998,-0.27924567461013794,0.4514918327331543,-0.19172781705856323,0.19172781705856323,260.5460510253906,258.0174560546875,263.74420166015625
0371,10,0,0,0.0,0.0,7,2,3,2,12,0.5833333333333334,0.6397759103641456,0.5759103641456583,0.6722689075630252,0.6392156862745098,0.5764705882352941,0.6745098039215687,0.1459261178970337,0.22244137525558472,0.17373692989349365,0.21092726290225983,0.0449896864593029,1.0214828252792358,0.2689509987831116,0.0562811978161335,0.2251853048801422,0.39491522312164307,-0.25692564249038696,0.25692564249038696,279.10296630859375,278.3038024902344,279.971435546875
0371,11,0,0,0.0,0.0,1,1,1,1,1,1.0,0.6509803921568628,0.4980392156862745,0.6745098039215687,0.6509803921568628,0.4980392156862745,0.6745098039215687,0.10555726289749146,0.10555726289749146,0.10555726289749146,0.10555726289749146,0.0,0.10555726289749146,0.32892677187919617,0.0,0.32892677187919617,0.32892677187919617,-0.15318873524665833,0.15318873524665833,271.296875,271.296875,271.296875
0379,1,1,412,0.789272030651341,0.8538860103626943,522,9,15,8,1080,0.48333333333333334,0.628292389752836,0.41213282247765004,0.6805499211178724,0.6235294117647059,0.40784313725490196,0.6745098039215687,0.8591098189353943,1.0,0.9999942779541016,0.9999997019767761,0.2492792010307312,448.455322265625,0.7035081386566162,0.15386226773262024,0.11446353048086166,1.021449327468872,-0.22403943538665771,0.22403943538665771,259.1571044921875,253.1106414794922,264.9396057128906
0380,1,1,110,0.6748466257668712,0.7457627118644068,163,9,9,8,648,0.2515432098765432,0.4404667388427764,0.5974497774569951,0.5714663779622278,0.43137254901960786,0.592156862745098,0.5764705882352941,0.7929933667182922,1.0,0.9999947547912598,1.0,0.31464701890945435,129.25791931152344,1.36135995388031,0.3921695947647095,0.11432305723428726,1.8846932649612427,-0.2094876766204834,0.2094876766204834,239.3628692626953,236.93247985839844,241.68988037109375
0381,1,1,308,0.6457023060796646,0.7539779681762546,477,21,16,8,2688,0.17745535714285715,0.5091379948205698,0.45013359641550543,0.6550663871418588,0.4823529411764706,0.4470588235294118,0.6627450980392157,0.7366735935211182,0.9999816417694092,0.9921625852584839,0.9990689754486084,0.3120495676994324,351.393310546875,1.0416650772094727,0.6542626023292542,-0.3751620948314667,2.429959774017334,-0.6863703727722168,0.6863703727722168,241.30555725097656,235.95338439941406,247.4085693359375
0382,1,0,0,0.0,0.0,22,3,5,2,30,0.7333333333333333,0.5841354723707666,0.6841354723707666,0.5668449197860962,0.5843137254901961,0.6823529411764706,0.5686274509803921,0.513039767742157,0.8350309729576111,0.6932228803634644,0.7781569957733154,0.22476623952388763,11.286874771118164,0.9408541321754456,0.2714679539203644,0.2612302899360657,1.348637342453003,-0.3985692858695984,0.3985692858695984,271.6904296875,270.3867492675781,272.970703125
0386,1,0,0,0.0,0.0,45,4,5,4,80,0.5625,0.36533333333333334,0.5026035936927026,0.3780037664783427,0.36363636363636365,0.5016501650165016,0.37966101694915255,0.14802993834018707,0.18720798194408417,0.1713424026966095,0.17830151319503784,0.026462694630026817,6.661346912384033,-0.3341604769229889,0.17079919576644897,-0.6038268208503723,0.23762568831443787,-0.4924822151660919,0.4924822151660919,214.29933166503906,212.372314453125,216.49249267578125
0386,2,0,0,0.0,0.0,26,6,5,4,120,0.21666666666666667,0.5278321678321679,0.7496826605737497,0.42242503259452413,0.5272727272727272,0.7524752475247525,0.423728813559322,0.1279306858778,0.17672733962535858,0.1465878188610077,0.15592709183692932,0.021860597655177116,3.326197862625122,-0.6609764695167542,0.0851682722568512,-0.7635232210159302,-0.4714207053184509,-0.15026825666427612,0.15026825666427612,297.4734802246094,294.582763671875,300.0299987792969
0386,3,0,0,0.0,0.0,1,1,1,1,1,1.0,0.6072727272727273,0.5907590759075908,0.36271186440677966,0.6072727272727273,0.5907590759075908,0.36271186440677966,0.10114647448062897,0.10114647448062897,0.10114647448062897,0.10114647448062897,0.0,0.10114647448062897,-0.19779643416404724,0.0,-0.19779643416404724,-0.19779643416404724,-0.12838656455278397,0.12838656455278397,267.7947082519531,267.7947082519531,267.7947082519531
0386,4,0,0,0.0,0.0,8,3,2,2,12,0.6666666666666666,0.6363636363636364,0.6163366336633663,0.37796610169491524,0.6327272727272727,0.6171617161716172,0.376271186440678,0.15540090203285217,0.2427445650100708,0.17257462441921234,0.2102951854467392,0.041073933243751526,1.2432072162628174,-0.41595709323883057,0.08290679007768631,-0.5067954659461975,-0.2665790021419525,-0.16738826036453247,0.16738826036453247,279.7939453125,278.86376953125,280.7881774902344
0386,5,0,0,0.0,0.0,181,7,9,9,567,0.31922398589065254,0.6587041687594174,0.5168572105829367,0.3732746511845679,0.6545454545454545,0.528052805280528,0.36271186440677966,0.17853963375091553,0.5397694706916809,0.22141659259796143,0.27954092621803284,0.07565493136644363,32.315673828125,-0.36654460430145264,0.33409613370895386,-0.7844327092170715,0.5648602247238159,-0.6263268291950226,0.6263268291950226,264.2673645019531,261.0172424316406,266.6833190917969
0390,1,1,107,0.5879120879120879,0.033962863037613075,182,7,9,8,504,0.3611111111111111,0.30646412411118296,0.5861883214824392,0.44046541693600516,0.3058823529411765,0.5803921568627451,0.4470588235294118,0.5919857621192932,0.9999945163726807,0.8949683904647827,0.9986535310745239,0.30364516377449036,107.74140930175781,0.43412303924560547,0.2993207573890686,-0.04296218976378441,1.4934086799621582,-0.14286017417907715,0.14286017417907715,203.05308532714844,199.0929412841797,206.2522735595703
0390,2,0,0,0.0,0.0,13,3,4,3,36,0.3611111111111111,0.32277526395173456,0.6286576168929111,0.4591251885369533,0.3215686274509804,0.6313725490196078,0.4588235294117647,0.413845956325531,0.7957890033721924,0.7151285409927368,0.7346813678741455,0.24088050425052643,5.379997253417969,0.4378620386123657,0.262717068195343,-0.028931429609656334,0.8760542273521423,-0.373113214969635,0.373113214969635,215.28343200683594,214.1471405029297,216.3839111328125
0390,3,1,5084,0.7501844473956027,0.7884615384615384,6777,39,40,23,35880,0.18887959866220735,0.48486374039065233,0.7296073512775333,0.42443385499396746,0.44313725490196076,0.7215686274509804,0.43137254901960786,0.8236562013626099,1.0,0.9999974370002747,1.0,0.2850351333618164,5581.91796875,0.4022590219974518,0.3738919198513031,-0.6813629269599915,1.8932862281799316,-0.10083988308906555,0.10083988308906555,248.95016479492188,223.39427185058594,263.99053955078125
0390,4,1,99,0.5238095238095238,0.03138871274571972,189,8,7,6,336,0.5625,0.5318186533872808,0.726278659611993,0.6373482726423902,0.5333333333333333,0.7254901960784313,0.6352941176470588,0.7978500127792358,1.0,0.9999920129776001,0.9999994039535522,0.29284894466400146,150.7936553955078,0.7481439113616943,0.43176111578941345,-0.0359468087553978,1.6828243732452393,-0.35005855560302734,0.35005855560302734,281.7485656738281,277.9748229980469,285.0227966308594
0390,5,0,0,0.0,0.0,3,2,2,1,4,0.75,0.5281045751633987,0.40261437908496733,0.5450980392156862,0.5254901960784314,0.403921568627451,0.5450980392156862,0.13919232785701752,0.14407245814800262,0.14163292944431305,0.14309664070606232,0.003985041752457619,0.41757699847221375,1.4630087614059448,0.034526992589235306,1.4232549667358398,1.5074396133422852,-0.18170928955078125,0.18170928955078125,219.6981201171875,219.44247436523438,220.05908203125
0390,6,1,67,0.8933333333333333,0.021633839199225055,75,7,6,4,168,0.44642857142857145,0.6123398692810458,0.6611764705882353,0.42807843137254903,0.611764705882353,0.6588235294117647,0.43137254901960786,0.47065821290016174,0.8914604187011719,0.7204434275627136,0.8053051829338074,0.2440730631351471,35.29936599731445,0.44633805751800537,0.2656530439853668,0.041222523897886276,1.0023313760757446,-0.11828720569610596,0.11828720569610596,255.02978515625,252.7627410888672,257.6451110839844
0394,1,0,0,0.0,0.0,5,2,2,2,8,0.625,0.49254901960784314,0.37882352941176467,0.5850980392156863,0.49411764705882355,0.3803921568627451,0.5843137254901961,0.6183428168296814,0.8786382079124451,0.8127378225326538,0.8522780537605286,0.22321197390556335,3.0917141437530518,0.9238765835762024,0.05075110122561455,0.8403775691986084,0.9894691109657288,-0.275779664516449,0.275779664516449,218.22024536132812,217.46954345703125,219.1757354736328
0394,2,0,0,0.0,0.0,94,6,6,7,252,0.373015873015873,0.628493950771798,0.6389653733833959,0.4574050896954527,0.6313725490196078,0.6352941176470588,0.4588235294117647,0.5170739889144897,0.9760029911994934,0.7507951259613037,0.8888857364654541,0.26962587237358093,48.604957580566406,-0.36156386137008667,0.24088333547115326,-0.787600040435791,0.08900342881679535,-0.29575609415769577,0.29575609415769577,257.22259521484375,254.4523468017578,260.5091247558594
0398,1,1,1459,0.7447677386421644,0.08234098989784977,1959,24,26,17,10608,0.18467194570135748,0.2921898928024502,0.30467925812489366,0.4164609794913371,0.3058823529411765,0.3176470588235294,0.42745098039215684,0.8239504098892212,0.9999932646751404,0.9997204542160034,0.9999210238456726,0.2810463607311249,1614.118896484375,0.4942195415496826,0.6164174675941467,-0.5135385394096375,2.1693434715270996,-0.7560477256774902,0.7560477256774902,151.82827758789062,144.47837829589844,167.05088806152344
0398,2,1,60,0.9836065573770492,0.0035778175313059034,61,5,7,5,175,0.3485714285714286,0.4948248151719704,0.6945033751205401,0.5148826743812279,0.4980392156862745,0.6901960784313725,0.5137254901960784,0.2992826998233795,0.5892742276191711,0.40704119205474854,0.5225334167480469,0.14374954998493195,18.256244659423828,0.6876397728919983,0.28323832154273987,-0.09651023149490356,1.1823766231536865,-0.3935059905052185,0.3935059905052185,254.51817321777344,252.12298583984375,257.30914306640625
0398,3,1,30290,0.7527335984095428,0.8217691504225505,40240,52,67,85,296140,0.13588167758492606,0.6200464857911355,0.606203075663665,0.4975308930729349,0.6352941176470588,0.6588235294117647,0.5490196078431373,0.8777692317962646,0.999998152256012,0.9999706745147705,0.9999892711639404,0.24598100781440735,35321.43359375,0.8038584589958191,0.5607986450195312,-0.3467272222042084,3.476032257080078,-0.42390698194503784,0.42390698194503784,256.4845275878906,225.19546508789062,283.1925048828125
0405,1,1,1489,0.7327755905511811,0.19809751879199095,2032,17,18,26,7956,0.25540472599296127,0.5638953219082908,0.6741566311563996,0.6713949359271268,0.5686274509803921,0.6784313725490196,0.6235294117647059,0.8264983296394348,1.0,0.9999679327011108,0.9999929666519165,0.2837710976600647,1679.444580078125,0.3653838634490967,0.5158202052116394,-0.5816910266876221,1.983619213104248,-0.606052041053772,0.606052041053772,282.6085205078125,274.2152404785156,289.1816101074219
0405,2,1,8510,0.8340684112515927,0.7334942251335976,10203,33,45,30,44550,0.22902356902356902,0.6973685171412484,0.4811868097233993,0.512691961034144,0.6627450980392157,0.4392156862745098,0.5411764705882353,0.8938421010971069,0.9999997615814209,0.9999857544898987,0.9999949336051941,0.23502159118652344,9119.87109375,0.10989173501729965,0.46243661642074585,-0.619927704334259,2.2092185020446777,-0.866638220846653,0.866638220846653,253.52330017089844,237.46578979492188,269.71466064453125
0405,3,1,1470,0.7692307692307693,0.19715665236051502,1911,18,18,18,5832,0.32767489711934156,0.6855932116436319,0.6165953560911545,0.5494649141707965,0.6784313725490196,0.6196078431372549,0.5294117647058824,0.8772690296173096,0.9999995827674866,0.9999917149543762,0.9999970197677612,0.2438337355852127,1676.4610595703125,0.04354715347290039,0.41655081510543823,-0.6238666772842407,1.452331304550171,-0.5651324391365051,0.5651324391365051,274.41339111328125,267.1741027832031,283.3531494140625
0405,4,0,0,0.0,0.0,2,1,2,1,2,1.0,0.6549019607843137,0.49607843137254903,0.5098039215686274,0.6549019607843137,0.49411764705882355,0.5098039215686274,0.13997021317481995,0.17663778364658356,0.15830399096012115,0.1693042665719986,0.03666757792234421,0.2799404263496399,0.7790334820747375,0.1750240921974182,0.6040093898773193,0.9540575742721558,-0.2442438006401062,0.2442438006401062,247.23760986328125,246.98178100585938,247.49343872070312
0405,5,0,0,0.0,0.0,1,1,1,1,1,1.0,0.6549019607843137,0.5176470588235295,0.4980392156862745,0.6549019607843137,0.5176470588235295,0.4980392156862745,0.11045379936695099,0.11045379936695099,0.11045379936695099,0.11045379936695099,0.0,0.11045379936695099,0.4474916458129883,0.0,0.4474916458129883,0.4474916458129883,-0.15909701585769653,0.15909701585769653,248.54978942871094,248.54978942871094,248.54978942871094
0405,6,0,0,0.0,0.0,1,1,1,1,1,1.0,0.6549019607843137,0.5215686274509804,0.49411764705882355,0.6549019607843137,0.5215686274509804,0.49411764705882355,0.11515877395868301,0.11515877395868301,0.11515877395868301,0.11515877395868301,0.0,0.11515877395868301,0.8636883497238159,0.0,0.8636883497238159,0.8636883497238159,0.16953283548355103,0.16953283548355103,248.5739288330078,248.5739288330078,248.5739288330078
0405,7,1,47,0.734375,0.007194795254496747,64,5,5,6,150,0.4266666666666667,0.6865196078431373,0.5805759803921569,0.504656862745098,0.6862745098039216,0.5803921568627451,0.5098039215686274,0.6139748096466064,0.999676525592804,0.9527694582939148,0.9952042102813721,0.3241783082485199,39.29438781738281,0.14131969213485718,0.13295963406562805,-0.1332823932170868,0.42340725660324097,-0.3048916459083557,0.3048916459083557,263.58905029296875,260.7949523925781,265.9868469238281
0405,8,0,0,0.0,0.0,101,5,9,7,315,0.32063492063492066,0.7384585517375267,0.48386721025043683,0.6219763152785867,0.7372549019607844,0.48627450980392156,0.6196078431372549,0.46184924244880676,0.9513903856277466,0.6902830600738525,0.8526818752288818,0.26188501715660095,46.64677429199219,0.1011355072259903,0.4444677531719208,-0.7181841135025024,1.238937258720398,-0.4322330206632614,0.4322330206632614,276.0855712890625,273.6968994140625,278.7776794433594
0405,9,0,0,0.0,0.0,2,1,1,2,2,1.0,0.7294117647058823,0.49411764705882355,0.6568627450980392,0.7294117647058823,0.49411764705882355,0.6588235294117647,0.13711011409759521,0.16331499814987183,0.15021255612373352,0.1580740213394165,0.026204876601696014,0.27422022819519043,0.12851491570472717,0.11025649309158325,0.018258418887853622,0.23877140879631042,-0.14148908853530884,0.14148908853530884,280.8939514160156,280.5957946777344,281.1921081542969
0405,10,1,419,0.7673992673992674,0.06185871410644423,546,8,12,17,1632,0.33455882352941174,0.7466566113624936,0.4609135962077139,0.45205774617539324,0.7450980392156863,0.4666666666666667,0.47058823529411764,0.6491664052009583,0.9999696016311646,0.9427535533905029,0.9977104067802429,0.2976805865764618,354.4448547363281,-0.07737085968255997,0.40465155243873596,-0.6205682754516602,1.2205153703689575,-0.3001974746584892,0.3001974746584892,252.49156188964844,245.4567108154297,259.1543884277344
0405,11,1,11,1.0,0.001690747002766677,11,2,5,2,20,0.55,0.7579322638146168,0.40677361853832444,0.5269162210338681,0.7568627450980392,0.40784313725490196,0.5254901960784314,0.1534149944782257,0.20464831590652466,0.17360414564609528,0.1889350265264511,0.028662782162427902,1.6875649690628052,0.0756005272269249,0.29492661356925964,-0.4398793578147888,0.47102615237236023,-0.45402470976114273,0.45402470976114273,257.9852600097656,256.8968811035156,259.0308837890625
0406,1,0,0,0.0,0.0,1,1,1,1,1,1.0,0.5058823529411764,0.5254901960784314,0.6,0.5058823529411764,0.5254901960784314,0.6,0.14391325414180756,0.14391325414180756,0.14391325414180756,0.14391325414180756,0.0,0.14391325414180756,1.0005496740341187,0.0,1.0005496740341187,1.0005496740341187,-0.06265246868133545,0.06265246868133545,241.38143920898438,241.38143920898438,241.38143920898438
0406,2,1,391,0.6378466557911908,0.2654446707399864,613,15,14,11,2310,0.26536796536796536,0.6181556472507437,0.6702043949716918,0.498723730927934,0.6078431372549019,0.6588235294117647,0.49411764705882355,0.8150993585586548,0.9999996423721313,0.9999863505363464,0.9999977946281433,0.2873625159263611,499.6559143066406,0.19854974746704102,0.5289132595062256,-0.569008469581604,1.4508577585220337,-0.5663851499557495,0.5663851499557495,265.6179504394531,258.72186279296875,275.3343505859375
0406,3,0,0,0.0,0.0,2,2,1,1,2,1.0,0.6450980392156863,0.6705882352941176,0.5058823529411764,0.6470588235294118,0.6705882352941176,0.5058823529411764,0.1319982409477234,0.15715982019901276,0.14457903802394867,0.15212750434875488,0.02516157552599907,0.2639964818954468,-0.08157065510749817,0.10429154336452484,-0.185862198472023,0.02272089011967182,-0.305800125002861,0.305800125002861,270.68878173828125,270.383056640625,270.9944763183594
0406,4,1,56,0.7272727272727273,0.046473029045643155,77,6,6,5,180,0.42777777777777776,0.662235803412274,0.6731856378915202,0.5021645021645021,0.6627450980392157,0.6745098039215687,0.5058823529411764,0.45765984058380127,0.9812136888504028,0.6816470623016357,0.9176702499389648,0.28161653876304626,35.23980712890625,-0.04529053717851639,0.27811408042907715,-0.5956444144248962,0.6360182166099548,-0.33423031121492386,0.33423031121492386,273.3572082519531,270.80804443359375,275.9673767089844
0406,5,1,34,0.7083333333333334,0.028559428811423773,48,4,5,5,100,0.48,0.7022058823529411,0.6178104575163398,0.5266339869281046,0.7019607843137254,0.6196078431372549,0.5254901960784314,0.5923115611076355,0.9967415928840637,0.8881261348724365,0.9730229377746582,0.2817957103252411,28.430953979492188,0.0860118567943573,0.29214876890182495,-0.5292422771453857,0.5399039387702942,-0.29317259788513184,0.29317259788513184,274.3695983886719,272.7251281738281,276.164794921875
0406,6,1,218,0.47912087912087914,0.1563845050215208,455,10,21,19,3990,0.11403508771929824,0.7253609135962077,0.47182072829131655,0.5058564964447317,0.7215686274509804,0.47058823529411764,0.48627450980392156,0.6385570764541626,0.9999990463256836,0.9810735583305359,0.9994611740112305,0.3303810954093933,290.54345703125,0.046631019562482834,0.2983247637748718,-0.5892366766929626,0.9478117823600769,-0.18791525438427925,0.18791525438427925,256.401611328125,250.557373046875,262.274658203125
0406,7,1,587,0.6198521647307286,0.35792682926829267,947,11,24,20,5280,0.1793560606060606,0.7354079963558814,0.4433815764954345,0.451510445783382,0.7215686274509804,0.4588235294117647,0.4392156862745098,0.7739692330360413,0.9999998807907104,0.9996843934059143,0.9999887943267822,0.3021771013736725,732.9488525390625,-0.03381238505244255,0.33824315667152405,-0.5872595310211182,1.0244985818862915,-0.27698424085974693,0.27698424085974693,248.25582885742188,241.64849853515625,253.98031616210938
0406,8,1,621,0.5864022662889519,0.36615566037735847,1059,10,32,26,8320,0.12728365384615384,0.7435501490492326,0.3695939565627951,0.5128552648632636,0.7411764705882353,0.35294117647058826,0.5019607843137255,0.7247691750526428,0.9999998211860657,0.9989610910415649,0.999962329864502,0.32344260811805725,767.5305786132812,0.19582341611385345,0.4194103181362152,-0.6543547511100769,1.3846094608306885,-0.1476738005876541,0.1476738005876541,249.77549743652344,235.14463806152344,260.40545654296875
0406,9,1,109,0.5477386934673367,0.08609794628751975,199,5,18,7,630,0.31587301587301586,0.7252734259532959,0.4569908365356193,0.5991723322494827,0.7215686274509804,0.4470588235294118,0.6,0.6560607552528381,0.9999362230300903,0.9522042274475098,0.9989391565322876,0.31551286578178406,130.55609130859375,0.13514913618564606,0.3752705156803131,-0.49292659759521484,1.057965636253357,-0.24751310050487518,0.24751310050487518,267.4264831542969,262.90301513671875,271.6928405761719
0406,10,1,49,0.5,0.04031262854792267,98,6,7,6,252,0.3888888888888889,0.7435374149659865,0.3557823129251701,0.4444177671068427,0.7411764705882353,0.3568627450980392,0.44313725490196076,0.7411990761756897,0.9999961853027344,0.9992591738700867,0.9999505877494812,0.32212042808532715,72.63751220703125,0.20605100691318512,0.29518210887908936,-0.37039539217948914,0.9045460224151611,-0.20598046481609344,0.20598046481609344,239.59628295898438,236.23928833007812,242.45411682128906
0413,1,0,0,0.0,0.0,8,3,2,2,12,0.6666666666666666,0.4074074074074074,0.5509090909090909,0.603448275862069,0.4074074074074074,0.5527272727272727,0.6015325670498084,0.14223191142082214,0.17266413569450378,0.16450297832489014,0.167954683303833,0.02491072379052639,1.1378552913665771,0.4203978180885315,0.09704164415597916,0.2377740442752838,0.5620090961456299,-0.3968941569328308,0.3968941569328308,245.1129150390625,244.4810791015625,245.74172973632812
0415,1,1,1275,0.7526564344746163,0.674424755355726,1694,23,22,20,10120,0.1673913043478261,0.6026089774752876,0.360133805588351,0.6199666643516911,0.5843137254901961,0.3568627450980392,0.6196078431372549,0.8423448204994202,1.0,0.9999157190322876,0.9999902248382568,0.26133784651756287,1426.93212890625,0.721785306930542,0.3821339011192322,-0.29889848828315735,1.3700088262557983,-0.2847212553024292,0.2847212553024292,239.5990447998047,233.336669921875,248.51962280273438
0415,2,1,154,0.6086956521739131,0.13162393162393163,253,10,8,11,880,0.2875,0.6458963031853058,0.2961481825931954,0.6240254204448579,0.6470588235294118,0.29411764705882354,0.6235294117647059,0.6794546842575073,0.9999901056289673,0.9977353811264038,0.9997965097427368,0.33473700284957886,171.90203857421875,0.9558510780334473,0.12000343203544617,0.6467370390892029,1.2295722961425781,-0.20603322982788086,0.20603322982788086,241.84288024902344,236.72769165039062,249.3712158203125
0415,3,1,363,0.6,0.26968796433878156,605,14,9,17,2142,0.28244631185807656,0.6885950413223141,0.3320045373521309,0.6649619186517582,0.6705882352941176,0.3333333333333333,0.6509803921568628,0.770492672920227,0.9999995827674866,0.999069094657898,0.9998859763145447,0.2910747826099396,466.1480712890625,0.07421765476465225,0.31539466977119446,-0.538898229598999,0.8348654508590698,-0.294979952275753,0.294979952275753,259.0604553222656,249.38523864746094,268.3915100097656
0416,1,0,0,0.0,0.0,22,2,9,2,36,0.6111111111111112,0.43386809269162213,0.5014260249554368,0.5975044563279858,0.43529411764705883,0.4980392156862745,0.6,0.3335663080215454,0.47408419847488403,0.39965197443962097,0.4559778571128845,0.09652244299650192,7.338459014892578,0.9256229996681213,0.06894639879465103,0.7685484886169434,1.0442121028900146,-0.2638344168663025,0.2638344168663025,228.10214233398438,225.8849334716797,229.88909912109375
0416,2,0,0,0.0,0.0,7,1,4,2,8,0.875,0.5647058823529412,0.5047619047619047,0.6016806722689075,0.5647058823529412,0.5019607843137255,0.6039215686274509,0.14420625567436218,0.16937996447086334,0.15936122834682465,0.16569657623767853,0.01954079046845436,1.009443759918213,0.8205870985984802,0.07675128430128098,0.7488582730293274,0.9654510617256165,-0.2842501997947693,0.2842501997947693,247.251953125,246.0955047607422,248.27606201171875
0417,1,0,0,0.0,0.0,44,5,5,4,100,0.44,0.4874331550802139,0.597860962566845,0.5786096256684492,0.48627450980392156,0.596078431372549,0.5803921568627451,0.26212435960769653,0.39523670077323914,0.32549330592155457,0.3570491373538971,0.07442692667245865,11.533472061157227,1.5638080835342407,0.703360378742218,0.2874222695827484,3.7107434272766113,-0.7640367746353149,0.7640367746353149,246.400634765625,244.49948120117188,248.07659912109375
0419,1,1,41,0.5857142857142857,0.5540540540540541,70,7,4,5,140,0.5,0.4828571428571429,0.5938375350140056,0.6742857142857143,0.4823529411764706,0.596078431372549,0.6745098039215687,0.7973140478134155,0.9999997019767761,0.999828577041626,0.9999894499778748,0.2872760593891144,55.81198501586914,1.364598035812378,0.4758692681789398,0.16256968677043915,2.0470564365386963,-0.09682595729827881,0.09682595729827881,260.58935546875,258.59234619140625,262.32421875
0419,2,1,17,0.4857142857142857,0.3008849557522124,35,5,4,5,100,0.35,0.48526610644257706,0.6214005602240896,0.660280112044818,0.48627450980392156,0.6235294117647059,0.6588235294117647,0.7141252756118774,0.9999990463256836,0.9997106194496155,0.9999877214431763,0.3044499456882477,24.994384765625,1.6056257486343384,0.42563337087631226,0.5299425721168518,2.285168409347534,0.08969879150390625,0.08969879150390625,262.7177734375,261.2068176269531,264.17041015625
0419,3,0,0,0.0,0.0,2,2,1,1,2,1.0,0.5078431372549019,0.6666666666666666,0.611764705882353,0.5058823529411764,0.6666666666666666,0.611764705882353,0.12106776982545853,0.12174831330776215,0.12140804529190063,0.12161220610141754,0.0006805434823036194,0.24213553965091705,1.3157122135162354,0.13946563005447388,1.1762466430664062,1.455177903175354,-0.301608681678772,0.301608681678772,265.07818603515625,264.83203125,265.3243408203125
0424,1,1,110,0.7006369426751592,0.0757314974182444,157,8,8,5,320,0.490625,0.48735700743454824,0.44984342713503606,0.4835019358061696,0.4816053511705686,0.44481605351170567,0.4823529411764706,0.76188725233078,1.0,0.9999993443489075,1.0,0.3253377079963684,119.61630249023438,1.4480353593826294,0.5519894957542419,0.21651725471019745,2.4501242637634277,-0.5088459253311157,0.5088459253311157,234.14476013183594,230.7574462890625,237.43209838867188
0424,2,1,154,0.6695652173913044,0.10342511752854265,230,8,19,7,1064,0.2161654135338346,0.48545877562890793,0.660346081140032,0.38709292412617224,0.4882943143812709,0.6722408026755853,0.39215686274509803,0.5977606773376465,0.9999107718467712,0.9653531312942505,0.9996184706687927,0.31769856810569763,137.48495483398438,0.4290021061897278,0.3048624098300934,-0.455720990896225,1.0804284811019897,-0.3366875648498535,0.3366875648498535,264.7628479003906,255.20187377929688,271.8639221191406
0424,3,1,133,0.6129032258064516,0.08971332209106239,217,11,7,10,770,0.2818181818181818,0.49866683106514803,0.5893377309927099,0.5216770579199421,0.49498327759197325,0.5886287625418061,0.5215686274509804,0.801663875579834,1.0,0.9999756813049316,0.9999995827674866,0.2911056578159332,173.9610595703125,0.9796076416969299,0.6003953814506531,-0.21929217875003815,1.9559940099716187,-0.31006497144699097,0.31006497144699097,266.98675537109375,260.4880065917969,273.4977111816406
0424,4,1,1,1.0,0.0007275372862859222,1,1,1,1,1,1.0,0.48494983277591974,0.6321070234113713,0.3843137254901961,0.48494983277591974,0.6321070234113713,0.3843137254901961,0.10552371293306351,0.10552371293306351,0.10552371293306351,0.10552371293306351,0.0,0.10552371293306351,0.494033545255661,0.0,0.494033545255661,0.494033545255661,-0.367702454328537,0.367702454328537,258.149169921875,258.149169921875,258.149169921875
0424,5,1,282,0.5887265135699373,0.1747753331267431,479,16,14,9,2016,0.23759920634920634,0.513870172670209,0.4854455701328716,0.5239674157763314,0.5117056856187291,0.4782608695652174,0.5215686274509804,0.6956428289413452,1.0,0.998944103717804,0.9999872446060181,0.32853370904922485,333.2129211425781,1.0711404085159302,0.4675597846508026,-0.04816141352057457,2.1101152896881104,-0.19434869289398193,0.19434869289398193,250.6991729736328,244.67324829101562,256.5170593261719
0424,6,0,0,0.0,0.0,26,4,3,4,48,0.5416666666666666,0.5041162850527399,0.46565474659120143,0.4920060331825038,0.5050167224080268,0.46488294314381273,0.49019607843137253,0.6360076069831848,0.9998235106468201,0.9730989336967468,0.9993237257003784,0.3270479440689087,16.536197662353516,1.8147879838943481,0.24061241745948792,1.2865328788757324,2.2224104404449463,-0.16746973991394043,0.16746973991394043,241.14198303222656,239.72901916503906,242.66232299804688
0424,7,1,118,0.44866920152091255,0.07837927598804384,263,5,11,20,1100,0.2390909090909091,0.5159276167707314,0.6214123122703054,0.6140609856109743,0.5150501672240803,0.6220735785953178,0.6274509803921569,0.7855567932128906,1.0,0.9999807476997375,0.9999994039535522,0.3005376160144806,206.6014404296875,0.9007463455200195,0.3692713975906372,0.09438811987638474,1.5277711153030396,-0.1297147274017334,0.1297147274017334,288.3786926269531,281.0711669921875,297.2456970214844
0424,8,1,7,0.5833333333333334,0.005072463768115942,12,3,3,2,18,0.6666666666666666,0.532051282051282,0.532608695652174,0.5437908496732026,0.5317725752508361,0.5317725752508361,0.5450980392156862,0.5522231459617615,0.9038516283035278,0.6663968563079834,0.7845143675804138,0.21277156472206116,6.626677513122559,1.4546974897384644,0.22865788638591766,1.178580641746521,1.7531088590621948,-0.2714012861251831,0.2714012861251831,264.9841003417969,263.753662109375,266.1615905761719
0424,9,1,351,0.6635160680529301,0.2142203234665853,529,11,15,10,1650,0.3206060606060606,0.5446826535837795,0.6259870646325811,0.37158530709070015,0.5418060200668896,0.6421404682274248,0.3843137254901961,0.7471669912338257,0.9999998807907104,0.9999092221260071,0.9999964237213135,0.3154299259185791,395.2513427734375,0.39130064845085144,0.3869762420654297,-0.37360936403274536,1.4186526536941528,-0.4404914081096649,0.4404914081096649,266.2197570800781,259.2238464355469,273.90875244140625
0424,10,1,1107,0.5691516709511568,0.47176646068612826,1945,21,24,26,13104,0.14842796092796093,0.6592446114297014,0.6094608420527723,0.36997630928978276,0.6521739130434783,0.5986622073578596,0.34509803921568627,0.761123776435852,1.0,0.9998934864997864,0.9999952912330627,0.30706197023391724,1480.3857421875,0.13984864950180054,0.28201285004615784,-0.397925466299057,1.0497381687164307,-0.33935779333114624,0.33935779333114624,285.36065673828125,277.4346618652344,294.6285705566406
0424,11,0,0,0.0,0.0,7,2,2,2,8,0.875,0.6774964166268514,0.5637840420449116,0.3585434173669468,0.6789297658862876,0.5652173913043478,0.3607843137254902,0.26764175295829773,0.5128763318061829,0.3068021833896637,0.43186336755752563,0.1239016130566597,1.8734922409057617,0.7005823254585266,0.08206485956907272,0.6241907477378845,0.876470148563385,-0.13113659620285034,0.13113659620285034,279.6736145019531,278.7723083496094,280.4300231933594
0425,1,0,0,0.0,0.0,3,2,2,1,4,0.75,0.31241830065359477,0.32679738562091504,0.5254901960784314,0.3137254901960784,0.3254901960784314,0.5254901960784314,0.2475934475660324,0.30301693081855774,0.2822631001472473,0.29471540451049805,0.051876001060009,0.742780327796936,0.8135645389556885,0.047801584005355835,0.7462420463562012,0.8525407314300537,-1.0159571170806885,1.0159571170806885,177.2226104736328,176.76255798339844,177.68792724609375
0425,2,0,0,0.0,0.0,24,4,4,3,48,0.5,0.39526143790849677,0.5772875816993465,0.6635620915032681,0.39215686274509803,0.5803921568627451,0.6627450980392157,0.22189295291900635,0.3876134157180786,0.2588670551776886,0.30969706177711487,0.07259643077850342,5.325430870056152,1.3517013788223267,0.08969905227422714,1.1714366674423218,1.500962495803833,-0.2260974645614624,0.2260974645614624,246.3022003173828,245.01837158203125,247.81646728515625
0425,3,0,0,0.0,0.0,1,1,1,1,1,1.0,0.42745098039215684,0.4392156862745098,0.6627450980392157,0.42745098039215684,0.4392156862745098,0.6627450980392157,0.10882673412561417,0.10882673412561417,0.10882673412561417,0.10882673412561417,0.0,0.10882673412561417,0.8844302892684937,0.0,0.8844302892684937,0.8844302892684937,-0.36362993717193604,0.36362993717193604,230.66209411621094,230.66209411621094,230.66209411621094
0425,4,0,0,0.0,0.0,11,2,3,3,18,0.6111111111111112,0.43386809269162213,0.4812834224598931,0.6641711229946524,0.43529411764705883,0.4823529411764706,0.6627450980392157,0.30509310960769653,0.5303748846054077,0.4060206413269043,0.5049822330474854,0.1435060054063797,3.3560242652893066,0.9762336611747742,0.1717769354581833,0.6186836361885071,1.182066559791565,-0.25898224115371704,0.25898224115371704,237.08522033691406,235.90676879882812,238.3694610595703
0425,5,0,0,0.0,0.0,13,2,5,2,20,0.65,0.432579185520362,0.5411764705882353,0.6564102564102564,0.43137254901960786,0.5372549019607843,0.6588235294117647,0.20181725919246674,0.3451179563999176,0.2562605142593384,0.2863443195819855,0.06583299487829208,2.623624324798584,1.0994806289672852,0.07126512378454208,1.011988639831543,1.2139561176300049,-0.22879672050476074,0.22879672050476074,243.82908630371094,242.75296020507812,245.24478149414062
0425,6,0,0,0.0,0.0,2,1,2,1,2,1.0,0.5098039215686274,0.5352941176470588,0.6549019607843137,0.5098039215686274,0.5372549019607843,0.6549019607843137,0.10874680429697037,0.1111859679222107,0.10996638238430023,0.11069813370704651,0.002439163625240326,0.21749360859394073,0.6133687496185303,0.03720453381538391,0.576164186000824,0.6505732536315918,-0.4854304790496826,0.4854304790496826,252.353759765625,252.08331298828125,252.6242218017578
0425,7,0,0,0.0,0.0,46,4,7,3,84,0.5476190476190477,0.628388746803069,0.36879795396419435,0.5646206308610401,0.6274509803921569,0.3686274509803922,0.5647058823529412,0.4014396667480469,0.9014388918876648,0.5024055242538452,0.7917758226394653,0.22828875482082367,18.466224670410156,1.1973180770874023,0.2873455286026001,0.07656057924032211,1.532852053642273,-0.3823878765106201,0.3823878765106201,235.74342346191406,233.77552795410156,238.1470184326172
0427,1,0,0,0.0,0.0,12,5,3,2,30,0.4,0.39019607843137255,0.46307189542483657,0.661437908496732,0.38823529411764707,0.4627450980392157,0.6627450980392157,0.18850433826446533,0.311236172914505,0.233000710606575,0.2655624747276306,0.06115812435746193,2.262052059173584,1.382681965827942,0.40262842178344727,0.5353192090988159,1.9019089937210083,-0.8054181337356567,0.8054181337356567,229.11492919921875,227.40711975097656,230.93505859375
0427,2,0,0,0.0,0.0,37,6,5,2,60,0.6166666666666667,0.4037095919448861,0.5024907260201378,0.660519342872284,0.40784313725490196,0.4980392156862745,0.6588235294117647,0.7376213073730469,0.9997646808624268,0.9915546178817749,0.9967300891876221,0.30535876750946045,27.291988372802734,1.5338122844696045,0.5080164670944214,0.3500189483165741,2.388322114944458,-0.6779115200042725,0.6779115200042725,235.78829956054688,234.3416290283203,237.56683349609375
0427,3,0,0,0.0,0.0,2,2,1,1,2,1.0,0.3980392156862745,0.47843137254901963,0.6588235294117647,0.4,0.47843137254901963,0.6588235294117647,0.11294418573379517,0.1257448047399521,0.11934449523687363,0.1231846809387207,0.01280062273144722,0.22588837146759033,1.8092588186264038,0.0347437858581543,1.7745150327682495,1.844002604484558,-0.4204641580581665,0.4204641580581665,231.54794311523438,231.3266143798828,231.769287109375
0427,4,0,0,0.0,0.0,4,2,2,2,8,0.5,0.5166666666666667,0.5088235294117647,0.6029411764705882,0.5176470588235295,0.5058823529411764,0.6039215686274509,0.10549956560134888,0.11019669473171234,0.10584019869565964,0.10845409333705902,0.0027444607112556696,0.4219982624053955,2.0032451152801514,0.20723268389701843,1.7513524293899536,2.260928153991699,-0.29289960861206055,0.29289960861206055,241.03358459472656,240.82774353027344,241.4642791748047
0430,1,1,18,0.72,0.7346938775510204,25,5,4,3,60,0.4166666666666667,0.5065734265734265,0.4227777777777778,0.5051798561151079,0.506993006993007,0.4236111111111111,0.5071942446043165,0.7871203422546387,1.0,0.9999966621398926,0.999999463558197,0.3193571865558624,19.678009033203125,0.9081116318702698,0.19957192242145538,0.4540579319000244,1.2097926139831543,-0.12761908769607544,0.12761908769607544,80.33834075927734,78.5748062133789,81.90848541259766
0431,1,0,0,0.0,0.0,1,1,1,1,1,1.0,0.2784313725490196,0.592156862745098,0.37254901960784315,0.2784313725490196,0.592156862745098,0.37254901960784315,0.13715560734272003,0.13715560734272003,0.13715560734272003,0.13715560734272003,0.0,0.13715560734272003,0.8885536789894104,0.0,0.8885536789894104,0.8885536789894104,-0.2514405846595764,0.2514405846595764,192.3798370361328,192.3798370361328,192.3798370361328
0431,2,0,0,0.0,0.0,48,5,6,4,120,0.4,0.35473856209150323,0.3709967320261438,0.4696895424836601,0.34509803921568627,0.37254901960784315,0.47058823529411764,0.12075212597846985,0.12991012632846832,0.12502017617225647,0.12609580159187317,0.006590175908058882,5.796102046966553,2.368649482727051,0.1285146325826645,2.069075584411621,2.6009931564331055,-0.4154489040374756,0.4154489040374756,177.9402313232422,176.18455505371094,180.16104125976562
0431,3,0,0,0.0,0.0,1,1,1,1,1,1.0,0.34901960784313724,0.3686274509803922,0.4588235294117647,0.34901960784313724,0.3686274509803922,0.4588235294117647,0.11810287833213806,0.11810287833213806,0.11810287833213806,0.11810287833213806,0.0,0.11810287833213806,2.4085307121276855,0.0,2.4085307121276855,2.4085307121276855,-0.3124063014984131,0.3124063014984131,175.0,175.0,175.0
0431,4,1,15481,0.7404342835278362,0.8147251532773728,20908,53,52,54,148824,0.140488093318282,0.4729376502849083,0.8089707664202088,0.4047875473127839,0.5254901960784314,0.8117647058823529,0.37254901960784315,0.849769651889801,0.9999997615814209,0.9999873042106628,0.9999971389770508,0.2663949728012085,17766.984375,0.6222386956214905,0.4804830849170685,-0.4379085302352905,2.4446911811828613,-0.3308667540550232,0.3308667540550232,261.1139831542969,228.72909545898438,291.3211364746094
0431,5,1,192,0.6666666666666666,0.022090548236783063,288,13,8,10,1040,0.27692307692307694,0.409708605664488,0.6757080610021786,0.6693627450980392,0.403921568627451,0.6745098039215687,0.6627450980392157,0.768593430519104,0.9999994039535522,0.9997169971466064,0.9999855756759644,0.28306278586387634,221.3549041748047,0.5454365611076355,0.3746677339076996,-0.2802502512931824,1.415480136871338,-0.4468308091163635,0.4468308091163635,264.49371337890625,259.5245666503906,271.00738525390625
0431,6,0,0,0.0,0.0,9,3,3,2,18,0.5,0.3952069716775599,0.596078431372549,0.5712418300653594,0.396078431372549,0.596078431372549,0.5725490196078431,0.32079410552978516,0.5645941495895386,0.39796411991119385,0.5203273296356201,0.14295503497123718,2.8871469497680664,2.338787794113159,0.12026894092559814,2.123725175857544,2.4705517292022705,-0.39576244354248047,0.39576244354248047,233.84217834472656,232.87335205078125,234.795654296875
0431,7,0,0,0.0,0.0,5,3,2,1,6,0.8333333333333334,0.4188235294117647,0.687843137254902,0.37254901960784315,0.4196078431372549,0.6901960784313725,0.37254901960784315,0.11398327350616455,0.12583720684051514,0.11599519848823547,0.12190040200948715,0.007865885272622108,0.5699163675308228,0.6641718745231628,0.3608003556728363,0.3676702678203583,1.3717564344406128,-0.36241835355758667,0.36241835355758667,226.74130249023438,226.05087280273438,227.2993621826172
0431,8,0,0,0.0,0.0,14,3,3,4,36,0.3888888888888889,0.43613445378151255,0.6854341736694678,0.37450980392156863,0.43529411764705883,0.6862745098039216,0.37254901960784315,0.17926211655139923,0.25921255350112915,0.21173089742660522,0.24686740338802338,0.045195870101451874,2.509669542312622,1.7364943027496338,0.34272506833076477,1.0101313591003418,2.064631462097168,-0.522702693939209,0.522702693939209,228.61361694335938,227.77401733398438,229.29893493652344
0431,9,0,0,0.0,0.0,1,1,1,1,1,1.0,0.43137254901960786,0.6980392156862745,0.36470588235294116,0.43137254901960786,0.6980392156862745,0.36470588235294116,0.14376388490200043,0.14376388490200043,0.14376388490200043,0.14376388490200043,0.0,0.14376388490200043,0.8706703782081604,0.0,0.8706703782081604,0.8706703782081604,-0.38239771127700806,0.38239771127700806,229.464599609375,229.464599609375,229.464599609375
0431,10,1,231,0.6916167664670658,0.026507544896436974,334,9,9,10,810,0.4123456790123457,0.4572032405776682,0.7854643653868733,0.5945872959962428,0.4588235294117647,0.7803921568627451,0.592156862745098,0.7616973519325256,0.9999910593032837,0.9996538162231445,0.9999590516090393,0.3107921779155731,254.40692138671875,0.5138288736343384,0.36615800857543945,-0.10297895967960358,1.38430655002594,-0.4381861090660095,0.4381861090660095,277.382568359375,272.65728759765625,281.28277587890625
0431,11,0,0,0.0,0.0,6,3,2,1,6,1.0,0.4823529411764706,0.696078431372549,0.36470588235294116,0.4823529411764706,0.6941176470588235,0.36470588235294116,0.16987717151641846,0.2641778588294983,0.2069212645292282,0.23865962028503418,0.056785356253385544,1.0192630290985107,1.0340425968170166,0.241018146276474,0.7215780019760132,1.394585132598877,-0.8354126214981079,0.8354126214981079,235.6519317626953,234.74879455566406,236.55442810058594
0431,12,0,0,0.0,0.0,2,1,2,1,2,1.0,0.49411764705882355,0.7980392156862746,0.41568627450980394,0.49411764705882355,0.796078431372549,0.41568627450980394,0.11049805581569672,0.11215145885944366,0.11132475733757019,0.1118207797408104,0.0016534067690372467,0.22099611163139343,0.918472945690155,0.05270737409591675,0.8657655715942383,0.9711803197860718,-0.33943647146224976,0.33943647146224976,262.25433349609375,261.8663635253906,262.642333984375
0431,13,1,29,0.8529411764705882,0.003386070406912254,34,3,4,4,48,0.7083333333333334,0.513840830449827,0.6995386389850058,0.666320645905421,0.5137254901960784,0.6980392156862745,0.6666666666666666,0.6473095417022705,0.9976389408111572,0.958856463432312,0.9880204200744629,0.3073202967643738,22.00852394104004,0.7411546111106873,0.3020676374435425,0.14967022836208344,1.1948524713516235,-0.3867812752723694,0.3867812752723694,279.5061340332031,277.58062744140625,281.18499755859375
0431,14,0,0,0.0,0.0,2,1,2,1,2,1.0,0.5294117647058824,0.7431372549019608,0.35294117647058826,0.5294117647058824,0.7450980392156863,0.35294117647058826,0.14532464742660522,0.14534133672714233,0.14533299207687378,0.1453379988670349,1.6681851775501855e-05,0.29064929485321045,0.9565314054489136,0.09438011050224304,0.8621513247489929,1.050911545753479,-0.23854219913482666,0.23854219913482666,250.01271057128906,249.63372802734375,250.39169311523438
0431,15,0,0,0.0,0.0,43,3,6,8,144,0.2986111111111111,0.5362517099863201,0.7354309165526676,0.36607387140902875,0.5372549019607843,0.7333333333333333,0.36470588235294116,0.3416893184185028,0.7682123184204102,0.489532470703125,0.6096883416175842,0.18552105128765106,14.692641258239746,1.2505137920379639,0.20783859491348267,0.8065335750579834,1.7190430164337158,-0.5168330669403076,0.5168330669403076,250.7199249267578,248.0927276611328,253.31600952148438
0431,16,0,0,0.0,0.0,179,6,9,7,378,0.47354497354497355,0.6110636433344288,0.6687041296965714,0.5515609595793626,0.6078431372549019,0.6666666666666666,0.5529411764705883,0.8461753129959106,1.0,0.9999954104423523,0.9999998807907104,0.2673339545726776,151.4653778076172,2.2063159942626953,0.21335802972316742,1.6350864171981812,2.63846755027771,-0.41443872451782227,0.41443872451782227,271.0316162109375,267.3798828125,273.96533203125
0431,17,0,0,0.0,0.0,80,6,5,5,150,0.5333333333333333,0.6123039215686275,0.6273529411764706,0.5609803921568628,0.611764705882353,0.6235294117647059,0.5607843137254902,0.837211012840271,1.0,0.9999905824661255,0.999999463558197,0.26724517345428467,66.97688293457031,2.4034061431884766,0.17829540371894836,1.9560329914093018,2.808382034301758,-0.37310218811035156,0.37310218811035156,265.99053955078125,264.1003723144531,268.2237854003906
0435,1,1,415,0.7204861111111112,0.4211060375443937,576,10,10,12,1200,0.48,0.2843409586056645,0.5534449891067539,0.4929806644880174,0.2784313725490196,0.5450980392156862,0.4823529411764706,0.7908264398574829,1.0,0.9999764561653137,0.9999997615814209,0.30244991183280945,455.5160217285156,0.962713360786438,0.6440343856811523,-0.4787147045135498,2.8860771656036377,0.3676663041114807,0.3676663041114807,202.81211853027344,196.08926391601562,209.74270629882812
0435,2,1,61,0.7093023255813954,0.08237677245104659,86,7,6,5,210,0.4095238095238095,0.392749658002736,0.5844049247606019,0.43091655266757867,0.38823529411764707,0.5803921568627451,0.42745098039215684,0.657233476638794,0.9999839067459106,0.9877123832702637,0.9995633363723755,0.32616209983825684,56.52207946777344,0.40569669008255005,0.28969478607177734,-0.4902893304824829,1.0364140272140503,-0.051006704568862915,0.051006704568862915,210.98878479003906,207.31617736816406,214.85110473632812
0435,3,1,129,0.6972972972972973,0.16329113924050634,185,11,8,6,528,0.3503787878787879,0.5354954954954955,0.6729411764705883,0.4853206147323794,0.5450980392156862,0.6666666666666666,0.48627450980392156,0.7575600147247314,0.9999998807907104,0.9996619820594788,0.9999959468841553,0.3101048469543457,140.1486053466797,0.33761218190193176,0.3583437502384186,-0.35013508796691895,1.2517060041427612,-0.1788586676120758,0.1788586676120758,252.37757873535156,248.4310760498047,256.2928161621094
0435,4,1,538,0.713527851458886,0.5006979990693345,754,16,15,9,2160,0.3490740740740741,0.6142299890778593,0.551235242107453,0.43508087585166694,0.6,0.5372549019607843,0.43529411764705883,0.7772032022476196,1.0,0.9999914765357971,0.9999998211860657,0.3130233585834503,586.01123046875,0.8171676397323608,0.5489962697029114,-0.6059801578521729,2.6095681190490723,0.09016472101211548,0.09016472101211548,238.59085083007812,229.3599853515625,247.2953643798828
0440,1,1,120,0.7453416149068323,0.8275862068965517,161,10,7,6,420,0.38333333333333336,0.32122762148337597,0.45726464498843017,0.668542199488491,0.3176470588235294,0.4588235294117647,0.6666666666666666,0.8193867206573486,1.0,0.9999917149543762,0.9999995231628418,0.29163819551467896,131.9212646484375,1.0136606693267822,0.21328431367874146,0.5251833200454712,1.4207627773284912,-0.41771435737609863,0.41771435737609863,222.57472229003906,218.5497589111328,225.48391723632812
0442,1,0,0,0.0,0.0,8,2,2,2,8,1.0,0.4543795620437956,0.5565693430656934,0.703921568627451,0.4562043795620438,0.5583941605839416,0.7058823529411765,0.16711735725402832,0.22504651546478271,0.2002260982990265,0.20831383764743805,0.03559155762195587,1.3369388580322266,1.0092353820800781,0.1521172970533371,0.7817102670669556,1.2241864204406738,-0.39545273780822754,0.39545273780822754,266.88433837890625,266.02630615234375,267.74053955078125
0442,2,0,0,0.0,0.0,51,4,4,6,96,0.53125,0.5787891799055389,0.6457707170459425,0.5813917723952325,0.5766423357664233,0.6459854014598541,0.5803921568627451,0.6274605393409729,0.9361153244972229,0.8384764790534973,0.9092459678649902,0.24590741097927094,32.00048828125,1.4266839027404785,0.24893905222415924,0.8344337940216064,1.7817836999893188,-0.41797006130218506,0.41797006130218506,280.6390686035156,277.94964599609375,283.02825927734375
0445,1,0,0,0.0,0.0,6,3,1,3,9,0.6666666666666666,0.3712418300653595,0.24705882352941178,0.5771241830065359,0.37254901960784315,0.24705882352941178,0.5764705882352941,0.17805762588977814,0.2076875865459442,0.1908775120973587,0.19935819506645203,0.020353781059384346,1.0683457851409912,1.0388976335525513,0.2458023875951767,0.7702319025993347,1.3774950504302979,-0.3729153871536255,0.3729153871536255,186.49310302734375,185.22958374023438,187.32058715820312
0446,1,1,6335,0.7376571960875641,0.7135214281691727,8588,38,58,36,79344,0.1082375478927203,0.2883383791336749,0.46363781656118436,0.4205154539764788,0.28125,0.3803921568627451,0.4375,0.8365787267684937,0.9999998807907104,0.9999794960021973,0.9999975562095642,0.2751046121120453,7184.5380859375,0.06733547896146774,0.25277358293533325,-0.7771580815315247,1.0692191123962402,-0.1987127736210823,0.1987127736210823,94.95934295654297,69.12307739257812,115.9353256225586
0446,2,1,30,0.2727272727272727,0.006466214031684449,110,6,9,7,378,0.291005291005291,0.25035511363636365,0.36934046345811056,0.4920099431818182,0.25,0.3686274509803922,0.4921875,0.6749832630157471,0.9999678134918213,0.9851872324943542,0.9992257356643677,0.3196166455745697,74.24816131591797,0.34965893626213074,0.19666722416877747,-0.12946292757987976,0.801954984664917,-0.2075665295124054,0.2075665295124054,79.7429428100586,76.09204864501953,83.68392944335938
0446,3,1,58,0.5321100917431193,0.012502694546238414,109,4,8,6,192,0.5677083333333334,0.24724053899082568,0.48789350602626375,0.5280963302752294,0.25,0.48627450980392156,0.53125,0.7188258767127991,0.9999972581863403,0.9943696856498718,0.9999548196792603,0.29103758931159973,78.35202026367188,0.3604435920715332,0.19100704789161682,-0.0704251304268837,0.7774385809898376,-0.17903035879135132,0.17903035879135132,102.26248931884766,99.10095977783203,105.28532409667969
0446,4,1,3,1.0,0.0006541648495420846,3,1,2,2,4,0.75,0.24609375,0.47973856209150323,0.5950520833333334,0.24609375,0.47843137254901963,0.59375,0.16490943729877472,0.19543695449829102,0.1928388625383377,0.1943977177143097,0.03955511003732681,0.49472829699516296,0.2785898745059967,0.14348384737968445,0.14053872227668762,0.4764092266559601,-0.17726847529411316,0.17726847529411316,102.92340087890625,102.59629821777344,103.36827087402344
0446,5,1,139,0.54296875,0.029496021220159152,256,11,14,7,1078,0.23747680890538034,0.2713775634765625,0.3299019607843137,0.463470458984375,0.2734375,0.32941176470588235,0.46484375,0.7242143750190735,0.9999990463256836,0.9995492696762085,0.9999818205833435,0.32465577125549316,185.3988800048828,0.15561559796333313,0.22211170196533203,-0.3194480240345001,0.7606053948402405,-0.22641348838806152,0.22641348838806152,70.24374389648438,63.41923904418945,78.26238250732422
0446,6,0,0,0.0,0.0,1,1,1,1,1,1.0,0.26171875,0.4196078431372549,0.47265625,0.26171875,0.4196078431372549,0.47265625,0.17424224317073822,0.17424224317073822,0.17424224317073822,0.17424224317073822,0.0,0.17424224317073822,0.5388520359992981,0.0,0.5388520359992981,0.5388520359992981,-0.18062257766723633,0.18062257766723633,86.94825744628906,86.94825744628906,86.94825744628906
0446,7,0,0,0.0,0.0,1,1,1,1,1,1.0,0.265625,0.4235294117647059,0.46875,0.265625,0.4235294117647059,0.46875,0.1394253373146057,0.1394253373146057,0.1394253373146057,0.1394253373146057,0.0,0.1394253373146057,0.5422696471214294,0.0,0.5422696471214294,0.5422696471214294,-0.19264847040176392,0.19264847040176392,87.14929962158203,87.14929962158203,87.14929962158203
0446,8,0,0,0.0,0.0,6,2,2,2,8,0.75,0.271484375,0.5437908496732026,0.4700520833333333,0.26953125,0.5450980392156862,0.47265625,0.18194375932216644,0.26976263523101807,0.22747638821601868,0.2616158723831177,0.056971874088048935,1.0916625261306763,0.22262220084667206,0.10595341771841049,0.045463625341653824,0.3670598268508911,-0.19543902575969696,0.19543902575969696,111.1153564453125,110.32225799560547,111.68258666992188
0446,9,0,0,0.0,0.0,150,8,7,6,336,0.44642857142857145,0.2889322916666667,0.577437908496732,0.4932552083333333,0.29296875,0.5764705882352941,0.4921875,0.7598813772201538,0.9999995231628418,0.9998533725738525,0.9999933242797852,0.3134778141975403,113.98220825195312,0.2343403846025467,0.2607676088809967,-0.23353587090969086,0.8507248163223267,-0.23807649314403534,0.23807649314403534,116.18536376953125,113.21660614013672,119.11759185791016
0446,10,1,54,0.6206896551724138,0.011668107173725151,87,8,7,7,392,0.22193877551020408,0.3160919540229885,0.636105476673428,0.4966325431034483,0.30859375,0.6392156862745098,0.5,0.4570646584033966,0.9887930154800415,0.7001316547393799,0.8896486759185791,0.27498307824134827,39.764625549316406,0.22727076709270477,0.18236741423606873,-0.19914105534553528,0.5861003398895264,-0.3327547460794449,0.3327547460794449,127.17912292480469,123.13407135009766,130.41856384277344
0446,11,0,0,0.0,0.0,116,6,7,7,294,0.3945578231292517,0.3306505926724138,0.20513860716700474,0.521417025862069,0.33203125,0.21176470588235294,0.515625,0.4386065900325775,0.7522494792938232,0.6157707571983337,0.7201882004737854,0.20806603133678436,50.87836456298828,0.20418287813663483,0.2985076308250427,-0.4601026475429535,0.7849062085151672,-0.2005637139081955,0.2005637139081955,41.534183502197266,38.4837646484375,44.74371337890625
0446,12,1,4,1.0,0.0008721247138340783,4,2,2,2,8,0.5,0.3232421875,0.6617647058823529,0.4873046875,0.32421875,0.6627450980392157,0.48828125,0.17422938346862793,0.2681047320365906,0.1891556829214096,0.23652508854866028,0.05643283575773239,0.6969175338745117,0.16538694500923157,0.07389278709888458,0.06385816633701324,0.2551082968711853,-0.2504238188266754,0.2504238188266754,132.8063201904297,132.0037841796875,133.27040100097656
0446,13,1,732,0.8035126234906695,0.14523809523809525,911,33,16,39,20592,0.044240481740481744,0.5340499794182217,0.6022771787090248,0.6658891328210758,0.55078125,0.592156862745098,0.68359375,0.7886918187141418,1.0,0.9999220967292786,0.9999989867210388,0.2973405420780182,718.4982299804688,0.8035926222801208,0.3755224645137787,-0.37893998622894287,1.446290135383606,-0.3259466290473938,0.3259466290473938,118.58413696289062,106.5176010131836,135.59498596191406
0446,14,1,70,0.603448275862069,0.015078082929456112,116,7,7,6,294,0.3945578231292517,0.4957570043103448,0.5447599729546991,0.6285021551724138,0.4921875,0.5411764705882353,0.62890625,0.7228388786315918,0.9999940395355225,0.9984084963798523,0.9998810291290283,0.31702324748039246,83.84931182861328,0.8131658434867859,0.3321057856082916,-0.18247489631175995,1.4540847539901733,-0.07442635297775269,0.07442635297775269,100.50440979003906,97.41663360595703,103.81714630126953
0446,15,1,6,1.0,0.0013079019073569482,6,3,2,2,12,0.5,0.5247395833333334,0.5745098039215686,0.6529947916666666,0.52734375,0.5764705882352941,0.65234375,0.32418450713157654,0.4868640899658203,0.38435643911361694,0.44421759247779846,0.10613211989402771,1.9451069831848145,0.9158690571784973,0.09542135894298553,0.7771233916282654,1.0830931663513184,-0.3661237359046936,0.3661237359046936,110.0363998413086,109.40292358398438,110.83772277832031
0446,16,1,568,0.8102710413694721,0.11509625126646403,701,13,16,18,3744,0.18723290598290598,0.5872414407988588,0.5447120360269643,0.7683220399429387,0.578125,0.5411764705882353,0.75,0.7948918342590332,0.9999998807907104,0.9999485611915588,0.9999949336051941,0.2880188226699829,557.2191772460938,0.5390628576278687,0.3464200496673584,-0.20821240544319153,1.4959983825683594,-0.5262235403060913,0.5262235403060913,119.04779052734375,109.20623016357422,124.98799896240234
0446,17,0,0,0.0,0.0,1,1,1,1,1,1.0,0.58203125,0.615686274509804,0.71484375,0.58203125,0.615686274509804,0.71484375,0.12499745935201645,0.12499745935201645,0.12499745935201645,0.12499745935201645,0.0,0.12499745935201645,0.8996240496635437,0.0,0.8996240496635437,0.8996240496635437,-0.21418172121047974,0.21418172121047974,127.57743072509766,127.57743072509766,127.57743072509766
0446,18,0,0,0.0,0.0,4,2,2,2,8,0.5,0.591796875,0.6225490196078431,0.7236328125,0.58984375,0.6235294117647059,0.72265625,0.21248680353164673,0.4165777266025543,0.25008624792099,0.3499810993671417,0.12179859727621078,0.8499472141265869,0.914559543132782,0.06789857894182205,0.8699069023132324,1.0315890312194824,-0.19535821676254272,0.19535821676254272,130.551513671875,129.6803741455078,131.1868896484375
0446,19,1,99,0.5625,0.02118780096308186,176,5,12,10,600,0.29333333333333333,0.7232776988636364,0.49113190730837786,0.4624245383522727,0.72265625,0.49411764705882355,0.45703125,0.6264321804046631,0.9998797178268433,0.9561996459960938,0.992273211479187,0.31810179352760315,110.25205993652344,0.3277672827243805,0.1754133254289627,-0.10485967248678207,0.7838419079780579,-0.19533243775367737,0.19533243775367737,102.71668243408203,97.7240982055664,106.07544708251953
0446,20,0,0,0.0,0.0,2,2,1,1,2,1.0,0.732421875,0.44313725490196076,0.4765625,0.73046875,0.44313725490196076,0.4765625,0.11478890478610992,0.12010646611452103,0.11744768917560577,0.11904295533895493,0.005317561328411102,0.22957780957221985,0.22312526404857635,0.037462636828422546,0.1856626272201538,0.2605879008769989,-0.1762082725763321,0.1762082725763321,94.27295684814453,93.94147491455078,94.60443878173828
0451,1,1,554,0.7241830065359477,0.28229299363057325,765,12,15,17,3060,0.25,0.35395545063064243,0.3723867478025693,0.4418939505626812,0.3511705685618729,0.3724137931034483,0.4398496240601504,0.8453776240348816,1.0,0.9999908804893494,0.9999996423721313,0.2629100978374481,646.7138671875,1.0796929597854614,0.3765508532524109,-0.24900352954864502,1.894322156906128,-0.6070196628570557,0.6070196628570557,192.11708068847656,185.99462890625,197.94444274902344
0451,2,1,1194,0.7556962025316456,0.5037974683544304,1580,18,20,20,7200,0.21944444444444444,0.40444308030989373,0.4446420776953296,0.5657537831921575,0.3879598662207358,0.42758620689655175,0.5676691729323309,0.8581380844116211,1.0,0.9999973773956299,0.9999998807907104,0.256928026676178,1355.858154296875,1.0458711385726929,0.3724914789199829,-0.35973089933395386,1.713604211807251,-0.38504064083099365,0.38504064083099365,232.759033203125,225.3042449951172,240.4766082763672
0451,3,1,202,0.7799227799227799,0.1181632056156771,259,7,14,8,784,0.33035714285714285,0.4355444790227399,0.5213952869125283,0.5803843585798474,0.431438127090301,0.5206896551724138,0.575187969924812,0.842949628829956,1.0,0.9999961853027344,1.0,0.26811835169792175,218.32395935058594,1.0930225849151611,0.18141166865825653,0.5065991282463074,1.417260766029358,-0.2845035791397095,0.2845035791397095,252.83963012695312,248.80113220214844,256.68853759765625
0451,4,1,174,0.696,0.10205278592375366,250,8,13,8,832,0.3004807692307692,0.4381939799331104,0.5101793103448276,0.5446165413533834,0.43812709030100333,0.5137931034482759,0.5451127819548872,0.7057724595069885,0.999999463558197,0.9985484480857849,0.999968945980072,0.32061976194381714,176.443115234375,1.1052279472351074,0.2566634714603424,0.18520487844944,1.4936492443084717,-0.05112659931182861,0.05112659931182861,245.59521484375,241.54916381835938,248.68453979492188
0451,5,1,81,0.6585365853658537,0.049345111178799875,123,11,8,5,440,0.27954545454545454,0.48620061451450636,0.5225399495374264,0.5175438596491228,0.4816053511705686,0.5241379310344828,0.518796992481203,0.5430687665939331,0.9998712539672852,0.8543384075164795,0.9897255301475525,0.3149260878562927,66.79745483398438,0.5576876997947693,0.37058913707733154,-0.15882137417793274,1.4026269912719727,0.04518026113510132,0.04518026113510132,251.68942260742188,248.35055541992188,256.048828125
0451,6,0,0,0.0,0.0,1,1,1,1,1,1.0,0.4816053511705686,0.4,0.49624060150375937,0.4816053511705686,0.4,0.49624060150375937,0.10582499206066132,0.10582499206066132,0.10582499206066132,0.10582499206066132,0.0,0.10582499206066132,1.28000009059906,0.0,1.28000009059906,1.28000009059906,-0.17620158195495605,0.17620158195495605,227.82669067382812,227.82669067382812,227.82669067382812
0451,7,0,0,0.0,0.0,3,3,1,1,3,1.0,0.4983277591973244,0.40344827586206894,0.4849624060150376,0.4983277591973244,0.40344827586206894,0.4849624060150376,0.13347046077251434,0.154875248670578,0.144728422164917,0.15081651508808136,0.017947763204574585,0.40041136741638184,1.0616625547409058,0.09386304020881653,0.9869146943092346,1.1940363645553589,-0.4700566530227661,0.4700566530227661,229.84861755371094,229.19642639160156,230.5016326904297
0451,8,1,179,0.557632398753894,0.1028440103418558,321,13,17,17,3757,0.08544051104604738,0.526271371862595,0.5866795574175528,0.5272878457826811,0.5117056856187291,0.5689655172413793,0.5112781954887218,0.7971683740615845,1.0,0.9999978542327881,1.0,0.3041011095046997,255.89105224609375,0.9619332551956177,0.28638625144958496,0.19297359883785248,1.6887837648391724,-0.26374995708465576,0.26374995708465576,271.481689453125,260.0557556152344,282.6057434082031
0451,9,1,33,0.559322033898305,0.02050326188257223,59,5,4,6,120,0.49166666666666664,0.509041437560229,0.5837521917007598,0.639416337453804,0.5083612040133779,0.5827586206896552,0.6390977443609023,0.7643930912017822,1.0,0.9999493360519409,0.9999980330467224,0.29927465319633484,45.09919357299805,0.06864015012979507,0.19220499694347382,-0.4547465145587921,0.4691372513771057,-0.12219668179750443,0.12219668179750443,284.71234130859375,282.5402526855469,286.76470947265625
0451,10,1,163,0.649402390438247,0.09557314570507183,251,12,11,8,1056,0.23768939393939395,0.5317592506229264,0.5234510234922379,0.5335350328011264,0.5351170568561873,0.5241379310344828,0.5375939849624061,0.6914580464363098,0.9999979734420776,0.9979687929153442,0.9999468326568604,0.3312365710735321,173.55596923828125,0.9873709082603455,0.2831365466117859,0.0733463242650032,1.4283558130264282,-0.1659654974937439,0.1659654974937439,262.2821960449219,256.46441650390625,266.5389404296875
0451,11,0,0,0.0,0.0,1,1,1,1,1,1.0,0.5384615384615384,0.5655172413793104,0.5075187969924813,0.5384615384615384,0.5655172413793104,0.5075187969924813,0.11181923002004623,0.11181923002004623,0.11181923002004623,0.11181923002004623,0.0,0.11181923002004623,1.1568496227264404,0.0,1.1568496227264404,1.1568496227264404,-0.20658338069915771,0.20658338069915771,267.14227294921875,267.14227294921875,267.14227294921875
0451,12,1,3,1.0,0.0018969332911792601,3,2,1,2,4,0.75,0.5473801560758083,0.6413793103448275,0.5877192982456141,0.5484949832775919,0.6413793103448275,0.5864661654135338,0.15661965310573578,0.23271140456199646,0.1788216382265091,0.2111554890871048,0.0540548600256443,0.46985894441604614,-0.18684975802898407,0.10775578767061234,-0.2850262224674225,-0.03682589903473854,-0.3106834664940834,0.3106834664940834,293.5157165527344,292.96417236328125,294.0578308105469
0451,13,0,0,0.0,0.0,1,1,1,1,1,1.0,0.5518394648829431,0.603448275862069,0.5526315789473685,0.5518394648829431,0.603448275862069,0.5526315789473685,0.11471138894557953,0.11471138894557953,0.11471138894557953,0.11471138894557953,0.0,0.11471138894557953,0.42338457703590393,0.0,0.42338457703590393,0.42338457703590393,-0.25125131011009216,0.25125131011009216,282.47125244140625,282.47125244140625,282.47125244140625
0451,14,0,0,0.0,0.0,1,1,1,1,1,1.0,0.5518394648829431,0.6068965517241379,0.5451127819548872,0.5518394648829431,0.6068965517241379,0.5451127819548872,0.14734390377998352,0.14734390377998352,0.14734390377998352,0.14734390377998352,0.0,0.14734390377998352,0.37120521068573,0.0,0.37120521068573,0.37120521068573,-0.3033432364463806,0.3033432364463806,282.0585021972656,282.0585021972656,282.0585021972656
0451,15,1,4,0.8,0.002527646129541864,5,2,3,2,12,0.4166666666666667,0.5692307692307692,0.5275862068965518,0.49323308270676686,0.568561872909699,0.5275862068965518,0.4924812030075188,0.14206340909004211,0.2027445286512375,0.13277500867843628,0.1747567057609558,0.03123527020215988,0.710317075252533,1.0417593717575073,0.06228133663535118,0.9364641308784485,1.1267123222351074,-0.3507601022720337,0.3507601022720337,264.44732666015625,263.639892578125,264.8659973144531
0451,16,1,30,0.75,0.01875,40,5,5,3,75,0.5333333333333333,0.5947324414715719,0.3596551724137931,0.506203007518797,0.5953177257525084,0.3620689655172414,0.5037593984962406,0.41666746139526367,0.7197920680046082,0.6341743469238281,0.681782603263855,0.20101413130760193,16.666698455810547,1.4149236679077148,0.10682749003171921,1.223942518234253,1.6617956161499023,-0.38694441318511963,0.38694441318511963,246.9606475830078,244.73251342773438,249.02008056640625
0453,1,0,0,0.0,0.0,159,7,11,9,693,0.22943722943722944,0.348276178671441,0.3599658358568212,0.5491049830672472,0.3467153284671533,0.3611111111111111,0.5446153846153846,0.3178362548351288,0.7227098941802979,0.4141494333744049,0.5444316864013672,0.15513941645622253,50.53596496582031,1.7329237461090088,0.1951320320367813,1.2900261878967285,2.152033567428589,-0.10988962650299072,0.10988962650299072,234.00241088867188,229.94564819335938,238.6315155029297
0453,2,0,0,0.0,0.0,3,1,3,1,3,1.0,0.3613138686131387,0.345679012345679,0.5661538461538461,0.3613138686131387,0.345679012345679,0.5661538461538461,0.16074955463409424,0.17642174661159515,0.1712130606174469,0.17433828115463257,0.01539665274322033,0.4822486639022827,1.6584030389785767,0.16146773099899292,1.4565154314041138,1.8517524003982544,-0.3536313772201538,0.3536313772201538,237.48793029785156,237.01687622070312,237.9600830078125
0453,3,1,7470,0.6052013286883253,0.464133710273696,12343,66,62,49,200508,0.06155864105172861,0.4866031220745705,0.33224734767444536,0.593404919636792,0.4306569343065693,0.35185185185185186,0.6123076923076923,0.7492634654045105,0.9999998807907104,0.9997109174728394,0.9999866485595703,0.3134024739265442,9248.1591796875,1.6686776876449585,0.44479259848594666,-0.12858590483665466,2.639861583709717,0.030364513397216797,0.030364513397216797,259.1025390625,212.0447998046875,290.3394470214844
0453,4,0,0,0.0,0.0,1,1,1,1,1,1.0,0.3759124087591241,0.35185185185185186,0.5846153846153846,0.3759124087591241,0.35185185185185186,0.5846153846153846,0.11056452989578247,0.11056452989578247,0.11056452989578247,0.11056452989578247,0.0,0.11056452989578247,1.6476045846939087,0.0,1.6476045846939087,1.6476045846939087,-0.428946852684021,0.428946852684021,244.76927185058594,244.76927185058594,244.76927185058594
0453,5,1,126,0.6206896551724138,0.012569205446655693,203,7,10,7,490,0.4142857142857143,0.3964078961561972,0.5436812017271788,0.6419249715801439,0.39416058394160586,0.5432098765432098,0.6430769230769231,0.6549267172813416,0.9965221881866455,0.9204457998275757,0.976425051689148,0.28050684928894043,132.9501190185547,1.5308942794799805,0.15526442229747772,1.135432243347168,1.840956449508667,-0.36235320568084717,0.36235320568084717,294.2384338378906,290.2516174316406,297.6474304199219
0453,6,1,1,0.5,0.00010076582023377671,2,1,2,1,2,1.0,0.38686131386861317,0.3533950617283951,0.5876923076923077,0.38686131386861317,0.3549382716049383,0.5876923076923077,0.1279895007610321,0.1426493227481842,0.13531941175460815,0.13971735537052155,0.0146598219871521,0.2559790015220642,1.7599579095840454,0.06665599346160889,1.6933019161224365,1.8266139030456543,-0.02977919578552246,0.02977919578552246,247.0636444091797,246.83192443847656,247.2953643798828
0453,7,1,216,0.6486486486486487,0.02140839486594975,333,14,10,7,980,0.33979591836734696,0.4416058394160584,0.5351740629518408,0.6545899745899746,0.4416058394160584,0.5401234567901234,0.6553846153846153,0.6016346216201782,0.9998741149902344,0.9430991411209106,0.998074471950531,0.30365973711013794,200.34432983398438,1.4096996784210205,0.2717892825603485,0.2650947868824005,1.871169924736023,0.03190302848815918,0.03190302848815918,300.36865234375,294.6133117675781,304.3172607421875
0453,8,0,0,0.0,0.0,1,1,1,1,1,1.0,0.4233576642335766,0.24691358024691357,0.5415384615384615,0.4233576642335766,0.24691358024691357,0.5415384615384615,0.11402302980422974,0.11402302980422974,0.11402302980422974,0.11402302980422974,0.0,0.11402302980422974,1.627639651298523,0.0,1.627639651298523,1.627639651298523,-0.02976226806640625,0.02976226806640625,225.9756622314453,225.9756622314453,225.9756622314453
0453,9,1,1555,0.6525388166177087,0.1399073282648792,2383,16,47,24,18048,0.13203679078014185,0.45902239402580935,0.5113470933515695,0.7299344717389199,0.4562043795620438,0.5462962962962963,0.7323076923076923,0.7663506865501404,0.9999992251396179,0.9997282028198242,0.999984860420227,0.30512896180152893,1826.213623046875,1.012894630432129,0.2953720688819885,-0.02641621232032776,1.8177623748779297,-0.32222723960876465,0.32222723960876465,316.1118469238281,299.0016784667969,328.3458557128906
0453,10,1,20,0.9523809523809523,0.002013389037096693,21,3,5,4,60,0.35,0.4494264859228363,0.44473838918283365,0.5765567765567765,0.4489051094890511,0.4444444444444444,0.5784615384615385,0.2943929135799408,0.5440751314163208,0.4196968674659729,0.5060017108917236,0.1379709392786026,6.182251453399658,1.5367268323898315,0.332552045583725,0.6522203683853149,2.1920061111450195,-0.9331058263778687,0.9331058263778687,266.99798583984375,265.3017272949219,268.5553894042969
0453,11,0,0,0.0,0.0,6,3,2,2,12,0.5,0.4847931873479319,0.5653292181069959,0.7405128205128205,0.4854014598540146,0.5648148148148148,0.7415384615384616,0.18455420434474945,0.29255321621894836,0.22970643639564514,0.2710464596748352,0.06615648418664932,1.1073251962661743,0.7741103172302246,0.15545566380023956,0.5358899831771851,1.0279335975646973,-0.4653066396713257,0.4653066396713257,330.7299499511719,329.8150939941406,331.5011291503906
0453,12,0,0,0.0,0.0,1,1,1,1,1,1.0,0.5109489051094891,0.37962962962962965,0.6153846153846154,0.5109489051094891,0.37962962962962965,0.6153846153846154,0.10379910469055176,0.10379910469055176,0.10379910469055176,0.10379910469055176,0.0,0.10379910469055176,1.5037152767181396,0.0,1.5037152767181396,1.5037152767181396,-0.03246045112609863,0.03246045112609863,273.8795471191406,273.8795471191406,273.8795471191406
0453,13,1,7978,0.796764206531509,0.5343782444154191,10013,27,58,41,64206,0.15595115721272154,0.5496577077536429,0.49810893985966387,0.7170020511796203,0.5693430656934306,0.5432098765432098,0.6584615384615384,0.8726038932800293,0.9999998807907104,0.999977707862854,0.9999929070472717,0.24862802028656006,8737.3828125,0.9661173820495605,0.4286454916000366,-0.33241569995880127,2.048703670501709,-0.4507793188095093,0.4507793188095093,321.7364807128906,306.8452453613281,339.22412109375
0453,14,0,0,0.0,0.0,3,1,3,1,3,1.0,0.5255474452554745,0.6450617283950617,0.24307692307692308,0.5255474452554745,0.6450617283950617,0.24307692307692308,0.10618297010660172,0.1109381765127182,0.1088004782795906,0.11008309572935104,0.004092569462954998,0.31854891777038574,0.4580889642238617,0.09731125831604004,0.32732126116752625,0.5606087446212769,-0.042173296213150024,0.042173296213150024,266.3592834472656,265.5748596191406,267.1441650390625
0453,15,0,0,0.0,0.0,1,1,1,1,1,1.0,0.5255474452554745,0.654320987654321,0.24307692307692308,0.5255474452554745,0.654320987654321,0.24307692307692308,0.10375429689884186,0.10375429689884186,0.10375429689884186,0.10375429689884186,0.0,0.10375429689884186,0.5534434914588928,0.0,0.5534434914588928,0.5534434914588928,0.09747394919395447,0.09747394919395447,268.71917724609375,268.71917724609375,268.71917724609375
0453,16,0,0,0.0,0.0,2,1,1,2,2,1.0,0.5364963503649635,0.4228395061728395,0.7246153846153847,0.5364963503649635,0.4228395061728395,0.7230769230769231,0.2290647029876709,0.3113355338573456,0.27020013332366943,0.2948813736438751,0.08227083086967468,0.4581294059753418,1.458617091178894,0.014877915382385254,1.4437391757965088,1.4734950065612793,-0.23788249492645264,0.23788249492645264,310.05377197265625,309.67401123046875,310.4335632324219
0453,17,1,51,0.8947368421052632,0.005124855549414661,57,7,7,5,245,0.23265306122448978,0.5493661160199769,0.4509963179553823,0.576140350877193,0.551094890510949,0.4567901234567901,0.5784615384615385,0.2581816017627716,0.531436562538147,0.3357050120830536,0.4775439202785492,0.12047270685434341,14.716351509094238,0.9640090465545654,0.45110809803009033,0.013969718478620052,1.8850939273834229,-1.1032507419586182,1.1032507419586182,281.7371826171875,278.43310546875,285.20343017578125
0453,18,1,134,0.73224043715847,0.013380598132707575,183,6,13,8,624,0.2932692307692308,0.5475250289178732,0.6118532011063887,0.6836317780580076,0.5437956204379562,0.6111111111111112,0.6892307692307692,0.6869837641716003,0.9995631575584412,0.9602495431900024,0.9966772198677063,0.29873043298721313,125.71802520751953,1.3696355819702148,0.18066148459911346,0.9167046546936035,1.7787164449691772,-0.2999011278152466,0.2999011278152466,333.8849792480469,329.8620910644531,338.21441650390625
0453,19,0,0,0.0,0.0,2,1,2,1,2,1.0,0.5401459854014599,0.4243827160493827,0.72,0.5401459854014599,0.4228395061728395,0.72,0.14109504222869873,0.1746952384710312,0.15789513289928436,0.16797520220279694,0.033600203692913055,0.28219008445739746,1.6443607807159424,0.038061439990997314,1.6062992811203003,1.682422161102295,-0.13542485237121582,0.13542485237121582,309.61822509765625,309.39617919921875,309.84027099609375
0453,20,0,0,0.0,0.0,58,4,4,7,112,0.5178571428571429,0.5563805688396677,0.2633567475521499,0.5489655172413793,0.5620437956204379,0.2654320987654321,0.5507692307692308,0.21274901926517487,0.4216524362564087,0.26402026414871216,0.3604830801486969,0.08931358903646469,12.33944320678711,1.4067606925964355,0.2380121797323227,0.6783272624015808,1.7734004259109497,-0.25027942657470703,0.25027942657470703,250.32241821289062,247.16390991210938,253.68287658691406
0453,21,1,29,0.7073170731707317,0.002916478101272188,41,5,4,5,100,0.41,0.5801139398255296,0.6159289370671485,0.7028893058161351,0.5766423357664233,0.6141975308641975,0.6984615384615385,0.4948582947254181,0.9443220496177673,0.7467931509017944,0.8987361192703247,0.26206961274147034,20.2891902923584,0.9920169711112976,0.21753719449043274,0.5296645760536194,1.5039916038513184,-0.2627885937690735,0.2627885937690735,342.9211730957031,340.060302734375,345.285400390625
0453,22,0,0,0.0,0.0,2,1,2,1,2,1.0,0.7116788321167883,0.3873456790123457,0.6246153846153846,0.7116788321167883,0.38580246913580246,0.6246153846153846,0.122306689620018,0.12319239974021912,0.12274954468011856,0.12301525473594666,0.0008857063949108124,0.244613379240036,-0.025956839323043823,0.10473154485225677,-0.1306883841753006,0.07877470552921295,-0.5422442257404327,0.5422442257404327,308.82916259765625,308.6259765625,309.0323486328125
0455,1,1,589,0.7801324503311259,0.8548621190130624,755,12,12,14,2016,0.37450396825396826,0.30532642668240334,0.5394962948373914,0.47826444393697193,0.297029702970297,0.5315985130111525,0.4862068965517241,0.855117678642273,1.0,0.9999983310699463,1.0,0.2611340582370758,645.6138305664062,0.38044968247413635,0.3800826668739319,-0.650847315788269,1.6127740144729614,-0.1458398997783661,0.1458398997783661,221.49012756347656,214.41314697265625,226.61199951171875
0457,1,0,0,0.0,0.0,5,3,2,1,6,0.8333333333333334,0.3796078431372549,0.3513725490196078,0.6784313725490196,0.3803921568627451,0.35294117647058826,0.6784313725490196,0.31768128275871277,0.4561452865600586,0.3855898380279541,0.4279231131076813,0.09878315031528473,1.5884064435958862,0.9482685327529907,0.0924002081155777,0.8369454741477966,1.1063759326934814,-0.4901256561279297,0.4901256561279297,217.99679565429688,217.391357421875,218.70071411132812
0457,2,0,0,0.0,0.0,2,1,2,1,2,1.0,0.6588235294117647,0.18627450980392157,0.4980392156862745,0.6588235294117647,0.1843137254901961,0.4980392156862745,0.11811742186546326,0.12298369407653809,0.12055055797100067,0.12201043963432312,0.004866272211074829,0.2362348437309265,-0.15161940455436707,0.09891471266746521,-0.2505341172218323,-0.05270468443632126,-0.2805943042039871,0.2805943042039871,216.67138671875,216.561767578125,216.78099060058594
0459,1,0,0,0.0,0.0,5,2,2,2,8,0.625,0.5301960784313725,0.6847058823529412,0.39843137254901956,0.5294117647058824,0.6862745098039216,0.4,0.10933587700128555,0.11630751937627792,0.10864720493555069,0.11324339359998703,0.0035363861825317144,0.5466793775558472,-0.5756416320800781,0.23826012015342712,-0.8211307525634766,-0.24214695394039154,-0.3424333930015564,0.3424333930015564,243.6359100341797,242.84356689453125,244.5363006591797
0461,1,1,286,0.7390180878552972,0.09040619566935357,387,13,11,11,1573,0.24602670057215512,0.3630744287379034,0.6355575822060091,0.4593301920251305,0.3607843137254902,0.6274509803921569,0.4588235294117647,0.7769220471382141,0.9999997019767761,0.9999356269836426,0.9999973773956299,0.30365875363349915,300.6688232421875,-0.4962901771068573,0.3388133645057678,-1.1432565450668335,0.4812958240509033,-0.37950488924980164,0.37950488924980164,220.79611206054688,214.85809326171875,227.47747802734375
0461,2,0,0,0.0,0.0,49,6,4,5,120,0.4083333333333333,0.41904761904761906,0.6188075230092036,0.44945978391356545,0.4235294117647059,0.6196078431372549,0.4470588235294118,0.22623538970947266,0.49164140224456787,0.28638967871665955,0.37435856461524963,0.0940135270357132,11.08553409576416,-0.4063507914543152,0.22525298595428467,-1.1215959787368774,0.026421137154102325,-0.34815236553549767,0.34815236553549767,222.87062072753906,220.8642120361328,224.5016632080078
0461,3,1,4400,0.7531667237247518,0.7469020539806485,5842,43,39,24,40248,0.1451500695686742,0.49669801504990907,0.7177255975995328,0.5358385189063644,0.49411764705882355,0.7333333333333333,0.5529411764705883,0.8209714293479919,1.0,0.9999697208404541,0.9999973773956299,0.2832992970943451,4796.115234375,-0.6203335523605347,0.4145553410053253,-1.338202953338623,0.8062063455581665,-0.275834858417511,0.275834858417511,261.9248352050781,248.60610961914062,277.9532470703125
0462,1,0,0,0.0,0.0,4,2,2,1,4,1.0,0.4438202247191011,0.4127906976744186,0.5568181818181818,0.4419475655430712,0.4108527131782946,0.5568181818181818,0.14345556497573853,0.1753537952899933,0.15067951381206512,0.16548407077789307,0.021566826850175858,0.5738222599029541,0.9029740691184998,0.011765522882342339,0.8874285817146301,0.9177421927452087,-0.13967210054397583,0.13967210054397583,87.8517074584961,87.45856475830078,88.24398040771484
0468,1,0,0,0.0,0.0,64,5,6,4,120,0.5333333333333333,0.3285472972972973,0.6276544401544402,0.5091299019607843,0.3281853281853282,0.6254826254826255,0.5098039215686274,0.682047963142395,0.999887228012085,0.9642060399055481,0.9991665482521057,0.3067860007286072,43.65106964111328,0.21776193380355835,0.19409428536891937,-0.3830546438694,0.5309104919433594,-0.34390729665756226,0.34390729665756226,225.159912109375,222.40953063964844,227.21356201171875
0468,2,0,0,0.0,0.0,28,4,5,4,80,0.35,0.3338389409817981,0.628792057363486,0.4415966386554622,0.33204633204633205,0.6254826254826255,0.44313725490196076,0.16291701793670654,0.23582176864147186,0.20076635479927063,0.2305668145418167,0.04510052502155304,4.561676502227783,-0.17809268832206726,0.13925637304782867,-0.39426109194755554,0.1107252910733223,-0.3183209002017975,0.3183209002017975,216.457763671875,214.1518096923828,218.89495849609375
0468,3,0,0,0.0,0.0,18,3,2,5,30,0.6,0.4982839982839982,0.6735306735306735,0.5782135076252723,0.4980694980694981,0.6718146718146718,0.5764705882352941,0.14863605797290802,0.21385695040225983,0.15771484375,0.2076537013053894,0.031028585508465767,2.6754491329193115,0.13003213703632355,0.1846996694803238,-0.1540987342596054,0.46588069200515747,-0.2405594140291214,0.2405594140291214,262.8435363769531,261.70977783203125,264.05682373046875
0468,4,0,0,0.0,0.0,2,2,1,1,2,1.0,0.6505791505791506,0.5984555984555985,0.5333333333333333,0.6525096525096525,0.5984555984555985,0.5333333333333333,0.12163334339857101,0.12670880556106567,0.12417107820510864,0.12569370865821838,0.005075462162494659,0.24326668679714203,0.10378143936395645,0.09193087369203568,0.011850567534565926,0.19571231305599213,-0.2679330036044121,0.2679330036044121,266.9295654296875,266.6120910644531,267.2470703125
0468,5,0,0,0.0,0.0,1,1,1,1,1,1.0,0.6563706563706564,0.5945945945945946,0.5333333333333333,0.6563706563706564,0.5945945945945946,0.5333333333333333,0.1051735132932663,0.1051735132932663,0.1051735132932663,0.1051735132932663,0.0,0.1051735132932663,0.09141013026237488,0.0,0.09141013026237488,0.09141013026237488,-0.22203901410102844,0.22203901410102844,267.30694580078125,267.30694580078125,267.30694580078125
0470,1,1,165,0.6395348837209303,0.7333333333333333,258,13,12,8,1248,0.20673076923076922,0.5761193642892328,0.6131916599839615,0.44054904703619513,0.5652173913043478,0.603448275862069,0.4398496240601504,0.7743781208992004,1.0,0.9999748468399048,0.9999997615814209,0.3060719072818756,199.78955078125,0.45877957344055176,0.27531754970550537,-0.32456719875335693,1.1504923105239868,-0.31348365545272827,0.31348365545272827,274.5508728027344,267.7853698730469,282.93109130859375
0471,1,1,621,0.7490952955367913,0.5642889595638346,829,13,21,15,4095,0.20244200244200244,0.408779772463871,0.4602568651103385,0.7136356110598642,0.403921568627451,0.44313725490196076,0.7137254901960784,0.8613393306732178,1.0,0.9999817609786987,0.9999979734420776,0.25572073459625244,714.05029296875,1.4772831201553345,0.14339260756969452,0.9065068364143372,1.883263111114502,-0.27129364013671875,0.27129364013671875,240.80482482910156,232.22618103027344,248.72877502441406
0471,2,1,125,0.7142857142857143,0.16160310277957338,175,7,8,7,392,0.44642857142857145,0.4036078431372549,0.29250420168067226,0.6703641456582633,0.403921568627451,0.29411764705882354,0.6705882352941176,0.7881759405136108,0.9999998807907104,0.9999542236328125,0.9999980330467224,0.3043810725212097,137.9307861328125,1.6715035438537598,0.14381921291351318,1.2948557138442993,1.9891763925552368,-0.23764944076538086,0.23764944076538086,213.51571655273438,209.97857666015625,217.0115203857422
0471,3,1,70,0.7070707070707071,0.09517335146159075,99,6,5,7,210,0.4714285714285714,0.5670429788076846,0.4163596751832046,0.7298871063576946,0.5686274509803921,0.4196078431372549,0.7254901960784313,0.7651667594909668,0.999993085861206,0.999396800994873,0.9999564290046692,0.3065758943557739,75.75151062011719,1.6323282718658447,0.12611424922943115,1.330160140991211,1.9303356409072876,-0.2606236934661865,0.2606236934661865,259.067138671875,256.8774108886719,261.291015625
0471,4,1,101,0.6601307189542484,0.13245901639344262,153,6,10,6,360,0.425,0.5935922081250801,0.5005510701012431,0.7388440343457644,0.596078431372549,0.49411764705882355,0.7411764705882353,0.7882872819900513,0.9999969005584717,0.9996742010116577,0.9999441504478455,0.2808727025985718,120.60795593261719,1.4498414993286133,0.12621575593948364,1.094797134399414,1.6832045316696167,-0.3099360466003418,0.3099360466003418,273.88128662109375,271.4737548828125,276.4217834472656
0471,5,0,0,0.0,0.0,1,1,1,1,1,1.0,0.596078431372549,0.4745098039215686,0.7411764705882353,0.596078431372549,0.4745098039215686,0.7411764705882353,0.141142338514328,0.141142338514328,0.141142338514328,0.141142338514328,0.0,0.141142338514328,1.3654645681381226,0.0,1.3654645681381226,1.3654645681381226,-0.320682168006897,0.320682168006897,271.6081848144531,271.6081848144531,271.6081848144531
0471,6,1,36,0.75,0.05070422535211268,48,5,5,5,125,0.384,0.607516339869281,0.5316993464052288,0.7100490196078432,0.6078431372549019,0.5294117647058824,0.7098039215686275,0.7666403651237488,0.9999986886978149,0.9995574951171875,0.9999778270721436,0.31858953833580017,36.798736572265625,1.4627970457077026,0.132309690117836,1.188942313194275,1.7891179323196411,-0.32429397106170654,0.32429397106170654,274.73388671875,272.65545654296875,276.6622619628906
0471,7,0,0,0.0,0.0,2,2,1,1,2,1.0,0.6098039215686275,0.4980392156862745,0.7058823529411765,0.6078431372549019,0.4980392156862745,0.7058823529411765,0.14734414219856262,0.18557056784629822,0.16645735502243042,0.17792528867721558,0.038226418197155,0.29468828439712524,1.2830874919891357,0.011768162250518799,1.2713193893432617,1.2948557138442993,-0.3742924928665161,0.3742924928665161,270.2247314453125,269.9351806640625,270.5143127441406
0471,8,1,180,0.7058823529411765,0.2212661339889367,255,6,11,8,528,0.48295454545454547,0.6221760861207228,0.4593156478277586,0.6807074202229912,0.6235294117647059,0.4627450980392157,0.6784313725490196,0.8179978132247925,0.9999998807907104,0.9999711513519287,0.9999972581863403,0.2870773375034332,208.58944702148438,1.5947357416152954,0.1451205313205719,1.0124201774597168,1.9303356409072876,-0.28710830211639404,0.28710830211639404,263.33526611328125,259.2315673828125,267.6751708984375
0471,9,1,89,0.6793893129770993,0.11842980705256155,131,5,7,8,280,0.46785714285714286,0.6266127825175871,0.4374195479718605,0.7143840742403831,0.6274509803921569,0.4392156862745098,0.7098039215686275,0.8527529835700989,1.0,0.9999450445175171,0.9999986886978149,0.26049962639808655,111.71063995361328,1.605049729347229,0.11049138754606247,1.224246859550476,1.8244223594665527,-0.2745312452316284,0.2745312452316284,267.3663024902344,264.9245300292969,269.6831359863281
0479,1,1,562,0.734640522875817,0.020543563686875148,765,13,14,14,2548,0.3002354788069074,0.2781340510060233,0.5207740612584904,0.4890631808278867,0.27450980392156865,0.5137254901960784,0.49411764705882355,0.8226422071456909,0.9998975396156311,0.9992728233337402,0.9997009038925171,0.2800183594226837,629.3212890625,0.21474148333072662,0.2750684916973114,-0.3334762454032898,0.733931839466095,-0.30504851043224335,0.30504851043224335,195.9068603515625,190.8821563720703,201.35789489746094
0479,2,1,171,0.6240875912408759,0.0063074028991922096,274,10,11,6,660,0.41515151515151516,0.3185916702447402,0.4991985115213969,0.6443824245026478,0.3176470588235294,0.4980392156862745,0.6431372549019608,0.7572000026702881,0.99991375207901,0.9982838034629822,0.9996328353881836,0.2871328592300415,207.47280883789062,0.22043044865131378,0.2854433059692383,-0.4666820764541626,0.713360607624054,-0.24891285598278046,0.24891285598278046,223.55714416503906,220.07952880859375,227.16954040527344
0479,3,1,1395,0.7157516675218061,0.04991323326833283,1949,21,20,19,7980,0.24423558897243108,0.35433354460306443,0.5663296411432711,0.4173422267829656,0.34509803921568627,0.5843137254901961,0.4392156862745098,0.7587201595306396,0.9999455213546753,0.9988837242126465,0.9996553659439087,0.30918946862220764,1478.74560546875,0.11280327290296555,0.30394119024276733,-0.5553716421127319,0.7755188345909119,-0.21224746853113174,0.21224746853113174,201.4048614501953,191.6481170654297,209.99761962890625
0479,4,1,42748,0.8041233234890239,0.7982149025758807,53161,70,58,59,239540,0.22192953160223763,0.4550686759532917,0.6407940953323071,0.5692968197606162,0.3411764705882353,0.6274509803921569,0.611764705882353,0.8865564465522766,0.9999874830245972,0.9998409748077393,0.9999138712882996,0.24021506309509277,47130.2265625,-0.12869904935359955,0.35517844557762146,-0.7193163633346558,1.2368351221084595,-0.37999023497104645,0.37999023497104645,248.48362731933594,215.71044921875,279.9017639160156
0479,5,0,0,0.0,0.0,138,7,8,6,336,0.4107142857142857,0.3691957942597329,0.42452401250355215,0.5866155157715259,0.36470588235294116,0.4235294117647059,0.5843137254901961,0.6954329609870911,0.9990019202232361,0.9761679768562317,0.9949837327003479,0.3119136095046997,95.9697494506836,1.043641448020935,0.0919286459684372,0.8583471775054932,1.230363368988037,-0.20670843124389648,0.20670843124389648,207.7286834716797,204.1592559814453,211.7404022216797
0479,6,0,0,0.0,0.0,103,6,6,5,180,0.5722222222222222,0.3794022463354274,0.4806777079763945,0.6047211117456691,0.3764705882352941,0.4823529411764706,0.6039215686274509,0.6869771480560303,0.9976629614830017,0.9559723138809204,0.9906461834907532,0.28130391240119934,70.7586441040039,0.8885491490364075,0.10876385867595673,0.6248498558998108,1.095584750175476,-0.2919345498085022,0.2919345498085022,219.91233825683594,217.40745544433594,222.3758087158203
0479,7,0,0,0.0,0.0,13,3,3,3,27,0.48148148148148145,0.3812971342383107,0.5297134238310709,0.358974358974359,0.3803921568627451,0.5294117647058824,0.3568627450980392,0.1830953061580658,0.29492825269699097,0.19245588779449463,0.27801698446273804,0.05648673325777054,2.3802390098571777,-0.033937081694602966,0.09978333115577698,-0.16781197488307953,0.1400209665298462,-0.1229221522808075,0.1229221522808075,190.45999145507812,188.80148315429688,191.73158264160156
0479,8,1,106,0.8548387096774194,0.003920698328155053,124,5,11,8,440,0.2818181818181818,0.4196710942441493,0.3943074003795066,0.5840607210626186,0.4196078431372549,0.39215686274509803,0.5803921568627451,0.2236374467611313,0.4755289554595947,0.285155713558197,0.34478798508644104,0.09526991844177246,27.731042861938477,0.5483856797218323,0.12754711508750916,0.1595631092786789,0.8112632632255554,-0.1428346037864685,0.1428346037864685,209.6755828857422,204.8926544189453,213.77792358398438
0479,9,1,1299,0.6459472899055196,0.04642684822816705,2011,12,28,15,5040,0.39900793650793653,0.48025077758602197,0.52334123107224,0.7079474654108286,0.4745098039215686,0.5294117647058824,0.6941176470588235,0.814723551273346,0.9999483823776245,0.9993714094161987,0.9997950792312622,0.28872421383857727,1638.4090576171875,0.07931526005268097,0.3139895796775818,-0.6223016381263733,0.7522057890892029,-0.2822423130273819,0.2822423130273819,256.2982482910156,245.212158203125,264.66204833984375
0479,10,0,0,0.0,0.0,1,1,1,1,1,1.0,0.5215686274509804,0.6313725490196078,0.5058823529411764,0.5215686274509804,0.6313725490196078,0.5058823529411764,0.11447367072105408,0.11447367072105408,0.11447367072105408,0.11447367072105408,0.0,0.11447367072105408,-0.18933366239070892,0.0,-0.18933366239070892,-0.18933366239070892,-0.23133402690291405,0.23133402690291405,246.00405883789062,246.00405883789062,246.00405883789062
0479,11,1,862,0.8385214007782101,0.031359138533178114,1028,9,31,12,3348,0.3070489844683393,0.5882963302052339,0.49281681544213013,0.5795414663920043,0.592156862745098,0.5137254901960784,0.5803921568627451,0.5919309258460999,0.9981292486190796,0.9055493474006653,0.983367919921875,0.3033335506916046,608.5050048828125,0.27245718240737915,0.16379517316818237,-0.08530044555664062,0.6743569374084473,-0.17200759053230286,0.17200759053230286,245.9287109375,237.72462463378906,253.34165954589844
0479,12,1,374,0.6824817518248175,0.013725778038755137,548,12,14,10,1680,0.3261904761904762,0.59144840417919,0.5833619579218549,0.3789108344067554,0.5882352941176471,0.5803921568627451,0.37254901960784315,0.6218574047088623,0.9996455907821655,0.956675112247467,0.9968796968460083,0.31756776571273804,340.7778625488281,-0.11748972535133362,0.14940445125102997,-0.5065640807151794,0.2804078459739685,-0.21498560905456543,0.21498560905456543,233.5041046142578,227.51922607421875,242.46649169921875
0479,13,0,0,0.0,0.0,2,2,1,1,2,1.0,0.5901960784313726,0.6039215686274509,0.3764705882352941,0.592156862745098,0.6039215686274509,0.3764705882352941,0.10929793119430542,0.11745578050613403,0.11337685585021973,0.11582420766353607,0.008157845586538315,0.21859586238861084,-0.09251675754785538,0.07703214138746262,-0.169548898935318,-0.015484618954360485,-0.1520369090139866,0.1520369090139866,236.3988037109375,236.07838439941406,236.71923828125
0479,14,0,0,0.0,0.0,18,3,3,3,27,0.6666666666666666,0.6078431372549019,0.5172113289760348,0.6006535947712418,0.6078431372549019,0.5176470588235295,0.6,0.17338155210018158,0.23890167474746704,0.20967577397823334,0.2229459136724472,0.043002620339393616,3.120867967605591,0.3782355487346649,0.09322790801525116,0.2113988995552063,0.5430486798286438,-0.1813335120677948,0.1813335120677948,255.3268280029297,254.1554718017578,256.49365234375
0479,15,1,787,0.6466721446179129,0.028532584065983867,1217,13,34,15,6630,0.18355957767722472,0.6303961847680732,0.4801166481383022,0.5767573750946557,0.6274509803921569,0.4980392156862745,0.5764705882352941,0.7442280650138855,0.9999358654022217,0.9966496825218201,0.9992597699165344,0.3113403618335724,905.7255249023438,0.5357481837272644,0.13241851329803467,0.13085532188415527,0.8267619609832764,-0.19895851612091064,0.19895851612091064,250.7147216796875,240.31021118164062,259.1640319824219
0479,16,1,637,0.9507462686567164,0.023325643560730896,670,17,17,8,2312,0.2897923875432526,0.6838630377524144,0.2719110330699444,0.45280655545800413,0.6823529411764706,0.24705882352941178,0.4588235294117647,0.7455000877380371,0.9999524354934692,0.9977687001228333,0.9997417330741882,0.31031423807144165,499.48504638671875,0.22211357951164246,0.2238173931837082,-0.31042417883872986,0.821054220199585,-0.4410429894924164,0.4410429894924164,221.1797637939453,215.28817749023438,228.9934539794922
0490,1,0,0,0.0,0.0,12,3,3,3,27,0.4444444444444444,0.37189542483660126,0.8013071895424837,0.4519607843137255,0.37254901960784315,0.8,0.45098039215686275,0.33749303221702576,0.6556135416030884,0.4426935017108917,0.6125763058662415,0.17253530025482178,4.0499162673950195,0.8533196449279785,0.2714986205101013,0.2624528706073761,1.1992658376693726,-0.512951135635376,0.512951135635376,253.41571044921875,252.28952026367188,254.35604858398438
0490,2,1,896,0.6902927580893683,0.4152954808806489,1298,15,18,15,4050,0.32049382716049385,0.442907640714221,0.7824707695096528,0.43961146862442974,0.43529411764705883,0.8,0.44313725490196076,0.7859428524971008,0.9999995827674866,0.9999096393585205,0.9999915361404419,0.2949821352958679,1020.15380859375,0.9768399596214294,0.3796325922012329,0.02475091442465782,2.0410337448120117,-0.2837434411048889,0.2837434411048889,255.69654846191406,246.9190216064453,265.5654296875
0490,3,0,0,0.0,0.0,1,1,1,1,1,1.0,0.4588235294117647,0.7568627450980392,0.403921568627451,0.4588235294117647,0.7568627450980392,0.403921568627451,0.11259185522794724,0.11259185522794724,0.11259185522794724,0.11259185522794724,0.0,0.11259185522794724,0.4307315945625305,0.0,0.4307315945625305,0.4307315945625305,-0.25806987285614014,0.25806987285614014,248.55984497070312,248.55984497070312,248.55984497070312
0490,4,1,885,0.7570573139435415,0.4228380315336837,1169,12,27,29,9396,0.12441464452958706,0.5516194501752797,0.7456381354937185,0.5127090357100924,0.5411764705882353,0.7764705882352941,0.4745098039215686,0.8715935945510864,1.0,0.9999958276748657,0.9999995827674866,0.25461873412132263,1018.8929443359375,1.4480228424072266,0.5233073234558105,0.15115350484848022,2.3836305141448975,-0.7376255989074707,0.7376255989074707,270.93206787109375,263.8218994140625,276.3150329589844
0490,5,0,0,0.0,0.0,1,1,1,1,1,1.0,0.5333333333333333,0.7176470588235294,0.592156862745098,0.5333333333333333,0.7176470588235294,0.592156862745098,0.16101142764091492,0.16101142764091492,0.16101142764091492,0.16101142764091492,0.0,0.16101142764091492,1.8884872198104858,0.0,1.8884872198104858,1.8884872198104858,-0.37283241748809814,0.37283241748809814,273.9689636230469,273.9689636230469,273.9689636230469
0490,6,1,542,0.7122207621550591,0.2869242985706723,761,23,12,18,4968,0.15318035426731078,0.5862255546108063,0.7171987323181572,0.42770348612506764,0.5647058823529412,0.7137254901960784,0.4235294117647059,0.8021830320358276,0.9999998807907104,0.999985933303833,0.9999985098838806,0.2976604402065277,610.4613037109375,0.9664933681488037,0.5097922682762146,-0.05983893945813179,2.3212718963623047,-0.5442030429840088,0.5442030429840088,260.7864685058594,248.37069702148438,270.1666259765625
0490,7,0,0,0.0,0.0,6,2,3,3,18,0.3333333333333333,0.5522875816993464,0.7647058823529411,0.5450980392156862,0.5529411764705883,0.7647058823529411,0.5450980392156862,0.19611918926239014,0.33853960037231445,0.22875601053237915,0.28423821926116943,0.07868850976228714,1.1767151355743408,1.224255919456482,0.29790887236595154,0.7915449738502502,1.5940234661102295,-0.44218456745147705,0.44218456745147705,278.322998046875,277.8974609375,278.90679931640625
0490,8,1,239,0.7785016286644951,0.14380264741275572,307,9,10,8,720,0.4263888888888889,0.5715909816695408,0.6662706776521683,0.40969534393561985,0.5686274509803921,0.6588235294117647,0.4117647058823529,0.8434957265853882,1.0,0.9999977350234985,0.9999996423721313,0.26659804582595825,258.95318603515625,1.1192498207092285,0.564599335193634,0.14571818709373474,2.4310555458068848,-0.5423038005828857,0.5423038005828857,247.63624572753906,242.43968200683594,252.58859252929688
0490,9,0,0,0.0,0.0,2,1,2,1,2,1.0,0.5607843137254902,0.696078431372549,0.5803921568627451,0.5607843137254902,0.6941176470588235,0.5803921568627451,0.14259883761405945,0.15835389494895935,0.1504763662815094,0.15520288050174713,0.015755057334899902,0.2851976752281189,2.0156466960906982,0.02522057294845581,1.9904261827468872,2.040867328643799,-0.365741491317749,0.365741491317749,272.29833984375,271.972412109375,272.6242980957031
0490,10,1,15,0.5357142857142857,0.009852216748768473,28,4,4,3,48,0.5833333333333334,0.6920168067226891,0.49691876750700276,0.42142857142857143,0.6941176470588235,0.4980392156862745,0.4235294117647059,0.4425893723964691,0.791580319404602,0.6530159711837769,0.7727742791175842,0.23161748051643372,12.392502784729004,2.161550521850586,0.25063449144363403,1.723567247390747,2.6203129291534424,-0.5985367298126221,0.5985367298126221,243.1051483154297,241.38143920898438,245.13058471679688
0490,11,1,120,0.5529953917050692,0.07421150278293136,217,12,12,7,1008,0.2152777777777778,0.7330803289057558,0.5004969729827414,0.42638474744736604,0.7372549019607844,0.49411764705882355,0.4196078431372549,0.738592803478241,0.9999986886978149,0.999184250831604,0.9999731779098511,0.3268122971057892,160.27464294433594,1.3789414167404175,0.4575291574001312,0.13171692192554474,2.327453374862671,-0.6636241674423218,0.6636241674423218,251.87887573242188,247.03440856933594,256.5657958984375
0492,1,1,50,0.5747126436781609,0.4975124378109453,87,6,6,5,180,0.48333333333333334,0.24619388418998048,0.4374126662159116,0.5442637171980047,0.24528301886792453,0.43529411764705883,0.5433962264150943,0.7832068800926208,1.0,0.9999719858169556,0.9999998211860657,0.3028755486011505,68.13899993896484,0.4975167214870453,0.25431129336357117,-0.2742769718170166,0.9660295844078064,-0.030560702085494995,0.030560702085494995,193.9976806640625,191.76548767089844,196.23965454101562
0492,2,1,50,0.5813953488372093,0.5,86,6,6,6,216,0.39814814814814814,0.5845985081175954,0.7192886456908344,0.5956559894690654,0.5849056603773585,0.7176470588235294,0.5962264150943396,0.6824322938919067,0.9999991655349731,0.9991648197174072,0.9999491572380066,0.34485864639282227,58.689178466796875,0.3335961103439331,0.2011854350566864,-0.06124025955796242,0.7197246551513672,-0.16073253750801086,0.16073253750801086,287.8760070800781,285.4557800292969,290.0948181152344
0493,1,0,0,0.0,0.0,64,5,5,6,150,0.4266666666666667,0.3187186454849498,0.36082974137931034,0.4038416353383459,0.3177257525083612,0.3620689655172414,0.40225563909774437,0.25407588481903076,0.5019822120666504,0.31979480385780334,0.4215339124202728,0.106993667781353,16.26085662841797,-0.1278039962053299,0.1994355022907257,-0.45226970314979553,0.512779176235199,-0.28488968312740326,0.28488968312740326,178.22763061523438,176.22996520996094,180.3052978515625
0493,2,1,5,0.16129032258064516,0.0010031096398836392,31,4,4,4,64,0.484375,0.33563491207249974,0.3225806451612903,0.3693912199854475,0.3377926421404682,0.32413793103448274,0.3684210526315789,0.21705438196659088,0.3901858329772949,0.2787134051322937,0.3470302224159241,0.08729152381420135,6.7286858558654785,0.23795831203460693,0.20692329108715057,-0.14939236640930176,0.6787334084510803,-0.19446653127670288,0.19446653127670288,169.35438537597656,168.06248474121094,170.46701049804688
0493,3,0,0,0.0,0.0,31,5,4,4,80,0.3875,0.4523681087495954,0.2942157953281424,0.647829250545719,0.45484949832775917,0.296551724137931,0.650375939849624,0.27168354392051697,0.626114010810852,0.32013779878616333,0.49206799268722534,0.14473605155944824,8.422189712524414,-0.12737509608268738,0.2611713409423828,-0.5047267079353333,0.46430617570877075,-0.29982690513134,0.29982690513134,235.67506408691406,233.2852325439453,238.15121459960938
0493,4,1,3364,0.7490536628813181,0.4662831797075334,4491,17,39,30,19890,0.2257918552036199,0.5006087984218158,0.6252850528643493,0.6048194969722235,0.48494983277591974,0.6517241379310345,0.5827067669172933,0.8357462882995605,1.0,0.9999953508377075,0.9999991655349731,0.27645623683929443,3753.336669921875,0.0923217386007309,0.3239118456840515,-0.59784334897995,1.0715434551239014,-0.06308899819850922,0.06308899819850922,285.6276550292969,274.003662109375,296.5821838378906
0493,5,1,40,0.5263157894736842,0.00798881565807869,76,4,7,6,168,0.4523809523809524,0.4759285337088541,0.6776315789473685,0.5055401662049862,0.4782608695652174,0.6793103448275862,0.5075187969924813,0.521621823310852,0.9458194971084595,0.7150281071662903,0.8271996974945068,0.23300844430923462,39.64325714111328,0.7544938325881958,0.17046377062797546,0.33982425928115845,1.1191036701202393,-0.2046855092048645,0.2046855092048645,277.9190368652344,274.78900146484375,281.77117919921875
0493,6,0,0,0.0,0.0,10,2,4,4,32,0.3125,0.4879598662207358,0.27413793103448275,0.618796992481203,0.4882943143812709,0.27586206896551724,0.6203007518796992,0.1732640117406845,0.29910415410995483,0.2073294073343277,0.26142239570617676,0.061215709894895554,1.7326401472091675,0.3905395567417145,0.20568618178367615,-0.010249008424580097,0.6397180557250977,-0.2751934826374054,0.2751934826374054,234.5088348388672,232.94204711914062,236.0635528564453
0493,7,0,0,0.0,0.0,1,1,1,1,1,1.0,0.49498327759197325,0.696551724137931,0.5375939849624061,0.49498327759197325,0.696551724137931,0.5375939849624061,0.12859979271888733,0.12859979271888733,0.12859979271888733,0.12859979271888733,0.0,0.12859979271888733,-0.013598601333796978,0.0,-0.013598601333796978,-0.013598601333796978,-0.17174969147890806,0.17174969147890806,288.8840637207031,288.8840637207031,288.8840637207031
0493,8,0,0,0.0,0.0,14,3,4,3,36,0.3888888888888889,0.5009555661729574,0.31576354679802954,0.6680988184747584,0.4983277591973244,0.3137931034482759,0.6691729323308271,0.19222471117973328,0.30437013506889343,0.2246929258108139,0.24725793302059174,0.05173748359084129,2.691145896911621,0.16189123690128326,0.17914289236068726,-0.08026978373527527,0.5368386507034302,-0.34010063111782074,0.34010063111782074,250.41055297851562,249.21878051757812,251.26480102539062
0493,9,1,23,0.8214285714285714,0.004615693357415212,28,4,4,3,48,0.5833333333333334,0.5328475871954134,0.677832512315271,0.5045649838882922,0.5317725752508361,0.6793103448275862,0.5037593984962406,0.6329043507575989,0.9967371225357056,0.8846155405044556,0.9901095032691956,0.2954312860965729,17.72132110595703,0.15728697180747986,0.1988445520401001,-0.2553184926509857,0.4737739562988281,-0.10242316126823425,0.10242316126823425,286.9819030761719,285.6238708496094,288.2377624511719
0493,10,1,4964,0.6924257218579998,0.5803472262816392,7169,21,48,51,51408,0.13945300342359165,0.5624975799276987,0.6287795633498636,0.5751559817384163,0.5518394648829431,0.593103448275862,0.6240601503759399,0.8251500129699707,1.0,0.999993085861206,0.9999992847442627,0.28540417551994324,5915.50048828125,0.22705237567424774,0.42896148562431335,-0.6421279907226562,2.1289103031158447,-0.2116362601518631,0.2116362601518631,292.4383850097656,266.2066955566406,302.5524597167969
0493,11,1,2,0.6666666666666666,0.0004023740066391711,3,1,3,1,3,1.0,0.5919732441471572,0.5620689655172414,0.5864661654135338,0.5919732441471572,0.5620689655172414,0.5864661654135338,0.23562686145305634,0.37085068225860596,0.27084553241729736,0.3308486044406891,0.09564551711082458,0.7068805694580078,0.8576393723487854,0.0783848911523819,0.7680996060371399,0.9590066075325012,-0.09646832942962646,0.09646832942962646,287.3838195800781,286.8170166015625,287.9513854980469
0493,12,1,1,1.0,0.00020122748767481639,1,1,1,1,1,1.0,0.5953177257525084,0.5620689655172414,0.5902255639097744,0.5953177257525084,0.5620689655172414,0.5902255639097744,0.137929305434227,0.137929305434227,0.137929305434227,0.137929305434227,0.0,0.137929305434227,0.7572798728942871,0.0,0.7572798728942871,0.7572798728942871,-0.08786892890930176,0.08786892890930176,288.5463562011719,288.5463562011719,288.5463562011719
0493,13,1,3,1.0,0.0006035610099587567,3,1,2,2,4,0.75,0.5986622073578596,0.564367816091954,0.5952380952380952,0.5986622073578596,0.5655172413793104,0.5939849624060151,0.14240366220474243,0.1591344028711319,0.15384472906589508,0.1570185273885727,0.016746627166867256,0.4272109866142273,0.5799986720085144,0.05828392505645752,0.5003587603569031,0.6382207274436951,-0.12423574924468994,0.12423574924468994,290.2696533203125,289.7119140625,290.8212585449219
0498,1,1,892,0.666168782673637,0.6355539722123263,1339,22,25,11,6050,0.22132231404958677,0.4900992963005817,0.7125154141410632,0.3652323370356835,0.4647887323943662,0.7286821705426356,0.375886524822695,0.7707728147506714,1.0,0.9999122619628906,0.9999962449073792,0.3011628985404968,1032.0648193359375,0.31048762798309326,0.27396002411842346,-0.4550454914569855,1.0186079740524292,-0.1375523805618286,0.1375523805618286,253.2068634033203,244.4483642578125,261.5377502441406
0498,2,1,494,0.7201166180758017,0.4586815227483751,686,11,14,12,1848,0.3712121212121212,0.593289327803556,0.6197595317196646,0.3409683022145028,0.5845070422535211,0.6201550387596899,0.3333333333333333,0.8366451263427734,1.0,0.9999996423721313,1.0,0.2806175947189331,573.9385375976562,0.5774290561676025,0.30534860491752625,-0.16407643258571625,1.4211297035217285,-0.2933204770088196,0.2933204770088196,252.09934997558594,246.55020141601562,257.7382507324219
0502,1,1,459,0.7105263157894737,0.5784499054820416,646,13,22,13,3718,0.17374932759548145,0.2833045822718289,0.4773403524834058,0.5334342306674186,0.2730627306273063,0.4396887159533074,0.550185873605948,0.8374578952789307,1.0,0.9999361634254456,0.9999946355819702,0.2663331627845764,540.997802734375,0.37458932399749756,0.3455582559108734,-0.2679136097431183,1.35150146484375,-0.44619208574295044,0.44619208574295044,204.27508544921875,195.7600555419922,212.53941345214844
0502,2,1,223,0.7311475409836066,0.3579454253611557,305,7,11,11,847,0.3600944510035419,0.29340027826507775,0.2962046309880717,0.5323176305685904,0.2988929889298893,0.2918287937743191,0.5353159851301115,0.7974008321762085,0.9999997615814209,0.9999385476112366,0.9999908804893494,0.3012629449367523,243.20724487304688,0.41168397665023804,0.3694523870944977,-0.38277482986450195,1.2829595804214478,-0.3538205027580261,0.3538205027580261,181.08236694335938,176.24131774902344,185.4400177001953
0502,3,1,56,0.6436781609195402,0.10894941634241245,87,6,6,6,216,0.4027777777777778,0.31386520761759346,0.552126660405206,0.5453574328077597,0.31365313653136534,0.5486381322957199,0.5464684014869888,0.7804300785064697,0.9999997615814209,0.9999009370803833,0.9999954700469971,0.2939416170120239,67.89741516113281,0.7155537605285645,0.22713464498519897,0.1018548533320427,1.2944685220718384,-0.17268317937850952,0.17268317937850952,221.5081329345703,218.38726806640625,223.80572509765625
0502,4,1,7,0.7777777777777778,0.014736842105263158,9,2,5,2,20,0.45,0.6670766707667076,0.5447470817120622,0.5196199917389508,0.6678966789667896,0.5408560311284046,0.5204460966542751,0.18594282865524292,0.26898711919784546,0.20648062229156494,0.24006837606430054,0.04555602744221687,1.673485517501831,0.8613284826278687,0.2015330046415329,0.6151406764984131,1.1682894229888916,-0.24891340732574463,0.24891340732574463,268.6685791015625,267.2171325683594,269.977783203125
0505,1,0,0,0.0,0.0,2,1,1,2,2,1.0,0.4666666666666667,0.34509803921568627,0.7941176470588235,0.4666666666666667,0.34509803921568627,0.792156862745098,0.20052947103977203,0.23292285203933716,0.216726154088974,0.22644416987895966,0.032393380999565125,0.40105894207954407,0.3212178945541382,0.09284694492816925,0.22837096452713013,0.41406485438346863,-0.4676506519317627,0.4676506519317627,251.29730224609375,250.89439392089844,251.70022583007812
0505,2,0,0,0.0,0.0,28,5,3,4,60,0.4666666666666667,0.5133053221288515,0.24677871148459385,0.7067226890756303,0.5098039215686274,0.24705882352941178,0.7058823529411765,0.23541007936000824,0.5925149321556091,0.2800810933113098,0.463316410779953,0.1398594230413437,6.591482162475586,0.3832160532474518,0.39410826563835144,-0.4482336640357971,1.0033046007156372,-0.48143401741981506,0.48143401741981506,232.02281188964844,230.02174377441406,234.62522888183594
0508,1,0,0,0.0,0.0,38,5,4,3,60,0.6333333333333333,0.5611971104231166,0.46893704850361195,0.5377708978328173,0.5568627450980392,0.4666666666666667,0.5411764705882353,0.2862977087497711,0.6672937870025635,0.3249070346355438,0.4338945746421814,0.11334425210952759,10.879312515258789,0.9018604159355164,0.278685063123703,0.3861009478569031,1.394457459449768,-0.5878103375434875,0.5878103375434875,232.1050262451172,230.42135620117188,233.49732971191406
0508,2,0,0,0.0,0.0,21,3,4,4,48,0.4375,0.588608776844071,0.5661998132586368,0.5945845004668534,0.5882352941176471,0.5647058823529412,0.592156862745098,0.16506735980510712,0.23974047601222992,0.19275885820388794,0.22805815935134888,0.042417120188474655,3.466414451599121,0.43339207768440247,0.08186350762844086,0.22687724232673645,0.567432701587677,-0.13505616784095764,0.13505616784095764,258.1961669921875,256.9766540527344,259.8537902832031
0508,3,0,0,0.0,0.0,6,2,2,2,8,0.75,0.6483660130718955,0.45359477124183006,0.6019607843137255,0.6470588235294118,0.4549019607843137,0.6039215686274509,0.268768310546875,0.46235939860343933,0.33116230368614197,0.4009430408477783,0.11596562713384628,1.61260986328125,0.7902877926826477,0.09678754955530167,0.6438184380531311,0.9234208464622498,-0.21095293760299683,0.21095293760299683,254.1814422607422,253.35745239257812,255.07057189941406
0517,1,0,0,0.0,0.0,35,5,7,2,70,0.5,0.6155742296918767,0.3965266106442577,0.5742296918767507,0.6196078431372549,0.38823529411764707,0.5725490196078431,0.42749136686325073,0.877983808517456,0.5747023820877075,0.6417417526245117,0.19699929654598236,14.962198257446289,0.9729177355766296,0.2873785197734833,0.3006018102169037,1.369620442390442,-0.6248156428337097,0.6248156428337097,237.95864868164062,236.56922912597656,239.3616485595703
0518,1,0,0,0.0,0.0,1,1,1,1,1,1.0,0.5686274509803921,0.3176470588235294,0.6313725490196078,0.5686274509803921,0.3176470588235294,0.6313725490196078,0.1040632575750351,0.1040632575750351,0.1040632575750351,0.1040632575750351,0.0,0.1040632575750351,0.11736481636762619,0.0,0.11736481636762619,0.11736481636762619,-0.5725846961140633,0.5725846961140633,231.94395446777344,231.94395446777344,231.94395446777344
0518,2,0,0,0.0,0.0,1,1,1,1,1,1.0,0.5686274509803921,0.3176470588235294,0.6549019607843137,0.5686274509803921,0.3176470588235294,0.6549019607843137,0.13307766616344452,0.13307766616344452,0.13307766616344452,0.13307766616344452,0.0,0.13307766616344452,0.10731568187475204,0.0,0.10731568187475204,0.10731568187475204,-0.5239637270569801,0.5239637270569801,236.14825439453125,236.14825439453125,236.14825439453125
0518,3,1,350,0.5582137161084529,0.6151142355008787,627,10,23,14,3220,0.19472049689440993,0.5838133658567095,0.3346655408574913,0.6461957031616474,0.5803921568627451,0.30980392156862746,0.6431372549019608,0.7398003339767456,0.9999970197677612,0.9990499019622803,0.9999276399612427,0.3160233795642853,463.85479736328125,0.6029581427574158,0.20374898612499237,-0.4099348187446594,1.0126144886016846,-0.14990383386611938,0.14990383386611938,238.59304809570312,231.74339294433594,247.7296905517578
0518,4,0,0,0.0,0.0,1,1,1,1,1,1.0,0.592156862745098,0.34901960784313724,0.6392156862745098,0.592156862745098,0.34901960784313724,0.6392156862745098,0.1389288455247879,0.1389288455247879,0.1389288455247879,0.1389288455247879,0.0,0.1389288455247879,-0.24572639167308807,0.0,-0.24572639167308807,-0.24572639167308807,-0.7429354637861252,0.7429354637861252,239.9875030517578,239.9875030517578,239.9875030517578
0518,5,1,101,0.5489130434782609,0.2906474820143885,184,7,7,8,392,0.46938775510204084,0.6119565217391304,0.34961636828644505,0.6268755328218244,0.615686274509804,0.34901960784313724,0.6274509803921569,0.6539642214775085,0.9999617338180542,0.9933702349662781,0.9995388388633728,0.3350520133972168,120.32942199707031,0.549689769744873,0.19120420515537262,-0.21094119548797607,0.9280257821083069,-0.18389278650283813,0.18389278650283813,241.18788146972656,237.8192596435547,245.57687377929688
0519,1,0,0,0.0,0.0,7,3,3,2,18,0.3888888888888889,0.4492997198879552,0.7121771217712177,0.5709014232999473,0.45098039215686275,0.7121771217712177,0.5719557195571956,0.24691268801689148,0.5062503814697266,0.26672375202178955,0.3640764057636261,0.11851746588945389,1.728388786315918,0.9047312140464783,0.10143615305423737,0.7506973147392273,1.058894157409668,-0.5081184506416321,0.5081184506416321,89.11832427978516,87.92610168457031,90.18869018554688
0522,1,1,37,0.7708333333333334,0.07724425887265135,48,6,3,4,72,0.6666666666666666,0.4249183006535948,0.5487745098039216,0.6803104575163398,0.42745098039215684,0.5490196078431373,0.6784313725490196,0.8361603617668152,0.9999993443489075,0.9997074007987976,0.9999916553497314,0.2659238874912262,40.13569641113281,1.2617566585540771,0.28224503993988037,0.3283732533454895,1.694504976272583,-0.4450017213821411,0.4450017213821411,248.2706298828125,246.10769653320312,250.09197998046875
0522,2,0,0,0.0,0.0,2,1,1,2,2,1.0,0.4196078431372549,0.5647058823529412,0.6803921568627451,0.4196078431372549,0.5647058823529412,0.6784313725490196,0.28866830468177795,0.28948283195495605,0.2890755534172058,0.2893199324607849,0.0008145272731781006,0.5773366093635559,1.218598484992981,0.06158792972564697,1.157010555267334,1.280186414718628,-0.5138546228408813,0.5138546228408813,250.0047607421875,249.6577606201172,250.35174560546875
0522,3,0,0,0.0,0.0,1,1,1,1,1,1.0,0.49411764705882355,0.34901960784313724,0.6352941176470588,0.49411764705882355,0.34901960784313724,0.6352941176470588,0.13092704117298126,0.13092704117298126,0.13092704117298126,0.13092704117298126,0.0,0.13092704117298126,0.45154908299446106,0.0,0.45154908299446106,0.45154908299446106,-0.1903626024723053,0.1903626024723053,224.26324462890625,224.26324462890625,224.26324462890625
0522,4,1,257,0.510934393638171,0.3637650389242746,503,16,18,12,3456,0.14554398148148148,0.526932522511987,0.34847386270611624,0.6352395431333567,0.5215686274509804,0.34509803921568627,0.6313725490196078,0.6598637700080872,0.9999871253967285,0.9860702157020569,0.9994168877601624,0.31790661811828613,331.9114685058594,0.5850545167922974,0.4135305881500244,-0.27630800008773804,1.4593511819839478,-0.20608735084533691,0.20608735084533691,229.08804321289062,221.6009979248047,234.30535888671875
0522,5,0,0,0.0,0.0,2,2,1,1,2,1.0,0.5352941176470588,0.3333333333333333,0.6039215686274509,0.5372549019607843,0.3333333333333333,0.6039215686274509,0.21134498715400696,0.23286406695842743,0.2221045345067978,0.22856025397777557,0.021519072353839874,0.4226899743080139,0.44035130739212036,0.15676923096179962,0.28358206152915955,0.5971205234527588,-0.5067005753517151,0.5067005753517151,223.26531982421875,222.9573974609375,223.57325744628906
0522,6,1,160,0.6639004149377593,0.27801911381407474,241,8,10,11,880,0.27386363636363636,0.5672931413229192,0.6254495159059474,0.7263688878040843,0.5647058823529412,0.6196078431372549,0.7137254901960784,0.7842803001403809,0.9999998807907104,0.9999843835830688,0.9999992847442627,0.3059544563293457,189.0115509033203,1.6249021291732788,0.40459904074668884,0.27238425612449646,2.3327796459198,-0.3591728210449219,0.3591728210449219,284.5507507324219,278.29840087890625,289.2490234375
0522,7,1,95,0.6690140845070423,0.1806083650190114,142,6,11,7,462,0.30735930735930733,0.5730461198563933,0.6705053852526925,0.6695111847555925,0.5686274509803921,0.6784313725490196,0.6705882352941176,0.7800441980361938,1.0,0.9999961853027344,0.9999998807907104,0.3244614601135254,110.76627349853516,1.8406286239624023,0.39582693576812744,0.19399964809417725,2.612724781036377,-0.30998682975769043,0.30998682975769043,282.9039306640625,278.729248046875,286.12933349609375
0522,8,1,176,0.6929133858267716,0.3024054982817869,254,7,14,10,980,0.25918367346938775,0.5773969430291802,0.5654469661880501,0.7240852246410375,0.5725490196078431,0.5803921568627451,0.7294117647058823,0.777499794960022,0.9999998211860657,0.999981701374054,0.9999983310699463,0.31057339906692505,197.48495483398438,1.4370436668395996,0.3570294976234436,0.2611864507198334,2.1536149978637695,-0.31889796257019043,0.31889796257019043,277.2479553222656,272.003662109375,281.4924621582031
0522,9,0,0,0.0,0.0,1,1,1,1,1,1.0,0.5725490196078431,0.5686274509803921,0.7058823529411765,0.5725490196078431,0.5686274509803921,0.7058823529411765,0.1651773601770401,0.1651773601770401,0.1651773601770401,0.1651773601770401,0.0,0.1651773601770401,1.4369555711746216,0.0,1.4369555711746216,1.4369555711746216,-0.2738795280456543,0.2738795280456543,273.92333984375,273.92333984375,273.92333984375
0522,10,0,0,0.0,0.0,4,2,2,1,4,1.0,0.5823529411764706,0.5705882352941176,0.6980392156862745,0.5843137254901961,0.5725490196078431,0.6980392156862745,0.22248145937919617,0.3906902074813843,0.2996123433113098,0.35425904393196106,0.1157531812787056,0.8899258375167847,1.3809666633605957,0.09921275824308395,1.2129995822906494,1.4705489873886108,-0.33227312564849854,0.33227312564849854,274.23504638671875,273.6968994140625,274.77264404296875
0527,1,1,375,0.6302521008403361,0.15312372396896692,595,12,16,14,2688,0.22135416666666666,0.3105026040834585,0.5892258043901971,0.3245732668067227,0.30798479087452474,0.5741444866920152,0.32421875,0.7941726446151733,1.0,0.999956488609314,0.9999969601631165,0.30296918749809265,472.53271484375,0.12349875271320343,0.3677466809749603,-0.5046928524971008,0.9005228281021118,-0.41604553163051605,0.41604553163051605,194.34906005859375,187.949462890625,201.8018798828125
0527,2,1,157,0.35201793721973096,0.06611918298589177,446,10,15,8,1200,0.37166666666666665,0.32828351719551907,0.6678118979010724,0.34347848934977576,0.33079847908745247,0.6615969581749049,0.34765625,0.5033061504364014,0.999860405921936,0.8367513418197632,0.9938363432884216,0.3144510090351105,224.47454833984375,0.059976182878017426,0.3765341341495514,-0.5567852854728699,1.0694048404693604,-0.2754627540707588,0.2754627540707588,214.97889709472656,208.6168670654297,221.71603393554688
0527,3,1,668,0.6447876447876448,0.2502341262408691,1036,11,26,9,2574,0.4024864024864025,0.4669796086145896,0.7451443839276539,0.3062183277027027,0.4752851711026616,0.7680608365019012,0.30859375,0.7072819471359253,0.9999994039535522,0.9975591897964478,0.9999679923057556,0.31833136081695557,732.7440795898438,-0.042717237025499344,0.292788565158844,-0.6822620034217834,0.6698693633079529,-0.24639226868748665,0.24639226868748665,244.74452209472656,232.17665100097656,256.50146484375
0527,4,1,264,0.7652173913043478,0.11359724612736662,345,7,10,15,1050,0.32857142857142857,0.46233537223783544,0.6648812475891333,0.5751811594202898,0.4600760456273764,0.6501901140684411,0.5546875,0.794026255607605,1.0,0.9999858140945435,0.9999993443489075,0.2983190417289734,273.9390563964844,0.21108029782772064,0.3929171860218048,-0.661864697933197,1.0378707647323608,-0.2749765068292618,0.2749765068292618,259.4191589355469,251.7617950439453,265.6670837402344
0527,5,0,0,0.0,0.0,2,1,2,1,2,1.0,0.45627376425855515,0.6787072243346007,0.55078125,0.45627376425855515,0.6768060836501901,0.55078125,0.21967527270317078,0.23310348391532898,0.22638937830924988,0.23041783273220062,0.0134282186627388,0.43935054540634155,0.9358698129653931,0.0987752377986908,0.8370946049690247,1.0346450805664062,-0.13048827648162842,0.13048827648162842,257.65167236328125,257.3052673339844,257.998046875
0527,6,0,0,0.0,0.0,18,3,5,3,45,0.4,0.46683565694972534,0.5741444866920152,0.5043402777777778,0.467680608365019,0.5779467680608364,0.50390625,0.17160236835479736,0.24304336309432983,0.19393378496170044,0.21713529527187347,0.03773625195026398,3.0888426303863525,1.336919903755188,0.0924442782998085,1.0673829317092896,1.4590613842010498,-0.17453813552856445,0.17453813552856445,234.07904052734375,232.84759521484375,235.42727661132812
0527,7,0,0,0.0,0.0,2,2,1,1,2,1.0,0.47718631178707227,0.5703422053231939,0.49609375,0.4752851711026616,0.5703422053231939,0.49609375,0.1715240478515625,0.19368790090084076,0.18260596692562103,0.18925513327121735,0.022163860499858856,0.343048095703125,1.2479159832000732,0.04266291856765747,1.205253005027771,1.290578842163086,-0.12130749225616455,0.12130749225616455,233.73367309570312,233.4630584716797,234.0042724609375
0527,8,1,56,0.6829268292682927,0.025541619156214366,82,5,6,6,180,0.45555555555555555,0.4835852731150886,0.6253825466011314,0.5269150152439024,0.4866920152091255,0.623574144486692,0.52734375,0.7122641801834106,0.99998939037323,0.998612105846405,0.999840497970581,0.3339514136314392,58.405662536621094,0.4649171233177185,0.2669816017150879,-0.09730525314807892,0.9759017825126648,-0.29565638303756714,0.29565638303756714,248.3588104248047,245.59519958496094,251.0816650390625
0527,9,1,229,0.5902061855670103,0.09763376678746535,388,19,9,10,1710,0.22690058479532163,0.5247050292030888,0.5655893536121673,0.48868395618556704,0.5133079847908745,0.5627376425855514,0.48828125,0.7073572874069214,0.9999984502792358,0.9984589219093323,0.9999614953994751,0.3240419030189514,274.4546203613281,0.5534604787826538,0.5856356024742126,-0.39065003395080566,1.694708228111267,-0.33689385652542114,0.33689385652542114,238.9737091064453,233.1630401611328,247.69740295410156
0527,10,1,1985,0.7631680123029604,0.5750289687137891,2601,15,37,15,8325,0.3124324324324324,0.5367312659798877,0.7044219611351586,0.3063635380622837,0.5171102661596958,0.7034220532319392,0.30078125,0.8339992761611938,1.0,0.9999988675117493,0.9999998211860657,0.27967002987861633,2169.232177734375,0.08503489196300507,0.3450130820274353,-0.6431424021720886,1.2066057920455933,-0.4091257005929947,0.4091257005929947,246.42349243164062,233.98077392578125,262.20220947265625
0527,11,0,0,0.0,0.0,1,1,1,1,1,1.0,0.6615969581749049,0.6996197718631179,0.33984375,0.6615969581749049,0.6996197718631179,0.33984375,0.12074805796146393,0.12074805796146393,0.12074805796146393,0.12074805796146393,0.0,0.12074805796146393,-0.05679763853549957,0.0,-0.05679763853549957,-0.05679763853549957,-0.02334209904074669,0.02334209904074669,268.42132568359375,268.42132568359375,268.42132568359375
0527,12,0,0,0.0,0.0,6,2,3,2,12,0.5,0.6679340937896071,0.6888466413181241,0.3365885416666667,0.6692015209125475,0.688212927756654,0.3359375,0.1315058022737503,0.18777519464492798,0.14364688098430634,0.16729608178138733,0.029723765328526497,0.7890347838401794,-0.0335230715572834,0.09596127271652222,-0.1670154631137848,0.124299056828022,-0.062039587646722794,0.062039587646722794,267.31585693359375,266.6927185058594,268.046630859375
0527,13,0,0,0.0,0.0,13,3,3,2,18,0.7222222222222222,0.6768060836501901,0.6250365603977771,0.30679086538461536,0.6768060836501901,0.623574144486692,0.3046875,0.19048698246479034,0.3085819482803345,0.23229770362377167,0.2747870683670044,0.06219784542918205,2.4763307571411133,0.11126033216714859,0.1543307602405548,-0.12159765511751175,0.40259045362472534,-0.265134833753109,0.265134833753109,255.40631103515625,254.29116821289062,256.6437072753906
0530,1,0,0,0.0,0.0,28,4,5,2,40,0.7,0.36115569823434995,0.37661064425770313,0.5077581594435527,0.3595505617977528,0.3764705882352941,0.5093632958801498,0.5047067403793335,0.8563472032546997,0.6674870848655701,0.7787668108940125,0.20810776948928833,14.131789207458496,0.9710195660591125,0.13582490384578705,0.6955286264419556,1.2334492206573486,-0.29988521337509155,0.29988521337509155,192.6050262451172,190.96072387695312,194.18032836914062
0530,2,0,0,0.0,0.0,834,14,15,16,3360,0.24821428571428572,0.5768149525323562,0.5883528471340574,0.43711098536900816,0.5655430711610487,0.596078431372549,0.4606741573033708,0.7607231736183167,1.0,0.9998293519020081,0.9999976754188538,0.3015293776988983,634.443115234375,0.27603450417518616,0.2708421051502228,-0.3603501617908478,1.1164487600326538,-0.38158324360847473,0.38158324360847473,245.31326293945312,236.48678588867188,251.84518432617188
0530,3,0,0,0.0,0.0,1,1,1,1,1,1.0,0.700374531835206,0.49019607843137253,0.5093632958801498,0.700374531835206,0.49019607843137253,0.5093632958801498,0.1045287474989891,0.1045287474989891,0.1045287474989891,0.1045287474989891,0.0,0.1045287474989891,0.6358824372291565,0.0,0.6358824372291565,0.6358824372291565,-0.18148863315582275,0.18148863315582275,263.5621337890625,263.5621337890625,263.5621337890625
0538,1,1,3090,0.6978319783197832,0.3376311188811189,4428,31,33,28,28644,0.15458734813573524,0.30932922401119434,0.5910542536797917,0.360842765290398,0.2901960784313726,0.5450980392156862,0.3411764705882353,0.8140109181404114,1.0,0.9999882578849792,0.9999990463256836,0.28307321667671204,3604.4404296875,0.22292731702327728,0.2861814796924591,-0.6848847270011902,1.3086986541748047,-0.25776274502277374,0.25776274502277374,193.91098022460938,172.75994873046875,211.61521911621094
0538,2,0,0,0.0,0.0,10,3,3,2,18,0.5555555555555556,0.2709803921568627,0.5047058823529411,0.323921568627451,0.27058823529411763,0.5058823529411764,0.3254901960784314,0.1903199851512909,0.3604680299758911,0.24913498759269714,0.31762418150901794,0.08809099346399307,1.9031999111175537,0.3667305111885071,0.08174299448728561,0.21222776174545288,0.4813615381717682,-0.313260018825531,0.313260018825531,168.2299346923828,167.3559112548828,169.0295867919922
0538,3,1,5187,0.7475140510159966,0.498390583713668,6939,27,34,35,32130,0.21596638655462186,0.32638200113594945,0.6491323550604851,0.47625724450321993,0.3215686274509804,0.6588235294117647,0.4627450980392157,0.8549148440361023,1.0,0.9999979734420776,0.9999996423721313,0.26808062195777893,5932.25390625,0.30930399894714355,0.3329770267009735,-0.42571890354156494,1.6276720762252808,-0.29489606618881226,0.29489606618881226,222.10296630859375,204.26698303222656,236.67910766601562
0538,4,1,2,0.3333333333333333,0.00028814291888776836,6,2,2,2,8,0.75,0.3352941176470588,0.6026143790849673,0.37777777777777777,0.33725490196078434,0.6039215686274509,0.3764705882352941,0.18667270243167877,0.311452716588974,0.2020469307899475,0.2576203942298889,0.06416638940572739,1.120036244392395,0.7172689437866211,0.07605868577957153,0.6508162021636963,0.8800782561302185,-0.25637906789779663,0.25637906789779663,200.9382781982422,200.052490234375,201.7275390625
0538,5,0,0,0.0,0.0,1,1,1,1,1,1.0,0.3411764705882353,0.6039215686274509,0.37254901960784315,0.3411764705882353,0.6039215686274509,0.37254901960784315,0.10472133010625839,0.10472133010625839,0.10472133010625839,0.10472133010625839,0.0,0.10472133010625839,0.6906878352165222,0.0,0.6906878352165222,0.6906878352165222,-0.21181821823120117,0.21181821823120117,201.20884704589844,201.20884704589844,201.20884704589844
0538,6,0,0,0.0,0.0,1,1,1,1,1,1.0,0.3568627450980392,0.6431372549019608,0.5098039215686274,0.3568627450980392,0.6431372549019608,0.5098039215686274,0.1179114282131195,0.1179114282131195,0.1179114282131195,0.1179114282131195,0.0,0.1179114282131195,0.8900461196899414,0.0,0.8900461196899414,0.8900461196899414,-0.1524261236190796,0.1524261236190796,228.60446166992188,228.60446166992188,228.60446166992188
0538,7,1,1449,0.6860795454545454,0.18126094570928197,2112,28,12,21,7056,0.29931972789115646,0.4461675579322638,0.750274806892454,0.4870005199049317,0.4,0.7372549019607844,0.49411764705882355,0.7523032426834106,0.9999985694885254,0.9993991851806641,0.9999579787254333,0.30669015645980835,1588.864501953125,0.32943105697631836,0.28966784477233887,-0.6549810171127319,1.2189873456954956,-0.10540381073951721,0.10540381073951721,255.44993591308594,244.5444793701172,263.9412841796875
0538,8,1,422,0.7455830388692579,0.05844065918847805,566,11,13,11,1573,0.35982199618563254,0.42436776830873696,0.6829557264601954,0.4333956904316497,0.41568627450980394,0.6784313725490196,0.4392156862745098,0.8032673001289368,0.9999998807907104,0.9999802708625793,0.9999984502792358,0.2984910309314728,454.6492919921875,0.189844012260437,0.39268743991851807,-0.7347243428230286,1.1890836954116821,-0.44803398847579956,0.44803398847579956,233.4136505126953,227.59173583984375,239.77072143554688
0538,9,0,0,0.0,0.0,56,6,4,6,144,0.3888888888888889,0.4293417366946779,0.5386554621848739,0.5588235294117647,0.43137254901960786,0.5372549019607843,0.5568627450980392,0.8251554369926453,0.9999991655349731,0.9998699426651001,0.9999951124191284,0.26309719681739807,46.20870590209961,1.2700729370117188,0.3069375157356262,0.5511369705200195,1.7971266508102417,-0.36680376529693604,0.36680376529693604,226.6793670654297,225.0333251953125,228.3790740966797
0538,10,1,308,0.5569620253164557,0.042691801233626724,553,23,8,10,1840,0.3005434782608696,0.48743750664822894,0.5179732652554693,0.5180654540297132,0.4549019607843137,0.5176470588235295,0.5294117647058824,0.7906450033187866,1.0,0.9999562501907349,0.9999980926513672,0.2973107099533081,437.2266845703125,0.7537038326263428,0.5044641494750977,-0.33600762486457825,1.966581106185913,-0.275657057762146,0.275657057762146,225.01605224609375,219.7862548828125,232.12496948242188
0538,11,0,0,0.0,0.0,17,3,5,4,60,0.2833333333333333,0.4745098039215686,0.7194925028835063,0.42168396770472893,0.4745098039215686,0.7215686274509804,0.4235294117647059,0.165557399392128,0.2408953160047531,0.19812041521072388,0.21602152287960052,0.040750470012426376,2.8144757747650146,0.2368544191122055,0.17851193249225616,-0.05690595135092735,0.4813615381717682,-0.12196038663387299,0.12196038663387299,245.1726837158203,242.65406799316406,246.96153259277344
0538,12,0,0,0.0,0.0,8,3,2,2,12,0.6666666666666666,0.4774509803921569,0.7553921568627451,0.4372549019607843,0.47843137254901963,0.7568627450980392,0.4392156862745098,0.1727895438671112,0.2836366593837738,0.196222722530365,0.24619999527931213,0.05539369583129883,1.3823163509368896,0.2421315461397171,0.2045852690935135,0.0029015587642788887,0.7106236219406128,-0.1482727974653244,0.1482727974653244,254.17459106445312,253.11854553222656,255.28219604492188
0538,13,0,0,0.0,0.0,30,4,4,4,64,0.46875,0.48745098039215684,0.7022222222222222,0.4203921568627451,0.48627450980392156,0.7019607843137254,0.4196078431372549,0.6210969686508179,0.9993763566017151,0.899608314037323,0.9964956641197205,0.31695374846458435,18.632909774780273,0.3926470875740051,0.22447887063026428,-0.03697012737393379,0.7504953145980835,-0.36456573009490967,0.36456573009490967,243.4300994873047,241.44564819335938,245.12445068359375
0538,14,0,0,0.0,0.0,2,2,1,1,2,1.0,0.503921568627451,0.7098039215686275,0.41568627450980394,0.5058823529411764,0.7098039215686275,0.41568627450980394,0.13381384313106537,0.1452559232711792,0.13953489065170288,0.14296750724315643,0.011442076414823532,0.26762768626213074,0.31190693378448486,0.03987167775630951,0.27203527092933655,0.35177862644195557,-0.08611175417900085,0.08611175417900085,246.51051330566406,246.2478485107422,246.77317810058594
0538,15,0,0,0.0,0.0,2,2,1,1,2,1.0,0.503921568627451,0.7137254901960784,0.4196078431372549,0.5058823529411764,0.7137254901960784,0.4196078431372549,0.12030518054962158,0.13421735167503357,0.12726126611232758,0.13143491744995117,0.013912171125411987,0.24061036109924316,0.2670513391494751,0.06479145586490631,0.2022598683834076,0.3318427801132202,-0.18606778979301453,0.18606778979301453,247.67605590820312,247.4146270751953,247.93748474121094
0538,16,1,472,0.6404341926729986,0.06460001368644358,737,15,11,12,1980,0.37222222222222223,0.5291510362625376,0.7378348897225104,0.5453800516135898,0.5215686274509804,0.7372549019607844,0.5372549019607843,0.7634358406066895,0.9999954104423523,0.9994105696678162,0.9999233484268188,0.30072149634361267,562.6522216796875,0.29456794261932373,0.2667606770992279,-0.17652097344398499,1.2787948846817017,-0.38596975803375244,0.38596975803375244,270.6230773925781,265.213134765625,277.1588134765625
0538,17,0,0,0.0,0.0,1,1,1,1,1,1.0,0.5058823529411764,0.7372549019607844,0.4745098039215686,0.5058823529411764,0.7372549019607844,0.4745098039215686,0.19994418323040009,0.19994418323040009,0.19994418323040009,0.19994418323040009,0.0,0.19994418323040009,0.16238822042942047,0.0,0.16238822042942047,0.16238822042942047,-0.5332835763692856,0.5332835763692856,258.621337890625,258.621337890625,258.621337890625
0538,18,0,0,0.0,0.0,1,1,1,1,1,1.0,0.5098039215686274,0.7137254901960784,0.41568627450980394,0.5098039215686274,0.7137254901960784,0.41568627450980394,0.1053924486041069,0.1053924486041069,0.1053924486041069,0.1053924486041069,0.0,0.1053924486041069,0.21222776174545288,0.0,0.21222776174545288,0.21222776174545288,-0.11878436803817749,0.11878436803817749,248.03427124023438,248.03427124023438,248.03427124023438
0538,19,1,418,0.6677316293929713,0.05764722107295545,626,10,19,14,2660,0.23533834586466165,0.6853473657833741,0.6534235419407379,0.47123347741652577,0.6784313725490196,0.6627450980392157,0.47058823529411764,0.6917893886566162,0.999997615814209,0.9984559416770935,0.999956488609314,0.31803199648857117,433.0601501464844,0.33620578050613403,0.3849486708641052,-0.5154301524162292,1.4283137321472168,-0.20019304752349854,0.20019304752349854,270.4075622558594,266.1090087890625,275.1163330078125
0538,20,1,1213,0.7060535506402794,0.1555726561498012,1718,14,17,21,4998,0.3437374949979992,0.697489100413157,0.5541030381885,0.539402862425529,0.6823529411764706,0.5490196078431373,0.5607843137254902,0.8308703899383545,1.0,0.9999966621398926,0.9999996423721313,0.28149664402008057,1427.435302734375,0.37941956520080566,0.41469627618789673,-0.5752376914024353,1.6775116920471191,-0.39617210626602173,0.39617210626602173,266.28692626953125,260.5801086425781,271.8529052734375
0540,1,1,103,0.5567567567567567,0.27320954907161804,185,9,7,6,378,0.4894179894179894,0.38335983041865396,0.6569793322734498,0.5391626921038686,0.3803921568627451,0.6549019607843137,0.5411764705882353,0.6975430846214294,0.9999947547912598,0.9990425109863281,0.9999387264251709,0.3249676525592804,129.04547119140625,-0.09361173957586288,0.2126944363117218,-0.5002372860908508,0.3392045497894287,-0.11066871508955956,0.11066871508955956,238.17501831054688,234.3864288330078,241.55331420898438
0540,2,1,430,0.46892039258451473,0.5787348586810229,917,17,19,12,3876,0.23658410732714139,0.48807492462633906,0.6926679068573994,0.5191310111830992,0.4823529411764706,0.7058823529411765,0.5254901960784314,0.6463720202445984,0.9999871253967285,0.9848619699478149,0.9995526671409607,0.32192397117614746,592.72314453125,-0.12185605615377426,0.21597905457019806,-0.6567077040672302,0.4191470146179199,-0.10274533554911613,0.10274533554911613,253.94976806640625,245.32020568847656,260.729736328125
0541,1,0,0,0.0,0.0,2,1,2,1,2,1.0,0.5333333333333333,0.5509803921568628,0.6627450980392157,0.5333333333333333,0.5490196078431373,0.6627450980392157,0.11648651212453842,0.11846630275249481,0.11747640371322632,0.1180703416466713,0.0019797906279563904,0.23297302424907684,0.259966641664505,0.1390436291694641,0.1209230124950409,0.3990102708339691,-0.5011207163333893,0.5011207163333893,258.9796142578125,258.7083435058594,259.2508544921875
0541,2,1,1189,0.6413160733549083,0.6306019623442057,1854,13,27,31,10881,0.17038875103391232,0.7458150897899614,0.5130211307824101,0.483249783192673,0.7294117647058823,0.5254901960784314,0.4549019607843137,0.7649025917053223,0.9999998807907104,0.99979168176651,0.9999914765357971,0.3064405918121338,1418.12939453125,-0.0010572472820058465,0.3199256658554077,-0.6327497959136963,1.0833563804626465,-0.13980741298291832,0.13980741298291832,262.5235900878906,253.7301788330078,273.0457763671875
0541,3,1,283,0.5380228136882129,0.23168235775685633,526,13,23,19,5681,0.09258933286393241,0.7551032580332513,0.4092894952657869,0.49151569372996345,0.7529411764705882,0.403921568627451,0.49411764705882355,0.6978714466094971,0.9999998211860657,0.9976314902305603,0.9999222755432129,0.33122122287750244,367.08038330078125,0.23638466000556946,0.38209274411201477,-0.5726041793823242,1.1891074180603027,-0.09293597936630249,0.09293597936630249,253.15530395507812,240.38510131835938,262.36614990234375
0541,4,0,0,0.0,0.0,2,2,1,1,2,1.0,0.7470588235294118,0.4745098039215686,0.6235294117647059,0.7450980392156863,0.4745098039215686,0.6235294117647059,0.19608676433563232,0.2900637984275818,0.24307528138160706,0.27126839756965637,0.09397702664136887,0.39217352867126465,0.074317567050457,0.07079484313726425,0.003522726707160473,0.14511241018772125,-0.5838866904377937,0.5838866904377937,276.75689697265625,276.4109191894531,277.1028747558594
0541,5,1,1,1.0,0.0010427528675703858,1,1,1,1,1,1.0,0.7450980392156863,0.5254901960784314,0.5568627450980392,0.7450980392156863,0.5254901960784314,0.5568627450980392,0.10705366730690002,0.10705366730690002,0.10705366730690002,0.10705366730690002,0.0,0.10705366730690002,-0.30559802055358887,0.0,-0.30559802055358887,-0.30559802055358887,-0.4815138131380081,0.4815138131380081,273.1318359375,273.1318359375,273.1318359375
0541,6,1,81,0.47928994082840237,0.07766059443911794,169,5,13,8,520,0.325,0.7582086088873419,0.4796612135978652,0.6080055690915419,0.7568627450980392,0.47843137254901963,0.611764705882353,0.6664025187492371,0.9999933242797852,0.9955724477767944,0.9998401999473572,0.3446255624294281,112.62202453613281,0.14218862354755402,0.26778656244277954,-0.3844579756259918,0.8689529895782471,-0.07727093994617462,0.07727093994617462,277.0834045410156,272.85528564453125,280.9377136230469
0541,7,1,107,0.5911602209944752,0.10200190657769304,181,5,13,8,520,0.34807692307692306,0.7628642617267902,0.4577835554111147,0.5413497995883436,0.7607843137254902,0.4588235294117647,0.5372549019607843,0.6557712554931641,0.9999992847442627,0.9956788420677185,0.9999547004699707,0.32595762610435486,118.69459533691406,0.08631980419158936,0.29853978753089905,-0.4196169674396515,0.7386330962181091,-0.1016499251127243,0.1016499251127243,266.3196105957031,263.9488525390625,269.4698486328125
0541,8,1,7,0.7,0.007265179034769071,10,3,2,2,12,0.8333333333333334,0.76,0.3862745098039216,0.5349019607843137,0.7607843137254902,0.3843137254901961,0.5333333333333333,0.27597159147262573,0.41549670696258545,0.3193794786930084,0.40017977356910706,0.0840730145573616,2.7597157955169678,0.19122666120529175,0.24817711114883423,-0.27813172340393066,0.47994542121887207,-0.3590719699859619,0.3590719699859619,257.4004211425781,256.39031982421875,258.2886047363281
0541,9,0,0,0.0,0.0,1,1,1,1,1,1.0,0.7647058823529411,0.44313725490196076,0.5333333333333333,0.7647058823529411,0.44313725490196076,0.5333333333333333,0.12197946012020111,0.12197946012020111,0.12197946012020111,0.12197946012020111,0.0,0.12197946012020111,-0.1852036565542221,0.0,-0.1852036565542221,-0.1852036565542221,-0.3057757541537285,0.3057757541537285,263.9715881347656,263.9715881347656,263.9715881347656
0545,1,0,0,0.0,0.0,1,1,1,1,1,1.0,0.6549019607843137,0.5019607843137255,0.38823529411764707,0.6549019607843137,0.5019607843137255,0.38823529411764707,0.15118367969989777,0.15118367969989777,0.15118367969989777,0.15118367969989777,0.0,0.15118367969989777,0.8563463687896729,0.0,0.8563463687896729,0.8563463687896729,-0.21387648582458496,0.21387648582458496,233.2573699951172,233.2573699951172,233.2573699951172
0545,2,0,0,0.0,0.0,10,4,4,3,48,0.20833333333333334,0.663921568627451,0.5078431372549019,0.38078431372549015,0.6627450980392157,0.5058823529411764,0.3843137254901961,0.18732908368110657,0.24282288551330566,0.22372618317604065,0.23146359622478485,0.04556777700781822,1.873290777206421,0.8313263654708862,0.08345592767000198,0.7314774990081787,0.9992518424987793,-0.22388529777526855,0.22388529777526855,234.95223999023438,233.55726623535156,236.56077575683594
0561,1,0,0,0.0,0.0,37,4,5,4,80,0.4625,0.42511923688394276,0.16767355590885002,0.4561738208797032,0.42745098039215684,0.16862745098039217,0.4549019607843137,0.16611382365226746,0.24361270666122437,0.19771534204483032,0.2220306545495987,0.041091710329055786,6.146211624145508,1.0022574663162231,0.19810591638088226,0.6091797947883606,1.4601510763168335,-0.2162414789199829,0.2162414789199829,165.320556640625,163.25746154785156,167.21243286132812
0565,1,0,0,0.0,0.0,47,5,8,3,120,0.39166666666666666,0.31022110972048395,0.4322903629536921,0.4355444305381727,0.3058823529411765,0.42745098039215684,0.43529411764705883,0.17571981251239777,0.3108091354370117,0.21109668910503387,0.258594810962677,0.05508509278297424,8.258831024169922,-0.42359495162963867,0.16510461270809174,-0.7515951991081238,-0.008891608566045761,-0.24793219566345215,0.24793219566345215,175.80050659179688,173.21951293945312,179.80545043945312
0565,2,0,0,0.0,0.0,243,8,15,7,840,0.2892857142857143,0.31774388767852824,0.49245541838134427,0.4309852335996127,0.3137254901960784,0.4980392156862745,0.42745098039215684,0.4922560751438141,0.993600606918335,0.7608054280281067,0.8596317768096924,0.279575914144516,119.61822509765625,-0.37703803181648254,0.21601630747318268,-0.7403482794761658,0.322993665933609,-0.38106290670111775,0.38106290670111775,185.9761199951172,180.02777099609375,190.5701904296875
0565,3,0,0,0.0,0.0,16,3,4,3,36,0.4444444444444444,0.3188725490196078,0.33578431372549017,0.6316176470588235,0.3176470588235294,0.33725490196078434,0.6313725490196078,0.2765740156173706,0.531785786151886,0.4033106863498688,0.45397496223449707,0.13706593215465546,4.42518424987793,0.37926650047302246,0.1292383223772049,0.11482413113117218,0.5480337142944336,-0.2905959486961365,0.2905959486961365,200.12265014648438,198.8693084716797,201.33802795410156
0565,4,0,0,0.0,0.0,13,3,4,3,36,0.3611111111111111,0.38521870286576165,0.6328808446455505,0.6147812971342383,0.3843137254901961,0.6313725490196078,0.615686274509804,0.17594848573207855,0.2458900362253189,0.22209879755973816,0.2343684434890747,0.04429401829838753,2.287330389022827,0.3939749002456665,0.0850815698504448,0.2161482572555542,0.5536571741104126,-0.264434278011322,0.264434278011322,245.90597534179688,244.6487274169922,246.7893829345703
0565,5,0,0,0.0,0.0,138,7,7,6,294,0.46938775510204084,0.40096618357487923,0.6088377379937483,0.43839158851946575,0.396078431372549,0.611764705882353,0.4392156862745098,0.7694767713546753,0.9999980926513672,0.9995256066322327,0.9999745488166809,0.3070535361766815,106.18779754638672,-0.19773931801319122,0.27997785806655884,-0.7178545594215393,0.4185921847820282,-0.4537077397108078,0.4537077397108078,217.40545654296875,214.55535888671875,220.33837890625
0565,6,0,0,0.0,0.0,3,2,2,1,4,0.75,0.3895424836601307,0.649673202614379,0.615686274509804,0.38823529411764707,0.6509803921568628,0.615686274509804,0.18257658183574677,0.22039073705673218,0.21887996792793274,0.21978643536567688,0.05135556310415268,0.5477297306060791,0.2780061960220337,0.13323761522769928,0.11482413113117218,0.4411883056163788,-0.34457528591156006,0.34457528591156006,249.322021484375,248.74484252929688,249.8119354248047
0565,7,0,0,0.0,0.0,13,2,5,2,20,0.65,0.3933634992458522,0.6274509803921569,0.6298642533936651,0.39215686274509803,0.6352941176470588,0.6313725490196078,0.20117934048175812,0.33809494972229004,0.24767008423805237,0.2543812394142151,0.06689367443323135,2.6153314113616943,0.4272908866405487,0.08434179425239563,0.2723826766014099,0.5480337142944336,-0.25365760922431946,0.25365760922431946,248.31866455078125,247.14773559570312,250.13795471191406
0565,8,0,0,0.0,0.0,5,2,2,3,12,0.4166666666666667,0.4031372549019608,0.6329411764705882,0.6431372549019608,0.403921568627451,0.6313725490196078,0.6431372549019608,0.13392139971256256,0.18183782696723938,0.1513325423002243,0.16963571310043335,0.029968949034810066,0.6696069836616516,0.2982301115989685,0.08079501241445541,0.15418823063373566,0.3848515450954437,-0.29284483194351196,0.29284483194351196,252.4302520751953,251.84518432617188,252.9071044921875
0565,9,0,0,0.0,0.0,11,3,3,2,18,0.6111111111111112,0.4741532976827094,0.6149732620320856,0.6053475935828877,0.4745098039215686,0.611764705882353,0.6039215686274509,0.462497740983963,0.8837765455245972,0.774334728717804,0.8616245985031128,0.2995225191116333,5.087475299835205,0.7480051517486572,0.15035633742809296,0.5142930746078491,0.9306322932243347,-0.18126147985458374,0.18126147985458374,251.56053161621094,250.3856964111328,252.7310791015625
0565,10,0,0,0.0,0.0,4,2,1,2,4,1.0,0.5549019607843138,0.6901960784313725,0.6098039215686275,0.5568627450980392,0.6901960784313725,0.6078431372549019,0.1630275696516037,0.2026631236076355,0.19674798846244812,0.20029707252979279,0.03580993786454201,0.6521102786064148,0.2147168517112732,0.05825667828321457,0.1316944658756256,0.29487645626068115,-0.383414626121521,0.383414626121521,274.70501708984375,274.162353515625,275.2471618652344
0565,11,0,0,0.0,0.0,10,2,3,3,18,0.5555555555555556,0.6023529411764705,0.5882352941176471,0.6325490196078432,0.6039215686274509,0.5882352941176471,0.6313725490196078,0.4240635335445404,0.6138617396354675,0.5276629328727722,0.5928841233253479,0.13798533380031586,4.240635395050049,0.4636616110801697,0.05131949484348297,0.39609843492507935,0.5592805743217468,-0.3016625642776489,0.3016625642776489,269.10882568359375,268.00372314453125,270.31463623046875
0565,12,0,0,0.0,0.0,24,4,4,3,48,0.5,0.6207516339869281,0.5857843137254902,0.642483660130719,0.6235294117647059,0.5843137254901961,0.6392156862745098,0.32219845056533813,0.6112754940986633,0.4383465051651001,0.5725318193435669,0.16450859606266022,7.732762813568115,0.4233253002166748,0.09907010942697525,0.1823054403066635,0.5986446738243103,-0.3290024399757385,0.3290024399757385,273.0011901855469,271.5768737792969,274.4540100097656
0565,13,0,0,0.0,0.0,33,5,6,3,90,0.36666666666666664,0.6354129530600119,0.30457516339869284,0.6046345811051693,0.6392156862745098,0.30196078431372547,0.6039215686274509,0.23349997401237488,0.4207104444503784,0.26399847865104675,0.3331972658634186,0.0790841281414032,7.705499172210693,0.4216998517513275,0.06918180733919144,0.30049988627433777,0.5705274939537048,-0.2890760004520416,0.2890760004520416,237.45681762695312,236.05296325683594,239.08575439453125
0565,14,0,0,0.0,0.0,4,2,2,2,8,0.5,0.6519607843137255,0.5598039215686275,0.634313725490196,0.6509803921568628,0.5607843137254902,0.6352941176470588,0.2521410286426544,0.38067471981048584,0.2888984978199005,0.34396421909332275,0.08318249136209488,1.0085641145706177,0.42569825053215027,0.07573715597391129,0.30049988627433777,0.5030461549758911,-0.25553271174430847,0.25553271174430847,272.9716491699219,272.5050354003906,273.7096862792969
0566,1,0,0,0.0,0.0,9,3,2,2,12,0.75,0.5019607843137255,0.4104575163398693,0.550326797385621,0.5019607843137255,0.4117647058823529,0.5490196078431373,0.2106325328350067,0.26259663701057434,0.24747508764266968,0.2547772526741028,0.041360482573509216,1.8956928253173828,1.434303879737854,0.09428449720144272,1.3066850900650024,1.5697147846221924,-0.15964758396148682,0.15964758396148682,217.46315002441406,216.3330841064453,218.6458282470703
0566,2,0,0,0.0,0.0,4,3,2,1,6,0.6666666666666666,0.5333333333333333,0.5078431372549019,0.7529411764705882,0.5333333333333333,0.5058823529411764,0.7529411764705882,0.13278517127037048,0.15523092448711395,0.13919705152511597,0.14881737530231476,0.01578841172158718,0.5311406850814819,0.5567530989646912,0.06434522569179535,0.4712555706501007,0.6524392366409302,-0.164497971534729,0.164497971534729,269.079345703125,268.33001708984375,269.82958984375
0569,1,1,189,0.6798561151079137,0.18376276130286825,278,12,8,10,960,0.28958333333333336,0.4150373818592185,0.5335308224009028,0.6948370715192552,0.403921568627451,0.5372549019607843,0.6941176470588235,0.7669501900672913,0.999995231628418,0.9995269775390625,0.9999160766601562,0.30617618560791016,213.212158203125,0.22432848811149597,0.14767742156982422,-0.3322334885597229,0.5679335594177246,-0.2267839014530182,0.2267839014530182,247.64540100097656,243.54876708984375,251.70220947265625
0569,2,1,86,0.6825396825396826,0.09028871391076115,126,7,10,7,490,0.2571428571428571,0.6061935885465297,0.5866791160908809,0.6585122938064114,0.6,0.592156862745098,0.6509803921568628,0.693152129650116,0.9999991059303284,0.997717559337616,0.9999388456344604,0.3194119930267334,87.33716583251953,0.2675427198410034,0.14860093593597412,-0.20495639741420746,0.5444068908691406,-0.22788399457931519,0.22788399457931519,273.482177734375,269.8796081542969,277.52838134765625
0569,3,0,0,0.0,0.0,1,1,1,1,1,1.0,0.611764705882353,0.6,0.6588235294117647,0.611764705882353,0.6,0.6588235294117647,0.11939239501953125,0.11939239501953125,0.11939239501953125,0.11939239501953125,0.0,0.11939239501953125,-0.025887345895171165,0.0,-0.025887345895171165,-0.025887345895171165,-0.25606427155435085,0.25606427155435085,276.19195556640625,276.19195556640625,276.19195556640625
0569,4,0,0,0.0,0.0,1,1,1,1,1,1.0,0.615686274509804,0.6,0.6627450980392157,0.615686274509804,0.6,0.6627450980392157,0.10248461365699768,0.10248461365699768,0.10248461365699768,0.10248461365699768,0.0,0.10248461365699768,-0.016493286937475204,0.0,-0.016493286937475204,-0.016493286937475204,-0.18089447543025017,0.18089447543025017,277.3697814941406,277.3697814941406,277.3697814941406
0569,5,1,1366,0.7391774891774892,0.7532395919492694,1848,20,30,20,12000,0.154,0.6816844919786097,0.5274149053560818,0.5416496901791019,0.6627450980392157,0.5686274509803921,0.5333333333333333,0.8130991458892822,0.9999998211860657,0.9999114871025085,0.9999829530715942,0.28455132246017456,1502.607177734375,-0.275250643491745,0.26346269249916077,-0.8223872184753418,0.402997225522995,-0.34127970039844513,0.34127970039844513,260.3130187988281,244.1536407470703,272.2608947753906
0569,6,0,0,0.0,0.0,2,1,1,2,2,1.0,0.6588235294117647,0.4980392156862745,0.5078431372549019,0.6588235294117647,0.4980392156862745,0.5098039215686274,0.11674928665161133,0.12025777250528336,0.11850353330373764,0.11955607682466507,0.003508482128381729,0.23349857330322266,0.028273938223719597,0.030634641647338867,-0.0023607041221112013,0.05890858173370361,-0.10711720772087574,0.10711720772087574,247.91213989257812,247.65097045898438,248.17332458496094
0571,1,1,28,0.4307692307692308,0.5773195876288659,65,6,6,5,180,0.3611111111111111,0.5510708898944193,0.5900452488687783,0.6079638009049774,0.5529411764705883,0.5882352941176471,0.6078431372549019,0.6534553170204163,0.9999999403953552,0.9975860714912415,0.9999917149543762,0.34784817695617676,42.47459411621094,2.082078218460083,0.35516828298568726,0.6083828210830688,2.5816402435302734,0.14873027801513672,0.14873027801513672,258.27423095703125,255.91209411621094,260.11151123046875
0573,1,1,480,0.5498281786941581,0.5161290322580645,873,10,27,14,3780,0.23095238095238096,0.34120991315074684,0.4734328711932694,0.5497592779198855,0.34782608695652173,0.4724137931034483,0.5451127819548872,0.6969486474990845,1.0,0.9999537467956543,0.9999991655349731,0.3340444564819336,608.4361572265625,0.19866488873958588,0.309598833322525,-0.4363641142845154,1.116291880607605,-0.45132847130298615,0.45132847130298615,225.5315704345703,214.85110473632812,237.50999450683594
0573,2,1,16,0.5925925925925926,0.03155818540433925,27,7,6,4,168,0.16071428571428573,0.40443453486931746,0.5042145593869732,0.7695627958785853,0.40468227424749165,0.503448275862069,0.7706766917293233,0.5537135601043701,0.929401695728302,0.8120385408401489,0.8877947330474854,0.2932324707508087,14.95026683807373,1.560185432434082,0.16627199947834015,1.2321587800979614,1.8362610340118408,-0.34950220584869385,0.34950220584869385,279.56134033203125,277.7786865234375,281.4125061035156
0573,3,1,30,0.5555555555555556,0.05763688760806916,54,6,4,5,120,0.45,0.48984268549485943,0.5845466155810983,0.721526037315511,0.4882943143812709,0.5827586206896552,0.7218045112781954,0.7299608588218689,1.0,0.9998582005500793,0.9999998211860657,0.3375833332538605,39.417884826660156,1.7353509664535522,0.3130546808242798,0.8172552585601807,2.2363572120666504,0.06694531440734863,0.06694531440734863,295.4984436035156,292.1455078125,297.9613952636719
0573,4,1,59,0.6145833333333334,0.10895660203139428,96,7,5,5,175,0.5485714285714286,0.5077689520624303,0.45136494252873566,0.7072760025062657,0.5050167224080268,0.4482758620689655,0.706766917293233,0.7601732611656189,1.0,0.9999936819076538,0.9999999403953552,0.31672191619873047,72.97663116455078,1.9586858749389648,0.3513883352279663,0.9344061017036438,2.4856555461883545,-0.17862296104431152,0.17862296104431152,275.475341796875,272.23150634765625,278.4761962890625
0573,5,1,40,0.4878048780487805,0.07483629560336763,82,4,7,9,252,0.3253968253968254,0.5081572722081735,0.6410428931875526,0.8023106546854942,0.5083612040133779,0.6413793103448275,0.8045112781954887,0.8093162178993225,0.9999996423721313,0.999957799911499,0.9999963641166687,0.27575233578681946,66.36392974853516,1.042671799659729,0.1937723606824875,0.5364079475402832,1.4328144788742065,-0.21589481830596924,0.21589481830596924,321.7112731933594,316.66070556640625,326.3832092285156
0573,6,1,99,0.5076923076923077,0.16751269035532995,195,8,7,15,840,0.23214285714285715,0.5176399965697625,0.6265605658709107,0.828590707538076,0.5150501672240803,0.6241379310344828,0.8195488721804511,0.7060642838478088,0.9999997615814209,0.9997528791427612,0.9999961853027344,0.32798129320144653,137.6825408935547,0.9399818778038025,0.2752184271812439,0.22687987983226776,1.4651660919189453,-0.08622783422470093,0.08622783422470093,325.36944580078125,318.0031433105469,331.7137451171875
0584,1,1,122,0.6630434782608695,0.391653290529695,184,6,13,8,624,0.2948717948717949,0.3399375405580792,0.5020558540954242,0.4390754525461005,0.3358208955223881,0.4943820224719101,0.4396887159533074,0.7963046431541443,1.0,0.999987781047821,0.9999994039535522,0.3015400767326355,146.52005004882812,1.8545598983764648,0.2594466209411621,1.047357201576233,2.340625286102295,-0.3366367816925049,0.3366367816925049,197.9813995361328,194.229248046875,201.97276306152344
0584,2,1,29,0.6904761904761905,0.12058212058212059,42,4,4,4,64,0.65625,0.42821606254442074,0.6500802568218299,0.6138595516027423,0.4291044776119403,0.6479400749063671,0.6147859922178989,0.8114358186721802,0.9999998807907104,0.9999844431877136,0.9999985098838806,0.2889232635498047,34.08030319213867,1.6725807189941406,0.1668112874031067,1.2294604778289795,1.879472017288208,-0.16732001304626465,0.16732001304626465,261.56915283203125,259.7267761230469,263.80865478515625
0584,3,1,13,0.7647058823529411,0.05701754385964912,17,3,3,3,27,0.6296296296296297,0.4593942054433714,0.5891165454946022,0.5761043717097735,0.458955223880597,0.5917602996254682,0.5758754863813229,0.5004947781562805,0.9358905553817749,0.8158787488937378,0.8577154278755188,0.2569270730018616,8.508411407470703,1.880765676498413,0.2575552761554718,1.3661986589431763,2.2538435459136963,-0.07357943058013916,0.07357943058013916,249.1370391845703,248.2257080078125,250.0819854736328
0584,4,1,174,0.7131147540983607,0.5095168374816984,244,10,7,8,560,0.4357142857142857,0.4812668216295571,0.5223184134585867,0.6039739746124896,0.4701492537313433,0.5205992509363296,0.6108949416342413,0.8257701396942139,1.0,0.9999933242797852,0.9999999403953552,0.2864856421947479,201.4879150390625,1.5765950679779053,0.6362653374671936,-0.1273851841688156,2.4186973571777344,-0.11454141139984131,0.11454141139984131,245.8571319580078,242.6293487548828,248.8091583251953
0584,5,0,0,0.0,0.0,1,1,1,1,1,1.0,0.47761194029850745,0.5430711610486891,0.5992217898832685,0.47761194029850745,0.5430711610486891,0.5992217898832685,0.1143324002623558,0.1143324002623558,0.1143324002623558,0.1143324002623558,0.0,0.1143324002623558,2.126940965652466,0.0,2.126940965652466,2.126940965652466,-0.22763705253601074,0.22763705253601074,247.75390625,247.75390625,247.75390625
0584,6,0,0,0.0,0.0,1,1,1,1,1,1.0,0.48134328358208955,0.5393258426966292,0.5992217898832685,0.48134328358208955,0.5393258426966292,0.5992217898832685,0.10686920583248138,0.10686920583248138,0.10686920583248138,0.10686920583248138,0.0,0.10686920583248138,2.16994047164917,0.0,2.16994047164917,2.16994047164917,-0.12962889671325684,0.12962889671325684,247.693359375,247.693359375,247.693359375
0584,7,0,0,0.0,0.0,2,2,1,1,2,1.0,0.5055970149253731,0.41947565543071164,0.5836575875486382,0.503731343283582,0.41947565543071164,0.5836575875486382,0.16808706521987915,0.17697018384933472,0.17252862453460693,0.17519356310367584,0.008883126080036163,0.3361741304397583,2.0523386001586914,0.03589498996734619,2.0164437294006348,2.088233709335327,-0.23859024047851562,0.23859024047851562,231.68170166015625,231.38711547851562,231.97628784179688
0585,1,1,6578,0.7827225130890052,0.26638589102395366,8404,33,46,28,42504,0.19772256728778467,0.32077348788158766,0.401310767048371,0.5148524045505876,0.30196078431372547,0.37254901960784315,0.4980392156862745,0.8505628705024719,0.9999935626983643,0.9998277425765991,0.9999603033065796,0.2642616331577301,7148.13037109375,0.5760757923126221,0.6037184000015259,-0.867519736289978,2.4674453735351562,-0.5064113140106201,0.5064113140106201,186.24813842773438,168.74240112304688,200.93780517578125
0585,2,0,0,0.0,0.0,138,6,11,5,330,0.41818181818181815,0.46109690252912755,0.6995169082125604,0.4936061381074169,0.4627450980392157,0.6980392156862745,0.4980392156862745,0.5016323328018188,0.9192075729370117,0.7372254133224487,0.8540909290313721,0.2619684040546417,69.22525787353516,0.1571972668170929,0.28313252329826355,-0.6207082271575928,0.8300617337226868,-0.4933774173259735,0.4933774173259735,248.45010375976562,244.59149169921875,252.7469024658203
0585,3,1,5,0.8333333333333334,0.0002439678938251726,6,2,2,2,8,0.75,0.5947712418300654,0.6647058823529411,0.7307189542483661,0.596078431372549,0.6627450980392157,0.7333333333333333,0.1565829962491989,0.21332994103431702,0.19733074307441711,0.21174344420433044,0.042002562433481216,0.9394979476928711,-0.030768582597374916,0.4328673183917999,-0.49429261684417725,0.8541409373283386,-0.8833559844642878,0.8833559844642878,294.5468444824219,293.7022399902344,295.4284973144531
0585,4,1,30885,0.7974438419829589,0.7749049715855633,38730,40,75,63,189000,0.20492063492063492,0.6938800038476531,0.5532993119788582,0.47432461029854756,0.6941176470588235,0.4823529411764706,0.4470588235294118,0.8748465776443481,0.9999962449073792,0.9999052882194519,0.9999616742134094,0.2490929365158081,33882.80859375,0.21948039531707764,0.5799535512924194,-0.8976187109947205,2.160435914993286,-0.3574672341346741,0.3574672341346741,257.9732360839844,230.88958740234375,286.0646667480469
0585,5,1,430,0.6379821958456974,0.020644789591185157,674,10,17,17,2890,0.23321799307958477,0.6934252632803863,0.6546808634433002,0.6460464304416128,0.6941176470588235,0.6666666666666666,0.6313725490196078,0.7779964804649353,0.9999736547470093,0.9993126392364502,0.9998522996902466,0.2982971668243408,524.36962890625,0.19383934140205383,0.41496607661247253,-0.8193613886833191,1.0226950645446777,-0.36726394295692444,0.36726394295692444,294.3790283203125,289.4010925292969,299.2356872558594
0585,6,0,0,0.0,0.0,1,1,1,1,1,1.0,0.6980392156862745,0.5294117647058824,0.6078431372549019,0.6980392156862745,0.5294117647058824,0.6078431372549019,0.119754359126091,0.119754359126091,0.119754359126091,0.119754359126091,0.0,0.119754359126091,0.9624971747398376,0.0,0.9624971747398376,0.9624971747398376,-0.11487764120101929,0.11487764120101929,272.5637512207031,272.5637512207031,272.5637512207031
0585,7,0,0,0.0,0.0,46,6,5,4,120,0.38333333333333336,0.7188405797101449,0.33699914748508103,0.5086104006820119,0.7176470588235294,0.33725490196078434,0.5058823529411764,0.24682793021202087,0.4354497194290161,0.35042184591293335,0.4000422954559326,0.10564890503883362,11.354084968566895,-0.08625536412000656,0.28123199939727783,-0.4822530150413513,0.40867626667022705,-0.5942410156130791,0.5942410156130791,241.19703674316406,239.48904418945312,243.4440460205078
0585,8,1,495,0.6971830985915493,0.02374499316432015,710,11,20,8,1760,0.4034090909090909,0.7411599005799503,0.42302126484396574,0.5472466169566418,0.7411764705882353,0.44313725490196076,0.5450980392156862,0.7891297340393066,0.9999800324440002,0.9996778964996338,0.9999377131462097,0.3049381971359253,560.2821044921875,0.13228300213813782,0.4713117182254791,-0.8133416175842285,1.137071132659912,-0.31983840465545654,0.31983840465545654,259.284423828125,253.74790954589844,265.3469543457031
0588,1,0,0,0.0,0.0,2,2,1,1,2,1.0,0.29215686274509806,0.2627450980392157,0.07450980392156863,0.2901960784313726,0.2627450980392157,0.07450980392156863,0.10535179078578949,0.10941923409700394,0.10738550871610641,0.10860574245452881,0.0040674470365047455,0.21070358157157898,0.3390102982521057,0.07828015089035034,0.26073014736175537,0.41729044914245605,-0.41776591539382935,0.41776591539382935,102.7149658203125,102.34745025634766,103.08248901367188
0588,2,0,0,0.0,0.0,1,1,1,1,1,1.0,0.3411764705882353,0.2823529411764706,0.08627450980392157,0.3411764705882353,0.2823529411764706,0.08627450980392157,0.10374802350997925,0.10374802350997925,0.10374802350997925,0.10374802350997925,0.0,0.10374802350997925,0.6717009544372559,0.0,0.6717009544372559,0.6717009544372559,-0.14392119646072388,0.14392119646072388,115.81018829345703,115.81018829345703,115.81018829345703
0588,3,0,0,0.0,0.0,32,3,6,6,108,0.2962962962962963,0.635906862745098,0.6200980392156863,0.45098039215686275,0.6352941176470588,0.6235294117647059,0.4549019607843137,0.4339038133621216,0.949596643447876,0.6396170258522034,0.7049568295478821,0.23421142995357513,13.88492202758789,0.609015703201294,0.24484381079673767,-0.09153052419424057,0.9946065545082092,-0.33076101541519165,0.33076101541519165,254.65847778320312,252.1705780029297,257.26446533203125
0588,4,0,0,0.0,0.0,2,1,2,1,2,1.0,0.6666666666666666,0.5549019607843138,0.45098039215686275,0.6666666666666666,0.5529411764705883,0.45098039215686275,0.17906826734542847,0.18637455999851227,0.18272142112255096,0.18491330742835999,0.007306285202503204,0.35813653469085693,0.9750365018844604,0.03914007544517517,0.9358964562416077,1.014176607131958,-0.5922653675079346,0.5922653675079346,249.97683715820312,249.69381713867188,250.25987243652344
0588,5,0,0,0.0,0.0,1,1,1,1,1,1.0,0.7019607843137254,0.5411764705882353,0.4745098039215686,0.7019607843137254,0.5411764705882353,0.4745098039215686,0.1925540417432785,0.1925540417432785,0.1925540417432785,0.1925540417432785,0.0,0.1925540417432785,0.8967563509941101,0.0,0.8967563509941101,0.8967563509941101,-0.8252032399177551,0.8252032399177551,257.0700378417969,257.0700378417969,257.0700378417969
0590,1,0,0,0.0,0.0,32,3,6,4,72,0.4444444444444444,0.4974264705882353,0.7623774509803921,0.4281862745098039,0.4980392156862745,0.7686274509803922,0.42745098039215684,0.18171635270118713,0.38555043935775757,0.18675781786441803,0.2759651243686676,0.07687055319547653,5.814923286437988,-0.9080822467803955,0.19020093977451324,-1.2864558696746826,-0.5267410278320312,-0.1793898344039917,0.1793898344039917,257.023681640625,254.70375061035156,259.408935546875
0590,2,0,0,0.0,0.0,10,3,3,2,18,0.5555555555555556,0.7007843137254901,0.5909803921568627,0.4568627450980392,0.7019607843137254,0.592156862745098,0.4549019607843137,0.164016991853714,0.19915002584457397,0.18561838567256927,0.19312380254268646,0.0285363607108593,1.6401699781417847,-0.5148704051971436,0.3278076648712158,-1.0490449666976929,-0.07566018402576447,-0.5628375485539436,0.5628375485539436,261.8691101074219,260.7623291015625,263.1558532714844
0591,1,0,0,0.0,0.0,4,2,2,1,4,1.0,0.5235294117647059,0.6607843137254902,0.6980392156862745,0.5254901960784314,0.6588235294117647,0.6980392156862745,0.17067529261112213,0.22499887645244598,0.1953524947166443,0.2131403237581253,0.04214273393154144,0.6827011704444885,1.1369260549545288,0.06322074681520462,1.0462360382080078,1.2247798442840576,-0.41399073600769043,0.41399073600769043,279.5833740234375,279.0412292480469,280.1249694824219
0592,1,0,0,0.0,0.0,7,3,2,2,12,0.5833333333333334,0.47354497354497355,0.6275132275132275,0.5361344537815126,0.4740740740740741,0.6259259259259259,0.5372549019607843,0.12173737585544586,0.12730593979358673,0.12526798248291016,0.12698520720005035,0.004814495798200369,0.8521616458892822,0.07382186502218246,0.14352022111415863,-0.05588096007704735,0.3034830093383789,-0.31757868081331253,0.31757868081331253,252.98550415039062,252.38462829589844,253.5941619873047
0592,2,0,0,0.0,0.0,1,1,1,1,1,1.0,0.737037037037037,0.37407407407407406,0.5686274509803921,0.737037037037037,0.37407407407407406,0.5686274509803921,0.11126764118671417,0.11126764118671417,0.11126764118671417,0.11126764118671417,0.0,0.11126764118671417,0.13158632814884186,0.0,0.13158632814884186,0.13158632814884186,-0.213102325797081,0.213102325797081,266.8819885253906,266.8819885253906,266.8819885253906
0595,1,1,390,0.5595408895265424,0.5972434915773354,697,26,18,26,12168,0.05728139381985536,0.6004961083870697,0.5154839421697385,0.5586235219448193,0.5567765567765568,0.48846153846153845,0.5204460966542751,0.7411606907844543,1.0,0.9999780058860779,1.0,0.3228093385696411,516.5889892578125,1.1545544862747192,0.2973821461200714,0.14250294864177704,1.6219158172607422,-0.1528254747390747,0.1528254747390747,260.2965087890625,240.251953125,276.9656982421875
0595,2,0,0,0.0,0.0,3,1,2,2,4,0.75,0.6190476190476191,0.541025641025641,0.5898389095415117,0.6190476190476191,0.5423076923076923,0.5910780669144982,0.13855986297130585,0.14274080097675323,0.14203768968582153,0.14245955646038055,0.00495178485289216,0.41567957401275635,1.0704149007797241,0.04346609488129616,1.0328431129455566,1.1313341856002808,-0.13703227043151855,0.13703227043151855,271.7767333984375,271.560302734375,272.1433410644531
0596,1,1,1507,0.6448438168592212,0.39558997243732774,2337,12,42,23,11592,0.20160455486542442,0.2401000109072298,0.45024541267084495,0.5374545881681727,0.24313725490196078,0.4745098039215686,0.5137254901960784,0.7840275764465332,1.0,0.9999096393585205,0.9999957084655762,0.2969055473804474,1832.2724609375,0.3329635262489319,0.4082721173763275,-0.5053789019584656,1.793421745300293,-0.1587621569633484,0.1587621569633484,189.62229919433594,176.18455505371094,207.60780334472656
0596,2,1,1196,0.7681438664097624,0.34975873665740603,1557,17,19,20,6460,0.2410216718266254,0.25217676023524377,0.32183812510232096,0.5338320299217953,0.25882352941176473,0.3176470588235294,0.5137254901960784,0.8199800848960876,0.9999998807907104,0.9999894499778748,0.999998927116394,0.2930130362510681,1276.708984375,0.4796863794326782,0.49397405982017517,-0.450692743062973,3.64544677734375,-0.04638189077377319,0.04638189077377319,171.91790771484375,162.828125,180.43003845214844
0596,3,0,0,0.0,0.0,1,1,1,1,1,1.0,0.2627450980392157,0.5215686274509804,0.5215686274509804,0.2627450980392157,0.5215686274509804,0.5215686274509804,0.10952001810073853,0.10952001810073853,0.10952001810073853,0.10952001810073853,0.0,0.10952001810073853,0.6219139099121094,0.0,0.6219139099121094,0.6219139099121094,-0.051528751850128174,0.051528751850128174,200.0050048828125,200.0050048828125,200.0050048828125
0596,4,1,398,0.5037974683544304,0.1310935441370224,790,12,16,18,3456,0.22858796296296297,0.2962670637875403,0.18776371308016876,0.6236485480268057,0.30196078431372547,0.1843137254901961,0.6078431372549019,0.6891644597053528,0.9999566078186035,0.9843406677246094,0.9982863664627075,0.3097623884677887,544.43994140625,-0.0893988311290741,0.4971556067466736,-0.712067723274231,1.707031488418579,-0.3565032184123993,0.3565032184123993,182.92628479003906,174.9342803955078,192.11715698242188
0596,5,0,0,0.0,0.0,6,3,2,2,12,0.5,0.27712418300653596,0.3300653594771242,0.5392156862745098,0.27450980392156865,0.32941176470588235,0.5372549019607843,0.16749800741672516,0.21410197019577026,0.1934899091720581,0.20789535343647003,0.032674722373485565,1.0049880743026733,0.7158668041229248,0.12871265411376953,0.46150943636894226,0.8843487501144409,-0.1940935254096985,0.1940935254096985,176.42860412597656,175.68722534179688,177.28225708007812
0596,6,0,0,0.0,0.0,44,4,6,6,144,0.3055555555555556,0.28734402852049906,0.2645276292335116,0.7204099821746881,0.2901960784313726,0.2627450980392157,0.7215686274509804,0.20466011762619019,0.3659600019454956,0.2520451247692108,0.3088184893131256,0.07179824262857437,9.005044937133789,0.042019788175821304,0.33303067088127136,-0.5457071661949158,0.8732281923294067,-0.23449822887778282,0.23449822887778282,209.32232666015625,206.3468017578125,212.089599609375
0596,7,0,0,0.0,0.0,6,2,1,4,8,0.75,0.28823529411764703,0.24705882352941178,0.7156862745098039,0.28627450980392155,0.24705882352941178,0.7137254901960784,0.14734172821044922,0.1877916157245636,0.1665865182876587,0.1785765439271927,0.025969719514250755,0.8840503692626953,0.2661599814891815,0.28249016404151917,-0.08454740047454834,0.7095649242401123,-0.15869882702827454,0.15869882702827454,206.94386291503906,205.4409942626953,208.44664001464844
0596,8,1,12,0.4,0.004518072289156626,30,4,4,4,64,0.46875,0.30483660130718954,0.20562091503267974,0.7066666666666667,0.3058823529411765,0.20784313725490197,0.7058823529411765,0.5281432867050171,0.9226430654525757,0.6953239440917969,0.8038372993469238,0.23200520873069763,15.844298362731934,0.0017693594563752413,0.35865893959999084,-0.6635083556175232,0.8488339185714722,-0.44747654045931995,0.44747654045931995,203.52354431152344,201.8068389892578,205.36309814453125
0596,9,1,297,0.55,0.10202679491583648,540,15,15,12,2700,0.2,0.3404139433551198,0.17270152505446623,0.691118373275236,0.32941176470588235,0.1843137254901961,0.6901960784313725,0.668888509273529,0.9999534487724304,0.9823927879333496,0.998753011226654,0.3028002083301544,361.1997985839844,-0.06046004220843315,0.519875705242157,-0.7519237399101257,1.7761367559432983,-0.3459365777671337,0.3459365777671337,201.82537841796875,196.53244018554688,207.30894470214844
0596,10,1,1028,0.6662346079066753,0.30124542124542125,1543,15,10,30,4500,0.3428888888888889,0.4246044756204491,0.09795280393427624,0.6108395918315479,0.4235294117647059,0.10196078431372549,0.592156862745098,0.7953302264213562,0.9999740719795227,0.999125599861145,0.9997961521148682,0.28660598397254944,1227.194580078125,-0.08985753357410431,0.4612370431423187,-0.7762563228607178,1.4242708683013916,-0.6298902183771133,0.6298902183771133,191.9621124267578,177.5697021484375,205.7790069580078
0596,11,0,0,0.0,0.0,4,2,1,2,4,1.0,0.4372549019607843,0.7411764705882353,0.5431372549019607,0.4392156862745098,0.7411764705882353,0.5450980392156862,0.16636042296886444,0.18833886086940765,0.1778552532196045,0.18414542078971863,0.020078333094716072,0.6654416918754578,0.09047883003950119,0.4551544487476349,-0.42174676060676575,0.5849524736404419,-0.7323607876896858,0.7323607876896858,259.9228515625,259.4397888183594,260.40545654296875
0596,12,0,0,0.0,0.0,4,1,3,2,6,0.6666666666666666,0.4392156862745098,0.7333333333333333,0.5352941176470588,0.4392156862745098,0.7333333333333333,0.5372549019607843,0.1384354829788208,0.1618589162826538,0.15598833560943604,0.15951068699359894,0.022275160998106003,0.5537419319152832,0.34807664155960083,0.20174932479858398,0.15678003430366516,0.6588667631149292,-0.2060893177986145,0.2060893177986145,257.62469482421875,256.63397216796875,258.61553955078125
0596,13,0,0,0.0,0.0,109,6,4,8,192,0.5677083333333334,0.5241230437128981,0.0884331714337111,0.5989926245727648,0.5215686274509804,0.09019607843137255,0.592156862745098,0.3305819034576416,0.77269446849823,0.46945613622665405,0.5654065608978271,0.1690325140953064,36.03342819213867,-0.22192536294460297,0.3867950737476349,-0.7105117440223694,0.709867000579834,-0.3709471523761749,0.3709471523761749,204.87379455566406,201.04476928710938,208.8875274658203
0603,1,1,152,0.475,0.06725663716814159,320,9,7,11,693,0.46176046176046176,0.46612745098039216,0.8034436274509804,0.5650245098039216,0.4588235294117647,0.803921568627451,0.5607843137254902,0.5487346053123474,0.9995561242103577,0.8070591688156128,0.9677824974060059,0.29608872532844543,175.59507751464844,0.26903456449508667,0.26793548464775085,-0.29310670495033264,0.9926928281784058,-0.3079281449317932,0.3079281449317932,277.6896057128906,273.94342041015625,281.5635070800781
0603,2,1,1,1.0,0.00047607712449416806,1,1,1,1,1,1.0,0.4588235294117647,0.803921568627451,0.5372549019607843,0.4588235294117647,0.803921568627451,0.5372549019607843,0.13956333696842194,0.13956333696842194,0.13956333696842194,0.13956333696842194,0.0,0.13956333696842194,0.5418217182159424,0.0,0.5418217182159424,0.5418217182159424,-0.2089061141014099,0.2089061141014099,273.345947265625,273.345947265625,273.345947265625
0603,3,1,2536,0.7717589774802192,0.6775313919316056,3286,31,19,26,15314,0.2145748987854251,0.5811010466268065,0.7920387144510878,0.5273244781783681,0.5490196078431373,0.803921568627451,0.5490196078431373,0.8412537574768066,1.0,0.9999982714653015,0.9999996423721313,0.2775759994983673,2764.35986328125,0.2532176375389099,0.36250993609428406,-0.633253276348114,1.265553593635559,-0.21522286534309387,0.21522286534309387,284.985595703125,276.4073181152344,293.6817932128906
0603,4,1,81,0.42857142857142855,0.03691045796308954,189,8,8,8,512,0.369140625,0.5627554725593941,0.6327004876024483,0.7135594978732234,0.5607843137254902,0.6313725490196078,0.7098039215686275,0.6834692358970642,0.9999983310699463,0.9972851276397705,0.9999419450759888,0.3199704587459564,129.17568969726562,0.47325944900512695,0.411468505859375,-0.04364856332540512,1.34151291847229,-0.43539148569107056,0.43539148569107056,282.88836669921875,279.3814697265625,286.2830810546875
0603,5,1,170,0.6159420289855072,0.07596067917783736,276,12,11,8,1056,0.26136363636363635,0.5860045467462347,0.5916879795396419,0.7199346405228758,0.596078431372549,0.596078431372549,0.7137254901960784,0.7188671827316284,0.9999973773956299,0.9966115951538086,0.9998302459716797,0.3068736493587494,198.4073486328125,0.35093897581100464,0.3583929240703583,-0.1444765329360962,1.2716448307037354,-0.4375990629196167,0.4375990629196167,281.2646179199219,276.8410949707031,285.55035400390625
0603,6,0,0,0.0,0.0,1,1,1,1,1,1.0,0.6274509803921569,0.6274509803921569,0.4196078431372549,0.6274509803921569,0.6274509803921569,0.4196078431372549,0.11773337423801422,0.11773337423801422,0.11773337423801422,0.11773337423801422,0.0,0.11773337423801422,0.3717743754386902,0.0,0.3717743754386902,0.3717743754386902,-0.27600228786468506,0.27600228786468506,250.938232421875,250.938232421875,250.938232421875
0603,7,1,152,0.6940639269406392,0.0687938447612582,219,8,8,8,512,0.427734375,0.6503894708568358,0.6176022920583758,0.4355627182379801,0.6509803921568628,0.611764705882353,0.43137254901960786,0.8181518316268921,0.9999996423721313,0.9999545812606812,0.9999963641166687,0.28378698229789734,179.1752471923828,0.51154625415802,0.3522632122039795,-0.053459860384464264,1.2504396438598633,-0.36892789602279663,0.36892789602279663,254.9224090576172,251.7379608154297,257.9631652832031
0603,8,1,225,0.6987577639751553,0.09951348960636887,322,9,9,9,729,0.44170096021947874,0.6620874436731214,0.6251126537571551,0.647229326513214,0.6588235294117647,0.6235294117647059,0.6470588235294118,0.8267552256584167,1.0,0.9999936819076538,0.9999996423721313,0.28067508339881897,266.2151794433594,0.28006255626678467,0.36955562233924866,-0.5303872227668762,1.2429119348526,-0.4247620105743408,0.4247620105743408,285.48297119140625,280.6813049316406,288.7801818847656
0603,9,1,331,0.7956730769230769,0.14341421143847488,416,8,11,10,880,0.4727272727272727,0.6636029411764706,0.6980863499245852,0.5005373303167421,0.6549019607843137,0.7019607843137254,0.5019607843137255,0.8342180252075195,1.0,0.9999983310699463,1.0,0.2787124514579773,347.0346984863281,0.4360341429710388,0.36330538988113403,-0.1681843250989914,1.2621017694473267,-0.14628946781158447,0.14628946781158447,277.4246826171875,272.87725830078125,282.1488952636719
0603,10,0,0,0.0,0.0,2,1,1,2,2,1.0,0.6823529411764706,0.5843137254901961,0.45294117647058824,0.6823529411764706,0.5843137254901961,0.4549019607843137,0.11567859351634979,0.12804138660430908,0.12185999006032944,0.12556882202625275,0.012362796813249588,0.23135718703269958,0.374436616897583,0.2015209197998047,0.17291571199893951,0.5759575366973877,-0.19529742002487183,0.19529742002487183,257.2283935546875,257.00390625,257.4529113769531
0603,11,1,57,0.57,0.026511627906976743,100,6,9,7,378,0.26455026455026454,0.7041960784313726,0.5509803921568628,0.4777254901960784,0.7019607843137254,0.5490196078431373,0.47843137254901963,0.6678063869476318,0.999997079372406,0.993837833404541,0.9998298287391663,0.33671486377716064,66.7806396484375,0.5611531734466553,0.3493657112121582,-0.28414782881736755,1.2997920513153076,-0.18227159976959229,0.18227159976959229,259.2134094238281,256.7586364746094,261.5664367675781
0604,1,1,328,0.657314629258517,0.2091169907554989,499,10,17,11,1870,0.26684491978609626,0.605911469582274,0.4222274335905854,0.6527351578156313,0.6007067137809188,0.4078014184397163,0.65234375,0.822970449924469,1.0,0.9999974370002747,1.0,0.28421181440353394,410.6622619628906,1.3438708782196045,0.16058944165706635,0.8844221234321594,1.6269675493240356,-0.24819016456604004,0.24819016456604004,268.07330322265625,263.13873291015625,274.4066467285156
0604,2,0,0,0.0,0.0,11,3,2,2,12,0.9166666666666666,0.5968519113395439,0.38104448742746616,0.6541193181818182,0.5936395759717314,0.3829787234042553,0.65234375,0.22829537093639374,0.34201180934906006,0.285531222820282,0.31443482637405396,0.07091375440359116,2.51124906539917,0.7975835204124451,0.2203543484210968,0.39686259627342224,1.1049772500991821,-0.6696682572364807,0.6696682572364807,261.6436462402344,260.5743713378906,262.5147705078125
0604,3,1,473,0.5691937424789411,0.2727010665897953,831,15,12,13,2340,0.35512820512820514,0.6395674673538203,0.6737802015857166,0.6777743306257521,0.6466431095406361,0.6631205673758865,0.6796875,0.7432191967964172,0.9999977350234985,0.9995582103729248,0.9999697208404541,0.3099994361400604,617.6151733398438,-0.402843713760376,0.2999698519706726,-0.8134655356407166,0.6658465266227722,-0.3314046710729599,0.3314046710729599,315.20452880859375,310.7764587402344,318.87615966796875
0604,4,1,559,0.6245810055865921,0.3164449476365695,895,12,14,17,2856,0.313375350140056,0.6539076534338788,0.683390784103966,0.5973638268156425,0.6466431095406361,0.6808510638297872,0.59375,0.7370331883430481,0.9999996423721313,0.9992281198501587,0.9999823570251465,0.3142848014831543,659.6447143554688,-0.41655975580215454,0.2481018304824829,-0.7841909527778625,0.4935346245765686,-0.2777646481990814,0.2777646481990814,308.4844970703125,303.4419250488281,315.1031494140625
0604,5,0,0,0.0,0.0,4,3,2,1,6,0.6666666666666666,0.642226148409894,0.651595744680851,0.69921875,0.6395759717314488,0.6524822695035462,0.69921875,0.1472506821155548,0.17853932082653046,0.17773739993572235,0.1782185435295105,0.03182603791356087,0.5890027284622192,-0.4431552290916443,0.10196692496538162,-0.5644782781600952,-0.341193825006485,-0.12575343251228333,0.12575343251228333,314.9652099609375,314.09234619140625,315.83697509765625
0604,6,0,0,0.0,0.0,1,1,1,1,1,1.0,0.6431095406360424,0.648936170212766,0.6953125,0.6431095406360424,0.648936170212766,0.6953125,0.1010526716709137,0.1010526716709137,0.1010526716709137,0.1010526716709137,0.0,0.1010526716709137,-0.327753484249115,0.0,-0.327753484249115,-0.327753484249115,-0.04678121209144592,0.04678121209144592,314.1050720214844,314.1050720214844,314.1050720214844
0604,7,1,1006,0.6229102167182663,0.4730778274159417,1615,19,18,23,7866,0.20531400966183574,0.6939119780327977,0.5816415255911995,0.525672407120743,0.696113074204947,0.574468085106383,0.53515625,0.7536234259605408,0.9999990463256836,0.9993061423301697,0.9999838471412659,0.3009473979473114,1217.101806640625,-0.27916836738586426,0.3213435113430023,-0.7980905175209045,0.9980875849723816,-0.3375106155872345,0.3375106155872345,289.85595703125,281.6575927734375,298.4861755371094
0610,1,0,0,0.0,0.0,9,2,3,3,18,0.5,0.33856209150326794,0.34030501089324616,0.4640522875816993,0.33725490196078434,0.3411764705882353,0.4627450980392157,0.24706371128559113,0.3880607485771179,0.30843761563301086,0.326289564371109,0.08062558621168137,2.2235734462738037,0.4054582715034485,0.22272895276546478,0.08799388259649277,0.7473430037498474,-0.5955532193183899,0.5955532193183899,170.76593017578125,169.78515625,171.679931640625
0610,2,0,0,0.0,0.0,3,1,2,2,4,0.75,0.43529411764705883,0.5111111111111112,0.7320261437908496,0.43529411764705883,0.5098039215686274,0.7333333333333333,0.1325158029794693,0.14333736896514893,0.14069652557373047,0.14228102564811707,0.011768506839871407,0.3975474238395691,1.666435718536377,0.029410194605588913,1.6264750957489014,1.6964061260223389,-0.4479668140411377,0.4479668140411377,253.72308349609375,253.06126403808594,254.3108367919922
0610,3,1,14,0.9333333333333333,0.007407407407407408,15,3,4,2,24,0.625,0.44183006535947716,0.4768627450980392,0.7202614379084967,0.44313725490196076,0.47843137254901963,0.7215686274509804,0.459255576133728,0.8533473014831543,0.655789852142334,0.731240451335907,0.22074845433235168,6.888833522796631,1.4339983463287354,0.16291245818138123,1.0570372343063354,1.7263765335083008,-0.4267998933792114,0.4267998933792114,247.8735809326172,246.7772216796875,248.9598388671875
0610,4,0,0,0.0,0.0,1,1,1,1,1,1.0,0.49411764705882355,0.37254901960784315,0.6,0.49411764705882355,0.37254901960784315,0.6,0.16309143602848053,0.16309143602848053,0.16309143602848053,0.16309143602848053,0.0,0.16309143602848053,0.5175698399543762,0.0,0.5175698399543762,0.5175698399543762,-0.29970407485961914,0.29970407485961914,220.37014770507812,220.37014770507812,220.37014770507812
0610,5,0,0,0.0,0.0,1,1,1,1,1,1.0,0.4980392156862745,0.3686274509803922,0.6,0.4980392156862745,0.3686274509803922,0.6,0.11434726417064667,0.11434726417064667,0.11434726417064667,0.11434726417064667,0.0,0.11434726417064667,0.8072838187217712,0.0,0.8072838187217712,0.8072838187217712,-0.16483724117279053,0.16483724117279053,220.51983642578125,220.51983642578125,220.51983642578125
0610,6,1,161,0.688034188034188,0.08052013003250813,234,9,9,12,972,0.24074074074074073,0.5251885369532429,0.4790011731188202,0.7734539969834088,0.5254901960784314,0.47843137254901963,0.7803921568627451,0.6094040870666504,0.99967360496521,0.9101527333259583,0.994982123374939,0.30206596851348877,142.60055541992188,1.0168205499649048,0.5340378284454346,-0.051868047565221786,2.0360708236694336,-0.2822681665420532,0.2822681665420532,268.3967590332031,265.4317321777344,271.374267578125
0610,7,0,0,0.0,0.0,2,1,2,1,2,1.0,0.5490196078431373,0.5352941176470588,0.7411764705882353,0.5490196078431373,0.5372549019607843,0.7411764705882353,0.262264609336853,0.2957223057746887,0.2789934575557709,0.2890307605266571,0.0334576815366745,0.524529218673706,1.2168794870376587,0.24975347518920898,0.9671260118484497,1.4666329622268677,-0.5142146348953247,0.5142146348953247,272.4599609375,272.20947265625,272.7104797363281
0610,8,0,0,0.0,0.0,2,1,2,1,2,1.0,0.5882352941176471,0.5784313725490197,0.6823529411764706,0.5882352941176471,0.5764705882352941,0.6823529411764706,0.1292743980884552,0.1339837610721588,0.131629079580307,0.1330418884754181,0.004709362983703613,0.2585487961769104,1.0120816230773926,0.04495561122894287,0.9671260118484497,1.0570372343063354,-0.4401211738586426,0.4401211738586426,273.5570068359375,273.2873840332031,273.82659912109375
0610,9,1,408,0.6788685524126455,0.1868987631699496,601,10,12,14,1680,0.35773809523809524,0.6083781932073994,0.5900623144432482,0.7096668950442073,0.6078431372549019,0.5843137254901961,0.7019607843137254,0.6644644737243652,0.9999964833259583,0.9906927943229675,0.999875545501709,0.32542896270751953,399.3431396484375,0.903561532497406,0.5707160234451294,0.11796429753303528,2.3957157135009766,-0.2942191958427429,0.2942191958427429,282.4580078125,276.0307922363281,286.96514892578125
0610,10,1,2469,0.6087278106508875,0.6313770617568086,4056,19,47,24,21432,0.18924972004479285,0.6913127973082724,0.3077087442472058,0.5194541130061493,0.6823529411764706,0.2823529411764706,0.5333333333333333,0.771621823310852,0.9999997019767761,0.9998089075088501,0.9999929070472717,0.29741495847702026,3129.697998046875,0.9609931111335754,0.5394611954689026,-0.1018187403678894,2.515597343444824,-0.34456533193588257,0.34456533193588257,235.04251098632812,225.30201721191406,246.01016235351562
0610,11,0,0,0.0,0.0,1,1,1,1,1,1.0,0.6588235294117647,0.3568627450980392,0.47058823529411764,0.6588235294117647,0.3568627450980392,0.47058823529411764,0.11482667177915573,0.11482667177915573,0.11482667177915573,0.11482667177915573,0.0,0.11482667177915573,0.35772761702537537,0.0,0.35772761702537537,0.35772761702537537,-0.2805563509464264,0.2805563509464264,226.36695861816406,226.36695861816406,226.36695861816406
0610,12,0,0,0.0,0.0,4,2,1,2,4,1.0,0.692156862745098,0.43137254901960786,0.4803921568627451,0.6901960784313725,0.43137254901960786,0.47843137254901963,0.1410737931728363,0.1657835692167282,0.15945230424404144,0.16325105726718903,0.020735742524266243,0.5642951726913452,0.6249638199806213,0.3068920373916626,0.1779051274061203,1.0070866346359253,-0.46262019872665405,0.46262019872665405,242.10079956054688,241.48085021972656,242.72000122070312
0610,13,0,0,0.0,0.0,4,2,2,2,8,0.5,0.7029411764705882,0.42058823529411765,0.48823529411764705,0.7019607843137254,0.4196078431372549,0.49019607843137253,0.13648003339767456,0.15533806383609772,0.14679454267024994,0.15192066133022308,0.014887184835970402,0.5459201335906982,0.99959397315979,0.13921375572681427,0.7673232555389404,1.136958360671997,-0.4138221740722656,0.4138221740722656,243.9124755859375,243.36187744140625,244.6119384765625
0611,1,0,0,0.0,0.0,8,4,2,2,16,0.5,0.4908026755852843,0.5336206896551724,0.5615601503759399,0.4916387959866221,0.5344827586206896,0.5639097744360902,0.29157376289367676,0.44343477487564087,0.4212460219860077,0.43478912115097046,0.13398896157741547,2.332590103149414,1.5337307453155518,0.11027604341506958,1.3900423049926758,1.703745722770691,0.054625749588012695,0.054625749588012695,260.94384765625,260.4246520996094,261.5893859863281
0611,2,0,0,0.0,0.0,1,1,1,1,1,1.0,0.4983277591973244,0.5344827586206896,0.556390977443609,0.4983277591973244,0.5344827586206896,0.556390977443609,0.13105785846710205,0.13105785846710205,0.13105785846710205,0.13105785846710205,0.0,0.13105785846710205,1.4149935245513916,0.0,1.4149935245513916,1.4149935245513916,0.09153187274932861,0.09153187274932861,261.5893859863281,261.5893859863281,261.5893859863281
0611,3,1,755,0.6789568345323741,0.3274067649609714,1112,20,28,34,19040,0.058403361344537816,0.5672415245061476,0.5767923592160754,0.6136981392329746,0.5719063545150501,0.596551724137931,0.6578947368421053,0.8122568726539612,1.0,0.9999510049819946,0.9999955296516418,0.2862580716609955,903.2296142578125,0.4924543499946594,0.6277197599411011,-0.6284481883049011,2.0163819789886475,-0.4993475675582886,0.4993475675582886,289.4443054199219,264.5864562988281,305.4324951171875
0611,4,1,26,0.5416666666666666,0.014656144306651634,48,3,5,7,105,0.45714285714285713,0.5815914158305463,0.5681752873563218,0.5741697994987468,0.5819397993311036,0.5689655172413793,0.575187969924812,0.767810046672821,1.0,0.9999309182167053,0.9999964237213135,0.3219042122364044,36.854881286621094,1.395795464515686,0.1609245091676712,0.9449233412742615,1.6771001815795898,-0.24187397956848145,0.24187397956848145,284.7221984863281,281.68243408203125,287.2298583984375
0611,5,1,867,0.48680516563728243,0.3283469039954554,1781,17,20,16,5440,0.32738970588235294,0.6914269725587255,0.44660884044221577,0.3719545917010381,0.705685618729097,0.45517241379310347,0.38345864661654133,0.6542718410491943,0.9999992847442627,0.994498610496521,0.9999633431434631,0.3242199122905731,1165.2581787109375,0.7227200865745544,0.37056979537010193,-0.3188268542289734,1.6376758813858032,-0.147178053855896,0.147178053855896,264.0899658203125,253.22125244140625,274.34649658203125
0611,6,1,446,0.39295154185022024,0.1924487594390507,1135,12,18,15,3240,0.35030864197530864,0.693781032221944,0.34207504177426706,0.39901295087940114,0.6989966555183946,0.33793103448275863,0.40601503759398494,0.6577539443969727,0.9999971985816956,0.9725797176361084,0.998765230178833,0.3028203248977661,746.5507202148438,0.5028135180473328,0.39856311678886414,-0.1773700714111328,1.6261959075927734,-0.629877507686615,0.629877507686615,254.1136016845703,245.5218963623047,260.8850402832031
0611,7,0,0,0.0,0.0,1,1,1,1,1,1.0,0.68561872909699,0.4103448275862069,0.35714285714285715,0.68561872909699,0.4103448275862069,0.35714285714285715,0.10538238286972046,0.10538238286972046,0.10538238286972046,0.10538238286972046,0.0,0.10538238286972046,0.7212716937065125,0.0,0.7212716937065125,0.7212716937065125,-0.22674071788787842,0.22674071788787842,256.16790771484375,256.16790771484375,256.16790771484375
0611,8,1,448,0.6483357452966715,0.21379145788594608,691,9,15,12,1620,0.4265432098765432,0.7134055147646037,0.4515544687858675,0.47755785991752175,0.7090301003344481,0.4482758620689655,0.4699248120300752,0.7643997669219971,0.9999997615814209,0.9999073147773743,0.9999966621398926,0.3042835593223572,528.2002563476562,-0.04567525163292885,0.4682052433490753,-0.6802230477333069,1.8515515327453613,-0.48259106650948524,0.48259106650948524,281.4777526855469,276.9548645019531,286.70892333984375
0611,9,1,322,0.544839255499154,0.1574187240283549,591,8,14,11,1232,0.4797077922077922,0.7171168418133768,0.38407141606861545,0.44595626121140414,0.7123745819397993,0.3793103448275862,0.4398496240601504,0.6704930067062378,0.9999990463256836,0.9972852468490601,0.9999478459358215,0.32641440629959106,396.2613525390625,0.12232007086277008,0.49146556854248047,-0.6085351705551147,1.6805973052978516,-0.4309321492910385,0.4309321492910385,269.9927062988281,263.4881286621094,275.4922790527344
0611,10,0,0,0.0,0.0,3,1,3,1,3,1.0,0.7090301003344481,0.49310344827586206,0.41353383458646614,0.7090301003344481,0.49310344827586206,0.41353383458646614,0.14117269217967987,0.15854394435882568,0.14716005325317383,0.15399038791656494,0.012573473155498505,0.4235180914402008,0.0804203525185585,0.04780532792210579,0.01593598909676075,0.13025085628032684,-0.12188000231981277,0.12188000231981277,279.1388244628906,278.6269836425781,279.6515808105469
0612,1,0,0,0.0,0.0,4,2,3,1,6,0.6666666666666666,0.5078431372549019,0.5764705882352941,0.5647058823529412,0.5058823529411764,0.5764705882352941,0.5647058823529412,0.1217288076877594,0.1472611129283905,0.12614895403385162,0.138816237449646,0.015283274464309216,0.4869152307510376,0.7434250712394714,0.08983492106199265,0.6067536473274231,0.8347989320755005,-0.32786256074905396,0.32786256074905396,243.67172241210938,243.33721923828125,244.00819396972656
0612,2,0,0,0.0,0.0,11,3,2,3,18,0.6111111111111112,0.663458110516934,0.5433155080213903,0.5440285204991087,0.6627450980392157,0.5411764705882353,0.5450980392156862,0.16301019489765167,0.24517282843589783,0.21456941962242126,0.24397900700569153,0.053055230528116226,1.7931121587753296,-0.018906716257333755,0.09883160144090652,-0.174127995967865,0.16444945335388184,-0.3044807054102421,0.3044807054102421,259.6203918457031,258.7005920410156,260.5436706542969
0613,1,0,0,0.0,0.0,2,1,1,2,2,1.0,0.5137254901960784,0.6431372549019608,0.48823529411764705,0.5137254901960784,0.6431372549019608,0.49019607843137253,0.11885175108909607,0.13503551483154297,0.12694363296031952,0.13179875910282135,0.0161837637424469,0.23770350217819214,-0.09839829802513123,0.01501428708434105,-0.11341258138418198,-0.08338400721549988,-0.26264461874961853,0.26264461874961853,244.58216857910156,244.32765197753906,244.83668518066406
0614,1,0,0,0.0,0.0,1,1,1,1,1,1.0,0.32954545454545453,0.41914191419141916,0.7064516129032258,0.32954545454545453,0.41914191419141916,0.7064516129032258,0.14109914004802704,0.14109914004802704,0.14109914004802704,0.14109914004802704,0.0,0.14109914004802704,1.0095925331115723,0.0,1.0095925331115723,1.0095925331115723,-0.15954673290252686,0.15954673290252686,268.0186462402344,268.0186462402344,268.0186462402344
0614,2,0,0,0.0,0.0,12,4,3,3,36,0.3333333333333333,0.33933080808080807,0.4194169416941694,0.7115591397849462,0.3371212121212121,0.41914191419141916,0.7096774193548387,0.16202694177627563,0.2667982876300812,0.20160740613937378,0.22605440020561218,0.05410804599523544,1.9443233013153076,0.8175696730613708,0.13448964059352875,0.5944827198982239,1.034042239189148,-0.29496246576309204,0.29496246576309204,270.2100830078125,268.69500732421875,271.80322265625
0615,1,0,0,0.0,0.0,4,2,2,2,8,0.5,0.48646209386281586,0.44788273615635177,0.5349829351535836,0.48736462093862815,0.4495114006514658,0.5358361774744027,0.3418389558792114,0.5466554164886475,0.5238257050514221,0.5375235080718994,0.18990252912044525,1.3673558235168457,1.2063257694244385,0.04394804313778877,1.1484735012054443,1.2624629735946655,-0.253206729888916,0.253206729888916,248.807861328125,248.28009033203125,249.37722778320312
0615,2,0,0,0.0,0.0,14,4,2,2,16,0.875,0.5036101083032491,0.4513727315030247,0.5372988785958068,0.5018050541516246,0.4495114006514658,0.5358361774744027,0.545182466506958,0.9843686819076538,0.9173583984375,0.953201413154602,0.3501383364200592,7.632554531097412,1.2850524187088013,0.08588333427906036,1.1503080129623413,1.4023451805114746,-0.19875836372375488,0.19875836372375488,252.44227600097656,251.02589416503906,253.86807250976562
0619,1,0,0,0.0,0.0,1,1,1,1,1,1.0,0.37254901960784315,0.38823529411764707,0.7803921568627451,0.37254901960784315,0.38823529411764707,0.7803921568627451,0.1918611228466034,0.1918611228466034,0.1918611228466034,0.1918611228466034,0.0,0.1918611228466034,0.655205249786377,0.0,0.655205249786377,0.655205249786377,-0.2882528305053711,0.2882528305053711,242.11154174804688,242.11154174804688,242.11154174804688
0619,2,0,0,0.0,0.0,1,1,1,1,1,1.0,0.3764705882352941,0.38823529411764707,0.7725490196078432,0.3764705882352941,0.38823529411764707,0.7725490196078432,0.127160906791687,0.127160906791687,0.127160906791687,0.127160906791687,0.0,0.127160906791687,0.7347232699394226,0.0,0.7347232699394226,0.7347232699394226,-0.2597588300704956,0.2597588300704956,240.871337890625,240.871337890625,240.871337890625
0619,3,0,0,0.0,0.0,1,1,1,1,1,1.0,0.5803921568627451,0.611764705882353,0.6470588235294118,0.5803921568627451,0.611764705882353,0.6470588235294118,0.13969996571540833,0.13969996571540833,0.13969996571540833,0.13969996571540833,0.0,0.13969996571540833,0.9414700865745544,0.0,0.9414700865745544,0.9414700865745544,-0.21469861268997192,0.21469861268997192,271.59161376953125,271.59161376953125,271.59161376953125
0619,4,0,0,0.0,0.0,3,3,1,1,3,1.0,0.7647058823529411,0.24705882352941178,0.058823529411764705,0.7647058823529411,0.24705882352941178,0.058823529411764705,0.12596841156482697,0.138057678937912,0.1307050734758377,0.13511663675308228,0.008995125070214272,0.3779052495956421,1.2542409896850586,0.07151710987091064,1.1641205549240112,1.3390601873397827,-0.21966838836669922,0.21966838836669922,206.42205810546875,205.47262573242188,207.37164306640625
0624,1,1,112,0.7225806451612903,0.8235294117647058,155,7,7,6,294,0.5272108843537415,0.6627956989247311,0.5922833649588868,0.5054775458570525,0.6588235294117647,0.5882352941176471,0.5058823529411764,0.8029984831809998,1.0,0.9999814629554749,0.9999995827674866,0.29450422525405884,124.46476745605469,0.04573211446404457,0.2639652490615845,-0.6276221871376038,0.7175835967063904,-0.09531057998538017,0.09531057998538017,261.4079284667969,257.9806213378906,264.5354309082031
0626,1,1,698,0.5615446500402252,0.6809756097560976,1243,15,20,18,5400,0.2301851851851852,0.6794409477387092,0.7537772309245501,0.41805562128310697,0.6823529411764706,0.7529411764705882,0.4196078431372549,0.722961962223053,0.9999993443489075,0.99920654296875,0.9999758005142212,0.321064293384552,898.6417236328125,0.212052121758461,0.3654009699821472,-0.48213839530944824,1.4745957851409912,-0.1853417605161667,0.1853417605161667,280.5464172363281,273.4099426269531,288.17529296875
0626,2,1,55,0.5238095238095238,0.1206140350877193,105,5,9,6,270,0.3888888888888889,0.7110737628384688,0.6825023342670402,0.421437908496732,0.7058823529411765,0.6862745098039216,0.4196078431372549,0.5424996018409729,0.9989925026893616,0.8282700777053833,0.9880834817886353,0.30772730708122253,56.962459564208984,0.10771270096302032,0.3265508711338043,-0.43749719858169556,0.8472546935081482,-0.36360420286655426,0.36360420286655426,274.0158996582031,271.2581787109375,277.6076354980469
0627,1,0,0,0.0,0.0,42,4,8,4,128,0.328125,0.3941176470588235,0.30196078431372547,0.5665732959850607,0.39215686274509803,0.3058823529411765,0.5647058823529412,0.5134007334709167,0.846121072769165,0.671402633190155,0.7646766304969788,0.19626885652542114,21.56283187866211,1.3004928827285767,0.22651776671409607,0.6481055617332458,1.6330626010894775,-0.39923179149627686,0.39923179149627686,192.64060974121094,191.5463409423828,193.77822875976562
0627,2,0,0,0.0,0.0,2,1,2,1,2,1.0,0.4196078431372549,0.5352941176470588,0.6745098039215687,0.4196078431372549,0.5372549019607843,0.6745098039215687,0.11261782795190811,0.11553823947906494,0.11407802999019623,0.1149541586637497,0.00292041152715683,0.22523565590381622,1.2709836959838867,0.0021528005599975586,1.2688308954238892,1.2731364965438843,-0.4187241792678833,0.4187241792678833,244.70477294921875,244.4258575439453,244.98367309570312
0627,3,0,0,0.0,0.0,19,3,3,3,27,0.7037037037037037,0.45077399380804956,0.5737874097007224,0.7058823529411765,0.45098039215686275,0.5764705882352941,0.7058823529411765,0.6518770456314087,0.9934204816818237,0.9087194204330444,0.9791965484619141,0.28061071038246155,12.385663986206055,1.4310413599014282,0.17216290533542633,1.0718364715576172,1.7149934768676758,-0.2586902379989624,0.2586902379989624,259.3320007324219,257.9185791015625,260.8811950683594
0627,4,0,0,0.0,0.0,83,5,5,9,225,0.3688888888888889,0.45858729033782186,0.593999527521852,0.6977084809827545,0.4549019607843137,0.592156862745098,0.6941176470588235,0.8209774494171143,1.0,0.999976634979248,0.9999996423721313,0.284586638212204,68.14112854003906,1.3790730237960815,0.3638867139816284,0.35304296016693115,1.9475362300872803,-0.341752290725708,0.341752290725708,261.7420349121094,257.35577392578125,266.3324890136719
0627,5,0,0,0.0,0.0,9,3,2,2,12,0.75,0.4788671023965142,0.6291938997821351,0.5437908496732026,0.47843137254901963,0.6313725490196078,0.5450980392156862,0.36382073163986206,0.7392862439155579,0.4757549464702606,0.6851082444190979,0.20363523066043854,3.2743866443634033,1.610992193222046,0.05615399777889252,1.5255826711654663,1.6941547393798828,-0.18574905395507812,0.18574905395507812,245.21002197265625,244.48516845703125,246.2072296142578
0627,6,0,0,0.0,0.0,2,2,1,1,2,1.0,0.5313725490196078,0.4549019607843137,0.7019607843137254,0.5333333333333333,0.4549019607843137,0.7019607843137254,0.1755354106426239,0.17753402888774872,0.1765347123146057,0.17713430523872375,0.001998618245124817,0.3510708212852478,1.1848976612091064,0.09032410383224487,1.0945736169815063,1.275221824645996,-0.45938146114349365,0.45938146114349365,253.23788452148438,252.9683837890625,253.5074005126953
0627,7,0,0,0.0,0.0,38,4,6,3,72,0.5277777777777778,0.6074303405572755,0.45531475748194017,0.5103199174406604,0.6078431372549019,0.45098039215686275,0.5137254901960784,0.24310192465782166,0.41079801321029663,0.316988468170166,0.3753407895565033,0.0873829796910286,9.237873077392578,0.9930217266082764,0.2949218451976776,0.3237288296222687,1.5094327926635742,-0.7079976797103882,0.7079976797103882,233.9245147705078,232.53387451171875,235.58226013183594
0627,8,0,0,0.0,0.0,1,1,1,1,1,1.0,0.6705882352941176,0.6039215686274509,0.5647058823529412,0.6705882352941176,0.6039215686274509,0.5647058823529412,0.10128116607666016,0.10128116607666016,0.10128116607666016,0.10128116607666016,0.0,0.10128116607666016,1.240675449371338,0.0,1.240675449371338,1.240675449371338,-0.5273247957229614,0.5273247957229614,272.0955810546875,272.0955810546875,272.0955810546875
0629,1,0,0,0.0,0.0,10,4,3,3,36,0.2777777777777778,0.49019607843137253,0.41921568627450984,0.5572549019607843,0.49019607843137253,0.4196078431372549,0.5568627450980392,0.3130688965320587,0.7100726366043091,0.3215034306049347,0.6805244088172913,0.20303203165531158,3.1306889057159424,1.1364635229110718,0.10923931002616882,0.9203346371650696,1.3004109859466553,-0.16748416423797607,0.16748416423797607,217.9379425048828,216.85247802734375,219.08218383789062
0629,2,0,0,0.0,0.0,14,3,3,4,36,0.3888888888888889,0.5142857142857142,0.7016806722689075,0.484593837535014,0.5137254901960784,0.7019607843137254,0.4823529411764706,0.2487047016620636,0.3972506523132324,0.3153042793273926,0.376310259103775,0.09476301819086075,3.481865882873535,0.325645387172699,0.16935986280441284,0.04202494025230408,0.6331667900085449,-0.43103641271591187,0.43103641271591187,254.4557342529297,252.44602966308594,256.347412109375
0629,3,0,0,0.0,0.0,42,7,9,6,378,0.1111111111111111,0.5607843137254902,0.7157796451914099,0.557609710550887,0.5686274509803921,0.7058823529411765,0.5490196078431373,0.38702788949012756,0.7111708521842957,0.556415855884552,0.6625087857246399,0.20007449388504028,16.255170822143555,1.1011732816696167,0.08476754277944565,0.8479341864585876,1.2933017015457153,-0.23395967483520508,0.23395967483520508,272.537109375,268.9256286621094,274.7653503417969
0629,4,0,0,0.0,0.0,159,6,14,6,504,0.31547619047619047,0.5637933160685658,0.6952028610186213,0.506572943642866,0.5607843137254902,0.6823529411764706,0.5019607843137255,0.7304043769836426,0.9999996423721313,0.9973973631858826,0.9999766945838928,0.3105131983757019,116.13429260253906,0.8927214741706848,0.18097497522830963,0.3076053559780121,1.2474746704101562,-0.362365186214447,0.362365186214447,262.82330322265625,257.04864501953125,268.8959045410156
0629,5,0,0,0.0,0.0,5,3,2,1,6,0.8333333333333334,0.56,0.6650980392156862,0.5490196078431373,0.5607843137254902,0.6666666666666666,0.5490196078431373,0.17402951419353485,0.2805950343608856,0.18705369532108307,0.24317848682403564,0.05727570876479149,0.8701475858688354,0.8006943464279175,0.08317138254642487,0.6883503198623657,0.9322360157966614,-0.3030608892440796,0.3030608892440796,262.76043701171875,261.93511962890625,263.6759338378906
0635,1,0,0,0.0,0.0,1,1,1,1,1,1.0,0.6745098039215687,0.3058823529411765,0.6313725490196078,0.6745098039215687,0.3058823529411765,0.6313725490196078,0.10160911828279495,0.10160911828279495,0.10160911828279495,0.10160911828279495,0.0,0.10160911828279495,1.0980280637741089,0.0,1.0980280637741089,1.0980280637741089,-0.5148122310638428,0.5148122310638428,248.8654327392578,248.8654327392578,248.8654327392578
0635,2,0,0,0.0,0.0,22,4,4,3,48,0.4583333333333333,0.6844919786096256,0.30944741532976827,0.6240641711229946,0.6862745098039216,0.3058823529411765,0.6196078431372549,0.18116356432437897,0.3315832316875458,0.24489542841911316,0.26368921995162964,0.06515547633171082,3.98559832572937,1.5914181470870972,0.9746623635292053,0.08941642194986343,3.523498773574829,-0.2517232894897461,0.2517232894897461,249.73793029785156,248.592041015625,250.70101928710938
0636,1,1,196,0.8305084745762712,0.8769574944071589,236,7,9,13,819,0.28815628815628813,0.48278497839813894,0.5305915586573613,0.7071950814223995,0.4745098039215686,0.5254901960784314,0.6901960784313725,0.8942534923553467,1.0,0.9999998211860657,1.0,0.22458209097385406,211.0438232421875,1.585305094718933,0.45135679841041565,0.4285028576850891,2.506873846054077,-0.43209803104400635,0.43209803104400635,257.36328125,251.22897338867188,262.65948486328125
0646,1,1,6328,0.7413308341143393,0.42358926300287836,8536,35,62,38,82460,0.10351685665777347,0.41722628628942565,0.3628372760457882,0.6232280353565981,0.4396887159533074,0.38910505836575876,0.6392156862745098,0.7863559126853943,0.9999996423721313,0.999932050704956,0.999992311000824,0.3047489821910858,6712.333984375,0.30323526263237,0.4569953680038452,-0.7385040521621704,1.4172593355178833,-0.3033762276172638,0.3033762276172638,60.858097076416016,37.6961555480957,98.93937683105469
0646,2,1,4640,0.7903253278828138,0.34101348620144784,5871,25,37,32,29600,0.19834459459459458,0.43525155300703117,0.6246239678376933,0.6916649132826355,0.43190661478599224,0.6186770428015564,0.7215686274509804,0.8828049898147583,0.9999994039535522,0.9999659061431885,0.9999921321868896,0.23899954557418823,5182.9482421875,0.12584123015403748,0.34333163499832153,-0.8386824727058411,0.9788516759872437,-0.25021815299987793,0.25021815299987793,35.04569625854492,25.079872131347656,48.78524398803711
0646,3,0,0,0.0,0.0,173,8,9,8,576,0.3003472222222222,0.41863655788218884,0.2394907896808439,0.659435566133968,0.4085603112840467,0.23346303501945526,0.6627450980392157,0.2913859486579895,0.7094035148620605,0.39651229977607727,0.48177194595336914,0.13920998573303223,50.409767150878906,-0.3284889757633209,0.3695458769798279,-0.7641782164573669,0.7608193755149841,-0.6979750096797943,0.6979750096797943,84.51563262939453,81.54753112792969,87.78952026367188
0646,4,0,0,0.0,0.0,2,1,2,1,2,1.0,0.4163424124513619,0.29766536964980544,0.7529411764705882,0.4163424124513619,0.29961089494163423,0.7529411764705882,0.14880011975765228,0.17723587155342102,0.16301800310611725,0.1715487241744995,0.02843574807047844,0.29760023951530457,-0.22705332934856415,0.0562276691198349,-0.28328099846839905,-0.17082566022872925,-0.3548109084367752,0.3548109084367752,66.99453735351562,66.51315307617188,67.47592163085938
0646,5,1,3974,0.7734527053328143,0.3001510574018127,5138,32,44,31,43648,0.11771444281524927,0.5725425720919736,0.3558849678825506,0.6181553820438257,0.5992217898832685,0.3424124513618677,0.6,0.827549397945404,0.9999997019767761,0.9999640583992004,0.9999942779541016,0.2825774550437927,4251.94873046875,0.5297784805297852,0.4275292456150055,-0.7132619619369507,1.505602240562439,-0.1379239559173584,0.1379239559173584,83.36384582519531,62.04030990600586,102.94658660888672
0646,6,1,2590,0.7773109243697479,0.2099375861230445,3332,24,45,22,23760,0.14023569023569024,0.5851978923865265,0.61995576440693,0.654076924887602,0.603112840466926,0.5875486381322957,0.6509803921568628,0.8280630111694336,0.9999997019767761,0.9998272061347961,0.9999755024909973,0.27701258659362793,2759.10595703125,0.32606855034828186,0.27205657958984375,-0.7728429436683655,0.9366761445999146,-0.15161174535751343,0.15161174535751343,69.03025817871094,57.706153869628906,78.70197296142578
0646,7,0,0,0.0,0.0,2,1,2,1,2,1.0,0.5486381322957199,0.6595330739299611,0.7215686274509804,0.5486381322957199,0.6614785992217899,0.7215686274509804,0.17242339253425598,0.2053634524345398,0.1888934224843979,0.19877544045448303,0.03294006735086441,0.34484678506851196,-0.05483222380280495,0.12782512605190277,-0.18265734612941742,0.07299289852380753,-0.2328338511288166,0.2328338511288166,59.60237121582031,59.36328887939453,59.84145736694336
0646,8,0,0,0.0,0.0,1,1,1,1,1,1.0,0.603112840466926,0.33852140077821014,0.5607843137254902,0.603112840466926,0.33852140077821014,0.5607843137254902,0.10705062001943588,0.10705062001943588,0.10705062001943588,0.10705062001943588,0.0,0.10705062001943588,0.06665156036615372,0.0,0.06665156036615372,0.06665156036615372,-0.18494882434606552,0.18494882434606552,97.37042999267578,97.37042999267578,97.37042999267578
0646,9,0,0,0.0,0.0,26,3,6,3,54,0.48148148148148145,0.6457647410954803,0.5091290032924274,0.4904977375565611,0.6459143968871596,0.5097276264591439,0.49019607843137253,0.5412135124206543,0.8935236930847168,0.7422462105751038,0.809394359588623,0.22644101083278656,14.071551322937012,0.6135562062263489,0.15056031942367554,0.34205952286720276,0.8842792510986328,-0.2822648286819458,0.2822648286819458,101.20943450927734,99.76472473144531,102.66450500488281
0646,10,0,0,0.0,0.0,3,2,2,1,4,0.75,0.6549935149156939,0.5317769130998703,0.4823529411764706,0.6536964980544747,0.5291828793774319,0.4823529411764706,0.16310416162014008,0.22894352674484253,0.18332359194755554,0.2106955498456955,0.04695852845907211,0.48931246995925903,0.6793118119239807,0.02872053161263466,0.639371395111084,0.7056753635406494,-0.275931715965271,0.275931715965271,103.93207550048828,103.66291809082031,104.42700958251953
0653,1,1,991,0.7547600913937548,0.8200248241621845,1313,14,16,19,4256,0.30850563909774437,0.7288920747278348,0.50889595746905,0.6361363738183773,0.7215686274509804,0.5098039215686274,0.6274509803921569,0.8265153169631958,1.0,0.9999933242797852,0.9999997615814209,0.2748262882232666,1085.214599609375,0.6969399452209473,0.5184924602508545,-0.6512911915779114,2.070352792739868,-0.3824310302734375,0.3824310302734375,279.45654296875,271.9448547363281,286.51177978515625
0654,1,1,1228,0.7415458937198067,0.37714987714987713,1656,14,21,21,6174,0.26822157434402333,0.33733790999237223,0.65144612084505,0.5737691815856777,0.3263157894736842,0.6231343283582089,0.5882352941176471,0.885093629360199,1.0,0.999998927116394,0.9999998807907104,0.24119721353054047,1465.715087890625,0.1640368402004242,0.3090735673904419,-0.3524300754070282,1.0108603239059448,-0.34924939274787903,0.34924939274787903,253.58322143554688,244.1372528076172,264.07196044921875
0654,2,1,801,0.7088495575221239,0.26762445706648846,1130,16,21,13,4368,0.2586996336996337,0.3591647259742276,0.6778133667943469,0.5021538261322228,0.3473684210526316,0.664179104477612,0.5,0.8144404888153076,1.0,0.999996542930603,0.9999998807907104,0.28993460536003113,920.3177490234375,0.19963234663009644,0.2640189230442047,-0.3577565848827362,0.8683813810348511,-0.2878255546092987,0.2878255546092987,249.71051025390625,237.62576293945312,258.0561828613281
0654,3,0,0,0.0,0.0,14,3,4,3,36,0.3888888888888889,0.38646616541353385,0.7062899786780383,0.4992121848739495,0.38596491228070173,0.7089552238805971,0.5,0.190450981259346,0.30999213457107544,0.24513407051563263,0.27946150302886963,0.06939118355512619,2.666313648223877,0.1758470982313156,0.1531800478696823,-0.1477331519126892,0.34930968284606934,-0.20689363777637482,0.20689363777637482,258.11016845703125,256.6904602050781,259.4185791015625
0654,4,1,715,0.7574152542372882,0.24655172413793103,944,19,14,31,8246,0.11447974775648799,0.45297725245316683,0.5822950923349355,0.646587581006979,0.43157894736842106,0.5932835820895522,0.6875,0.8357270956039429,1.0,0.9999988079071045,1.0,0.27365803718566895,788.9263916015625,0.7688195109367371,0.3581867516040802,-0.1945265680551529,1.482338309288025,-0.3525703549385071,0.3525703549385071,268.8233947753906,255.79092407226562,280.9377136230469
0654,5,1,146,0.8588235294117647,0.058097890966971745,170,6,10,7,420,0.40476190476190477,0.4398761609907121,0.3270412642669008,0.5986375432525952,0.43859649122807015,0.3208955223880597,0.5992647058823529,0.8631267547607422,1.0,0.9999991059303284,1.0,0.25487905740737915,146.73155212402344,0.8401167988777161,0.21985121071338654,0.20961232483386993,1.2869294881820679,-0.4072754979133606,0.4072754979133606,223.9897003173828,220.89364624023438,227.002197265625
0654,6,0,0,0.0,0.0,1,1,1,1,1,1.0,0.43508771929824563,0.5932835820895522,0.7058823529411765,0.43508771929824563,0.5932835820895522,0.7058823529411765,0.2078387588262558,0.2078387588262558,0.2078387588262558,0.2078387588262558,0.0,0.2078387588262558,0.6734282970428467,0.0,0.6734282970428467,0.6734282970428467,-0.12783056497573853,0.12783056497573853,278.87274169921875,278.87274169921875,278.87274169921875
0654,7,0,0,0.0,0.0,2,1,1,2,2,1.0,0.45263157894736844,0.6119402985074627,0.6746323529411765,0.45263157894736844,0.6119402985074627,0.6764705882352942,0.13803647458553314,0.17128382623195648,0.1546601504087448,0.1646343469619751,0.03324735164642334,0.2760729491710663,0.8167997598648071,0.029712140560150146,0.787087619304657,0.8465119004249573,-0.13780277967453003,0.13780277967453003,278.3314208984375,278.0018005371094,278.66107177734375
0654,8,1,8,1.0,0.003289473684210526,8,3,2,2,12,0.6666666666666666,0.4675438596491228,0.4085820895522388,0.5859375,0.4666666666666667,0.40671641791044777,0.5845588235294118,0.2686861753463745,0.5111492872238159,0.3559021055698395,0.4682556688785553,0.13793668150901794,2.149489402770996,0.949613094329834,0.10825259238481522,0.80242520570755,1.1252363920211792,-0.3245614767074585,0.3245614767074585,235.40219116210938,234.20289611816406,236.4846649169922
0654,9,1,816,0.5964912280701754,0.2622107969151671,1368,19,21,16,6384,0.21428571428571427,0.652177593105571,0.5780827223531465,0.43597888716890265,0.6350877192982456,0.5932835820895522,0.4227941176470588,0.7760964632034302,1.0,0.9999535083770752,0.9999961256980896,0.3137020170688629,1061.699951171875,0.19093111157417297,0.17644232511520386,-0.43316349387168884,0.5438907146453857,-0.1893119215965271,0.1893119215965271,270.2300109863281,262.0324401855469,277.166015625
0654,10,1,578,0.7261306532663316,0.20452937013446568,796,15,13,17,3315,0.24012066365007542,0.6808031384995151,0.5477949448736218,0.6438996452852498,0.6807017543859649,0.5485074626865671,0.6286764705882353,0.7589120268821716,1.0,0.9999765157699585,0.9999991655349731,0.32568782567977905,604.093994140625,0.2767327129840851,0.30060040950775146,-0.3622239828109741,0.854285478591919,-0.22812548279762268,0.22812548279762268,300.48736572265625,295.0271301269531,305.87744140625
0654,11,0,0,0.0,0.0,7,2,4,3,24,0.2916666666666667,0.6741854636591479,0.6199360341151385,0.46008403361344535,0.6736842105263158,0.6231343283582089,0.45955882352941174,0.1767636388540268,0.30109310150146484,0.20697429776191711,0.24583983421325684,0.0626058578491211,1.2373454570770264,-0.13848063349723816,0.1505061686038971,-0.3139794170856476,0.09296587109565735,-0.3177044689655304,0.3177044689655304,283.8482971191406,283.0176696777344,284.777099609375
0654,12,0,0,0.0,0.0,2,1,1,2,2,1.0,0.6947368421052632,0.5410447761194029,0.43566176470588236,0.6947368421052632,0.5410447761194029,0.4375,0.14029136300086975,0.15119768679141998,0.14574451744556427,0.14901642501354218,0.010906331241130829,0.2805827260017395,-0.06019530072808266,0.031458135694265366,-0.09165343642234802,-0.028737163171172142,-0.19835776463150978,0.19835776463150978,273.2552795410156,273.0384521484375,273.47210693359375
0654,13,0,0,0.0,0.0,1,1,1,1,1,1.0,0.7157894736842105,0.4664179104477612,0.45588235294117646,0.7157894736842105,0.4664179104477612,0.45588235294117646,0.10977684706449509,0.10977684706449509,0.10977684706449509,0.10977684706449509,0.0,0.10977684706449509,-0.09792950749397278,0.0,-0.09792950749397278,-0.09792950749397278,-0.277225524187088,0.277225524187088,270.2332458496094,270.2332458496094,270.2332458496094
0656,1,0,0,0.0,0.0,5,2,2,2,8,0.625,0.4454901960784314,0.6690196078431372,0.6674509803921568,0.44313725490196076,0.6666666666666666,0.6666666666666666,0.15989376604557037,0.22240100800991058,0.20016902685165405,0.2135082185268402,0.04712611809372902,0.7994688153266907,1.6126785278320312,0.12032435834407806,1.460898518562317,1.7510662078857422,-0.3878300189971924,0.3878300189971924,266.8442687988281,266.0751647949219,267.7816162109375
0656,2,0,0,0.0,0.0,4,2,2,2,8,0.5,0.4598039215686274,0.6009803921568627,0.7627450980392156,0.4588235294117647,0.6039215686274509,0.7607843137254902,0.12532739341259003,0.1541934460401535,0.13253742456436157,0.14553102850914001,0.018131520599126816,0.5013095736503601,1.3771963119506836,0.1002875491976738,1.271173357963562,1.5166999101638794,-0.292313814163208,0.292313814163208,274.4072570800781,273.8046875,274.9454345703125
0660,1,0,0,0.0,0.0,52,6,6,4,144,0.3611111111111111,0.44336349924585217,0.3681749622926094,0.5200603318250377,0.4470588235294118,0.3686274509803922,0.5176470588235295,0.2685779929161072,0.569416880607605,0.3297749161720276,0.4585568308830261,0.11948563158512115,13.966054916381836,0.6019425988197327,0.4463789165019989,-0.15258873999118805,1.3799307346343994,-0.522555410861969,0.522555410861969,198.525634765625,195.57351684570312,201.5638885498047
0661,1,1,307,0.5472370766488414,0.6497354497354497,561,13,19,17,4199,0.13360323886639677,0.5689267565913747,0.6509049773755656,0.49289013125911524,0.5597014925373134,0.6384615384615384,0.48863636363636365,0.7342991828918457,1.0,0.999516487121582,0.9999921321868896,0.3174765110015869,411.94183349609375,1.1494752168655396,0.25929126143455505,-0.04876856133341789,1.7621456384658813,-0.2301921844482422,0.2301921844482422,262.9469299316406,252.343017578125,270.71942138671875
0662,1,1,276,0.6494117647058824,0.6857142857142857,425,14,18,27,6804,0.06246325690770135,0.5907692307692307,0.5780770791075052,0.6149314462627156,0.5752508361204013,0.5586206896551724,0.5789473684210527,0.7944145202636719,1.0,0.9999910593032837,0.9999997615814209,0.30728885531425476,337.62615966796875,1.1076704263687134,0.4045213460922241,0.16482345759868622,1.9363685846328735,-0.2654036283493042,0.2654036283493042,293.988525390625,279.7606201171875,308.9385070800781
0663,1,1,37745,0.792762328824666,0.6589790146303991,47612,31,134,90,373860,0.127352484887391,0.4242636145443643,0.4746617675886619,0.6839857475376944,0.396078431372549,0.4980392156862745,0.6980392156862745,0.8630551099777222,0.9999925494194031,0.9997533559799194,0.9998968243598938,0.2566481828689575,41091.78125,0.03088882938027382,0.3433426320552826,-0.9757248759269714,1.2648429870605469,-0.21808570250868797,0.21808570250868797,240.42718505859375,171.23667907714844,285.22271728515625
0663,2,0,0,0.0,0.0,15,3,5,4,60,0.25,0.39320261437908494,0.2833986928104575,0.530718954248366,0.39215686274509803,0.28627450980392155,0.5294117647058824,0.1300278604030609,0.17832350730895996,0.14796753227710724,0.1629391312599182,0.023506613448262215,1.9504178762435913,0.1458580642938614,0.058604590594768524,-0.023831741884350777,0.2221691906452179,-0.03927990794181824,0.03927990794181824,183.8322296142578,182.59518432617188,185.35641479492188
0663,3,0,0,0.0,0.0,4,1,3,2,6,0.6666666666666666,0.4470588235294118,0.38823529411764707,0.7666666666666667,0.4470588235294118,0.38823529411764707,0.7686274509803922,0.1352071464061737,0.1711135059595108,0.14241042733192444,0.15963226556777954,0.02307027392089367,0.5408285856246948,0.08311332017183304,0.10496975481510162,-0.07727707922458649,0.18472471833229065,-0.1534198448061943,0.1534198448061943,247.4811553955078,247.0850067138672,247.87496948242188
0663,4,0,0,0.0,0.0,2,2,1,1,2,1.0,0.46078431372549017,0.403921568627451,0.7725490196078432,0.4588235294117647,0.403921568627451,0.7725490196078432,0.11419299244880676,0.1272052377462387,0.12069911509752274,0.1246027871966362,0.013012241572141647,0.22838598489761353,-0.0532756969332695,0.03477752208709717,-0.08805321902036667,-0.018498174846172333,-0.25714293867349625,0.25714293867349625,251.91357421875,251.67835998535156,252.14877319335938
0663,5,0,0,0.0,0.0,3,1,3,1,3,1.0,0.4588235294117647,0.6823529411764706,0.7411764705882353,0.4588235294117647,0.6823529411764706,0.7411764705882353,0.14414365589618683,0.1893671602010727,0.1649698168039322,0.17960822582244873,0.03555668890476227,0.4324309825897217,-0.5247231125831604,0.09627237915992737,-0.6548351645469666,-0.4249439537525177,-0.09192162752151489,0.09192162752151489,282.7037658691406,282.0886535644531,283.3196105957031
0663,6,1,5354,0.762135231316726,0.14476334680744637,7025,23,50,32,36800,0.19089673913043478,0.5471847044867769,0.6043581048077594,0.6418036424534227,0.5568627450980392,0.6627450980392157,0.611764705882353,0.8214886784553528,0.9999712705612183,0.9986425638198853,0.9995536804199219,0.27891677618026733,5770.9580078125,0.17434781789779663,0.1981002539396286,-0.5265008807182312,0.703394889831543,-0.1814725697040558,0.1814725697040558,265.4741516113281,254.60951232910156,276.68756103515625
0663,7,1,16,0.5714285714285714,0.0004778116227677238,28,4,4,4,64,0.4375,0.5068627450980392,0.35798319327731093,0.6190476190476191,0.5058823529411764,0.3568627450980392,0.615686274509804,0.38153281807899475,0.8275073766708374,0.5254156589508057,0.6495504975318909,0.1913808435201645,10.682918548583984,0.2179434448480606,0.11565201729536057,-0.029165470972657204,0.47883740067481995,-0.13227005302906036,0.13227005302906036,224.09547424316406,222.52415466308594,225.6235809326172
0663,8,1,15878,0.7553039672723814,0.3610031148398245,21022,49,80,66,258720,0.08125386518243662,0.6238092306659131,0.34801468489593534,0.5734860398350188,0.611764705882353,0.3411764705882353,0.6313725490196078,0.818131685256958,0.9999630451202393,0.9992172122001648,0.9997387528419495,0.2808651328086853,17198.763671875,0.22652558982372284,0.2674912214279175,-0.94361412525177,0.8638397455215454,-0.17642350494861603,0.17642350494861603,235.67132568359375,195.61952209472656,258.6967468261719
0663,9,1,2,1.0,5.97496489708123e-05,2,1,2,1,2,1.0,0.5490196078431373,0.6411764705882353,0.6588235294117647,0.5490196078431373,0.6431372549019608,0.6588235294117647,0.12291225790977478,0.1297164112329483,0.12631434202194214,0.12835557758808136,0.0068041495978832245,0.24582451581954956,0.3157256841659546,0.01333416998386383,0.30239152908325195,0.3290598690509796,-0.08437082171440125,0.08437082171440125,273.56427001953125,273.26544189453125,273.86309814453125
0663,10,0,0,0.0,0.0,29,4,7,3,84,0.34523809523809523,0.5626774847870183,0.5276538201487492,0.7068289384719405,0.5647058823529412,0.5254901960784314,0.7058823529411765,0.16488423943519592,0.236439511179924,0.19816234707832336,0.20649798214435577,0.03577837720513344,4.781642913818359,0.2820703983306885,0.11549592018127441,0.013612565584480762,0.4735036790370941,-0.15300250053405762,0.15300250053405762,267.337646484375,265.4995422363281,268.8531188964844
0663,11,0,0,0.0,0.0,2,2,1,1,2,1.0,0.5627450980392157,0.5058823529411764,0.7058823529411765,0.5607843137254902,0.5058823529411764,0.7058823529411765,0.14028069376945496,0.14322786033153534,0.14175426959991455,0.1426384299993515,0.0029471740126609802,0.2805613875389099,0.1980588734149933,0.07755564898252487,0.12050323188304901,0.27561452984809875,-0.23826953768730164,0.23826953768730164,264.42657470703125,264.1533508300781,264.6998291015625
0663,12,0,0,0.0,0.0,12,2,3,2,12,1.0,0.5745098039215686,0.49411764705882355,0.696078431372549,0.5764705882352941,0.49411764705882355,0.6980392156862745,0.1538739651441574,0.17633947730064392,0.1664080023765564,0.17516563832759857,0.018462596461176872,1.8464875221252441,0.2907627820968628,0.10847926139831543,0.11516966670751572,0.4681701064109802,-0.15259894728660583,0.15259894728660583,262.9435729980469,261.8453674316406,264.0397644042969
0663,13,1,3,0.42857142857142855,8.961778016758524e-05,7,2,2,3,12,0.5833333333333334,0.5747899159663866,0.5109243697478991,0.6890756302521008,0.5764705882352941,0.5098039215686274,0.6862745098039216,0.13206368684768677,0.1575038880109787,0.14604009687900543,0.15713819861412048,0.01775926910340786,0.9244458079338074,0.32450366020202637,0.07284848392009735,0.19539201259613037,0.4039486348628998,-0.1276514232158661,0.1276514232158661,263.87091064453125,262.9334411621094,264.652587890625
0663,14,1,717,0.6384683882457702,0.021067477632332847,1123,17,15,15,3825,0.2935947712418301,0.6814729453669268,0.46540254570216333,0.6234386185462609,0.6941176470588235,0.4588235294117647,0.615686274509804,0.7729063630104065,0.9999829530715942,0.9991413354873657,0.9997336268424988,0.30630066990852356,867.973876953125,0.0466916449368,0.30738821625709534,-0.9168367981910706,0.5965042114257812,-0.17705118283629417,0.17705118283629417,264.4357604980469,257.26251220703125,272.6040954589844
0663,15,0,0,0.0,0.0,1,1,1,1,1,1.0,0.6549019607843137,0.41568627450980394,0.6509803921568628,0.6549019607843137,0.41568627450980394,0.6509803921568628,0.1327231228351593,0.1327231228351593,0.1327231228351593,0.1327231228351593,0.0,0.1327231228351593,0.2596134841442108,0.0,0.2596134841442108,0.2596134841442108,-0.21987241506576538,0.21987241506576538,258.8744812011719,258.8744812011719,258.8744812011719
0663,16,0,0,0.0,0.0,12,3,3,4,36,0.3333333333333333,0.6640522875816994,0.42320261437908496,0.6483660130718955,0.6666666666666666,0.4235294117647059,0.6470588235294118,0.23851199448108673,0.37105709314346313,0.29901668429374695,0.3359043598175049,0.08037356287240982,2.8621439933776855,0.30013296008110046,0.06272339820861816,0.2060593068599701,0.39328134059906006,-0.19199946522712708,0.19199946522712708,260.7604064941406,259.9346008300781,261.6505432128906
0663,17,0,0,0.0,0.0,17,4,3,5,60,0.2833333333333333,0.7003460207612457,0.4023068050749712,0.5024221453287198,0.7019607843137254,0.4,0.5058823529411764,0.18760012090206146,0.3433612287044525,0.21267010271549225,0.3309026062488556,0.07615413516759872,3.189202070236206,-0.0027533271349966526,0.07723009586334229,-0.19494405388832092,0.12583696842193604,-0.19837988400831819,0.19837988400831819,243.29238891601562,240.75714111328125,245.92071533203125
0663,18,0,0,0.0,0.0,1,1,1,1,1,1.0,0.7058823529411765,0.4745098039215686,0.6431372549019608,0.7058823529411765,0.4745098039215686,0.6431372549019608,0.14407697319984436,0.14407697319984436,0.14407697319984436,0.14407697319984436,0.0,0.14407697319984436,-0.5425017476081848,0.0,-0.5425017476081848,-0.5425017476081848,-0.32393284142017365,0.32393284142017365,272.57659912109375,272.57659912109375,272.57659912109375
0664,1,0,0,0.0,0.0,25,5,3,4,60,0.4166666666666667,0.40427480916030534,0.5761256544502618,0.6126792452830189,0.4083969465648855,0.5759162303664922,0.6113207547169811,0.20951761305332184,0.3561694920063019,0.261518269777298,0.3192789554595947,0.07352159917354584,5.237940311431885,0.4930770993232727,0.14313596487045288,0.15024515986442566,0.6692137718200684,-0.3504144549369812,0.3504144549369812,223.3916473388672,221.9256591796875,224.61744689941406
0664,2,0,0,0.0,0.0,7,2,2,2,8,0.875,0.47110141766630315,0.3851907255048616,0.507277628032345,0.46946564885496184,0.38219895287958117,0.5056603773584906,0.27068498730659485,0.3894628882408142,0.337241530418396,0.3755965232849121,0.0773463249206543,1.8947948217391968,0.4537281095981598,0.14426878094673157,0.19627200067043304,0.6869178414344788,-0.22204098105430603,0.22204098105430603,197.3999786376953,196.62400817871094,198.30784606933594
0665,1,1,117,0.42700729927007297,0.5330296127562643,274,11,11,9,1089,0.2516069788797062,0.4975989243180945,0.40425410583941607,0.49392645641096267,0.5037593984962406,0.3984375,0.49056603773584906,0.6052228212356567,0.9999958872795105,0.9917784333229065,0.9998460412025452,0.33158040046691895,165.8310546875,0.9180833697319031,0.1784803569316864,0.2347835898399353,1.2567188739776611,0.04419964551925659,0.04419964551925659,213.62640380859375,208.39625549316406,219.47665405273438
0665,2,1,10,0.35714285714285715,0.10362694300518134,28,4,4,3,48,0.5833333333333334,0.4946294307196563,0.45438058035714285,0.5247978436657682,0.4924812030075188,0.45703125,0.5245283018867924,0.41748669743537903,0.9115756750106812,0.5006982088088989,0.8451575040817261,0.22615954279899597,11.689627647399902,0.7033972144126892,0.3254067003726959,-0.2715838849544525,1.0666465759277344,0.10840749740600586,0.10840749740600586,224.60670471191406,222.9192657470703,226.3735809326172
0665,3,0,0,0.0,0.0,1,1,1,1,1,1.0,0.518796992481203,0.39453125,0.5018867924528302,0.518796992481203,0.39453125,0.5018867924528302,0.11551780998706818,0.11551780998706818,0.11551780998706818,0.11551780998706818,0.0,0.11551780998706818,1.0657081604003906,0.0,1.0657081604003906,1.0657081604003906,-0.07699906826019287,0.07699906826019287,217.2809295654297,217.2809295654297,217.2809295654297
0669,1,0,0,0.0,0.0,4,2,2,2,8,0.5,0.5950980392156863,0.7549019607843137,0.49901960784313726,0.596078431372549,0.7568627450980392,0.4980392156862745,0.11154935508966446,0.12499895691871643,0.1172451302409172,0.12189742177724838,0.00927771907299757,0.44619742035865784,0.3164319396018982,0.12836886942386627,0.18782666325569153,0.5073912739753723,-0.3315557837486267,0.3315557837486267,276.7337646484375,275.8568420410156,277.56439208984375
0671,1,0,0,0.0,0.0,15,4,2,3,24,0.625,0.38745098039215686,0.6023529411764705,0.42457516339869283,0.38823529411764707,0.6,0.4235294117647059,0.17558155953884125,0.27090129256248474,0.21424299478530884,0.2538606822490692,0.05485083535313606,2.633723497390747,0.01406311895698309,0.15348972380161285,-0.24592091143131256,0.2054164856672287,-0.226285339333117,0.226285339333117,119.31269073486328,117.78369903564453,121.03718566894531
0681,1,0,0,0.0,0.0,3,2,1,2,4,0.75,0.3032679738562091,0.41568627450980394,0.5555555555555555,0.30196078431372547,0.41568627450980394,0.5529411764705883,0.13828401267528534,0.1732599288225174,0.1474030315876007,0.16291716694831848,0.024739285930991173,0.4148520529270172,1.721373438835144,0.11530707031488419,1.559889316558838,1.8217555284500122,-0.37028276920318604,0.37028276920318604,193.498779296875,192.8756103515625,194.0128936767578
0681,2,0,0,0.0,0.0,2,2,1,1,2,1.0,0.307843137254902,0.41568627450980394,0.5450980392156862,0.3058823529411765,0.41568627450980394,0.5450980392156862,0.10500751435756683,0.10750152915716171,0.10625451803207397,0.10700272768735886,0.0024940185248851776,0.21001502871513367,1.8872220516204834,0.026186585426330566,1.8610354661941528,1.913408637046814,-0.22076797485351562,0.22076797485351562,192.0350341796875,191.8280487060547,192.24203491210938
0681,3,0,0,0.0,0.0,1,1,1,1,1,1.0,0.3333333333333333,0.27058823529411763,0.4745098039215686,0.3333333333333333,0.27058823529411763,0.4745098039215686,0.13253262639045715,0.13253262639045715,0.13253262639045715,0.13253262639045715,0.0,0.13253262639045715,0.9314104914665222,0.0,0.9314104914665222,0.9314104914665222,-0.7528652548789978,0.7528652548789978,163.70094299316406,163.70094299316406,163.70094299316406
0681,4,0,0,0.0,0.0,65,6,7,8,336,0.19345238095238096,0.34371040723981905,0.2726998491704374,0.4838612368024133,0.3411764705882353,0.26666666666666666,0.4823529411764706,0.22916345298290253,0.5684734582901001,0.2880115509033203,0.42950737476348877,0.12251868844032288,14.895624160766602,1.6344205141067505,0.24172264337539673,0.3422114849090576,2.018155097961426,-0.2789881229400635,0.2789881229400635,167.0954132080078,163.7375946044922,169.6054229736328
0681,5,1,3165,0.7620996869732723,0.08703184293020953,4153,16,54,20,17280,0.24033564814814815,0.44067742194397624,0.5604066042501759,0.5942748686279231,0.4196078431372549,0.6039215686274509,0.5764705882352941,0.7817947864532471,0.9998724460601807,0.9967892169952393,0.9991058707237244,0.29300209879875183,3246.793701171875,1.8093116283416748,0.4228106439113617,0.19818510115146637,2.725193738937378,-0.17657506465911865,0.17657506465911865,237.45721435546875,213.1361083984375,251.22500610351562
0681,6,0,0,0.0,0.0,3,1,2,2,4,0.75,0.5019607843137255,0.6300653594771242,0.5516339869281045,0.5019607843137255,0.6313725490196078,0.5490196078431373,0.12357940524816513,0.15801216661930084,0.1333332657814026,0.14814060926437378,0.024419419467449188,0.3707382082939148,1.6078981161117554,0.25687217712402344,1.284929871559143,1.913408637046814,-0.20373976230621338,0.20373976230621338,249.4839630126953,249.24285888671875,249.88597106933594
0681,7,1,62279,0.8212001740529279,0.8624825160298578,75839,43,94,57,230394,0.32917089854770526,0.5887773092068879,0.5971576526020422,0.6156279983215216,0.6078431372549019,0.5294117647058824,0.592156862745098,0.8719708919525146,0.9999968409538269,0.9998638033866882,0.9999416470527649,0.2543037235736847,66129.3984375,1.100539207458496,0.6783764362335205,-0.23389410972595215,3.40604567527771,-0.41298651695251465,0.41298651695251465,266.8714599609375,234.93190002441406,290.98797607421875
0681,8,0,0,0.0,0.0,1,1,1,1,1,1.0,0.6274509803921569,0.7215686274509804,0.5843137254901961,0.6274509803921569,0.7215686274509804,0.5843137254901961,0.15204772353172302,0.15204772353172302,0.15204772353172302,0.15204772353172302,0.0,0.15204772353172302,1.5206093788146973,0.0,1.5206093788146973,1.5206093788146973,0.03382444381713867,0.03382444381713867,286.3179931640625,286.3179931640625,286.3179931640625
0681,9,0,0,0.0,0.0,1,1,1,1,1,1.0,0.6313725490196078,0.7215686274509804,0.5882352941176471,0.6313725490196078,0.7215686274509804,0.5882352941176471,0.10364055633544922,0.10364055633544922,0.10364055633544922,0.10364055633544922,0.0,0.10364055633544922,1.0099703073501587,0.0,1.0099703073501587,1.0099703073501587,-0.2585928440093994,0.2585928440093994,287.40216064453125,287.40216064453125,287.40216064453125
0681,10,0,0,0.0,0.0,1,1,1,1,1,1.0,0.6431372549019608,0.7098039215686275,0.5882352941176471,0.6431372549019608,0.7098039215686275,0.5882352941176471,0.10018377751111984,0.10018377751111984,0.10018377751111984,0.10018377751111984,0.0,0.10018377751111984,1.7170090675354004,0.0,1.7170090675354004,1.7170090675354004,0.2776871919631958,0.2776871919631958,287.2037658691406,287.2037658691406,287.2037658691406
0685,1,1,495,0.703125,0.03462264810799468,704,11,16,15,2640,0.26666666666666666,0.2752673796791444,0.4403631907308378,0.47811942959001785,0.27450980392156865,0.45098039215686275,0.49411764705882355,0.7010558843612671,0.9999905824661255,0.9978497624397278,0.9999053478240967,0.31067147850990295,493.5433349609375,0.8510342240333557,0.4869893193244934,-0.22231855988502502,1.7185386419296265,-0.2882397770881653,0.2882397770881653,180.4302215576172,172.69915771484375,189.3805694580078
0685,2,1,313,0.6879120879120879,0.02208502381372376,455,9,13,12,1404,0.32407407407407407,0.280103425985779,0.29651368239603537,0.5721266968325792,0.2823529411764706,0.29411764705882354,0.5725490196078431,0.7204965949058533,0.9999718070030212,0.9982218742370605,0.9997992515563965,0.31268978118896484,327.8259582519531,0.8919752240180969,0.48633676767349243,-0.24819666147232056,1.8091119527816772,-0.35072749853134155,0.35072749853134155,179.60028076171875,173.9137725830078,185.76597595214844
0685,3,1,24696,0.8627423580786027,0.8739626647792621,28625,42,48,41,82656,0.3463148470770422,0.3411760595941434,0.4252283243428376,0.6453788166795102,0.3333333333333333,0.403921568627451,0.615686274509804,0.909325897693634,0.9999998211860657,0.9999951124191284,0.9999978542327881,0.2183685600757599,26029.453125,1.019775390625,0.6836677193641663,-0.5457947850227356,2.6630890369415283,-0.33177435398101807,0.33177435398101807,216.22535705566406,192.08592224121094,238.60845947265625
0685,4,1,1040,0.683311432325887,0.07071943424452605,1522,22,17,20,7480,0.203475935828877,0.35138749323645363,0.5573729097420834,0.5013089072685579,0.33725490196078434,0.5607843137254902,0.5019607843137255,0.7727132439613342,0.9999935626983643,0.9997835755348206,0.9999595284461975,0.3136717677116394,1176.069580078125,0.7843342423439026,0.4669860899448395,-0.22231855988502502,1.796172857284546,-0.3594215512275696,0.3594215512275696,211.69158935546875,205.12191772460938,217.92430114746094
0685,5,0,0,0.0,0.0,1,1,1,1,1,1.0,0.3215686274509804,0.3411764705882353,0.6352941176470588,0.3215686274509804,0.3411764705882353,0.6352941176470588,0.12478460371494293,0.12478460371494293,0.12478460371494293,0.12478460371494293,0.0,0.12478460371494293,1.5244529247283936,0.0,1.5244529247283936,1.5244529247283936,-0.20001590251922607,0.20001590251922607,201.7473602294922,201.7473602294922,201.7473602294922
0685,6,0,0,0.0,0.0,21,4,3,3,36,0.5833333333333334,0.6216619981325864,0.5803921568627451,0.553874883286648,0.6196078431372549,0.5803921568627451,0.5529411764705883,0.3807368278503418,0.780514657497406,0.5515730381011963,0.7016231417655945,0.23264366388320923,7.995473384857178,1.3285187482833862,0.5765024423599243,-0.1576233208179474,1.9385024309158325,-0.7527338266372681,0.7527338266372681,259.42523193359375,257.7867431640625,260.7738342285156
0686,1,1,545,0.7708628005657708,0.6846733668341709,707,8,26,22,4576,0.15450174825174826,0.4328352835283528,0.6662212873896773,0.5179533948982323,0.43272727272727274,0.6642066420664207,0.5405405405405406,0.8621402978897095,1.0,0.999993085861206,0.9999995231628418,0.2603413760662079,609.533203125,0.4261419475078583,0.5736075639724731,-0.9190018773078918,1.3624578714370728,-0.7831389009952545,0.7831389009952545,255.02438354492188,244.64259338378906,262.0190734863281
0686,2,1,3,1.0,0.006756756756756757,3,2,2,1,4,0.75,0.42303030303030303,0.6924969249692496,0.4517374517374517,0.4218181818181818,0.6900369003690037,0.4517374517374517,0.17414669692516327,0.2016368806362152,0.19993242621421814,0.2009551078081131,0.036493077874183655,0.5224400758743286,1.188311219215393,0.028824400156736374,1.1554235219955444,1.2256133556365967,-0.35508430004119873,0.35508430004119873,250.34991455078125,249.69381713867188,250.91233825683594
0686,3,1,17,0.6296296296296297,0.03728070175438596,27,3,5,5,75,0.36,0.4284175084175084,0.6739100724340576,0.46846846846846846,0.4290909090909091,0.6752767527675276,0.47104247104247104,0.42621174454689026,0.989874541759491,0.537604033946991,0.7313917279243469,0.23806223273277283,11.50771713256836,1.2216852903366089,0.09612990915775299,1.0549626350402832,1.4131048917770386,-0.26601219177246094,0.26601219177246094,249.38658142089844,247.15379333496094,251.52732849121094
0686,4,1,2,0.6666666666666666,0.0045045045045045045,3,1,3,1,3,1.0,0.43636363636363634,0.7121771217712177,0.47876447876447875,0.43636363636363634,0.7121771217712177,0.47876447876447875,0.1670583039522171,0.27303680777549744,0.19407182931900024,0.24145081639289856,0.07494289427995682,0.5011749267578125,1.2162033319473267,0.1390914022922516,1.0263795852661133,1.3557788133621216,-0.3103914260864258,0.3103914260864258,259.3574523925781,258.6136169433594,260.1018981933594
0686,5,1,193,0.6892857142857143,0.3313304721030043,280,12,12,8,1152,0.24305555555555555,0.46146753246753247,0.3973642593568793,0.5084666298952013,0.45454545454545453,0.3874538745387454,0.5096525096525096,0.7424769401550293,1.0,0.9996888637542725,0.9999940395355225,0.32137221097946167,207.89353942871094,0.5506787896156311,0.5803647637367249,-0.9396296739578247,1.4310812950134277,-0.2224808931350708,0.2224808931350708,212.85769653320312,207.12074279785156,217.70162963867188
0687,1,0,0,0.0,0.0,46,8,9,5,360,0.12777777777777777,0.2986359761295823,0.5639386189258312,0.23776641091219097,0.3058823529411765,0.5803921568627451,0.23137254901960785,0.15069440007209778,0.27782613039016724,0.18095095455646515,0.2018825113773346,0.03880927711725235,6.931942462921143,0.18523681163787842,0.21519945561885834,-0.2949363589286804,0.5477011799812317,-0.2332461178302765,0.2332461178302765,174.11573791503906,171.47886657714844,178.28347778320312
0687,2,0,0,0.0,0.0,14,4,3,2,24,0.5833333333333334,0.28711484593837533,0.5932773109243697,0.22941176470588234,0.28627450980392155,0.592156862745098,0.23137254901960785,0.1902511864900589,0.30737966299057007,0.23287823796272278,0.2651563882827759,0.05665137991309166,2.6635165214538574,0.11292564123868942,0.251435786485672,-0.187152698636055,0.6629016995429993,-0.21657130867242813,0.21657130867242813,178.3767852783203,177.03106689453125,179.56614685058594
0687,3,0,0,0.0,0.0,3,2,2,1,4,0.75,0.2915032679738562,0.46143790849673205,0.2980392156862745,0.29411764705882354,0.4627450980392157,0.2980392156862745,0.11612186580896378,0.13738159835338593,0.12269966304302216,0.13150882720947266,0.015173690393567085,0.3483656048774719,1.860298752784729,0.1040380597114563,1.7797504663467407,2.007202386856079,-0.7071822881698608,0.7071822881698608,159.04953002929688,158.3982391357422,159.61203002929688
0687,4,0,0,0.0,0.0,191,12,13,7,1092,0.1749084249084249,0.3352633199876809,0.5879478492967868,0.23660815111384867,0.33725490196078434,0.596078431372549,0.23529411764705882,0.20257779955863953,0.43942105770111084,0.24375924468040466,0.3111843466758728,0.074393130838871,38.692359924316406,0.48110097646713257,0.2930641770362854,-0.1391519457101822,1.2536137104034424,-0.2914290428161621,0.2914290428161621,183.328369140625,175.19418334960938,188.0664825439453
0687,5,0,0,0.0,0.0,35,5,4,4,80,0.4375,0.33871148459383754,0.5550700280112045,0.23327731092436976,0.33725490196078434,0.5568627450980392,0.23137254901960785,0.223949134349823,0.44994497299194336,0.2982258200645447,0.37441980838775635,0.1020970493555069,7.83821964263916,0.5237285494804382,0.18964621424674988,0.25685641169548035,0.987302839756012,-0.2590879201889038,0.2590879201889038,176.658447265625,174.086181640625,178.6448974609375
0687,6,0,0,0.0,0.0,290,11,14,8,1232,0.2353896103896104,0.3617444219066937,0.6498444895199459,0.4500878972278567,0.34901960784313724,0.6313725490196078,0.4588235294117647,0.744067370891571,1.0,0.9989281892776489,0.9999375939369202,0.31723740696907043,215.779541015625,2.3145086765289307,0.6058992743492126,0.3056984543800354,3.192791700363159,-0.6357095241546631,0.6357095241546631,222.13536071777344,216.8709259033203,227.257568359375
0687,7,0,0,0.0,0.0,1,1,1,1,1,1.0,0.3411764705882353,0.6470588235294118,0.45098039215686275,0.3411764705882353,0.6470588235294118,0.45098039215686275,0.15018291771411896,0.15018291771411896,0.15018291771411896,0.15018291771411896,0.0,0.15018291771411896,1.7626457214355469,0.0,1.7626457214355469,1.7626457214355469,-0.33594536781311035,0.33594536781311035,219.5313262939453,219.5313262939453,219.5313262939453
0687,8,0,0,0.0,0.0,116,9,7,8,504,0.23015873015873015,0.4657876943881001,0.6025354969574037,0.5975659229208925,0.47843137254901963,0.6,0.6078431372549019,0.5977086424827576,0.9910722970962524,0.8536691665649414,0.934656023979187,0.27693971991539,69.3342056274414,1.5083308219909668,0.3589876890182495,0.5314669013023376,2.124255418777466,-0.5395815372467041,0.5395815372467041,247.34706115722656,244.01638793945312,250.73890686035156
0687,9,0,0,0.0,0.0,2,1,2,1,2,1.0,0.45098039215686275,0.6490196078431373,0.4588235294117647,0.45098039215686275,0.6470588235294118,0.4588235294117647,0.12844045460224152,0.1542149931192398,0.14132772386074066,0.14906008541584015,0.02577453851699829,0.25688090920448303,2.4833731651306152,0.08250510692596436,2.4008679389953613,2.56587815284729,-0.36960744857788086,0.36960744857788086,233.52810668945312,233.1737518310547,233.8824462890625
0687,10,0,0,0.0,0.0,26,5,3,3,45,0.5777777777777777,0.46410256410256406,0.5968325791855204,0.5447963800904978,0.4627450980392157,0.596078431372549,0.5411764705882353,0.5663342475891113,0.825221598148346,0.7404806613922119,0.7744531035423279,0.20679140090942383,14.724690437316895,2.0706307888031006,0.2990974187850952,1.4387859106063843,2.4649572372436523,-0.46816110610961914,0.46816110610961914,238.13204956054688,236.1546173095703,240.10414123535156
0687,11,0,0,0.0,0.0,11,4,4,1,16,0.6875,0.46737967914438505,0.5864527629233511,0.4823529411764706,0.4666666666666667,0.5843137254901961,0.4823529411764706,0.45334863662719727,0.8894641995429993,0.6428096294403076,0.777832567691803,0.253050833940506,4.98683500289917,2.507843017578125,0.2402317225933075,2.0923871994018555,2.8618905544281006,-0.6786375045776367,0.6786375045776367,227.8979034423828,226.2609100341797,229.28366088867188
0687,12,0,0,0.0,0.0,24,5,4,3,60,0.4,0.4826797385620915,0.5784313725490197,0.4977124183006536,0.4823529411764706,0.5803921568627451,0.4980392156862745,0.4427170753479004,0.7731755971908569,0.6389250755310059,0.714026927947998,0.21088580787181854,10.62520980834961,1.9338325262069702,0.31819799542427063,1.3542935848236084,2.523470401763916,-0.8578110933303833,0.8578110933303833,230.7849884033203,228.7378387451172,232.83041381835938
0687,13,0,0,0.0,0.0,2,2,1,1,2,1.0,0.49607843137254903,0.5098039215686274,0.44313725490196076,0.4980392156862745,0.5098039215686274,0.44313725490196076,0.12529021501541138,0.12751765549182892,0.12640392780303955,0.12707217037677765,0.0022274404764175415,0.25058043003082275,2.7296643257141113,0.09530460834503174,2.634359836578369,2.8249690532684326,-0.27061891555786133,0.27061891555786133,214.30215454101562,214.00466918945312,214.59962463378906
0687,14,0,0,0.0,0.0,1,1,1,1,1,1.0,0.5176470588235295,0.6745098039215687,0.4588235294117647,0.5176470588235295,0.6745098039215687,0.4588235294117647,0.18936307728290558,0.18936307728290558,0.18936307728290558,0.18936307728290558,0.0,0.18936307728290558,1.9739952087402344,0.0,1.9739952087402344,1.9739952087402344,-0.6463539600372314,0.6463539600372314,246.90484619140625,246.90484619140625,246.90484619140625
0687,15,0,0,0.0,0.0,326,12,21,17,4284,0.07609710550887021,0.5606880789125466,0.7120052929147119,0.4352700589438229,0.5568627450980392,0.7058823529411765,0.42745098039215684,0.7549798488616943,1.0,0.9999206066131592,0.9999991059303284,0.3063017427921295,246.12342834472656,2.3062407970428467,0.3338800370693207,1.3632687330245972,3.058687210083008,-0.3221139907836914,0.3221139907836914,256.9447937011719,247.9132843017578,272.0386047363281
0687,16,0,0,0.0,0.0,8,2,3,3,18,0.4444444444444444,0.5975490196078431,0.621078431372549,0.23137254901960785,0.6,0.6196078431372549,0.23137254901960785,0.11128133535385132,0.13012821972370148,0.11283916234970093,0.12476445734500885,0.009204506874084473,0.8902506828308105,0.36615318059921265,0.19263190031051636,0.12202398478984833,0.6822361350059509,-0.24767720699310303,0.24767720699310303,228.22894287109375,227.28396606445312,229.0807647705078
0687,17,0,0,0.0,0.0,199,13,8,8,832,0.23918269230769232,0.6430387230268992,0.5973002266233126,0.22886983939304364,0.6313725490196078,0.6039215686274509,0.23137254901960785,0.19295409321784973,0.33316969871520996,0.23684334754943848,0.2509814500808716,0.05197164788842201,38.397865295410156,0.4423137903213501,0.25546783208847046,-0.04733390733599663,1.1465203762054443,-0.3208715319633484,0.3208715319633484,232.0250244140625,227.7761993408203,235.7074432373047
0687,18,0,0,0.0,0.0,308,10,14,6,840,0.36666666666666664,0.6456200662083015,0.6363763687293099,0.2242678889737713,0.6392156862745098,0.6470588235294118,0.23137254901960785,0.2015317976474762,0.33618003129959106,0.24570150673389435,0.24993787705898285,0.05160555988550186,62.07179260253906,0.2915423810482025,0.21006645262241364,-0.1951928436756134,0.9712722897529602,-0.3261072337627411,0.3261072337627411,238.85597229003906,233.7969207763672,244.5690155029297
0687,19,0,0,0.0,0.0,55,8,8,5,320,0.171875,0.657825311942959,0.41718360071301247,0.4007843137254902,0.6549019607843137,0.4235294117647059,0.396078431372549,0.3727904260158539,0.7885752320289612,0.5552258491516113,0.6822023391723633,0.21060536801815033,20.50347328186035,2.3684065341949463,0.46343424916267395,1.1016515493392944,3.100505828857422,-0.9513819217681885,0.9513819217681885,224.1516571044922,221.82424926757812,227.53021240234375
0687,20,0,0,0.0,0.0,1,1,1,1,1,1.0,0.6823529411764706,0.5882352941176471,0.2235294117647059,0.6823529411764706,0.5882352941176471,0.2235294117647059,0.10898889601230621,0.10898889601230621,0.10898889601230621,0.10898889601230621,0.0,0.10898889601230621,0.22791621088981628,0.0,0.22791621088981628,0.22791621088981628,-0.00974319875240326,0.00974319875240326,237.43209838867188,237.43209838867188,237.43209838867188
0687,21,0,0,0.0,0.0,72,6,5,6,180,0.4,0.7241285403050108,0.48001089324618734,0.5246187363834423,0.7176470588235294,0.4823529411764706,0.5215686274509804,0.6350155472755432,0.9471085667610168,0.8670220971107483,0.8961654305458069,0.266824871301651,45.72111892700195,1.5004339218139648,0.47655531764030457,0.21279722452163696,2.4633500576019287,-0.6531596183776855,0.6531596183776855,259.51617431640625,256.98638916015625,261.9045715332031
0689,1,1,76,0.7169811320754716,0.8042328042328042,106,6,6,5,180,0.5888888888888889,0.4493895671476138,0.422567517573067,0.7032556418793933,0.4470588235294118,0.4196078431372549,0.7019607843137254,0.7988696098327637,1.0,0.9999798536300659,0.9999986886978149,0.2950691282749176,84.68017578125,1.130196452140808,0.11183639615774155,0.841813862323761,1.3357681035995483,-0.10142254829406738,0.10142254829406738,95.42068481445312,93.02149963378906,97.20596313476562
0698,1,1,14,0.5384615384615384,0.7,26,4,4,3,48,0.5416666666666666,0.5026965654271928,0.3821678321678322,0.5068283166109253,0.5018450184501845,0.38181818181818183,0.5072463768115942,0.7058522701263428,0.9999994039535522,0.9997467398643494,0.9999409317970276,0.3459458649158478,18.35215950012207,0.9332862496376038,0.17286516726016998,0.46536144614219666,1.1987440586090088,-0.16228574514389038,0.16228574514389038,213.23789978027344,211.8324737548828,214.4318084716797
0700,1,1,209,0.6430769230769231,0.27002583979328165,325,11,18,10,1980,0.16414141414141414,0.4006877828054299,0.6037164404223228,0.599420814479638,0.3843137254901961,0.6235294117647059,0.5882352941176471,0.8328633904457092,1.0,0.999995768070221,1.0,0.2798205316066742,270.68060302734375,1.9852001667022705,0.2184089869260788,1.427878975868225,2.4963464736938477,-0.27689504623413086,0.27689504623413086,240.28817749023438,236.04449462890625,243.6144561767578
0700,2,1,131,0.49809885931558934,0.17631224764468373,263,9,17,6,918,0.28649237472766886,0.41585029449041977,0.5261760978155521,0.6068142846492209,0.403921568627451,0.5176470588235295,0.6078431372549019,0.7780357599258423,1.0,0.9999951124191284,0.9999998807907104,0.31163841485977173,204.62339782714844,2.133314847946167,0.2542079985141754,1.5999256372451782,2.7129595279693604,-0.3190581798553467,0.3190581798553467,231.1266632080078,226.87661743164062,237.64889526367188
0700,3,1,18,0.3673469387755102,0.02830188679245283,49,8,5,4,160,0.30625,0.5080432172869147,0.47194877951180475,0.5773509403761505,0.5058823529411764,0.47058823529411764,0.5764705882352941,0.3398090600967407,0.9307162761688232,0.4445301592350006,0.6146132946014404,0.21569864451885223,16.650644302368164,2.109971761703491,0.4244990050792694,1.0885391235351562,2.7940139770507812,-0.02733159065246582,0.02733159065246582,230.6607208251953,228.25424194335938,233.57440185546875
0700,4,1,337,0.7139830508474576,0.3976401179941003,472,10,20,10,2000,0.236,0.552558989697574,0.6291542040545032,0.5870471917580591,0.5490196078431373,0.6392156862745098,0.592156862745098,0.8069740533828735,1.0,0.9999756813049316,0.9999992847442627,0.28505632281303406,380.8917541503906,1.7825454473495483,0.3420032858848572,0.42014947533607483,2.4068779945373535,-0.2677563428878784,0.2677563428878784,261.3661804199219,255.86129760742188,266.2480163574219
0700,5,0,0,0.0,0.0,10,4,5,1,20,0.5,0.5470588235294118,0.46705882352941175,0.5294117647058824,0.5450980392156862,0.47058823529411764,0.5294117647058824,0.2650321424007416,0.4801780581474304,0.32906800508499146,0.43163713812828064,0.11335470527410507,2.6503214836120605,1.9563448429107666,0.22383630275726318,1.4298126697540283,2.2051827907562256,-0.7246894836425781,0.7246894836425781,228.36843872070312,227.39173889160156,229.14187622070312
0700,6,1,72,0.6428571428571429,0.10786516853932585,112,8,9,4,288,0.3888888888888889,0.5602591036414565,0.5655812324929972,0.5994047619047619,0.5725490196078431,0.5647058823529412,0.6,0.708114504814148,0.9999998211860657,0.9928427338600159,0.9999707341194153,0.31036680936813354,79.30882263183594,2.1148245334625244,0.2156057506799698,1.4617732763290405,2.444362163543701,-0.187302827835083,0.187302827835083,254.68942260742188,251.8213653564453,258.15692138671875
0700,7,1,130,0.6403940886699507,0.182328190743338,203,9,12,5,540,0.37592592592592594,0.5685888148362794,0.5233652081522264,0.5963102482372259,0.5647058823529412,0.5215686274509804,0.596078431372549,0.7908017039299011,1.0,0.9999929666519165,1.0,0.30537641048431396,160.53274536132812,2.2185707092285156,0.22744588553905487,1.6487812995910645,2.6450958251953125,-0.3647325038909912,0.3647325038909912,249.5052947998047,243.6493377685547,254.31869506835938
0700,8,1,229,0.7483660130718954,0.2995421844342708,306,9,9,9,729,0.41975308641975306,0.6234268870947071,0.6923619120850955,0.6552351659618095,0.6196078431372549,0.6862745098039216,0.6509803921568628,0.7862932085990906,0.9999998807907104,0.9999717473983765,0.9999983310699463,0.2986382246017456,240.605712890625,0.2689811885356903,0.36840954422950745,-0.3824298679828644,1.3178257942199707,-0.37646642327308655,0.37646642327308655,291.0118103027344,286.54144287109375,294.2464904785156
0701,1,0,0,0.0,0.0,3,1,3,1,3,1.0,0.5333333333333333,0.15294117647058825,0.611764705882353,0.5333333333333333,0.15294117647058825,0.611764705882353,0.18134808540344238,0.2505243420600891,0.2176518440246582,0.23737533390522003,0.05793380364775658,0.5440442562103271,0.2006576657295227,0.1351858526468277,0.05005239322781563,0.3779473602771759,-0.7614384889602661,0.7614384889602661,211.25018310546875,211.06634521484375,211.43556213378906
0701,2,0,0,0.0,0.0,9,3,3,2,18,0.5,0.681917211328976,0.4596949891067538,0.4270152505446623,0.6823529411764706,0.4588235294117647,0.42745098039215684,0.22984831035137177,0.4764052629470825,0.33732905983924866,0.4655706584453583,0.14487731456756592,2.0686347484588623,0.21167713403701782,0.21139627695083618,-0.06328428536653519,0.5307461023330688,-0.5451663732528687,0.5451663732528687,237.0331268310547,235.82408142089844,238.2876434326172
0705,1,1,320,0.7637231503579952,0.43925875085792726,419,13,9,10,1170,0.3581196581196581,0.3726987692451682,0.6282652440451121,0.5707613833122749,0.3843137254901961,0.6274509803921569,0.5725490196078431,0.8148819804191589,0.9999992847442627,0.9998800754547119,0.9999879598617554,0.2812729775905609,341.435546875,0.0979221984744072,0.31610286235809326,-0.6267182230949402,0.8956571817398071,-0.40260303765535355,0.40260303765535355,236.8197479248047,231.37847900390625,241.82225036621094
0705,2,1,634,0.7476415094339622,0.672322375397667,848,13,14,17,3094,0.27407886231415646,0.44599519052904185,0.6834998150203477,0.6985941546429892,0.43529411764705883,0.6901960784313725,0.6784313725490196,0.81797856092453,0.9999990463256836,0.999922513961792,0.9999855160713196,0.28844934701919556,693.6458129882812,0.05567189306020737,0.376778781414032,-0.8207464814186096,1.0299843549728394,-0.4490507021546364,0.4490507021546364,274.3902282714844,265.0301818847656,283.218994140625
0708,1,1,288,0.7218045112781954,0.047267355982274745,399,11,8,10,880,0.45340909090909093,0.36026340360705683,0.6376038134552067,0.43307287827411667,0.35294117647058826,0.6313725490196078,0.43529411764705883,0.6853629946708679,0.9999909400939941,0.994543194770813,0.9998845458030701,0.30464762449264526,273.4598388671875,-0.4682273268699646,0.34114739298820496,-1.2030850648880005,0.5019879937171936,-0.35680776089429855,0.35680776089429855,217.40765380859375,213.65859985351562,221.6416015625
0708,2,0,0,0.0,0.0,1,1,1,1,1,1.0,0.34901960784313724,0.6392156862745098,0.4196078431372549,0.34901960784313724,0.6392156862745098,0.4196078431372549,0.11289991438388824,0.11289991438388824,0.11289991438388824,0.11289991438388824,0.0,0.11289991438388824,-0.1575213223695755,0.0,-0.1575213223695755,-0.1575213223695755,0.1099182516336441,0.1099182516336441,214.7510223388672,214.7510223388672,214.7510223388672
0708,3,0,0,0.0,0.0,11,3,4,2,24,0.4583333333333333,0.49447415329768274,0.7372549019607844,0.4919786096256684,0.49411764705882355,0.7372549019607844,0.49019607843137253,0.1454058438539505,0.18616826832294464,0.16885951161384583,0.18200324475765228,0.02749006822705269,1.5994642972946167,-0.5538119673728943,0.1747709959745407,-0.8652875423431396,-0.33446288108825684,-0.3454393744468689,0.3454393744468689,259.2986755371094,257.5849304199219,260.7316589355469
0708,4,1,8212,0.6243917274939172,0.6585669032439152,13152,45,44,61,120780,0.10889220069547939,0.5795844067554029,0.7671872763704022,0.5589067196221554,0.6588235294117647,0.7098039215686275,0.4980392156862745,0.7841125726699829,0.9999995827674866,0.9998008608818054,0.999974250793457,0.29876354336738586,10312.6484375,-0.47830620408058167,0.37848329544067383,-1.2674274444580078,0.8719567060470581,-0.43314186856150627,0.43314186856150627,284.68829345703125,249.19871520996094,301.00665283203125
0708,5,1,1362,0.7302949061662198,0.19953120421916204,1865,22,17,17,6358,0.29333123623781066,0.6326741313147243,0.6327960889449613,0.4401303685012879,0.6313725490196078,0.6313725490196078,0.4196078431372549,0.7948940992355347,0.9999983310699463,0.9999263882637024,0.99997878074646,0.2986707091331482,1482.4775390625,-0.5415228605270386,0.32075777649879456,-1.2191706895828247,0.34113216400146484,-0.39221058785915375,0.39221058785915375,254.98947143554688,245.2325439453125,262.8840026855469
0713,1,0,0,0.0,0.0,4,3,2,1,6,0.6666666666666666,0.5019607843137255,0.5941176470588235,0.615686274509804,0.5058823529411764,0.596078431372549,0.615686274509804,0.1471397578716278,0.1710871458053589,0.15821336209774017,0.1659376323223114,0.01721883937716484,0.5885590314865112,0.9334041476249695,0.27837708592414856,0.5947250723838806,1.2548527717590332,-0.23006707429885864,0.23006707429885864,253.4613037109375,252.65391540527344,254.26954650878906
0713,2,0,0,0.0,0.0,11,3,3,3,27,0.4074074074074074,0.7262032085561497,0.3593582887700535,0.5383244206773619,0.7254901960784313,0.3607843137254902,0.5372549019607843,0.18194478750228882,0.2767840623855591,0.23924444615840912,0.24577441811561584,0.05885956808924675,2.0013926029205322,-0.012456804513931274,0.18332022428512573,-0.2678948938846588,0.3322594165802002,-0.4330742359161377,0.4330742359161377,248.80770874023438,247.53787231445312,250.32379150390625
0718,1,1,189,0.7269230769230769,0.5667166416791605,260,8,8,12,768,0.3385416666666667,0.46040240897892143,0.7827438844680225,0.590724798667037,0.4555160142348754,0.7739463601532567,0.592057761732852,0.8592858910560608,1.0,0.9999997615814209,1.0,0.2616675794124603,223.41433715820312,0.9974784255027771,0.28588587045669556,0.08181975036859512,1.4627292156219482,-0.37704867124557495,0.37704867124557495,292.4318542480469,287.62127685546875,298.62518310546875
0718,2,1,93,0.75,0.3502824858757062,124,5,6,8,240,0.5166666666666667,0.46191596831592246,0.7423371647509579,0.6307499708862233,0.45907473309608543,0.735632183908046,0.6353790613718412,0.8663013577461243,1.0,0.9999997615814209,1.0,0.2623789608478546,107.42137145996094,1.270065188407898,0.1798083484172821,0.7779175639152527,1.6823928356170654,-0.23403215408325195,0.23403215408325195,291.8526306152344,288.2516174316406,294.6455383300781
0718,3,1,58,0.7073170731707317,0.23721881390593047,82,5,7,4,140,0.5857142857142857,0.47105285999479213,0.6883001588636576,0.6628511050453465,0.46619217081850534,0.6819923371647509,0.6606498194945848,0.8669697642326355,1.0,1.0,1.0,0.26595765352249146,71.09152221679688,1.3664543628692627,0.2553058862686157,0.6340339183807373,1.783181071281433,-0.3469395637512207,0.3469395637512207,289.43841552734375,286.76123046875,292.53033447265625
0719,1,0,0,0.0,0.0,32,6,4,3,72,0.4444444444444444,0.3238970588235294,0.3985294117647059,0.42083333333333334,0.3254901960784314,0.4,0.4196078431372549,0.4058166742324829,0.7143434286117554,0.5742986798286438,0.6950359344482422,0.20086030662059784,12.986133575439453,2.0724940299987793,0.41045495867729187,1.0854068994522095,2.576986789703369,-1.0013225078582764,1.0013225078582764,169.80734252929688,167.93153381347656,171.25711059570312
0719,2,1,1247,0.8086900129701686,0.22956553755522827,1542,32,20,34,21760,0.07086397058823529,0.578591592278935,0.6236692861320923,0.5626179395234099,0.5686274509803921,0.596078431372549,0.5137254901960784,0.8173609375953674,0.9999991655349731,0.9995384216308594,0.999931812286377,0.28174537420272827,1260.37060546875,1.2236391305923462,0.6868354082107544,-0.1865515112876892,2.900099039077759,-0.7347166538238525,0.7347166538238525,260.70587158203125,237.3647003173828,277.80029296875
0719,3,0,0,0.0,0.0,6,2,3,2,12,0.5,0.5117647058823529,0.5176470588235295,0.4215686274509804,0.5098039215686274,0.5176470588235295,0.4196078431372549,0.15627150237560272,0.18028125166893005,0.17922209203243256,0.17995306849479675,0.029655860736966133,0.937628984451294,2.361830472946167,0.2978951930999756,2.0052919387817383,2.901970386505127,-0.6982214450836182,0.6982214450836182,215.11106872558594,213.9415740966797,216.2799072265625
0719,4,1,69,0.7840909090909091,0.014665249734325186,88,10,10,5,500,0.176,0.5508467023172906,0.5964349376114082,0.5679590017825312,0.5529411764705883,0.6,0.5686274509803921,0.7279039025306702,0.9999929666519165,0.9990457892417908,0.9998948574066162,0.3043939173221588,64.0555419921875,2.0809478759765625,0.2957737147808075,1.1913948059082031,2.6007232666015625,-0.4337587356567383,0.4337587356567383,253.22430419921875,246.6313018798828,259.3472595214844
0719,5,0,0,0.0,0.0,5,2,3,1,6,0.8333333333333334,0.5592156862745098,0.6109803921568628,0.5058823529411764,0.5607843137254902,0.6078431372549019,0.5058823529411764,0.21948985755443573,0.28417637944221497,0.2783008813858032,0.2818261682987213,0.07045651972293854,1.0974493026733398,2.1598281860351562,0.10543197393417358,1.9936867952346802,2.286715269088745,-0.284374475479126,0.284374475479126,248.0645294189453,247.2144775390625,249.05020141601562
0719,6,0,0,0.0,0.0,3,1,2,2,4,0.75,0.5764705882352941,0.7934640522875818,0.47973856209150323,0.5764705882352941,0.792156862745098,0.47843137254901963,0.11730749160051346,0.13735227286815643,0.12309905886650085,0.13165098428726196,0.014230972155928612,0.35192248225212097,0.15928520262241364,0.12428140640258789,0.03571472689509392,0.3293134868144989,-0.18197320401668549,0.18197320401668549,278.94189453125,278.55340576171875,279.2794189453125
0719,7,0,0,0.0,0.0,6,3,2,1,6,1.0,0.6235294117647059,0.7431372549019608,0.36470588235294116,0.6196078431372549,0.7411764705882353,0.36470588235294116,0.1458081752061844,0.19501419365406036,0.15836144983768463,0.17751207947731018,0.028889313340187073,0.8748490810394287,0.34664368629455566,0.08158951252698898,0.20222391188144684,0.45399731397628784,-0.35407543182373047,0.35407543182373047,264.8769226074219,263.9147644042969,265.8382873535156
0719,8,1,1833,0.6397905759162303,0.30081234101911875,2865,19,31,25,14725,0.19456706281833616,0.6640262806693358,0.697842110666256,0.4544050918796838,0.6470588235294118,0.6980392156862745,0.4666666666666667,0.7782043218612671,0.9999998807907104,0.9999212622642517,0.9999953508377075,0.2995288670063019,2229.555419921875,0.40559861063957214,0.41284289956092834,-0.41441285610198975,1.572374701499939,-0.3155997097492218,0.3155997097492218,272.35980224609375,263.3951416015625,279.5746765136719
0719,9,0,0,0.0,0.0,24,4,4,4,64,0.375,0.638235294117647,0.7410130718954249,0.38235294117647056,0.6392156862745098,0.7411764705882353,0.3843137254901961,0.21723659336566925,0.37362319231033325,0.27209073305130005,0.32045838236808777,0.07393541932106018,5.213678359985352,0.39881375432014465,0.12064078450202942,0.16121263802051544,0.5864279270172119,-0.2102762758731842,0.2102762758731842,268.3800964355469,267.40606689453125,269.4438781738281
0719,10,0,0,0.0,0.0,89,7,6,8,336,0.2648809523809524,0.6648160387750606,0.6352500550782111,0.35276492619519717,0.6666666666666666,0.6313725490196078,0.3568627450980392,0.5705522894859314,0.9997956156730652,0.8658538460731506,0.9805976152420044,0.2893752455711365,50.77915573120117,0.9931026101112366,0.2702316343784332,0.23349130153656006,1.4699488878250122,-0.31740933656692505,0.31740933656692505,251.82810974121094,249.0522003173828,254.16136169433594
0719,11,1,4124,0.6994572591587517,0.5419897489814693,5896,26,39,40,40560,0.14536489151873766,0.7181738366988587,0.5685356639263575,0.4570177188921702,0.7058823529411765,0.5647058823529412,0.4627450980392157,0.7849956750869751,0.9999995231628418,0.9999379515647888,0.9999940991401672,0.2978115975856781,4628.33447265625,0.7055545449256897,0.5225377082824707,-0.2708674967288971,2.418586015701294,-0.5103041529655457,0.5103041529655457,261.9817810058594,249.6116943359375,271.5768737792969
0719,12,1,187,0.7083333333333334,0.03901523054454413,264,11,13,7,1001,0.26373626373626374,0.6945632798573975,0.6058674985145573,0.37742127153891863,0.6901960784313725,0.611764705882353,0.3764705882352941,0.6733827590942383,0.9999967217445374,0.997471034526825,0.9999064207077026,0.3310043513774872,177.77305603027344,0.9693765640258789,0.35951393842697144,-0.06792613863945007,1.6736886501312256,-0.2671424150466919,0.2671424150466919,254.69650268554688,250.9561767578125,258.265380859375
0719,13,1,67,0.475177304964539,0.01416041424495403,141,7,8,8,448,0.31473214285714285,0.718370184953414,0.5176192462800723,0.5502433597552496,0.7176470588235294,0.5137254901960784,0.5490196078431373,0.5753782987594604,0.9991942644119263,0.8820995688438416,0.9869678616523743,0.29673296213150024,81.12834167480469,0.8828245401382446,0.3774021565914154,0.04168522730469704,1.6003413200378418,-0.3495798110961914,0.3495798110961914,266.5329284667969,263.7081604003906,268.9702453613281
0719,14,1,302,0.4247538677918425,0.060201335592544605,711,11,17,13,2431,0.2924722336487042,0.728010810512672,0.5293014533520862,0.3321640329830948,0.7254901960784313,0.5294117647058824,0.33725490196078434,0.727160632610321,0.9999985098838806,0.9996031522750854,0.9999818801879883,0.3241444528102875,517.01123046875,1.108625888824463,0.4039705991744995,-0.11145806312561035,2.124959945678711,-0.3231748342514038,0.3231748342514038,245.44068908691406,237.8760223388672,253.12843322753906
0719,15,0,0,0.0,0.0,2,1,2,1,2,1.0,0.7294117647058823,0.5313725490196078,0.3803921568627451,0.7294117647058823,0.5294117647058824,0.3803921568627451,0.18372032046318054,0.2284717857837677,0.20609605312347412,0.21952149271965027,0.044751472771167755,0.3674406409263611,1.51425302028656,0.02380836009979248,1.4904446601867676,1.5380613803863525,-0.12278449535369873,0.12278449535369873,250.47640991210938,250.20591735839844,250.74688720703125
0719,16,1,88,0.6068965517241379,0.018590894686806803,145,6,8,10,480,0.3020833333333333,0.7489925625422583,0.4210412440838404,0.5117241379310344,0.7450980392156863,0.4196078431372549,0.5137254901960784,0.41661667823791504,0.8961707353591919,0.5999153256416321,0.7194482684135437,0.21383021771907806,60.409420013427734,0.9094513058662415,0.3403540253639221,0.16484031081199646,1.6509225368499756,-0.471019446849823,0.471019446849823,255.78233337402344,253.27455139160156,258.2208251953125
0719,17,1,94,0.44976076555023925,0.019725107543804427,209,6,11,8,528,0.3958333333333333,0.7538981142696313,0.4667604840979454,0.37350595740688625,0.7529411764705882,0.47058823529411764,0.37254901960784315,0.6406695246696472,0.9999772310256958,0.9774593114852905,0.9982941746711731,0.3385672867298126,133.89993286132812,0.9996811151504517,0.3269830644130707,0.3949934244155884,1.8503007888793945,-0.32982659339904785,0.32982659339904785,246.14910888671875,242.6808624267578,249.45541381835938
0719,18,1,269,0.604494382022472,0.055083444251049454,445,6,15,16,1440,0.3090277777777778,0.7593038114122053,0.4513328927076448,0.4418682529191452,0.7568627450980392,0.4549019607843137,0.43529411764705883,0.696439266204834,0.9999953508377075,0.9938662052154541,0.9998274445533752,0.322569340467453,309.91546630859375,1.008690595626831,0.49268338084220886,-0.10029369592666626,2.111361265182495,-0.47089922428131104,0.47089922428131104,252.67327880859375,249.23483276367188,256.072265625
0722,1,0,0,0.0,0.0,4,1,2,2,4,1.0,0.39215686274509803,0.5901960784313726,0.6568627450980392,0.39215686274509803,0.592156862745098,0.6588235294117647,0.11093951016664505,0.12147238105535507,0.11623591929674149,0.11937779933214188,0.007707197684794664,0.4437580406665802,0.5148507356643677,0.10104697942733765,0.41642090678215027,0.6783797144889832,-0.4264698028564453,0.4264698028564453,246.7950439453125,246.15036010742188,247.4388885498047
0722,2,0,0,0.0,0.0,1,1,1,1,1,1.0,0.6588235294117647,0.19607843137254902,0.44313725490196076,0.6588235294117647,0.19607843137254902,0.44313725490196076,0.1066722571849823,0.1066722571849823,0.1066722571849823,0.1066722571849823,0.0,0.1066722571849823,-0.21840296685695648,0.0,-0.21840296685695648,-0.21840296685695648,-0.24667203426361084,0.24667203426361084,209.3561553955078,209.3561553955078,209.3561553955078
0722,3,0,0,0.0,0.0,1,1,1,1,1,1.0,0.7019607843137254,0.6352941176470588,0.6509803921568628,0.7019607843137254,0.6352941176470588,0.6509803921568628,0.11619386076927185,0.11619386076927185,0.11619386076927185,0.11619386076927185,0.0,0.11619386076927185,-0.33073654770851135,0.0,-0.33073654770851135,-0.33073654770851135,-0.3182959258556366,0.3182959258556366,293.5983581542969,293.5983581542969,293.5983581542969
0723,1,1,29,0.6444444444444445,0.7532467532467533,45,5,6,4,120,0.375,0.5093681917211329,0.6057516339869281,0.637124183006536,0.5098039215686274,0.6078431372549019,0.6352941176470588,0.7965264320373535,0.999998152256012,0.9995566010475159,0.9999883770942688,0.26983365416526794,35.84368896484375,1.4437637329101562,0.17146973311901093,1.1525529623031616,1.8130333423614502,-0.17058265209197998,0.17058265209197998,259.59661865234375,257.44512939453125,261.3981628417969
0724,1,0,0,0.0,0.0,30,5,6,5,150,0.2,0.44392156862745097,0.22130718954248366,0.5969934640522875,0.4470588235294118,0.2196078431372549,0.6,0.311526894569397,0.6944141387939453,0.37445324659347534,0.6464170217514038,0.18173499405384064,9.345807075500488,0.25965574383735657,0.2933061122894287,-0.3494015336036682,0.7321029901504517,-0.4167340099811554,0.4167340099811554,198.5056610107422,196.27786254882812,200.4918975830078
0724,2,1,1303,0.7505760368663594,0.8020929516774392,1736,16,23,16,5888,0.29483695652173914,0.5263802295111593,0.4211349055751333,0.7920326194994127,0.5372549019607843,0.4117647058823529,0.7803921568627451,0.8310016393661499,0.9999996423721313,0.9999650716781616,0.9999940395355225,0.28330498933792114,1442.618896484375,-0.1408586949110031,0.25369152426719666,-0.9129254221916199,0.4230869710445404,-0.18396122381091118,0.18396122381091118,265.79351806640625,257.35577392578125,274.3319091796875
0725,1,1,27,0.6428571428571429,0.002944062806673209,42,5,4,5,100,0.42,0.2985060690943044,0.5281045751633987,0.41942110177404296,0.2980392156862745,0.5294117647058824,0.41568627450980394,0.3950752019882202,0.7646761536598206,0.534170389175415,0.7113490700721741,0.20322570204734802,16.593158721923828,0.5783475637435913,0.29901012778282166,0.061821069568395615,1.2503525018692017,-0.5466471910476685,0.5466471910476685,188.4769287109375,186.84217834472656,190.5413360595703
0725,2,1,6154,0.7525987525987526,0.46485629036522264,8177,32,31,30,29760,0.2747647849462366,0.365785908346462,0.5455008908296105,0.3874914573876512,0.32941176470588235,0.5294117647058824,0.36470588235294116,0.8795132637023926,0.9999997615814209,0.9999940395355225,0.9999979734420776,0.24542562663555145,7191.77978515625,0.6596896648406982,0.5785008072853088,-0.3616786301136017,2.397900104522705,-0.4432215690612793,0.4432215690612793,195.13699340820312,181.61497497558594,208.15618896484375
0725,3,1,10280,0.7154290486463916,0.6293428020447519,14369,62,39,35,84630,0.16978612785064398,0.4592053426562357,0.6977526510639053,0.4842104257667992,0.5098039215686274,0.6862745098039216,0.4627450980392157,0.8454040288925171,0.9999991655349731,0.9999646544456482,0.9999924898147583,0.26754245162010193,12147.6103515625,0.6442210078239441,0.5601733326911926,-0.37533992528915405,2.083690643310547,-0.23628365993499756,0.23628365993499756,247.08741760253906,222.7936248779297,272.4206237792969
0725,4,0,0,0.0,0.0,6,3,3,1,9,0.6666666666666666,0.48562091503267973,0.5888888888888889,0.5215686274509804,0.48627450980392156,0.5882352941176471,0.5215686274509804,0.24823908507823944,0.39810919761657715,0.2762005925178528,0.34034615755081177,0.0783914178609848,1.4894344806671143,1.7125592231750488,0.12506265938282013,1.5645619630813599,1.960739016532898,-0.4785003662109375,0.4785003662109375,236.2691192626953,235.6162109375,236.88604736328125
0725,5,0,0,0.0,0.0,2,1,2,1,2,1.0,0.49019607843137253,0.5941176470588235,0.5176470588235295,0.49019607843137253,0.592156862745098,0.5176470588235295,0.19379624724388123,0.27245664596557617,0.2331264466047287,0.2567245662212372,0.07866040617227554,0.38759249448776245,1.386965274810791,0.10929030179977417,1.2776750326156616,1.49625563621521,-0.7418832778930664,0.7418832778930664,237.17587280273438,236.8564910888672,237.49526977539062
0725,6,1,675,0.7491675915649278,0.07030883808134993,901,24,16,15,5760,0.1564236111111111,0.5966660137973059,0.5571151879175643,0.38406998759548217,0.611764705882353,0.5686274509803921,0.3764705882352941,0.744367241859436,0.9999953508377075,0.9987831115722656,0.999937891960144,0.3106881380081177,670.6748657226562,0.7461739778518677,0.4497333765029907,-0.18408198654651642,1.8651100397109985,-0.381274938583374,0.381274938583374,230.80551147460938,221.85130310058594,240.1124725341797
0725,7,0,0,0.0,0.0,3,2,2,1,4,0.75,0.5856209150326798,0.54640522875817,0.3803921568627451,0.5882352941176471,0.5450980392156862,0.3803921568627451,0.1449946165084839,0.14930099248886108,0.14645540714263916,0.14816275238990784,0.003109023440629244,0.43498384952545166,1.4643793106079102,0.039172928780317307,1.4142879247665405,1.50991690158844,-0.15917456150054932,0.15917456150054932,226.7669219970703,226.3404541015625,227.00440979003906
0725,8,0,0,0.0,0.0,2,1,2,1,2,1.0,0.5882352941176471,0.5509803921568628,0.3764705882352941,0.5882352941176471,0.5490196078431373,0.3764705882352941,0.18256360292434692,0.2131952941417694,0.19787944853305817,0.20706894993782043,0.030631691217422485,0.36512720584869385,1.024941325187683,0.14344343543052673,0.8814979195594788,1.1683847904205322,-0.3726494312286377,0.3726494312286377,227.50253295898438,227.19375610351562,227.8113250732422
0725,9,1,1,1.0,0.00010928364570242063,1,1,1,1,1,1.0,0.611764705882353,0.5450980392156862,0.35294117647058826,0.611764705882353,0.5450980392156862,0.35294117647058826,0.10695794969797134,0.10695794969797134,0.10695794969797134,0.10695794969797134,0.0,0.10695794969797134,0.5399659276008606,0.0,0.5399659276008606,0.5399659276008606,-0.14002811908721924,0.14002811908721924,228.1885223388672,228.1885223388672,228.1885223388672
0725,10,0,0,0.0,0.0,65,6,6,6,216,0.30092592592592593,0.6292609351432881,0.7146304675716441,0.503710407239819,0.6313725490196078,0.7098039215686275,0.5019607843137255,0.26576927304267883,0.4868406057357788,0.32611188292503357,0.4242652356624603,0.10035937279462814,17.27500343322754,0.29027971625328064,0.34592586755752563,-0.3480173647403717,1.004449486732483,-0.48432162404060364,0.48432162404060364,275.2833557128906,272.85528564453125,277.4887390136719
0727,1,0,0,0.0,0.0,1,1,1,1,1,1.0,0.5764705882352941,0.7176470588235294,0.5176470588235295,0.5764705882352941,0.7176470588235294,0.5176470588235295,0.11136579513549805,0.11136579513549805,0.11136579513549805,0.11136579513549805,0.0,0.11136579513549805,1.4654114246368408,0.0,1.4654114246368408,1.4654114246368408,-0.3696383237838745,0.3696383237838745,269.84625244140625,269.84625244140625,269.84625244140625
0727,2,0,0,0.0,0.0,16,4,2,5,40,0.4,0.5936274509803922,0.7075980392156863,0.5259803921568628,0.592156862745098,0.7058823529411765,0.5294117647058824,0.21148234605789185,0.38638925552368164,0.29226696491241455,0.3204020857810974,0.09139736741781235,3.3837175369262695,1.4804251194000244,0.14978216588497162,1.2035465240478516,1.8102445602416992,-0.4716576337814331,0.4716576337814331,271.600830078125,270.4754943847656,272.75445556640625
0727,3,0,0,0.0,0.0,65,5,6,12,360,0.18055555555555555,0.5972850678733033,0.7265761689291101,0.5153544494720965,0.6,0.7294117647058823,0.5058823529411764,0.3365531265735626,0.7383396625518799,0.4507293999195099,0.559050977230072,0.17045682668685913,21.875953674316406,1.1151632070541382,0.2006976157426834,0.7598863840103149,1.5674865245819092,-0.46978771686553955,0.46978771686553955,274.06805419921875,272.1837463378906,276.2987365722656
0730,1,0,0,0.0,0.0,288,9,9,10,810,0.35555555555555557,0.7492374727668845,0.4945261437908497,0.6296840958605665,0.7450980392156863,0.49411764705882355,0.6235294117647059,0.7589226961135864,0.9999980926513672,0.9993613362312317,0.9999645352363586,0.3088538646697998,218.56973266601562,-0.23887290060520172,0.2993696630001068,-0.8420701026916504,0.6732608675956726,-0.36554478108882904,0.36554478108882904,280.3156433105469,276.0325927734375,284.90875244140625
0734,1,1,262,0.7257617728531855,0.8098918083462133,361,10,10,7,700,0.5157142857142857,0.46603660854923684,0.7050024441909728,0.6714572809733311,0.47058823529411764,0.7058823529411765,0.6666666666666666,0.834991991519928,1.0,0.9999895095825195,0.9999992847442627,0.26796120405197144,301.4320983886719,0.35663527250289917,0.2763217091560364,-0.3217552900314331,1.1633679866790771,-0.5633040070533752,0.5633040070533752,275.69293212890625,270.8265075683594,279.8642578125
0735,1,1,26,0.38235294117647056,0.16613418530351437,68,6,6,5,180,0.37777777777777777,0.263840830449827,0.37381776239907727,0.5752595155709342,0.2627450980392157,0.37254901960784315,0.5725490196078431,0.7859312295913696,0.9999998807907104,0.9997490048408508,0.999998927116394,0.28686001896858215,53.44332504272461,0.7754314541816711,0.26455098390579224,0.11567274481058121,1.3840099573135376,-0.2008644938468933,0.2008644938468933,187.80215454101562,185.3375244140625,190.29713439941406
0735,2,1,13,0.38235294117647056,0.0931899641577061,34,5,4,3,60,0.5666666666666667,0.5057670126874279,0.40507497116493657,0.6621683967704729,0.5058823529411764,0.403921568627451,0.6627450980392157,0.5434786081314087,0.812508225440979,0.7678661346435547,0.808306872844696,0.22311706840991974,18.478273391723633,0.7752513289451599,0.3452228903770447,-0.23357953131198883,1.2859742641448975,-0.2525706887245178,0.2525706887245178,236.80181884765625,234.98297119140625,238.48899841308594
0735,3,1,12,0.24,0.08135593220338982,50,6,4,4,96,0.5208333333333334,0.5106666666666667,0.41301960784313724,0.6185098039215686,0.5098039215686274,0.4117647058823529,0.615686274509804,0.49551135301589966,0.981705367565155,0.8205724954605103,0.9015997648239136,0.3006211519241333,24.77556800842285,1.3541090488433838,0.11738499253988266,1.0960299968719482,1.616844892501831,-0.15127086639404297,0.15127086639404297,230.62620544433594,228.0394744873047,233.39451599121094
0737,1,1,45192,0.7608977488929671,0.7881890244434173,59393,61,56,51,174216,0.34091587454653993,0.3854620749853997,0.28079845680632465,0.4027630509041965,0.35294117647058826,0.3058823529411765,0.4117647058823529,0.843638002872467,0.9999973773956299,0.9998489618301392,0.9999499320983887,0.2711601257324219,50106.19140625,0.37863218784332275,0.6210733652114868,-0.7845481038093567,3.125314950942993,-0.31845593452453613,0.31845593452453613,160.6586456298828,136.28646850585938,191.11253356933594
0737,2,0,0,0.0,0.0,1,1,1,1,1,1.0,0.48627450980392156,0.30196078431372547,0.4666666666666667,0.48627450980392156,0.30196078431372547,0.4666666666666667,0.10162552446126938,0.10162552446126938,0.10162552446126938,0.10162552446126938,0.0,0.10162552446126938,1.7172614336013794,0.0,1.7172614336013794,1.7172614336013794,-0.10895657539367676,0.10895657539367676,188.984130859375,188.984130859375,188.984130859375
0737,3,1,7780,0.8285410010649628,0.24060615432194216,9390,27,49,29,38367,0.2447415747908359,0.6102081897721815,0.23871076865250893,0.6206185136461401,0.592156862745098,0.2627450980392157,0.6235294117647059,0.8574299216270447,0.9999955892562866,0.9998158812522888,0.9999465346336365,0.2608354389667511,8051.26708984375,1.4178184270858765,0.5261856913566589,-0.33195945620536804,3.263606071472168,-0.34480178356170654,0.34480178356170654,231.11785888671875,220.10452270507812,242.5077362060547
0737,4,0,0,0.0,0.0,1,1,1,1,1,1.0,0.6078431372549019,0.30196078431372547,0.6588235294117647,0.6078431372549019,0.30196078431372547,0.6588235294117647,0.10064823925495148,0.10064823925495148,0.10064823925495148,0.10064823925495148,0.0,0.10064823925495148,2.270425319671631,0.0,2.270425319671631,2.270425319671631,-0.20272207260131836,0.20272207260131836,241.84498596191406,241.84498596191406,241.84498596191406
0739,1,0,0,0.0,0.0,16,2,6,2,24,0.6666666666666666,0.48823529411764705,0.6166666666666667,0.5813725490196079,0.48627450980392156,0.6235294117647059,0.5803921568627451,0.18283972144126892,0.3140328824520111,0.21909211575984955,0.2833126187324524,0.06512230634689331,2.9254355430603027,0.44654256105422974,0.3568575084209442,0.020547857508063316,1.007452368736267,-0.51552814245224,0.51552814245224,249.9155731201172,248.1007843017578,251.75384521484375
0740,1,1,93,0.6118421052631579,0.6966292134831461,152,7,8,6,336,0.4523809523809524,0.6053609861083936,0.41225013753896933,0.5770190562613431,0.5985130111524164,0.41114982578397213,0.5758620689655173,0.8129338622093201,1.0,0.9999989867210388,1.0,0.29689982533454895,123.56594848632812,0.5268215537071228,0.1737276315689087,-0.017178397625684738,0.8528006076812744,-0.1631627082824707,0.1631627082824707,23.046018600463867,19.442222595214844,26.248809814453125
0742,1,1,1873,0.7347979599843075,0.7612273928063402,2549,21,25,24,12600,0.2023015873015873,0.3296194586112201,0.5799752305786967,0.5018684759113532,0.3254901960784314,0.5686274509803921,0.4745098039215686,0.8289504051208496,0.9999998807907104,0.9999850988388062,0.9999972581863403,0.27556532621383667,2112.99462890625,0.3848331868648529,0.430826872587204,-0.3230670094490051,1.5547810792922974,-0.4201931059360504,0.4201931059360504,213.41075134277344,200.18492126464844,222.47921752929688
0742,2,1,268,0.6218097447795824,0.19122368890474492,431,7,19,12,1596,0.2700501253132832,0.4798871752877485,0.702861562258314,0.4947272644556662,0.47843137254901963,0.7215686274509804,0.5058823529411764,0.7418904900550842,0.9999997615814209,0.9998109936714172,0.9999858736991882,0.3228600025177002,319.7547912597656,0.2838881015777588,0.3405610918998718,-0.40354621410369873,1.1657981872558594,-0.2585980296134949,0.2585980296134949,251.5310821533203,242.72000122070312,260.29791259765625
0742,3,0,0,0.0,0.0,90,5,7,6,210,0.42857142857142855,0.7172984749455337,0.5213943355119826,0.5152505446623094,0.7137254901960784,0.5215686274509804,0.5137254901960784,0.5901462435722351,0.963809609413147,0.8221337795257568,0.9080623388290405,0.2697863280773163,53.113162994384766,0.6425343155860901,0.4298901855945587,0.025676211342215538,1.5413678884506226,-0.5955488085746765,0.5955488085746765,262.2359313964844,259.20068359375,264.52978515625
0743,1,0,0,0.0,0.0,7,3,2,2,12,0.5833333333333334,0.5338935574229692,0.37815126050420167,0.6436974789915966,0.5372549019607843,0.3764705882352941,0.6431372549019608,0.1826774626970291,0.22838540375232697,0.2085009664297104,0.21933075785636902,0.03584495931863785,1.2787421941757202,1.431351900100708,0.27567237615585327,1.0186240673065186,1.769919753074646,-0.2425786256790161,0.2425786256790161,234.62777709960938,233.6835479736328,235.5525360107422
0746,1,1,387,0.6559322033898305,0.5301369863013699,590,8,20,16,2560,0.23046875,0.2888555070574231,0.4939240041608028,0.39207627118644073,0.2909698996655518,0.48014440433212996,0.4035714285714286,0.740210771560669,0.9999997615814209,0.9996871948242188,0.999984085559845,0.31934264302253723,436.724365234375,0.330917626619339,0.2532077729701996,-0.3572182357311249,0.9295962452888489,-0.13573849201202393,0.13573849201202393,196.0380096435547,189.52044677734375,201.8018798828125
0746,2,1,51,0.5257731958762887,0.10548086866597725,97,5,7,6,210,0.46190476190476193,0.45898700134468845,0.7401838550001861,0.40427098674521356,0.45819397993311034,0.740072202166065,0.4035714285714286,0.658666729927063,0.9999998807907104,0.9988991618156433,0.9999851584434509,0.3307025730609894,63.89067077636719,0.24989135563373566,0.15311619639396667,-0.11147976666688919,0.6915388703346252,0.027905389666557312,0.027905389666557312,271.9624328613281,268.54608154296875,275.84234619140625
0746,3,0,0,0.0,0.0,3,2,2,1,4,0.75,0.4626532887402453,0.6221419975932612,0.475,0.46153846153846156,0.6245487364620939,0.475,0.18686960637569427,0.23183198273181915,0.20980487763881683,0.22302113473415375,0.03708794713020325,0.5606088042259216,1.075144648551941,0.030233310535550117,1.043589472770691,1.115907907485962,-0.15227198600769043,0.15227198600769043,258.4606628417969,258.0581359863281,258.7257385253906
0746,4,1,47,0.6619718309859155,0.09989373007438895,71,5,6,5,150,0.47333333333333333,0.4784963964388337,0.7415467534448569,0.4004527162977867,0.4782608695652174,0.7436823104693141,0.4,0.69957035779953,1.0,0.9998837113380432,0.9999986290931702,0.33555570244789124,49.66949462890625,0.18516461551189423,0.21298570930957794,-0.17515303194522858,0.6574534177780151,-0.16538681089878082,0.16538681089878082,274.81646728515625,272.40045166015625,276.9638977050781
0746,5,1,322,0.6666666666666666,0.4759793052475979,483,18,9,9,1458,0.33127572016460904,0.6014735107362706,0.6453348879969505,0.37448979591836734,0.5886287625418061,0.6462093862815884,0.37142857142857144,0.7975020408630371,1.0,0.9999913573265076,0.9999997615814209,0.2946705222129822,385.1934814453125,0.11498236656188965,0.2270929217338562,-0.4486057758331299,0.6270179748535156,-0.14134767651557922,0.14134767651557922,275.0783386230469,267.43597412109375,281.1921081542969
0749,1,1,88,0.6376811594202898,0.341747572815534,138,6,7,8,336,0.4107142857142857,0.36152832674571805,0.33035613975957756,0.6312841747624357,0.36,0.3333333333333333,0.63003663003663,0.7510914206504822,0.9999992847442627,0.9998456835746765,0.9999869465827942,0.31134286522865295,103.65061950683594,-0.029172198846936226,0.348684161901474,-0.6820120811462402,0.8036607503890991,-0.5230514574795961,0.5230514574795961,216.92236328125,213.58135986328125,220.39283752441406
0749,2,1,254,0.6666666666666666,0.6701846965699209,381,9,13,13,1521,0.2504930966469428,0.3815986638033882,0.30075891676331157,0.6230663474757964,0.38545454545454544,0.31007751937984496,0.6227106227106227,0.7289851903915405,0.9999988675117493,0.9994933605194092,0.999983549118042,0.31099027395248413,277.74334716796875,-0.10115094482898712,0.33025503158569336,-0.9597516655921936,0.8817269206047058,-0.4429183453321457,0.4429183453321457,214.9129180908203,206.6131591796875,220.90269470214844
0753,1,0,0,0.0,0.0,1,1,1,1,1,1.0,0.3686274509803922,0.6470588235294118,0.5607843137254902,0.3686274509803922,0.6470588235294118,0.5607843137254902,0.10578125715255737,0.10578125715255737,0.10578125715255737,0.10578125715255737,0.0,0.10578125715255737,0.13420508801937103,0.0,0.13420508801937103,0.13420508801937103,-0.32264338433742523,0.32264338433742523,238.1155242919922,238.1155242919922,238.1155242919922
0753,2,1,1031,0.6317401960784313,0.7411933860531992,1632,23,20,13,5980,0.2729096989966555,0.45050461361014993,0.6934568435217224,0.5547385620915033,0.44313725490196076,0.6941176470588235,0.5647058823529412,0.7250521183013916,0.9999996423721313,0.9989643692970276,0.9999632239341736,0.31931307911872864,1183.2850341796875,0.30646055936813354,0.5151501297950745,-0.7089281678199768,2.5428645610809326,0.26624346524477005,0.26624346524477005,254.4559326171875,243.1069793701172,263.3096923828125
0755,1,0,0,0.0,0.0,4,2,1,3,6,0.6666666666666666,0.3656862745098039,0.6431372549019608,0.5176470588235295,0.36470588235294116,0.6431372549019608,0.5176470588235295,0.22094973921775818,0.3627065420150757,0.2499886155128479,0.31761932373046875,0.08592207729816437,0.8837989568710327,-0.3774845004081726,0.21055994927883148,-0.6427277326583862,-0.09183794260025024,-0.6984215378761292,0.6984215378761292,230.65896606445312,229.9847869873047,231.1298370361328
0755,2,0,0,0.0,0.0,6,2,2,2,8,0.75,0.44509803921568625,0.649673202614379,0.6444444444444445,0.44313725490196076,0.6470588235294118,0.6431372549019608,0.16524481773376465,0.239951491355896,0.1980215311050415,0.22066321969032288,0.04850207269191742,0.9914689064025879,1.1459636688232422,0.2925267219543457,0.8059083819389343,1.5608313083648682,-0.5968524217605591,0.5968524217605591,259.9259948730469,259.0694885253906,260.77960205078125
0755,3,0,0,0.0,0.0,97,7,9,5,315,0.30793650793650795,0.47685465938952903,0.7826157267030524,0.5420658985243582,0.4823529411764706,0.7803921568627451,0.5411764705882353,0.43454790115356445,0.9656950831413269,0.6140901446342468,0.8233792781829834,0.25888094305992126,42.151145935058594,-0.7455857396125793,0.2621414363384247,-1.295634150505066,-0.1734512448310852,-0.2199121117591858,0.2199121117591858,271.97021484375,268.6447448730469,275.51043701171875
0755,4,0,0,0.0,0.0,96,7,10,5,350,0.2742857142857143,0.5240196078431373,0.7810866013071895,0.5390931372549019,0.5215686274509804,0.788235294117647,0.5411764705882353,0.24937283992767334,0.7264513969421387,0.26544731855392456,0.4944356083869934,0.14637553691864014,23.93979263305664,-0.7015998959541321,0.24607428908348083,-1.1732141971588135,-0.2754679024219513,-0.13111597299575806,0.13111597299575806,276.94287109375,273.3660583496094,280.86474609375
0755,5,0,0,0.0,0.0,1,1,1,1,1,1.0,0.5176470588235295,0.8,0.5450980392156862,0.5176470588235295,0.8,0.5450980392156862,0.13375480473041534,0.13375480473041534,0.13375480473041534,0.13375480473041534,0.0,0.13375480473041534,-0.58151775598526,0.0,-0.58151775598526,-0.58151775598526,-0.03315538167953491,0.03315538167953491,280.4032897949219,280.4032897949219,280.4032897949219
0755,6,0,0,0.0,0.0,1,1,1,1,1,1.0,0.5254901960784314,0.803921568627451,0.5450980392156862,0.5254901960784314,0.803921568627451,0.5450980392156862,0.10490840673446655,0.10490840673446655,0.10490840673446655,0.10490840673446655,0.0,0.10490840673446655,-0.7243410348892212,0.0,-0.7243410348892212,-0.7243410348892212,-0.2023329734802246,0.2023329734802246,282.08331298828125,282.08331298828125,282.08331298828125
0755,7,0,0,0.0,0.0,2,1,2,1,2,1.0,0.5372549019607843,0.7941176470588235,0.5450980392156862,0.5372549019607843,0.792156862745098,0.5450980392156862,0.12706568837165833,0.1308659017086029,0.12896579504013062,0.1301058530807495,0.0038002170622348785,0.25413137674331665,-0.9283742904663086,0.06120997667312622,-0.9895842671394348,-0.8671643137931824,-0.29868197441101074,0.29868197441101074,281.729248046875,281.369873046875,282.0886535644531
0755,8,0,0,0.0,0.0,1,1,1,1,1,1.0,0.5372549019607843,0.8,0.5490196078431373,0.5372549019607843,0.8,0.5490196078431373,0.10566316545009613,0.10566316545009613,0.10566316545009613,0.10566316545009613,0.0,0.10566316545009613,-0.6019211411476135,0.0,-0.6019211411476135,-0.6019211411476135,-0.1598260998725891,0.1598260998725891,283.3019714355469,283.3019714355469,283.3019714355469
0755,9,0,0,0.0,0.0,14,2,4,4,32,0.4375,0.5747899159663866,0.7392156862745098,0.5549019607843138,0.5725490196078431,0.7372549019607844,0.5529411764705883,0.11329846829175949,0.12269242107868195,0.11955711245536804,0.12043364346027374,0.006817890331149101,1.5861785411834717,-0.2142578661441803,0.05719175189733505,-0.35708120465278625,-0.13264453411102295,-0.1410229429602623,0.1410229429602623,278.0874938964844,276.51220703125,280.0946350097656
0755,10,0,0,0.0,0.0,27,4,6,4,96,0.28125,0.6187363834422658,0.37240377632534494,0.6498184458968772,0.6196078431372549,0.3764705882352941,0.6470588235294118,0.2231406420469284,0.3062436282634735,0.2782093286514282,0.2903009355068207,0.06646493077278137,6.024797439575195,1.224554419517517,0.4517619013786316,0.3570352792739868,1.8056713342666626,-0.8592685461044312,0.8592685461044312,248.37278747558594,246.49746704101562,249.64974975585938
0759,1,1,80,0.6015037593984962,0.7407407407407407,133,7,7,6,294,0.4523809523809524,0.663983488132095,0.5991744066047472,0.5227480465870559,0.6588235294117647,0.6,0.5254901960784314,0.6998395323753357,1.0,0.9998492002487183,0.9999987483024597,0.3611128330230713,93.07865905761719,0.17892585694789886,0.3560907542705536,-0.5055215358734131,1.1021023988723755,-0.07389850914478302,0.07389850914478302,264.812255859375,262.133544921875,267.5836181640625
0763,1,1,95044,0.8214551174569151,0.8779072989599306,115702,104,59,69,423384,0.2732791036033483,0.4754555188341985,0.700299111618641,0.44284813338301987,0.4362934362934363,0.703125,0.5542635658914729,0.8986361026763916,0.9999767541885376,0.9996306896209717,0.9998309016227722,0.2262871414422989,103973.9921875,-0.09747903048992157,0.4512663781642914,-0.7354137301445007,1.9729703664779663,-0.43166325986385345,0.43166325986385345,247.2932586669922,203.80873107910156,287.82806396484375
0763,2,1,134,0.788235294117647,0.0026536755386565272,170,8,8,7,448,0.3794642857142857,0.4607540313422666,0.5566865808823529,0.5345645234838121,0.46332046332046334,0.5546875,0.5348837209302325,0.7200726866722107,0.9997788071632385,0.9964090585708618,0.9991335868835449,0.3319701850414276,122.41236114501953,1.3478304147720337,0.1631615310907364,0.7802956700325012,1.6389743089675903,-0.1986095905303955,0.1986095905303955,231.98667907714844,229.19424438476562,234.5996551513672
0763,3,0,0,0.0,0.0,1,1,1,1,1,1.0,0.4517374517374517,0.546875,0.5271317829457365,0.4517374517374517,0.546875,0.5271317829457365,0.14388734102249146,0.14388734102249146,0.14388734102249146,0.14388734102249146,0.0,0.14388734102249146,1.4623364210128784,0.0,1.4623364210128784,1.4623364210128784,-0.13491225242614746,0.13491225242614746,228.0789337158203,228.0789337158203,228.0789337158203
0763,4,1,252,0.8344370860927153,0.004983980064079744,302,11,8,8,704,0.4289772727272727,0.5032601191541588,0.5572356167218543,0.5128856717490631,0.5057915057915058,0.5546875,0.5116279069767442,0.7181056141853333,0.9997513294219971,0.9964080452919006,0.9992684721946716,0.3209390640258789,216.86788940429688,0.3406978249549866,0.441222608089447,-0.32654693722724915,1.2957741022109985,-0.5457854270935059,0.5457854270935059,234.7769317626953,231.60958862304688,239.18612670898438
0763,5,1,1,1.0,1.9836743600170596e-05,1,1,1,1,1,1.0,0.5212355212355212,0.69921875,0.4573643410852713,0.5212355212355212,0.69921875,0.4573643410852713,0.11695851385593414,0.11695851385593414,0.11695851385593414,0.11695851385593414,0.0,0.11695851385593414,0.14297649264335632,0.0,0.14297649264335632,0.14297649264335632,-0.12325412034988403,0.12325412034988403,253.89170837402344,253.89170837402344,253.89170837402344
0763,6,1,89,0.956989247311828,0.001763860674825348,93,9,6,5,270,0.34444444444444444,0.5590152364345913,0.558635752688172,0.5257564391097774,0.5637065637065637,0.55859375,0.5271317829457365,0.551146388053894,0.9789801836013794,0.7890199422836304,0.8885465264320374,0.2752232849597931,51.256614685058594,1.4055863618850708,0.1329151839017868,1.0802768468856812,1.6321626901626587,-0.14767420291900635,0.14767420291900635,245.1707763671875,241.42079162597656,248.98794555664062
0763,7,1,257,0.7932098765432098,0.005081762996065094,324,9,9,11,891,0.36363636363636365,0.5756828256828257,0.6139564043209876,0.5691573356302038,0.5752895752895753,0.609375,0.5658914728682171,0.8152266144752502,0.9999154806137085,0.9986831545829773,0.9996991157531738,0.27609458565711975,264.1334228515625,0.8132696151733398,0.2585350275039673,0.2421989142894745,1.346480131149292,-0.48046839237213135,0.48046839237213135,262.3053283691406,256.98443603515625,267.4041748046875
0763,8,0,0,0.0,0.0,6,2,2,2,8,0.75,0.5965250965250966,0.6575520833333334,0.6304909560723514,0.5945945945945946,0.65625,0.6317829457364341,0.16966165602207184,0.2191644012928009,0.19638969004154205,0.21167799830436707,0.03776465356349945,1.0179699659347534,-0.2592938244342804,0.16293643414974213,-0.5382270216941833,-0.02141929231584072,-0.25987963139778003,0.25987963139778003,281.02880859375,280.166015625,281.89715576171875
0763,9,0,0,0.0,0.0,19,4,3,4,48,0.3958333333333333,0.7051412314570209,0.6254111842105263,0.5595675234598123,0.7027027027027027,0.625,0.5581395348837209,0.18027466535568237,0.2916550636291504,0.21401424705982208,0.2711060345172882,0.058762338012456894,3.4252185821533203,-0.26103875041007996,0.21951180696487427,-0.5528085231781006,0.2044052928686142,-0.2500399462878704,0.2500399462878704,283.1927795410156,282.3986511230469,284.2569274902344
0763,10,0,0,0.0,0.0,19,2,5,5,50,0.38,0.7415159520422678,0.5361842105263158,0.3596491228070175,0.7413127413127413,0.53515625,0.35658914728682173,0.1593167781829834,0.23466798663139343,0.2011519968509674,0.21870844066143036,0.044435612857341766,3.0270187854766846,0.3442005217075348,0.5076997876167297,-0.20739524066448212,1.6743875741958618,-0.07284137606620789,0.07284137606620789,254.40647888183594,252.85964965820312,256.1152038574219
0764,1,1,454,0.6513629842180775,0.700077101002313,697,10,22,20,4400,0.15840909090909092,0.4421973292131111,0.6955027038958173,0.6526064084170253,0.43846153846153846,0.6923076923076923,0.6431372549019608,0.7783851027488708,0.9999996423721313,0.9996867179870605,0.9999846816062927,0.299873024225235,542.534423828125,0.24886059761047363,0.09241658449172974,-0.007056121714413166,0.4711959660053253,-0.06462031602859497,0.06462031602859497,271.7700500488281,260.41888427734375,284.2551574707031
0764,2,1,52,0.5977011494252874,0.15138282387190685,87,12,6,5,360,0.24166666666666667,0.6034924845269672,0.6014146772767462,0.6550822627901735,0.5961538461538461,0.6,0.6549019607843137,0.7984619736671448,0.9999984502792358,0.9993777275085449,0.9999734163284302,0.2728750705718994,69.46619415283203,0.3862379789352417,0.12617580592632294,0.044624123722314835,0.5953723788261414,-0.24085336923599243,0.24085336923599243,278.0238342285156,274.4503479003906,281.819091796875
0764,3,0,0,0.0,0.0,2,2,1,1,2,1.0,0.6096153846153847,0.6153846153846154,0.6431372549019608,0.6076923076923076,0.6153846153846154,0.6431372549019608,0.12831418216228485,0.1466291844844818,0.13747169077396393,0.14296618103981018,0.018314998596906662,0.2566283643245697,0.4200518727302551,0.027078285813331604,0.39297357201576233,0.44713014364242554,-0.15877103805541992,0.15877103805541992,279.17095947265625,278.8852844238281,279.45660400390625
0767,1,1,38051,0.7947657539110637,0.8405252868866039,47877,33,88,49,142296,0.33646061730477317,0.30826705852046526,0.39760865977236604,0.5322300977955358,0.3176470588235294,0.37254901960784315,0.5490196078431373,0.8840007781982422,0.9999988079071045,0.9999604821205139,0.9999858736991882,0.24147574603557587,42323.3046875,0.8510806560516357,0.6939079761505127,-0.55613112449646,2.949469566345215,-0.3517115116119385,0.3517115116119385,188.1856231689453,157.35946655273438,224.19187927246094
0767,2,1,701,0.8355184743742551,0.03222766246006022,839,15,15,15,3375,0.2485925925925926,0.29631914744443666,0.31502021547594006,0.653607235504452,0.2901960784313726,0.3215686274509804,0.6588235294117647,0.6711095571517944,0.9998377561569214,0.9860844612121582,0.9986791014671326,0.32139888405799866,563.0609130859375,1.1715683937072754,0.5718607306480408,0.0021682765800505877,2.2743167877197266,-0.5362359285354614,0.5362359285354614,200.27633666992188,191.65072631835938,208.67678833007812
0767,3,0,0,0.0,0.0,1,1,1,1,1,1.0,0.30980392156862746,0.4549019607843137,0.6980392156862745,0.30980392156862746,0.4549019607843137,0.6980392156862745,0.10968385636806488,0.10968385636806488,0.10968385636806488,0.10968385636806488,0.0,0.10968385636806488,0.5474839806556702,0.0,0.5474839806556702,0.5474839806556702,-0.3700355887413025,0.3700355887413025,227.02423095703125,227.02423095703125,227.02423095703125
0767,4,0,0,0.0,0.0,2,2,1,1,2,1.0,0.31176470588235294,0.4588235294117647,0.6941176470588235,0.30980392156862746,0.4588235294117647,0.6941176470588235,0.11955845355987549,0.13499590754508972,0.1272771805524826,0.13190841674804688,0.015437453985214233,0.23911690711975098,0.6318780183792114,0.07141038775444031,0.5604676604270935,0.7032884359359741,-0.4097081422805786,0.4097081422805786,226.9327392578125,226.75537109375,227.110107421875
0767,5,0,0,0.0,0.0,3,2,1,2,4,0.75,0.3163398692810458,0.4549019607843137,0.7045751633986927,0.3176470588235294,0.4549019607843137,0.7058823529411765,0.11691103130578995,0.13391073048114777,0.12438318878412247,0.13009971380233765,0.013121828436851501,0.35073310136795044,0.6903047561645508,0.3291482925415039,0.2748261094093323,1.0798159837722778,-0.20449334383010864,0.20449334383010864,228.92333984375,228.51914978027344,229.3032989501953
0767,6,1,32,0.8888888888888888,0.0014988290398126464,36,6,5,4,120,0.3,0.369281045751634,0.6355119825708061,0.6002178649237472,0.3686274509803922,0.6352941176470588,0.6,0.20501047372817993,0.3863593339920044,0.24913018941879272,0.32041388750076294,0.07396645098924637,7.380377292633057,0.8958800435066223,0.25427117943763733,0.31377723813056946,1.24860417842865,-0.4065350890159607,0.4065350890159607,242.37635803222656,239.0983123779297,244.59762573242188
0767,7,0,0,0.0,0.0,17,5,3,4,60,0.2833333333333333,0.38523644752018454,0.2447520184544406,0.5079584775086505,0.3843137254901961,0.24705882352941178,0.5058823529411764,0.1545449197292328,0.23408617079257965,0.16717243194580078,0.2225322127342224,0.04264291748404503,2.6272635459899902,1.7099075317382812,0.17476968467235565,1.3394900560379028,1.9886753559112549,-0.21078813076019287,0.21078813076019287,174.70620727539062,173.25991821289062,176.266845703125
0767,8,0,0,0.0,0.0,1,1,1,1,1,1.0,0.3803921568627451,0.24705882352941178,0.5137254901960784,0.3803921568627451,0.24705882352941178,0.5137254901960784,0.10381728410720825,0.10381728410720825,0.10381728410720825,0.10381728410720825,0.0,0.10381728410720825,1.6381152868270874,0.0,1.6381152868270874,1.6381152868270874,-0.11360740661621094,0.11360740661621094,175.3111572265625,175.3111572265625,175.3111572265625
0767,9,1,182,0.6791044776119403,0.008478524177769496,268,9,9,10,810,0.3308641975308642,0.416695932104185,0.6258121158911326,0.5804506877377817,0.4117647058823529,0.6313725490196078,0.5882352941176471,0.5410645008087158,0.9931643605232239,0.8068616986274719,0.9243095517158508,0.2857791781425476,145.00527954101562,1.1704596281051636,0.41832485795021057,0.20990759134292603,1.9497241973876953,-0.32936692237854004,0.32936692237854004,242.66612243652344,238.0462188720703,247.00607299804688
0767,10,1,11,0.55,0.0005154156124074595,20,8,3,2,48,0.4166666666666667,0.5131372549019607,0.48411764705882354,0.663921568627451,0.5098039215686274,0.48627450980392156,0.6627450980392157,0.3594653010368347,0.6764850616455078,0.4881497025489807,0.554610550403595,0.1660546213388443,7.189305782318115,1.4816614389419556,0.6028198599815369,-0.049766551703214645,2.3652029037475586,-0.42798614501953125,0.42798614501953125,247.569091796875,246.15036010742188,249.865966796875
0767,11,1,886,0.729818780889621,0.04038470304024796,1214,20,13,24,6240,0.19455128205128205,0.5884064993377911,0.4891074716542301,0.7064799560680946,0.5686274509803921,0.48627450980392156,0.6784313725490196,0.7635675072669983,0.999980628490448,0.9954062700271606,0.9995222091674805,0.2842477858066559,926.970947265625,1.7506479024887085,0.39050906896591187,0.17095646262168884,2.754714012145996,-0.5946670770645142,0.5946670770645142,266.166748046875,252.18446350097656,274.2298278808594
0770,1,1,118,0.5339366515837104,0.6327077747989276,221,10,11,5,550,0.4018181818181818,0.4882949469671618,0.46890358510268015,0.5367377720318897,0.48231511254019294,0.4676923076923077,0.5365079365079365,0.7605029344558716,1.0,0.9999048709869385,0.9999974966049194,0.32399478554725647,168.07115173339844,1.0649998188018799,0.4164084494113922,-0.4995780885219574,1.6691251993179321,0.08976894617080688,0.08976894617080688,274.1966247558594,270.6695251464844,277.9226379394531
0773,1,0,0,0.0,0.0,1,1,1,1,1,1.0,0.403921568627451,0.6980392156862745,0.5294117647058824,0.403921568627451,0.6980392156862745,0.5294117647058824,0.14240902662277222,0.14240902662277222,0.14240902662277222,0.14240902662277222,0.0,0.14240902662277222,2.094883680343628,0.0,2.094883680343628,2.094883680343628,-0.5290985107421875,0.5290985107421875,246.42442321777344,246.42442321777344,246.42442321777344
0773,2,0,0,0.0,0.0,3,1,3,1,3,1.0,0.403921568627451,0.7058823529411765,0.5254901960784314,0.403921568627451,0.7019607843137254,0.5254901960784314,0.12690521776676178,0.14003555476665497,0.13926713168621063,0.13972818851470947,0.017493626102805138,0.38071566820144653,2.246445417404175,0.060206666588783264,2.1626501083374023,2.3014206886291504,-0.43810319900512695,0.43810319900512695,247.33038330078125,246.60292053222656,248.05845642089844
0775,1,1,594,0.7909454061251664,0.8583815028901735,751,12,18,12,2592,0.28973765432098764,0.28517793269105246,0.5685752330226365,0.43542988433722357,0.2784313725490196,0.5529411764705883,0.43137254901960786,0.830259382724762,1.0,0.9999991655349731,1.0,0.2761388421058655,623.5247802734375,0.8336199522018433,0.5148545503616333,-0.19123215973377228,2.3605833053588867,-0.28906047344207764,0.28906047344207764,196.98593139648438,191.31126403808594,203.73020935058594
0775,2,0,0,0.0,0.0,1,1,1,1,1,1.0,0.2980392156862745,0.6039215686274509,0.43137254901960786,0.2980392156862745,0.6039215686274509,0.43137254901960786,0.18008467555046082,0.18008467555046082,0.18008467555046082,0.18008467555046082,0.0,0.18008467555046082,0.7855585217475891,0.0,0.7855585217475891,0.7855585217475891,-0.28197962045669556,0.28197962045669556,204.31593322753906,204.31593322753906,204.31593322753906
0776,1,0,0,0.0,0.0,13,2,5,3,30,0.43333333333333335,0.2751131221719457,0.2310708898944193,0.4627450980392157,0.27450980392156865,0.23137254901960785,0.4627450980392157,0.20228253304958344,0.3220796287059784,0.25048235058784485,0.303266316652298,0.0680919960141182,2.6296730041503906,0.048917822539806366,0.19807444512844086,-0.24315766990184784,0.5397834181785583,-0.34876928478479385,0.34876928478479385,149.86683654785156,148.6405029296875,151.00331115722656
0776,2,0,0,0.0,0.0,381,9,12,10,1080,0.3527777777777778,0.7253975605990428,0.5434923575729504,0.42509392208326896,0.7215686274509804,0.5411764705882353,0.4196078431372549,0.7554442882537842,0.9999998807907104,0.9998676180839539,0.9999980330467224,0.3139583170413971,287.82427978515625,0.1980745792388916,0.4171220362186432,-0.5435702800750732,1.74405837059021,0.023343414068222046,0.023343414068222046,256.03729248046875,251.1354217529297,261.23553466796875
0779,1,1,15537,0.760238782600186,0.7298820876591346,20437,36,59,46,97704,0.20917260296405468,0.3317088287582978,0.5910890186676031,0.2781986151606995,0.30196078431372547,0.5803921568627451,0.3333333333333333,0.8438453078269958,1.0,0.9999906420707703,0.9999987483024597,0.27180492877960205,17245.666015625,0.47397661209106445,0.395590603351593,-0.6612487435340881,2.476541042327881,-0.14277493953704834,0.14277493953704834,187.6084747314453,152.9771270751953,216.864013671875
0779,2,0,0,0.0,0.0,9,2,3,3,18,0.5,0.2845315904139434,0.5363834422657952,0.39694989106753814,0.28627450980392155,0.5372549019607843,0.396078431372549,0.16144675016403198,0.2832121253013611,0.18029829859733582,0.2136363983154297,0.050734177231788635,1.4530208110809326,0.49399444460868835,0.1739785373210907,0.2405862659215927,0.836840808391571,-0.39618024230003357,0.39618024230003357,185.37879943847656,184.4613800048828,186.14242553710938
0779,3,1,65,0.5603448275862069,0.005841908956095807,116,6,8,6,288,0.4027777777777778,0.2999661933739013,0.5013860716700473,0.5069979716024341,0.2980392156862745,0.5019607843137255,0.5058823529411764,0.6783317923545837,0.998110830783844,0.9376952648162842,0.9470424652099609,0.32416582107543945,78.68648529052734,0.8816242814064026,0.3545006513595581,0.20332033932209015,1.7684886455535889,-0.21746796369552612,0.21746796369552612,197.6619415283203,194.53533935546875,200.63150024414062
0779,4,0,0,0.0,0.0,13,4,3,3,36,0.3611111111111111,0.3330316742081448,0.5161387631975867,0.30226244343891406,0.3333333333333333,0.5176470588235295,0.30196078431372547,0.3612716794013977,0.6933940649032593,0.5668655633926392,0.6262165904045105,0.21410733461380005,4.696531772613525,0.9807446599006653,0.17211687564849854,0.7250431180000305,1.2914849519729614,-0.29429715871810913,0.29429715871810913,175.0634765625,173.62603759765625,176.2866973876953
0779,5,0,0,0.0,0.0,3,2,2,1,4,0.75,0.34771241830065364,0.4483660130718954,0.30980392156862746,0.34901960784313724,0.4470588235294118,0.30980392156862746,0.2152361422777176,0.2847968637943268,0.23933887481689453,0.2666136622428894,0.0503934845328331,0.645708441734314,1.0256547927856445,0.04918849468231201,0.9560918211936951,1.0604363679885864,-0.3662787675857544,0.3662787675857544,165.388671875,164.79684448242188,166.03012084960938
0779,6,0,0,0.0,0.0,1,1,1,1,1,1.0,0.34901960784313724,0.5098039215686274,0.30980392156862746,0.34901960784313724,0.5098039215686274,0.30980392156862746,0.1038653701543808,0.1038653701543808,0.1038653701543808,0.1038653701543808,0.0,0.1038653701543808,0.7697622179985046,0.0,0.7697622179985046,0.7697622179985046,-0.31054919958114624,0.31054919958114624,176.75123596191406,176.75123596191406,176.75123596191406
0779,7,1,550,0.7596685082872928,0.04811688027645335,724,25,17,27,11475,0.06309368191721133,0.537883219586177,0.5617538728198462,0.4652854511970534,0.5058823529411764,0.5490196078431373,0.44313725490196076,0.7841411828994751,1.0,0.9993856549263,0.9999738335609436,0.29897433519363403,567.7182006835938,0.9977431297302246,0.4870491325855255,-0.2289642095565796,1.8728331327438354,-0.46239209175109863,0.46239209175109863,231.7322998046875,218.05963134765625,253.7735137939453
0779,8,0,0,0.0,0.0,1,1,1,1,1,1.0,0.5215686274509804,0.5764705882352941,0.4549019607843137,0.5215686274509804,0.5764705882352941,0.4549019607843137,0.12737031280994415,0.12737031280994415,0.12737031280994415,0.12737031280994415,0.0,0.12737031280994415,0.9486385583877563,0.0,0.9486385583877563,0.9486385583877563,-0.22514820098876953,0.22514820098876953,230.2628936767578,230.2628936767578,230.2628936767578
0779,9,0,0,0.0,0.0,1,1,1,1,1,1.0,0.5254901960784314,0.5450980392156862,0.4627450980392157,0.5254901960784314,0.5450980392156862,0.4627450980392157,0.13637478649616241,0.13637478649616241,0.13637478649616241,0.13637478649616241,0.0,0.13637478649616241,1.0306236743927002,0.0,1.0306236743927002,1.0306236743927002,-0.20340967178344727,0.20340967178344727,226.87001037597656,226.87001037597656,226.87001037597656
0779,10,0,0,0.0,0.0,1,1,1,1,1,1.0,0.5843137254901961,0.6,0.5372549019607843,0.5843137254901961,0.6,0.5372549019607843,0.1254138946533203,0.1254138946533203,0.1254138946533203,0.1254138946533203,0.0,0.1254138946533203,1.2467658519744873,0.0,1.2467658519744873,1.2467658519744873,-0.18881404399871826,0.18881404399871826,254.31869506835938,254.31869506835938,254.31869506835938
0779,11,0,0,0.0,0.0,1,1,1,1,1,1.0,0.6745098039215687,0.49019607843137253,0.30196078431372547,0.6745098039215687,0.49019607843137253,0.30196078431372547,0.16567716002464294,0.16567716002464294,0.16567716002464294,0.16567716002464294,0.0,0.16567716002464294,0.6281517744064331,0.0,0.6281517744064331,0.6281517744064331,-0.3338404893875122,0.3338404893875122,226.89865112304688,226.89865112304688,226.89865112304688
0779,12,0,0,0.0,0.0,3,1,2,2,4,0.75,0.6823529411764706,0.4849673202614379,0.29934640522875816,0.6823529411764706,0.48627450980392156,0.2980392156862745,0.15139882266521454,0.170613631606102,0.16060596704483032,0.16661056876182556,0.015372440218925476,0.4541964530944824,0.9734824299812317,0.09155254811048508,0.866653561592102,1.0902490615844727,-0.19485574960708618,0.19485574960708618,227.4764404296875,227.002197265625,227.8815460205078
0779,13,0,0,0.0,0.0,2,2,1,1,2,1.0,0.6843137254901961,0.4980392156862745,0.28627450980392155,0.6862745098039216,0.4980392156862745,0.28627450980392155,0.18482482433319092,0.19796231389045715,0.19139356911182404,0.19533482193946838,0.013137482106685638,0.36964964866638184,1.2430393695831299,0.0037265419960021973,1.239312767982483,1.2467658519744873,-0.17183709144592285,0.17183709144592285,228.60086059570312,228.2169952392578,228.98471069335938
0779,14,0,0,0.0,0.0,1,1,1,1,1,1.0,0.6823529411764706,0.5019607843137255,0.2901960784313726,0.6823529411764706,0.5019607843137255,0.2901960784313726,0.10411306470632553,0.10411306470632553,0.10411306470632553,0.10411306470632553,0.0,0.10411306470632553,1.0902490615844727,0.0,1.0902490615844727,1.0902490615844727,-0.10869228839874268,0.10869228839874268,229.09605407714844,229.09605407714844,229.09605407714844
0779,15,0,0,0.0,0.0,1,1,1,1,1,1.0,0.6862745098039216,0.4823529411764706,0.30196078431372547,0.6862745098039216,0.4823529411764706,0.30196078431372547,0.11447983980178833,0.11447983980178833,0.11447983980178833,0.11447983980178833,0.0,0.11447983980178833,0.9635449051856995,0.0,0.9635449051856995,0.9635449051856995,-0.17577093839645386,0.17577093839645386,228.109619140625,228.109619140625,228.109619140625
0779,16,1,3696,0.7649006622516556,0.27409247654714675,4832,21,41,27,23247,0.20785477696046803,0.7347422412673679,0.48649850668744316,0.3043508959875341,0.7137254901960784,0.5215686274509804,0.27058823529411763,0.7975639700889587,1.0,0.9999963045120239,0.9999997615814209,0.3022463321685791,3853.8291015625,0.8462329506874084,0.5430477857589722,-0.6388891935348511,3.013170003890991,0.11857467889785767,0.11857467889785767,238.76541137695312,227.98684692382812,247.9778289794922
0779,17,0,0,0.0,0.0,1,1,1,1,1,1.0,0.6941176470588235,0.49411764705882355,0.30196078431372547,0.6941176470588235,0.49411764705882355,0.30196078431372547,0.10320970416069031,0.10320970416069031,0.10320970416069031,0.10320970416069031,0.0,0.10320970416069031,1.179687261581421,0.0,1.179687261581421,1.179687261581421,0.010558724403381348,0.010558724403381348,231.27688598632812,231.27688598632812,231.27688598632812
0779,18,0,0,0.0,0.0,1,1,1,1,1,1.0,0.6980392156862745,0.49411764705882355,0.3058823529411765,0.6980392156862745,0.49411764705882355,0.3058823529411765,0.20743194222450256,0.20743194222450256,0.20743194222450256,0.20743194222450256,0.0,0.20743194222450256,0.8442941308021545,0.0,0.8442941308021545,0.8442941308021545,-0.24378114938735962,0.24378114938735962,232.3811492919922,232.3811492919922,232.3811492919922
0779,19,1,25,0.5952380952380952,0.0022543847783939763,42,6,5,4,120,0.35,0.7444444444444445,0.4200746965452848,0.37936507936507935,0.7411764705882353,0.4235294117647059,0.3803921568627451,0.4877602756023407,0.9985743761062622,0.8203492164611816,0.989996075630188,0.3270801603794098,20.485931396484375,0.8269032835960388,0.28819581866264343,0.33002451062202454,1.52998685836792,-0.21284955739974976,0.21284955739974976,239.2783203125,237.1160125732422,241.45806884765625
0779,20,1,43,0.5584415584415584,0.0038714324299991,77,6,8,5,240,0.32083333333333336,0.7437738731856378,0.454087089381207,0.3722943722943723,0.7372549019607844,0.4588235294117647,0.37254901960784315,0.5872272849082947,0.9999896287918091,0.9842355251312256,0.9996801614761353,0.3384094536304474,45.21649932861328,0.7090719938278198,0.33363601565361023,-0.16933871805667877,1.343657374382019,-0.14074862003326416,0.14074862003326416,242.44212341308594,240.07498168945312,244.95713806152344
0779,21,0,0,0.0,0.0,9,2,2,3,12,0.75,0.7551198257080609,0.3978213507625272,0.3699346405228758,0.7529411764705882,0.396078431372549,0.3686274509803922,0.3152390718460083,0.4408639669418335,0.4369605779647827,0.4400371015071869,0.12609106302261353,2.837151527404785,0.6596207618713379,0.2544479966163635,0.13624174892902374,0.9486385583877563,-0.2853395938873291,0.2853395938873291,238.02142333984375,237.2467041015625,238.8828125
0780,1,0,0,0.0,0.0,1,1,1,1,1,1.0,0.5607843137254902,0.5529411764705883,0.4980392156862745,0.5607843137254902,0.5529411764705883,0.4980392156862745,0.1088065505027771,0.1088065505027771,0.1088065505027771,0.1088065505027771,0.0,0.1088065505027771,-0.4520696997642517,0.0,-0.4520696997642517,-0.4520696997642517,-0.17485937476158142,0.17485937476158142,238.2141876220703,238.2141876220703,238.2141876220703
0780,2,0,0,0.0,0.0,1,1,1,1,1,1.0,0.5647058823529412,0.5529411764705883,0.49411764705882355,0.5647058823529412,0.5529411764705883,0.49411764705882355,0.11556535959243774,0.11556535959243774,0.11556535959243774,0.11556535959243774,0.0,0.11556535959243774,-0.3528008460998535,0.0,-0.3528008460998535,-0.3528008460998535,-0.06003710627555847,0.06003710627555847,238.28973388671875,238.28973388671875,238.28973388671875
0780,3,1,179,0.8026905829596412,0.012055901666947297,223,8,9,7,504,0.44246031746031744,0.5844895805855974,0.5094522113778247,0.50632199067968,0.592156862745098,0.5137254901960784,0.5098039215686274,0.7250568866729736,0.9999136924743652,0.9936145544052124,0.9994804263114929,0.30877020955085754,161.68768310546875,-0.15424785017967224,0.2374543696641922,-0.6267033219337463,0.3538118004798889,-0.4663487374782562,0.4663487374782562,236.7820587158203,232.01077270507812,241.38143920898438
0780,4,0,0,0.0,0.0,3,2,2,1,4,0.75,0.5738562091503269,0.5437908496732026,0.49411764705882355,0.5764705882352941,0.5450980392156862,0.49411764705882355,0.10749874264001846,0.10875121504068375,0.1081012636423111,0.10849123448133469,0.0010038305772468448,0.322496235370636,-0.4242922067642212,0.11353208124637604,-0.5473545789718628,-0.2734523415565491,-0.2310941070318222,0.2310941070318222,238.3521728515625,237.75828552246094,238.95816040039062
0780,5,0,0,0.0,0.0,12,3,2,4,24,0.5,0.5882352941176471,0.5385620915032681,0.49673202614379086,0.5882352941176471,0.5372549019607843,0.4980392156862745,0.2882221043109894,0.6247625350952148,0.3022758960723877,0.5143767595291138,0.14767056703567505,3.458665370941162,-0.25189971923828125,0.1321420818567276,-0.50364089012146,-0.027327457442879677,-0.34164341539144516,0.34164341539144516,240.22312927246094,239.15475463867188,241.30685424804688
0780,6,0,0,0.0,0.0,6,2,3,2,12,0.5,0.5928104575163399,0.5124183006535947,0.4522875816993464,0.592156862745098,0.5137254901960784,0.45098039215686275,0.1364397555589676,0.19698026776313782,0.15877428650856018,0.1845116913318634,0.03504079952836037,0.8186385631561279,-0.2568705379962921,0.10275588184595108,-0.3528008460998535,-0.04713708162307739,-0.14939073473215103,0.14939073473215103,231.3677215576172,230.714111328125,231.84693908691406
0780,7,0,0,0.0,0.0,14,2,4,4,32,0.4375,0.5932773109243697,0.5518207282913166,0.49663865546218483,0.592156862745098,0.5529411764705883,0.4980392156862745,0.1633458435535431,0.2436535507440567,0.19563759863376617,0.23989859223365784,0.04587221145629883,2.286841869354248,-0.14865079522132874,0.11206381767988205,-0.32900747656822205,0.004434087313711643,-0.2679261118173599,0.2679261118173599,242.9625701904297,241.45599365234375,244.3399200439453
0780,8,1,28147,0.7957423951147801,0.8681450866695454,35372,44,91,41,164164,0.2154674593698984,0.7075122008545587,0.4316856359189611,0.5018646630878971,0.7254901960784313,0.2784313725490196,0.47843137254901963,0.8603971600532532,0.9999977350234985,0.9999067783355713,0.9999687671661377,0.2587733864784241,30433.96875,-0.29441091418266296,0.26526331901550293,-0.987922191619873,0.9731077551841736,-0.300831840839237,0.300831840839237,249.02835083007812,223.22410583496094,270.9187927246094
0780,9,0,0,0.0,0.0,10,3,2,3,18,0.5555555555555556,0.6505882352941177,0.16666666666666666,0.49333333333333335,0.6549019607843137,0.16470588235294117,0.49411764705882355,0.15852221846580505,0.19907528162002563,0.16644389927387238,0.18581567704677582,0.02198883518576622,1.5852222442626953,-0.35915330052375793,0.16524070501327515,-0.5949417352676392,-0.06694646179676056,-0.5303934514522552,0.5303934514522552,213.27902221679688,212.0023651123047,214.94650268554688
0780,10,1,19,1.0,0.0012885287036723068,19,3,4,3,36,0.5277777777777778,0.6621259029927761,0.4666666666666667,0.6485036119711043,0.6588235294117647,0.4666666666666667,0.6509803921568628,0.19891321659088135,0.2981315851211548,0.21431264281272888,0.27717047929763794,0.047957681119441986,3.779350996017456,-0.08642400056123734,0.25176897644996643,-0.50364089012146,0.3498278260231018,-0.6017026975750923,0.6017026975750923,265.2460021972656,264.0265197753906,266.3794250488281
0780,11,0,0,0.0,0.0,38,4,8,7,224,0.16964285714285715,0.6883384932920537,0.29855521155830755,0.47667698658410734,0.6862745098039216,0.29411764705882354,0.4823529411764706,0.20675116777420044,0.38819408416748047,0.273322731256485,0.3330595791339874,0.08255857974290848,7.856544494628906,0.0046845716424286366,0.0885891318321228,-0.20594504475593567,0.12351255863904953,-0.1645277994684875,0.1645277994684875,227.4599609375,225.3042449951172,230.1477813720703
0780,12,0,0,0.0,0.0,11,2,4,2,16,0.6875,0.6955436720142603,0.3215686274509804,0.4413547237076649,0.6941176470588235,0.3215686274509804,0.44313725490196076,0.1606650948524475,0.2328217327594757,0.19297057390213013,0.20041388273239136,0.03641269728541374,1.7673161029815674,-0.1384478658437729,0.0636083334684372,-0.26548415422439575,-0.019359510391950607,-0.17105918377637863,0.17105918377637863,226.2856903076172,225.36415100097656,227.01101684570312
0780,13,0,0,0.0,0.0,1,1,1,1,1,1.0,0.6941176470588235,0.5098039215686274,0.5568627450980392,0.6941176470588235,0.5098039215686274,0.5568627450980392,0.10845780372619629,0.10845780372619629,0.10845780372619629,0.10845780372619629,0.0,0.10845780372619629,-0.023343482986092567,0.0,-0.023343482986092567,-0.023343482986092567,-0.13434130139648914,0.13434130139648914,262.1983947753906,262.1983947753906,262.1983947753906
0780,14,0,0,0.0,0.0,3,2,2,1,4,0.75,0.7045751633986927,0.33856209150326794,0.4666666666666667,0.7058823529411765,0.33725490196078434,0.4666666666666667,0.13978999853134155,0.16294384002685547,0.15764127671718597,0.1608228087425232,0.02561407908797264,0.41936999559402466,-0.01006332878023386,0.06435756385326385,-0.06694646179676056,0.07990933954715729,-0.1559985661879182,0.1559985661879182,232.92724609375,232.28646850585938,233.43307495117188
0780,15,0,0,0.0,0.0,22,5,3,4,60,0.36666666666666664,0.7263814616755793,0.4639928698752228,0.5445632798573975,0.7294117647058823,0.4666666666666667,0.5450980392156862,0.23290270566940308,0.6156028509140015,0.25169575214385986,0.47137248516082764,0.14862103760242462,5.123859405517578,-0.0011344616068527102,0.09165359288454056,-0.1821514517068863,0.16722626984119415,-0.1754385594977066,0.1754385594977066,260.7001647949219,258.42987060546875,262.34710693359375
0780,16,0,0,0.0,0.0,14,3,2,3,18,0.7777777777777778,0.7252100840336134,0.47282913165266105,0.5266106442577031,0.7254901960784313,0.47058823529411764,0.5254901960784314,0.23600199818611145,0.44941532611846924,0.2790408730506897,0.4249740242958069,0.11496099084615707,3.304028034210205,0.028844263404607773,0.1235930398106575,-0.23372261226177216,0.2465747594833374,-0.17014016583561897,0.17014016583561897,259.11468505859375,257.9825439453125,260.4515380859375
0780,17,0,0,0.0,0.0,6,2,2,2,8,0.75,0.7307189542483661,0.3784313725490196,0.550326797385621,0.7294117647058823,0.3764705882352941,0.5490196078431373,0.134041890501976,0.17211782932281494,0.1491125375032425,0.1631440371274948,0.023126624524593353,0.8042513132095337,-0.2356961965560913,0.07676567137241364,-0.32900747656822205,-0.13046979904174805,-0.3016989827156067,0.3016989827156067,253.1798553466797,252.5569305419922,253.67892456054688
0780,18,0,0,0.0,0.0,2,2,1,1,2,1.0,0.7313725490196078,0.5058823529411764,0.5176470588235295,0.7294117647058823,0.5058823529411764,0.5176470588235295,0.11296111345291138,0.11869405955076218,0.11582758277654648,0.11754746735095978,0.005732949823141098,0.22592222690582275,-0.14042985439300537,0.005976080894470215,-0.14640593528747559,-0.13445377349853516,-0.16640112549066544,0.16640112549066544,263.09954833984375,262.74322509765625,263.45587158203125
0780,19,0,0,0.0,0.0,1,1,1,1,1,1.0,0.7450980392156863,0.4392156862745098,0.5529411764705883,0.7450980392156863,0.4392156862745098,0.5529411764705883,0.10570243000984192,0.10570243000984192,0.10570243000984192,0.10570243000984192,0.0,0.10570243000984192,-0.2535319924354553,0.0,-0.2535319924354553,-0.2535319924354553,-0.28462778590619564,0.28462778590619564,262.49951171875,262.49951171875,262.49951171875
0781,1,0,0,0.0,0.0,116,15,5,8,600,0.19333333333333333,0.337998647734956,0.5887762001352265,0.5943204868154158,0.3254901960784314,0.5882352941176471,0.5882352941176471,0.7238338589668274,0.9999996423721313,0.9997590184211731,0.9999890923500061,0.3288128077983856,83.96472930908203,1.2188448905944824,0.3799389898777008,0.29629918932914734,1.7776142358779907,-0.4105628728866577,0.4105628728866577,230.48011779785156,225.09109497070312,235.2891845703125
0781,2,0,0,0.0,0.0,4,2,2,1,4,1.0,0.32745098039215687,0.4294117647058823,0.6666666666666666,0.3254901960784314,0.43137254901960786,0.6666666666666666,0.1750868707895279,0.1833995133638382,0.18326447904109955,0.1833454966545105,0.008257335983216763,0.7003474831581116,1.127305030822754,0.12990163266658783,0.9754527807235718,1.2923119068145752,-0.6516848802566528,0.6516848802566528,219.15953063964844,218.71670532226562,219.60191345214844
0781,3,0,0,0.0,0.0,45,12,3,2,72,0.625,0.34832244008714597,0.45202614379084965,0.668235294117647,0.3568627450980392,0.45098039215686275,0.6666666666666666,0.3257908225059509,0.7452491521835327,0.4196704924106598,0.6994057297706604,0.21395699679851532,14.6605863571167,1.586972951889038,0.2010166347026825,1.0669101476669312,1.8611739873886108,-0.4768688678741455,0.4768688678741455,224.49522399902344,221.63258361816406,227.42471313476562
0781,4,0,0,0.0,0.0,20,4,4,4,64,0.3125,0.41568627450980394,0.36627450980392157,0.6050980392156863,0.41568627450980394,0.3686274509803922,0.6078431372549019,0.2702554762363434,0.4926024079322815,0.37309888005256653,0.4864911437034607,0.12966053187847137,5.405109405517578,1.423705816268921,0.292719304561615,0.902036190032959,1.8740875720977783,-0.6320252418518066,0.6320252418518066,209.71826171875,207.11831665039062,212.19094848632812
0781,5,0,0,0.0,0.0,1,1,1,1,1,1.0,0.48627450980392156,0.49411764705882355,0.6470588235294118,0.48627450980392156,0.49411764705882355,0.6470588235294118,0.10456246137619019,0.10456246137619019,0.10456246137619019,0.10456246137619019,0.0,0.10456246137619019,0.8349043726921082,0.0,0.8349043726921082,0.8349043726921082,-0.3955647349357605,0.3955647349357605,242.33447265625,242.33447265625,242.33447265625
0781,6,0,0,0.0,0.0,27,3,6,3,54,0.5,0.6270152505446623,0.5279593318809005,0.4932461873638344,0.6274509803921569,0.5294117647058824,0.49411764705882355,0.5596621632575989,0.9961118698120117,0.9225303530693054,0.9779627919197083,0.3180876076221466,15.110878944396973,0.5130298733711243,0.3677908778190613,-0.29932886362075806,1.0515470504760742,-0.3920798897743225,0.3920798897743225,244.60595703125,242.72206115722656,246.61508178710938
0783,1,0,0,0.0,0.0,733,7,15,17,1785,0.4106442577030812,0.3837091726185699,0.23896423508011663,0.5752400823903914,0.3803921568627451,0.23921568627450981,0.5764705882352941,0.6108185052871704,0.9996741414070129,0.9206511974334717,0.9926214814186096,0.30368682742118835,447.72998046875,1.3632838726043701,0.26959577202796936,0.42700669169425964,2.065585136413574,-0.3055739402770996,0.3055739402770996,187.12278747558594,178.05055236816406,195.0205078125
0783,2,1,279,0.6905940594059405,0.025037017095167587,404,8,17,9,1224,0.3300653594771242,0.477615996893807,0.6895942535430013,0.5106969520481459,0.47843137254901963,0.6980392156862745,0.5176470588235295,0.6889221668243408,0.9999271035194397,0.9859637022018433,0.9991608262062073,0.3172908425331116,278.3245544433594,0.10736416280269623,0.3542352020740509,-0.535332977771759,1.0642316341400146,-0.40013839304447174,0.40013839304447174,250.93438720703125,243.57955932617188,258.17822265625
0783,3,0,0,0.0,0.0,1,1,1,1,1,1.0,0.48627450980392156,0.6784313725490196,0.5215686274509804,0.48627450980392156,0.6784313725490196,0.5215686274509804,0.1545567810535431,0.1545567810535431,0.1545567810535431,0.1545567810535431,0.0,0.1545567810535431,0.46602046489715576,0.0,0.46602046489715576,0.46602046489715576,-0.3045240640640259,0.3045240640640259,251.4816131591797,251.4816131591797,251.4816131591797
0783,4,1,480,0.6022584692597239,0.042328042328042326,797,10,20,13,2600,0.30653846153846154,0.5216522744605998,0.689123428543312,0.5109208551676631,0.5176470588235295,0.6862745098039216,0.5176470588235295,0.7119726538658142,0.9999858140945435,0.9961211681365967,0.9995976686477661,0.3151600956916809,567.4421997070312,0.3960208296775818,0.34757283329963684,-0.3142549395561218,1.2983142137527466,-0.2249017357826233,0.2249017357826233,256.569580078125,247.34388732910156,265.0301818847656
0783,5,0,0,0.0,0.0,48,7,4,8,224,0.21428571428571427,0.5572712418300653,0.6215686274509804,0.5733660130718955,0.5568627450980392,0.6196078431372549,0.5725490196078431,0.16068606078624725,0.226856991648674,0.18390895426273346,0.20882467925548553,0.03324221819639206,7.712930679321289,1.1113733053207397,0.18093104660511017,0.7521214485168457,1.5323967933654785,-0.17705094814300537,0.17705094814300537,258.8053283691406,254.35801696777344,262.8630676269531
0783,6,1,17497,0.7805933526656257,0.7899679443767212,22415,32,88,50,140800,0.1591974431818182,0.6738750749016984,0.4013140710221184,0.4835261751365726,0.6627450980392157,0.3254901960784314,0.4823529411764706,0.8706849217414856,0.9999996423721313,0.9999903440475464,0.9999974966049194,0.2506232261657715,19516.40234375,0.7090586423873901,0.5747770667076111,-0.6003559231758118,2.5077412128448486,-0.24806171655654907,0.24806171655654907,236.35809326171875,216.53868103027344,261.1225891113281
0783,7,1,701,0.7457446808510638,0.06142925995706086,940,17,14,17,4046,0.23232822540781017,0.6827492699207343,0.4132081768877764,0.6331748018356278,0.6862745098039216,0.42745098039215684,0.6313725490196078,0.7743573784828186,0.9999979734420776,0.9999077916145325,0.9999884366989136,0.3087451159954071,727.8959350585938,0.7614875435829163,0.5301754474639893,-0.4703100025653839,2.1045989990234375,-0.4175218939781189,0.4175218939781189,260.4827880859375,251.47763061523438,267.59857177734375
0783,8,1,437,0.6980830670926518,0.03882891287929273,626,13,10,12,1560,0.4012820512820513,0.681989600952202,0.5599072855979452,0.6243876464323749,0.6901960784313725,0.5607843137254902,0.6313725490196078,0.8098622560501099,0.9999940395355225,0.9998141527175903,0.9999523162841797,0.2824695408344269,506.9737548828125,0.5650298595428467,0.45030221343040466,-0.18420903384685516,1.7014565467834473,-0.538334846496582,0.538334846496582,276.2984619140625,271.04241943359375,282.6588134765625
0783,9,0,0,0.0,0.0,1,1,1,1,1,1.0,0.6588235294117647,0.592156862745098,0.4745098039215686,0.6588235294117647,0.592156862745098,0.4745098039215686,0.10108643770217896,0.10108643770217896,0.10108643770217896,0.10108643770217896,0.0,0.10108643770217896,0.7001031041145325,0.0,0.7001031041145325,0.7001031041145325,-0.1343807578086853,0.1343807578086853,256.9104919433594,256.9104919433594,256.9104919433594
0783,10,1,254,0.7426900584795322,0.022857142857142857,342,8,10,10,800,0.4275,0.6774337805297558,0.6514046554294232,0.5707373007682605,0.6784313725490196,0.6588235294117647,0.5686274509803921,0.5761095285415649,0.9998898506164551,0.9167815446853638,0.9980681538581848,0.3234707713127136,197.02944946289062,0.347001850605011,0.4103999137878418,-0.2752411663532257,1.4153555631637573,-0.4036552309989929,0.4036552309989929,281.0158996582031,276.6441650390625,285.30859375
0783,11,1,97,0.8738738738738738,0.008820587432936256,111,8,6,6,288,0.3854166666666667,0.6939056703762586,0.49588411941353117,0.5131248895954779,0.6901960784313725,0.49411764705882355,0.5176470588235295,0.5647604465484619,0.9887588620185852,0.7901208996772766,0.9134889841079712,0.26295116543769836,62.68840789794922,0.6890903115272522,0.2944786846637726,0.02386440336704254,1.3113187551498413,-0.5036823153495789,0.5036823153495789,254.52040100097656,251.27276611328125,257.5150451660156
0783,12,1,40,0.5633802816901409,0.0036439828732804957,71,5,7,5,175,0.4057142857142857,0.6937310135321735,0.4404860535763601,0.5844794255730461,0.6901960784313725,0.4392156862745098,0.5843137254901961,0.46942031383514404,0.9786962866783142,0.718138575553894,0.9124789237976074,0.2794533669948578,33.32884216308594,0.6550449728965759,0.3766801655292511,0.03686899319291115,1.5844151973724365,-0.4699109196662903,0.4699109196662903,257.84332275390625,255.78115844726562,259.8788146972656
0783,13,0,0,0.0,0.0,1,1,1,1,1,1.0,0.7019607843137254,0.48627450980392156,0.4980392156862745,0.7019607843137254,0.48627450980392156,0.4980392156862745,0.13477078080177307,0.13477078080177307,0.13477078080177307,0.13477078080177307,0.0,0.13477078080177307,0.5570526123046875,0.0,0.5570526123046875,0.5570526123046875,-0.16689223051071167,0.16689223051071167,252.7943878173828,252.7943878173828,252.7943878173828
0784,1,1,16,0.8421052631578947,0.007759456838021339,19,4,3,3,36,0.5277777777777778,0.32776057791537666,0.4980392156862745,0.5201238390092879,0.3254901960784314,0.4980392156862745,0.5176470588235295,0.3912467062473297,0.7758210301399231,0.5068402290344238,0.5927810668945312,0.17057029902935028,7.433687686920166,0.03993440419435501,0.35421672463417053,-0.42872628569602966,0.666777491569519,-0.460145466029644,0.460145466029644,202.17605590820312,200.88803100585938,203.63938903808594
0784,2,1,441,0.6220028208744711,0.18321562110511008,709,15,12,14,2520,0.28134920634920635,0.4547636826239664,0.3175253740424237,0.7120274343870129,0.43529411764705883,0.3254901960784314,0.7137254901960784,0.7479928731918335,0.9999998211860657,0.9997813105583191,0.9999901652336121,0.3173335790634155,530.3269653320312,-0.050251297652721405,0.3985385000705719,-0.6849939227104187,0.9984111785888672,-0.3819538578391075,0.3819538578391075,230.70896911621094,225.44622802734375,236.72979736328125
0784,3,0,0,0.0,0.0,1,1,1,1,1,1.0,0.4470588235294118,0.29411764705882354,0.7058823529411765,0.4470588235294118,0.29411764705882354,0.7058823529411765,0.10457543283700943,0.10457543283700943,0.10457543283700943,0.10457543283700943,0.0,0.10457543283700943,-0.2126079797744751,0.0,-0.2126079797744751,-0.2126079797744751,-0.2820061072707176,0.2820061072707176,226.38462829589844,226.38462829589844,226.38462829589844
0784,4,0,0,0.0,0.0,5,3,2,1,6,0.8333333333333334,0.4541176470588235,0.3074509803921569,0.6941176470588235,0.4549019607843137,0.3058823529411765,0.6941176470588235,0.2072020322084427,0.3923235833644867,0.2759549021720886,0.34577611088752747,0.11220333725214005,1.0360101461410522,0.10195638984441757,0.24095217883586884,-0.18243876099586487,0.38034045696258545,-0.22150782495737076,0.22150782495737076,226.0939178466797,225.54156494140625,226.57669067382812
0784,5,0,0,0.0,0.0,56,4,6,7,168,0.3333333333333333,0.4687675070028011,0.3157563025210084,0.7497198879551821,0.4666666666666667,0.3176470588235294,0.7529411764705882,0.33638709783554077,0.8893976211547852,0.3991098999977112,0.6143349409103394,0.20179764926433563,18.837677001953125,-0.3522622287273407,0.21120427548885345,-0.7402850985527039,0.1893444061279297,-0.29192742705345154,0.29192742705345154,239.92483520507812,237.45526123046875,242.56546020507812
0784,6,1,151,0.5316901408450704,0.06880838459785828,284,11,11,14,1694,0.16765053128689492,0.512040872687103,0.26666666666666666,0.6849627174813587,0.5137254901960784,0.27058823529411763,0.6980392156862745,0.4336561858654022,0.9995144605636597,0.6136926412582397,0.8548488020896912,0.26285579800605774,123.15835571289062,-0.07133686542510986,0.33150336146354675,-0.6347497701644897,0.7471908926963806,-0.31072236597537994,0.31072236597537994,229.02337646484375,223.78114318847656,234.61883544921875
0784,7,1,2050,0.568339340171888,0.5316390041493776,3607,16,37,30,17760,0.20309684684684684,0.5226623613126982,0.37717727512407795,0.7125339073805291,0.5294117647058824,0.3686274509803922,0.7058823529411765,0.7514739036560059,1.0,0.9999136924743652,0.9999972581863403,0.31542620062828064,2710.56640625,0.06765627861022949,0.3702806830406189,-0.6448445916175842,0.9230449795722961,-0.132168248295784,0.132168248295784,245.76901245117188,235.93431091308594,258.24212646484375
0784,8,0,0,0.0,0.0,1,1,1,1,1,1.0,0.5019607843137255,0.28627450980392155,0.6901960784313725,0.5019607843137255,0.28627450980392155,0.6901960784313725,0.1131749153137207,0.1131749153137207,0.1131749153137207,0.1131749153137207,0.0,0.1131749153137207,-0.3432655930519104,0.0,-0.3432655930519104,-0.3432655930519104,-0.13312862813472748,0.13312862813472748,230.0999755859375,230.0999755859375,230.0999755859375
0784,9,0,0,0.0,0.0,1,1,1,1,1,1.0,0.5137254901960784,0.3607843137254902,0.7529411764705882,0.5137254901960784,0.3607843137254902,0.7529411764705882,0.11025629937648773,0.11025629937648773,0.11025629937648773,0.11025629937648773,0.0,0.11025629937648773,0.2898325026035309,0.0,0.2898325026035309,0.2898325026035309,0.028434455394744873,0.028434455394744873,250.5034942626953,250.5034942626953,250.5034942626953
0784,10,1,692,0.6851485148514852,0.2705767350928641,1010,14,19,13,3458,0.29207634470792365,0.5419064259367112,0.5418443020772665,0.7625315472723743,0.5294117647058824,0.5450980392156862,0.7529411764705882,0.7379927635192871,0.9999992251396179,0.9991441369056702,0.9999570846557617,0.3101595938205719,745.3726806640625,-0.21772219240665436,0.31096959114074707,-0.8156512379646301,0.6416553854942322,-0.37584711611270905,0.37584711611270905,276.22381591796875,269.670166015625,282.2906188964844
0784,11,0,0,0.0,0.0,5,3,2,2,12,0.4166666666666667,0.5215686274509804,0.2643137254901961,0.7129411764705883,0.5176470588235295,0.2627450980392157,0.7137254901960784,0.13654255867004395,0.15787141025066376,0.1486664116382599,0.15418940782546997,0.01897573098540306,0.6827127933502197,-0.12622961401939392,0.1644231081008911,-0.30816352367401123,0.16422215104103088,-0.35043245553970337,0.35043245553970337,235.6914520263672,234.95956420898438,236.5861358642578
0784,12,0,0,0.0,0.0,3,2,2,1,4,0.75,0.530718954248366,0.27581699346405225,0.7215686274509804,0.5294117647058824,0.27450980392156865,0.7215686274509804,0.11069363355636597,0.11979250609874725,0.11398179829120636,0.1174682229757309,0.006643310189247131,0.3320809006690979,-0.3701082170009613,0.110780730843544,-0.5040924549102783,-0.23279736936092377,-0.38566581532359123,0.38566581532359123,239.56199645996094,239.27389526367188,239.8437042236328
0785,1,0,0,0.0,0.0,2,2,1,1,2,1.0,0.42549019607843136,0.396078431372549,0.5568627450980392,0.42745098039215684,0.396078431372549,0.5568627450980392,0.10408076643943787,0.1052120178937912,0.10464639216661453,0.10498576611280441,0.0011312514543533325,0.20816153287887573,0.34014707803726196,0.058350786566734314,0.28179627656936646,0.3984978497028351,-0.45221811532974243,0.45221811532974243,205.80435180664062,205.53831481933594,206.07037353515625
0786,1,0,0,0.0,0.0,2,2,1,1,2,1.0,0.46245733788395904,0.5429553264604811,0.6655737704918033,0.4641638225255973,0.5429553264604811,0.6655737704918033,0.10761620104312897,0.1111164540052414,0.10936632752418518,0.11041640490293503,0.0035002529621124268,0.21523240208625793,0.2946130633354187,0.09821188449859619,0.1964011788368225,0.3928249478340149,-0.59052574634552,0.59052574634552,291.2137451171875,290.9793701171875,291.4481201171875
0786,2,0,0,0.0,0.0,3,2,1,2,4,0.75,0.4653014789533561,0.5463917525773195,0.6699453551912569,0.4641638225255973,0.5463917525773195,0.6688524590163935,0.12384942919015884,0.14788827300071716,0.13215717673301697,0.14159584045410156,0.017407339066267014,0.37154829502105713,0.02033122442662716,0.3624981641769409,-0.356674462556839,0.5096785426139832,-0.7672527227550745,0.7672527227550745,293.07666015625,292.68756103515625,293.3854064941406
0791,1,0,0,0.0,0.0,23,2,4,4,32,0.71875,0.6183218353922669,0.5904518329070758,0.3999679127226055,0.6199261992619927,0.5882352941176471,0.3985239852398524,0.17927849292755127,0.24446651339530945,0.21586358547210693,0.23941053450107574,0.04337596148252487,4.123405456542969,0.46513399481773376,0.21422341465950012,-0.05698864534497261,0.7213788032531738,-0.25186237692832947,0.25186237692832947,98.37483215332031,96.46761322021484,100.04499053955078
0792,1,0,0,0.0,0.0,7,2,2,2,8,0.875,0.28851540616246496,0.5977591036414566,0.5232492997198879,0.2901960784313726,0.596078431372549,0.5215686274509804,0.1340075582265854,0.16911309957504272,0.15537644922733307,0.1630592793226242,0.024488991126418114,0.9380528926849365,-0.3576669692993164,0.12755808234214783,-0.5438386797904968,-0.17547507584095,-0.3551153540611267,0.3551153540611267,215.8680877685547,215.102294921875,216.7717742919922
0792,2,1,29174,0.7502828927065117,0.8358953053593685,38884,99,47,56,260568,0.1492278407172024,0.4607107918777016,0.7872833425109577,0.5512769000203723,0.4,0.796078431372549,0.5647058823529412,0.8575618863105774,0.9999991655349731,0.9999218583106995,0.999977707862854,0.260680228471756,33345.4375,-0.41125085949897766,0.2878623306751251,-1.0554791688919067,0.888821542263031,-0.2838735580444336,0.2838735580444336,272.9944152832031,231.40225219726562,301.57916259765625
0792,3,0,0,0.0,0.0,1,1,1,1,1,1.0,0.32941176470588235,0.7019607843137254,0.5215686274509804,0.32941176470588235,0.7019607843137254,0.5215686274509804,0.11785731464624405,0.11785731464624405,0.11785731464624405,0.11785731464624405,0.0,0.11785731464624405,-0.27773699164390564,0.0,-0.27773699164390564,-0.27773699164390564,-0.22708113864064217,0.22708113864064217,238.6524658203125,238.6524658203125,238.6524658203125
0792,4,1,10,0.5555555555555556,0.0006464750945469825,18,4,4,2,32,0.5625,0.3437908496732026,0.6932461873638344,0.5076252723311547,0.3411764705882353,0.6901960784313725,0.5058823529411764,0.2653017044067383,0.5347857475280762,0.36451268196105957,0.4855273962020874,0.14176951348781586,4.775430679321289,-0.4521224796772003,0.1668485552072525,-0.7348747253417969,-0.15502281486988068,-0.25156742334365845,0.25156742334365845,236.36607360839844,234.5421142578125,238.08401489257812
0792,5,1,47,0.6438356164383562,0.003033040784718637,73,6,8,6,288,0.2534722222222222,0.36986301369863017,0.6836422240128928,0.5027665860864894,0.36470588235294116,0.6862745098039216,0.5058823529411764,0.26729366183280945,0.6435123682022095,0.3348811864852905,0.4537582993507385,0.13661912083625793,19.51243782043457,-0.34170636534690857,0.18454670906066895,-0.864443302154541,0.07017435133457184,-0.34214507244178094,0.34214507244178094,236.46519470214844,232.8218231201172,241.7622833251953
0792,6,0,0,0.0,0.0,19,3,4,7,84,0.2261904761904762,0.5052631578947369,0.7684210526315789,0.5583075335397317,0.5058823529411764,0.7725490196078432,0.5647058823529412,0.2181071937084198,0.4545440673828125,0.2597311735153198,0.35473063588142395,0.095545694231987,4.144036769866943,-0.3675353229045868,0.0899701714515686,-0.6051958203315735,-0.2163797914981842,-0.24826832860708237,0.24826832860708237,274.8178405761719,272.51788330078125,278.2445068359375
0792,7,0,0,0.0,0.0,1,1,1,1,1,1.0,0.5058823529411764,0.792156862745098,0.5803921568627451,0.5058823529411764,0.792156862745098,0.5803921568627451,0.12158368527889252,0.12158368527889252,0.12158368527889252,0.12158368527889252,0.0,0.12158368527889252,-0.4551750123500824,0.0,-0.4551750123500824,-0.4551750123500824,-0.1859276294708252,0.1859276294708252,282.1488952636719,282.1488952636719,282.1488952636719
0792,8,0,0,0.0,0.0,3,1,3,1,3,1.0,0.5294117647058824,0.7019607843137254,0.4823529411764706,0.5294117647058824,0.7019607843137254,0.4823529411764706,0.16009283065795898,0.22408804297447205,0.18060064315795898,0.20669308304786682,0.045846592634916306,0.48027849197387695,-0.4415031969547272,0.03898868337273598,-0.4960797429084778,-0.40741589665412903,-0.300737202167511,0.300737202167511,256.25445556640625,255.55625915527344,256.95330810546875
0792,9,0,0,0.0,0.0,2,1,2,1,2,1.0,0.5294117647058824,0.711764705882353,0.48627450980392156,0.5294117647058824,0.7137254901960784,0.48627450980392156,0.12070851027965546,0.12654660642147064,0.12362755835056305,0.12537898123264313,0.005838099867105484,0.2414170205593109,-0.30167171359062195,0.037532806396484375,-0.3392045199871063,-0.2641389071941376,-0.2154867947101593,0.2154867947101593,258.4847717285156,258.1336975097656,258.8358459472656
0792,10,0,0,0.0,0.0,1,1,1,1,1,1.0,0.5607843137254902,0.7686274509803922,0.5490196078431373,0.5607843137254902,0.7686274509803922,0.5490196078431373,0.12050125002861023,0.12050125002861023,0.12050125002861023,0.12050125002861023,0.0,0.12050125002861023,0.1246771290898323,0.0,0.1246771290898323,0.1246771290898323,-0.1236952617764473,0.1236952617764473,280.62786865234375,280.62786865234375,280.62786865234375
0792,11,0,0,0.0,0.0,3,2,2,1,4,0.75,0.6535947712418301,0.6222222222222222,0.47843137254901963,0.6549019607843137,0.6235294117647059,0.47843137254901963,0.12411651760339737,0.13675448298454285,0.13188768923282623,0.1348077654838562,0.011686427518725395,0.3723495602607727,-0.5415171384811401,0.20613114535808563,-0.7007138729095459,-0.25043031573295593,-0.35739122331142426,0.35739122331142426,261.0968933105469,260.8716125488281,261.5129089355469
0792,12,0,0,0.0,0.0,21,4,5,3,60,0.35,0.6646125116713352,0.5975723622782446,0.4778711484593838,0.6666666666666666,0.6,0.47843137254901963,0.2427147924900055,0.4059704542160034,0.319770485162735,0.3972312808036804,0.09901472181081772,5.097010612487793,-0.21766965091228485,0.35851794481277466,-0.823538601398468,0.4453921318054199,-0.42591534554958344,0.42591534554958344,259.10052490234375,256.9104919433594,261.0019226074219
0792,13,0,0,0.0,0.0,2,1,2,1,2,1.0,0.6588235294117647,0.6215686274509804,0.4823529411764706,0.6588235294117647,0.6196078431372549,0.4823529411764706,0.14321495592594147,0.15615591406822205,0.14968544244766235,0.15356771647930145,0.012940958142280579,0.28642991185188293,-0.47899919748306274,0.01708054542541504,-0.4960797429084778,-0.4619186520576477,-0.2603468596935272,0.2603468596935272,262.3211669921875,262.0190734863281,262.623291015625
0792,14,0,0,0.0,0.0,6,2,3,3,18,0.3333333333333333,0.6640522875816994,0.6176470588235294,0.48627450980392156,0.6627450980392157,0.6196078431372549,0.48627450980392156,0.14267422258853912,0.20509597659111023,0.1735231876373291,0.1970680207014084,0.039379436522722244,0.8560453057289124,-0.22433967888355255,0.18150313198566437,-0.4551750123500824,0.04286768659949303,-0.1984821818768978,0.1984821818768978,263.05224609375,262.06488037109375,263.7366027832031
0795,1,1,40799,0.8544114259387238,0.8512560507427809,47751,52,100,64,332800,0.14348257211538462,0.3275033353166611,0.4521299009855455,0.4993751491088781,0.3764705882352941,0.592156862745098,0.5490196078431373,0.8835948705673218,0.9999980926513672,0.9999522566795349,0.9999788999557495,0.24363453686237335,42192.5390625,0.4945877194404602,0.5863823890686035,-0.6582309603691101,3.202592372894287,-0.36614763736724854,0.36614763736724854,192.37986755371094,154.32757568359375,240.07081604003906
0795,2,0,0,0.0,0.0,1,1,1,1,1,1.0,0.30980392156862746,0.45098039215686275,0.5686274509803921,0.30980392156862746,0.45098039215686275,0.5686274509803921,0.13149705529212952,0.13149705529212952,0.13149705529212952,0.13149705529212952,0.0,0.13149705529212952,0.18552514910697937,0.0,0.18552514910697937,0.18552514910697937,-1.2693628370761871,1.2693628370761871,201.6184539794922,201.6184539794922,201.6184539794922
0795,3,0,0,0.0,0.0,1,1,1,1,1,1.0,0.32941176470588235,0.2980392156862745,0.43529411764705883,0.32941176470588235,0.2980392156862745,0.43529411764705883,0.10502155870199203,0.10502155870199203,0.10502155870199203,0.10502155870199203,0.0,0.10502155870199203,0.35171952843666077,0.0,0.35171952843666077,0.35171952843666077,-0.6157715618610382,0.6157715618610382,159.12887573242188,159.12887573242188,159.12887573242188
0795,4,0,0,0.0,0.0,2,2,1,1,2,1.0,0.34705882352941175,0.34509803921568627,0.43529411764705883,0.34509803921568627,0.34509803921568627,0.43529411764705883,0.10176683962345123,0.10252059251070023,0.10214371979236603,0.10236984491348267,0.0007537491619586945,0.20353367924690247,0.8311264514923096,0.14701810479164124,0.684108316898346,0.9781445264816284,-0.291195273399353,0.291195273399353,167.55723571777344,167.2901611328125,167.82431030273438
0795,5,0,0,0.0,0.0,73,6,12,6,432,0.16898148148148148,0.36852001074402363,0.6604888530754767,0.559924791834542,0.37254901960784315,0.6509803921568628,0.5568627450980392,0.2561647891998291,0.73380446434021,0.3247227072715759,0.432984322309494,0.14522187411785126,18.700029373168945,0.35609766840934753,0.3317835032939911,-0.2619212567806244,1.0804179906845093,-0.4956801235675812,0.4956801235675812,240.37298583984375,234.9340362548828,244.84689331054688
0795,6,0,0,0.0,0.0,1,1,1,1,1,1.0,0.3607843137254902,0.4235294117647059,0.5176470588235295,0.3607843137254902,0.4235294117647059,0.5176470588235295,0.1341390162706375,0.1341390162706375,0.1341390162706375,0.1341390162706375,0.0,0.1341390162706375,1.5406485795974731,0.0,1.5406485795974731,1.5406485795974731,-0.29989564418792725,0.29989564418792725,194.2601318359375,194.2601318359375,194.2601318359375
0795,7,0,0,0.0,0.0,49,5,4,5,100,0.49,0.44337735094037617,0.6649859943977592,0.5377350940376151,0.44313725490196076,0.6627450980392157,0.5411764705882353,0.5765413045883179,0.9949826002120972,0.8452369570732117,0.980914831161499,0.30443599820137024,28.25052261352539,0.45999374985694885,0.49841323494911194,-0.3002738058567047,1.3105332851409912,-0.6542606055736542,0.6542606055736542,246.1093292236328,244.28262329101562,248.01210021972656
0795,8,1,52,0.9454545454545454,0.002159468438538206,55,5,5,4,100,0.55,0.6598930481283423,0.4532620320855615,0.43358288770053477,0.6588235294117647,0.45098039215686275,0.43137254901960786,0.25456225872039795,0.443631112575531,0.3417688012123108,0.40423285961151123,0.10231306403875351,14.000924110412598,0.3440490663051605,0.2313336730003357,-0.031805962324142456,1.1954755783081055,-0.8753733932971954,0.8753733932971954,232.89303588867188,230.43653869628906,235.05531311035156
0799,1,0,0,0.0,0.0,7,2,3,3,18,0.3888888888888889,0.4112044817927171,0.653781512605042,0.5159663865546219,0.4117647058823529,0.6509803921568628,0.5176470588235295,0.23466143012046814,0.41304558515548706,0.31821292638778687,0.40231484174728394,0.11552286893129349,1.6426299810409546,2.274024724960327,0.10178148746490479,2.102370023727417,2.4415295124053955,-0.4809846878051758,0.4809846878051758,237.30007934570312,236.5438690185547,237.95167541503906
0799,2,0,0,0.0,0.0,16,3,5,2,30,0.5333333333333333,0.4134803921568627,0.7816176470588235,0.4262254901960784,0.4117647058823529,0.7803921568627451,0.42745098039215684,0.48944276571273804,0.9273945093154907,0.6894004344940186,0.8389794826507568,0.25954243540763855,7.831084251403809,2.2464234828948975,0.1297546923160553,1.9797576665878296,2.4988300800323486,-0.30643177032470703,0.30643177032470703,250.73626708984375,248.84934997558594,252.4499969482422
0799,3,0,0,0.0,0.0,44,11,3,6,198,0.2222222222222222,0.4278966131907308,0.624777183600713,0.5482174688057041,0.44313725490196076,0.6274509803921569,0.5529411764705883,0.2108636498451233,0.33333873748779297,0.24990755319595337,0.2903025150299072,0.06013289466500282,9.278000831604004,2.671407461166382,0.1975451409816742,2.227491855621338,3.0376596450805664,-0.34558749198913574,0.34558749198913574,238.8645477294922,235.6289520263672,243.35159301757812
0799,4,0,0,0.0,0.0,4,2,1,2,4,1.0,0.4372549019607843,0.615686274509804,0.5705882352941176,0.43529411764705883,0.615686274509804,0.5686274509803921,0.12439174950122833,0.13482359051704407,0.12500852346420288,0.13089756667613983,0.006048308685421944,0.49756699800491333,2.6595258712768555,0.09871404618024826,2.548332691192627,2.7701780796051025,-0.379260778427124,0.379260778427124,241.81781005859375,241.2840576171875,242.35098266601562
0799,5,0,0,0.0,0.0,7,4,2,2,16,0.4375,0.43977591036414565,0.6212885154061624,0.5619047619047619,0.4470588235294118,0.6235294117647059,0.5607843137254902,0.1752995401620865,0.21306470036506653,0.20109188556671143,0.20742663741111755,0.029754646122455597,1.2270967960357666,2.8145663738250732,0.09487180411815643,2.6865625381469727,2.9454002380371094,-0.32308149337768555,0.32308149337768555,241.72860717773438,240.7425994873047,242.80650329589844
0799,6,0,0,0.0,0.0,5,3,2,1,6,0.8333333333333334,0.45019607843137255,0.6886274509803921,0.4823529411764706,0.45098039215686275,0.6901960784313725,0.4823529411764706,0.3034946024417877,0.5184969902038574,0.4197710454463959,0.4790065884590149,0.15334324538707733,1.5174729824066162,2.6275105476379395,0.12636850774288177,2.4748973846435547,2.7920374870300293,-0.30734944343566895,0.30734944343566895,243.6687469482422,242.85592651367188,244.5281219482422
0799,7,0,0,0.0,0.0,9,3,2,4,24,0.375,0.4583877995642701,0.6418300653594771,0.5294117647058824,0.4588235294117647,0.6431372549019608,0.5294117647058824,0.28011441230773926,0.6057584285736084,0.331834077835083,0.42761167883872986,0.14645418524742126,2.5210297107696533,2.843499183654785,0.2035403996706009,2.344573497772217,3.145460605621338,-0.04299473762512207,0.04299473762512207,242.71533203125,241.88633728027344,243.54876708984375
0799,8,0,0,0.0,0.0,1,1,1,1,1,1.0,0.47058823529411764,0.6431372549019608,0.5254901960784314,0.47058823529411764,0.6431372549019608,0.5254901960784314,0.21045418083667755,0.21045418083667755,0.21045418083667755,0.21045418083667755,0.0,0.21045418083667755,2.811208486557007,0.0,2.811208486557007,2.811208486557007,-0.3343667984008789,0.3343667984008789,243.911865234375,243.911865234375,243.911865234375
0801,1,1,79,0.6030534351145038,0.1369150779896014,131,7,6,7,294,0.445578231292517,0.2983984433468043,0.612932195779075,0.4708875916778925,0.30196078431372547,0.611764705882353,0.47058823529411764,0.7395636439323425,0.9999998807907104,0.9996594786643982,0.9999945163726807,0.30800166726112366,96.8828353881836,-0.1832941472530365,0.4971795678138733,-1.025949239730835,0.9702139496803284,-0.29667190462350845,0.29667190462350845,211.64903259277344,208.5713348388672,214.69512939453125
0801,2,1,198,0.7764705882352941,0.30985915492957744,255,12,10,6,720,0.3541666666666667,0.33880815071126485,0.6990849673202615,0.47964628988850444,0.33725490196078434,0.6941176470588235,0.4823529411764706,0.8177298903465271,0.9999987483024597,0.9999208450317383,0.9999916553497314,0.2934669852256775,208.5211181640625,-0.44527891278266907,0.3912564814090729,-1.0037696361541748,0.6153404712677002,-0.37314073741436005,0.37314073741436005,233.20455932617188,228.50820922851562,237.768798828125
0801,3,1,146,0.6576576576576577,0.23453815261044178,222,8,8,8,512,0.43359375,0.426090796679032,0.7203144320791379,0.47263734322557854,0.4235294117647059,0.7215686274509804,0.47843137254901963,0.7614271640777588,0.9999998211860657,0.9998958110809326,0.9999970197677612,0.3210507035255432,169.03683471679688,-0.21010002493858337,0.6523886322975159,-1.2255655527114868,1.2807279825210571,-0.5473650395870209,0.5473650395870209,245.55010986328125,242.00413513183594,249.1425323486328
0801,4,1,456,0.5846153846153846,0.5058236272878536,780,17,20,16,5440,0.14338235294117646,0.44960784313725494,0.7793262946204123,0.4705128205128205,0.42745098039215684,0.788235294117647,0.49411764705882355,0.7142906785011292,0.9999991059303284,0.9994697570800781,0.999981164932251,0.32851865887641907,557.146728515625,-0.5193731188774109,0.4973088800907135,-1.3364635705947876,1.9017566442489624,-0.30840879678726196,0.30840879678726196,259.4289245605469,249.98599243164062,265.8909606933594
0805,1,1,1272,0.7306145893164848,0.28342245989304815,1741,14,37,19,9842,0.1768949400528348,0.2651056976495365,0.535081258235632,0.44222274780101584,0.25882352941176473,0.4980392156862745,0.4666666666666667,0.7946264743804932,1.0,0.9999943971633911,0.9999998807907104,0.2994661331176758,1383.4447021484375,1.2652021646499634,0.4337844252586365,0.18133853375911713,2.8159937858581543,-0.4020031690597534,0.4020031690597534,189.9942626953125,171.92149353027344,204.66802978515625
0805,2,0,0,0.0,0.0,14,3,3,3,27,0.5185185185185185,0.25406162464986,0.49691876750700276,0.48823529411764705,0.2549019607843137,0.4980392156862745,0.48627450980392156,0.34875625371932983,0.5454570651054382,0.4376102089881897,0.5176360011100769,0.14137786626815796,4.882587432861328,1.1622613668441772,0.48184338212013245,0.22395899891853333,1.793777585029602,-0.7864166498184204,0.7864166498184204,189.434326171875,187.69656372070312,190.6960906982422
0805,3,0,0,0.0,0.0,41,4,4,5,80,0.5125,0.27929220468675275,0.641606886657102,0.5098995695839311,0.2784313725490196,0.6431372549019608,0.5098039215686274,0.46491265296936035,0.762140154838562,0.5986817479133606,0.7230998277664185,0.18644268810749054,19.061418533325195,0.9177238941192627,0.3169109523296356,0.29669344425201416,1.7466048002243042,-0.5111898183822632,0.5111898183822632,221.11468505859375,218.92007446289062,223.55760192871094
0805,4,1,1405,0.6513676402410755,0.299190800681431,2157,21,36,17,12852,0.16783380018674135,0.43065623096712025,0.7036788568000218,0.3643786304507895,0.4117647058823529,0.7098039215686275,0.3843137254901961,0.7644712924957275,0.9999998807907104,0.9999643564224243,0.9999979138374329,0.3096584379673004,1648.964599609375,0.7903714776039124,0.4491760730743408,-0.09591329097747803,2.7429699897766113,-0.3643490672111511,0.3643490672111511,230.57725524902344,215.65249633789062,246.90484619140625
0805,5,0,0,0.0,0.0,6,3,2,2,12,0.5,0.40784313725490196,0.7045751633986927,0.477124183006536,0.40784313725490196,0.7058823529411765,0.47843137254901963,0.3039482831954956,0.49513596296310425,0.4058282971382141,0.47010499238967896,0.12808483839035034,1.8236896991729736,1.9688329696655273,0.1780732274055481,1.7074843645095825,2.2352302074432373,-0.619157075881958,0.619157075881958,241.05677795410156,240.22280883789062,241.90907287597656
0805,6,1,774,0.7120515179392825,0.18601297764960345,1087,17,19,13,4199,0.25887115979995234,0.511950502372062,0.7101971607410213,0.35423273265147825,0.5333333333333333,0.7098039215686275,0.37254901960784315,0.8097485303878784,0.9999997019767761,0.9999799132347107,0.9999967217445374,0.29387831687927246,880.1966552734375,0.7036833763122559,0.5116352438926697,-0.19876472651958466,2.2785255908966064,-0.4870433807373047,0.4870433807373047,241.43939208984375,232.52957153320312,249.78590393066406
0805,7,0,0,0.0,0.0,4,2,2,2,8,0.5,0.4852941176470588,0.7637254901960784,0.34411764705882353,0.48627450980392156,0.7647058823529411,0.3411764705882353,0.12439821660518646,0.14907675981521606,0.13123705983161926,0.1419408768415451,0.01592758670449257,0.49759286642074585,0.5268846750259399,0.1254260390996933,0.39300212264060974,0.726017415523529,-0.1864839792251587,0.1864839792251587,247.3674774169922,246.9918975830078,247.7781219482422
0805,8,0,0,0.0,0.0,2,1,2,1,2,1.0,0.48627450980392156,0.7156862745098039,0.35294117647058826,0.48627450980392156,0.7176470588235294,0.35294117647058826,0.17405936121940613,0.20142370462417603,0.18774153292179108,0.19595083594322205,0.027364343404769897,0.34811872243881226,0.7769749164581299,0.0442407988011837,0.7327341437339783,0.8212157487869263,-0.13806062936782837,0.13806062936782837,238.8123779296875,238.43028259277344,239.19448852539062
0805,9,1,37,0.38144329896907214,0.010092744135297326,97,7,7,6,294,0.3299319727891156,0.510248635536689,0.7640185971295734,0.3486153224176268,0.5137254901960784,0.7607843137254902,0.35294117647058826,0.5479466319084167,0.9973192811012268,0.846824049949646,0.9651067852973938,0.3281542956829071,53.15082550048828,0.6693748235702515,0.1972086876630783,0.30855637788772583,1.22749662399292,-0.2499508261680603,0.2499508261680603,251.10552978515625,247.390380859375,253.63951110839844
0805,10,1,89,0.6137931034482759,0.024119241192411923,145,8,8,5,320,0.453125,0.5726572008113591,0.6260987153482083,0.3686544962812711,0.5764705882352941,0.6313725490196078,0.3686274509803922,0.6632580757141113,0.9999855756759644,0.9443369507789612,0.9983165860176086,0.31273654103279114,96.17241668701172,1.4932078123092651,0.6450974941253662,0.1196211650967598,2.9583487510681152,-0.410136342048645,0.410136342048645,236.5341033935547,233.65359497070312,241.2592010498047
0805,11,1,2746,0.7651156310950126,0.5073909830007391,3589,29,30,26,22620,0.15866489832007075,0.6451641453460738,0.6609727981468431,0.371641016395413,0.6196078431372549,0.6823529411764706,0.40784313725490196,0.8520592451095581,1.0,0.9999966025352478,0.9999996423721313,0.26464197039604187,3058.04052734375,0.8054916262626648,0.4399866759777069,-0.09095066040754318,2.4605581760406494,-0.5214733481407166,0.5214733481407166,254.6693878173828,243.18922424316406,267.0
0805,12,0,0,0.0,0.0,1,1,1,1,1,1.0,0.611764705882353,0.6901960784313725,0.4196078431372549,0.611764705882353,0.6901960784313725,0.4196078431372549,0.12429770827293396,0.12429770827293396,0.12429770827293396,0.12429770827293396,0.0,0.12429770827293396,2.212963104248047,0.0,2.212963104248047,2.212963104248047,-0.17215323448181152,0.17215323448181152,258.9864807128906,258.9864807128906,258.9864807128906
0805,13,0,0,0.0,0.0,11,3,3,3,27,0.4074074074074074,0.6288770053475936,0.6541889483065954,0.3497326203208556,0.6313725490196078,0.6549019607843137,0.34901960784313724,0.305337131023407,0.5386808514595032,0.4096316397190094,0.47646579146385193,0.1376824975013733,3.358708381652832,0.719796895980835,0.17983487248420715,0.3298535943031311,0.9996238946914673,-0.4490542411804199,0.4490542411804199,248.63783264160156,247.78619384765625,249.7779083251953
0805,14,1,117,0.7959183673469388,0.031698726632348954,147,7,9,5,315,0.4666666666666667,0.7491796718687475,0.520875016673336,0.4045885020674937,0.7450980392156863,0.5137254901960784,0.403921568627451,0.8075396418571472,0.9999998211860657,0.9999802112579346,0.9999977946281433,0.28747475147247314,118.70832824707031,1.1491823196411133,0.4677504301071167,0.2262256145477295,2.2315893173217773,-0.4511946439743042,0.4511946439743042,255.28411865234375,251.4557647705078,259.14666748046875
0808,1,1,189,0.6472602739726028,0.7544910179640718,292,5,14,9,630,0.4634920634920635,0.5401266477125872,0.6223334727595943,0.38461945311260376,0.539622641509434,0.6106870229007634,0.38223938223938225,0.8013991117477417,0.9999977350234985,0.9995795488357544,0.9999430775642395,0.29528433084487915,234.008544921875,0.25627613067626953,0.4020004868507385,-0.5367832183837891,1.2095426321029663,-0.7834724187850952,0.7834724187850952,239.36135864257812,233.88458251953125,245.20603942871094
0812,1,1,384,0.7084870848708487,0.4528301886792453,542,9,12,14,1512,0.3584656084656085,0.7080095506837422,0.6164242818898777,0.481318283771073,0.6980392156862745,0.6078431372549019,0.49019607843137253,0.8348988890647888,1.0,0.9999975562095642,0.9999998807907104,0.2742258608341217,452.51519775390625,0.8343831300735474,0.4806288182735443,-0.24310719966888428,2.0534465312957764,-0.4750514030456543,0.4750514030456543,269.71514892578125,265.8194885253906,274.2590026855469
0812,2,1,117,0.7005988023952096,0.17713853141559424,167,7,9,8,504,0.33134920634920634,0.7106492896559822,0.6095338734296113,0.3932605377480333,0.7058823529411765,0.6078431372549019,0.38823529411764707,0.7011215090751648,0.9999999403953552,0.9996978640556335,0.9999955892562866,0.34209081530570984,117.08728790283203,1.1143633127212524,0.4835207760334015,0.04688999429345131,2.167595148086548,-0.012444019317626953,0.012444019317626953,259.6615905761719,256.359130859375,262.7051696777344
0812,3,1,477,0.7441497659906396,0.5314763231197771,641,8,22,11,1936,0.33109504132231404,0.7284023125630907,0.5289345691474718,0.4802239148389465,0.7215686274509804,0.5176470588235295,0.47843137254901963,0.8293070197105408,1.0,0.9999982118606567,1.0,0.2825915515422821,531.5858154296875,1.1334878206253052,0.5540294647216797,0.025845905765891075,2.551262617111206,-0.1083061695098877,0.1083061695098877,260.9305419921875,255.1959991455078,266.7751770019531
0820,1,1,27,0.574468085106383,0.7105263157894737,47,6,5,4,120,0.39166666666666666,0.49837296620775967,0.364372131831456,0.5717980809345015,0.4980392156862745,0.36470588235294116,0.5725490196078431,0.671442449092865,0.9999982118606567,0.9938226938247681,0.9999668002128601,0.3564857840538025,31.55779457092285,1.8830454349517822,0.19061924517154694,1.4218305349349976,2.2341439723968506,-0.00517117977142334,0.00517117977142334,215.1776580810547,212.99061584472656,217.51551818847656
0821,1,0,0,0.0,0.0,4,2,2,2,8,0.5,0.49903846153846154,0.7644230769230769,0.3980392156862745,0.49615384615384617,0.7653846153846153,0.4,0.14526304602622986,0.1604568213224411,0.15982668101787567,0.16020476818084717,0.016615472733974457,0.5810521841049194,0.48111504316329956,0.0994546115398407,0.3200329542160034,0.5742084383964539,-0.42957937717437744,0.42957937717437744,258.6499938964844,258.0038757324219,259.1640319824219
0821,2,1,299,0.7018779342723005,0.5695238095238095,426,9,17,6,918,0.46405228758169936,0.5211899602744673,0.7721379559407728,0.38808800515511366,0.5192307692307693,0.7884615384615384,0.39215686274509803,0.8005499243736267,1.0,0.999984622001648,0.9999995231628418,0.28624722361564636,341.0342712402344,0.398956298828125,0.3091161847114563,-0.1638580858707428,1.2580561637878418,-0.13103842735290527,0.13103842735290527,262.18939208984375,254.72142028808594,268.9014587402344
0821,3,1,220,0.6984126984126984,0.4685835995740149,315,15,9,6,810,0.3888888888888889,0.6335286935286935,0.6973260073260074,0.3955306567071273,0.6230769230769231,0.6884615384615385,0.396078431372549,0.7452480792999268,1.0,0.9999754428863525,0.9999998211860657,0.31402528285980225,234.75314331054688,0.5093802213668823,0.3568061590194702,-0.2717699706554413,1.303000569343567,-0.06804400682449341,0.06804400682449341,265.54534912109375,259.0077209472656,272.4206237792969
0821,4,1,54,0.5294117647058824,0.1487603305785124,102,8,5,6,240,0.425,0.6729638009049773,0.6498868778280543,0.3754709727028066,0.6692307692307692,0.65,0.3764705882352941,0.6787034869194031,0.9999985694885254,0.9962131977081299,0.9998776316642761,0.33496618270874023,69.22775268554688,0.5843088626861572,0.24928364157676697,0.09584347158670425,1.175708532333374,-0.34051376581192017,0.34051376581192017,262.0833435058594,259.4918212890625,264.9641418457031
0824,1,0,0,0.0,0.0,4,2,3,1,6,0.6666666666666666,0.48823529411764705,0.6313725490196078,0.611764705882353,0.48627450980392156,0.6274509803921569,0.611764705882353,0.39332854747772217,0.6526433229446411,0.48144641518592834,0.5841645002365112,0.1662410944700241,1.5733141899108887,1.9985036849975586,0.12596523761749268,1.8427891731262207,2.1791324615478516,-0.3751521110534668,0.3751521110534668,256.91943359375,256.048828125,257.7906188964844
0824,2,1,789,0.7360074626865671,0.7507136060894386,1072,11,23,26,6578,0.1629674673152934,0.5577626573017267,0.6612635352648522,0.6882243195785777,0.5490196078431373,0.6745098039215687,0.6941176470588235,0.8385503888130188,1.0,0.9999979734420776,0.9999997615814209,0.27734676003456116,898.926025390625,1.649842619895935,0.3864344358444214,0.09878603368997574,2.440732955932617,-0.35223233699798584,0.35223233699798584,282.49737548828125,275.1163330078125,291.05499267578125
0824,3,0,0,0.0,0.0,6,2,3,2,12,0.5,0.542483660130719,0.6183006535947712,0.6633986928104575,0.5411764705882353,0.6196078431372549,0.6627450980392157,0.2111477106809616,0.3843574523925781,0.24183109402656555,0.32126450538635254,0.09033699333667755,1.2668862342834473,1.525131344795227,0.30999326705932617,0.9458732008934021,1.8926178216934204,-0.6476770639419556,0.6476770639419556,269.9827575683594,269.3157958984375,270.4866027832031
0824,4,1,4,1.0,0.007736943907156673,4,2,2,1,4,1.0,0.5549019607843138,0.692156862745098,0.6313725490196078,0.5529411764705883,0.6941176470588235,0.6313725490196078,0.19980096817016602,0.24892260134220123,0.22254197299480438,0.23837034404277802,0.03580887243151665,0.7992038726806641,1.5718457698822021,0.11531291902065277,1.3818739652633667,1.693303108215332,-0.4067741632461548,0.4067741632461548,278.17230224609375,277.5986328125,278.7453918457031
0824,5,0,0,0.0,0.0,39,4,5,7,140,0.2785714285714286,0.5667169431875315,0.6098541980894923,0.7019607843137254,0.5686274509803921,0.611764705882353,0.7019607843137254,0.671209454536438,0.9999415278434753,0.9662836790084839,0.9994270205497742,0.3135564625263214,26.177167892456055,1.7942382097244263,0.358652263879776,0.559701144695282,2.2663326263427734,-0.4317113161087036,0.4317113161087036,278.2121276855469,275.69549560546875,280.7561340332031
0824,6,0,0,0.0,0.0,8,2,3,2,12,0.6666666666666666,0.567156862745098,0.6328431372549019,0.6416666666666667,0.5686274509803921,0.6313725490196078,0.6431372549019608,0.22529184818267822,0.28297874331474304,0.2441016137599945,0.25787341594696045,0.04374780133366585,1.8023347854614258,1.3803168535232544,0.24446196854114532,0.9458732008934021,1.668388843536377,-0.6062486171722412,0.6062486171722412,272.0707092285156,271.672607421875,272.86627197265625
0824,7,0,0,0.0,0.0,1,1,1,1,1,1.0,0.6549019607843137,0.5019607843137255,0.5294117647058824,0.6549019607843137,0.5019607843137255,0.5294117647058824,0.11970026791095734,0.11970026791095734,0.11970026791095734,0.11970026791095734,0.0,0.11970026791095734,0.8711302280426025,0.0,0.8711302280426025,0.8711302280426025,-1.1777210235595703,1.1777210235595703,250.6651153564453,250.6651153564453,250.6651153564453
0825,1,1,5289,0.774945054945055,0.6522784732071283,6825,23,38,21,18354,0.3718535469107552,0.3035253896430367,0.41158371040723984,0.4400741219564749,0.2784313725490196,0.403921568627451,0.4392156862745098,0.8685954809188843,0.9999998807907104,0.9999922513961792,0.9999980926513672,0.2551712691783905,5928.1640625,0.8340743780136108,0.6436378359794617,-0.46030452847480774,2.4312849044799805,-0.5434015989303589,0.5434015989303589,172.71463012695312,156.4257049560547,189.62330627441406
0825,2,1,300,0.8746355685131195,0.061633281972265024,343,10,12,8,960,0.3572916666666667,0.27623620876922195,0.4801120448179272,0.49099639855942373,0.2784313725490196,0.4823529411764706,0.49019607843137253,0.7825185656547546,0.9999998211860657,0.9999300241470337,0.9999961256980896,0.3046562373638153,268.40386962890625,0.844282865524292,0.43132469058036804,-0.2573859691619873,1.5942459106445312,-0.5164324045181274,0.5164324045181274,189.14649963378906,183.62461853027344,194.257568359375
0825,3,1,952,0.74375,0.17841079460269865,1280,14,16,18,4032,0.31746031746031744,0.3157598039215686,0.5427818627450981,0.5176930147058824,0.3137254901960784,0.5490196078431373,0.5137254901960784,0.7808051705360413,0.999997079372406,0.9996157884597778,0.9999582767486572,0.29591885209083557,999.4306030273438,0.529488205909729,0.4694842994213104,-0.3842100501060486,1.6576579809188843,-0.527458667755127,0.527458667755127,207.96841430664062,198.43638610839844,215.23475646972656
0825,4,1,2140,0.7487753673897831,0.34938775510204084,2858,17,21,20,7140,0.40028011204481795,0.33640006037404463,0.6190493832242484,0.588795126168032,0.3411764705882353,0.6235294117647059,0.592156862745098,0.8677489161491394,1.0,0.9999967813491821,0.9999995231628418,0.25273212790489197,2480.0263671875,0.5875074863433838,0.5361154079437256,-0.42225730419158936,1.8986237049102783,-0.4298210144042969,0.4298210144042969,234.5719451904297,222.91029357910156,247.4853515625
0825,5,0,0,0.0,0.0,221,8,9,10,720,0.30694444444444446,0.3553189601632508,0.6548309821666223,0.6544405997693195,0.35294117647058826,0.6509803921568628,0.6549019607843137,0.7413905262947083,0.9999954700469971,0.9981653690338135,0.9999495148658752,0.30443376302719116,163.84730529785156,0.5616911053657532,0.435995489358902,-0.2066563218832016,1.4166921377182007,-0.4379146099090576,0.4379146099090576,253.2391357421875,248.2921600341797,258.14337158203125
0825,6,0,0,0.0,0.0,1,1,1,1,1,1.0,0.34509803921568627,0.6313725490196078,0.6196078431372549,0.34509803921568627,0.6313725490196078,0.6196078431372549,0.11346714198589325,0.11346714198589325,0.11346714198589325,0.11346714198589325,0.0,0.11346714198589325,1.0489022731781006,0.0,1.0489022731781006,1.0489022731781006,-0.1363358497619629,0.1363358497619629,242.49948120117188,242.49948120117188,242.49948120117188
0825,7,0,0,0.0,0.0,1,1,1,1,1,1.0,0.34901960784313724,0.6352941176470588,0.6196078431372549,0.34901960784313724,0.6352941176470588,0.6196078431372549,0.1431783139705658,0.1431783139705658,0.1431783139705658,0.1431783139705658,0.0,0.1431783139705658,0.9981725811958313,0.0,0.9981725811958313,0.9981725811958313,-0.24096590280532837,0.24096590280532837,243.53233337402344,243.53233337402344,243.53233337402344
0825,8,0,0,0.0,0.0,4,2,2,2,8,0.5,0.3637254901960784,0.17352941176470588,0.5735294117647058,0.36470588235294116,0.17254901960784313,0.5725490196078431,0.13308076560497284,0.17466585338115692,0.14373545348644257,0.1622936874628067,0.02652117796242237,0.5323230624198914,0.9981726408004761,0.25960245728492737,0.6811124086380005,1.3913273811340332,-1.0516048669815063,1.0516048669815063,179.2666015625,178.60850524902344,179.9472198486328
0825,9,0,0,0.0,0.0,1,1,1,1,1,1.0,0.36470588235294116,0.6392156862745098,0.6745098039215687,0.36470588235294116,0.6392156862745098,0.6745098039215687,0.10032575577497482,0.10032575577497482,0.10032575577497482,0.10032575577497482,0.0,0.10032575577497482,0.32600492238998413,0.0,0.32600492238998413,0.32600492238998413,-0.6124547123908997,0.6124547123908997,254.9293975830078,254.9293975830078,254.9293975830078
0826,1,1,4020,0.8174054493696624,0.8738180632539941,4918,16,35,28,15680,0.3136479591836735,0.47210327807414143,0.7340294556212074,0.49767321324625824,0.4588235294117647,0.7019607843137254,0.5019607843137255,0.871933102607727,1.0,0.9999963641166687,0.9999991655349731,0.2515099346637726,4288.1669921875,-0.6541232466697693,0.4636411964893341,-1.3193621635437012,1.1870054006576538,-0.5094800740480423,0.5094800740480423,256.74853515625,238.93722534179688,275.7915954589844
0832,1,0,0,0.0,0.0,4,3,2,1,6,0.6666666666666666,0.6078431372549019,0.6450980392156863,0.5725490196078431,0.6078431372549019,0.6431372549019608,0.5725490196078431,0.17544487118721008,0.2514157295227051,0.2232506275177002,0.24014967679977417,0.059596948325634,0.7017794847488403,1.1102995872497559,0.11051134765148163,1.001246690750122,1.2509260177612305,-0.5239810943603516,0.5239810943603516,269.65264892578125,268.7694091796875,270.5364990234375
0835,1,1,433,0.672360248447205,0.6462686567164179,644,13,22,13,3718,0.17321140398063475,0.28339941784511014,0.4930094013582425,0.5334226142372256,0.2730627306273063,0.45525291828793774,0.550185873605948,0.8414608240127563,1.0,0.9999504089355469,0.9999952912330627,0.26323848962783813,541.9007568359375,0.12899872660636902,0.31529852747917175,-0.45250436663627625,1.0231504440307617,-0.4113483130931854,0.4113483130931854,206.72482299804688,198.07574462890625,215.09300231933594
0835,2,1,197,0.6396103896103896,0.39243027888446214,308,7,11,11,847,0.36363636363636365,0.29347773997220494,0.31173884481277475,0.532346835320813,0.2988929889298893,0.30739299610894943,0.5353159851301115,0.7981055974960327,0.9999996423721313,0.9999368786811829,0.9999913573265076,0.30198681354522705,245.8165283203125,0.1665499359369278,0.33924034237861633,-0.5724503397941589,0.9606720209121704,-0.3220953494310379,0.3220953494310379,182.81251525878906,178.0028076171875,187.15768432617188
0835,3,1,40,0.45977011494252873,0.10217113665389528,87,6,6,6,216,0.4027777777777778,0.31390762183483906,0.5675566885817791,0.5455283510661026,0.31365313653136534,0.5642023346303502,0.5464684014869888,0.7808689475059509,0.9999998211860657,0.9999121427536011,0.9999964833259583,0.2955795228481293,67.93560028076172,0.447754442691803,0.21055151522159576,-0.11577288806438446,0.9712546467781067,-0.15713495016098022,0.15713495016098022,224.10353088378906,220.95474243164062,226.40008544921875
0835,4,0,0,0.0,0.0,8,2,5,2,20,0.4,0.6669741697416974,0.5598249027237354,0.5199814126394052,0.6678966789667896,0.556420233463035,0.5204460966542751,0.17436394095420837,0.26350435614585876,0.18012568354606628,0.2180110216140747,0.03826294466853142,1.394911527633667,0.5828731060028076,0.1868131458759308,0.36410295963287354,0.8471812605857849,-0.2096191644668579,0.2096191644668579,270.7395324707031,269.3046569824219,272.1029357910156
0838,1,1,85,0.68,0.3497942386831276,125,6,11,5,330,0.3787878787878788,0.4491921568627451,0.4408156862745098,0.5383843137254902,0.4470588235294118,0.43137254901960786,0.5411764705882353,0.7860044240951538,1.0,0.9999923706054688,0.9999999403953552,0.2991524338722229,98.25054931640625,2.817019462585449,0.4389297664165497,1.4664652347564697,3.5535497665405273,-0.32911229133605957,0.32911229133605957,211.7572021484375,208.91624450683594,214.82318115234375
0838,2,0,0,0.0,0.0,3,2,2,1,4,0.75,0.4522875816993464,0.3738562091503268,0.5529411764705883,0.45098039215686275,0.3764705882352941,0.5529411764705883,0.11789075285196304,0.12274198979139328,0.12199030071496964,0.12244131416082382,0.005830032285302877,0.3536722660064697,2.6444222927093506,0.04378267005085945,2.6090614795684814,2.706120729446411,-0.29845333099365234,0.29845333099365234,206.1632080078125,205.8203125,206.38555908203125
0838,3,1,227,0.696319018404908,0.660844250363901,326,21,23,17,8211,0.039702837656801854,0.5673884277637435,0.6016239624684229,0.6016480211716588,0.5450980392156862,0.5764705882352941,0.5803921568627451,0.7877224683761597,1.0,0.9999943971633911,1.0,0.3162439167499542,256.7975158691406,2.063828468322754,0.3255601227283478,1.0783371925354004,2.7677226066589355,-0.2883114814758301,0.2883114814758301,261.3448181152344,245.5137481689453,278.37744140625
0839,1,1,33,0.4520547945205479,0.3687150837988827,73,8,5,7,280,0.26071428571428573,0.504566210045662,0.4269632442696324,0.5132957292506044,0.5035460992907801,0.42574257425742573,0.5108359133126935,0.6270453929901123,0.9999790787696838,0.9725837707519531,0.999150276184082,0.3269617259502411,45.774314880371094,0.35179927945137024,0.3467656075954437,-0.6034928560256958,0.9125067591667175,-0.003702223300933838,0.003702223300933838,254.482421875,252.36679077148438,257.28778076171875
0839,2,1,69,0.5798319327731093,0.6133333333333333,119,5,11,7,385,0.3090909090909091,0.5466356755468145,0.7117619324957706,0.4971511824544059,0.5460992907801419,0.7062706270627063,0.4953560371517028,0.8005562424659729,1.0,0.9999791979789734,0.9999997615814209,0.2869282364845276,95.26618957519531,0.8546100854873657,0.17034095525741577,0.4194045662879944,1.1580984592437744,-0.3167225122451782,0.3167225122451782,310.4409484863281,305.4652099609375,315.0587158203125
0839,3,0,0,0.0,0.0,5,2,2,2,8,0.625,0.5453900709219859,0.7247524752475247,0.46873065015479876,0.5460992907801419,0.7260726072607261,0.47058823529411764,0.26874324679374695,0.3292803466320038,0.3197241425514221,0.3254578709602356,0.06442797929048538,1.3437162637710571,0.9410676956176758,0.08664435893297195,0.7716233730316162,1.010308861732483,-0.38690292835235596,0.38690292835235596,308.39849853515625,307.8749694824219,309.0776672363281
0839,4,0,0,0.0,0.0,1,1,1,1,1,1.0,0.5425531914893617,0.7293729372937293,0.47058823529411764,0.5425531914893617,0.7293729372937293,0.47058823529411764,0.11604873836040497,0.11604873836040497,0.11604873836040497,0.11604873836040497,0.0,0.11604873836040497,1.0677495002746582,0.0,1.0677495002746582,1.0677495002746582,-0.21480023860931396,0.21480023860931396,309.2911376953125,309.2911376953125,309.2911376953125
0839,5,0,0,0.0,0.0,1,1,1,1,1,1.0,0.5567375886524822,0.6963696369636964,0.5077399380804953,0.5567375886524822,0.6963696369636964,0.5077399380804953,0.1533968597650528,0.1533968597650528,0.1533968597650528,0.1533968597650528,0.0,0.1533968597650528,0.8762271404266357,0.0,0.8762271404266357,0.8762271404266357,-0.27453291416168213,0.27453291416168213,310.452880859375,310.452880859375,310.452880859375
0841,1,1,131,0.6267942583732058,0.26844262295081966,209,9,9,8,648,0.32253086419753085,0.26128154611126747,0.3735997748381649,0.3464114832535885,0.2627450980392157,0.3803921568627451,0.34901960784313724,0.7528060078620911,0.9999963641166687,0.999352216720581,0.9999333620071411,0.30926111340522766,157.33645629882812,-0.28143006563186646,0.520885705947876,-1.2313331365585327,1.0650311708450317,-0.5618952512741089,0.5618952512741089,146.49411010742188,143.2270965576172,149.88328552246094
0841,2,1,40,0.5263157894736842,0.09489916963226572,76,14,6,3,252,0.30158730158730157,0.3626418988648091,0.500670794633643,0.5166150670794634,0.36470588235294116,0.4980392156862745,0.5176470588235295,0.7704036235809326,0.9999903440475464,0.9974544048309326,0.9999188780784607,0.29646536707878113,58.55067443847656,0.6171684861183167,0.19750815629959106,0.11324845254421234,0.9743850231170654,-0.3562889099121094,0.3562889099121094,205.9167938232422,203.1969451904297,209.93569946289062
0841,3,0,0,0.0,0.0,1,1,1,1,1,1.0,0.34901960784313724,0.615686274509804,0.3411764705882353,0.34901960784313724,0.615686274509804,0.3411764705882353,0.11003294587135315,0.11003294587135315,0.11003294587135315,0.11003294587135315,0.0,0.11003294587135315,0.3096480667591095,0.0,0.3096480667591095,0.3096480667591095,-0.20521238446235657,0.20521238446235657,200.79342651367188,200.79342651367188,200.79342651367188
0841,4,1,5,0.7142857142857143,0.012919896640826873,7,2,3,2,12,0.5833333333333334,0.35070028011204485,0.6554621848739496,0.449859943977591,0.35294117647058826,0.6549019607843137,0.45098039215686275,0.3082626760005951,0.5082989931106567,0.4687841534614563,0.5074437856674194,0.1546361893415451,2.157838821411133,0.9765433669090271,0.19014547765254974,0.6571242809295654,1.2161076068878174,-0.3247986435890198,0.3247986435890198,221.97720336914062,221.09048461914062,223.0022430419922
0841,5,1,48,0.5714285714285714,0.1128084606345476,84,9,5,5,225,0.37333333333333335,0.36433239962651726,0.6656395891690009,0.44197012138188607,0.3607843137254902,0.6627450980392157,0.44313725490196076,0.780802309513092,0.9999997019767761,0.9999117851257324,0.999992311000824,0.30583223700523376,65.58739471435547,0.8758255243301392,0.2866427004337311,0.09814085066318512,1.4276150465011597,-0.4470210075378418,0.4470210075378418,224.35342407226562,220.55612182617188,227.58734130859375
0841,6,1,312,0.6995515695067265,0.5144270403957131,446,12,14,7,1176,0.3792517006802721,0.38267827310296315,0.5985140244438583,0.3419854040270817,0.37254901960784315,0.592156862745098,0.34509803921568627,0.8127210140228271,0.9999998807907104,0.9999751448631287,0.9999980926513672,0.28944793343544006,362.47357177734375,-0.13572300970554352,0.5165848135948181,-1.2011178731918335,0.8837391138076782,-0.604465588927269,0.604465588927269,201.56655883789062,195.94386291503906,206.6591339111328
0841,7,1,26,0.4482758620689655,0.06303030303030303,58,6,8,5,240,0.24166666666666667,0.4422582826233942,0.32359702501690335,0.5342123056118999,0.4392156862745098,0.3254901960784314,0.5333333333333333,0.7132771611213684,0.9999945163726807,0.9993764162063599,0.9999468326568604,0.32628870010375977,41.37007522583008,0.5688226222991943,0.38609781861305237,-0.6572420597076416,1.0952463150024414,-0.44909632205963135,0.44909632205963135,195.7459259033203,193.793701171875,197.63856506347656
0841,8,1,45,0.7258064516129032,0.10856453558504221,62,4,5,5,100,0.62,0.44206198608475644,0.37722960151802654,0.6036685641998735,0.4392156862745098,0.3764705882352941,0.6,0.8141105771064758,1.0,0.9999911785125732,0.9999998807907104,0.29442253708839417,50.474857330322266,0.5408927798271179,0.2741434574127197,-0.27955058217048645,0.913954496383667,-0.23798543214797974,0.23798543214797974,214.20811462402344,211.8112335205078,217.175048828125
0841,9,0,0,0.0,0.0,3,1,2,2,4,0.75,0.5254901960784314,0.42614379084967324,0.465359477124183,0.5254901960784314,0.42745098039215684,0.4666666666666667,0.2089901566505432,0.2874424457550049,0.2547979950904846,0.27438467741012573,0.07005108892917633,0.6269704699516296,0.5463347434997559,0.20505402982234955,0.2794327139854431,0.7779855728149414,-0.39989519119262695,0.39989519119262695,210.0371551513672,209.83326721191406,210.39724731445312
0841,10,0,0,0.0,0.0,1,1,1,1,1,1.0,0.5294117647058824,0.4235294117647059,0.4627450980392157,0.5294117647058824,0.4235294117647059,0.4627450980392157,0.10749229043722153,0.10749229043722153,0.10749229043722153,0.10749229043722153,0.0,0.10749229043722153,0.6873394846916199,0.0,0.6873394846916199,0.6873394846916199,-0.3015238046646118,0.3015238046646118,209.96189880371094,209.96189880371094,209.96189880371094
0845,1,0,0,0.0,0.0,1,1,1,1,1,1.0,0.38823529411764707,0.6313725490196078,0.6784313725490196,0.38823529411764707,0.6313725490196078,0.6784313725490196,0.10449507087469101,0.10449507087469101,0.10449507087469101,0.10449507087469101,0.0,0.10449507087469101,0.552820086479187,0.0,0.552820086479187,0.552820086479187,-0.23004645109176636,0.23004645109176636,256.612548828125,256.612548828125,256.612548828125
0845,2,0,0,0.0,0.0,1,1,1,1,1,1.0,0.47058823529411764,0.403921568627451,0.5764705882352941,0.47058823529411764,0.403921568627451,0.5764705882352941,0.12906134128570557,0.12906134128570557,0.12906134128570557,0.12906134128570557,0.0,0.12906134128570557,2.0920403003692627,0.0,2.0920403003692627,2.0920403003692627,-0.2337646484375,0.2337646484375,216.46939086914062,216.46939086914062,216.46939086914062
0846,1,1,251,0.7212643678160919,0.2958161461402475,348,10,19,9,1710,0.20350877192982456,0.40297498309668695,0.5936781609195403,0.5908496732026144,0.38823529411764707,0.615686274509804,0.5764705882352941,0.8486292362213135,1.0,0.999998152256012,1.0,0.2657281458377838,295.3229675292969,2.020556926727295,0.2540965676307678,1.3864805698394775,2.5360262393951416,-0.31792330741882324,0.31792330741882324,237.5160675048828,232.87335205078125,241.2260284423828
0846,2,1,226,0.6807228915662651,0.2688875669244497,332,9,20,5,900,0.3688888888888889,0.4124616111504843,0.5160760689818096,0.6003779825183084,0.4,0.5058823529411764,0.6,0.7887978553771973,1.0,0.9999974370002747,1.0,0.29465189576148987,261.8808898925781,2.1602048873901367,0.26975420117378235,1.2702865600585938,2.659349203109741,-0.2825584411621094,0.2825584411621094,228.13450622558594,222.89459228515625,235.13612365722656
0846,3,1,103,0.7006802721088435,0.13770053475935828,147,8,8,7,448,0.328125,0.5032146191810057,0.45012671735360815,0.5793250633586768,0.5058823529411764,0.45098039215686275,0.5843137254901961,0.7662699222564697,0.9999992251396179,0.9997777938842773,0.9999852180480957,0.29612696170806885,112.64167785644531,2.1480841636657715,0.5436797142028809,0.5086944103240967,3.0584487915039062,-0.13147330284118652,0.13147330284118652,227.433837890625,223.43455505371094,231.7649688720703
0846,4,1,23,0.5897435897435898,0.03314121037463977,39,5,7,4,140,0.2785714285714286,0.5483157365510306,0.4443438914027149,0.539165409753645,0.5450980392156862,0.4470588235294118,0.5372549019607843,0.5510759949684143,0.9973613619804382,0.8081047534942627,0.9527872800827026,0.3031437397003174,21.49196434020996,2.506714344024658,0.3006700575351715,1.5086063146591187,2.956763744354248,-0.47680044174194336,0.47680044174194336,227.1033172607422,225.51939392089844,228.36373901367188
0846,5,1,303,0.6748329621380846,0.3370411568409344,449,9,19,10,1710,0.2625730994152047,0.5575003275252194,0.6060526660552863,0.5965588016943971,0.5568627450980392,0.611764705882353,0.6,0.8116579651832581,1.0,0.9999906420707703,0.9999995827674866,0.28817057609558105,364.4344177246094,1.9680039882659912,0.34953299164772034,0.3295453190803528,2.582846164703369,-0.25417518615722656,0.25417518615722656,259.89691162109375,254.7332000732422,264.73382568359375
0846,6,1,210,0.6194690265486725,0.24881516587677724,339,11,22,5,1210,0.2801652892561983,0.5619642547284401,0.5184336861588293,0.6088842616692695,0.5607843137254902,0.4980392156862745,0.6039215686274509,0.7337871193885803,1.0,0.9999351501464844,0.9999998807907104,0.3276398181915283,248.7538299560547,2.2732818126678467,0.25171756744384766,1.4803129434585571,2.7010691165924072,-0.33223628997802734,0.33223628997802734,249.87355041503906,242.33447265625,256.6281433105469
0849,1,1,64,0.7529411764705882,0.8258064516129032,85,6,6,7,252,0.3373015873015873,0.4581776239907728,0.4568858131487889,0.4758016147635525,0.4549019607843137,0.4549019607843137,0.4745098039215686,0.8475190997123718,1.0,0.9999942183494568,0.9999997615814209,0.27113890647888184,72.03912353515625,1.4617363214492798,0.340721070766449,0.6294823884963989,2.0099103450775146,-0.5289431810379028,0.5289431810379028,121.69679260253906,117.9237060546875,124.59534454345703
0855,1,0,0,0.0,0.0,23,4,5,3,60,0.38333333333333336,0.551236146632566,0.7084398976982097,0.5872122762148337,0.5529411764705883,0.7058823529411765,0.5882352941176471,0.38339656591415405,0.6694074869155884,0.5323754549026489,0.60100257396698,0.17335034906864166,8.818120956420898,0.6412187218666077,0.20578841865062714,0.2708294689655304,1.0036426782608032,-0.46470099687576294,0.46470099687576294,274.04241943359375,272.2554016113281,275.9583435058594
0856,1,0,0,0.0,0.0,131,12,8,7,672,0.1949404761904762,0.3480087579146695,0.5867802828569737,0.4773536895674301,0.3488372093023256,0.5891472868217055,0.47843137254901963,0.2674536108970642,0.6535046100616455,0.3506448268890381,0.5002385377883911,0.13919754326343536,35.03642272949219,0.03217867389321327,0.1439620852470398,-0.3323586583137512,0.43416106700897217,-0.22734030708670616,0.22734030708670616,214.43890380859375,206.7800750732422,218.35980224609375
0856,2,1,7319,0.7540696476406347,0.8301950998185118,9706,46,37,32,54464,0.17820945945945946,0.5151376835554448,0.6917039248478924,0.5459186353296728,0.5116279069767442,0.686046511627907,0.5215686274509804,0.8328441381454468,1.0,0.9999923706054688,0.9999982118606567,0.28366753458976746,8083.5849609375,-0.09564829617738724,0.28751930594444275,-0.57010817527771,1.0296858549118042,-0.2733960226178169,0.2733960226178169,263.15545654296875,232.30152893066406,283.40960693359375
0856,3,0,0,0.0,0.0,5,2,2,2,8,0.625,0.5054263565891474,0.7069767441860465,0.6047058823529411,0.5077519379844961,0.7054263565891473,0.6039215686274509,0.12947840988636017,0.16409997642040253,0.14223934710025787,0.15535572171211243,0.022014928981661797,0.6473920345306396,-0.10599587112665176,0.13420385122299194,-0.2528005838394165,0.10339726507663727,-0.2569705471396446,0.2569705471396446,272.605712890625,272.03125,273.1830749511719
0856,4,1,1,1.0,0.00025230225810521004,1,1,1,1,1,1.0,0.5232558139534884,0.7248062015503876,0.615686274509804,0.5232558139534884,0.7248062015503876,0.615686274509804,0.10092120617628098,0.10092120617628098,0.10092120617628098,0.10092120617628098,0.0,0.10092120617628098,0.051933713257312775,0.0,0.051933713257312775,0.051933713257312775,-0.16463778167963028,0.16463778167963028,279.48883056640625,279.48883056640625,279.48883056640625
0856,5,0,0,0.0,0.0,75,5,4,10,200,0.375,0.5671834625322998,0.5780361757105943,0.6775947712418301,0.5697674418604651,0.5813953488372093,0.6862745098039216,0.6179946064949036,0.8982864618301392,0.8463285565376282,0.8712491989135742,0.25853219628334045,46.34959411621094,0.7568279504776001,0.17436642944812775,0.08202793449163437,0.9767619371414185,-0.2798488140106201,0.2798488140106201,271.6729431152344,267.8450927734375,275.7353820800781
0856,6,0,0,0.0,0.0,59,4,8,6,192,0.3072916666666667,0.731572723689397,0.43174352910261465,0.5034230641409106,0.7325581395348837,0.43023255813953487,0.5058823529411764,0.39585840702056885,0.8946533203125,0.5562963485717773,0.7336928248405457,0.2234884798526764,23.35564613342285,0.04442993178963661,0.15617674589157104,-0.2596951127052307,0.4291415214538574,-0.21203088387846947,0.21203088387846947,254.7445831298828,252.2696990966797,257.2663879394531
0856,7,0,0,0.0,0.0,36,4,4,5,80,0.45,0.735142118863049,0.400947459086994,0.4763616557734205,0.7364341085271318,0.3992248062015504,0.47843137254901963,0.28139591217041016,0.6144377589225769,0.35090047121047974,0.49913525581359863,0.13431593775749207,10.130252838134766,0.09673453867435455,0.20121677219867706,-0.1897156983613968,0.5126453042030334,-0.23001427948474884,0.23001427948474884,248.6197052001953,246.4345703125,250.76283264160156
0856,8,0,0,0.0,0.0,1,1,1,1,1,1.0,0.7325581395348837,0.4108527131782946,0.4823529411764706,0.7325581395348837,0.4108527131782946,0.4823529411764706,0.10203804820775986,0.10203804820775986,0.10203804820775986,0.10203804820775986,0.0,0.10203804820775986,0.032383427023887634,0.0,0.032383427023887634,0.032383427023887634,-0.20413990318775177,0.20413990318775177,249.92999267578125,249.92999267578125,249.92999267578125
0857,1,1,131,0.7158469945355191,0.793939393939394,183,7,7,8,392,0.46683673469387754,0.5337190613950499,0.46141647915996997,0.8276652737597772,0.5254901960784314,0.4627450980392157,0.8274509803921568,0.8371768593788147,1.0,0.9999991655349731,1.0,0.27911943197250366,153.203369140625,0.9256680011749268,0.43025481700897217,0.05803763493895531,2.2983651161193848,-0.1387871503829956,0.1387871503829956,277.8304443359375,274.42120361328125,281.1423034667969
0858,1,0,0,0.0,0.0,18,3,4,4,48,0.375,0.320479302832244,0.5498910675381263,0.40108932461873636,0.3215686274509804,0.5490196078431373,0.403921568627451,0.2686876058578491,0.4645708501338959,0.38481229543685913,0.4299874007701874,0.12228155136108398,4.836376667022705,0.5908026099205017,0.2187916487455368,0.1389877051115036,1.12027108669281,-0.21754133701324463,0.21754133701324463,192.27020263671875,190.9162139892578,193.53811645507812
0858,2,0,0,0.0,0.0,48,5,5,3,75,0.64,0.3681372549019608,0.6274509803921569,0.43586601307189543,0.3686274509803922,0.6235294117647059,0.43529411764705883,0.42343178391456604,0.7431530356407166,0.5528135299682617,0.6875524520874023,0.1884227842092514,20.324726104736328,0.4875044822692871,0.1948815882205963,0.031663715839385986,0.8713652491569519,-0.5754857063293457,0.5754857063293457,216.695068359375,214.3221893310547,219.09814453125
0858,3,0,0,0.0,0.0,13,3,4,2,24,0.5416666666666666,0.5740573152337858,0.6461538461538462,0.436500754147813,0.5764705882352941,0.6470588235294118,0.43529411764705883,0.12346666306257248,0.1481194943189621,0.13323894143104553,0.13594192266464233,0.012812198139727116,1.6050666570663452,0.46002626419067383,0.08176638931035995,0.3158717453479767,0.5935088992118835,-0.2346099615097046,0.2346099615097046,247.51028442382812,245.96543884277344,249.0060272216797
0858,4,0,0,0.0,0.0,13,3,3,2,18,0.7222222222222222,0.6196078431372549,0.6304675716440422,0.4289592760180996,0.6196078431372549,0.6313725490196078,0.42745098039215684,0.13508130609989166,0.1847832202911377,0.14029358327388763,0.15576238930225372,0.020275931805372238,1.7560570240020752,0.19138868153095245,0.12620604038238525,-0.01741735264658928,0.3739914298057556,-0.34152065217494965,0.34152065217494965,251.18460083007812,249.8899688720703,252.23204040527344
0858,5,0,0,0.0,0.0,2,1,2,1,2,1.0,0.6784313725490196,0.37058823529411766,0.42745098039215684,0.6784313725490196,0.37254901960784315,0.42745098039215684,0.1100376695394516,0.11900564283132553,0.11452165991067886,0.11721204966306686,0.008967969566583633,0.2200753390789032,0.8319889307022095,0.09527483582496643,0.7367140650749207,0.9272637367248535,-0.28585612773895264,0.28585612773895264,226.0253448486328,225.81629943847656,226.23439025878906
0859,1,0,0,0.0,0.0,40,4,5,3,60,0.6666666666666666,0.3195098039215686,0.6006862745098039,0.47058823529411764,0.3176470588235294,0.6,0.47058823529411764,0.5407211184501648,0.9114494919776917,0.7409375309944153,0.8066228628158569,0.22765974700450897,21.62884521484375,0.47450727224349976,0.19276076555252075,0.0668608695268631,0.8644299507141113,-0.4092126488685608,0.4092126488685608,211.3450469970703,209.19369506835938,213.26275634765625
0859,2,0,0,0.0,0.0,17,3,3,3,27,0.6296296296296297,0.32202998846597464,0.5956170703575547,0.40161476355247977,0.3215686274509804,0.592156862745098,0.403921568627451,0.17605598270893097,0.23991766571998596,0.20264917612075806,0.23794320225715637,0.04297305643558502,2.9929516315460205,-0.014807410538196564,0.19954189658164978,-0.28761425614356995,0.4508756101131439,-0.38997624069452286,0.38997624069452286,201.16131591796875,199.82241821289062,202.66722106933594
0859,3,0,0,0.0,0.0,4,3,1,2,6,0.6666666666666666,0.6509803921568628,0.5764705882352941,0.47352941176470587,0.6509803921568628,0.5764705882352941,0.4745098039215686,0.13836152851581573,0.1687311828136444,0.15613283216953278,0.16369184851646423,0.024337032809853554,0.5534461140632629,0.2022506594657898,0.13489656150341034,0.027474742382764816,0.3524102568626404,-0.3917784094810486,0.3917784094810486,253.13827514648438,252.59849548339844,253.9173126220703
0861,1,1,17525,0.7987693710118505,0.1675037873538225,21940,38,42,43,68628,0.31969458530046047,0.355783688133412,0.5915747046311688,0.49543996997158024,0.3764705882352941,0.5843137254901961,0.4745098039215686,0.8544312715530396,0.9997438192367554,0.9978374242782593,0.99882572889328,0.25688159465789795,18746.22265625,0.35303932428359985,0.5002816319465637,-0.705792248249054,2.251662015914917,-0.45654070377349854,0.45654070377349854,217.39480590820312,186.68154907226562,236.95147705078125
0861,2,1,139259,0.8618792394910135,0.798308898347593,161576,105,106,82,912660,0.1770385466657901,0.4834221885020781,0.6288421547754617,0.7117051697640981,0.41568627450980394,0.6705882352941176,0.6627450980392157,0.8858040571212769,0.9998760223388672,0.9981727600097656,0.9991664886474609,0.23103301227092743,143124.671875,0.39491403102874756,0.5515425801277161,-0.7822781205177307,2.7105772495269775,-0.38137513399124146,0.38137513399124146,274.273681640625,232.85618591308594,304.942626953125
0861,3,0,0,0.0,0.0,4,1,3,2,6,0.6666666666666666,0.3058823529411765,0.5715686274509804,0.5186274509803922,0.3058823529411765,0.5725490196078431,0.5176470588235295,0.15390998125076294,0.20854538679122925,0.182839035987854,0.19826284050941467,0.040966447442770004,0.6156399250030518,0.680514395236969,0.06269392371177673,0.6072154641151428,0.7601872086524963,-0.25677400827407837,0.25677400827407837,212.07254028320312,211.4001007080078,212.77688598632812
0861,4,0,0,0.0,0.0,6,3,2,2,12,0.5,0.3437908496732026,0.5320261437908497,0.426797385620915,0.34509803921568627,0.5333333333333333,0.42745098039215684,0.13505931198596954,0.1671494096517563,0.1557575762271881,0.1654689610004425,0.02306286059319973,0.8103559017181396,0.6837013363838196,0.1625845581293106,0.40325307846069336,0.8749160170555115,-0.38811689615249634,0.38811689615249634,195.2242889404297,194.55076599121094,196.15554809570312
0861,5,0,0,0.0,0.0,9,2,4,2,16,0.5625,0.362962962962963,0.48888888888888893,0.8013071895424837,0.3607843137254902,0.49019607843137253,0.8,0.1409044861793518,0.18280622363090515,0.16990810632705688,0.17414890229701996,0.027421139180660248,1.2681403160095215,0.42733198404312134,0.1307549923658371,0.23753367364406586,0.6709536910057068,-0.3841531276702881,0.3841531276702881,256.9974365234375,256.087890625,257.542236328125
0861,6,0,0,0.0,0.0,4,1,2,3,6,0.6666666666666666,0.403921568627451,0.6058823529411764,0.5529411764705883,0.403921568627451,0.6078431372549019,0.5529411764705883,0.11406055092811584,0.1293133795261383,0.11995232105255127,0.1255689561367035,0.010043333284556866,0.4562422037124634,1.3338314294815063,0.2077123522758484,1.0916260480880737,1.665270209312439,-0.1799377202987671,0.1799377202987671,233.5968780517578,232.662841796875,234.5314483642578
0861,7,0,0,0.0,0.0,1,1,1,1,1,1.0,0.40784313725490196,0.592156862745098,0.6941176470588235,0.40784313725490196,0.592156862745098,0.6941176470588235,0.12811224162578583,0.12811224162578583,0.12811224162578583,0.12811224162578583,0.0,0.12811224162578583,1.7035131454467773,0.0,1.7035131454467773,1.7035131454467773,-0.004249215126037598,0.004249215126037598,255.25477600097656,255.25477600097656,255.25477600097656
0861,8,0,0,0.0,0.0,1,1,1,1,1,1.0,0.4235294117647059,0.6,0.5215686274509804,0.4235294117647059,0.6,0.5215686274509804,0.10370388627052307,0.10370388627052307,0.10370388627052307,0.10370388627052307,0.0,0.10370388627052307,0.4924866259098053,0.0,0.4924866259098053,0.4924866259098053,-0.5125616490840912,0.5125616490840912,230.1716766357422,230.1716766357422,230.1716766357422
0861,9,1,12345,0.8094551176972001,0.12188981042654029,15251,41,48,36,70848,0.2152636630532972,0.6460601104909868,0.5741527717243871,0.4726797728467822,0.6549019607843137,0.5843137254901961,0.5019607843137255,0.840972900390625,0.9997086524963379,0.9976031184196472,0.9988869428634644,0.26391690969467163,12825.677734375,0.4222429394721985,0.3436967730522156,-0.6165587306022644,1.8054943084716797,-0.19909018278121948,0.19909018278121948,252.17445373535156,233.6343231201172,275.5739440917969
0861,10,0,0,0.0,0.0,45,6,5,5,150,0.3,0.6229193899782135,0.2550762527233116,0.4710239651416122,0.6235294117647059,0.2549019607843137,0.47058823529411764,0.19490988552570343,0.37180280685424805,0.23122093081474304,0.3075965642929077,0.07208322733640671,8.770944595336914,0.9176914691925049,0.13335108757019043,0.6709536910057068,1.1808595657348633,-0.15102577209472656,0.15102577209472656,210.26132202148438,206.8308563232422,213.269775390625
0865,1,0,0,0.0,0.0,89,11,6,3,198,0.4494949494949495,0.47605199383124036,0.6001321877065433,0.7550121172064331,0.4627450980392157,0.6039215686274509,0.7529411764705882,0.25292155146598816,0.5280598402023315,0.2887338399887085,0.36920589208602905,0.09051260352134705,22.51001739501953,0.11619257181882858,0.3075421452522278,-0.3305235803127289,1.00244140625,-0.4063500836491585,0.4063500836491585,274.7271423339844,271.8308410644531,277.6580505371094
0865,2,0,0,0.0,0.0,2,2,1,1,2,1.0,0.4843137254901961,0.40784313725490196,0.5490196078431373,0.48627450980392156,0.40784313725490196,0.5490196078431373,0.1286366581916809,0.13358330726623535,0.13110998272895813,0.13259397447109222,0.004946652799844742,0.2572733163833618,1.5648105144500732,0.009233593940734863,1.5555769205093384,1.574044108390808,-0.16202151775360107,0.16202151775360107,214.28115844726562,213.99066162109375,214.57167053222656
0865,3,0,0,0.0,0.0,147,9,7,6,378,0.3888888888888889,0.6393223956249167,0.6265172735760971,0.4478858209950647,0.6392156862745098,0.6274509803921569,0.45098039215686275,0.3535723090171814,0.7528610229492188,0.5007105469703674,0.6423728466033936,0.18688717484474182,51.975128173828125,0.18787744641304016,0.29086509346961975,-0.3712170124053955,0.9073969721794128,-0.5259630382061005,0.5259630382061005,255.8872833251953,251.84320068359375,258.9382019042969
0873,1,0,0,0.0,0.0,6,3,2,1,6,1.0,0.36470588235294116,0.5274509803921569,0.6705882352941176,0.36470588235294116,0.5254901960784314,0.6705882352941176,0.18582789599895477,0.27455446124076843,0.19445756077766418,0.23571953177452087,0.04406857490539551,1.1149673461914062,0.41822031140327454,0.2320588231086731,0.14242739975452423,0.8649272322654724,-1.1901139914989471,1.1901139914989471,236.9978485107422,236.3175811767578,237.67835998535156
0873,2,0,0,0.0,0.0,2,1,2,1,2,1.0,0.403921568627451,0.6294117647058823,0.6627450980392157,0.403921568627451,0.6313725490196078,0.6627450980392157,0.3138769268989563,0.3296940326690674,0.32178547978401184,0.3265306055545807,0.01581709086894989,0.6277538537979126,0.21234676241874695,0.34959670901298523,-0.13724996149539948,0.5619434714317322,-1.2857389748096466,1.2857389748096466,255.22030639648438,254.90586853027344,255.53472900390625
0873,3,0,0,0.0,0.0,12,3,3,4,36,0.3333333333333333,0.4316993464052287,0.600326797385621,0.7395424836601308,0.43137254901960786,0.6,0.7372549019607844,0.24662035703659058,0.42450493574142456,0.32630741596221924,0.36714452505111694,0.0930904895067215,2.959444284439087,0.6687646508216858,0.2536119520664215,0.18904034793376923,1.0746853351593018,-0.784372866153717,0.784372866153717,267.0926208496094,265.892822265625,268.4269104003906
0873,4,0,0,0.0,0.0,5,2,2,2,8,0.625,0.4376470588235294,0.6164705882352941,0.7278431372549019,0.4392156862745098,0.615686274509804,0.7254901960784313,0.33049824833869934,0.4796437621116638,0.4679792523384094,0.474977970123291,0.13657045364379883,1.6524912118911743,1.1259593963623047,0.09821941703557968,0.9348466396331787,1.2145237922668457,-0.586586594581604,0.586586594581604,268.026611328125,267.241455078125,268.9405212402344
0873,5,0,0,0.0,0.0,48,4,6,5,120,0.4,0.4504901960784314,0.7002450980392156,0.6982843137254902,0.4549019607843137,0.6941176470588235,0.6941176470588235,0.6883713603019714,0.9993150234222412,0.9782414436340332,0.9954557418823242,0.3059770166873932,33.04182434082031,0.912996768951416,0.5255893468856812,-0.5800724029541016,1.6573463678359985,-0.5690656900405884,0.5690656900405884,277.52496337890625,274.60516357421875,279.9750061035156
0873,6,0,0,0.0,0.0,78,7,8,7,392,0.1989795918367347,0.45681246857717445,0.6573655103066868,0.7212669683257918,0.4549019607843137,0.6509803921568628,0.7215686274509804,0.5767245292663574,0.9996821284294128,0.903915524482727,0.9980750679969788,0.31665340065956116,44.98451232910156,0.8903253078460693,0.4964171051979065,-0.7898304462432861,1.6806528568267822,-0.6390254497528076,0.6390254497528076,275.2003479003906,271.0645751953125,278.6700439453125
0873,7,0,0,0.0,0.0,107,8,5,11,440,0.2431818181818182,0.46838922484881806,0.6309327469305479,0.7344328385559832,0.4666666666666667,0.6313725490196078,0.7333333333333333,0.7241538166999817,0.9998914003372192,0.9937524795532227,0.9992725849151611,0.31175994873046875,77.48445892333984,0.8422742486000061,0.5801286101341248,-0.8364432454109192,1.8437979221343994,-0.6407747864723206,0.6407747864723206,274.71490478515625,269.5329284667969,280.28912353515625
0873,8,0,0,0.0,0.0,115,6,10,6,360,0.3194444444444444,0.4652685421994885,0.7680818414322251,0.6305200341005968,0.4666666666666667,0.7568627450980392,0.6313725490196078,0.7242929935455322,0.9999974966049194,0.9986605048179626,0.9999253153800964,0.30625301599502563,83.29369354248047,0.8900576829910278,0.597032368183136,-1.2326529026031494,1.6806528568267822,-0.5648806095123291,0.5648806095123291,280.24005126953125,276.7001953125,282.85333251953125
0873,9,0,0,0.0,0.0,30,4,4,4,64,0.46875,0.4660130718954248,0.6261437908496732,0.7588235294117647,0.4666666666666667,0.6274509803921569,0.7607843137254902,0.604843020439148,0.9941736459732056,0.9559922218322754,0.9875890016555786,0.34570449590682983,18.14529037475586,0.60234135389328,0.557601809501648,-0.7665239572525024,1.331055998802185,-0.7458279728889465,0.7458279728889465,278.0229797363281,275.6610107421875,280.333740234375
0873,10,0,0,0.0,0.0,41,4,4,6,96,0.4270833333333333,0.4648493543758967,0.672022955523673,0.701769488283118,0.4627450980392157,0.6705882352941176,0.7019607843137254,0.669967770576477,0.9944704174995422,0.9022001624107361,0.9718126654624939,0.2579473853111267,27.468679428100586,1.1377832889556885,0.404048353433609,0.3754919171333313,1.9370238780975342,-0.5099278688430786,0.5099278688430786,275.1008605957031,272.74530029296875,278.11688232421875
0873,11,0,0,0.0,0.0,185,6,12,11,792,0.2335858585858586,0.46931637519872815,0.7094011658717541,0.6860413354531002,0.47058823529411764,0.7058823529411765,0.6784313725490196,0.7727323174476624,0.9999925494194031,0.9990769624710083,0.999897301197052,0.29476502537727356,142.95547485351562,1.0823700428009033,0.6095207333564758,-0.7665239572525024,2.053555965423584,-0.47689712047576904,0.47689712047576904,279.09637451171875,272.7086486816406,286.5745849609375
0873,12,0,0,0.0,0.0,1,1,1,1,1,1.0,0.4627450980392157,0.7529411764705882,0.6549019607843137,0.4627450980392157,0.7529411764705882,0.6549019607843137,0.10953717678785324,0.10953717678785324,0.10953717678785324,0.10953717678785324,0.0,0.10953717678785324,0.9115400910377502,0.0,0.9115400910377502,0.9115400910377502,-0.434082567691803,0.434082567691803,280.9163513183594,280.9163513183594,280.9163513183594
0873,13,0,0,0.0,0.0,1,1,1,1,1,1.0,0.4666666666666667,0.6352941176470588,0.7019607843137254,0.4666666666666667,0.6352941176470588,0.7019607843137254,0.1187288761138916,0.1187288761138916,0.1187288761138916,0.1187288761138916,0.0,0.1187288761138916,0.9814594388008118,0.0,0.9814594388008118,0.9814594388008118,-0.6894823908805847,0.6894823908805847,269.6015625,269.6015625,269.6015625
0873,14,0,0,0.0,0.0,1,1,1,1,1,1.0,0.4745098039215686,0.7294117647058823,0.6901960784313725,0.4745098039215686,0.7294117647058823,0.6901960784313725,0.15115845203399658,0.15115845203399658,0.15115845203399658,0.15115845203399658,0.0,0.15115845203399658,0.9348466396331787,0.0,0.9348466396331787,0.9348466396331787,-0.5010887384414673,0.5010887384414673,283.6476745605469,283.6476745605469,283.6476745605469
0873,15,0,0,0.0,0.0,19,4,3,4,48,0.3958333333333333,0.4842105263157895,0.8076367389060888,0.582249742002064,0.4823529411764706,0.807843137254902,0.5803921568627451,0.5586666464805603,0.9581026434898376,0.7747886180877686,0.9335674047470093,0.2828161418437958,10.614665985107422,0.10930772870779037,0.5140958428382874,-0.8830562233924866,0.7017821073532104,-0.8550328388810158,0.8550328388810158,282.7608337402344,281.17254638671875,284.033447265625
0873,16,0,0,0.0,0.0,213,10,10,6,600,0.355,0.5552977998711222,0.7145171683696953,0.6820951854920372,0.5490196078431373,0.7098039215686275,0.6784313725490196,0.7429284453392029,0.9999998807907104,0.9991742968559265,0.9999970197677612,0.30191946029663086,158.24375915527344,0.9875870943069458,0.6034948825836182,-1.2792657613754272,1.7971850633621216,-0.4292316436767578,0.4292316436767578,289.4725646972656,285.4925537109375,292.94537353515625
0873,17,0,0,0.0,0.0,4,2,2,2,8,0.5,0.5441176470588235,0.6892156862745098,0.692156862745098,0.5450980392156862,0.6901960784313725,0.6941176470588235,0.35013699531555176,0.5339264869689941,0.460907518863678,0.5047188997268677,0.14159218966960907,1.400547981262207,0.9290199875831604,0.04161032661795616,0.8649272322654724,0.9814594388008118,-0.665578305721283,0.665578305721283,285.60601806640625,284.9578857421875,286.19049072265625
0873,18,0,0,0.0,0.0,50,4,8,4,128,0.390625,0.5512941176470588,0.7490980392156863,0.6702745098039216,0.5529411764705883,0.7450980392156863,0.6705882352941176,0.6127550601959229,0.9970904588699341,0.889984130859375,0.9617095589637756,0.2903621196746826,30.637754440307617,0.7013159990310669,0.47475382685661316,-0.32370153069496155,1.4009754657745361,-0.6051508188247681,0.6051508188247681,292.8319091796875,289.2991638183594,295.60784912109375
0873,19,0,0,0.0,0.0,55,6,5,5,150,0.36666666666666664,0.5590017825311943,0.6747237076648842,0.7018181818181818,0.5607843137254902,0.6745098039215687,0.7019607843137254,0.6373351216316223,0.9999443888664246,0.976141095161438,0.999320924282074,0.317531943321228,35.05343246459961,1.050531268119812,0.45638594031333923,-0.06733059138059616,1.7971850633621216,-0.43936216831207275,0.43936216831207275,286.773681640625,284.76129150390625,288.7109375
0873,20,0,0,0.0,0.0,20,3,5,3,45,0.4444444444444444,0.5515686274509805,0.7225490196078431,0.6552941176470588,0.5490196078431373,0.7215686274509804,0.6549019607843137,0.4599792957305908,0.9553799033164978,0.7354595065116882,0.8903080224990845,0.3006085455417633,9.199585914611816,1.255310297012329,0.23880580067634583,0.7017821073532104,1.6107335090637207,-0.3252040147781372,0.3252040147781372,286.2450256347656,284.3307800292969,288.0694274902344
0873,21,0,0,0.0,0.0,12,3,3,2,18,0.6666666666666666,0.5558823529411765,0.7166666666666667,0.6287581699346405,0.5529411764705883,0.7176470588235294,0.6274509803921569,0.5059800744056702,0.8932939171791077,0.7243798971176147,0.877479076385498,0.2565544843673706,6.071761131286621,0.9018290042877197,0.3818345367908478,0.23565317690372467,1.4475884437561035,-0.6078224182128906,0.6078224182128906,281.9270935058594,280.8700866699219,282.6747131347656
0873,22,0,0,0.0,0.0,12,3,3,3,27,0.4444444444444444,0.5601307189542484,0.6588235294117647,0.7147058823529412,0.5607843137254902,0.6588235294117647,0.7137254901960784,0.21718788146972656,0.3575916886329651,0.2671709656715393,0.33661216497421265,0.08211475610733032,2.6062545776367188,0.9251355528831482,0.3452264070510864,0.35218536853790283,1.4242819547653198,-0.6245819926261902,0.6245819926261902,286.5795593261719,285.2823181152344,287.7255554199219
0873,23,0,0,0.0,0.0,9,3,2,3,18,0.5,0.6196078431372549,0.6366013071895426,0.6618736383442265,0.6196078431372549,0.6352941176470588,0.6627450980392157,0.2086821049451828,0.29519760608673096,0.24442332983016968,0.26902681589126587,0.052588511258363724,1.8781388998031616,0.813135027885437,0.2332657426595688,0.28226613998413086,1.0979915857315063,-0.7515681982040405,0.7515681982040405,283.05426025390625,281.8368225097656,284.1548767089844
0873,24,0,0,0.0,0.0,5,3,3,1,9,0.5555555555555556,0.6627450980392157,0.40784313725490196,0.6784313725490196,0.6627450980392157,0.40784313725490196,0.6784313725490196,0.163209468126297,0.21441221237182617,0.20923040807247162,0.21233949065208435,0.04513834789395332,0.8160473704338074,0.5339757204055786,0.24550436437129974,0.07250815629959106,0.7950078845024109,-0.9489885568618774,0.9489885568618774,263.90447998046875,263.26031494140625,264.5486755371094
0873,25,0,0,0.0,0.0,1,1,1,1,1,1.0,0.6862745098039216,0.4117647058823529,0.6980392156862745,0.6862745098039216,0.4117647058823529,0.6980392156862745,0.1181773990392685,0.1181773990392685,0.1181773990392685,0.1181773990392685,0.0,0.1181773990392685,-0.020717762410640717,0.0,-0.020717762410640717,-0.020717762410640717,-0.5700369104743004,0.5700369104743004,271.4497985839844,271.4497985839844,271.4497985839844
0875,1,1,8725,0.8038511147963884,0.8545962094128018,10854,38,25,42,39900,0.2720300751879699,0.42043347205273424,0.7455932587773384,0.6305258862491854,0.39622641509433965,0.7384615384615385,0.578544061302682,0.8770433068275452,0.9999998211860657,0.9999845027923584,0.9999955296516418,0.2485634982585907,9519.427734375,-0.190840482711792,0.329549103975296,-0.5918890237808228,1.3229032754898071,-0.46050122380256653,0.46050122380256653,278.2022399902344,260.20953369140625,294.7236022949219
0875,2,1,5,0.5,0.0010443864229765013,10,3,2,2,12,0.8333333333333334,0.5086792452830189,0.41692307692307695,0.6187739463601533,0.5094339622641509,0.4153846153846154,0.6168582375478927,0.7370216846466064,0.9966933727264404,0.9615567326545715,0.9917743802070618,0.24644504487514496,7.3702168464660645,2.4545462131500244,0.1647302359342575,2.147580623626709,2.7166075706481934,-0.3457911014556885,0.3457911014556885,237.22396850585938,236.2414093017578,238.06932067871094
0879,1,0,0,0.0,0.0,1,1,1,1,1,1.0,0.32421875,0.55859375,0.43529411764705883,0.32421875,0.55859375,0.43529411764705883,0.1034572571516037,0.1034572571516037,0.1034572571516037,0.1034572571516037,0.0,0.1034572571516037,-0.05660443753004074,0.0,-0.05660443753004074,-0.05660443753004074,-0.7463403269648552,0.7463403269648552,199.5645294189453,199.5645294189453,199.5645294189453
0879,2,0,0,0.0,0.0,1,1,1,1,1,1.0,0.328125,0.5625,0.43137254901960786,0.328125,0.5625,0.43137254901960786,0.10658194869756699,0.10658194869756699,0.10658194869756699,0.10658194869756699,0.0,0.10658194869756699,0.4264771044254303,0.0,0.4264771044254303,0.4264771044254303,-0.4491138756275177,0.4491138756275177,200.15243530273438,200.15243530273438,200.15243530273438
0879,3,0,0,0.0,0.0,3,1,2,2,4,0.75,0.328125,0.5690104166666666,0.42614379084967324,0.328125,0.5703125,0.4235294117647059,0.11941352486610413,0.13305486738681793,0.12376053631305695,0.1293371319770813,0.009766409173607826,0.3582405745983124,-0.028349025174975395,0.12613791227340698,-0.15078012645244598,0.14522366225719452,-0.5373812150210142,0.5373812150210142,200.63043212890625,200.3272247314453,201.05223083496094
0879,4,0,0,0.0,0.0,1,1,1,1,1,1.0,0.33203125,0.56640625,0.4235294117647059,0.33203125,0.56640625,0.4235294117647059,0.11068595945835114,0.11068595945835114,0.11068595945835114,0.11068595945835114,0.0,0.11068595945835114,-0.6085493564605713,0.0,-0.6085493564605713,-0.6085493564605713,-0.8367613554000854,0.8367613554000854,200.21238708496094,200.21238708496094,200.21238708496094
0879,5,0,0,0.0,0.0,5,2,2,2,8,0.625,0.51328125,0.41484375,0.5349019607843137,0.515625,0.4140625,0.5372549019607843,0.2198387086391449,0.2826825976371765,0.2743559181690216,0.2793519198894501,0.04802854359149933,1.0991935729980469,0.9691656231880188,0.029246795922517776,0.9229698777198792,1.008175015449524,-0.25465136766433716,0.25465136766433716,217.7467498779297,217.15432739257812,218.38955688476562
0881,1,0,0,0.0,0.0,2,1,2,1,2,1.0,0.5091575091575091,0.6099656357388317,0.5490909090909091,0.5091575091575091,0.6116838487972509,0.5490909090909091,0.11986008286476135,0.12392662465572357,0.12189335376024246,0.12311331182718277,0.004066545516252518,0.2397201657295227,1.130023717880249,0.018262922763824463,1.1117608547210693,1.1482867002487183,-0.5764163732528687,0.5764163732528687,271.859130859375,271.5326843261719,272.18560791015625
0881,2,0,0,0.0,0.0,5,2,2,2,8,0.625,0.7194139194139194,0.5347079037800687,0.4429090909090909,0.717948717948718,0.5326460481099656,0.44363636363636366,0.11899109929800034,0.1365472376346588,0.13030461966991425,0.134050190448761,0.0128738172352314,0.5949555039405823,-0.7597054839134216,0.1089504063129425,-0.8864982724189758,-0.5640472769737244,-0.3633154630661011,0.3633154630661011,279.30950927734375,278.77947998046875,280.0428466796875
0883,1,1,32,0.5423728813559322,0.6736842105263158,59,7,5,3,105,0.5619047619047619,0.4853439680957129,0.3649052841475573,0.5141907610501828,0.4823529411764706,0.36470588235294116,0.5137254901960784,0.680381715297699,1.0,0.9996780157089233,0.9999988675117493,0.33814847469329834,40.142520904541016,1.1317936182022095,0.5014219880104065,-0.0019095147727057338,1.9413132667541504,-0.11941409111022949,0.11941409111022949,203.51675415039062,201.2684783935547,205.88589477539062
0885,1,1,86,0.6825396825396826,0.35684647302904565,126,5,7,7,245,0.5142857142857142,0.2458213083213083,0.44961095549330843,0.5389009139009139,0.24621212121212122,0.4470588235294118,0.5378787878787878,0.8080756068229675,1.0,0.9999911785125732,0.9999998807907104,0.29830193519592285,101.8175277709961,0.48513877391815186,0.2750292420387268,-0.2440149486064911,1.1712803840637207,-0.10641306638717651,0.10641306638717651,194.24681091308594,190.56495666503906,197.16490173339844
0885,2,1,23,0.5,0.11442786069651742,46,5,4,5,100,0.46,0.27050395256917,0.3981244671781756,0.42712450592885376,0.2727272727272727,0.396078431372549,0.42424242424242425,0.5861746668815613,0.9988677501678467,0.9268479943275452,0.9941228628158569,0.3308382034301758,26.964035034179688,0.8129658102989197,0.3951703906059265,-0.01737120933830738,1.8771252632141113,-0.3517611622810364,0.3517611622810364,168.1286163330078,165.8463134765625,170.17050170898438
0885,3,1,33,0.44594594594594594,0.15348837209302327,74,6,5,7,210,0.3523809523809524,0.29243447993447996,0.3203497615262321,0.41707616707616707,0.2916666666666667,0.3215686274509804,0.4166666666666667,0.6890820264816284,0.9999799132347107,0.9927493333816528,0.9997493028640747,0.3317592144012451,50.992069244384766,0.5597632527351379,0.31166189908981323,-0.13735926151275635,1.1316255331039429,-0.2418460249900818,0.2418460249900818,157.8494110107422,155.39627075195312,160.05624389648438
0885,4,1,154,0.6363636363636364,0.5150501672240803,242,7,8,9,504,0.4801587301587302,0.5907525669922364,0.7207421811699887,0.5961839469070874,0.5871212121212122,0.7176470588235294,0.5984848484848485,0.8021392822265625,1.0,0.9999964833259583,1.0,0.2942218482494354,194.11770629882812,0.5768919587135315,0.28449851274490356,-0.26781103014945984,1.19963538646698,-0.13268321752548218,0.13268321752548218,288.43389892578125,284.3677062988281,292.364501953125
0885,5,1,18,0.9,0.09574468085106383,20,4,4,4,64,0.3125,0.6412878787878789,0.20568627450980392,0.47121212121212125,0.6401515151515151,0.20784313725490197,0.4696969696969697,0.2566514015197754,0.46465805172920227,0.3331262469291687,0.4286350905895233,0.113230399787426,5.133028030395508,0.5291367173194885,0.23938074707984924,0.06492967158555984,1.0325837135314941,-0.22875940799713135,0.22875940799713135,217.32357788085938,215.7266845703125,219.13009643554688
0887,1,0,0,0.0,0.0,2,1,2,1,2,1.0,0.4196078431372549,0.5431372549019607,0.5764705882352941,0.4196078431372549,0.5450980392156862,0.5764705882352941,0.13238343596458435,0.13968400657176971,0.13603371381759644,0.13822388648986816,0.007300570607185364,0.2647668719291687,0.7722645998001099,0.011902421712875366,0.7603622078895569,0.7841670513153076,-0.4154834747314453,0.4154834747314453,229.03146362304688,228.72909545898438,229.3338165283203
0887,2,0,0,0.0,0.0,5,1,4,2,8,0.625,0.4235294117647059,0.5184313725490196,0.583529411764706,0.4235294117647059,0.5215686274509804,0.5843137254901961,0.15269479155540466,0.17411048710346222,0.16406412422657013,0.17009194195270538,0.01707076095044613,0.7634739279747009,0.7492532730102539,0.041867733001708984,0.6968824863433838,0.8238418698310852,-0.3450775146484375,0.3450775146484375,226.93630981445312,225.7122039794922,228.11839294433594
0887,3,0,0,0.0,0.0,2,1,2,1,2,1.0,0.4235294117647059,0.5352941176470588,0.5764705882352941,0.4235294117647059,0.5333333333333333,0.5764705882352941,0.1273743063211441,0.1398824006319046,0.13362835347652435,0.13738077878952026,0.012508094310760498,0.2547486126422882,0.8000370264053345,0.03173986077308655,0.7682971358299255,0.8317768573760986,-0.2907280921936035,0.2907280921936035,228.30332946777344,228.00437927246094,228.60227966308594
0887,4,0,0,0.0,0.0,1,1,1,1,1,1.0,0.5529411764705883,0.49411764705882355,0.5843137254901961,0.5529411764705883,0.49411764705882355,0.5843137254901961,0.10138082504272461,0.10138082504272461,0.10138082504272461,0.10138082504272461,0.0,0.10138082504272461,0.6175328493118286,0.0,0.6175328493118286,0.6175328493118286,-0.3831925392150879,0.3831925392150879,241.33172607421875,241.33172607421875,241.33172607421875
0889,1,1,1506,0.6908256880733945,0.27645709040844424,2180,18,20,18,6480,0.33641975308641975,0.39939377585896746,0.6008166936499371,0.4911081129699586,0.37254901960784315,0.5882352941176471,0.48627450980392156,0.7649182081222534,0.9999996423721313,0.9998995065689087,0.9999868869781494,0.31234994530677795,1667.521728515625,1.0934563875198364,0.6555989384651184,-0.4298301637172699,3.2715766429901123,0.44326579570770264,0.44326579570770264,223.05581665039062,212.6616973876953,233.96153259277344
0889,2,1,474,0.7074626865671642,0.10101225359616409,670,13,13,17,2873,0.2332057083188305,0.42278021656423764,0.2715891132572432,0.6861574480538484,0.4196078431372549,0.27450980392156865,0.6823529411764706,0.7018870711326599,0.999998927116394,0.9975787401199341,0.9999354481697083,0.3072342574596405,470.26434326171875,1.1451261043548584,0.5185341238975525,-0.24977320432662964,3.3743255138397217,-0.06854128837585449,0.06854128837585449,217.41819763183594,211.45684814453125,224.41256713867188
0889,3,0,0,0.0,0.0,27,3,5,5,75,0.36,0.4214960058097313,0.5484386347131445,0.46347131445170664,0.4196078431372549,0.5529411764705883,0.4588235294117647,0.37834155559539795,0.9084208607673645,0.4781990051269531,0.6749833226203918,0.20552603900432587,10.215222358703613,0.4426157474517822,0.19872093200683594,-0.16115501523017883,0.739622950553894,-0.3780502676963806,0.3780502676963806,212.83128356933594,211.36224365234375,214.19850158691406
0889,4,1,748,0.7290448343079922,0.15357766143106458,1026,13,15,13,2535,0.40473372781065087,0.46121239918969537,0.21928295684745633,0.673829453808814,0.44313725490196076,0.23529411764705882,0.6627450980392157,0.831196129322052,0.9999998807907104,0.9998894929885864,0.9999736547470093,0.27251774072647095,852.8072509765625,1.87868070602417,0.9900863766670227,-0.2543792128562927,4.288882255554199,0.9051498174667358,0.9051498174667358,216.19265747070312,210.35446166992188,222.7128143310547
0889,5,1,2,1.0,0.00045887346564184924,2,1,2,1,2,1.0,0.4392156862745098,0.2568627450980392,0.7333333333333333,0.4392156862745098,0.25882352941176473,0.7333333333333333,0.21495173871517181,0.2553938925266266,0.2351728081703186,0.24730545282363892,0.04044215381145477,0.42990347743034363,0.09782610088586807,0.15521278977394104,-0.05738667771220207,0.2530388832092285,-0.755074642598629,0.755074642598629,228.0975341796875,227.95394897460938,228.24110412597656
0889,6,0,0,0.0,0.0,2,1,2,1,2,1.0,0.4392156862745098,0.3,0.6862745098039216,0.4392156862745098,0.2980392156862745,0.6862745098039216,0.1766069531440735,0.21875406801700592,0.1976805180311203,0.21032464504241943,0.04214710742235184,0.353213906288147,1.165370225906372,0.05619877576828003,1.1091713905334473,1.2215689420700073,-0.30323588848114014,0.30323588848114014,221.9154510498047,221.7430877685547,222.0878143310547
0889,7,1,83,0.6384615384615384,0.01876766534765404,130,8,5,7,280,0.4642857142857143,0.5406033182503771,0.3450678733031674,0.5845550527903469,0.5333333333333333,0.34509803921568627,0.5803921568627451,0.798345148563385,1.0,0.9999618530273438,0.9999997615814209,0.2906234562397003,103.78486633300781,1.5109193325042725,0.3723847568035126,0.2966010272502899,2.0564510822296143,0.08193743228912354,0.08193743228912354,221.91571044921875,218.1238250732422,225.47061157226562
0889,8,1,4641,0.7671074380165289,0.6286488316965797,6050,20,36,26,18720,0.3231837606837607,0.5600278723059471,0.4950776211310971,0.7062764543834062,0.5529411764705883,0.5333333333333333,0.6941176470588235,0.8593104481697083,0.9999998211860657,0.9999769926071167,0.9999955892562866,0.25711590051651,5198.828125,1.2812761068344116,0.5901451110839844,-0.10219255089759827,3.487536668777466,0.32244837284088135,0.32244837284088135,262.9605407714844,252.08132934570312,272.87725830078125
0889,9,0,0,0.0,0.0,4,2,2,2,8,0.5,0.5558823529411765,0.6127450980392157,0.6803921568627451,0.5568627450980392,0.611764705882353,0.6784313725490196,0.1839151233434677,0.31781744956970215,0.21188730001449585,0.2754453718662262,0.08163173496723175,0.7356604933738708,0.7565438151359558,0.12075401097536087,0.6175302267074585,0.9495971202850342,-0.5733346343040466,0.5733346343040466,273.66845703125,273.338623046875,273.9726257324219
0889,10,0,0,0.0,0.0,6,3,2,2,12,0.5,0.5607843137254902,0.5862745098039216,0.696078431372549,0.5607843137254902,0.5882352941176471,0.6980392156862745,0.17501449584960938,0.20555229485034943,0.1908850222826004,0.19917094707489014,0.02183002233505249,1.0500869750976562,0.8456354141235352,0.09775223582983017,0.6643747687339783,0.9583000540733337,-0.4743880033493042,0.4743880033493042,273.1175842285156,272.51788330078125,273.7151794433594
0889,11,1,71,0.47333333333333333,0.01601804850535815,150,9,7,5,315,0.47619047619047616,0.6136993464052288,0.5806797385620914,0.47809150326797384,0.615686274509804,0.5764705882352941,0.47843137254901963,0.7319886684417725,0.9999996423721313,0.9988363981246948,0.9999827742576599,0.32229530811309814,109.79830169677734,0.41442686319351196,0.3863205313682556,-0.4351307451725006,1.2767568826675415,-0.15468907356262207,0.15468907356262207,248.18692016601562,243.75807189941406,252.09124755859375
0889,12,0,0,0.0,0.0,1,1,1,1,1,1.0,0.6470588235294118,0.43137254901960786,0.4392156862745098,0.6470588235294118,0.43137254901960786,0.4392156862745098,0.2161993384361267,0.2161993384361267,0.2161993384361267,0.2161993384361267,0.0,0.2161993384361267,1.039572834968567,0.0,1.039572834968567,1.039572834968567,-0.3577946424484253,0.3577946424484253,228.4731903076172,228.4731903076172,228.4731903076172
0889,13,0,0,0.0,0.0,1,1,1,1,1,1.0,0.6509803921568628,0.4392156862745098,0.43529411764705883,0.6509803921568628,0.4392156862745098,0.43529411764705883,0.18549668788909912,0.18549668788909912,0.18549668788909912,0.18549668788909912,0.0,0.18549668788909912,0.7927758693695068,0.0,0.7927758693695068,0.7927758693695068,-0.6761645078659058,0.6761645078659058,229.68238830566406,229.68238830566406,229.68238830566406
0889,14,1,7,1.0,0.0016051364365971107,7,3,1,3,9,0.7777777777777778,0.6952380952380952,0.5686274509803921,0.549579831932773,0.6941176470588235,0.5686274509803921,0.5490196078431373,0.17829784750938416,0.25574809312820435,0.2390553504228592,0.2517189383506775,0.05893885716795921,1.2480849027633667,-0.03767789155244827,0.3449382185935974,-0.508204460144043,0.5691555738449097,-0.5725771263241768,0.5725771263241768,269.1685791015625,268.3840637207031,270.0870361328125
0889,15,1,15,0.7894736842105263,0.0034348523013510417,19,4,3,3,36,0.5277777777777778,0.7031991744066047,0.5329205366357069,0.48008255933952526,0.7019607843137254,0.5333333333333333,0.47843137254901963,0.40394556522369385,0.8140072226524353,0.7041131258010864,0.766825258731842,0.2858406603336334,7.674965858459473,0.05562954768538475,0.2950891852378845,-0.4450569152832031,0.6837476491928101,-0.3979577161371708,0.3979577161371708,256.8443908691406,255.24497985839844,258.3582763671875
0889,16,0,0,0.0,0.0,13,3,2,3,18,0.7222222222222222,0.7173453996983409,0.5119155354449473,0.49019607843137253,0.7176470588235294,0.5098039215686274,0.49019607843137253,0.2966383099555969,0.6305702328681946,0.345442533493042,0.47141653299331665,0.13951236009597778,3.8562982082366943,0.2512160539627075,0.15835654735565186,-0.08081481605768204,0.4654325842857361,-0.32495415210723877,0.32495415210723877,257.8636169433594,256.4468688964844,259.34918212890625
0889,17,1,34,0.576271186440678,0.007750170959653521,59,5,6,6,180,0.3277777777777778,0.7526753074111,0.4285144566301097,0.501296111665005,0.7529411764705882,0.42745098039215684,0.4980392156862745,0.7381443381309509,0.9999973773956299,0.9917324781417847,0.9998306035995483,0.28813767433166504,43.550514221191406,0.21853424608707428,0.31570830941200256,-0.4764338731765747,0.8928109407424927,-0.2987959235906601,0.2987959235906601,255.94137573242188,253.77943420410156,258.56719970703125
0895,1,1,268,0.7528089887640449,0.13403350837709427,356,8,9,10,720,0.49444444444444446,0.2726701916721745,0.5925534258647279,0.5011015642211941,0.27058823529411763,0.5882352941176471,0.5058823529411764,0.7972331643104553,1.0,0.9999959468841553,0.9999997615814209,0.3036259114742279,283.81500244140625,0.9715650081634521,0.5084241628646851,-0.0665290504693985,2.368075370788574,-0.483762264251709,0.483762264251709,210.1028289794922,205.64532470703125,214.28485107421875
0895,2,0,0,0.0,0.0,1,1,1,1,1,1.0,0.27450980392156865,0.5882352941176471,0.5254901960784314,0.27450980392156865,0.5882352941176471,0.5254901960784314,0.1241825670003891,0.1241825670003891,0.1241825670003891,0.1241825670003891,0.0,0.1241825670003891,0.798271894454956,0.0,0.798271894454956,0.798271894454956,-0.6259349584579468,0.6259349584579468,213.30026245117188,213.30026245117188,213.30026245117188
0895,3,1,103,0.6358024691358025,0.05413929040735874,162,7,9,6,378,0.42857142857142855,0.30602759622367465,0.6553376906318082,0.5180343742435245,0.30980392156862746,0.6549019607843137,0.5137254901960784,0.7907482981681824,0.9999995231628418,0.9998569488525391,0.9999942779541016,0.28384074568748474,128.10122680664062,0.9037343859672546,0.3895694613456726,0.17637258768081665,1.9102783203125,-0.4590767025947571,0.4590767025947571,227.21788024902344,223.1905059814453,230.19338989257812
0895,4,0,0,0.0,0.0,2,1,2,1,2,1.0,0.30980392156862746,0.6372549019607843,0.5098039215686274,0.30980392156862746,0.6392156862745098,0.5098039215686274,0.14324018359184265,0.15320852398872375,0.1482243537902832,0.1512148529291153,0.009968340396881104,0.2864803671836853,0.7140024900436401,0.3864908516407013,0.32751160860061646,1.100493311882019,-0.7185583114624023,0.7185583114624023,222.94924926757812,222.58480834960938,223.3136749267578
0895,5,1,88,0.34509803921568627,0.04515135967162647,255,9,8,8,576,0.4427083333333333,0.33079584775086507,0.6556401384083045,0.4441522491349481,0.3254901960784314,0.6509803921568628,0.44313725490196076,0.62772136926651,0.9995917081832886,0.9052050709724426,0.9806774258613586,0.2891177535057068,160.06895446777344,0.722720742225647,0.34194090962409973,0.12394089996814728,1.757964849472046,-0.552033543586731,0.552033543586731,219.25450134277344,215.26263427734375,222.44549560546875
0895,6,1,2323,0.6885002963841138,0.662106313239276,3374,28,29,27,21924,0.15389527458492977,0.4459151295372921,0.7197473180143428,0.5034287573950742,0.45098039215686275,0.7294117647058823,0.5019607843137255,0.8078159689903259,1.0,0.9999910593032837,0.9999995231628418,0.29015854001045227,2725.571044921875,0.7229447960853577,0.451373815536499,-0.45871397852897644,2.366684913635254,-0.376716673374176,0.376716673374176,251.73020935058594,235.84104919433594,270.6399841308594
0895,7,1,159,0.6259842519685039,0.08160123171670516,254,9,13,9,1053,0.24121557454890788,0.5038752508877566,0.759996912150687,0.5178786475220009,0.4980392156862745,0.7607843137254902,0.5176470588235295,0.6929123997688293,0.9999980926513672,0.9993872046470642,0.9999762773513794,0.3233223259449005,175.999755859375,0.5933941006660461,0.2825668156147003,-0.0427885465323925,1.300157070159912,-0.25285035371780396,0.25285035371780396,267.8994140625,258.5614013671875,272.86993408203125
0895,8,1,8,0.8888888888888888,0.004381161007667032,9,4,2,2,16,0.5625,0.6183006535947712,0.6596949891067538,0.4444444444444444,0.6196078431372549,0.6588235294117647,0.44313725490196076,0.16629545390605927,0.26075929403305054,0.20664986968040466,0.2229735553264618,0.047827158123254776,1.4966590404510498,0.7602106332778931,0.20454435050487518,0.5843116044998169,1.1691614389419556,-0.5798648595809937,0.5798648595809937,257.52496337890625,256.2069396972656,258.4956359863281
0895,9,1,145,0.7286432160804021,0.07548152004164498,199,7,9,8,504,0.3948412698412698,0.7173514631983448,0.5589319144743324,0.4879495516799685,0.7137254901960784,0.5568627450980392,0.48627450980392156,0.8133491277694702,0.9999997615814209,0.9999685287475586,0.9999970197677612,0.2938413619995117,161.85647583007812,1.074820876121521,0.5361416339874268,-0.03773222491145134,2.158775568008423,-0.3037571907043457,0.3037571907043457,263.8765869140625,260.3286437988281,267.1684875488281
0896,1,0,0,0.0,0.0,8,2,3,2,12,0.6666666666666666,0.33578431372549017,0.4598039215686274,0.5588235294117647,0.33725490196078434,0.4588235294117647,0.5568627450980392,0.2109556496143341,0.2995668053627014,0.27871206402778625,0.29006823897361755,0.06337134540081024,1.6876451969146729,1.4719419479370117,0.2542387843132019,1.1631666421890259,1.896507978439331,-0.8734338283538818,0.8734338283538818,203.8587646484375,203.09849548339844,204.79745483398438
0896,2,1,168,0.5106382978723404,0.04395604395604396,329,9,8,17,1224,0.2687908496732026,0.4068657250134096,0.2373204600989332,0.6418618511234281,0.403921568627451,0.24313725490196078,0.6431372549019608,0.48215681314468384,0.9889479875564575,0.7349163293838501,0.8674044013023376,0.2755047678947449,158.6295928955078,1.6485803127288818,0.21523061394691467,0.8286600708961487,2.2567458152770996,-0.1917281150817871,0.1917281150817871,203.54739379882812,193.64659118652344,210.22369384765625
0896,3,0,0,0.0,0.0,22,6,5,5,150,0.14666666666666667,0.4730837789661319,0.686096256684492,0.7805704099821746,0.47843137254901963,0.6901960784313725,0.7843137254901961,0.21700672805309296,0.44153785705566406,0.24468179047107697,0.32054540514945984,0.08592700958251953,4.774147987365723,0.9514684081077576,0.36212781071662903,0.2239750325679779,1.407613754272461,-0.7049365639686584,0.7049365639686584,291.5897521972656,287.921875,295.13726806640625
0896,4,0,0,0.0,0.0,8,2,3,4,24,0.3333333333333333,0.46715686274509804,0.4931372549019608,0.6338235294117647,0.4666666666666667,0.49411764705882355,0.6352941176470588,0.3209954500198364,0.5284515619277954,0.38955846428871155,0.5149233937263489,0.13508670032024384,2.5679636001586914,1.9817428588867188,0.3598319888114929,1.3818824291229248,2.449730396270752,-0.6098668575286865,0.6098668575286865,237.41580200195312,235.8495330810547,238.42189025878906
0896,5,1,6355,0.6993507208099483,0.77490549932935,9087,22,40,60,52800,0.17210227272727271,0.560057138294957,0.5839960987146041,0.7812906608665255,0.5372549019607843,0.6,0.8352941176470589,0.8576422929763794,0.9999997615814209,0.9999841451644897,0.9999972581863403,0.2625049650669098,7793.3955078125,1.2167202234268188,0.39980337023735046,-0.30351608991622925,2.4625959396362305,-0.33995258808135986,0.33995258808135986,287.6192932128906,264.767822265625,303.25238037109375
0896,6,0,0,0.0,0.0,5,2,2,2,8,0.625,0.5403921568627451,0.4996078431372549,0.6329411764705882,0.5411764705882353,0.4980392156862745,0.6313725490196078,0.1551366001367569,0.19339577853679657,0.18460039794445038,0.18987762928009033,0.033863406628370285,0.7756829857826233,1.6906578540802002,0.22564437985420227,1.407613754272461,2.0508956909179688,-0.7288267612457275,0.7288267612457275,248.0855712890625,247.17201232910156,248.8955535888672
0896,7,0,0,0.0,0.0,4,2,2,1,4,1.0,0.5470588235294118,0.4764705882352941,0.8745098039215686,0.5450980392156862,0.47843137254901963,0.8745098039215686,0.18080845475196838,0.21859440207481384,0.21421906352043152,0.21684426069259644,0.035878486931324005,0.7232338190078735,0.6646231412887573,0.3465821146965027,0.08245302736759186,0.9959133267402649,-0.5470370054244995,0.5470370054244995,290.22735595703125,289.7757873535156,290.67852783203125
0896,8,0,0,0.0,0.0,1,1,1,1,1,1.0,0.5490196078431373,0.43137254901960786,0.8745098039215686,0.5490196078431373,0.43137254901960786,0.8745098039215686,0.11704661697149277,0.11704661697149277,0.11704661697149277,0.11704661697149277,0.0,0.11704661697149277,0.7128692865371704,0.0,0.7128692865371704,0.7128692865371704,-0.5553667545318604,0.5553667545318604,285.849609375,285.849609375,285.849609375
0896,9,0,0,0.0,0.0,2,1,1,2,2,1.0,0.596078431372549,0.23137254901960785,0.8019607843137255,0.596078431372549,0.23137254901960785,0.803921568627451,0.11645273864269257,0.12727497518062592,0.12186385691165924,0.12511052191257477,0.01082223653793335,0.23290547728538513,0.9058538675308228,0.10292509198188782,0.8029287457466125,1.0087789297103882,-0.9481258392333984,0.9481258392333984,262.1265869140625,261.73651123046875,262.51666259765625
0896,10,0,0,0.0,0.0,10,3,3,3,27,0.37037037037037035,0.6035294117647059,0.20470588235294118,0.7819607843137255,0.6039215686274509,0.20392156862745098,0.7803921568627451,0.1976012885570526,0.2649763822555542,0.23698094487190247,0.25904151797294617,0.055368442088365555,1.976012945175171,1.0319372415542603,0.34275758266448975,0.5584816336631775,1.6134638786315918,-0.9444888830184937,0.9444888830184937,257.83734130859375,256.3766784667969,258.92083740234375
0896,11,0,0,0.0,0.0,12,3,4,3,36,0.3333333333333333,0.6049019607843137,0.21830065359477124,0.7915032679738563,0.6078431372549019,0.21568627450980393,0.796078431372549,0.24537576735019684,0.32221823930740356,0.28188782930374146,0.3017577528953552,0.05570000037550926,2.944509267807007,1.0924056768417358,0.49116024374961853,0.4426908791065216,2.1152238845825195,-0.8504446744918823,0.8504446744918823,260.6520690917969,259.33184814453125,261.8587341308594
0896,12,0,0,0.0,0.0,1,1,1,1,1,1.0,0.6235294117647059,0.2823529411764706,0.6627450980392157,0.6235294117647059,0.2823529411764706,0.6627450980392157,0.10944712162017822,0.10944712162017822,0.10944712162017822,0.10944712162017822,0.0,0.10944712162017822,1.4976731538772583,0.0,1.4976731538772583,1.4976731538772583,-0.20048952102661133,0.20048952102661133,243.60829162597656,243.60829162597656,243.60829162597656
0898,1,1,545,0.6519138755980861,0.754325259515571,836,11,22,24,5808,0.14393939393939395,0.565113376326191,0.6313809602375846,0.5960805122854984,0.5518394648829431,0.6137931034482759,0.6127819548872181,0.7591915726661682,1.0,0.9999340176582336,0.9999995231628418,0.30544939637184143,634.6841430664062,1.0391803979873657,0.18041843175888062,0.40479764342308044,1.3797856569290161,0.07280856370925903,0.07280856370925903,295.9932861328125,290.1758117675781,301.49957275390625
0900,1,1,4966,0.7456456456456456,0.8211657709797437,6660,30,37,33,36630,0.18181818181818182,0.4533592415945357,0.6905640935052699,0.5575699228640405,0.43529411764705883,0.6901960784313725,0.5764705882352941,0.8254781365394592,0.9999996423721313,0.9999780654907227,0.9999966025352478,0.2822330892086029,5497.6845703125,0.7086728811264038,0.5723335146903992,-0.5828497409820557,2.1126198768615723,-0.1949407458305359,0.1949407458305359,254.696044921875,230.4539031982422,275.2562561035156
0900,2,0,0,0.0,0.0,36,5,6,3,90,0.4,0.4118736383442266,0.2943355119825708,0.6279956427015251,0.4117647058823529,0.29411764705882354,0.6274509803921569,0.16977621614933014,0.4107908010482788,0.18429499864578247,0.260442852973938,0.06873630732297897,6.11194372177124,1.7550867795944214,0.11282757669687271,1.4935647249221802,1.9320621490478516,0.09671831130981445,0.09671831130981445,206.2085418701172,204.40646362304688,207.87014770507812
0900,3,0,0,0.0,0.0,2,1,2,1,2,1.0,0.4117647058823529,0.307843137254902,0.6352941176470588,0.4117647058823529,0.30980392156862746,0.6352941176470588,0.10623756051063538,0.10986118018627167,0.10804937034845352,0.10913645476102829,0.0036236196756362915,0.21247512102127075,1.6999163627624512,0.0773819088935852,1.6225345134735107,1.7772983312606812,0.19596242904663086,0.19596242904663086,208.9077911376953,208.71990966796875,209.09567260742188
0900,4,0,0,0.0,0.0,1,1,1,1,1,1.0,0.4235294117647059,0.6549019607843137,0.611764705882353,0.4235294117647059,0.6549019607843137,0.611764705882353,0.10649394989013672,0.10649394989013672,0.10649394989013672,0.10649394989013672,0.0,0.10649394989013672,1.1324491500854492,0.0,1.1324491500854492,1.1324491500854492,-0.35842859745025635,0.35842859745025635,253.19161987304688,253.19161987304688,253.19161987304688
0900,5,0,0,0.0,0.0,4,1,3,2,6,0.6666666666666666,0.5294117647058824,0.6892156862745098,0.5205882352941177,0.5294117647058824,0.6901960784313725,0.5215686274509804,0.10923868417739868,0.12130291014909744,0.11257945746183395,0.11781352758407593,0.007556372322142124,0.4369547367095947,0.31349068880081177,0.04228559136390686,0.24255725741386414,0.3457331359386444,-0.5306187868118286,0.5306187868118286,258.85711669921875,257.9631652832031,259.8345642089844
0900,6,0,0,0.0,0.0,1,1,1,1,1,1.0,0.5333333333333333,0.7058823529411765,0.5411764705882353,0.5333333333333333,0.7058823529411765,0.5411764705882353,0.11761738359928131,0.11761738359928131,0.11761738359928131,0.11761738359928131,0.0,0.11761738359928131,0.06199948489665985,0.0,0.06199948489665985,0.06199948489665985,-0.5432854443788528,0.5432854443788528,264.97735595703125,264.97735595703125,264.97735595703125
0900,7,1,89,0.8240740740740741,0.032112574418185096,108,7,6,5,210,0.5142857142857142,0.5529411764705883,0.6446986201888163,0.543681917211329,0.5529411764705883,0.6509803921568628,0.5490196078431373,0.23390941321849823,0.3974161744117737,0.26785826683044434,0.28846052289009094,0.0587528832256794,25.262216567993164,1.073696255683899,0.3127959668636322,0.06199948489665985,1.6225345134735107,-0.24850499629974365,0.24850499629974365,257.7104187011719,253.6414794921875,261.18768310546875
0900,8,0,0,0.0,0.0,40,5,4,6,120,0.3333333333333333,0.6238235294117647,0.6218627450980392,0.4222549019607843,0.6274509803921569,0.6196078431372549,0.4235294117647059,0.1989501416683197,0.3406253457069397,0.26290425658226013,0.30140453577041626,0.07698240876197815,7.958005905151367,0.42440471053123474,0.3134099841117859,-0.02827940694987774,1.029273271560669,-0.5065745413303375,0.5065745413303375,249.7313690185547,246.8906707763672,252.23995971679688
0900,9,0,0,0.0,0.0,5,1,3,2,6,0.8333333333333334,0.6705882352941176,0.49098039215686273,0.41725490196078435,0.6705882352941176,0.49411764705882355,0.41568627450980394,0.13781563937664032,0.154597669839859,0.1458505094051361,0.1510988026857376,0.012362048029899597,0.6890782117843628,0.8822477459907532,0.14718389511108398,0.7197456955909729,1.0550671815872192,-0.3581063151359558,0.3581063151359558,237.8666229248047,237.0569610595703,238.5560760498047
0900,10,0,0,0.0,0.0,443,9,20,10,1800,0.2461111111111111,0.7381401318992609,0.4564511131766476,0.49783561280042493,0.7372549019607844,0.44313725490196076,0.5019607843137255,0.4871117174625397,0.9352161884307861,0.7264368534088135,0.8496561050415039,0.259361207485199,215.79049682617188,0.539246141910553,0.423031210899353,-0.05407337471842766,1.803092360496521,-0.5108674168586731,0.5108674168586731,255.91229248046875,250.6990203857422,260.7623291015625
0900,11,0,0,0.0,0.0,45,5,5,5,125,0.36,0.7306318082788671,0.4468845315904139,0.42413943355119826,0.7333333333333333,0.4470588235294118,0.41568627450980394,0.1912318766117096,0.33253106474876404,0.2225925326347351,0.25705671310424805,0.0548727810382843,8.60543441772461,0.8383979201316833,0.217795729637146,0.4231150448322296,1.2356250286102295,-0.5457112193107605,0.5457112193107605,244.48196411132812,242.1941375732422,246.65968322753906
0900,12,0,0,0.0,0.0,7,2,3,2,12,0.5833333333333334,0.7243697478991596,0.5030812324929972,0.4991596638655462,0.7254901960784313,0.5019607843137255,0.4980392156862745,0.13117988407611847,0.19538167119026184,0.1524553745985031,0.18431344628334045,0.03612745180726051,0.9182592034339905,0.6386789679527283,0.2572675943374634,0.11358742415904999,0.8745094537734985,-0.6537312865257263,0.6537312865257263,259.1317443847656,258.33697509765625,260.0403747558594
0900,13,0,0,0.0,0.0,160,7,14,7,686,0.23323615160349853,0.7412009803921569,0.39855392156862746,0.4210539215686275,0.7372549019607844,0.396078431372549,0.4235294117647059,0.3612890839576721,0.7907090783119202,0.5408182740211487,0.6695901155471802,0.2008243054151535,57.80625534057617,0.7642402648925781,0.3444508910179138,0.1522783786058426,1.4935647249221802,-0.4427523612976074,0.4427523612976074,240.76187133789062,234.96807861328125,246.33920288085938
0901,1,1,250,0.7530120481927711,0.8278145695364238,332,7,13,8,728,0.45604395604395603,0.4677651783605008,0.4771084337349398,0.5536380817387195,0.4627450980392157,0.4627450980392157,0.5529411764705883,0.8071132898330688,1.0,1.0,1.0,0.2988911271095276,267.96160888671875,1.0709073543548584,0.40849047899246216,-0.17721129953861237,1.7981109619140625,-0.35272467136383057,0.35272467136383057,221.83575439453125,216.56407165527344,226.9493408203125
0904,1,0,0,0.0,0.0,7,2,2,2,8,0.875,0.42969187675070025,0.4801120448179272,0.7232492997198879,0.43137254901960786,0.47843137254901963,0.7215686274509804,0.19115981459617615,0.22831515967845917,0.22475188970565796,0.22766755521297455,0.043721094727516174,1.3381186723709106,1.326432466506958,0.14432184398174286,1.1339524984359741,1.5024610757827759,-0.3561580181121826,0.3561580181121826,247.44528198242188,246.65765380859375,248.34451293945312
0904,2,0,0,0.0,0.0,3,1,2,2,4,0.75,0.43529411764705883,0.4915032679738562,0.7359477124183006,0.43529411764705883,0.49019607843137253,0.7372549019607844,0.14489735662937164,0.22037068009376526,0.1660250425338745,0.19863241910934448,0.05349507927894592,0.4346920847892761,0.9804072976112366,0.20261280238628387,0.7424122095108032,1.237595558166504,-0.5228390097618103,0.5228390097618103,251.93531799316406,251.27276611328125,252.51535034179688
0904,3,0,0,0.0,0.0,13,3,4,2,24,0.5416666666666666,0.6509803921568628,0.5641025641025641,0.4295625942684766,0.6509803921568628,0.5647058823529412,0.43137254901960786,0.22006750106811523,0.3962209224700928,0.31646355986595154,0.3405808210372925,0.09708891808986664,2.860877513885498,0.9745016694068909,0.14558497071266174,0.604221522808075,1.1454684734344482,-0.40757685899734497,0.40757685899734497,246.13070678710938,244.71615600585938,247.6873016357422
0905,1,0,0,0.0,0.0,11,4,3,3,36,0.3055555555555556,0.40608288770053474,0.579628400796284,0.5858945325137496,0.40441176470588236,0.5802919708029197,0.5871886120996441,0.15920205414295197,0.23000562191009521,0.17247597873210907,0.20614631474018097,0.03438214585185051,1.7512226104736328,0.7969987988471985,0.10793238878250122,0.5589239597320557,0.9087362289428711,-0.34608036279678345,0.34608036279678345,254.46377563476562,253.77943420410156,255.04901123046875
0907,1,1,10517,0.7565642759513704,0.5550307412196216,13901,37,58,27,57942,0.23991232611922267,0.3381479987583123,0.5446513519588351,0.465240898172088,0.3424124513618677,0.5486381322957199,0.4588235294117647,0.8521595001220703,0.9999991655349731,0.9999649524688721,0.9999871253967285,0.26452118158340454,11845.869140625,-0.22594639658927917,0.31894299387931824,-0.8485351204872131,0.8942352533340454,-0.3022400960326195,0.3022400960326195,203.71592712402344,174.54798889160156,227.99122619628906
0907,2,0,0,0.0,0.0,3,1,3,1,3,1.0,0.2723735408560311,0.49416342412451364,0.4666666666666667,0.2723735408560311,0.49416342412451364,0.4666666666666667,0.13203109800815582,0.16344624757766724,0.14755861461162567,0.1570912003517151,0.025504617020487785,0.3960932791233063,-0.3391191065311432,0.1415298730134964,-0.5238316059112549,-0.1800018846988678,-0.2334425151348114,0.2334425151348114,187.9663848876953,187.2912139892578,188.64251708984375
0907,3,1,8879,0.7751877073511437,0.5009308885754584,11454,50,42,23,48300,0.23714285714285716,0.41559131127793186,0.677445698884185,0.5611157331799491,0.3968871595330739,0.6653696498054474,0.5764705882352941,0.8322132229804993,0.9999994039535522,0.9999536871910095,0.9999895095825195,0.27737879753112793,9532.169921875,-0.19684742391109467,0.36659669876098633,-0.8751202821731567,1.9641779661178589,-0.3019280284643173,0.3019280284643173,250.04689025878906,229.8717041015625,272.5472412109375
0907,4,0,0,0.0,0.0,6,2,3,2,12,0.5,0.39753566796368356,0.6037613488975356,0.5117647058823529,0.3968871595330739,0.603112840466926,0.5098039215686274,0.1296684741973877,0.1535283625125885,0.14805962145328522,0.15272748470306396,0.02019440568983555,0.7780108451843262,-0.22219766676425934,0.1751563996076584,-0.4430333077907562,0.0546875074505806,-0.31642304360866547,0.31642304360866547,227.4878692626953,226.32940673828125,228.2673797607422
0907,5,0,0,0.0,0.0,1,1,1,1,1,1.0,0.4085603112840467,0.5953307392996109,0.5215686274509804,0.4085603112840467,0.5953307392996109,0.5215686274509804,0.1062096655368805,0.1062096655368805,0.1062096655368805,0.1062096655368805,0.0,0.1062096655368805,-0.2722327411174774,0.0,-0.2722327411174774,-0.2722327411174774,-0.6169819533824921,0.6169819533824921,228.76625061035156,228.76625061035156,228.76625061035156
0907,6,1,26,0.9285714285714286,0.0021645021645021645,28,5,7,3,105,0.26666666666666666,0.490272373540856,0.4296831573096165,0.6571428571428571,0.48638132295719844,0.4357976653696498,0.6549019607843137,0.188309907913208,0.3922026455402374,0.22493454813957214,0.302739679813385,0.07758314907550812,5.272677421569824,0.13391181826591492,0.12978564202785492,-0.1975032389163971,0.36128750443458557,-0.116997629404068,0.116997629404068,237.50173950195312,236.05508422851562,239.30316162109375
0907,7,1,782,0.5924242424242424,0.06177911202401643,1320,11,32,13,4576,0.28846153846153844,0.520955665605471,0.6905818889281924,0.5521509209744504,0.5175097276264592,0.6809338521400778,0.5490196078431373,0.6766002774238586,0.9999849200248718,0.9982997179031372,0.9998653531074524,0.3365418016910553,893.1123657226562,-0.3415641188621521,0.23377816379070282,-0.7974910736083984,0.6961034536361694,-0.26082996279001236,0.26082996279001236,263.7195129394531,251.80548095703125,275.2380676269531
0907,8,0,0,0.0,0.0,9,2,3,3,18,0.5,0.5045395590142672,0.7362732382187636,0.5712418300653594,0.5058365758754864,0.7354085603112841,0.5725490196078431,0.14167672395706177,0.20770925283432007,0.17693442106246948,0.18469463288784027,0.03587564453482628,1.2750904560089111,-0.37624242901802063,0.0764307752251625,-0.5176553130149841,-0.2552582621574402,-0.1952613741159439,0.1952613741159439,272.2101745605469,271.3779602050781,273.087890625
0907,9,0,0,0.0,0.0,6,2,1,3,6,1.0,0.5077821011673151,0.4046692607003891,0.6313725490196078,0.5097276264591439,0.4046692607003891,0.6313725490196078,0.1706758588552475,0.23241430521011353,0.20257782936096191,0.2255953848361969,0.039911992847919464,1.0240551233291626,0.5677869319915771,0.14280571043491364,0.3217884600162506,0.7308599352836609,-0.3267744183540344,0.3267744183540344,232.4430389404297,231.46705627441406,233.41807556152344
0907,10,0,0,0.0,0.0,10,4,2,3,24,0.4166666666666667,0.5163424124513618,0.3949416342412451,0.6462745098039216,0.5175097276264592,0.39299610894941633,0.6470588235294118,0.15465351939201355,0.1818460375070572,0.16478553414344788,0.17378486692905426,0.019525744020938873,1.5465352535247803,0.7015734314918518,0.13460254669189453,0.4509388208389282,0.840195894241333,-0.25879156589508057,0.25879156589508057,235.23983764648438,233.93161010742188,236.60516357421875
0907,11,0,0,0.0,0.0,1,1,1,1,1,1.0,0.5136186770428015,0.40077821011673154,0.6352941176470588,0.5136186770428015,0.40077821011673154,0.6352941176470588,0.1292131245136261,0.1292131245136261,0.1292131245136261,0.1292131245136261,0.0,0.1292131245136261,0.8293972015380859,0.0,0.8293972015380859,0.8293972015380859,-0.1160096526145935,0.1160096526145935,233.5422821044922,233.5422821044922,233.5422821044922
0907,12,1,291,0.7558441558441559,0.02387104712686108,385,8,17,14,1904,0.20220588235294118,0.5359947445550558,0.4089039365303957,0.7553348612172142,0.5330739299610895,0.41245136186770426,0.7725490196078432,0.7071054577827454,0.9999656081199646,0.9978724122047424,0.9998288154602051,0.30441009998321533,272.235595703125,0.50161212682724,0.294328510761261,-0.4551004469394684,1.0250298976898193,-0.41682517528533936,0.41682517528533936,259.6322326660156,252.58067321777344,265.3243408203125
0907,13,0,0,0.0,0.0,5,2,2,2,8,0.625,0.5431906614785992,0.6280155642023346,0.5772549019607842,0.5408560311284046,0.6264591439688716,0.5764705882352941,0.22399988770484924,0.33795005083084106,0.260906845331192,0.307132750749588,0.07160694152116776,1.1199994087219238,0.6923427581787109,0.018389489501714706,0.661543607711792,0.719337522983551,-0.19018840789794922,0.19018840789794922,259.7818908691406,259.0945739746094,260.257568359375
0907,14,0,0,0.0,0.0,4,3,2,1,6,0.6666666666666666,0.5515564202334631,0.6585603112840467,0.5529411764705883,0.5525291828793775,0.6575875486381323,0.5529411764705883,0.11211377382278442,0.12536706030368805,0.11888941377401352,0.12277600169181824,0.009494044817984104,0.4484550952911377,-0.3258912265300751,0.08245376497507095,-0.4494258761405945,-0.21845592558383942,-0.21908822655677795,0.21908822655677795,262.497314453125,261.9274597167969,263.0171203613281
0907,15,0,0,0.0,0.0,4,3,2,1,6,0.6666666666666666,0.5525291828793775,0.6634241245136187,0.5568627450980392,0.556420233463035,0.6614785992217899,0.5568627450980392,0.1265178918838501,0.1664072722196579,0.1299443542957306,0.15182209014892578,0.023246347904205322,0.5060715675354004,-0.3076283633708954,0.1186317726969719,-0.5022186040878296,-0.19650836288928986,-0.18567431718111038,0.18567431718111038,263.97711181640625,263.6531677246094,264.299072265625
0907,16,0,0,0.0,0.0,42,8,6,6,288,0.14583333333333334,0.5831943672410599,0.6120993144339447,0.5418300653594771,0.5875486381322957,0.6108949416342413,0.5450980392156862,0.25206905603408813,0.4749249219894409,0.31885868310928345,0.4132506251335144,0.11077482998371124,10.58690071105957,0.004749292973428965,0.2287539690732956,-0.4396107494831085,0.5007463693618774,-0.3741129389964044,0.3741129389964044,258.0748596191406,252.70338439941406,261.350341796875
0907,17,0,0,0.0,0.0,2,1,2,1,2,1.0,0.5680933852140078,0.6439688715953308,0.611764705882353,0.5680933852140078,0.642023346303502,0.611764705882353,0.14049610495567322,0.1498146951198578,0.1451554000377655,0.14795097708702087,0.009318582713603973,0.28099220991134644,0.5566195249557495,0.027500659227371216,0.5291188955307007,0.5841202139854431,-0.24459224939346313,0.24459224939346313,270.80511474609375,270.4995422363281,271.1106872558594
0907,18,0,0,0.0,0.0,61,5,5,4,100,0.61,0.5902915098552018,0.6526758946226957,0.6176792028286724,0.5914396887159533,0.6536964980544747,0.615686274509804,0.4085980951786041,0.9077135324478149,0.5354435443878174,0.8104554414749146,0.24102814495563507,24.924484252929688,0.5260242223739624,0.11974078416824341,0.25661328434944153,0.7301101088523865,-0.3067728281021118,0.3067728281021118,276.1636047363281,273.8722229003906,278.4421081542969
0907,19,0,0,0.0,0.0,13,3,3,3,27,0.48148148148148145,0.6542951212211913,0.432804549536067,0.5532428355957767,0.6536964980544747,0.43190661478599224,0.5529411764705883,0.2694334387779236,0.5622595548629761,0.40474092960357666,0.43368181586265564,0.13919110596179962,3.5026345252990723,0.9699915647506714,0.14481817185878754,0.5656710267066956,1.145953893661499,-0.44679510593414307,0.44679510593414307,246.75735473632812,245.81700134277344,247.63885498046875
0907,20,1,267,0.6194895591647331,0.02186105538952798,431,12,14,9,1512,0.28505291005291006,0.6979244720900629,0.5625141061868607,0.5183294663573086,0.6926070038910506,0.5680933852140078,0.5215686274509804,0.8199188113212585,0.9999988675117493,0.9999338388442993,0.9999923706054688,0.2788435220718384,353.385009765625,-0.1903260052204132,0.27269309759140015,-0.7388492822647095,0.4917253851890564,-0.3192945867776871,0.3192945867776871,266.31024169921875,262.9543762207031,270.2406311035156
0910,1,0,0,0.0,0.0,25,4,3,4,48,0.5208333333333334,0.4614901960784314,0.7248627450980393,0.7091764705882353,0.4627450980392157,0.7254901960784313,0.7098039215686275,0.5772414207458496,0.980718731880188,0.8870224952697754,0.9619675874710083,0.2992684543132782,14.431035041809082,0.7452591061592102,0.35030338168144226,-0.056413307785987854,1.2177740335464478,-0.5109202265739441,0.5109202265739441,284.5264892578125,282.7454833984375,286.1485595703125
0914,1,0,0,0.0,0.0,29,3,4,6,72,0.4027777777777778,0.3232758620689655,0.502910882221227,0.5160523186682521,0.32371794871794873,0.5032467532467533,0.5210727969348659,0.25051766633987427,0.5516334772109985,0.3395709991455078,0.4649297893047333,0.13060231506824493,7.265012741088867,0.18040533363819122,0.23896627128124237,-0.2904295027256012,0.5788025856018066,-0.45369867980480194,0.45369867980480194,229.15768432617188,227.71253967285156,230.64691162109375
0914,2,1,26,0.6190476190476191,0.004104507064488121,42,6,4,3,72,0.5833333333333334,0.35676129426129427,0.5468460111317254,0.6017150155081189,0.3525641025641026,0.5454545454545454,0.6015325670498084,0.6892878413200378,0.9961640238761902,0.9530616998672485,0.9785329699516296,0.29434871673583984,28.950090408325195,1.3600409030914307,0.2971631586551666,0.5164673328399658,1.7256145477294922,-0.456207275390625,0.456207275390625,256.2174987792969,254.05905151367188,258.572998046875
0914,3,1,766,0.7185741088180112,0.11188198349521654,1066,14,18,14,3528,0.3021541950113379,0.45836941357579253,0.36182719719305084,0.6506077792873419,0.46474358974358976,0.36688311688311687,0.6513409961685823,0.6720961332321167,0.9999998807907104,0.9968783259391785,0.9999399185180664,0.32386043667793274,716.4544677734375,1.7274852991104126,0.20719853043556213,0.5802975296974182,2.140831470489502,-0.013601064682006836,0.013601064682006836,249.01779174804688,240.66989135742188,257.21197509765625
0914,4,0,0,0.0,0.0,3,2,2,1,4,0.75,0.4850427350427351,0.5541125541125541,0.5708812260536399,0.483974358974359,0.551948051948052,0.5708812260536399,0.24551881849765778,0.35057055950164795,0.30436158180236816,0.332086980342865,0.0913698673248291,0.7365564703941345,1.7791590690612793,0.0507361963391304,1.7317250967025757,1.8494995832443237,-0.2041546106338501,0.2041546106338501,273.00872802734375,272.40594482421875,273.589111328125
0914,5,1,158,0.683982683982684,0.024576139368486544,231,7,9,13,819,0.28205128205128205,0.4973498723498723,0.6487884409962332,0.5633179081454943,0.4935897435897436,0.6493506493506493,0.5708812260536399,0.8408333659172058,1.0,0.9999979734420776,1.0,0.2634829878807068,194.23251342773438,1.1650232076644897,0.29946479201316833,0.27665773034095764,1.6730238199234009,-0.29987430572509766,0.29987430572509766,293.1710205078125,289.3682861328125,296.0641784667969
0914,6,1,303,0.6644736842105263,0.04631965145608805,456,15,21,16,5040,0.09047619047619047,0.5178320400359875,0.6095280815675552,0.598978288633461,0.5,0.6233766233766234,0.6130268199233716,0.7530348896980286,1.0,0.9999832510948181,0.9999997615814209,0.3285653293132782,343.3839111328125,1.1063227653503418,0.30722102522850037,0.21451780200004578,1.7570996284484863,-0.2956501245498657,0.2956501245498657,293.4933166503906,281.2045593261719,303.6708679199219
0914,7,0,0,0.0,0.0,22,3,3,5,45,0.4888888888888889,0.5362762237762237,0.6517119244391971,0.6429815395332636,0.5352564102564102,0.6493506493506493,0.6436781609195402,0.30576422810554504,0.5425717234611511,0.4539392292499542,0.4805792272090912,0.1475094109773636,6.726813316345215,0.09697938710451126,0.18294504284858704,-0.23549774289131165,0.415578693151474,-0.27849777787923813,0.27849777787923813,311.10589599609375,309.480224609375,312.39239501953125
0914,8,1,8220,0.548988178721699,0.5956521739130435,14973,42,41,61,105042,0.14254298280687724,0.6494953737239852,0.3819834576696929,0.5312819780585898,0.592948717948718,0.3961038961038961,0.6245210727969349,0.7434188723564148,1.0,0.9995113611221313,0.9999902248382568,0.3071250915527344,11131.2109375,0.7669225335121155,0.5344863533973694,-0.5071481466293335,2.093487024307251,-0.2449302077293396,0.2449302077293396,273.43865966796875,250.36972045898438,289.95172119140625
0914,9,1,20,0.37037037037037035,0.0031543253686617777,54,5,4,8,160,0.3375,0.5877849002849003,0.4332010582010582,0.6231729814105293,0.5865384615384616,0.43506493506493504,0.6206896551724138,0.49239060282707214,0.9929273724555969,0.7922452688217163,0.9531516432762146,0.3100625276565552,26.589092254638672,1.5670599937438965,0.20668956637382507,1.0292861461639404,1.8497955799102783,-0.3008596897125244,0.3008596897125244,279.7494201660156,276.9945983886719,282.5614929199219
0914,10,0,0,0.0,0.0,4,2,1,3,6,0.6666666666666666,0.6498397435897436,0.4253246753246753,0.49137931034482757,0.6506410256410257,0.4253246753246753,0.4904214559386973,0.13753700256347656,0.20287980139255524,0.14487868547439575,0.17967933416366577,0.03844013065099716,0.5501480102539062,1.0388728380203247,0.04776410758495331,0.9661996960639954,1.0928865671157837,-0.13101577758789062,0.13101577758789062,274.08734130859375,273.6896057128906,274.6233825683594
0914,11,0,0,0.0,0.0,13,3,4,3,36,0.3611111111111111,0.6575443786982249,0.3386613386613387,0.4300029472443265,0.657051282051282,0.33766233766233766,0.42911877394636017,0.1521209478378296,0.22370077669620514,0.1700482964515686,0.21033287048339844,0.03910522535443306,1.9775723218917847,0.13876831531524658,0.13024044036865234,-0.06493107229471207,0.3367866575717926,-0.251833438873291,0.251833438873291,256.8586120605469,256.072265625,257.7479248046875
0914,12,0,0,0.0,0.0,5,2,2,2,8,0.625,0.6583333333333333,0.4590909090909091,0.4835249042145594,0.6602564102564102,0.461038961038961,0.4827586206896552,0.2503339350223541,0.3270055651664734,0.3241966962814331,0.3258820176124573,0.07314159721136093,1.2516696453094482,0.708022952079773,0.12303653359413147,0.5412701368331909,0.8594774007797241,-0.31875061988830566,0.31875061988830566,280.21746826171875,279.630126953125,280.8718566894531
0914,13,0,0,0.0,0.0,6,2,2,2,8,0.75,0.6618589743589743,0.4242424242424242,0.49297573435504466,0.6602564102564102,0.4253246753246753,0.4904214559386973,0.21797655522823334,0.2686394155025482,0.2576952576637268,0.2656111717224121,0.04602660983800888,1.3078593015670776,0.9829702973365784,0.05644547566771507,0.9120898246765137,1.0769630670547485,-0.10643333196640015,0.10643333196640015,276.9217224121094,276.3874206542969,277.6076354980469
0914,14,0,0,0.0,0.0,1,1,1,1,1,1.0,0.6762820512820513,0.40584415584415584,0.4674329501915709,0.6762820512820513,0.40584415584415584,0.4674329501915709,0.13331899046897888,0.13331899046897888,0.13331899046897888,0.13331899046897888,0.0,0.13331899046897888,0.08187790215015411,0.0,0.08187790215015411,0.08187790215015411,-0.22662492096424103,0.22662492096424103,274.6871032714844,274.6871032714844,274.6871032714844
0915,1,0,0,0.0,0.0,66,6,4,5,120,0.55,0.44633144633144634,0.7576843705875964,0.6348081576218458,0.45054945054945056,0.7562724014336918,0.6349809885931559,0.28173911571502686,0.5265705585479736,0.378415048122406,0.44585829973220825,0.12484481185674667,18.59478187561035,-0.5056667923927307,0.1528071016073227,-0.7276970148086548,-0.19061867892742157,-0.27273647487163544,0.27273647487163544,148.28489685058594,145.69488525390625,150.54566955566406
0915,2,0,0,0.0,0.0,29,4,4,4,64,0.453125,0.5037261588985728,0.646397231491781,0.7434115641798873,0.5054945054945055,0.6451612903225806,0.7414448669201521,0.2193855345249176,0.29590824246406555,0.251373291015625,0.28228089213371277,0.05309673026204109,6.362180709838867,0.02440512739121914,0.13025540113449097,-0.22895458340644836,0.27590492367744446,-0.174918869510293,0.174918869510293,150.08815002441406,147.935791015625,151.75637817382812
0917,1,1,842,0.8158914728682171,0.8789144050104384,1032,22,15,19,6270,0.1645933014354067,0.3832364341085271,0.6316718754787511,0.6881343954773224,0.4186991869918699,0.6126482213438735,0.6519337016574586,0.8661338090896606,0.9999994039535522,0.9998354315757751,0.9999147653579712,0.24795569479465485,893.85009765625,-0.13174450397491455,0.6245294809341431,-0.864906907081604,1.6882487535476685,-0.6751509308815002,0.6751509308815002,43.596473693847656,37.175262451171875,51.35172653198242
0918,1,0,0,0.0,0.0,2,1,2,1,2,1.0,0.3254901960784314,0.48823529411764705,0.47843137254901963,0.3254901960784314,0.48627450980392156,0.47843137254901963,0.18332862854003906,0.19567902386188507,0.18950381875038147,0.1932089477777481,0.012350395321846008,0.3666572570800781,0.3906601071357727,0.04856477677822113,0.34209534525871277,0.43922489881515503,-0.5429062843322754,0.5429062843322754,193.49520874023438,193.17349243164062,193.81692504882812
0918,2,1,31,0.4696969696969697,0.6078431372549019,66,5,5,4,100,0.66,0.494058229352347,0.36524064171122994,0.5147355912061794,0.49411764705882355,0.36470588235294116,0.5137254901960784,0.5628718137741089,0.8125275373458862,0.8085447549819946,0.8124583959579468,0.22602100670337677,37.149539947509766,0.187080517411232,0.22310127317905426,-0.2514741122722626,0.6982370615005493,0.0388331413269043,0.0388331413269043,205.01351928710938,202.4573974609375,207.14488220214844
0919,1,0,0,0.0,0.0,1,1,1,1,1,1.0,0.28627450980392155,0.5333333333333333,0.49019607843137253,0.28627450980392155,0.5333333333333333,0.49019607843137253,0.10816355794668198,0.10816355794668198,0.10816355794668198,0.10816355794668198,0.0,0.10816355794668198,-0.7671909928321838,0.0,-0.7671909928321838,-0.7671909928321838,-0.8151957392692566,0.8151957392692566,198.9899444580078,198.9899444580078,198.9899444580078
0919,2,0,0,0.0,0.0,7,2,3,2,12,0.5833333333333334,0.29523809523809524,0.5540616246498599,0.4717086834733894,0.29411764705882354,0.5529411764705883,0.47058823529411764,0.14479777216911316,0.22522325813770294,0.16237808763980865,0.1883535385131836,0.04000107944011688,1.0135843753814697,0.06639261543750763,0.22468262910842896,-0.20942547917366028,0.45560261607170105,-0.31092433631420135,0.31092433631420135,200.62484741210938,199.439208984375,201.447265625
0919,3,1,9180,0.7328171150315319,0.7713961598252175,12527,61,53,38,122854,0.10196656193530532,0.43254304036614244,0.6730566290537928,0.4616090421160881,0.34509803921568627,0.6392156862745098,0.4745098039215686,0.8507298231124878,1.0,0.9999959468841553,0.9999994039535522,0.2688860595226288,10657.0927734375,0.18827411532402039,0.30788061022758484,-0.799369752407074,1.378061056137085,-0.24235275387763977,0.24235275387763977,236.26878356933594,196.88067626953125,269.47540283203125
0919,4,0,0,0.0,0.0,2,1,2,1,2,1.0,0.3254901960784314,0.5901960784313726,0.4117647058823529,0.3254901960784314,0.5882352941176471,0.4117647058823529,0.14013105630874634,0.1750023365020752,0.15756669640541077,0.1680280864238739,0.03487128019332886,0.2802621126174927,0.2625299394130707,0.11798889189958572,0.14454104006290436,0.3805188238620758,-0.08729985356330872,0.08729985356330872,201.82012939453125,201.447265625,202.19297790527344
0919,5,1,791,0.8154639175257732,0.1292061417837308,970,30,16,34,16320,0.05943627450980392,0.4058136244188397,0.5502203355569032,0.610794420861128,0.3803921568627451,0.5607843137254902,0.6431372549019608,0.8273040652275085,1.0,0.9999850392341614,0.9999988079071045,0.27948522567749023,802.4849243164062,0.9863977432250977,0.3632025718688965,0.10163601487874985,1.7320276498794556,-0.49002349376678467,0.49002349376678467,234.3983917236328,220.79176330566406,243.7867889404297
0919,6,0,0,0.0,0.0,33,4,5,3,60,0.55,0.3731431966726085,0.5626856803327392,0.34901960784313724,0.37254901960784315,0.5647058823529412,0.34901960784313724,0.30145788192749023,0.5681231021881104,0.44864538311958313,0.506035327911377,0.13939152657985687,9.94810962677002,0.018751315772533417,0.26275554299354553,-0.5204870104789734,0.4770551323890686,-0.473627008497715,0.473627008497715,194.30747985839844,192.17959594726562,196.30079650878906
0919,7,0,0,0.0,0.0,3,2,1,2,4,0.75,0.4104575163398693,0.5294117647058824,0.6300653594771242,0.4117647058823529,0.5294117647058824,0.6313725490196078,0.16875779628753662,0.2483026683330536,0.18866419792175293,0.22444728016853333,0.05624673515558243,0.5062733888626099,1.3315805196762085,0.07651735097169876,1.227893352508545,1.410239815711975,-0.2488166093826294,0.2488166093826294,234.95655822753906,234.6508026123047,235.33380126953125
0919,8,0,0,0.0,0.0,1,1,1,1,1,1.0,0.44313725490196076,0.5333333333333333,0.5607843137254902,0.44313725490196076,0.5333333333333333,0.5607843137254902,0.13647598028182983,0.13647598028182983,0.13647598028182983,0.13647598028182983,0.0,0.13647598028182983,1.1528093814849854,0.0,1.1528093814849854,1.1528093814849854,-0.18547511100769043,0.18547511100769043,227.9056854248047,227.9056854248047,227.9056854248047
0919,9,1,89,0.7007874015748031,0.015612665555653013,127,7,10,6,420,0.30238095238095236,0.45922494982244866,0.4829087540528022,0.5135402192373013,0.4549019607843137,0.47843137254901963,0.5176470588235295,0.8149676322937012,0.9999997615814209,0.99993896484375,0.9999973773956299,0.2687089741230011,103.50089263916016,0.9950405955314636,0.31276819109916687,0.17671990394592285,1.474597454071045,-0.4411311745643616,0.4411311745643616,215.09780883789062,212.6593475341797,218.011474609375
0919,10,0,0,0.0,0.0,3,2,2,1,4,0.75,0.48104575163398694,0.530718954248366,0.5686274509803921,0.4823529411764706,0.5294117647058824,0.5686274509803921,0.18298637866973877,0.2529758810997009,0.22340570390224457,0.24114780128002167,0.06205139309167862,0.5489591360092163,0.6844294667243958,0.24339129030704498,0.3483400344848633,0.9168317317962646,-0.1743830442428589,0.1743830442428589,233.7387237548828,233.19305419921875,234.30108642578125
0919,11,1,336,0.6829268292682927,0.05711371749107598,492,16,15,8,1920,0.25625,0.6079467559381476,0.6247808066315957,0.4559381476167703,0.6039215686274509,0.615686274509804,0.4588235294117647,0.7485737204551697,1.0,0.9999508261680603,0.9999990463256836,0.3113933503627777,368.29827880859375,0.29551535844802856,0.31702756881713867,-0.4239507019519806,1.1742619276046753,-0.1916581690311432,0.1916581690311432,251.51048278808594,245.1958465576172,257.87982177734375
0921,1,1,19,0.6333333333333333,0.01490780698313064,30,4,4,4,64,0.46875,0.426797385620915,0.5890196078431372,0.6798692810457516,0.4235294117647059,0.5882352941176471,0.6784313725490196,0.5888096690177917,0.9870864748954773,0.8502575159072876,0.9691818952560425,0.3048379123210907,17.664289474487305,1.038308024406433,0.16479691863059998,0.6734386682510376,1.3364585638046265,-0.3554795980453491,0.3554795980453491,254.3249969482422,252.91302490234375,255.73033142089844
0921,2,1,46,0.5679012345679012,0.03538461538461538,81,6,6,7,252,0.32142857142857145,0.46211571048172356,0.6249818445896878,0.6929072863713387,0.4588235294117647,0.6235294117647059,0.6901960784313725,0.7332334518432617,0.9999672174453735,0.9948352575302124,0.9997349381446838,0.29732346534729004,59.391910552978516,0.8353711366653442,0.2603512108325958,0.25436004996299744,1.255144715309143,-0.5331035852432251,0.5331035852432251,265.976318359375,261.9427490234375,270.04815673828125
0921,3,0,0,0.0,0.0,3,2,2,1,4,0.75,0.5071895424836602,0.469281045751634,0.6039215686274509,0.5058823529411764,0.47058823529411764,0.6039215686274509,0.1412115842103958,0.17900994420051575,0.15588347613811493,0.1697593480348587,0.02805503085255623,0.42363473773002625,0.9882688522338867,0.02519279532134533,0.9674191474914551,1.0237133502960205,-0.13239538669586182,0.13239538669586182,234.57012939453125,234.04486083984375,235.11061096191406
0921,4,1,2088,0.8105590062111802,0.8196270853778214,2576,24,93,26,58032,0.044389302453818585,0.5515741079040312,0.3686853002070393,0.6305276458409451,0.5411764705882353,0.3843137254901961,0.6313725490196078,0.8423928022384644,1.0,0.9999988675117493,1.0,0.27626296877861023,2170.00390625,0.607905387878418,0.5086977481842041,-0.7964639067649841,1.7743018865585327,-0.5528773069381714,0.5528773069381714,235.3702392578125,228.9410400390625,246.82179260253906
0921,5,0,0,0.0,0.0,1,1,1,1,1,1.0,0.5725490196078431,0.3568627450980392,0.6392156862745098,0.5725490196078431,0.3568627450980392,0.6392156862745098,0.14129334688186646,0.14129334688186646,0.14129334688186646,0.14129334688186646,0.0,0.14129334688186646,1.1738309860229492,0.0,1.1738309860229492,1.1738309860229492,-0.16002130508422852,0.16002130508422852,237.61102294921875,237.61102294921875,237.61102294921875
0921,6,1,63,0.5625,0.04789053591790194,112,10,8,10,800,0.14,0.6080882352941176,0.5882002801120447,0.6227941176470588,0.615686274509804,0.596078431372549,0.6313725490196078,0.7201159596443176,0.9999940395355225,0.9947097301483154,0.9997487664222717,0.29810428619384766,80.65298461914062,1.0692847967147827,0.2017863392829895,0.35443851351737976,1.4115173816680908,-0.2549710273742676,0.2549710273742676,268.4697265625,260.44769287109375,274.9145202636719
0921,7,0,0,0.0,0.0,1,1,1,1,1,1.0,0.592156862745098,0.25882352941176473,0.6549019607843137,0.592156862745098,0.25882352941176473,0.6549019607843137,0.102213554084301,0.102213554084301,0.102213554084301,0.102213554084301,0.0,0.102213554084301,0.592124879360199,0.0,0.592124879360199,0.592124879360199,-0.21136367321014404,0.21136367321014404,235.26368713378906,235.26368713378906,235.26368713378906
0921,8,0,0,0.0,0.0,1,1,1,1,1,1.0,0.611764705882353,0.611764705882353,0.6274509803921569,0.611764705882353,0.611764705882353,0.6274509803921569,0.10415800660848618,0.10415800660848618,0.10415800660848618,0.10415800660848618,0.0,0.10415800660848618,1.02996826171875,0.0,1.02996826171875,1.02996826171875,-0.24628674983978271,0.24628674983978271,273.1025390625,273.1025390625,273.1025390625
0924,1,1,108,0.6967741935483871,0.7854545454545454,155,7,8,7,392,0.39540816326530615,0.44387096774193546,0.5649335863377609,0.6604427577482606,0.43529411764705883,0.5568627450980392,0.6666666666666666,0.8427848815917969,1.0,0.999992847442627,1.0,0.2679646909236908,130.63165283203125,1.148252010345459,0.3097681701183319,0.3177122473716736,1.599730372428894,-0.16299426555633545,0.16299426555633545,249.32252502441406,246.84408569335938,251.70022583007812
0927,1,0,0,0.0,0.0,2,1,1,2,2,1.0,0.5137254901960784,0.596078431372549,0.6529411764705882,0.5137254901960784,0.596078431372549,0.6549019607843137,0.11442559957504272,0.12050184607505798,0.11746372282505035,0.11928659677505493,0.00607624975964427,0.22885119915008545,0.38716667890548706,0.039870887994766235,0.3472957909107208,0.4270375669002533,-0.31876564025878906,0.31876564025878906,261.2477722167969,260.9291076660156,261.5664367675781
0927,2,0,0,0.0,0.0,14,4,4,2,32,0.4375,0.6372549019607843,0.6521008403361345,0.4414565826330532,0.6352941176470588,0.6509803921568628,0.44313725490196076,0.1373167634010315,0.17004838585853577,0.15380758047103882,0.1616726666688919,0.020331038162112236,1.922434687614441,-0.1321902722120285,0.1077280268073082,-0.3268844187259674,0.1660645455121994,-0.24802266061306,0.24802266061306,258.95245361328125,257.5616455078125,260.5436706542969
0928,1,0,0,0.0,0.0,7,2,3,2,12,0.5833333333333334,0.35126050420168065,0.4588235294117647,0.6504201680672269,0.34901960784313724,0.4588235294117647,0.6509803921568628,0.21938268840312958,0.3501342535018921,0.26582956314086914,0.33754315972328186,0.08184541016817093,1.5356788635253906,1.7959918975830078,0.1381715089082718,1.5829427242279053,1.976657509803772,-0.2387855052947998,0.2387855052947998,222.26443481445312,221.61227416992188,223.0717315673828
0928,2,0,0,0.0,0.0,1,1,1,1,1,1.0,0.396078431372549,0.7764705882352941,0.37254901960784315,0.396078431372549,0.7764705882352941,0.37254901960784315,0.10045768320560455,0.10045768320560455,0.10045768320560455,0.10045768320560455,0.0,0.10045768320560455,0.28249096870422363,0.0,0.28249096870422363,0.28249096870422363,0.04672878980636597,0.04672878980636597,242.14251708984375,242.14251708984375,242.14251708984375
0928,3,0,0,0.0,0.0,46,6,5,4,120,0.38333333333333336,0.43069053708439897,0.27271952259164534,0.6177323103154305,0.43529411764705883,0.27450980392156865,0.6196078431372549,0.1448742300271988,0.20254206657409668,0.16697284579277039,0.19270871579647064,0.03066234476864338,6.664214611053467,1.8991073369979858,0.10429955273866653,1.6425964832305908,2.0959649085998535,-0.20855796337127686,0.20855796337127686,204.77972412109375,203.1058807373047,207.0410614013672
0928,4,0,0,0.0,0.0,8,2,3,3,18,0.4444444444444444,0.43333333333333335,0.36764705882352944,0.7558823529411764,0.43529411764705883,0.3686274509803922,0.7568627450980392,0.16798357665538788,0.20945921540260315,0.20523205399513245,0.20904715359210968,0.03701145946979523,1.343868613243103,1.292130708694458,0.10670144110918045,1.165366530418396,1.5113582611083984,-0.2195589542388916,0.2195589542388916,241.60867309570312,240.87548828125,242.54690551757812
0928,5,0,0,0.0,0.0,1,1,1,1,1,1.0,0.4470588235294118,0.36470588235294116,0.7607843137254902,0.4470588235294118,0.36470588235294116,0.7607843137254902,0.12430091202259064,0.12430091202259064,0.12430091202259064,0.12430091202259064,0.0,0.12430091202259064,1.356258511543274,0.0,1.356258511543274,1.356258511543274,-0.1983485221862793,0.1983485221862793,243.94671630859375,243.94671630859375,243.94671630859375
0928,6,0,0,0.0,0.0,39,5,4,4,80,0.4875,0.5978883861236802,0.6093514328808447,0.6487682252388135,0.6,0.611764705882353,0.6470588235294118,0.2866595685482025,0.5116713047027588,0.39782512187957764,0.4836368262767792,0.12903082370758057,11.179723739624023,1.7597625255584717,0.19159568846225739,1.2369509935379028,2.0601727962493896,-0.3367447853088379,0.3367447853088379,273.98101806640625,272.0753479003906,275.5739440917969
0928,7,0,0,0.0,0.0,6,2,2,2,8,0.75,0.6176470588235294,0.2915032679738562,0.5777777777777778,0.6196078431372549,0.2901960784313726,0.5764705882352941,0.1229296326637268,0.14019548892974854,0.12833276391029358,0.1346043348312378,0.012025714851915836,0.7375777959823608,1.8394538164138794,0.10094240307807922,1.7261117696762085,2.0243804454803467,-0.18569624423980713,0.18569624423980713,228.8128204345703,228.1425018310547,229.47984313964844
0934,1,1,474,0.6448979591836734,0.7143933685003768,735,22,13,14,4004,0.18356643356643357,0.3677819083023544,0.5416462585034013,0.5818956916099773,0.34944237918215615,0.54,0.5833333333333334,0.7909843921661377,1.0,0.9999956488609314,0.9999998807907104,0.3014053702354431,581.37353515625,0.9060224890708923,0.36204394698143005,-0.5956670045852661,1.5183500051498413,-0.28471750020980835,0.28471750020980835,258.6349792480469,250.73292541503906,264.9339599609375
0935,1,0,0,0.0,0.0,13,4,2,2,16,0.8125,0.3513203214695752,0.5500579822187862,0.5692307692307693,0.35074626865671643,0.5527638190954773,0.5672727272727273,0.4415592849254608,0.6954900622367859,0.594059944152832,0.6552016139030457,0.16862283647060394,5.740270614624023,0.6937937140464783,0.21036748588085175,0.31220507621765137,1.0644171237945557,-0.7320112586021423,0.7320112586021423,213.40428161621094,212.2569122314453,214.39450073242188
0935,2,0,0,0.0,0.0,20,4,4,3,48,0.4166666666666667,0.37966417910447764,0.43944723618090453,0.4930909090909091,0.376865671641791,0.4371859296482412,0.49454545454545457,0.2024822235107422,0.2965736985206604,0.22372573614120483,0.2626684606075287,0.046841930598020554,4.049644470214844,0.2375926673412323,0.4549234211444855,-0.5150449275970459,0.888762891292572,-0.8734928667545319,0.8734928667545319,191.29603576660156,190.1841278076172,192.4993438720703
0935,3,0,0,0.0,0.0,1,1,1,1,1,1.0,0.373134328358209,0.4472361809045226,0.48727272727272725,0.373134328358209,0.4472361809045226,0.48727272727272725,0.1225566416978836,0.1225566416978836,0.1225566416978836,0.1225566416978836,0.0,0.1225566416978836,-0.03925894945859909,0.0,-0.03925894945859909,-0.03925894945859909,-0.6796610280871391,0.6796610280871391,189.9420928955078,189.9420928955078,189.9420928955078
0935,4,0,0,0.0,0.0,27,3,4,5,60,0.45,0.5561083471531233,0.5851479620323842,0.6723232323232323,0.5522388059701493,0.5829145728643216,0.6727272727272727,0.20807179808616638,0.38492098450660706,0.29663288593292236,0.3602936267852783,0.08817864209413528,5.61793851852417,0.3411988615989685,0.4147525727748871,-0.5786076784133911,1.0264804363250732,-0.7494472861289978,0.7494472861289978,265.0594177246094,263.5242004394531,267.0599060058594
0935,5,0,0,0.0,0.0,1,1,1,1,1,1.0,0.5522388059701493,0.6030150753768844,0.6690909090909091,0.5522388059701493,0.6030150753768844,0.6690909090909091,0.12159500271081924,0.12159500271081924,0.12159500271081924,0.12159500271081924,0.0,0.12159500271081924,-0.19680577516555786,0.0,-0.19680577516555786,-0.19680577516555786,-0.9623693227767944,0.9623693227767944,265.4373779296875,265.4373779296875,265.4373779296875
0941,1,1,1139,0.7613636363636364,0.1911875786823332,1496,27,19,11,5643,0.2651072124756335,0.36099926601656707,0.5445344447939603,0.4407465660060816,0.34509803921568627,0.5294117647058824,0.4392156862745098,0.7447047829627991,0.9999994039535522,0.9995861649513245,0.9999767541885376,0.3036596477031708,1114.078369140625,-0.04405365511775017,0.2522945702075958,-0.5936896204948425,0.7018741965293884,-0.27330708131194115,0.27330708131194115,201.54010009765625,189.34359741210938,210.29026794433594
0941,2,1,8098,0.7724887913765144,0.7748540809491915,10483,33,41,35,47355,0.22137049941927991,0.4415350343132579,0.7180671600892574,0.5548348119177081,0.4470588235294118,0.7215686274509804,0.5647058823529412,0.8586893677711487,0.9999996423721313,0.9999860525131226,0.9999956488609314,0.25967398285865784,9001.640625,-0.1206524446606636,0.3291414678096771,-0.7011493444442749,0.941697895526886,-0.23291756957769394,0.23291756957769394,257.9759216308594,235.95338439941406,276.1086730957031
0941,3,0,0,0.0,0.0,11,3,3,2,18,0.6111111111111112,0.37575757575757573,0.5294117647058824,0.43279857397504456,0.3764705882352941,0.5294117647058824,0.43137254901960786,0.3749583959579468,0.673757791519165,0.5015128254890442,0.6487396955490112,0.1708294153213501,4.124542236328125,0.04236346483230591,0.1034921333193779,-0.14421576261520386,0.20271047949790955,-0.3090144991874695,0.3090144991874695,199.44920349121094,198.6580047607422,200.08248901367188
0941,4,1,594,0.5852216748768473,0.10390064719258352,1015,11,26,9,2574,0.39432789432789433,0.5126166328600406,0.6952612769245629,0.518767507002801,0.5176470588235295,0.7215686274509804,0.5215686274509804,0.7521510720252991,0.9999907612800598,0.9994035959243774,0.9999052286148071,0.31543588638305664,763.433349609375,-0.2495429813861847,0.19935443997383118,-0.6238343715667725,0.7721673250198364,-0.2201671376824379,0.2201671376824379,257.49627685546875,245.17340087890625,267.25830078125
0942,1,1,216,0.8150943396226416,0.041582442968524404,265,6,10,9,540,0.49074074074074076,0.2758860525342212,0.5481465038845726,0.4860673325934147,0.2784313725490196,0.5450980392156862,0.48627450980392156,0.6885399222373962,0.9999971389770508,0.9995015859603882,0.9999687075614929,0.3274235129356384,182.46307373046875,0.19796767830848694,0.2869681715965271,-0.4792861044406891,1.0167295932769775,-0.23617267608642578,0.23617267608642578,199.99342346191406,195.14097595214844,205.769287109375
0942,2,1,102,0.576271186440678,0.01980390253373459,177,8,10,6,480,0.36875,0.304774565193309,0.5944832170156198,0.5187548465713969,0.3058823529411765,0.592156862745098,0.5176470588235295,0.7451404929161072,0.9999963045120239,0.9992530345916748,0.9999393820762634,0.3095810115337372,131.88986206054688,0.2967818081378937,0.39163073897361755,-0.337483674287796,1.4421368837356567,-0.2362758219242096,0.2362758219242096,216.05740356445312,211.42138671875,220.4223175048828
0942,3,1,2151,0.7386675824175825,0.33000920527769256,2912,23,28,24,15456,0.18840579710144928,0.3427601809954751,0.6770833333333334,0.5234257164404222,0.3215686274509804,0.6509803921568628,0.5568627450980392,0.8628082275390625,1.0,0.9999951124191284,0.9999992251396179,0.25686290860176086,2512.49755859375,0.19875545799732208,0.3208155035972595,-0.4580157399177551,1.6193898916244507,-0.25146158039569855,0.25146158039569855,235.62156677246094,223.15464782714844,246.63739013671875
0942,4,1,427,0.6143884892086331,0.07893520658101488,695,13,11,11,1573,0.4418308963763509,0.36086330935251804,0.49807871349978844,0.6725236281562984,0.35294117647058826,0.4980392156862745,0.6823529411764706,0.8070570826530457,1.0,0.9999679923057556,0.9999989867210388,0.2874069809913635,560.9046630859375,1.1357313394546509,0.4255288541316986,0.30062729120254517,2.7538094520568848,-0.0017075538635253906,0.0017075538635253906,232.82627868652344,226.0928955078125,237.741455078125
0942,5,1,190,0.5539358600583091,0.03630457628737938,343,10,12,7,840,0.4083333333333333,0.36313954153089806,0.5783113245298119,0.3805407877436689,0.3568627450980392,0.5725490196078431,0.3803921568627451,0.765605092048645,0.9999830722808838,0.9725891351699829,0.9986710548400879,0.27609995007514954,262.6025390625,0.020453786477446556,0.23219414055347443,-0.42256513237953186,1.030909776687622,-0.3444893900305033,0.3444893900305033,199.83026123046875,194.33218383789062,205.9660186767578
0942,6,1,277,0.5306513409961686,0.052038324253240655,522,13,12,17,2652,0.19683257918552036,0.36587784539102997,0.6422808203741267,0.41830065359477125,0.3607843137254902,0.6392156862745098,0.41568627450980394,0.7470099925994873,0.9999988079071045,0.9997815489768982,0.9999922513961792,0.31787800788879395,389.939208984375,0.12118743360042572,0.24513831734657288,-0.5218268036842346,0.9954591989517212,-0.24141843616962433,0.24141843616962433,217.03433227539062,209.4755401611328,223.39874267578125
0942,7,0,0,0.0,0.0,25,4,4,4,64,0.390625,0.38650980392156864,0.656156862745098,0.44360784313725493,0.3843137254901961,0.6549019607843137,0.44313725490196076,0.20820093154907227,0.328359991312027,0.24997153878211975,0.2764320373535156,0.05910561978816986,5.205023288726807,-0.07940323650836945,0.22268852591514587,-0.5360070466995239,0.28644704818725586,-0.331312820315361,0.331312820315361,225.18016052246094,223.88836669921875,226.318359375
0942,8,0,0,0.0,0.0,7,2,2,3,12,0.5833333333333334,0.40560224089635855,0.6492997198879552,0.4661064425770308,0.40784313725490196,0.6509803921568628,0.4666666666666667,0.14298458397388458,0.1927686482667923,0.1694326251745224,0.18294039368629456,0.03592972457408905,1.0008920431137085,-0.004247950855642557,0.2520735263824463,-0.40838488936424255,0.37861862778663635,-0.4586356454528868,0.4586356454528868,229.0123748779297,227.9583282470703,230.176025390625
0942,9,1,5803,0.7241981779608136,0.6399073716711694,8013,43,38,31,50654,0.15819086350535003,0.4976261614092785,0.749615208619327,0.5051854461989462,0.4823529411764706,0.7372549019607844,0.4980392156862745,0.8444714546203613,1.0,0.9999931454658508,0.999998927116394,0.27131161093711853,6766.75,0.21457427740097046,0.33571964502334595,-0.7699810862541199,1.7470120191574097,-0.23966673016548157,0.23966673016548157,263.7483215332031,237.03585815429688,285.09295654296875
0942,10,0,0,0.0,0.0,9,3,3,3,27,0.3333333333333333,0.45098039215686275,0.7411764705882353,0.6745098039215687,0.45098039215686275,0.7411764705882353,0.6745098039215687,0.12547074258327484,0.16962921619415283,0.13516388833522797,0.14632056653499603,0.020191024988889694,1.1292366981506348,0.018597997725009918,0.10202429443597794,-0.11059977114200592,0.20136557519435883,-0.305367611348629,0.305367611348629,280.64508056640625,279.619384765625,281.6717834472656
0942,11,0,0,0.0,0.0,1,1,1,1,1,1.0,0.5215686274509804,0.7176470588235294,0.49411764705882355,0.5215686274509804,0.7176470588235294,0.49411764705882355,0.10498173534870148,0.10498173534870148,0.10498173534870148,0.10498173534870148,0.0,0.10498173534870148,0.20136557519435883,0.0,0.20136557519435883,0.20136557519435883,-0.4555403143167496,0.4555403143167496,259.4629211425781,259.4629211425781,259.4629211425781
0942,12,0,0,0.0,0.0,465,12,19,9,2052,0.22660818713450293,0.5706008855154965,0.6961501159603627,0.4785157073582121,0.5764705882352941,0.6862745098039216,0.4823529411764706,0.6622146368026733,0.9999991059303284,0.98773193359375,0.9998544454574585,0.31482774019241333,307.9298095703125,0.32122674584388733,0.33528247475624084,-0.31621330976486206,1.3216047286987305,-0.29284170269966125,0.29284170269966125,260.54766845703125,252.111083984375,267.2395935058594
0942,13,0,0,0.0,0.0,82,6,6,5,180,0.45555555555555555,0.558727881396461,0.7740315638450502,0.6460545193687232,0.5607843137254902,0.7764705882352941,0.6470588235294118,0.38661834597587585,0.7917938232421875,0.599273145198822,0.6835117340087891,0.22686989605426788,31.70270538330078,0.16738487780094147,0.20723724365234375,-0.24531207978725433,0.6480432152748108,-0.28872285783290863,0.28872285783290863,294.42626953125,291.6933288574219,296.95452880859375
0942,14,0,0,0.0,0.0,7,3,3,2,18,0.3888888888888889,0.611764705882353,0.6661064425770308,0.4739495798319328,0.611764705882353,0.6666666666666666,0.4745098039215686,0.12318231910467148,0.13805904984474182,0.13024677336215973,0.1363670527935028,0.01146762166172266,0.8622762560844421,0.16085059940814972,0.06701832264661789,0.052473023533821106,0.25808656215667725,-0.1895020753145218,0.1895020753145218,260.97369384765625,259.4166564941406,262.3852233886719
0942,15,0,0,0.0,0.0,62,4,8,6,192,0.3229166666666667,0.6296647691334598,0.6695129664769133,0.47653383934218846,0.6313725490196078,0.6784313725490196,0.4823529411764706,0.17191952466964722,0.3221367597579956,0.19670850038528442,0.2475130259990692,0.05428922176361084,10.659010887145996,0.05910572037100792,0.20946896076202393,-0.4012947678565979,0.570051908493042,-0.28194624558091164,0.28194624558091164,264.6120910644531,260.7124938964844,267.6733093261719
0942,16,1,260,0.6467661691542289,0.049401482044461334,402,9,13,8,936,0.42948717948717946,0.697824602477807,0.6408252853380159,0.5205443371378402,0.6941176470588235,0.6313725490196078,0.5176470588235295,0.8149365186691284,0.9999997615814209,0.9999884366989136,0.9999988675117493,0.284470796585083,327.6044921875,0.16679681837558746,0.36797910928726196,-0.7487106919288635,1.0734505653381348,-0.3815578669309616,0.3815578669309616,276.3222351074219,271.02398681640625,282.040771484375
0942,17,1,76,0.8941176470588236,0.014888823587031051,85,6,6,6,216,0.39351851851851855,0.7047289504036909,0.5990772779700115,0.48115340253748556,0.7058823529411765,0.596078431372549,0.4823529411764706,0.6397547721862793,0.9958978295326233,0.8599615693092346,0.9469298124313354,0.26286187767982483,54.379154205322266,0.17117001116275787,0.22488926351070404,-0.18150098621845245,0.7189444303512573,-0.24046991765499115,0.24046991765499115,266.55029296875,263.95452880859375,268.8456726074219
0943,1,0,0,0.0,0.0,53,4,6,4,96,0.5520833333333334,0.2665736730049189,0.49541149695323394,0.48879023307436187,0.26848249027237353,0.4980544747081712,0.48627450980392156,0.30328166484832764,0.662964403629303,0.4040217697620392,0.5388387441635132,0.15030480921268463,16.073928833007812,-0.4424055516719818,0.21386224031448364,-0.8272790312767029,-0.021478397771716118,-0.22300949692726135,0.22300949692726135,191.2570037841797,188.0904083251953,194.4659423828125
0943,2,0,0,0.0,0.0,234,6,11,7,462,0.5064935064935064,0.35071003358941105,0.5817453190994046,0.4995475113122172,0.35019455252918286,0.5836575875486382,0.49411764705882355,0.720132052898407,0.9999791383743286,0.9987692832946777,0.9998746514320374,0.3182963728904724,168.51089477539062,-0.49438169598579407,0.23096872866153717,-0.9351984858512878,0.04641133174300194,-0.36607295274734497,0.36607295274734497,216.54209899902344,211.71206665039062,222.06980895996094
0943,3,0,0,0.0,0.0,86,7,6,6,252,0.3412698412698413,0.4079721292190752,0.6179983711881278,0.5609211126310989,0.4046692607003891,0.6186770428015564,0.5607843137254902,0.3359856605529785,0.9123640060424805,0.44988858699798584,0.6556673049926758,0.21977870166301727,28.894765853881836,-0.4792831242084503,0.2096099555492401,-0.9066010117530823,0.022172214463353157,-0.3353400379419327,0.3353400379419327,238.51953125,235.79864501953125,241.05186462402344
0943,4,0,0,0.0,0.0,248,9,12,7,756,0.328042328042328,0.41320446843228315,0.6541358102171457,0.5891998734977862,0.4085603112840467,0.6575875486381323,0.5882352941176471,0.4004771113395691,0.824137270450592,0.6671890020370483,0.7502148747444153,0.2402525395154953,99.31832122802734,-0.43363097310066223,0.20929734408855438,-0.9360924959182739,-0.0652405321598053,-0.2309081256389618,0.2309081256389618,249.6702423095703,244.9612274169922,254.1869354248047
0943,5,0,0,0.0,0.0,435,9,11,11,1089,0.39944903581267216,0.48134531955811977,0.7184489467328593,0.6301014198782962,0.4785992217898833,0.7237354085603113,0.6352941176470588,0.7555224895477295,0.9999921321868896,0.9984407424926758,0.9999014139175415,0.30718305706977844,328.65228271484375,-0.6420533061027527,0.2125912606716156,-0.9539312124252319,0.030322054401040077,-0.31988197565078735,0.31988197565078735,274.7204284667969,269.51995849609375,279.4924011230469
0943,6,0,0,0.0,0.0,6,3,2,2,12,0.5,0.48184176394293127,0.383916990920882,0.5915032679738562,0.48249027237354086,0.3852140077821012,0.592156862745098,0.1970323920249939,0.36282578110694885,0.2447035014629364,0.31891196966171265,0.09035570174455643,1.1821943521499634,0.521736204624176,0.0638820081949234,0.40112441778182983,0.5951471924781799,-0.048246920108795166,0.048246920108795166,219.24810791015625,218.58865356445312,220.1772003173828
0943,7,0,0,0.0,0.0,15,4,3,3,36,0.4166666666666667,0.496757457846952,0.3673151750972763,0.5458823529411764,0.49416342412451364,0.3657587548638132,0.5450980392156862,0.2614842653274536,0.43188267946243286,0.38281986117362976,0.4144062101840973,0.11986170709133148,3.9222640991210938,-0.19471053779125214,0.10638347268104553,-0.3797498345375061,-0.03138136491179466,-0.2813832610845566,0.2813832610845566,211.76473999023438,210.83880615234375,212.75807189941406
0943,8,0,0,0.0,0.0,5,2,3,1,6,0.8333333333333334,0.49961089494163424,0.3821011673151751,0.592156862745098,0.4980544747081712,0.38132295719844356,0.592156862745098,0.2490914762020111,0.46533405780792236,0.2898637056350708,0.39514589309692383,0.1237812265753746,1.245457410812378,0.5798007845878601,0.041391581296920776,0.5217424035072327,0.6330674886703491,-0.138671875,0.138671875,221.78628540039062,221.0226287841797,222.49044799804688
0943,9,0,0,0.0,0.0,25,3,7,4,84,0.2976190476190476,0.5522178988326848,0.7059922178988327,0.5739607843137255,0.5525291828793775,0.7003891050583657,0.5725490196078431,0.15672509372234344,0.28755852580070496,0.18476319313049316,0.1903783529996872,0.0445474274456501,3.9181272983551025,-0.7641811966896057,0.08220094442367554,-0.9407548904418945,-0.6171069145202637,-0.1213146448135376,0.1213146448135376,273.4406433105469,271.1475524902344,276.19378662109375
0943,10,0,0,0.0,0.0,2,2,1,1,2,1.0,0.5544747081712063,0.2140077821011673,0.6588235294117647,0.556420233463035,0.2140077821011673,0.6588235294117647,0.10733602941036224,0.11146369576454163,0.10939986258745193,0.11063816398382187,0.004127662628889084,0.2146720588207245,-0.021135106682777405,0.01405684556812048,-0.03519195318222046,-0.0070782615803182125,-0.22398120164871216,0.22398120164871216,227.68707275390625,227.3719482421875,228.002197265625
0952,1,1,1558,0.7294007490636704,0.562049062049062,2136,17,27,22,10098,0.21152703505644682,0.4898949842109128,0.6875266211353455,0.6815946978042153,0.4549019607843137,0.6470588235294118,0.6588235294117647,0.8171027302742004,1.0,0.9999874830245972,0.9999980926513672,0.2919764518737793,1745.3314208984375,0.4903022050857544,0.5363379716873169,-0.37895819544792175,3.528425693511963,-0.5403354167938232,0.5403354167938232,277.1883544921875,260.5916442871094,286.69671630859375
0952,2,0,0,0.0,0.0,74,6,8,4,192,0.3854166666666667,0.47138314785373614,0.5246952835188129,0.8101218865924749,0.47058823529411764,0.5254901960784314,0.807843137254902,0.32325130701065063,0.6739672422409058,0.4477751851081848,0.539716362953186,0.1518077403306961,23.920597076416016,0.07988812774419785,0.28768882155418396,-0.327202707529068,0.6313279271125793,-0.3780633583664894,0.3780633583664894,274.3573913574219,271.26739501953125,276.73272705078125
0952,3,0,0,0.0,0.0,1,1,1,1,1,1.0,0.49019607843137253,0.6588235294117647,0.7019607843137254,0.49019607843137253,0.6588235294117647,0.7019607843137254,0.10178252309560776,0.10178252309560776,0.10178252309560776,0.10178252309560776,0.0,0.10178252309560776,0.42752066254615784,0.0,0.42752066254615784,0.42752066254615784,-0.30916109681129456,0.30916109681129456,275.93658447265625,275.93658447265625,275.93658447265625
0952,4,0,0,0.0,0.0,1,1,1,1,1,1.0,0.4980392156862745,0.6549019607843137,0.6941176470588235,0.4980392156862745,0.6549019607843137,0.6941176470588235,0.11203841120004654,0.11203841120004654,0.11203841120004654,0.11203841120004654,0.0,0.11203841120004654,0.860164999961853,0.0,0.860164999961853,0.860164999961853,-0.0887487530708313,0.0887487530708313,274.95819091796875,274.95819091796875,274.95819091796875
0952,5,1,1721,0.7249368155012637,0.5952957454168107,2374,13,23,23,6877,0.34520866656972515,0.5361167550423708,0.6835670746815997,0.6806481986223301,0.5490196078431373,0.6862745098039216,0.6705882352941176,0.8644503355026245,0.9999998807907104,0.9999948143959045,0.9999989867210388,0.2589467763900757,2052.205078125,0.42666390538215637,0.5765051245689392,-0.717021644115448,2.364124298095703,-0.5437380373477936,0.5437380373477936,281.98724365234375,272.7746276855469,290.6647644042969
0953,1,1,838,0.6807473598700243,0.5544161429043996,1231,14,16,14,3136,0.39253826530612246,0.4397883286954618,0.6448208048532987,0.5458719007791673,0.4326241134751773,0.6464646464646465,0.5528169014084507,0.8354490995407104,1.0,0.9999978542327881,0.9999997615814209,0.2776915431022644,1028.4378662109375,0.27007991075515747,0.40201854705810547,-0.612760603427887,1.1331487894058228,-0.4116973280906677,0.4116973280906677,276.33367919921875,268.85125732421875,283.0176696777344
0953,2,1,29,0.8529411764705882,0.03176341730558598,34,4,4,3,48,0.7083333333333334,0.5557989153108053,0.571301247771836,0.6229287489643744,0.5531914893617021,0.5723905723905723,0.6232394366197183,0.587399959564209,0.9928039312362671,0.8316251039505005,0.9524573087692261,0.2876991927623749,19.971599578857422,1.404199481010437,0.16044947504997253,1.1045430898666382,1.6974204778671265,-0.18848836421966553,0.18848836421966553,291.495849609375,289.6083679199219,293.60858154296875
0953,3,0,0,0.0,0.0,5,2,3,2,12,0.4166666666666667,0.5645390070921985,0.5185185185185185,0.6401408450704226,0.5638297872340425,0.5185185185185185,0.6408450704225352,0.11163034290075302,0.12593640387058258,0.11443959921598434,0.12133768200874329,0.008083891123533249,0.5581517219543457,0.8949199914932251,0.15396574139595032,0.6123396754264832,1.0730173587799072,-0.04281705617904663,0.04281705617904663,287.1092834472656,286.4908447265625,287.68212890625
0953,4,1,181,0.5246376811594203,0.16939635002339729,345,7,14,12,1176,0.29336734693877553,0.7104841196423065,0.42790221051090616,0.5083690549091652,0.7056737588652482,0.41414141414141414,0.5035211267605634,0.7394701242446899,0.9999988675117493,0.9975060224533081,0.9999411106109619,0.301120787858963,255.11720275878906,-0.10178761929273605,0.4113561809062958,-0.7393087148666382,0.9419419169425964,-0.253026582300663,0.253026582300663,278.48028564453125,272.4224548339844,285.3664245605469
0953,5,1,5,0.35714285714285715,0.005537098560354375,14,3,5,4,60,0.23333333333333334,0.7135258358662614,0.4069264069264069,0.5505533199195172,0.7127659574468085,0.4074074074074074,0.5492957746478874,0.2259143888950348,0.4634901285171509,0.33102285861968994,0.3481820225715637,0.10698960721492767,3.162801504135132,-0.29538848996162415,0.17835992574691772,-0.6202157139778137,-0.0019871366675943136,-0.32563127018511295,0.32563127018511295,282.7480163574219,281.8687744140625,283.72344970703125
0953,6,1,23,0.8518518518518519,0.025288620120945574,27,3,4,4,48,0.5625,0.7134226425006567,0.42972939269235566,0.5586854460093896,0.7127659574468085,0.43097643097643096,0.5598591549295775,0.6103352308273315,0.9964076280593872,0.8638543486595154,0.9867732524871826,0.30858325958251953,16.47905158996582,-0.023946747183799744,0.2636038064956665,-0.5200574398040771,0.4609970450401306,-0.16710306704044342,0.16710306704044342,286.9576110839844,285.1824035644531,288.87713623046875
0957,1,0,0,0.0,0.0,3,2,2,1,4,0.75,0.27581699346405225,0.5477124183006535,0.4549019607843137,0.2784313725490196,0.5490196078431373,0.4549019607843137,0.15754233300685883,0.220281183719635,0.18533825874328613,0.20630401372909546,0.04857192561030388,0.4726269841194153,0.5169573426246643,0.06387776136398315,0.4388718605041504,0.5953389406204224,-0.35195016860961914,0.35195016860961914,195.0678253173828,194.468505859375,195.55050659179688
0957,2,1,307,0.7073732718894009,0.6476793248945147,434,10,12,9,1080,0.40185185185185185,0.2925092617692238,0.5656907924460107,0.43377609108159393,0.28627450980392155,0.5529411764705883,0.43529411764705883,0.8297553062438965,1.0,0.9999985098838806,0.9999999403953552,0.2856699228286743,360.1138000488281,1.0628834962844849,0.5734254717826843,-0.007249937858432531,3.02337646484375,-0.32547271251678467,0.32547271251678467,196.89816284179688,192.24203491210938,201.35043334960938
0957,3,1,180,0.7377049180327869,0.47493403693931396,244,7,13,9,819,0.2979242979242979,0.7344905175184828,0.5001125040180007,0.39215686274509803,0.7372549019607844,0.5098039215686274,0.4,0.8059840798377991,0.9999998807907104,0.9999580383300781,0.9999973177909851,0.2996993064880371,196.6601104736328,1.1642018556594849,0.40187808871269226,0.3050554096698761,2.103189468383789,-0.49898815155029297,0.49898815155029297,248.44827270507812,242.77767944335938,253.88973999023438
0961,1,0,0,0.0,0.0,4,1,2,2,4,1.0,0.2909698996655518,0.3775862068965517,0.4041353383458647,0.2909698996655518,0.3793103448275862,0.40225563909774437,0.1504756063222885,0.17390137910842896,0.17381902039051056,0.17386843264102936,0.02494647726416588,0.601902425289154,-0.05283733829855919,0.09553144872188568,-0.1703483611345291,0.07014866173267365,-0.5016014538705349,0.5016014538705349,176.89208984375,176.27818298339844,177.5049285888672
0961,2,0,0,0.0,0.0,22,7,4,3,84,0.2619047619047619,0.4580419580419581,0.42539184952978054,0.4890635680109364,0.46153846153846156,0.4241379310344828,0.48872180451127817,0.25021660327911377,0.5738750696182251,0.2856118381023407,0.49434036016464233,0.14297178387641907,5.504765033721924,1.6305571794509888,0.32148513197898865,0.8801761865615845,2.049079418182373,0.01291191577911377,0.01291191577911377,226.22247314453125,224.209716796875,228.3090057373047
0961,3,1,252,0.6014319809069213,0.499009900990099,419,25,8,11,2200,0.19045454545454546,0.5100454179005596,0.4287054563410419,0.4833473899546001,0.4916387959866221,0.42758620689655175,0.47368421052631576,0.7295931577682495,1.0,0.999634325504303,0.9999954104423523,0.3194650411605835,305.69952392578125,1.5571391582489014,0.5263583660125732,0.024471666663885117,2.6366491317749023,0.0547943115234375,0.0547943115234375,235.7386932373047,227.86837768554688,245.58094787597656
0961,4,1,169,0.6123188405797102,0.38985005767012687,276,16,14,22,4928,0.056006493506493504,0.5263559691726043,0.5756121939030485,0.5262204424103737,0.5284280936454849,0.5758620689655173,0.5263157894736842,0.7705599665641785,1.0,0.9999325275421143,0.9999974966049194,0.3016001582145691,212.67454528808594,1.4398829936981201,0.38535457849502563,0.04859715327620506,2.2987303733825684,-0.15533483028411865,0.15533483028411865,269.3538818359375,255.57972717285156,282.2162170410156
0961,5,0,0,0.0,0.0,3,2,2,1,4,0.75,0.49944258639910816,0.7425287356321839,0.39849624060150374,0.4983277591973244,0.7413793103448276,0.39849624060150374,0.15924155712127686,0.18861904740333557,0.17860089242458344,0.18461178243160248,0.028574053198099136,0.47772467136383057,-0.29622969031333923,0.0489388108253479,-0.3331012725830078,-0.2270703762769699,-0.27625533752143383,0.27625533752143383,283.2046813964844,282.7737731933594,283.5348205566406
0961,6,1,69,0.5948275862068966,0.19519094766619519,116,6,6,10,360,0.32222222222222224,0.5526179218083266,0.6155172413793103,0.6099624060150376,0.5518394648829431,0.6137931034482759,0.6052631578947368,0.7592167258262634,1.0,0.9999255537986755,0.9999992847442627,0.3176886737346649,88.06913757324219,0.26303380727767944,0.3629321753978729,-0.5388655662536621,1.0002351999282837,-0.11804217100143433,0.11804217100143433,292.9580383300781,288.3834228515625,297.0016784667969
0964,1,0,0,0.0,0.0,9,2,4,3,24,0.375,0.42178649237472765,0.7363834422657952,0.49411764705882355,0.4196078431372549,0.7372549019607844,0.49411764705882355,0.3034990727901459,0.49122855067253113,0.3884783685207367,0.45116326212882996,0.11613664031028748,2.7314915657043457,0.6695376038551331,0.18931035697460175,0.3768351972103119,1.0433143377304077,-0.5887066721916199,0.5887066721916199,250.8418731689453,249.70582580566406,251.9484100341797
0964,2,0,0,0.0,0.0,1,1,1,1,1,1.0,0.4470588235294118,0.7333333333333333,0.4823529411764706,0.4470588235294118,0.7333333333333333,0.4823529411764706,0.11814841628074646,0.11814841628074646,0.11814841628074646,0.11814841628074646,0.0,0.11814841628074646,1.2430777549743652,0.0,1.2430777549743652,1.2430777549743652,-0.4109131097793579,0.4109131097793579,251.64060974121094,251.64060974121094,251.64060974121094
0964,3,1,231,0.6209677419354839,0.24758842443729903,372,8,16,12,1536,0.2421875,0.474056504322159,0.7353995361585495,0.46579169302129453,0.47058823529411764,0.7411764705882353,0.47058823529411764,0.7231495976448059,0.9999998807907104,0.9998992681503296,0.9999974966049194,0.3314403295516968,269.01165771484375,0.8956601619720459,0.3758905529975891,0.24810439348220825,2.2687740325927734,-0.062046051025390625,0.062046051025390625,253.2569580078125,243.5918731689453,258.82427978515625
0964,4,1,275,0.6017505470459519,0.28190671450538185,457,12,20,14,3360,0.13601190476190475,0.5146694126228172,0.7300553481786588,0.4539923628094564,0.5176470588235295,0.7411764705882353,0.4588235294117647,0.632366418838501,0.9999945759773254,0.9842755794525146,0.9992031455039978,0.33271291851997375,288.991455078125,0.687874972820282,0.3876996338367462,-0.05272001028060913,1.9857333898544312,-0.3432205319404602,0.3432205319404602,256.07086181640625,247.1315460205078,263.2356262207031
0964,5,0,0,0.0,0.0,4,2,1,2,4,1.0,0.6098039215686275,0.6274509803921569,0.36666666666666664,0.611764705882353,0.6274509803921569,0.3686274509803922,0.12660279870033264,0.1314568668603897,0.12999196350574493,0.13087090849876404,0.005483571439981461,0.5064111948013306,0.6601025462150574,0.041251976042985916,0.6041377186775208,0.7122696042060852,-0.34567588567733765,0.34567588567733765,242.55899047851562,242.0433807373047,243.07406616210938
0964,6,1,800,0.7511737089201878,0.6252442360296991,1065,16,23,20,7360,0.14470108695652173,0.724945226917058,0.46865874988493045,0.37909601399245146,0.7058823529411765,0.49019607843137253,0.36470588235294116,0.8113965392112732,1.0,0.9999861717224121,0.9999990463256836,0.2892298400402069,864.1373291015625,0.6926715970039368,0.4165576696395874,-0.16759464144706726,1.8776413202285767,-0.275482714176178,0.275482714176178,241.28684997558594,233.5487060546875,250.90635681152344
0964,7,1,55,0.5445544554455446,0.06896551724137931,101,4,10,4,160,0.63125,0.7394292370413512,0.5211415259172977,0.46425936711318194,0.7372549019607844,0.5176470588235295,0.4627450980392157,0.7328612208366394,0.9999992847442627,0.9978359937667847,0.9999943375587463,0.31120121479034424,74.01898193359375,0.9165398478507996,0.32067620754241943,0.27191412448883057,1.6548926830291748,-0.22553521394729614,0.22553521394729614,260.0223693847656,256.72747802734375,262.735595703125
0971,1,1,333,0.7568181818181818,0.7247007616974973,440,10,12,11,1320,0.3333333333333333,0.44352049910873437,0.7750713012477719,0.6845989304812834,0.44313725490196076,0.7607843137254902,0.6784313725490196,0.7990537285804749,1.0,0.9999840259552002,0.999998152256012,0.2922261655330658,351.5836486816406,-0.6634560823440552,0.4652389585971832,-1.2282055616378784,0.6554118990898132,-0.4870619922876358,0.4870619922876358,287.3442687988281,280.1624450683594,292.1147155761719
0971,2,1,104,0.6341463414634146,0.3234836702954899,164,7,9,9,567,0.2892416225749559,0.7269488283118125,0.5857962697274032,0.5139646102343376,0.7254901960784313,0.5803921568627451,0.5176470588235295,0.7936626672744751,0.9999970197677612,0.9996640682220459,0.9999769926071167,0.29087740182876587,130.16067504882812,-0.5624986290931702,0.3540780544281006,-1.1543382406234741,0.26760828495025635,-0.3632652759552002,0.3632652759552002,272.45745849609375,269.55517578125,275.94744873046875
0978,1,0,0,0.0,0.0,4,2,1,2,4,1.0,0.46862745098039216,0.5372549019607843,0.5941176470588235,0.47058823529411764,0.5372549019607843,0.596078431372549,0.12550801038742065,0.14334872364997864,0.13033096492290497,0.13814161717891693,0.011388078331947327,0.5020320415496826,0.3471437990665436,0.14691555500030518,0.1494683176279068,0.4986094534397125,-0.4624936282634735,0.4624936282634735,237.1536102294922,236.57980346679688,237.7267303466797
0979,1,1,217,0.8097014925373134,0.017857877628276345,268,17,9,7,1071,0.25023342670401494,0.4978964239206652,0.5490083141340278,0.5770585275867851,0.49328859060402686,0.5469798657718121,0.5767790262172284,0.7303686738014221,1.0,0.9999291300773621,0.9999995231628418,0.3229830861091614,195.73880004882812,1.0001678466796875,0.3541264235973358,-0.08726180344820023,1.652437448501587,-0.08708596229553223,0.08708596229553223,269.86737060546875,264.30853271484375,274.8963317871094
0979,2,1,21365,0.7632810546247007,0.8213201091761811,27991,30,56,73,122640,0.22823711676451403,0.6795858879855677,0.4790410819968739,0.45143054943958044,0.6476510067114094,0.49328859060402686,0.38202247191011235,0.852813720703125,1.0,0.9999959468841553,0.9999996423721313,0.26668164134025574,23871.109375,0.5622861981391907,0.490935742855072,-0.7509127855300903,2.2534945011138916,0.09792900085449219,0.09792900085449219,276.94256591796875,252.40048217773438,296.7776794433594
0979,3,0,0,0.0,0.0,2,2,1,1,2,1.0,0.6325503355704698,0.6375838926174496,0.48314606741573035,0.6308724832214765,0.6375838926174496,0.48314606741573035,0.11615563184022903,0.11804823577404022,0.11710193753242493,0.1176697164773941,0.0018926039338111877,0.23231126368045807,0.005411517806351185,0.030470415949821472,-0.025058897212147713,0.03588193282485008,-0.4797432301566005,0.4797432301566005,297.74383544921875,297.4256286621094,298.06207275390625
0979,4,0,0,0.0,0.0,4,1,2,2,4,1.0,0.674496644295302,0.5721476510067114,0.4400749063670412,0.674496644295302,0.5704697986577181,0.4419475655430712,0.11894866824150085,0.13139976561069489,0.12306195497512817,0.12806463241577148,0.008054844103753567,0.4757946729660034,0.18890289962291718,0.1463603675365448,-0.022954389452934265,0.3651132583618164,-0.2851082533597946,0.2851082533597946,289.2764587402344,288.7784729003906,289.7740478515625
0979,5,0,0,0.0,0.0,1,1,1,1,1,1.0,0.7080536912751678,0.41946308724832215,0.6142322097378277,0.7080536912751678,0.41946308724832215,0.6142322097378277,0.14529484510421753,0.14529484510421753,0.14529484510421753,0.14529484510421753,0.0,0.14529484510421753,0.6136485934257507,0.0,0.6136485934257507,0.6136485934257507,-0.041945457458496094,0.041945457458496094,295.74481201171875,295.74481201171875,295.74481201171875
0979,6,1,1,1.0,8.320852055250458e-05,1,1,1,1,1,1.0,0.7080536912751678,0.45302013422818793,0.5692883895131086,0.7080536912751678,0.45302013422818793,0.5692883895131086,0.13478079438209534,0.13478079438209534,0.13478079438209534,0.13478079438209534,0.0,0.13478079438209534,1.1053742170333862,0.0,1.1053742170333862,1.1053742170333862,0.11935943365097046,0.11935943365097046,293.72265625,293.72265625,293.72265625
0979,7,0,0,0.0,0.0,34,2,5,6,60,0.5666666666666667,0.7130872483221476,0.3854125542834584,0.4700374531835206,0.7114093959731543,0.3825503355704698,0.4681647940074906,0.21228942275047302,0.47311145067214966,0.2510445713996887,0.3484349250793457,0.09157057106494904,7.217840194702148,0.18540984392166138,0.3331794738769531,-0.3214395046234131,0.7624049186706543,-0.23870256543159485,0.23870256543159485,272.99652099609375,271.59344482421875,274.5997009277344
0979,8,0,0,0.0,0.0,3,1,2,2,4,0.75,0.7114093959731543,0.4015659955257271,0.6079900124843945,0.7114093959731543,0.40268456375838924,0.6067415730337079,0.16230207681655884,0.20454739034175873,0.17486879229545593,0.19267594814300537,0.030050912871956825,0.4869062304496765,0.7334761619567871,0.09867292642593384,0.6146307587623596,0.856234073638916,-0.10381823778152466,0.10381823778152466,293.3283386230469,292.8719787597656,293.8332824707031
0979,9,0,0,0.0,0.0,1,1,1,1,1,1.0,0.7114093959731543,0.40604026845637586,0.5056179775280899,0.7114093959731543,0.40604026845637586,0.5056179775280899,0.1044631227850914,0.1044631227850914,0.1044631227850914,0.1044631227850914,0.0,0.1044631227850914,-0.189885675907135,0.0,-0.189885675907135,-0.189885675907135,-0.1815822022035718,0.1815822022035718,279.7052001953125,279.7052001953125,279.7052001953125
0984,1,1,126,0.6923076923076923,0.4573502722323049,182,10,7,6,420,0.43333333333333335,0.3342383107088989,0.2856711915535445,0.5046326222796811,0.3411764705882353,0.28627450980392155,0.5058823529411764,0.7849575281143188,1.0,0.9999585151672363,0.9999992847442627,0.2944962978363037,142.86227416992188,1.9626538753509521,0.4964715242385864,0.7163186073303223,2.7733023166656494,-0.11359024047851562,0.11359024047851562,171.1954803466797,167.44252014160156,175.51638793945312
0984,2,1,71,0.696078431372549,0.30148619957537154,102,6,6,6,216,0.4722222222222222,0.4710880430603614,0.6962322183775471,0.5747789311803152,0.47058823529411764,0.6941176470588235,0.5725490196078431,0.8116768002510071,1.0,0.9999955892562866,0.9999998807907104,0.2699229419231415,82.79103088378906,2.1041924953460693,0.3008589744567871,1.107969880104065,2.7029004096984863,-0.21695661544799805,0.21695661544799805,260.1488342285156,256.4390869140625,262.9410705566406
0984,3,1,12,0.5217391304347826,0.061224489795918366,23,5,4,2,40,0.575,0.4772378516624041,0.7067348678601875,0.551236146632566,0.47843137254901963,0.7058823529411765,0.5529411764705883,0.742731511592865,0.9999771118164062,0.9991371035575867,0.999951183795929,0.3189338445663452,17.08282470703125,2.1658577919006348,0.20211543142795563,1.7337496280670166,2.427597761154175,-0.2854807376861572,0.2854807376861572,259.40753173828125,257.4529113769531,261.49761962890625
0984,4,0,0,0.0,0.0,1,1,1,1,1,1.0,0.4745098039215686,0.7333333333333333,0.5019607843137255,0.4745098039215686,0.7333333333333333,0.5019607843137255,0.15922811627388,0.15922811627388,0.15922811627388,0.15922811627388,0.0,0.15922811627388,1.8897963762283325,0.0,1.8897963762283325,1.8897963762283325,-0.3275250196456909,0.3275250196456909,257.3655090332031,257.3655090332031,257.3655090332031
0984,5,1,22,0.7096774193548387,0.11,31,4,5,4,80,0.3875,0.4886780518659076,0.7537001897533206,0.511448450347881,0.49019607843137253,0.7529411764705882,0.5137254901960784,0.7069577574729919,0.9999998807907104,0.9998558759689331,0.9999991059303284,0.3057496249675751,21.915691375732422,1.9433521032333374,0.32636648416519165,1.0353163480758667,2.4601850509643555,-0.270316481590271,0.270316481590271,264.060302734375,262.46142578125,265.84393310546875
0984,6,1,72,0.7578947368421053,0.3103448275862069,95,5,5,6,150,0.6333333333333333,0.5018782249742002,0.7591744066047472,0.556780185758514,0.4980392156862745,0.7568627450980392,0.5529411764705883,0.8649721741676331,1.0,0.9999985694885254,1.0,0.2619918882846832,82.17235565185547,1.1285958290100098,0.5526030659675598,-0.00981396995484829,2.11171817779541,-0.2700037956237793,0.2700037956237793,272.5323181152344,269.4308776855469,275.0654602050781
0986,1,0,0,0.0,0.0,5,2,2,2,8,0.625,0.5537254901960784,0.6329411764705882,0.7427450980392157,0.5529411764705883,0.6313725490196078,0.7411764705882353,0.2749256193637848,0.34604281187057495,0.3258827328681946,0.3379787802696228,0.07711484283208847,1.3746280670166016,0.773697555065155,0.18420343101024628,0.5832591652870178,1.098354697227478,-0.6891451478004456,0.6891451478004456,286.60711669921875,286.0174865722656,287.2420654296875
0989,1,0,0,0.0,0.0,3,2,2,1,4,0.75,0.503030303030303,0.5830212234706617,0.6806083650190115,0.5018181818181818,0.5842696629213483,0.6806083650190115,0.2584644556045532,0.41782283782958984,0.33236557245254517,0.383639931678772,0.12566375732421875,0.7753933668136597,1.461096167564392,0.0227744709700346,1.4292311668395996,1.4810888767242432,-0.30428624153137207,0.30428624153137207,126.452880859375,126.39620208740234,126.48320007324219
0989,2,0,0,0.0,0.0,5,2,2,2,8,0.625,0.5549090909090909,0.3265917602996255,0.7467680608365019,0.5563636363636364,0.3295880149812734,0.7452471482889734,0.16871269047260284,0.18766753375530243,0.16928048431873322,0.18031270802021027,0.010823632590472698,0.843563437461853,1.1544032096862793,0.14895716309547424,0.896628737449646,1.3390101194381714,-0.4852646589279175,0.4852646589279175,155.2994842529297,154.67062377929688,155.96473693847656
0989,3,1,64,0.6736842105263158,0.30260047281323876,95,14,6,4,336,0.28273809523809523,0.595866028708134,0.5355410999408634,0.7053031819091454,0.5927272727272728,0.5355805243445693,0.7034220532319392,0.7702712416648865,0.9999997615814209,0.9999680519104004,0.9999953508377075,0.31428250670433044,73.17576599121094,1.5032259225845337,0.24399153888225555,0.8618183732032776,2.0179648399353027,-0.361592173576355,0.361592173576355,135.0613250732422,132.8495330810547,137.37539672851562
0989,4,1,179,0.6392857142857142,0.5888157894736842,280,6,9,12,648,0.43209876543209874,0.5744935064935065,0.58982075976458,0.7347501357957632,0.5745454545454546,0.5917602996254682,0.7300380228136882,0.8344210982322693,0.9999998807907104,0.9999716281890869,0.9999979138374329,0.26636794209480286,233.63790893554688,1.2615035772323608,0.17565955221652985,0.7038512825965881,1.598871111869812,-0.3063911199569702,0.3063911199569702,142.2255096435547,136.72235107421875,148.31048583984375
0989,5,0,0,0.0,0.0,1,1,1,1,1,1.0,0.5745454545454546,0.5655430711610487,0.7452471482889734,0.5745454545454546,0.5655430711610487,0.7452471482889734,0.1109936386346817,0.1109936386346817,0.1109936386346817,0.1109936386346817,0.0,0.1109936386346817,1.4245250225067139,0.0,1.4245250225067139,1.4245250225067139,-0.10614991188049316,0.10614991188049316,144.5164337158203,144.5164337158203,144.5164337158203
0993,1,0,0,0.0,0.0,5,2,3,2,12,0.4166666666666667,0.30431372549019603,0.45098039215686275,0.5552941176470588,0.30196078431372547,0.45098039215686275,0.5568627450980392,0.12427444756031036,0.16473165154457092,0.13150247931480408,0.15143997967243195,0.022201677784323692,0.6213722229003906,1.1643555164337158,0.13730914890766144,1.0326801538467407,1.4030169248580933,-0.7831937074661255,0.7831937074661255,198.630615234375,197.78271484375,199.2586212158203
0993,2,0,0,0.0,0.0,5,1,3,2,6,0.8333333333333334,0.43529411764705883,0.19294117647058825,0.6329411764705882,0.43529411764705883,0.19215686274509805,0.6313725490196078,0.17787811160087585,0.22887253761291504,0.18816113471984863,0.21258796751499176,0.03292490169405937,0.8893905878067017,0.77961665391922,0.23427581787109375,0.48746201395988464,1.0429673194885254,-0.8780068755149841,0.8780068755149841,202.5220184326172,201.91334533691406,203.19448852539062
0993,3,0,0,0.0,0.0,8,3,3,3,27,0.2962962962962963,0.47843137254901963,0.43186274509803924,0.675,0.47843137254901963,0.43137254901960786,0.6745098039215687,0.30599576234817505,0.6727129817008972,0.41091400384902954,0.5427690744400024,0.18563176691532135,2.4479660987854004,1.652479887008667,0.2122461497783661,1.2692842483520508,1.9070864915847778,-0.4780302047729492,0.4780302047729492,238.50387573242188,237.63417053222656,239.5391387939453
0993,4,0,0,0.0,0.0,28,3,6,2,36,0.7777777777777778,0.49033613445378155,0.5117647058823529,0.6763305322128852,0.49019607843137253,0.5058823529411764,0.6745098039215687,0.41164475679397583,0.858035147190094,0.5420525670051575,0.70206218957901,0.19905585050582886,11.526053428649902,1.455554723739624,0.38643160462379456,0.20970937609672546,2.1231162548065186,-0.5668702125549316,0.5668702125549316,250.3221893310547,248.68453979492188,251.98016357421875
0993,5,0,0,0.0,0.0,5,3,2,2,12,0.4166666666666667,0.4972549019607843,0.5576470588235294,0.6635294117647058,0.4980392156862745,0.5568627450980392,0.6627450980392157,0.30381470918655396,0.6101570129394531,0.5460311770439148,0.5845066905021667,0.2248883694410324,1.519073486328125,1.3268921375274658,0.24392439424991608,1.0121058225631714,1.6910566091537476,-0.644660234451294,0.644660234451294,255.3096923828125,254.66448974609375,255.82806396484375
0993,6,0,0,0.0,0.0,2,2,1,1,2,1.0,0.5549019607843138,0.43137254901960786,0.7607843137254902,0.5568627450980392,0.43137254901960786,0.7607843137254902,0.13786575198173523,0.14406819641590118,0.1409669667482376,0.14282770454883575,0.0062024518847465515,0.27573150396347046,0.9863880276679993,0.2417476773262024,0.7446403503417969,1.2281357049942017,-0.6143704056739807,0.6143704056739807,264.6553039550781,264.3860778808594,264.9245300292969
0993,7,0,0,0.0,0.0,4,1,2,2,4,1.0,0.5607843137254902,0.5313725490196078,0.6764705882352942,0.5607843137254902,0.5333333333333333,0.6745098039215687,0.441069632768631,0.577237606048584,0.5180103182792664,0.553546667098999,0.10375003516674042,1.764278531074524,1.0892592668533325,0.09012256562709808,0.9606701731681824,1.2075613737106323,-0.8829131126403809,0.8829131126403809,262.398193359375,261.8110046386719,262.98480224609375
0993,8,0,0,0.0,0.0,1,1,1,1,1,1.0,0.5843137254901961,0.3803921568627451,0.6666666666666666,0.5843137254901961,0.3803921568627451,0.6666666666666666,0.11626919358968735,0.11626919358968735,0.11626919358968735,0.11626919358968735,0.0,0.11626919358968735,1.3618683815002441,0.0,1.3618683815002441,1.3618683815002441,-0.5396460294723511,0.5396460294723511,246.5948028564453,246.5948028564453,246.5948028564453
0993,9,0,0,0.0,0.0,8,2,4,3,24,0.3333333333333333,0.5990196078431372,0.4245098039215686,0.6705882352941176,0.6,0.4235294117647059,0.6705882352941176,0.16583195328712463,0.2492535561323166,0.19200687110424042,0.23695670068264008,0.046797122806310654,1.326655626296997,1.2885725498199463,0.14080952107906342,1.0121058225631714,1.4544525146484375,-0.33654093742370605,0.33654093742370605,254.16357421875,253.1778106689453,255.062744140625
0993,10,0,0,0.0,0.0,4,2,2,1,4,1.0,0.6529411764705882,0.5117647058823529,0.6666666666666666,0.6549019607843137,0.5137254901960784,0.6666666666666666,0.14226146042346954,0.18703031539916992,0.1590263843536377,0.1758287250995636,0.030771905556321144,0.5690458416938782,1.3284351825714111,0.11016722023487091,1.2075613737106323,1.5058882236480713,-0.3824044466018677,0.3824044466018677,272.0052185058594,271.4571838378906,272.552734375
0994,1,0,0,0.0,0.0,23,4,4,3,48,0.4791666666666667,0.3798806479113384,0.4946291560102302,0.6335890878090367,0.3803921568627451,0.49411764705882355,0.6352941176470588,0.49064749479293823,0.8001997470855713,0.6685323715209961,0.7300376892089844,0.22839181125164032,11.284892082214355,1.4327634572982788,0.14615067839622498,1.0865646600723267,1.6837575435638428,-0.41313672065734863,0.41313672065734863,227.13890075683594,225.73214721679688,228.57383728027344
0994,2,1,2152,0.7929255711127488,0.07648156374944469,2714,15,28,23,9660,0.28095238095238095,0.4826347045819065,0.6670611354342768,0.5388819050096089,0.49411764705882355,0.6235294117647059,0.5137254901960784,0.8260012269020081,0.9999837875366211,0.9996628165245056,0.9999035000801086,0.27897292375564575,2241.767333984375,0.30833443999290466,0.47628551721572876,-0.61654132604599,1.440456748008728,-0.24610009789466858,0.24610009789466858,251.4888153076172,237.13497924804688,264.6015930175781
0994,3,0,0,0.0,0.0,13,3,3,2,18,0.7222222222222222,0.4793363499245852,0.3176470588235294,0.6063348416289592,0.47843137254901963,0.3176470588235294,0.6078431372549019,0.3281606137752533,0.6585240960121155,0.5911290049552917,0.6068945527076721,0.20815065503120422,4.266088008880615,1.5961352586746216,0.3853878378868103,0.6773768663406372,2.1040046215057373,-0.5571650266647339,0.5571650266647339,213.66732788085938,212.70872497558594,214.76731872558594
0994,4,1,48073,0.7815985432315546,0.8355653662648718,61506,68,108,59,433296,0.1419491525423729,0.6696232409654916,0.5114443800477301,0.5071645489073917,0.7137254901960784,0.4588235294117647,0.4549019607843137,0.8469164967536926,0.9999926090240479,0.9998797178268433,0.9999517798423767,0.2709577977657318,52090.4453125,0.4495926797389984,0.5514346361160278,-0.5723048448562622,2.756493091583252,-0.443235844373703,0.443235844373703,252.98692321777344,225.2509765625,284.6576843261719
0994,5,0,0,0.0,0.0,2,2,1,1,2,1.0,0.6450980392156863,0.4823529411764706,0.396078431372549,0.6431372549019608,0.4823529411764706,0.396078431372549,0.1220119446516037,0.12948930263519287,0.12575063109397888,0.12799383699893951,0.007477357983589172,0.2440238893032074,0.920677661895752,0.011059136129915714,0.9096185564994812,0.9317368268966675,-0.19568514823913574,0.19568514823913574,229.60916137695312,229.248779296875,229.9695587158203
0994,6,0,0,0.0,0.0,1,1,1,1,1,1.0,0.7333333333333333,0.4666666666666667,0.47058823529411764,0.7333333333333333,0.4666666666666667,0.47058823529411764,0.13937589526176453,0.13937589526176453,0.13937589526176453,0.13937589526176453,0.0,0.13937589526176453,0.5667855739593506,0.0,0.5667855739593506,0.5667855739593506,-0.265419065952301,0.265419065952301,252.7943878173828,252.7943878173828,252.7943878173828
0994,7,0,0,0.0,0.0,4,1,2,3,6,0.6666666666666666,0.7725490196078432,0.3862745098039216,0.5058823529411764,0.7725490196078432,0.3843137254901961,0.5058823529411764,0.17735357582569122,0.21386462450027466,0.20467720925807953,0.21018965542316437,0.030991945415735245,0.7094143033027649,0.5971981883049011,0.07873564958572388,0.4672533869743347,0.6773768663406372,-0.5899619460105896,0.5899619460105896,256.0229187011719,255.32723999023438,256.7196960449219
1004,1,1,191,0.7490196078431373,0.17858812529219262,255,11,9,5,495,0.5151515151515151,0.40696655132641296,0.7026374471357171,0.4431833910034602,0.396078431372549,0.7019607843137254,0.4470588235294118,0.7906951308250427,1.0,0.9999932646751404,0.9999997615814209,0.3076605498790741,201.62725830078125,0.8032429814338684,0.46538639068603516,-0.20422153174877167,1.8026615381240845,-0.43788355588912964,0.43788355588912964,236.34912109375,232.79605102539062,239.93540954589844
1004,2,1,1434,0.76033934252386,0.7607427055702918,1886,21,27,13,7371,0.2558675892009225,0.5452519077620444,0.7760276963383445,0.4394444097893664,0.5450980392156862,0.7764705882352941,0.45098039215686275,0.8471693992614746,1.0,0.9999972581863403,0.9999998211860657,0.264607310295105,1597.761474609375,0.2925125062465668,0.32814839482307434,-0.4374038577079773,1.4736043214797974,-0.2999292314052582,0.2999292314052582,267.11962890625,255.63255310058594,279.537109375
1006,1,1,713,0.7957589285714286,0.05496665767258991,896,31,23,30,21390,0.04188873305282843,0.45443499873353593,0.5074459071949948,0.669237012987013,0.49645390070921985,0.4744525547445255,0.625,0.8403887748718262,0.9999998211860657,0.9998112916946411,0.9999798536300659,0.26594263315200806,752.9883422851562,0.5572456121444702,0.3451119065284729,-0.385702520608902,1.2414952516555786,-0.3971906900405884,0.3971906900405884,259.5653381347656,250.71498107910156,270.7821960449219
1006,2,1,329,0.650197628458498,0.02575040112706923,506,17,14,27,6426,0.07874260815437285,0.472619347966249,0.5376359597241857,0.6398146484608934,0.4645390070921986,0.5437956204379562,0.6287878787878788,0.7878401279449463,0.9999993443489075,0.9996442198753357,0.999980092048645,0.29641348123550415,398.6470947265625,0.7409787178039551,0.2719374895095825,-0.3320595622062683,1.2462289333343506,-0.22333180904388428,0.22333180904388428,261.3885803222656,255.66384887695312,273.4099426269531
1006,3,1,18,1.0,0.001436265709156194,18,3,4,3,36,0.5,0.4574468085106383,0.5652879156528792,0.7308501683501684,0.4574468085106383,0.5656934306569343,0.7310606060606061,0.2124255746603012,0.36304834485054016,0.27168914675712585,0.30050307512283325,0.07792108505964279,3.823660373687744,0.0802157074213028,0.18458664417266846,-0.21437381207942963,0.33679571747779846,-0.42755715548992157,0.42755715548992157,279.4983215332031,277.80029296875,280.8415832519531
1006,4,1,18,0.782608695652174,0.0014359792580773832,23,4,3,3,36,0.6388888888888888,0.4767190872648782,0.5299904792129482,0.6442687747035573,0.4787234042553192,0.5291970802919708,0.6439393939393939,0.4130912721157074,0.9539743661880493,0.5750805139541626,0.7243579030036926,0.22614559531211853,9.501099586486816,0.8269134759902954,0.121460922062397,0.5538748502731323,0.9815555214881897,-0.2798274755477905,0.2798274755477905,261.46099853515625,260.40545654296875,262.7793884277344
1006,5,0,0,0.0,0.0,47,5,8,3,120,0.39166666666666666,0.48800362154821186,0.5875135890666252,0.44954867827208256,0.48936170212765956,0.5948905109489051,0.45075757575757575,0.24206145107746124,0.6028826832771301,0.28309470415115356,0.4020009934902191,0.1091843694448471,11.376888275146484,-0.06216832995414734,0.11295554041862488,-0.31562575697898865,0.14889095723628998,-0.30020157992839813,0.30020157992839813,243.34466552734375,239.46189880371094,246.2864227294922
1006,6,1,22276,0.8045943798309615,0.8448599548669713,27686,42,58,55,133980,0.20664278250485146,0.5693524596757047,0.6408560599549378,0.5368793493703196,0.5390070921985816,0.6788321167883211,0.5416666666666666,0.8954582214355469,1.0,0.9999842047691345,0.9999969005584717,0.2330045849084854,24791.65625,0.05411341041326523,0.42864856123924255,-0.6450163722038269,2.888728618621826,-0.3398170545697212,0.3398170545697212,277.8136291503906,245.36911010742188,303.9967041015625
1006,7,0,0,0.0,0.0,19,4,5,4,80,0.2375,0.6924225457260172,0.5109489051094891,0.44138755980861244,0.6914893617021277,0.5109489051094891,0.4431818181818182,0.17967489361763,0.2581367492675781,0.22496020793914795,0.23148825764656067,0.046858519315719604,3.413822889328003,-0.4199683666229248,0.1822500377893448,-0.6656200289726257,-0.000771041086409241,-0.22934861481189728,0.22934861481189728,267.7669677734375,266.3869323730469,269.033447265625
1006,8,0,0,0.0,0.0,1,1,1,1,1,1.0,0.7163120567375887,0.46715328467153283,0.5075757575757576,0.7163120567375887,0.46715328467153283,0.5075757575757576,0.11358429491519928,0.11358429491519928,0.11358429491519928,0.11358429491519928,0.0,0.11358429491519928,-0.006227320525795221,0.0,-0.006227320525795221,-0.006227320525795221,-0.3002802790142596,0.3002802790142596,274.8617858886719,274.8617858886719,274.8617858886719
1020,1,1,103,0.6094674556213018,0.23760092272202998,169,10,7,8,560,0.30178571428571427,0.40355029585798813,0.4471052326255946,0.6149437289708782,0.403921568627451,0.4470588235294118,0.615686274509804,0.7961156964302063,0.9999998807907104,0.9999408721923828,0.9999985694885254,0.29618969559669495,134.54354858398438,0.939268946647644,0.20667478442192078,0.2806732654571533,1.2235941886901855,-0.34351909160614014,0.34351909160614014,219.97952270507812,217.44883728027344,222.65219116210938
1020,2,1,243,0.525974025974026,0.4189655172413793,462,15,16,8,1920,0.240625,0.4587471352177234,0.4416687887276122,0.6052796876326287,0.45098039215686275,0.42745098039215684,0.6078431372549019,0.6259963512420654,0.9999995827674866,0.9953339695930481,0.9998375773429871,0.34631168842315674,289.2103271484375,0.9891193509101868,0.39445388317108154,-0.11815503984689713,1.5632777214050293,0.06854254007339478,0.06854254007339478,224.5950164794922,218.91551208496094,230.7401123046875
1020,3,1,125,0.5060728744939271,0.26455026455026454,247,17,6,10,1020,0.24215686274509804,0.4535841867111217,0.5172183853298404,0.6104310550130984,0.44313725490196076,0.5176470588235295,0.615686274509804,0.6915638446807861,1.0,0.997473418712616,0.9999970197677612,0.33552849292755127,170.81626892089844,1.1365008354187012,0.3286616802215576,0.04953046888113022,1.6504775285720825,0.022686004638671875,0.022686004638671875,235.06150817871094,230.6729278564453,238.0
1020,4,1,2,0.6666666666666666,0.005706134094151213,3,2,1,2,4,0.75,0.43790849673202614,0.4980392156862745,0.6143790849673202,0.4392156862745098,0.4980392156862745,0.615686274509804,0.18034148216247559,0.23494502902030945,0.20673701167106628,0.22366182506084442,0.04386239871382713,0.5410244464874268,1.1825721263885498,0.1010725200176239,1.0404363870620728,1.266737937927246,-0.05493426322937012,0.05493426322937012,231.0142364501953,230.72494506835938,231.40225219726562
1020,5,0,0,0.0,0.0,6,2,3,2,12,0.5,0.43594771241830066,0.734640522875817,0.5660130718954248,0.43529411764705883,0.7372549019607844,0.5647058823529412,0.21454910933971405,0.32998454570770264,0.27755922079086304,0.31801238656044006,0.07480742037296295,1.287294626235962,1.2309852838516235,0.05650023743510246,1.1648375988006592,1.3398112058639526,-0.3351043462753296,0.3351043462753296,261.73974609375,260.5302429199219,262.5128479003906
1020,6,1,20,0.6451612903225806,0.05486968449931413,31,4,4,4,64,0.484375,0.4638836179633144,0.5243516761543328,0.5072738772928526,0.4666666666666667,0.5254901960784314,0.5058823529411764,0.6149762868881226,0.9991357922554016,0.8766745328903198,0.9968882203102112,0.2780778408050537,19.06426429748535,1.1931694746017456,0.1567215472459793,0.7973725199699402,1.381021499633789,-0.25684964656829834,0.25684964656829834,221.00442504882812,219.56320190429688,222.591552734375
1020,7,0,0,0.0,0.0,2,1,2,1,2,1.0,0.5333333333333333,0.44509803921568625,0.6,0.5333333333333333,0.44313725490196076,0.6,0.10273661464452744,0.10544048994779587,0.10408855229616165,0.10489971190690994,0.0027038753032684326,0.20547322928905487,1.005086898803711,0.022846996784210205,0.982239842414856,1.0279338359832764,0.06067615747451782,0.06067615747451782,234.6496124267578,234.4077606201172,234.89146423339844
1021,1,1,38,0.5846153846153846,0.7307692307692307,65,6,9,4,216,0.30092592592592593,0.4833182503770739,0.5538461538461539,0.6264253393665158,0.48627450980392156,0.5450980392156862,0.6274509803921569,0.6966062784194946,0.9999988675117493,0.9992948770523071,0.9999060034751892,0.33986198902130127,45.2794075012207,1.4009993076324463,0.30381208658218384,0.5194794535636902,1.774229645729065,-0.16488194465637207,0.16488194465637207,246.7938690185547,244.4279022216797,249.49949645996094
1022,1,1,35,0.6481481481481481,0.04660452729693742,54,5,6,5,150,0.36,0.3825708061002179,0.6214960058097313,0.6419026870007263,0.3803921568627451,0.6235294117647059,0.6392156862745098,0.84959876537323,0.9999971985816956,0.9998435974121094,0.9999901652336121,0.24742648005485535,45.878334045410156,0.998614490032196,0.36259764432907104,0.12761153280735016,1.5455011129379272,-0.561162531375885,0.561162531375885,248.2442626953125,246.60089111328125,250.01199340820312
1022,2,0,0,0.0,0.0,1,1,1,1,1,1.0,0.43137254901960786,0.7372549019607844,0.6666666666666666,0.43137254901960786,0.7372549019607844,0.6666666666666666,0.22950637340545654,0.22950637340545654,0.22950637340545654,0.22950637340545654,0.0,0.22950637340545654,0.19176943600177765,0.0,0.19176943600177765,0.19176943600177765,-0.95515076816082,0.95515076816082,276.7038269042969,276.7038269042969,276.7038269042969
1022,3,1,13,0.7647058823529411,0.017747440273037544,17,3,4,4,48,0.3541666666666667,0.4590542099192618,0.6805074971164936,0.6839677047289504,0.4588235294117647,0.6823529411764706,0.6823529411764706,0.25906068086624146,0.4732287526130676,0.29928579926490784,0.4012785851955414,0.10249266028404236,4.404031753540039,0.5110493302345276,0.5336281061172485,-0.7064411640167236,1.2503747940063477,-0.47348302602767944,0.47348302602767944,272.8939208984375,271.8345031738281,273.9744567871094
1022,4,0,0,0.0,0.0,1,1,1,1,1,1.0,0.4745098039215686,0.45098039215686275,0.6078431372549019,0.4745098039215686,0.45098039215686275,0.6078431372549019,0.14691725373268127,0.14691725373268127,0.14691725373268127,0.14691725373268127,0.0,0.14691725373268127,1.359443187713623,0.0,1.359443187713623,1.359443187713623,-0.39564049243927,0.39564049243927,228.32870483398438,228.32870483398438,228.32870483398438
1022,5,1,42,0.40384615384615385,0.05412371134020619,104,10,6,7,420,0.24761904761904763,0.49445701357466065,0.46236802413273004,0.6109351432880845,0.49411764705882355,0.4588235294117647,0.6078431372549019,0.6022469401359558,0.999960720539093,0.9925587177276611,0.9994189143180847,0.32822665572166443,62.63368225097656,1.3148410320281982,0.3544837236404419,-0.08410954475402832,1.8277958631515503,-0.29916298389434814,0.29916298389434814,233.08372497558594,229.3686981201172,235.97457885742188
1022,6,1,12,0.7058823529411765,0.016382252559726963,17,3,4,2,24,0.7083333333333334,0.48627450980392156,0.6775086505190311,0.7552479815455594,0.48627450980392156,0.6784313725490196,0.7529411764705882,0.6409998536109924,0.9848712086677551,0.8704924583435059,0.9206005334854126,0.27760252356529236,10.896997451782227,0.6688022613525391,0.3656499683856964,-0.013535852544009686,1.4492642879486084,-0.2860897183418274,0.2860897183418274,287.3394775390625,286.0489501953125,288.7923278808594
1022,7,1,431,0.517406962785114,0.37790442788250767,833,13,32,21,8736,0.0953525641025641,0.5200950968622743,0.6804039262763929,0.7085987336110915,0.5215686274509804,0.6941176470588235,0.6901960784313725,0.706325352191925,0.9999998807907104,0.9984078407287598,0.9999860525131226,0.3232135474681854,588.3690185546875,1.0360658168792725,0.33366185426712036,-0.2958306074142456,1.853459119796753,-0.31262779235839844,0.31262779235839844,284.03253173828125,275.3724670410156,294.5131530761719
1022,8,1,1,0.16666666666666666,0.001375515818431912,6,2,3,2,12,0.5,0.5124183006535947,0.6790849673202614,0.7326797385620916,0.5137254901960784,0.6784313725490196,0.7333333333333333,0.2358703464269638,0.5470209121704102,0.2751861810684204,0.4303191304206848,0.15407659113407135,1.4152220487594604,0.7895072102546692,0.1791609227657318,0.5831326246261597,1.1220589876174927,-0.4939813017845154,0.4939813017845154,286.7579650878906,286.2673645019531,287.5221862792969
1022,9,0,0,0.0,0.0,1,1,1,1,1,1.0,0.5215686274509804,0.7450980392156863,0.6705882352941176,0.5215686274509804,0.7450980392156863,0.6705882352941176,0.14621371030807495,0.14621371030807495,0.14621371030807495,0.14621371030807495,0.0,0.14621371030807495,0.9231694936752319,0.0,0.9231694936752319,0.9231694936752319,-0.3202548027038574,0.3202548027038574,288.6121826171875,288.6121826171875,288.6121826171875
1022,10,0,0,0.0,0.0,2,1,2,1,2,1.0,0.5294117647058824,0.7235294117647059,0.6705882352941176,0.5294117647058824,0.7215686274509804,0.6705882352941176,0.14414989948272705,0.15757273137569427,0.15086132287979126,0.15488816797733307,0.013422831892967224,0.2882997989654541,1.041861653327942,0.07378160953521729,0.9680800437927246,1.1156432628631592,-0.31615591049194336,0.31615591049194336,285.96746826171875,285.6448974609375,286.2900695800781
1022,11,1,25,0.8928571428571429,0.03387533875338753,28,3,4,4,48,0.5833333333333334,0.5368347338935574,0.7789915966386555,0.6190476190476191,0.5372549019607843,0.7803921568627451,0.6196078431372549,0.5656951069831848,0.9946776628494263,0.7962654829025269,0.9304216504096985,0.27056822180747986,15.839462280273438,1.0031377077102661,0.24965989589691162,0.4548168182373047,1.3979380130767822,-0.48080015182495117,0.48080015182495117,288.7798767089844,287.23162841796875,290.3876647949219
1022,12,1,2,1.0,0.002758620689655172,2,1,2,1,2,1.0,0.5411764705882353,0.7627450980392156,0.6,0.5411764705882353,0.7647058823529411,0.6,0.1415887475013733,0.14556679129600525,0.14357776939868927,0.14477118849754333,0.003978036344051361,0.2831774950027466,0.6087957620620728,0.3785316050052643,0.23026417195796967,0.9873273968696594,-0.9117550849914551,0.9117550849914551,283.83160400390625,283.4889831542969,284.17425537109375
1022,13,1,440,0.7370184254606366,0.43031784841075793,597,16,24,20,7680,0.077734375,0.5802804874043419,0.6794363976746477,0.6886327060137287,0.5725490196078431,0.6666666666666666,0.6784313725490196,0.8125414848327637,0.9999998807907104,0.9999857544898987,0.9999994039535522,0.29054728150367737,485.0872497558594,0.8729071021080017,0.5216938853263855,-0.6486990451812744,2.0138537883758545,-0.42103248834609985,0.42103248834609985,288.188232421875,270.1869812011719,300.4579772949219
1023,1,1,371,0.7876857749469215,0.4669603524229075,471,12,11,9,1188,0.39646464646464646,0.3567545064735024,0.6333374963573539,0.352991132758836,0.34509803921568627,0.6274509803921569,0.35294117647058826,0.7998853921890259,1.0,0.9999969005584717,0.9999998807907104,0.3110881447792053,376.74603271484375,0.7987393736839294,0.4857631325721741,-0.30664902925491333,2.150616407394409,-0.32039421796798706,0.32039421796798706,206.52374267578125,200.3422088623047,213.90184020996094
1023,2,1,679,0.8151260504201681,0.6960533059969246,833,13,22,7,2002,0.4160839160839161,0.3565190782195231,0.7305416284160723,0.4484287832780171,0.34901960784313724,0.7137254901960784,0.4470588235294118,0.8038466572761536,1.0,0.9999946355819702,0.9999998807907104,0.2981347441673279,669.604248046875,0.6389237642288208,0.3929699957370758,-0.28813448548316956,1.8660176992416382,-0.12872248888015747,0.12872248888015747,237.15234375,227.3015594482422,247.1861572265625
1024,1,0,0,0.0,0.0,1,1,1,1,1,1.0,0.2549019607843137,0.23529411764705882,0.5254901960784314,0.2549019607843137,0.23529411764705882,0.5254901960784314,0.1056198999285698,0.1056198999285698,0.1056198999285698,0.1056198999285698,0.0,0.1056198999285698,-0.03460611402988434,0.0,-0.03460611402988434,-0.03460611402988434,-0.2000521719455719,0.2000521719455719,160.9720458984375,160.9720458984375,160.9720458984375
1024,2,0,0,0.0,0.0,17,2,4,4,32,0.53125,0.26089965397923875,0.2253748558246828,0.5211072664359861,0.25882352941176473,0.22745098039215686,0.5254901960784314,0.17309899628162384,0.21707889437675476,0.20065926015377045,0.21446938812732697,0.03293326869606972,2.942682981491089,0.11442317068576813,0.1909080147743225,-0.1815313994884491,0.5057551264762878,-0.377937451004982,0.377937451004982,159.75572204589844,158.2213592529297,161.0714111328125
1024,3,0,0,0.0,0.0,480,11,16,11,1936,0.24793388429752067,0.714828431372549,0.5255800653594771,0.45611928104575167,0.7058823529411765,0.5294117647058824,0.45098039215686275,0.7054693698883057,0.9999973177909851,0.9987422823905945,0.9999570846557617,0.3221079111099243,338.62530517578125,-0.25883880257606506,0.22651219367980957,-0.6527552604675293,0.20832163095474243,-0.26093412400223315,0.26093412400223315,255.14710998535156,249.395263671875,260.97125244140625
1024,4,0,0,0.0,0.0,2,1,2,1,2,1.0,0.7058823529411765,0.5549019607843138,0.5411764705882353,0.7058823529411765,0.5568627450980392,0.5411764705882353,0.1141403391957283,0.11715877056121826,0.11564955115318298,0.11655508726835251,0.0030184313654899597,0.2282806783914566,-0.15014898777008057,0.0066270604729652405,-0.1567760407924652,-0.14352191984653473,-0.04908020794391632,0.04908020794391632,268.00640869140625,267.7424011230469,268.2703857421875
1024,5,0,0,0.0,0.0,34,5,4,4,80,0.425,0.7387543252595156,0.48327566320645904,0.4776239907727797,0.7372549019607844,0.4823529411764706,0.47843137254901963,0.33705055713653564,0.7559481263160706,0.4446328282356262,0.61947101354599,0.1879505217075348,11.459718704223633,-0.19915148615837097,0.19127154350280762,-0.5744113922119141,0.13691289722919464,-0.283814437687397,0.283814437687397,256.68646240234375,254.4385986328125,258.3428039550781
1027,1,1,56,0.6666666666666666,0.024231934227607096,84,9,5,5,225,0.37333333333333335,0.2785714285714286,0.446265172735761,0.5191876750700279,0.2784313725490196,0.4470588235294118,0.5176470588235295,0.5516596436500549,0.9975934624671936,0.8693808317184448,0.9806897044181824,0.31265050172805786,46.33940887451172,0.787034273147583,0.4069608151912689,-0.18845930695533752,1.3920139074325562,-0.4282635450363159,0.4282635450363159,188.8673553466797,186.08599853515625,191.5463409423828
1027,2,0,0,0.0,0.0,4,2,2,2,8,0.5,0.2803921568627451,0.3735294117647059,0.5284313725490196,0.2784313725490196,0.37254901960784315,0.5254901960784314,0.15963207185268402,0.1851046234369278,0.1843399703502655,0.18479876220226288,0.028209587559103966,0.6385282874107361,0.4072575271129608,0.31644517183303833,-0.04256947338581085,0.8206120729446411,-0.5068736374378204,0.5068736374378204,180.24046325683594,179.34603881835938,181.0248565673828
1027,3,1,1097,0.7231377719182597,0.36234516928158544,1517,14,21,15,4410,0.34399092970521544,0.3160313828893456,0.45796011219253685,0.49523957242752076,0.30980392156862746,0.47843137254901963,0.49411764705882355,0.8244838118553162,1.0,0.9999837875366211,0.9999987483024597,0.28552141785621643,1250.741943359375,0.7750434875488281,0.5431402325630188,-0.4194515645503998,1.999888300895691,-0.19993442296981812,0.19993442296981812,190.4405059814453,181.675537109375,198.49937438964844
1027,4,0,0,0.0,0.0,18,3,4,3,36,0.5,0.30261437908496736,0.5418300653594771,0.594553376906318,0.30196078431372547,0.5411764705882353,0.596078431372549,0.2535339295864105,0.45081615447998047,0.36962226033210754,0.39861130714416504,0.10925813019275665,4.563610553741455,0.34106674790382385,0.3374349772930145,-0.20061679184436798,0.9057144522666931,-0.7415338456630707,0.7415338456630707,219.51580810546875,218.29795837402344,220.8800506591797
1027,5,1,3081,0.8142177589852009,0.7404470079307859,3784,21,29,22,13398,0.2824302134646962,0.3564482029598308,0.5525245616216888,0.5114475811466236,0.3411764705882353,0.5450980392156862,0.5058823529411764,0.8841925859451294,1.0,0.9999988675117493,0.9999997615814209,0.2419016808271408,3345.78466796875,0.6027219295501709,0.5683528184890747,-0.4923964738845825,2.3402979373931885,-0.5701484680175781,0.5701484680175781,212.9691162109375,203.0763397216797,224.209716796875
1027,6,0,0,0.0,0.0,2,1,2,1,2,1.0,0.4588235294117647,0.5666666666666667,0.7019607843137254,0.4588235294117647,0.5686274509803921,0.7019607843137254,0.1800461709499359,0.18527579307556152,0.18266098201274872,0.18422986567020416,0.005229614675045013,0.3600923418998718,1.3676989078521729,0.024314939975738525,1.343384027481079,1.3920139074325562,-0.731137752532959,0.731137752532959,258.5448303222656,258.265380859375,258.82427978515625
1027,7,0,0,0.0,0.0,3,1,2,2,4,0.75,0.4627450980392157,0.5437908496732026,0.7516339869281046,0.4627450980392157,0.5450980392156862,0.7529411764705882,0.1312088966369629,0.15399791300296783,0.14212316274642944,0.14924801886081696,0.018227694556117058,0.39362668991088867,1.185336709022522,0.3379402756690979,0.7841395735740662,1.6108487844467163,-0.7675795555114746,0.7675795555114746,264.8129577636719,264.50518798828125,265.22821044921875
1027,8,0,0,0.0,0.0,1,1,1,1,1,1.0,0.4666666666666667,0.5803921568627451,0.7333333333333333,0.4666666666666667,0.5803921568627451,0.7333333333333333,0.12114430963993073,0.12114430963993073,0.12114430963993073,0.12114430963993073,0.0,0.12114430963993073,0.9665018916130066,0.0,0.9665018916130066,0.9665018916130066,-1.0536490082740784,1.0536490082740784,266.97003173828125,266.97003173828125,266.97003173828125
1027,9,0,0,0.0,0.0,3,2,1,2,4,0.75,0.477124183006536,0.5843137254901961,0.738562091503268,0.4745098039215686,0.5843137254901961,0.7372549019607844,0.1384965181350708,0.16207246482372284,0.1445525586605072,0.15506449341773987,0.016672812402248383,0.4154895544052124,1.023236870765686,0.3375512361526489,0.6139348149299622,1.4406439065933228,-0.8818782567977905,0.8818782567977905,269.6623229980469,269.1263732910156,270.27947998046875
1027,10,0,0,0.0,0.0,4,3,1,2,6,0.6666666666666666,0.6235294117647059,0.5254901960784314,0.6686274509803921,0.6274509803921569,0.5254901960784314,0.6666666666666666,0.15311390161514282,0.2122047245502472,0.17660167813301086,0.19796350598335266,0.03920857608318329,0.6124556064605713,1.0698405504226685,0.5169791579246521,0.5531473755836487,1.6108487844467163,-1.1554290056228638,1.1554290056228638,269.4938049316406,269.176513671875,269.8092041015625
1027,11,0,0,0.0,0.0,1,1,1,1,1,1.0,0.6196078431372549,0.5411764705882353,0.6666666666666666,0.6196078431372549,0.5411764705882353,0.6666666666666666,0.11979494243860245,0.11979494243860245,0.11979494243860245,0.11979494243860245,0.0,0.11979494243860245,1.063761830329895,0.0,1.063761830329895,1.063761830329895,-0.9680396318435669,0.9680396318435669,270.6011962890625,270.6011962890625,270.6011962890625
1027,12,0,0,0.0,0.0,6,3,3,2,18,0.3333333333333333,0.6627450980392157,0.2908496732026144,0.5470588235294118,0.6627450980392157,0.2901960784313726,0.5450980392156862,0.1413402110338211,0.20470383763313293,0.1615959107875824,0.18634015321731567,0.03644304350018501,0.848041296005249,1.1387330293655396,0.4440072476863861,0.2492101937532425,1.586533784866333,-1.1278718709945679,1.1278718709945679,232.0814971923828,231.40872192382812,232.64779663085938
1027,13,0,0,0.0,0.0,2,2,1,1,2,1.0,0.6882352941176471,0.3176470588235294,0.5647058823529412,0.6901960784313725,0.3176470588235294,0.5647058823529412,0.19845135509967804,0.26126664876937866,0.22985899448394775,0.24870358407497406,0.06281529366970062,0.3969027101993561,1.6594786643981934,0.01215749979019165,1.6473212242126465,1.6716362237930298,-0.7098619937896729,0.7098619937896729,241.76303100585938,241.39801025390625,242.12806701660156
1027,14,0,0,0.0,0.0,7,4,2,3,24,0.2916666666666667,0.6924369747899161,0.319327731092437,0.573109243697479,0.6901960784313725,0.3176470588235294,0.5725490196078431,0.20146377384662628,0.30732765793800354,0.24992594122886658,0.3064768612384796,0.069332554936409,1.4102463722229004,1.6230061054229736,0.12261253595352173,1.4892737865447998,1.8418409824371338,-0.6632754802703857,0.6632754802703857,243.9702911376953,243.3228302001953,244.7815399169922
1027,15,0,0,0.0,0.0,8,5,2,1,10,0.8,0.7176470588235294,0.375,0.5647058823529412,0.7137254901960784,0.3764705882352941,0.5647058823529412,0.43507248163223267,0.671994686126709,0.597782552242279,0.6483410000801086,0.17474018037319183,3.4805798530578613,0.7811002731323242,0.47588253021240234,0.030375443398952484,1.5622187852859497,-1.446162223815918,1.446162223815918,252.46197509765625,251.14935302734375,254.06298828125
1028,1,1,103,0.8110236220472441,0.008492744063324538,127,6,8,11,528,0.24053030303030304,0.3937316658947043,0.6251968503937008,0.6871082291184191,0.396078431372549,0.6196078431372549,0.6784313725490196,0.7216399908065796,0.9999946355819702,0.9966158866882324,0.9998977184295654,0.29029229283332825,91.64827728271484,0.8785809278488159,0.36213329434394836,0.028813179582357407,1.5548205375671387,-0.33140599727630615,0.33140599727630615,257.6903991699219,253.0849609375,263.00189208984375
1028,2,1,216,0.717607973421927,0.017683176422431435,301,18,15,16,4320,0.06967592592592593,0.43846003517686144,0.5654745619177904,0.6198814409484724,0.43137254901960786,0.5686274509803921,0.6235294117647059,0.7423445582389832,0.9999971389770508,0.9993543028831482,0.9999421834945679,0.32499971985816956,223.44570922851562,0.9999951124191284,0.34896886348724365,-0.3590470254421234,1.5675371885299683,-0.42100393772125244,0.42100393772125244,241.9547882080078,236.6727752685547,249.6477508544922
1028,3,0,0,0.0,0.0,157,6,9,8,432,0.36342592592592593,0.4412888722367928,0.6468589983764206,0.5708505058074185,0.4392156862745098,0.6431372549019608,0.5764705882352941,0.7544921040534973,0.999994158744812,0.999716579914093,0.9999551177024841,0.32685571908950806,118.45526123046875,1.1403119564056396,0.14994025230407715,0.6137826442718506,1.4467283487319946,-0.2289811372756958,0.2289811372756958,247.57598876953125,245.1611785888672,250.07199096679688
1028,4,0,0,0.0,0.0,1,1,1,1,1,1.0,0.45098039215686275,0.6274509803921569,0.5764705882352941,0.45098039215686275,0.6274509803921569,0.5764705882352941,0.13335499167442322,0.13335499167442322,0.13335499167442322,0.13335499167442322,0.0,0.13335499167442322,1.020717978477478,0.0,1.020717978477478,1.020717978477478,-0.00026488304138183594,0.00026488304138183594,246.3026580810547,246.3026580810547,246.3026580810547
1028,5,0,0,0.0,0.0,2,1,2,1,2,1.0,0.47058823529411764,0.3941176470588235,0.5529411764705883,0.47058823529411764,0.39215686274509803,0.5529411764705883,0.1389632523059845,0.15588673949241638,0.14742499589920044,0.15250204503536224,0.016923487186431885,0.277926504611969,1.2051105499267578,0.025433480739593506,1.1796770095825195,1.2305439710617065,-0.11038827896118164,0.11038827896118164,211.24024963378906,211.0023651123047,211.47813415527344
1028,6,1,21688,0.6933725502733463,0.7828472422754836,31279,59,106,70,437780,0.07144912969984923,0.67192597426451,0.620947964210781,0.4736691722630419,0.6666666666666666,0.6705882352941176,0.49019607843137253,0.8382723331451416,0.9999998211860657,0.9999761581420898,0.999995231628418,0.27778592705726624,26220.3203125,0.11345326900482178,0.31096526980400085,-0.8232075572013855,1.4467283487319946,-0.30630457401275635,0.30630457401275635,264.4552307128906,229.25096130371094,299.033447265625
1028,7,1,130,0.8552631578947368,0.010707960957126972,152,14,7,9,882,0.17233560090702948,0.5970330237358101,0.7789731682146543,0.60281217750258,0.5843137254901961,0.7686274509803922,0.596078431372549,0.4904005229473114,0.9856887459754944,0.6962990760803223,0.8327739238739014,0.25648173689842224,74.54087829589844,0.46360817551612854,0.3755076825618744,-0.28274664282798767,1.2496190071105957,-0.528171569108963,0.528171569108963,294.236328125,288.1440734863281,301.6139831542969
1028,8,1,28,0.9333333333333333,0.002317976737447742,30,5,4,6,120,0.25,0.6163398692810457,0.33633986928104576,0.5869281045751633,0.6235294117647059,0.3333333333333333,0.592156862745098,0.3060600161552429,0.49292850494384766,0.4015139639377594,0.4545157849788666,0.11132074892520905,9.181800842285156,0.7574816346168518,0.3158283233642578,0.10511354357004166,1.3577111959457397,-0.668862521648407,0.668862521648407,234.04002380371094,231.3309326171875,236.85438537597656
1028,9,1,1,1.0,8.288437629506838e-05,1,1,1,1,1,1.0,0.6078431372549019,0.6901960784313725,0.49411764705882355,0.6078431372549019,0.6901960784313725,0.49411764705882355,0.10159951448440552,0.10159951448440552,0.10159951448440552,0.10159951448440552,0.0,0.10159951448440552,0.2640726566314697,0.0,0.2640726566314697,0.2640726566314697,-0.3669305443763733,0.3669305443763733,266.810791015625,266.810791015625,266.810791015625
1028,10,0,0,0.0,0.0,3,2,1,2,4,0.75,0.6091503267973857,0.796078431372549,0.5947712418300654,0.6078431372549019,0.796078431372549,0.596078431372549,0.12225308269262314,0.13369184732437134,0.12970957159996033,0.13209892809391022,0.011034965515136719,0.3667592406272888,0.41879281401634216,0.10084684938192368,0.2831477224826813,0.5247655510902405,-0.3250473439693451,0.3250473439693451,297.7451171875,297.2305603027344,298.2649841308594
1028,11,0,0,0.0,0.0,1,1,1,1,1,1.0,0.615686274509804,0.6235294117647059,0.4666666666666667,0.615686274509804,0.6235294117647059,0.4666666666666667,0.12150644510984421,0.12150644510984421,0.12150644510984421,0.12150644510984421,0.0,0.12150644510984421,0.3658064603805542,0.0,0.3658064603805542,0.3658064603805542,0.15127606689929962,0.15127606689929962,253.7833709716797,253.7833709716797,253.7833709716797
1028,12,1,6,1.0,0.0004972032318210068,6,3,3,1,9,0.6666666666666666,0.6235294117647059,0.7326797385620916,0.5372549019607843,0.6274509803921569,0.7372549019607844,0.5372549019607843,0.1561027616262436,0.18152980506420135,0.1741146296262741,0.17931485176086426,0.02277124859392643,0.9366165399551392,0.3997177183628082,0.16700710356235504,0.1496220976114273,0.6201410293579102,-0.6774774491786957,0.6774774491786957,281.5602111816406,280.4389343261719,282.9028015136719
1028,13,1,1,1.0,8.288437629506838e-05,1,1,1,1,1,1.0,0.6313725490196078,0.7215686274509804,0.5215686274509804,0.6313725490196078,0.7215686274509804,0.5215686274509804,0.11766049265861511,0.11766049265861511,0.11766049265861511,0.11766049265861511,0.0,0.11766049265861511,0.5374822616577148,0.0,0.5374822616577148,0.5374822616577148,-0.3089105486869812,0.3089105486869812,278.90679931640625,278.90679931640625,278.90679931640625
1028,14,1,1,1.0,8.288437629506838e-05,1,1,1,1,1,1.0,0.6352941176470588,0.7215686274509804,0.5176470588235295,0.6352941176470588,0.7215686274509804,0.5176470588235295,0.11321648955345154,0.11321648955345154,0.11321648955345154,0.11321648955345154,0.0,0.11321648955345154,0.43574845790863037,0.0,0.43574845790863037,0.43574845790863037,-0.25089043378829956,0.25089043378829956,279.01434326171875,279.01434326171875,279.01434326171875
1028,15,0,0,0.0,0.0,4,2,1,2,4,1.0,0.6725490196078432,0.7529411764705882,0.5588235294117647,0.6745098039215687,0.7529411764705882,0.5568627450980392,0.1672058254480362,0.21993105113506317,0.19682128727436066,0.21068713068962097,0.039051495492458344,0.6688233017921448,0.07332172244787216,0.2408217042684555,-0.23187974095344543,0.41031500697135925,-0.20921460539102554,0.20921460539102554,294.8336181640625,294.2991638183594,295.3675537109375
1028,16,0,0,0.0,0.0,866,12,21,16,4032,0.21478174603174602,0.7234841280623104,0.30460535253362314,0.4943938776434361,0.7176470588235294,0.30980392156862746,0.4980392156862745,0.7862610816955566,0.9999991655349731,0.9999548196792603,0.9999927282333374,0.3006177842617035,680.902099609375,0.2535952627658844,0.33994054794311523,-0.34633028507232666,1.1987521648406982,-0.29373660683631897,0.29373660683631897,237.3807373046875,229.53431701660156,245.69493103027344
1028,17,0,0,0.0,0.0,4,2,2,2,8,0.5,0.7147058823529412,0.4647058823529412,0.40294117647058825,0.7137254901960784,0.4627450980392157,0.403921568627451,0.12744373083114624,0.15851330757141113,0.1341458559036255,0.14876632392406464,0.019612090662121773,0.509774923324585,-0.0602039098739624,0.11400814354419708,-0.25731319189071655,0.0160964522510767,-0.21349428594112396,0.21349428594112396,241.20657348632812,240.45166015625,242.12806701660156
1028,18,1,32,0.64,0.0026469250175772366,50,5,5,5,125,0.4,0.7250980392156863,0.4597647058823529,0.4185098039215686,0.7254901960784313,0.4588235294117647,0.41568627450980394,0.4304388761520386,0.8816666603088379,0.6691679954528809,0.787368893623352,0.24391859769821167,21.521944046020508,0.2555524408817291,0.13019973039627075,-0.0602039135992527,0.5184072256088257,-0.14960628747940063,0.14960628747940063,244.3281707763672,242.01239013671875,246.33514404296875
1028,19,0,0,0.0,0.0,76,5,14,4,280,0.2714285714285714,0.7431888544891642,0.48333333333333334,0.5192466460268318,0.7411764705882353,0.49411764705882355,0.5176470588235295,0.41540390253067017,0.9621474742889404,0.5712613463401794,0.8224503993988037,0.24751044809818268,31.570695877075195,0.2757854461669922,0.21644024550914764,-0.244596466422081,0.7536666393280029,-0.14557206630706787,0.14557206630706787,262.7421875,259.7652893066406,265.13958740234375
1029,1,0,0,0.0,0.0,21,4,4,3,48,0.4375,0.45322128851540616,0.4121381886087769,0.5755368814192343,0.4549019607843137,0.41568627450980394,0.5764705882352941,0.2430621087551117,0.3533911108970642,0.3148144483566284,0.3449568748474121,0.08461596816778183,5.104304313659668,1.5698636770248413,0.39252787828445435,0.5822240114212036,2.253761053085327,-0.4042466878890991,0.4042466878890991,214.88253784179688,213.51345825195312,216.26141357421875
1029,2,0,0,0.0,0.0,9,3,2,2,12,0.75,0.45925925925925926,0.4257080610021787,0.5777777777777778,0.4588235294117647,0.4235294117647059,0.5764705882352941,0.2281951904296875,0.4122060537338257,0.2985776364803314,0.35078492760658264,0.09864930063486099,2.0537567138671875,1.5702881813049316,0.24580177664756775,1.0636266469955444,1.9996874332427979,-0.5021655559539795,0.5021655559539795,217.8123779296875,216.70716857910156,218.9657440185547
1029,3,0,0,0.0,0.0,53,4,6,6,144,0.3680555555555556,0.6232334443211247,0.545763965963744,0.559748427672956,0.6235294117647059,0.5490196078431373,0.5568627450980392,0.2288917750120163,0.44796043634414673,0.2985929846763611,0.33188706636428833,0.08816097676753998,12.131263732910156,1.5155092477798462,0.16433915495872498,1.1572327613830566,1.85259211063385,-0.15509533882141113,0.15509533882141113,255.57765197753906,252.20626831054688,257.9651184082031
1030,1,0,0,0.0,0.0,5,2,3,1,6,0.8333333333333334,0.26823529411764707,0.4541176470588235,0.4392156862745098,0.26666666666666666,0.4549019607843137,0.4392156862745098,0.14339378476142883,0.2024875283241272,0.15894828736782074,0.18507182598114014,0.03353584557771683,0.7169689536094666,-0.2143511027097702,0.23941367864608765,-0.47621190547943115,0.20942722260951996,-0.388041153550148,0.388041153550148,175.4154510498047,174.72836303710938,176.05113220214844
1033,1,1,20,0.5128205128205128,0.6779661016949152,39,5,5,3,75,0.52,0.5067873303167421,0.5108094519859225,0.674007038712921,0.5058823529411764,0.5098039215686274,0.6745098039215687,0.6076405048370361,0.9999854564666748,0.9963191747665405,0.9999035596847534,0.33875176310539246,23.697978973388672,0.8594124913215637,0.6363528966903687,-0.16911539435386658,1.7694340944290161,-0.3233281970024109,0.3233281970024109,251.93020629882812,250.04598999023438,253.8345947265625
1036,1,0,0,0.0,0.0,97,11,8,5,440,0.22045454545454546,0.40857085102082075,0.6615322417626844,0.4393369719021629,0.41568627450980394,0.6588235294117647,0.4392156862745098,0.2655128538608551,0.706187903881073,0.3343745768070221,0.4955410659313202,0.1487160325050354,25.75474739074707,0.1984412670135498,0.2806437015533447,-0.46206265687942505,0.7951570749282837,-0.3728156089782715,0.3728156089782715,228.2157440185547,225.2687225341797,231.43032836914062
1036,2,0,0,0.0,0.0,12,4,3,3,36,0.3333333333333333,0.4111111111111111,0.6862745098039216,0.4588235294117647,0.41568627450980394,0.6862745098039216,0.4588235294117647,0.17852850258350372,0.2941476106643677,0.20507484674453735,0.25166112184524536,0.056010570377111435,2.1423420906066895,0.2494027465581894,0.08607234060764313,0.0821743756532669,0.3736274540424347,-0.39250196516513824,0.39250196516513824,235.61810302734375,234.4994659423828,236.88394165039062
1036,3,0,0,0.0,0.0,125,8,7,5,280,0.44642857142857145,0.4747294117647059,0.7669960784313725,0.435043137254902,0.4745098039215686,0.7607843137254902,0.43529411764705883,0.326173335313797,0.651115894317627,0.41477131843566895,0.5268625020980835,0.1363721638917923,40.77166748046875,0.2206466943025589,0.4965178072452545,-0.6057162880897522,1.8214486837387085,-0.26990871131420135,0.26990871131420135,255.85513305664062,251.24688720703125,259.1331787109375
1036,4,0,0,0.0,0.0,4,2,1,2,4,1.0,0.5,0.4117647058823529,0.5705882352941176,0.4980392156862745,0.4117647058823529,0.5686274509803921,0.16764843463897705,0.26581570506095886,0.2046060413122177,0.2413318157196045,0.06430661678314209,0.6705937385559082,1.4031338691711426,0.017390048131346703,1.3785008192062378,1.4258289337158203,-0.1371152400970459,0.1371152400970459,220.6984405517578,220.07725524902344,221.3187713623047
1036,5,0,0,0.0,0.0,1,1,1,1,1,1.0,0.5019607843137255,0.6431372549019608,0.5450980392156862,0.5019607843137255,0.6431372549019608,0.5450980392156862,0.12226351350545883,0.12226351350545883,0.12226351350545883,0.12226351350545883,0.0,0.12226351350545883,1.2421315908432007,0.0,1.2421315908432007,1.2421315908432007,-0.2821018695831299,0.2821018695831299,250.71498107910156,250.71498107910156,250.71498107910156
1036,6,0,0,0.0,0.0,400,11,11,8,968,0.4132231404958678,0.5261176470588235,0.7687941176470587,0.4395,0.5137254901960784,0.7725490196078432,0.4392156862745098,0.4297220706939697,0.9983036518096924,0.6259497404098511,0.8964577317237854,0.27350467443466187,171.88882446289062,1.0421754121780396,0.7850721478462219,-0.4691196084022522,3.04306960105896,0.21188884973526,0.21188884973526,263.1925048828125,257.65869140625,269.43646240234375
1036,7,0,0,0.0,0.0,18,3,5,3,45,0.4,0.532244008714597,0.7176470588235294,0.4250544662309368,0.5294117647058824,0.7176470588235294,0.4235294117647059,0.1299990713596344,0.16287758946418762,0.1397840678691864,0.14412949979305267,0.014461945742368698,2.3399832248687744,1.0150666236877441,0.3677688539028168,0.36957621574401855,1.6677448749542236,-0.23499858379364014,0.23499858379364014,252.8458709716797,250.84059143066406,254.70571899414062
1041,1,0,0,0.0,0.0,8,2,4,2,16,0.5,0.43676470588235294,0.5813725490196079,0.6446078431372549,0.43529411764705883,0.5803921568627451,0.6431372549019608,0.11800171434879303,0.13278423249721527,0.12311623245477676,0.13088218867778778,0.010219456627964973,0.9440137147903442,1.1611568927764893,0.07288921624422073,1.0465035438537598,1.2898061275482178,-0.16910135746002197,0.16910135746002197,248.24642944335938,247.08096313476562,249.3291015625
1041,2,0,0,0.0,0.0,2,1,2,1,2,1.0,0.4392156862745098,0.5274509803921569,0.6627450980392157,0.4392156862745098,0.5254901960784314,0.6627450980392157,0.15177862346172333,0.15363891422748566,0.1527087688446045,0.15326686203479767,0.001860290765762329,0.30355724692344666,1.0693539381027222,0.012682437896728516,1.0566715002059937,1.0820363759994507,-0.21718871593475342,0.21718871593475342,243.76304626464844,243.48716735839844,244.03892517089844
1041,3,0,0,0.0,0.0,1,1,1,1,1,1.0,0.4392156862745098,0.592156862745098,0.6392156862745098,0.4392156862745098,0.592156862745098,0.6392156862745098,0.11499569565057755,0.11499569565057755,0.11499569565057755,0.11499569565057755,0.0,0.11499569565057755,1.097909688949585,0.0,1.097909688949585,1.097909688949585,-0.22190916538238525,0.22190916538238525,249.27694702148438,249.27694702148438,249.27694702148438
1041,4,0,0,0.0,0.0,2,2,1,1,2,1.0,0.44901960784313727,0.5294117647058824,0.6784313725490196,0.4470588235294118,0.5294117647058824,0.6784313725490196,0.202610582113266,0.21109923720359802,0.206854909658432,0.20940150320529938,0.008488655090332031,0.405221164226532,1.1863561868667603,0.019393086433410645,1.1669631004333496,1.205749273300171,-0.2959965467453003,0.2959965467453003,247.98074340820312,247.7478485107422,248.213623046875
1041,5,0,0,0.0,0.0,27,3,4,3,36,0.75,0.4909222948438635,0.472476397966594,0.807843137254902,0.49019607843137253,0.4745098039215686,0.803921568627451,0.5930072665214539,0.9785488247871399,0.881873369216919,0.9646492004394531,0.3061756193637848,16.01119613647461,0.36937859654426575,0.38760095834732056,-0.5381895303726196,0.8985704779624939,-0.3322460949420929,0.3322460949420929,269.9555969238281,268.42132568359375,271.775634765625
1041,6,0,0,0.0,0.0,12,4,3,2,24,0.5,0.6503267973856209,0.6898692810457516,0.5281045751633987,0.6509803921568628,0.6901960784313725,0.5294117647058824,0.1831808090209961,0.3281610310077667,0.19106915593147278,0.22564183175563812,0.052071258425712585,2.198169708251953,-0.10059275478124619,0.1653010994195938,-0.5008614659309387,0.11785627156496048,-0.30526820570230484,0.30526820570230484,277.3381652832031,276.5321044921875,278.28582763671875
1041,7,0,0,0.0,0.0,7,3,3,2,18,0.3888888888888889,0.6868347338935574,0.3764705882352941,0.6184873949579832,0.6862745098039216,0.3764705882352941,0.6196078431372549,0.152386873960495,0.2324991226196289,0.15143711864948273,0.18415701389312744,0.0356467179954052,1.0667080879211426,0.8790796399116516,0.086647167801857,0.7486522793769836,0.9743107557296753,-0.2939146161079407,0.2939146161079407,255.1798858642578,254.56826782226562,255.947265625
1046,1,0,0,0.0,0.0,54,6,4,7,168,0.32142857142857145,0.48002904865649965,0.30232389251997094,0.7970951343500363,0.48627450980392156,0.30196078431372547,0.796078431372549,0.28671079874038696,0.7767054438591003,0.40091267228126526,0.6225314736366272,0.1888127624988556,15.482382774353027,0.8646214008331299,0.5143885016441345,-0.16519266366958618,1.5930887460708618,-0.4345710277557373,0.4345710277557373,249.97946166992188,246.48326110839844,252.77658081054688
1046,2,0,0,0.0,0.0,28,4,6,3,72,0.3888888888888889,0.5205882352941177,0.5882352941176471,0.6009803921568627,0.5215686274509804,0.5882352941176471,0.6039215686274509,0.48810911178588867,0.9154598116874695,0.6672090291976929,0.8643926382064819,0.2655874192714691,13.667055130004883,1.4067535400390625,0.4642387628555298,0.4438852369785309,2.1332144737243652,-0.6866865158081055,0.6866865158081055,252.7393798828125,251.53329467773438,254.5073699951172
1050,1,1,168,0.5957446808510638,0.7320261437908496,282,8,11,11,968,0.29132231404958675,0.44356834932554584,0.408705326102072,0.7278681685440134,0.4392156862745098,0.403921568627451,0.7215686274509804,0.7476235032081604,1.0,0.9999521970748901,0.9999994039535522,0.3281589150428772,210.829833984375,0.8238844871520996,0.21540987491607666,-0.053675081580877304,1.206445574760437,-0.1487146019935608,0.1487146019935608,241.54183959960938,236.36624145507812,245.82107543945312
1052,1,0,0,0.0,0.0,4,2,3,1,6,0.6666666666666666,0.49113475177304966,0.4819672131147541,0.5536332179930796,0.48936170212765956,0.4786885245901639,0.5536332179930796,0.13588061928749084,0.16484403610229492,0.16267845034599304,0.16397780179977417,0.027692874893546104,0.5435224771499634,0.4565020501613617,0.03148803859949112,0.4300256371498108,0.5101116895675659,-0.09402939677238464,0.09402939677238464,258.20458984375,257.3655090332031,259.0444030761719
1056,1,0,0,0.0,0.0,26,4,4,4,64,0.40625,0.4190892719320813,0.643368700265252,0.3671197223828803,0.4214046822742475,0.6448275862068965,0.36466165413533835,0.18813523650169373,0.2667120099067688,0.21710585057735443,0.24887315928936005,0.040097128599882126,4.891516208648682,-0.0412307009100914,0.21821662783622742,-0.4164358377456665,0.3525775969028473,-0.5981956943869591,0.5981956943869591,245.56466674804688,243.4317169189453,247.29335021972656
1056,2,1,156,0.5931558935361216,0.19487820112429732,263,9,10,11,990,0.26565656565656565,0.4713302898126836,0.6507539006162318,0.44279424797735784,0.47491638795986624,0.6517241379310345,0.4473684210526316,0.6853604316711426,0.999955952167511,0.9577130079269409,0.9969437718391418,0.2892322540283203,180.24978637695312,0.9656113386154175,0.16044975817203522,0.3357539772987366,1.2531601190567017,-0.18496298789978027,0.18496298789978027,263.8942565917969,259.04052734375,269.4308776855469
1056,3,1,20,1.0,0.029455081001472753,20,5,3,3,45,0.4444444444444444,0.46103678929765884,0.6651724137931034,0.44718045112781957,0.46153846153846156,0.6655172413793103,0.4473684210526316,0.45091351866722107,0.9324830770492554,0.5814505815505981,0.8090702295303345,0.2488064467906952,9.018270492553711,0.9624722599983215,0.09706129133701324,0.7389734983444214,1.096605896949768,-0.24971991777420044,0.24971991777420044,265.78277587890625,264.70550537109375,266.9250793457031
1056,4,0,0,0.0,0.0,1,1,1,1,1,1.0,0.46153846153846156,0.5241379310344828,0.518796992481203,0.46153846153846156,0.5241379310344828,0.518796992481203,0.11361275613307953,0.11361275613307953,0.11361275613307953,0.11361275613307953,0.0,0.11361275613307953,1.1127779483795166,0.0,1.1127779483795166,1.1127779483795166,-0.20924842357635498,0.20924842357635498,247.92942810058594,247.92942810058594,247.92942810058594
1056,5,0,0,0.0,0.0,2,2,1,1,2,1.0,0.4765886287625418,0.6793103448275862,0.41353383458646614,0.47491638795986624,0.6793103448275862,0.41353383458646614,0.12849436700344086,0.14564327895641327,0.13706882297992706,0.14221349358558655,0.017148908227682114,0.2569887340068817,0.8686467409133911,0.08324673771858215,0.7853999733924866,0.9518934488296509,-0.32537317276000977,0.32537317276000977,267.39752197265625,267.1291809082031,267.66583251953125
1056,6,0,0,0.0,0.0,3,1,2,2,4,0.75,0.5719063545150501,0.5333333333333333,0.5350877192982456,0.5719063545150501,0.5344827586206896,0.5338345864661654,0.22071771323680878,0.3468606770038605,0.27270516753196716,0.3171984553337097,0.09524400532245636,0.6621531248092651,1.1097102165222168,0.04203660786151886,1.0652135610580444,1.1661001443862915,-0.3096432685852051,0.3096432685852051,271.5967712402344,271.04241943359375,272.135986328125
1056,7,1,47,0.6025641025641025,0.06638418079096045,78,5,5,5,125,0.624,0.5863991081382386,0.5471264367816092,0.5298342008868324,0.5852842809364549,0.5448275862068965,0.5263157894736842,0.8066035509109497,1.0,0.9999984502792358,0.9999999403953552,0.30838197469711304,62.915077209472656,1.0566080808639526,0.19085782766342163,0.5858756303787231,1.3390910625457764,-0.3567802906036377,0.3567802906036377,275.9241638183594,273.120849609375,278.2947998046875
1056,8,1,898,0.6391459074733096,0.6547575647101713,1405,17,28,20,9520,0.14758403361344538,0.5965745843202133,0.6567210700699472,0.45639097744360907,0.5953177257525084,0.6448275862068965,0.43609022556390975,0.7662171125411987,1.0,0.999966561794281,0.9999982714653015,0.3079078197479248,1076.5350341796875,0.7196609377861023,0.24337919056415558,-0.3920290470123291,1.3479596376419067,-0.2675895094871521,0.2675895094871521,288.4789733886719,278.2966003417969,301.3619079589844
1056,9,0,0,0.0,0.0,7,2,3,2,12,0.5833333333333334,0.5871954132823698,0.6655172413793103,0.42588614393125673,0.5886287625418061,0.6655172413793103,0.424812030075188,0.22878053784370422,0.36886805295944214,0.283675879240036,0.36758559942245483,0.09124268591403961,1.601463794708252,0.9378358125686646,0.07511342316865921,0.7669893503189087,0.9975513815879822,-0.1935434341430664,0.1935434341430664,285.0627746582031,283.917236328125,285.8916015625
1058,1,1,206,0.5885714285714285,0.42386831275720166,350,14,18,12,3024,0.11574074074074074,0.3449185043144775,0.5757698132256437,0.41820378151260507,0.34563758389261745,0.5795053003533569,0.41544117647058826,0.6937597393989563,1.0,0.9993017911911011,0.9999954700469971,0.31297117471694946,242.81590270996094,1.0500969886779785,0.39696088433265686,-0.1592288613319397,2.0214526653289795,-0.16694331169128418,0.16694331169128418,224.24557495117188,217.5362091064453,228.6154022216797
1058,2,1,77,0.55,0.2020997375328084,140,7,13,11,1001,0.13986013986013987,0.35476989453499524,0.5047703180212014,0.423109243697479,0.35570469798657717,0.508833922261484,0.41911764705882354,0.7639261484146118,1.0,0.9997676610946655,0.9999961256980896,0.3146671950817108,106.94966125488281,1.5154608488082886,0.2402113527059555,0.7518978118896484,1.887042760848999,-0.36825132369995117,0.36825132369995117,212.26797485351562,209.45643615722656,214.72308349609375
1058,3,0,0,0.0,0.0,1,1,1,1,1,1.0,0.3624161073825503,0.5936395759717314,0.39705882352941174,0.3624161073825503,0.5936395759717314,0.39705882352941174,0.12256515771150589,0.12256515771150589,0.12256515771150589,0.12256515771150589,0.0,0.12256515771150589,0.885521650314331,0.0,0.885521650314331,0.885521650314331,-0.1914595365524292,0.1914595365524292,227.52801513671875,227.52801513671875,227.52801513671875
1058,4,1,46,0.7076923076923077,0.1339155749636099,65,5,5,4,100,0.65,0.4728962312854931,0.6277249252514271,0.5315045248868778,0.4697986577181208,0.6254416961130742,0.5294117647058824,0.886160135269165,1.0,0.999996542930603,1.0,0.24850903451442719,57.60041046142578,1.2486757040023804,0.44337645173072815,0.10544835031032562,1.9612656831741333,-0.5018725395202637,0.5018725395202637,269.4491882324219,267.0318298339844,272.2002868652344
1058,5,1,76,0.6785714285714286,0.20708446866485014,112,6,7,5,210,0.5333333333333333,0.47887703739213805,0.6073321554770318,0.5446100315126051,0.47651006711409394,0.6007067137809188,0.5477941176470589,0.8466852307319641,1.0,0.9999997019767761,1.0,0.2514074742794037,94.82874298095703,1.2730238437652588,0.5289576053619385,0.11371666938066483,2.0335171222686768,-0.4086703062057495,0.4086703062057495,268.5894470214844,265.76116943359375,271.2084045410156
1058,6,1,23,0.5111111111111111,0.06896551724137931,45,4,5,4,80,0.5625,0.4822520507084265,0.5086768747546132,0.7492647058823529,0.48322147651006714,0.508833922261484,0.75,0.577449381351471,0.990653932094574,0.8689776659011841,0.9473019242286682,0.288463830947876,25.98522186279297,0.48142942786216736,0.22323668003082275,0.04177063703536987,1.2045825719833374,-0.13222363591194153,0.13222363591194153,288.4462890625,286.5431823730469,290.458251953125
1061,1,0,0,0.0,0.0,1,1,1,1,1,1.0,0.39215686274509803,0.5529411764705883,0.5450980392156862,0.39215686274509803,0.5529411764705883,0.5450980392156862,0.15194983780384064,0.15194983780384064,0.15194983780384064,0.15194983780384064,0.0,0.15194983780384064,1.7577447891235352,0.0,1.7577447891235352,1.7577447891235352,-0.6199324131011963,0.6199324131011963,222.26785278320312,222.26785278320312,222.26785278320312
1061,2,0,0,0.0,0.0,1,1,1,1,1,1.0,0.396078431372549,0.5529411764705883,0.5490196078431373,0.396078431372549,0.5529411764705883,0.5490196078431373,0.10650800913572311,0.10650800913572311,0.10650800913572311,0.10650800913572311,0.0,0.10650800913572311,1.953492522239685,0.0,1.953492522239685,1.953492522239685,-0.5010143518447876,0.5010143518447876,223.34950256347656,223.34950256347656,223.34950256347656
1061,3,0,0,0.0,0.0,70,7,5,5,175,0.4,0.5871708683473389,0.4157422969187675,0.5327731092436975,0.5843137254901961,0.41568627450980394,0.5333333333333333,0.4171178340911865,0.7539486289024353,0.5956008434295654,0.6528082489967346,0.19863881170749664,29.1982479095459,2.1236889362335205,0.43665528297424316,0.6322550773620605,2.744922161102295,-0.2555510997772217,0.2555510997772217,228.94912719726562,225.70999145507812,232.23695373535156
1062,1,1,2793,0.6041531473069436,0.16669153412312376,4623,27,26,23,16146,0.2863247863247863,0.3703910116934509,0.5520920546457821,0.48159882598940507,0.3803921568627451,0.5647058823529412,0.4745098039215686,0.776984691619873,0.9999975562095642,0.9997813701629639,0.9999684691429138,0.3008800148963928,3592.000244140625,0.7712534666061401,0.4476887881755829,-0.4587327539920807,2.0089688301086426,-0.33278465270996094,0.33278465270996094,209.93727111816406,198.61016845703125,221.20126342773438
1062,2,1,3744,0.712193266121362,0.21930004393029726,5257,24,56,44,59136,0.0888967803030303,0.4301200640042968,0.2558515816446419,0.6406046839508107,0.4549019607843137,0.2,0.6588235294117647,0.7522321343421936,0.9999978542327881,0.9997566342353821,0.9999722242355347,0.3154166042804718,3954.484375,1.4646897315979004,0.5323229432106018,-0.4083715081214905,2.625894069671631,-0.1335430145263672,0.1335430145263672,208.15188598632812,182.55410766601562,225.75650024414062
1062,3,0,0,0.0,0.0,2,1,1,2,2,1.0,0.39215686274509803,0.2823529411764706,0.5627450980392157,0.39215686274509803,0.2823529411764706,0.5647058823529412,0.16230495274066925,0.19569817185401917,0.1790015697479248,0.18901953101158142,0.033393219113349915,0.3246099054813385,1.5053561925888062,0.1510838270187378,1.3542723655700684,1.656440019607544,0.2853802442550659,0.2853802442550659,189.67697143554688,189.2987060546875,190.0552520751953
1062,4,0,0,0.0,0.0,1,1,1,1,1,1.0,0.39215686274509803,0.2901960784313726,0.5725490196078431,0.39215686274509803,0.2901960784313726,0.5725490196078431,0.13653282821178436,0.13653282821178436,0.13653282821178436,0.13653282821178436,0.0,0.13653282821178436,1.3668626546859741,0.0,1.3668626546859741,1.3668626546859741,-0.18833017349243164,0.18833017349243164,192.3356475830078,192.3356475830078,192.3356475830078
1062,5,0,0,0.0,0.0,3,2,1,2,4,0.75,0.39738562091503266,0.28627450980392155,0.6339869281045751,0.396078431372549,0.28627450980392155,0.6352941176470588,0.14267684519290924,0.1564669907093048,0.14883750677108765,0.15341520309448242,0.010710434056818485,0.4280305504798889,1.8662786483764648,0.1169084906578064,1.7068012952804565,1.9837881326675415,-0.36101770401000977,0.36101770401000977,204.78619384765625,204.09310913085938,205.382568359375
1062,6,0,0,0.0,0.0,1,1,1,1,1,1.0,0.396078431372549,0.2901960784313726,0.5764705882352941,0.396078431372549,0.2901960784313726,0.5764705882352941,0.10280114412307739,0.10280114412307739,0.10280114412307739,0.10280114412307739,0.0,0.10280114412307739,1.3039110898971558,0.0,1.3039110898971558,1.3039110898971558,-0.07134532928466797,0.07134532928466797,193.62075805664062,193.62075805664062,193.62075805664062
1062,7,0,0,0.0,0.0,2,1,1,2,2,1.0,0.403921568627451,0.24705882352941178,0.5627450980392157,0.403921568627451,0.24705882352941178,0.5607843137254902,0.12006735056638718,0.13869868218898773,0.12938301265239716,0.13497240841388702,0.018631331622600555,0.24013470113277435,1.9837881326675415,0.0,1.9837881326675415,1.9837881326675415,-0.16472327709197998,0.16472327709197998,188.08868408203125,187.70721435546875,188.47015380859375
1062,8,0,0,0.0,0.0,2,1,2,1,2,1.0,0.40784313725490196,0.296078431372549,0.6,0.40784313725490196,0.2980392156862745,0.6,0.14220592379570007,0.15099893510341644,0.14660242199897766,0.14924032986164093,0.008793018758296967,0.28441184759140015,1.6438496112823486,0.08813220262527466,1.5557174682617188,1.731981873512268,0.08218681812286377,0.08218681812286377,200.33587646484375,200.14744567871094,200.52430725097656
1062,9,0,0,0.0,0.0,2,1,2,1,2,1.0,0.40784313725490196,0.30392156862745096,0.6039215686274509,0.40784313725490196,0.3058823529411765,0.6039215686274509,0.17690397799015045,0.18348433077335358,0.18019415438175201,0.18216826021671295,0.006580352783203125,0.3538079559803009,1.5242416858673096,0.2077401876449585,1.316501498222351,1.731981873512268,0.05840492248535156,0.05840492248535156,201.86001586914062,201.6680450439453,202.05197143554688
1062,10,1,889,0.5135759676487579,0.058068519546686695,1731,13,40,15,7800,0.22192307692307692,0.4280490705814388,0.5053952719158142,0.6512386583749618,0.4196078431372549,0.5294117647058824,0.6431372549019608,0.6575223207473755,0.999952495098114,0.9949022531509399,0.9995168447494507,0.33457574248313904,1138.171142578125,1.5951322317123413,0.3901992440223694,0.10783135890960693,2.588123321533203,-0.1956157684326172,0.1956157684326172,237.4336395263672,225.84507751464844,247.29940795898438
1062,11,0,0,0.0,0.0,14,3,3,3,27,0.5185185185185185,0.41652661064425767,0.592436974789916,0.607563025210084,0.4196078431372549,0.596078431372549,0.6078431372549019,0.17431595921516418,0.268963098526001,0.22244912385940552,0.2457951009273529,0.05294252559542656,2.4404234886169434,1.4540956020355225,0.1373824030160904,1.2031886577606201,1.7068012952804565,-0.2604740858078003,0.2604740858078003,241.4982147216797,240.33518981933594,242.4891815185547
1062,12,0,0,0.0,0.0,1,1,1,1,1,1.0,0.4196078431372549,0.33725490196078434,0.6313725490196078,0.4196078431372549,0.33725490196078434,0.6313725490196078,0.16648347675800323,0.16648347675800323,0.16648347675800323,0.16648347675800323,0.0,0.16648347675800323,1.5808980464935303,0.0,1.5808980464935303,1.5808980464935303,0.056656479835510254,0.056656479835510254,212.08724975585938,212.08724975585938,212.08724975585938
1062,13,0,0,0.0,0.0,1,1,1,1,1,1.0,0.4235294117647059,0.4627450980392157,0.6274509803921569,0.4235294117647059,0.4627450980392157,0.6274509803921569,0.1082688719034195,0.1082688719034195,0.1082688719034195,0.1082688719034195,0.0,0.1082688719034195,1.6312594413757324,0.0,1.6312594413757324,1.6312594413757324,-0.216133713722229,0.216133713722229,226.72671508789062,226.72671508789062,226.72671508789062
1062,14,0,0,0.0,0.0,42,5,6,5,150,0.28,0.43482726423902895,0.3339869281045752,0.6925303454715219,0.4392156862745098,0.33725490196078434,0.6901960784313725,0.209197998046875,0.4415358304977417,0.26406610012054443,0.3158040940761566,0.0822787657380104,8.78631591796875,1.5221433639526367,0.21126067638397217,1.0395145416259766,1.845294713973999,-0.42001020908355713,0.42001020908355713,225.74267578125,224.10934448242188,227.61810302734375
1062,15,0,0,0.0,0.0,65,7,6,4,168,0.3869047619047619,0.4403619909502262,0.5830467571644042,0.6506184012066365,0.4392156862745098,0.5843137254901961,0.6470588235294118,0.30137720704078674,0.5802111625671387,0.41830897331237793,0.47611549496650696,0.13095104694366455,19.58951759338379,1.7505768537521362,0.09707570821046829,1.5431270599365234,1.95860755443573,-0.19908344745635986,0.19908344745635986,249.93768310546875,247.3721923828125,252.21815490722656
1062,16,1,7,0.2916666666666667,0.00048422800221361375,24,3,7,2,42,0.5714285714285714,0.44738562091503264,0.5802287581699347,0.5506535947712418,0.4470588235294118,0.5843137254901961,0.5490196078431373,0.3189782202243805,0.5689954161643982,0.4275686740875244,0.5446886420249939,0.15279430150985718,7.655477523803711,0.9928255081176758,0.1543053686618805,0.6995760798454285,1.3542723655700684,-0.20697951316833496,0.20697951316833496,234.210205078125,231.5620880126953,236.93458557128906
1062,17,1,27,0.46551724137931033,0.0018655427347474608,58,8,8,3,192,0.3020833333333333,0.4878972278566599,0.3538201487491548,0.6461122379986477,0.4823529411764706,0.34901960784313724,0.6431372549019608,0.2101784348487854,0.4450342357158661,0.26064160466194153,0.34341511130332947,0.08794528245925903,12.190349578857422,1.2561547756195068,0.3037351071834564,0.5862632989883423,1.8830657005310059,-0.4274066686630249,0.4274066686630249,225.87551879882812,222.14634704589844,229.5691680908203
1062,18,0,0,0.0,0.0,3,1,2,2,4,0.75,0.49411764705882355,0.33856209150326794,0.6300653594771242,0.49411764705882355,0.33725490196078434,0.6274509803921569,0.11309713125228882,0.12002433836460114,0.11558555066585541,0.1182488203048706,0.005051696673035622,0.33929139375686646,0.6660019755363464,0.06688551604747772,0.5862632989883423,0.7499373555183411,-0.6525025963783264,0.6525025963783264,222.2531280517578,221.6416015625,222.7532196044922
1062,19,0,0,0.0,0.0,14,4,4,3,48,0.2916666666666667,0.5005602240896359,0.3495798319327731,0.6406162464985995,0.5019607843137255,0.35294117647058826,0.6392156862745098,0.1717473566532135,0.26047801971435547,0.207053542137146,0.22258150577545166,0.04181920364499092,2.404463052749634,0.9837575554847717,0.28411877155303955,0.42258918285369873,1.6312594413757324,-0.37040048837661743,0.37040048837661743,226.2353973388672,225.3197784423828,227.8069305419922
1062,20,1,788,0.6672311600338696,0.05241278393029366,1181,14,18,12,3024,0.390542328042328,0.5311915790871811,0.6509637894107686,0.5266689910511199,0.5254901960784314,0.6627450980392157,0.5294117647058824,0.8065801858901978,0.9999963641166687,0.9998667240142822,0.999970555305481,0.2965967059135437,952.5711669921875,0.4037090539932251,0.33902519941329956,-0.5342746376991272,1.3039110898971558,-0.19817626476287842,0.19817626476287842,253.43833923339844,245.33447265625,260.9386901855469
1062,21,1,4057,0.6557297559398739,0.2313328581610834,6187,24,51,39,47736,0.12960868107926932,0.5637449807787993,0.2612207126264115,0.643605028887262,0.5529411764705883,0.21568627450980393,0.6627450980392157,0.7799223065376282,0.9999971389770508,0.9996515512466431,0.9999464750289917,0.30168798565864563,4825.37939453125,1.3447364568710327,0.46124833822250366,-0.5090939998626709,2.6510748863220215,-0.11147689819335938,0.11147689819335938,229.1937255859375,213.37759399414062,242.0433807373047
1062,22,1,49,0.875,0.0033858485351022666,56,8,4,5,160,0.35,0.5614145658263305,0.726890756302521,0.5681372549019608,0.5607843137254902,0.7294117647058823,0.5647058823529412,0.27044323086738586,0.568824052810669,0.3708803951740265,0.478127121925354,0.1371520310640335,15.144821166992188,0.21260075271129608,0.1839359998703003,-0.1943361610174179,0.6995760798454285,-0.22291602194309235,0.22291602194309235,275.91766357421875,273.4117736816406,279.619384765625
1062,23,1,966,0.6620973269362577,0.0636636240814578,1459,14,19,27,7182,0.20314675577833471,0.5845905737209209,0.3851550215699714,0.7183754653334946,0.5843137254901961,0.396078431372549,0.7568627450980392,0.7904348373413086,0.9999992251396179,0.9995663166046143,0.9999356865882874,0.2915892004966736,1153.244384765625,1.3106507062911987,0.3825047016143799,-0.5594552755355835,2.071920394897461,-0.21590495109558105,0.21590495109558105,256.4430847167969,247.56817626953125,270.0888671875
1062,24,0,0,0.0,0.0,1,1,1,1,1,1.0,0.5529411764705883,0.5607843137254902,0.5411764705882353,0.5529411764705883,0.5607843137254902,0.5411764705882353,0.10871085524559021,0.10871085524559021,0.10871085524559021,0.10871085524559021,0.0,0.10871085524559021,1.102466106414795,0.0,1.102466106414795,1.102466106414795,-0.5104323625564575,0.5104323625564575,244.24781799316406,244.24781799316406,244.24781799316406
1062,25,0,0,0.0,0.0,3,2,2,1,4,0.75,0.5542483660130719,0.5660130718954248,0.5294117647058824,0.5568627450980392,0.5647058823529412,0.5294117647058824,0.15469641983509064,0.17390285432338715,0.16673165559768677,0.17103436589241028,0.017999377101659775,0.4640892744064331,1.1947951316833496,0.09770458936691284,1.0772855281829834,1.316501498222351,-0.24217283725738525,0.24217283725738525,243.5492706298828,243.1563262939453,243.7498779296875
1062,26,1,1288,0.5504273504273505,0.08249007301140003,2340,15,39,31,18135,0.12903225806451613,0.5871325624266801,0.5531690966985084,0.6049773755656109,0.596078431372549,0.5568627450980392,0.6078431372549019,0.7422584295272827,0.9999144673347473,0.997053325176239,0.9994602203369141,0.3078860342502594,1736.884765625,1.5284922122955322,0.40852904319763184,0.07006041705608368,2.361497640609741,-0.2664186954498291,0.2664186954498291,257.9621887207031,245.4159698486328,265.01885986328125
1062,27,0,0,0.0,0.0,11,3,3,2,18,0.6111111111111112,0.5836007130124777,0.37361853832442066,0.6520499108734403,0.5843137254901961,0.37254901960784315,0.6509803921568628,0.24286575615406036,0.3546143174171448,0.3189924657344818,0.3208356499671936,0.08588874340057373,2.671523332595825,1.548850178718567,0.1098075732588768,1.3668626546859741,1.6942110061645508,-0.05447888374328613,0.05447888374328613,243.2485809326172,242.05990600585938,244.141357421875
1062,28,1,1,0.2,6.922091856158932e-05,5,2,4,1,8,0.625,0.5819607843137256,0.38666666666666666,0.7725490196078432,0.5803921568627451,0.3843137254901961,0.7725490196078432,0.15676268935203552,0.17575925588607788,0.17234964668750763,0.17439541220664978,0.02537815272808075,0.7838134169578552,0.4276253581047058,0.2134568840265274,0.1707829236984253,0.7247567176818848,-0.3783782124519348,0.3783782124519348,266.18084716796875,265.36578369140625,267.0374450683594
1062,29,1,80,0.8602150537634409,0.005520858493495738,93,7,7,5,245,0.3795918367346939,0.592831541218638,0.7266708834071264,0.5768079274720641,0.596078431372549,0.7254901960784313,0.5764705882352941,0.35163235664367676,0.902531087398529,0.4522995054721832,0.621302604675293,0.1992306262254715,32.70180892944336,0.10309306532144547,0.2646505534648895,-0.3202393054962158,0.7373470067977905,-0.3189258500933647,0.3189258500933647,281.30218505859375,278.3002014160156,283.88201904296875
1062,30,1,2240,0.5873099108547457,0.13699467922451225,3814,28,36,16,16128,0.2364831349206349,0.6541626823776181,0.6398398058751555,0.5666060026527654,0.6862745098039216,0.592156862745098,0.5686274509803921,0.8132526874542236,0.9999992251396179,0.9998132586479187,0.99996417760849,0.2869357764720917,3101.745849609375,0.7028442025184631,0.509144127368927,-0.546864926815033,1.9837881326675415,-0.12102645635604858,0.12102645635604858,275.2388000488281,266.43011474609375,284.39935302734375
1062,31,1,5565,0.6396551724137931,0.2961051399382782,8700,32,64,31,63488,0.1370337701612903,0.6900486815415822,0.5090480054090601,0.4825702050935317,0.6901960784313725,0.4666666666666667,0.4823529411764706,0.8223137855529785,0.9999994039535522,0.9999053478240967,0.9999847412109375,0.2829381823539734,7154.1298828125,0.731931746006012,0.4902839958667755,-0.42096179723739624,2.361497640609741,-0.16571044921875,0.16571044921875,252.02899169921875,238.32330322265625,265.15655517578125
1062,32,0,0,0.0,0.0,26,4,5,3,60,0.43333333333333335,0.6503770739064857,0.575867269984917,0.5351432880844645,0.6509803921568628,0.5725490196078431,0.5372549019607843,0.2501078248023987,0.4595039486885071,0.32179495692253113,0.37609297037124634,0.10316871851682663,6.502803802490234,0.6225814819335938,0.3339369595050812,0.1456023007631302,1.3290917873382568,-0.4506821632385254,0.4506821632385254,260.8161926269531,259.553466796875,262.4823913574219
1062,33,1,683,0.6407129455909943,0.04560325832943847,1066,17,17,15,4335,0.2459054209919262,0.706875620792407,0.2966854283927455,0.6392561527425229,0.7019607843137254,0.3058823529411765,0.6392156862745098,0.7304140329360962,0.9999938607215881,0.9990332126617432,0.9998983144760132,0.3113800585269928,778.621337890625,0.8029206991195679,0.42899540066719055,-0.28246834874153137,1.7193915843963623,-0.2775386571884155,0.2775386571884155,255.2770233154297,244.75906372070312,264.4182434082031
1062,34,0,0,0.0,0.0,1,1,1,1,1,1.0,0.6823529411764706,0.5764705882352941,0.5803921568627451,0.6823529411764706,0.5764705882352941,0.5803921568627451,0.12730267643928528,0.12730267643928528,0.12730267643928528,0.12730267643928528,0.0,0.12730267643928528,1.0521048307418823,0.0,1.0521048307418823,1.0521048307418823,-0.02098381519317627,0.02098381519317627,272.2829284667969,272.2829284667969,272.2829284667969
1062,35,1,161,0.4316353887399464,0.011004408598475787,373,10,12,11,1320,0.2825757575757576,0.7129369710350628,0.5193502602113231,0.5976029017505126,0.7058823529411765,0.5254901960784314,0.6,0.5406860113143921,0.9997444152832031,0.8622562885284424,0.9857523441314697,0.3084788918495178,201.67588806152344,0.6964706778526306,0.3850644826889038,-0.118794284760952,1.6312594413757324,-0.3837112784385681,0.3837112784385681,272.3828125,269.0892028808594,276.2625427246094
1062,36,0,0,0.0,0.0,26,4,5,3,60,0.43333333333333335,0.7170437405731523,0.3582202111613876,0.4238310708898944,0.7176470588235294,0.3607843137254902,0.4235294117647059,0.28667595982551575,0.5574679970741272,0.3568773865699768,0.43303054571151733,0.12424302101135254,7.453575134277344,0.35963761806488037,0.24676816165447235,-0.118794284760952,0.8884307742118835,-0.4042487144470215,0.4042487144470215,232.00515747070312,231.08872985839844,233.20806884765625
1062,37,1,849,0.6743447180301827,0.056324012339536274,1259,14,15,16,3360,0.37470238095238095,0.7401454624741081,0.40429846283231324,0.6040741952062795,0.7372549019607844,0.4117647058823529,0.5843137254901961,0.8282192349433899,0.9999951124191284,0.9998003244400024,0.9999565482139587,0.2789609432220459,1042.72802734375,0.5275418162345886,0.45123159885406494,-0.4083715081214905,1.517946481704712,-0.23526668548583984,0.23526668548583984,265.28704833984375,258.9227600097656,272.7746276855469
1062,38,1,97,0.6466666666666666,0.006680900888490943,150,6,8,8,384,0.390625,0.7251764705882352,0.4706143790849673,0.5560261437908497,0.7254901960784313,0.47058823529411764,0.5568627450980392,0.7419660687446594,0.9999639987945557,0.9982659816741943,0.9997467398643494,0.3107871413230896,111.29490661621094,0.5005651712417603,0.40873798727989197,-0.2446974217891693,1.3668626546859741,-0.39012008905410767,0.39012008905410767,262.8232727050781,258.8686828613281,266.39068603515625
1062,39,0,0,0.0,0.0,1,1,1,1,1,1.0,0.7215686274509804,0.29411764705882354,0.6549019607843137,0.7215686274509804,0.29411764705882354,0.6549019607843137,0.14121928811073303,0.14121928811073303,0.14121928811073303,0.14121928811073303,0.0,0.14121928811073303,0.44776982069015503,0.0,0.44776982069015503,0.44776982069015503,-0.21036314964294434,0.21036314964294434,260.2671813964844,260.2671813964844,260.2671813964844
1067,1,1,13,0.5,0.0377906976744186,26,4,3,3,36,0.7222222222222222,0.2803921568627451,0.4346907993966817,0.4521870286576169,0.2823529411764706,0.43529411764705883,0.45098039215686275,0.5522333979606628,0.9987402558326721,0.7958984971046448,0.9737192392349243,0.2915340065956116,14.358068466186523,0.9238857626914978,0.5128616690635681,0.20064088702201843,2.2658603191375732,-0.3188285231590271,0.3188285231590271,175.61427307128906,174.01148986816406,177.41476440429688
1067,2,1,372,0.6666666666666666,0.6098360655737705,558,14,13,12,2184,0.2554945054945055,0.3592662871600253,0.6421252371916509,0.44113430318363905,0.3686274509803922,0.6509803921568628,0.42745098039215684,0.7964968681335449,0.9999963641166687,0.9998495578765869,0.9999836087226868,0.297797828912735,444.44525146484375,0.46682214736938477,0.5478733777999878,-0.6399396657943726,1.9252803325653076,-0.6025815010070801,0.6025815010070801,219.23193359375,215.06045532226562,223.08966064453125
1067,3,0,0,0.0,0.0,2,1,1,2,2,1.0,0.49019607843137253,0.4666666666666667,0.6215686274509804,0.49019607843137253,0.4666666666666667,0.6235294117647059,0.15995624661445618,0.1765362024307251,0.16824622452259064,0.1732202023267746,0.016579963266849518,0.31991249322891235,1.6064393520355225,0.10144937038421631,1.5049899816513062,1.7078887224197388,-0.26952528953552246,0.26952528953552246,234.8603515625,234.52291870117188,235.19778442382812
1067,4,1,15,0.42857142857142855,0.043041606886657105,35,5,5,6,150,0.23333333333333334,0.5323249299719888,0.6943417366946778,0.571204481792717,0.5294117647058824,0.6941176470588235,0.5725490196078431,0.6908300518989563,0.9994498491287231,0.9414628148078918,0.9985256791114807,0.3049527108669281,24.179052352905273,1.5283855199813843,0.24178601801395416,1.0557142496109009,2.004990577697754,-0.36088085174560547,0.36088085174560547,266.9549255371094,264.30474853515625,270.67694091796875
1067,5,1,4,0.3333333333333333,0.011869436201780416,12,3,2,3,18,0.6666666666666666,0.5490196078431373,0.692156862745098,0.587908496732026,0.5490196078431373,0.6901960784313725,0.5882352941176471,0.5421157479286194,0.9734635949134827,0.759382426738739,0.8796061277389526,0.27184534072875977,6.505389213562012,1.512236475944519,0.1532057821750641,1.2731057405471802,1.7586134672164917,-0.3822669982910156,0.3822669982910156,271.1253356933594,269.7721252441406,272.5692443847656
1067,6,1,137,0.545816733067729,0.30010952902519167,251,11,21,15,3465,0.07243867243867244,0.5752206858839153,0.7212717756425279,0.6278884462151394,0.5843137254901961,0.7372549019607844,0.6431372549019608,0.7395278215408325,0.9999992251396179,0.9991410970687866,0.9999433755874634,0.31399795413017273,185.62149047851562,1.4981765747070312,0.2876529097557068,0.584699273109436,2.142671823501587,-0.3245149850845337,0.3245149850845337,285.09417724609375,272.8387756347656,297.1968994140625
1071,1,0,0,0.0,0.0,200,7,14,9,882,0.22675736961451248,0.3432509505703422,0.506083650190114,0.4681764705882353,0.34220532319391633,0.5019011406844106,0.47058823529411764,0.6758539080619812,0.9999812841415405,0.9928420782089233,0.9995489120483398,0.3247295320034027,135.1707763671875,0.3973884880542755,0.138157919049263,0.061626315116882324,0.7280489802360535,-0.22477039694786072,0.22477039694786072,200.7716827392578,197.57276916503906,204.58250427246094
1071,2,0,0,0.0,0.0,82,8,8,7,448,0.18303571428571427,0.3710470184549754,0.3339979597514606,0.6196556671449067,0.3612167300380228,0.3231939163498099,0.6274509803921569,0.17788994312286377,0.3121832013130188,0.18840113282203674,0.24432620406150818,0.04561483487486839,14.58697509765625,0.15844129025936127,0.35940876603126526,-0.5399047136306763,0.7256982326507568,-0.5900712758302689,0.5900712758302689,205.9416961669922,204.2596435546875,207.5186767578125
1071,3,0,0,0.0,0.0,7,2,3,3,18,0.3888888888888889,0.4986420423682781,0.40738728951656705,0.6705882352941176,0.49809885931558934,0.4068441064638783,0.6666666666666666,0.11765594035387039,0.13600704073905945,0.12605896592140198,0.13065090775489807,0.011172575876116753,0.8235915899276733,-0.05549318343400955,0.06168559566140175,-0.14919869601726532,0.062074024230241776,-0.27719756215810776,0.27719756215810776,241.21194458007812,240.3601531982422,241.77882385253906
1071,4,0,0,0.0,0.0,23,4,3,3,36,0.6388888888888888,0.5022317738469169,0.4256901967267317,0.5962489343563512,0.5019011406844106,0.42585551330798477,0.596078431372549,0.6861937046051025,0.9993135929107666,0.9296935796737671,0.9910681843757629,0.2801002860069275,15.782455444335938,0.816466212272644,0.1311890333890915,0.44189029932022095,1.0333985090255737,-0.16998505592346191,0.16998505592346191,231.00856018066406,229.7150421142578,232.18312072753906
1074,1,1,109,0.689873417721519,0.12330316742081449,158,7,8,7,392,0.4030612244897959,0.35309009679821296,0.630156366344006,0.41474311243484735,0.35294117647058826,0.6235294117647059,0.4117647058823529,0.7651007771492004,1.0,0.9999825954437256,0.9999995827674866,0.3129843771457672,120.88592529296875,-0.44270074367523193,0.31177404522895813,-1.0571845769882202,0.28228500485420227,-0.1450207531452179,0.1450207531452179,212.8335418701172,208.98086547851562,216.78099060058594
1074,2,1,1380,0.6791338582677166,0.7578253706754531,2032,25,26,18,11700,0.17367521367521369,0.5349525243168134,0.7682298903813494,0.47836189593947814,0.5215686274509804,0.7686274509803922,0.47843137254901963,0.7683618068695068,0.9999989867210388,0.9999078512191772,0.9999880194664001,0.3100219964981079,1561.3111572265625,-0.8525408506393433,0.352937787771225,-1.380504846572876,0.3515680134296417,-0.30325061082839966,0.30325061082839966,268.6242370605469,251.3722381591797,283.6000671386719
1078,1,1,107,0.6993464052287581,0.7725631768953068,153,8,8,8,512,0.298828125,0.5996155324875049,0.3804946815327438,0.55519671921056,0.6,0.3843137254901961,0.5490196078431373,0.801792323589325,1.0,0.9999338984489441,0.9999984502792358,0.28533804416656494,122.67422485351562,1.249658465385437,0.3107222318649292,0.33071067929267883,1.7152916193008423,-0.26836228370666504,0.26836228370666504,230.54830932617188,228.09866333007812,232.88409423828125
1080,1,1,10479,0.786003600360036,0.8371145550407413,13332,31,59,34,62186,0.21438909079213972,0.2795088332362648,0.37547872434302254,0.5127433331568451,0.2823529411764706,0.38823529411764707,0.4823529411764706,0.8362635970115662,1.0,0.9999933838844299,0.9999992847442627,0.27874916791915894,11149.06640625,0.6013405323028564,0.4728599786758423,-0.5339313745498657,1.8304505348205566,-0.12216490507125854,0.12216490507125854,177.96690368652344,163.33401489257812,203.2978057861328
1084,1,1,60,0.6060606060606061,0.1566579634464752,99,7,6,5,210,0.4714285714285714,0.46150467889598323,0.5213862765586904,0.5276068960279487,0.45819397993311034,0.5206896551724138,0.5263157894736842,0.7765982747077942,0.9999995827674866,0.9996960163116455,0.9999908208847046,0.30960214138031006,76.88323211669922,1.077034831047058,0.1718999445438385,0.44678592681884766,1.4158049821853638,-0.1414813995361328,0.1414813995361328,115.94561767578125,113.53413391113281,118.71394348144531
1084,2,1,36,0.5373134328358209,0.09809264305177112,67,11,4,4,176,0.3806818181818182,0.5124544501572406,0.5769428718476582,0.4853551789922568,0.5150501672240803,0.5758620689655173,0.4849624060150376,0.6646148562431335,0.9998748898506165,0.981514573097229,0.9991664290428162,0.3089689314365387,44.52919387817383,1.1445573568344116,0.2987084984779358,0.4242406189441681,1.6834607124328613,-0.07671594619750977,0.07671594619750977,103.400146484375,99.46858978271484,108.23123168945312
1084,3,1,78,0.52,0.1909424724602203,150,12,5,5,300,0.5,0.5176811594202898,0.38742528735632187,0.4540852130325814,0.5117056856187291,0.38620689655172413,0.4548872180451128,0.7328081727027893,0.9999977946281433,0.999051034450531,0.9999723434448242,0.3061155676841736,109.92122650146484,1.4192219972610474,0.3478602468967438,0.6944271922111511,2.1121582984924316,-0.1461789608001709,0.1461789608001709,89.4519271850586,83.9166259765625,95.4620361328125
1084,4,1,400,0.7220216606498195,0.6552006552006552,554,12,13,13,2028,0.27317554240631164,0.5792050517368363,0.5421324536287813,0.5340313780841996,0.568561872909699,0.5344827586206896,0.5225563909774437,0.859321653842926,1.0,0.9999996423721313,1.0,0.2613433599472046,476.064208984375,0.8623210191726685,0.2926533818244934,-0.14387427270412445,1.4656723737716675,-0.2972385883331299,0.2972385883331299,91.7945785522461,85.14693450927734,97.04122924804688
1084,5,0,0,0.0,0.0,4,2,2,2,8,0.5,0.5777591973244147,0.5508620689655173,0.5169172932330827,0.5785953177257525,0.5517241379310345,0.518796992481203,0.18382102251052856,0.2355327159166336,0.20761394500732422,0.2243652045726776,0.04078635573387146,0.7352840900421143,1.1466591358184814,0.004966605454683304,1.1407667398452759,1.154375672340393,-0.07141482830047607,0.07141482830047607,90.13096618652344,89.35882568359375,91.0494384765625
1085,1,1,87,0.6692307692307692,0.09477124183006536,130,7,8,6,336,0.3869047619047619,0.3644042232277526,0.5908898944193063,0.3279638009049774,0.36470588235294116,0.592156862745098,0.32941176470588235,0.7667679786682129,0.9999920725822449,0.9992809295654297,0.9998935461044312,0.3037276268005371,99.67984008789062,1.3586620092391968,0.4469679892063141,0.3984796702861786,2.2167277336120605,-0.5622565746307373,0.5622565746307373,55.77898025512695,52.84884262084961,58.38664245605469
1085,2,1,515,0.814873417721519,0.4405474764756202,632,10,13,15,1950,0.3241025641025641,0.7025999007197815,0.5919086621990568,0.5202841896252172,0.6941176470588235,0.5803921568627451,0.5254901960784314,0.8704137802124023,1.0,0.9999995827674866,1.0,0.2520277798175812,550.1015014648438,0.6649672389030457,0.4675394892692566,-0.24435463547706604,1.8563687801361084,-0.4459229111671448,0.4459229111671448,106.5427474975586,99.74467468261719,112.52555084228516
1085,3,1,261,0.6460396039603961,0.24739336492890995,404,11,14,11,1694,0.2384887839433294,0.7159095321296836,0.4100951271597748,0.39660260143661424,0.7137254901960784,0.41568627450980394,0.396078431372549,0.7236735224723816,1.0,0.9999117851257324,0.9999988675117493,0.32034000754356384,292.3641052246094,0.834027111530304,0.4896067678928375,-0.3115304708480835,1.893588662147522,-0.2498130202293396,0.2498130202293396,110.37571716308594,106.51290893554688,115.13904571533203
1085,4,1,104,0.6153846153846154,0.11093333333333333,169,6,11,8,528,0.32007575757575757,0.7033994662953938,0.6005337046061028,0.43325211741501335,0.6980392156862745,0.6039215686274509,0.42745098039215684,0.7324298024177551,0.9999996423721313,0.999475359916687,0.9999850392341614,0.3243579864501953,123.7806396484375,0.794569730758667,0.4185260236263275,0.00945067685097456,1.7201610803604126,-0.18851441144943237,0.18851441144943237,89.07376861572266,84.92938232421875,93.471923828125
1085,5,1,479,0.6543715846994536,0.39294503691550453,732,7,24,11,1848,0.3961038961038961,0.7218097074895532,0.5043287260259295,0.5007393121182899,0.7137254901960784,0.4980392156862745,0.4980392156862745,0.8068827390670776,1.0,0.9999926090240479,0.9999997615814209,0.2952030301094055,590.63818359375,0.8352575898170471,0.50479656457901,-0.3416905999183655,2.1548469066619873,-0.22068840265274048,0.22068840265274048,113.60565948486328,106.78482818603516,119.53660583496094
1086,1,1,368,0.7931034482758621,0.5341074020319303,464,10,11,10,1100,0.4218181818181818,0.23739012846517918,0.4289722785665991,0.5962559161595673,0.24705882352941178,0.43529411764705883,0.592156862745098,0.8067760467529297,1.0,0.9999867081642151,0.9999993443489075,0.2857627272605896,374.3440856933594,0.27450570464134216,0.4087642729282379,-0.5381434559822083,1.0535566806793213,-0.29565033316612244,0.29565033316612244,197.18309020996094,192.67848205566406,201.447265625
1086,2,1,304,0.7069767441860465,0.4523809523809524,430,17,8,10,1360,0.3161764705882353,0.25106247150022803,0.43444596443228456,0.5259188326493388,0.2627450980392157,0.43137254901960786,0.5333333333333333,0.7638498544692993,0.9999998211860657,0.999845027923584,0.9999969005584717,0.30733615159988403,328.4554443359375,0.6339328289031982,0.40853849053382874,-0.4665582478046417,1.426682710647583,-0.2698633670806885,0.2698633670806885,185.7451171875,180.224853515625,190.70657348632812
1087,1,0,0,0.0,0.0,18,4,4,4,64,0.28125,0.3039762170196953,0.4611801242236025,0.26541425818882464,0.3010033444816054,0.45962732919254656,0.2658959537572254,0.19264128804206848,0.3008313775062561,0.260320782661438,0.2784770727157593,0.06313406676054001,3.467543125152588,0.38159728050231934,0.21907393634319305,-0.027311859652400017,0.712117075920105,-0.6300714015960693,0.6300714015960693,197.3099365234375,196.1326141357422,198.277587890625
1087,2,0,0,0.0,0.0,90,6,5,6,180,0.5,0.3166480862133036,0.4898550724637681,0.2569364161849711,0.3177257525083612,0.48757763975155277,0.26011560693641617,0.4033457040786743,0.7251089811325073,0.6215192675590515,0.6675043106079102,0.20404669642448425,36.30111312866211,0.806303083896637,0.5259988903999329,-0.37257087230682373,1.7234033346176147,-1.0240208506584167,1.0240208506584167,204.79537963867188,202.78314208984375,207.59817504882812
1087,3,0,0,0.0,0.0,10,3,3,3,27,0.37037037037037035,0.33143812709030096,0.5,0.257514450867052,0.3311036789297659,0.5,0.25722543352601157,0.13380272686481476,0.1977289617061615,0.13720020651817322,0.15796460211277008,0.02523084729909897,1.3380272388458252,1.0947139263153076,0.5057998299598694,0.42857810854911804,1.7868475914001465,-0.5039470195770264,0.5039470195770264,209.47720336914062,208.6168670654297,210.29026794433594
1087,4,0,0,0.0,0.0,1,1,1,1,1,1.0,0.3511705685618729,0.5,0.26011560693641617,0.3511705685618729,0.5,0.26011560693641617,0.11440585553646088,0.11440585553646088,0.11440585553646088,0.11440585553646088,0.0,0.11440585553646088,1.2251479625701904,0.0,1.2251479625701904,1.2251479625701904,-0.3102813959121704,0.3102813959121704,212.73692321777344,212.73692321777344,212.73692321777344
1087,5,0,0,0.0,0.0,1,1,1,1,1,1.0,0.3511705685618729,0.6024844720496895,0.36416184971098264,0.3511705685618729,0.6024844720496895,0.36416184971098264,0.10000927746295929,0.10000927746295929,0.10000927746295929,0.10000927746295929,0.0,0.10000927746295929,-0.24198926985263824,0.0,-0.24198926985263824,-0.24198926985263824,-0.03691805899143219,0.03691805899143219,254.45628356933594,254.45628356933594,254.45628356933594
1087,6,0,0,0.0,0.0,1,1,1,1,1,1.0,0.3511705685618729,0.6024844720496895,0.3699421965317919,0.3511705685618729,0.6024844720496895,0.3699421965317919,0.10677734017372131,0.10677734017372131,0.10677734017372131,0.10677734017372131,0.0,0.10677734017372131,0.01718580164015293,0.0,0.01718580164015293,0.01718580164015293,0.15230571664869785,0.15230571664869785,255.45254516601562,255.45254516601562,255.45254516601562
1087,7,0,0,0.0,0.0,1,1,1,1,1,1.0,0.3511705685618729,0.6055900621118012,0.3670520231213873,0.3511705685618729,0.6055900621118012,0.3670520231213873,0.10730021446943283,0.10730021446943283,0.10730021446943283,0.10730021446943283,0.0,0.10730021446943283,-0.13269102573394775,0.0,-0.13269102573394775,-0.13269102573394775,0.03651450574398041,0.03651450574398041,255.71469116210938,255.71469116210938,255.71469116210938
1087,8,0,0,0.0,0.0,2,1,1,2,2,1.0,0.35785953177257523,0.6211180124223602,0.36560693641618497,0.35785953177257523,0.6211180124223602,0.3670520231213873,0.1122649535536766,0.11448939889669418,0.1133771762251854,0.11404450982809067,0.002224445343017578,0.2245299071073532,0.2538564205169678,0.0005393177270889282,0.25331711769104004,0.2543957531452179,-0.14085334539413452,0.14085334539413452,260.12774658203125,259.88458251953125,260.3708801269531
1087,9,1,7099,0.565117019582869,0.25257053403066854,12562,29,66,36,68904,0.18231162196679437,0.4573090048609732,0.42890468246441754,0.6602447237424917,0.451505016722408,0.4254658385093168,0.6676300578034682,0.8073282837867737,1.0,0.9996706247329712,0.9999601244926453,0.2850615084171295,10141.658203125,1.5870474576950073,0.275837779045105,-0.12822425365447998,2.465014696121216,-0.11144685745239258,0.11144685745239258,300.6636962890625,269.7814025878906,325.44891357421875
1087,10,0,0,0.0,0.0,1,1,1,1,1,1.0,0.43812709030100333,0.45652173913043476,0.653179190751445,0.43812709030100333,0.45652173913043476,0.653179190751445,0.1382642388343811,0.1382642388343811,0.1382642388343811,0.1382642388343811,0.0,0.1382642388343811,1.6694250106811523,0.0,1.6694250106811523,1.6694250106811523,-0.22465753555297852,0.22465753555297852,300.1816101074219,300.1816101074219,300.1816101074219
1087,11,0,0,0.0,0.0,1,1,1,1,1,1.0,0.45819397993311034,0.45962732919254656,0.6358381502890174,0.45819397993311034,0.45962732919254656,0.6358381502890174,0.10566879063844681,0.10566879063844681,0.10566879063844681,0.10566879063844681,0.0,0.10566879063844681,1.6911789178848267,0.0,1.6911789178848267,1.6911789178848267,-0.09128379821777344,0.09128379821777344,298.9113464355469,298.9113464355469,298.9113464355469
1087,12,0,0,0.0,0.0,1,1,1,1,1,1.0,0.47491638795986624,0.5217391304347826,0.6358381502890174,0.47491638795986624,0.5217391304347826,0.6358381502890174,0.10099013149738312,0.10099013149738312,0.10099013149738312,0.10099013149738312,0.0,0.10099013149738312,1.3539024591445923,0.0,1.3539024591445923,1.3539024591445923,-0.07110309600830078,0.07110309600830078,311.5653991699219,311.5653991699219,311.5653991699219
1087,13,0,0,0.0,0.0,1,1,1,1,1,1.0,0.4983277591973244,0.40993788819875776,0.6416184971098265,0.4983277591973244,0.40993788819875776,0.6416184971098265,0.18268072605133057,0.18268072605133057,0.18268072605133057,0.18268072605133057,0.0,0.18268072605133057,0.9471907019615173,0.0,0.9471907019615173,0.9471907019615173,-0.11293596029281616,0.11293596029281616,298.6770935058594,298.6770935058594,298.6770935058594
1087,14,0,0,0.0,0.0,3,2,2,1,4,0.75,0.5228539576365664,0.4202898550724638,0.6271676300578035,0.5217391304347826,0.4192546583850932,0.6271676300578035,0.12004943937063217,0.14237138628959656,0.1284179389476776,0.13679000735282898,0.016427507624030113,0.3601483106613159,1.1878600120544434,0.10993323475122452,1.0479656457901,1.3165451288223267,-0.05297112464904785,0.05297112464904785,300.263671875,299.9383239746094,300.4629821777344
1087,15,0,0,0.0,0.0,13,3,4,2,24,0.5416666666666666,0.5330589143298173,0.433349259436216,0.6260560248999555,0.5351170568561873,0.43478260869565216,0.6271676300578035,0.12451709806919098,0.15795928239822388,0.13228651881217957,0.14444546401500702,0.01587807387113571,1.6187223196029663,0.8081315159797668,0.09695989638566971,0.6618328094482422,1.0085152387619019,-0.15458178520202637,0.15458178520202637,303.5089111328125,302.6169128417969,304.7802429199219
1087,16,1,32006,0.744637290028384,0.7388785003578272,42982,49,79,59,228389,0.18819645429508428,0.6440525231920214,0.43782902332942486,0.6447723243739886,0.5986622073578596,0.42857142857142855,0.6820809248554913,0.8534767031669617,0.9999995231628418,0.9999513626098633,0.9999862909317017,0.2636737823486328,36684.13671875,0.6952927708625793,0.6162039637565613,-0.7510112524032593,2.0669918060302734,-0.43201178312301636,0.43201178312301636,327.95941162109375,300.4829406738281,348.73199462890625
1087,17,1,14,0.5185185185185185,0.0006410403168570709,27,3,4,4,48,0.5625,0.5787191874148396,0.6045548654244306,0.5967672875187326,0.5819397993311036,0.6055900621118012,0.5953757225433526,0.7465647459030151,0.9957156777381897,0.961734414100647,0.9810433983802795,0.27689749002456665,20.15724754333496,1.264298915863037,0.32399046421051025,0.4989553987979889,1.6869962215423584,-0.5912036895751953,0.5912036895751953,332.89654541015625,331.5674743652344,334.4996337890625
1087,18,0,0,0.0,0.0,1,1,1,1,1,1.0,0.5919732441471572,0.36335403726708076,0.7023121387283237,0.5919732441471572,0.36335403726708076,0.7023121387283237,0.1106644868850708,0.1106644868850708,0.1106644868850708,0.1106644868850708,0.0,0.1106644868850708,1.1143757104873657,0.0,1.1143757104873657,1.1143757104873657,-0.10287594795227051,0.10287594795227051,323.1439208984375,323.1439208984375,323.1439208984375
1087,19,0,0,0.0,0.0,16,4,2,8,64,0.25,0.6137123745819398,0.40353260869565216,0.721820809248555,0.6153846153846154,0.40372670807453415,0.7225433526011561,0.26720213890075684,0.3949396312236786,0.35190513730049133,0.38774681091308594,0.10096944868564606,4.275234222412109,0.16991674900054932,0.22278395295143127,-0.1959657371044159,0.6104519367218018,-0.5632398724555969,0.5632398724555969,336.60174560546875,333.5745849609375,339.31402587890625
1087,20,0,0,0.0,0.0,24,3,4,5,60,0.4,0.625,0.36244824016563143,0.5853805394990366,0.6254180602006689,0.36024844720496896,0.5867052023121387,0.15018706023693085,0.24633324146270752,0.17349618673324585,0.2109745740890503,0.0402289517223835,3.604489326477051,1.3336858749389648,0.207070991396904,0.8795241713523865,1.6370117664337158,-0.10850489139556885,0.10850489139556885,299.9049377441406,298.38397216796875,301.3187561035156
1087,21,0,0,0.0,0.0,4,1,2,2,4,1.0,0.6354515050167224,0.358695652173913,0.703757225433526,0.6354515050167224,0.35714285714285715,0.7052023121387283,0.15492521226406097,0.20310109853744507,0.17008325457572937,0.1898939609527588,0.03651484102010727,0.6197008490562439,0.4249327480792999,0.1746809333562851,0.19746340811252594,0.6572524309158325,-0.19759806990623474,0.19759806990623474,330.3238220214844,329.7802429199219,330.8670349121094
1087,22,0,0,0.0,0.0,20,2,4,8,64,0.3125,0.6438127090301003,0.39145962732919254,0.5549132947976878,0.6421404682274248,0.391304347826087,0.5549132947976878,0.1627640426158905,0.2226717621088028,0.19405485689640045,0.21202339231967926,0.037367016077041626,3.2552809715270996,1.7035064697265625,0.14024664461612701,1.4299923181533813,1.9409279823303223,-0.1946202516555786,0.1946202516555786,300.3322448730469,298.0872497558594,302.32928466796875
1087,23,0,0,0.0,0.0,8,2,2,3,12,0.6666666666666666,0.6801839464882943,0.35287267080745344,0.6358381502890174,0.6789297658862876,0.35403726708074534,0.6358381502890174,0.2058102786540985,0.33298587799072266,0.23246736824512482,0.2671746015548706,0.06316351145505905,1.646482229232788,0.49375224113464355,0.21206232905387878,0.06826416403055191,0.8055927753448486,-0.26166433095932007,0.26166433095932007,321.06109619140625,319.9156188964844,322.2762756347656
1094,1,1,8142,0.8240890688259109,0.7554277231397291,9880,35,40,38,53200,0.18571428571428572,0.4116210208779868,0.5975335397316821,0.6448801301897278,0.4117647058823529,0.6,0.6470588235294118,0.8740138411521912,0.9999994039535522,0.9999551773071289,0.9999851584434509,0.2489008605480194,8635.2568359375,0.23649828135967255,0.20704470574855804,-0.8480909466743469,0.9150694012641907,-0.23337291181087494,0.23337291181087494,248.14671325683594,227.59832763671875,266.30810546875
1094,2,0,0,0.0,0.0,1,1,1,1,1,1.0,0.396078431372549,0.5882352941176471,0.6078431372549019,0.396078431372549,0.5882352941176471,0.6078431372549019,0.13476714491844177,0.13476714491844177,0.13476714491844177,0.13476714491844177,0.0,0.13476714491844177,0.408328115940094,0.0,0.408328115940094,0.408328115940094,-0.0010638535022735596,0.0010638535022735596,238.59799194335938,238.59799194335938,238.59799194335938
1094,3,0,0,0.0,0.0,1,1,1,1,1,1.0,0.4588235294117647,0.6196078431372549,0.615686274509804,0.4588235294117647,0.6196078431372549,0.615686274509804,0.11381456255912781,0.11381456255912781,0.11381456255912781,0.11381456255912781,0.0,0.11381456255912781,0.3238712251186371,0.0,0.3238712251186371,0.3238712251186371,-0.13523736596107483,0.13523736596107483,252.06546020507812,252.06546020507812,252.06546020507812
1094,4,0,0,0.0,0.0,10,2,3,3,18,0.5555555555555556,0.4611764705882353,0.6462745098039216,0.7164705882352941,0.4627450980392157,0.6470588235294118,0.7176470588235294,0.19023123383522034,0.2417542040348053,0.2246280312538147,0.2343234121799469,0.04087740555405617,1.9023122787475586,0.21767406165599823,0.07545171678066254,0.10732778161764145,0.3713781237602234,-0.24410097301006317,0.24410097301006317,273.13873291015625,271.92645263671875,274.9054260253906
1094,5,0,0,0.0,0.0,10,2,2,3,12,0.8333333333333334,0.46509803921568627,0.6607843137254902,0.7364705882352942,0.4666666666666667,0.6588235294117647,0.7372549019607844,0.2999480366706848,0.4552658200263977,0.39356231689453125,0.41214123368263245,0.10116158425807953,2.9994802474975586,0.24670608341693878,0.05695630609989166,0.19178466498851776,0.3819352388381958,-0.2986009567975998,0.2986009567975998,279.2236633300781,278.1258850097656,280.50311279296875
1094,6,0,0,0.0,0.0,1,1,1,1,1,1.0,0.4823529411764706,0.6509803921568628,0.6078431372549019,0.4823529411764706,0.6509803921568628,0.6078431372549019,0.10820979624986649,0.10820979624986649,0.10820979624986649,0.10820979624986649,0.0,0.10820979624986649,-0.003522124607115984,0.0,-0.003522124607115984,-0.003522124607115984,-0.2576059070415795,0.2576059070415795,258.760498046875,258.760498046875,258.760498046875
1094,7,0,0,0.0,0.0,1,1,1,1,1,1.0,0.48627450980392156,0.6509803921568628,0.6039215686274509,0.48627450980392156,0.6509803921568628,0.6039215686274509,0.11448733508586884,0.11448733508586884,0.11448733508586884,0.11448733508586884,0.0,0.11448733508586884,-0.44164198637008667,0.0,-0.44164198637008667,-0.44164198637008667,-0.5087462291121483,0.5087462291121483,258.64453125,258.64453125,258.64453125
1094,8,0,0,0.0,0.0,6,2,2,2,8,0.75,0.515686274509804,0.2457516339869281,0.7542483660130719,0.5137254901960784,0.24705882352941178,0.7529411764705882,0.16585403680801392,0.310768187046051,0.1648535430431366,0.2378169447183609,0.06920117884874344,0.9951242208480835,-0.08885865658521652,0.08819118142127991,-0.22522129118442535,0.03342784196138382,-0.14042885228991508,0.14042885228991508,241.81788635253906,241.1057891845703,242.7076416015625
1094,9,1,2432,0.7693767795001581,0.32782907595875177,3161,26,25,20,13000,0.24315384615384616,0.5945686088418284,0.5935389024322162,0.6181674947739298,0.6,0.6,0.6235294117647059,0.8430460691452026,0.9999995231628418,0.9999134540557861,0.9999772310256958,0.2675725817680359,2664.86865234375,0.2331583946943283,0.2245377153158188,-0.5524919033050537,0.7831054329872131,-0.27137579023838043,0.27137579023838043,266.6322021484375,251.80548095703125,280.6171875
1094,10,1,8,1.0,0.0013693940431359123,8,3,2,2,12,0.6666666666666666,0.6269607843137255,0.5857843137254902,0.5754901960784313,0.6313725490196078,0.5882352941176471,0.5764705882352941,0.12030158936977386,0.13848063349723816,0.1303362399339676,0.13381370902061462,0.011985549703240395,0.9624127149581909,-0.0015425353776663542,0.03694402799010277,-0.06686478853225708,0.065099336206913,-0.20911362464539707,0.20911362464539707,264.06390380859375,262.901123046875,265.24139404296875
1094,11,0,0,0.0,0.0,4,2,2,1,4,1.0,0.6411764705882353,0.5274509803921569,0.5450980392156862,0.6431372549019608,0.5294117647058824,0.5450980392156862,0.13611900806427002,0.1757396161556244,0.1484493464231491,0.1648235023021698,0.026985598728060722,0.5444760322570801,-0.2674497365951538,0.14383462071418762,-0.5155419111251831,-0.1671570986509323,-0.49693718552589417,0.49693718552589417,253.91302490234375,253.3238983154297,254.50148010253906
1097,1,1,51,0.5930232558139535,0.2217391304347826,86,7,6,4,168,0.5119047619047619,0.4326436960410671,0.5393744987971131,0.5550358454275223,0.431438127090301,0.5379310344827586,0.556390977443609,0.8019039034843445,1.0,0.9998058080673218,0.9999991655349731,0.26561692357063293,68.96373748779297,1.6552152633666992,0.2615317106246948,1.0783898830413818,2.0739052295684814,-0.23115241527557373,0.23115241527557373,88.56512451171875,85.87199401855469,91.30717468261719
1097,2,1,84,0.6461538461538462,0.3333333333333333,130,6,9,6,324,0.4012345679012346,0.4293285310007718,0.5830238726790451,0.5344129554655871,0.42474916387959866,0.5758620689655173,0.5338345864661654,0.8720617294311523,1.0,0.9999996423721313,1.0,0.2471100240945816,113.36802673339844,1.5325006246566772,0.26396802067756653,0.8138161301612854,2.087217330932617,-0.2301875352859497,0.2301875352859497,101.18048095703125,98.02550506591797,104.86658477783203
1097,3,1,61,0.6559139784946236,0.26124197002141325,93,5,8,6,240,0.3875,0.4665372028625886,0.2652947719688543,0.5900234457110518,0.46488294314381273,0.2655172413793103,0.5902255639097744,0.7106028199195862,0.9999998211860657,0.9937874674797058,0.9999556541442871,0.3003966808319092,66.0860595703125,0.7816881537437439,0.46177083253860474,-0.16238142549991608,1.957993507385254,-0.20738136768341064,0.20738136768341064,36.89091873168945,34.14674377441406,38.716922760009766
1097,4,1,108,0.627906976744186,0.3956043956043956,172,9,11,15,1485,0.11582491582491583,0.5261336237069302,0.6039494787489976,0.5528064346913796,0.5183946488294314,0.596551724137931,0.5375939849624061,0.8106114864349365,1.0,0.9999971389770508,0.9999998807907104,0.30350467562675476,139.4251708984375,1.5716900825500488,0.207659050822258,1.0709635019302368,1.9914213418960571,-0.18779361248016357,0.18779361248016357,96.62076568603516,93.89888000488281,99.8298568725586
1097,5,0,0,0.0,0.0,1,1,1,1,1,1.0,0.6822742474916388,0.506896551724138,0.48120300751879697,0.6822742474916388,0.506896551724138,0.48120300751879697,0.11656065285205841,0.11656065285205841,0.11656065285205841,0.11656065285205841,0.0,0.11656065285205841,0.36100271344184875,0.0,0.36100271344184875,0.36100271344184875,-0.4204404652118683,0.4204404652118683,83.10234832763672,83.10234832763672,83.10234832763672
1099,1,1,748,0.5658093797276853,0.19673855865334033,1322,15,20,27,8100,0.16320987654320987,0.266292901426834,0.42601821363946485,0.48593040847201213,0.27450980392156865,0.4235294117647059,0.5019607843137255,0.7159610986709595,0.9999988079071045,0.9994580149650574,0.9999704957008362,0.3240030109882355,946.5005493164062,0.23199035227298737,0.37083858251571655,-0.34160998463630676,1.344803810119629,-0.4289589375257492,0.4289589375257492,178.69100952148438,166.6043243408203,190.6960906982422
1099,2,1,3819,0.6931034482758621,0.6477272727272727,5510,34,56,25,47600,0.11575630252100841,0.32939112487100103,0.4977082666097292,0.41678374435073484,0.3254901960784314,0.5372549019607843,0.41568627450980394,0.81851726770401,0.9999997019767761,0.9999504089355469,0.9999915361404419,0.28234347701072693,4510.0302734375,0.16182763874530792,0.3060237467288971,-0.49872925877571106,1.5019232034683228,-0.2670610696077347,0.2670610696077347,186.4398651123047,166.82325744628906,209.48985290527344
1099,3,0,0,0.0,0.0,1,1,1,1,1,1.0,0.27450980392156865,0.403921568627451,0.4745098039215686,0.27450980392156865,0.403921568627451,0.4745098039215686,0.1502283364534378,0.1502283364534378,0.1502283364534378,0.1502283364534378,0.0,0.1502283364534378,0.601105809211731,0.0,0.601105809211731,0.601105809211731,-0.3386794328689575,0.3386794328689575,174.0430908203125,174.0430908203125,174.0430908203125
1099,4,1,208,0.7536231884057971,0.06343397377249162,276,9,8,10,720,0.38333333333333336,0.3152742256322819,0.5426115373685706,0.5697783461210572,0.3176470588235294,0.5411764705882353,0.5725490196078431,0.8040286898612976,0.9999998807907104,0.999983549118042,0.9999990463256836,0.2856801748275757,221.91192626953125,0.5876710414886475,0.4228343367576599,-0.09021908789873123,1.5123977661132812,-0.532251238822937,0.532251238822937,216.5373077392578,211.8985595703125,220.02499389648438
1099,5,1,97,0.8981481481481481,0.030359937402190923,108,6,8,6,288,0.375,0.3137254901960784,0.5570442992011619,0.4823892519970951,0.3137254901960784,0.5529411764705883,0.4823529411764706,0.6784241199493408,0.9999939203262329,0.9968581199645996,0.9999163150787354,0.3154875636100769,73.26980590820312,0.3462234139442444,0.28027811646461487,-0.07974447309970856,1.0410398244857788,-0.417377769947052,0.417377769947052,204.6287078857422,201.4149932861328,208.3650665283203
1099,6,1,501,0.5971394517282479,0.14071057435753406,839,17,16,20,5440,0.1542279411764706,0.34628993432891636,0.5751945593493655,0.49641262941410175,0.36470588235294116,0.5882352941176471,0.4745098039215686,0.6932122707366943,0.9999998807907104,0.9992718696594238,0.9999774694442749,0.34064409136772156,581.6051025390625,0.32138726115226746,0.31316280364990234,-0.2578130066394806,1.2924307584762573,-0.3837544023990631,0.3837544023990631,213.44496154785156,206.8671112060547,218.2223663330078
1099,7,1,329,0.5812720848056537,0.09608644859813084,566,11,15,8,1320,0.4287878787878788,0.3500658213815562,0.6150419178272015,0.5294325504053211,0.35294117647058826,0.6196078431372549,0.5294117647058824,0.8078353404998779,1.0,0.9999769926071167,0.9999988079071045,0.289369136095047,457.23480224609375,0.6470016837120056,0.44786515831947327,-0.12164294719696045,1.7428394556045532,-0.4667401909828186,0.4667401909828186,225.8031463623047,218.99771118164062,231.95042419433594
1099,8,0,0,0.0,0.0,1,1,1,1,1,1.0,0.3411764705882353,0.5882352941176471,0.4745098039215686,0.3411764705882353,0.5882352941176471,0.4745098039215686,0.11045919358730316,0.11045919358730316,0.11045919358730316,0.11045919358730316,0.0,0.11045919358730316,-0.06926985085010529,0.0,-0.06926985085010529,-0.06926985085010529,-0.34348027408123016,0.34348027408123016,211.86080932617188,211.86080932617188,211.86080932617188
1099,9,0,0,0.0,0.0,43,5,5,4,100,0.43,0.498312813497492,0.36415868673050616,0.5264933880528956,0.49411764705882355,0.36470588235294116,0.5254901960784314,0.5390210747718811,0.9660060405731201,0.8118081092834473,0.9107944965362549,0.28046783804893494,23.177906036376953,0.3409454822540283,0.15915925800800323,0.025001730769872665,0.5906311869621277,-0.19443362951278687,0.19443362951278687,207.48910522460938,205.659912109375,209.66879272460938
1107,1,0,0,0.0,0.0,32,4,3,5,60,0.5333333333333333,0.43995098039215685,0.42745098039215684,0.6207107843137255,0.4392156862745098,0.42745098039215684,0.6196078431372549,0.7165079116821289,0.9999045133590698,0.9955703020095825,0.9989551305770874,0.3419501781463623,22.928253173828125,0.48447486758232117,0.3318639397621155,-0.42435938119888306,0.9105196595191956,-0.2866000235080719,0.2866000235080719,223.0404052734375,221.52651977539062,224.67086791992188
1107,2,0,0,0.0,0.0,23,4,4,4,64,0.359375,0.4530264279624893,0.4930946291560102,0.6325660699062234,0.45098039215686275,0.49411764705882355,0.6352941176470588,0.5065531730651855,0.8878243565559387,0.7872828841209412,0.8369590640068054,0.285575270652771,11.650723457336426,0.28447505831718445,0.2371257245540619,-0.1299007683992386,0.606245756149292,-0.39618244767189026,0.39618244767189026,235.3891143798828,233.83969116210938,236.96835327148438
1107,3,0,0,0.0,0.0,8,1,4,4,16,0.5,0.5764705882352941,0.40980392156862744,0.638235294117647,0.5764705882352941,0.40784313725490196,0.6352941176470588,0.1438567191362381,0.18045620620250702,0.16291336715221405,0.17344669997692108,0.023791275918483734,1.1508537530899048,0.705625593662262,0.084923155605793,0.5473540425300598,0.8221821188926697,-0.2300165295600891,0.2300165295600891,243.54229736328125,241.73126220703125,245.02244567871094
1111,1,1,36,0.5217391304347826,0.3769633507853403,69,9,4,4,144,0.4791666666666667,0.4914566063271866,0.38499573742540494,0.5899171037049569,0.490272373540856,0.3843137254901961,0.5914396887159533,0.7377787232398987,0.9999992847442627,0.999460756778717,0.9999814033508301,0.3172622323036194,50.90673065185547,1.7995688915252686,0.2773880064487457,0.8668097257614136,2.321960210800171,-0.10891854763031006,0.10891854763031006,220.9839324951172,218.83555603027344,223.3136749267578
1111,2,0,0,0.0,0.0,1,1,1,1,1,1.0,0.5058365758754864,0.39215686274509803,0.5836575875486382,0.5058365758754864,0.39215686274509803,0.5836575875486382,0.10446822643280029,0.10446822643280029,0.10446822643280029,0.10446822643280029,0.0,0.10446822643280029,1.7715060710906982,0.0,1.7715060710906982,1.7715060710906982,-0.10139620304107666,0.10139620304107666,222.8474884033203,222.8474884033203,222.8474884033203
1111,3,1,84,0.672,0.680161943319838,125,7,9,6,378,0.3306878306878307,0.5627081712062257,0.4790274509803922,0.5704280155642023,0.5642023346303502,0.4745098039215686,0.5719844357976653,0.8137054443359375,0.9999992847442627,0.9993807077407837,0.9999544620513916,0.2788046896457672,101.71318054199219,1.396762490272522,0.3509584069252014,0.5217287540435791,2.045095682144165,-0.5243674516677856,0.5243674516677856,240.04568481445312,235.8707275390625,244.397216796875
1129,1,1,144,0.7741935483870968,0.8700906344410876,186,10,5,15,750,0.248,0.5567091006468092,0.5845245625131773,0.6477567667779014,0.5555555555555556,0.5843137254901961,0.6513409961685823,0.8017143607139587,0.9999998211860657,0.9999871253967285,0.9999986886978149,0.29507508873939514,149.11886596679688,0.4830663204193115,0.43425050377845764,-0.6041118502616882,1.288896918296814,-0.416421115398407,0.416421115398407,268.7344055175781,264.0246276855469,272.73614501953125
1131,1,1,645,0.649546827794562,0.6169296987087518,993,12,18,11,2376,0.41792929292929293,0.41968302834671595,0.5866279643780976,0.6467094758365594,0.4068441064638783,0.5764705882352941,0.6425855513307985,0.8150834441184998,1.0,0.9999918937683105,0.9999998807907104,0.28897586464881897,809.3778686523438,0.5208008885383606,0.1387714147567749,-0.01980604976415634,0.8178260326385498,-0.03297668695449829,0.03297668695449829,35.9101676940918,27.766887664794922,46.10856628417969
1131,2,1,12,0.5714285714285714,0.021447721179624665,21,5,3,4,60,0.35,0.5250769509324643,0.3464052287581699,0.5877240630092342,0.5247148288973384,0.34509803921568627,0.5893536121673004,0.4782857298851013,0.922211766242981,0.7017251253128052,0.8246947526931763,0.2578810751438141,10.044000625610352,0.4386235177516937,0.15390028059482574,0.19299694895744324,0.7028366327285767,-0.10203155875205994,0.10203155875205994,99.64241790771484,98.05101013183594,101.73003387451172
1132,1,0,0,0.0,0.0,62,5,5,5,125,0.496,0.6608475648323846,0.49905123339658447,0.6348513598987982,0.6627450980392157,0.4980392156862745,0.6313725490196078,0.21211540699005127,0.2737809717655182,0.2502448856830597,0.25606778264045715,0.05125286430120468,13.151155471801758,0.9980281591415405,0.10453306138515472,0.7893562912940979,1.2349776029586792,-0.30248820781707764,0.30248820781707764,266.7232666015625,264.7772521972656,268.5330505371094
