threshold,min_component_voxels,case_id,dice,precision,recall,gt_voxels,gt_category,pred_voxels,pred_category,tp,fp,fn,missed_positive,empty_false_positive
0.35,0,0020,0.23737373737373738,0.3164983164983165,0.1898989898989899,495,tiny,297,tiny,94,203,401,0,0
0.35,3,0020,0.23737373737373738,0.3164983164983165,0.1898989898989899,495,tiny,297,tiny,94,203,401,0,0
0.35,5,0020,0.23737373737373738,0.3164983164983165,0.1898989898989899,495,tiny,297,tiny,94,203,401,0,0
0.35,10,0020,0.23737373737373738,0.3164983164983165,0.1898989898989899,495,tiny,297,tiny,94,203,401,0,0
0.35,20,0020,0.23737373737373738,0.3164983164983165,0.1898989898989899,495,tiny,297,tiny,94,203,401,0,0
0.4,0,0020,0.2366412213740458,0.31958762886597936,0.18787878787878787,495,tiny,291,tiny,93,198,402,0,0
0.4,3,0020,0.2366412213740458,0.31958762886597936,0.18787878787878787,495,tiny,291,tiny,93,198,402,0,0
0.4,5,0020,0.2366412213740458,0.31958762886597936,0.18787878787878787,495,tiny,291,tiny,93,198,402,0,0
0.4,10,0020,0.2366412213740458,0.31958762886597936,0.18787878787878787,495,tiny,291,tiny,93,198,402,0,0
0.4,20,0020,0.2366412213740458,0.31958762886597936,0.18787878787878787,495,tiny,291,tiny,93,198,402,0,0
0.45,0,0020,0.23136246786632392,0.31802120141342755,0.18181818181818182,495,tiny,283,tiny,90,193,405,0,0
0.45,3,0020,0.23136246786632392,0.31802120141342755,0.18181818181818182,495,tiny,283,tiny,90,193,405,0,0
0.45,5,0020,0.23136246786632392,0.31802120141342755,0.18181818181818182,495,tiny,283,tiny,90,193,405,0,0
0.45,10,0020,0.23136246786632392,0.31802120141342755,0.18181818181818182,495,tiny,283,tiny,90,193,405,0,0
0.45,20,0020,0.23136246786632392,0.31802120141342755,0.18181818181818182,495,tiny,283,tiny,90,193,405,0,0
0.5,0,0020,0.22337662337662337,0.31272727272727274,0.17373737373737375,495,tiny,275,tiny,86,189,409,0,0
0.5,3,0020,0.22337662337662337,0.31272727272727274,0.17373737373737375,495,tiny,275,tiny,86,189,409,0,0
0.5,5,0020,0.22337662337662337,0.31272727272727274,0.17373737373737375,495,tiny,275,tiny,86,189,409,0,0
0.5,10,0020,0.22337662337662337,0.31272727272727274,0.17373737373737375,495,tiny,275,tiny,86,189,409,0,0
0.5,20,0020,0.22337662337662337,0.31272727272727274,0.17373737373737375,495,tiny,275,tiny,86,189,409,0,0
0.55,0,0020,0.21903520208604954,0.3088235294117647,0.1696969696969697,495,tiny,272,tiny,84,188,411,0,0
0.55,3,0020,0.21903520208604954,0.3088235294117647,0.1696969696969697,495,tiny,272,tiny,84,188,411,0,0
0.55,5,0020,0.21903520208604954,0.3088235294117647,0.1696969696969697,495,tiny,272,tiny,84,188,411,0,0
0.55,10,0020,0.21903520208604954,0.3088235294117647,0.1696969696969697,495,tiny,272,tiny,84,188,411,0,0
0.55,20,0020,0.21903520208604954,0.3088235294117647,0.1696969696969697,495,tiny,272,tiny,84,188,411,0,0
0.35,0,0021,0.8287671232876712,0.7707006369426752,0.8962962962962963,135,tiny,157,tiny,121,36,14,0,0
0.35,3,0021,0.8344827586206897,0.7806451612903226,0.8962962962962963,135,tiny,155,tiny,121,34,14,0,0
0.35,5,0021,0.8344827586206897,0.7806451612903226,0.8962962962962963,135,tiny,155,tiny,121,34,14,0,0
0.35,10,0021,0.8551236749116607,0.8175675675675675,0.8962962962962963,135,tiny,148,tiny,121,27,14,0,0
0.35,20,0021,0.8551236749116607,0.8175675675675675,0.8962962962962963,135,tiny,148,tiny,121,27,14,0,0
0.4,0,0021,0.8344827586206897,0.7806451612903226,0.8962962962962963,135,tiny,155,tiny,121,34,14,0,0
0.4,3,0021,0.8402777777777778,0.7908496732026143,0.8962962962962963,135,tiny,153,tiny,121,32,14,0,0
0.4,5,0021,0.8402777777777778,0.7908496732026143,0.8962962962962963,135,tiny,153,tiny,121,32,14,0,0
0.4,10,0021,0.8612099644128114,0.8287671232876712,0.8962962962962963,135,tiny,146,tiny,121,25,14,0,0
0.4,20,0021,0.8612099644128114,0.8287671232876712,0.8962962962962963,135,tiny,146,tiny,121,25,14,0,0
0.45,0,0021,0.8402777777777778,0.7908496732026143,0.8962962962962963,135,tiny,153,tiny,121,32,14,0,0
0.45,3,0021,0.8432055749128919,0.7960526315789473,0.8962962962962963,135,tiny,152,tiny,121,31,14,0,0
0.45,5,0021,0.8432055749128919,0.7960526315789473,0.8962962962962963,135,tiny,152,tiny,121,31,14,0,0
0.45,10,0021,0.8642857142857143,0.8344827586206897,0.8962962962962963,135,tiny,145,tiny,121,24,14,0,0
0.45,20,0021,0.8642857142857143,0.8344827586206897,0.8962962962962963,135,tiny,145,tiny,121,24,14,0,0
0.5,0,0021,0.8432055749128919,0.7960526315789473,0.8962962962962963,135,tiny,152,tiny,121,31,14,0,0
0.5,3,0021,0.8461538461538461,0.8013245033112583,0.8962962962962963,135,tiny,151,tiny,121,30,14,0,0
0.5,5,0021,0.8461538461538461,0.8013245033112583,0.8962962962962963,135,tiny,151,tiny,121,30,14,0,0
0.5,10,0021,0.8642857142857143,0.8344827586206897,0.8962962962962963,135,tiny,145,tiny,121,24,14,0,0
0.5,20,0021,0.8642857142857143,0.8344827586206897,0.8962962962962963,135,tiny,145,tiny,121,24,14,0,0
0.55,0,0021,0.8602150537634409,0.8333333333333334,0.8888888888888888,135,tiny,144,tiny,120,24,15,0,0
0.55,3,0021,0.8633093525179856,0.8391608391608392,0.8888888888888888,135,tiny,143,tiny,120,23,15,0,0
0.55,5,0021,0.8727272727272727,0.8571428571428571,0.8888888888888888,135,tiny,140,tiny,120,20,15,0,0
0.55,10,0021,0.8727272727272727,0.8571428571428571,0.8888888888888888,135,tiny,140,tiny,120,20,15,0,0
0.55,20,0021,0.8727272727272727,0.8571428571428571,0.8888888888888888,135,tiny,140,tiny,120,20,15,0,0
0.35,0,0029,0.6183900303132368,0.5992167101827677,0.6388308977035491,2898,small,3064,small,1836,1228,1038,0,0
0.35,3,0029,0.6184941889843355,0.5994123408423114,0.6388308977035491,2898,small,3063,small,1836,1227,1038,0,0
0.35,5,0029,0.6188068756319515,0.6,0.6388308977035491,2898,small,3060,small,1836,1224,1038,0,0
0.35,10,0029,0.6188068756319515,0.6,0.6388308977035491,2898,small,3060,small,1836,1224,1038,0,0
0.35,20,0029,0.6188068756319515,0.6,0.6388308977035491,2898,small,3060,small,1836,1224,1038,0,0
0.4,0,0029,0.6177671885636488,0.6045969353764157,0.6315240083507306,2898,small,3002,small,1815,1187,1059,0,0
0.4,3,0029,0.617872340425532,0.6047984005331556,0.6315240083507306,2898,small,3001,small,1815,1186,1059,0,0
0.4,5,0029,0.6181880108991825,0.6054036024016011,0.6315240083507306,2898,small,2998,small,1815,1183,1059,0,0
0.4,10,0029,0.6181880108991825,0.6054036024016011,0.6315240083507306,2898,small,2998,small,1815,1183,1059,0,0
0.4,20,0029,0.6181880108991825,0.6054036024016011,0.6315240083507306,2898,small,2998,small,1815,1183,1059,0,0
0.45,0,0029,0.6187617904304579,0.6100777815353399,0.627696590118302,2898,small,2957,small,1804,1153,1070,0,0
0.45,3,0029,0.6188679245283019,0.6102841677943166,0.627696590118302,2898,small,2956,small,1804,1152,1070,0,0
0.45,5,0029,0.61918654539214,0.6109041652556721,0.627696590118302,2898,small,2953,small,1804,1149,1070,0,0
0.45,10,0029,0.61918654539214,0.6109041652556721,0.627696590118302,2898,small,2953,small,1804,1149,1070,0,0
0.45,20,0029,0.61918654539214,0.6109041652556721,0.627696590118302,2898,small,2953,small,1804,1149,1070,0,0
0.5,0,0029,0.6197718631178707,0.615728021978022,0.6238691718858733,2898,small,2912,small,1793,1119,1081,0,0
0.5,3,0029,0.6199861687413555,0.6161512027491409,0.6238691718858733,2898,small,2910,small,1793,1117,1081,0,0
0.5,5,0029,0.6199861687413555,0.6161512027491409,0.6238691718858733,2898,small,2910,small,1793,1117,1081,0,0
0.5,10,0029,0.6199861687413555,0.6161512027491409,0.6238691718858733,2898,small,2910,small,1793,1117,1081,0,0
0.5,20,0029,0.6199861687413555,0.6161512027491409,0.6238691718858733,2898,small,2910,small,1793,1117,1081,0,0
0.55,0,0029,0.6194042849677757,0.620160446459714,0.6186499652052888,2898,small,2867,small,1778,1089,1096,0,0
0.55,3,0029,0.6196201428820352,0.6205933682373473,0.6186499652052888,2898,small,2865,small,1778,1087,1096,0,0
0.55,5,0029,0.6196201428820352,0.6205933682373473,0.6186499652052888,2898,small,2865,small,1778,1087,1096,0,0
0.55,10,0029,0.6196201428820352,0.6205933682373473,0.6186499652052888,2898,small,2865,small,1778,1087,1096,0,0
0.55,20,0029,0.6196201428820352,0.6205933682373473,0.6186499652052888,2898,small,2865,small,1778,1087,1096,0,0
0.35,0,0036,0.5036298932384342,0.6320114326545194,0.41859914813062,4226,small,2799,small,1769,1030,2457,0,0
0.35,3,0036,0.5034885376619678,0.6321058276725062,0.41836251774727873,4226,small,2797,small,1768,1029,2458,0,0
0.35,5,0036,0.503350919720519,0.63329745245784,0.4176526265972551,4226,small,2787,small,1765,1022,2461,0,0
0.35,10,0036,0.503350919720519,0.63329745245784,0.4176526265972551,4226,small,2787,small,1765,1022,2461,0,0
0.35,20,0036,0.5055483499063266,0.646516771102101,0.41504969238050166,4226,small,2713,small,1754,959,2472,0,0
0.4,0,0036,0.5030198446937014,0.6411290322580645,0.41386654046379556,4226,small,2728,small,1749,979,2477,0,0
0.4,3,0036,0.5027338129496403,0.6413362701908958,0.4133932796971131,4226,small,2724,small,1747,977,2479,0,0
0.4,5,0036,0.5023764943108167,0.6418844313581156,0.41268338854708947,4226,small,2717,small,1744,973,2482,0,0
0.4,10,0036,0.5023764943108167,0.6418844313581156,0.41268338854708947,4226,small,2717,small,1744,973,2482,0,0
0.4,20,0036,0.504218795461158,0.6544561933534743,0.410080454330336,4226,small,2648,small,1733,915,2493,0,0
0.45,0,0036,0.5007974481658692,0.6465743167353051,0.40866067203028866,4226,small,2671,small,1727,944,2499,0,0
0.45,3,0036,0.5000725584095197,0.6465290806754221,0.4077141504969238,4226,small,2665,small,1723,942,2503,0,0
0.45,5,0036,0.4997094712376525,0.6471030850263356,0.40700425934690015,4226,small,2658,small,1720,938,2506,0,0
0.45,10,0036,0.4997094712376525,0.6471030850263356,0.40700425934690015,4226,small,2658,small,1720,938,2506,0,0
0.45,20,0036,0.4988235294117647,0.6588966588966589,0.40132513014671084,4226,small,2574,small,1696,878,2530,0,0
0.5,0,0036,0.4994152046783626,0.6534047436878347,0.4041646947468055,4226,small,2614,small,1708,906,2518,0,0
0.5,3,0036,0.49912229373902867,0.653639846743295,0.403691433980123,4226,small,2610,small,1706,904,2520,0,0
0.5,5,0036,0.49875530824425246,0.6542451018056089,0.4029815428300994,4226,small,2603,small,1703,900,2523,0,0
0.5,10,0036,0.49992661089094376,0.6582914572864321,0.4029815428300994,4226,small,2587,small,1703,884,2523,0,0
0.5,20,0036,0.49740779143830544,0.664950495049505,0.3973024136299101,4226,small,2525,small,1679,846,2547,0,0
0.55,0,0036,0.4980876728449544,0.6582426127527217,0.40061523899668716,4226,small,2572,small,1693,879,2533,0,0
0.55,3,0036,0.4977921695613777,0.6584890965732088,0.40014197823000475,4226,small,2568,small,1691,877,2535,0,0
0.55,5,0036,0.49742154118167087,0.659117532213979,0.39943208707998107,4226,small,2561,small,1688,873,2538,0,0
0.55,10,0036,0.49859695761335104,0.6632612966601179,0.39943208707998107,4226,small,2545,small,1688,857,2538,0,0
0.55,20,0036,0.49731022115959356,0.6747769667477697,0.39375295787979175,4226,small,2466,small,1664,802,2562,0,0
0.35,0,0062,0.31763766959297685,0.21443965517241378,0.6123076923076923,325,tiny,928,tiny,199,729,126,0,0
0.35,3,0062,0.3184,0.21513513513513513,0.6123076923076923,325,tiny,925,tiny,199,726,126,0,0
0.35,5,0062,0.3184,0.21513513513513513,0.6123076923076923,325,tiny,925,tiny,199,726,126,0,0
0.35,10,0062,0.319935691318328,0.21653971708378672,0.6123076923076923,325,tiny,919,tiny,199,720,126,0,0
0.35,20,0062,0.3243683781581092,0.22062084257206208,0.6123076923076923,325,tiny,902,tiny,199,703,126,0,0
0.4,0,0062,0.31921824104234525,0.21705426356589147,0.6030769230769231,325,tiny,903,tiny,196,707,129,0,0
0.4,3,0062,0.31947840260798693,0.21729490022172948,0.6030769230769231,325,tiny,902,tiny,196,706,129,0,0
0.4,5,0062,0.31947840260798693,0.21729490022172948,0.6030769230769231,325,tiny,902,tiny,196,706,129,0,0
0.4,10,0062,0.32104832104832104,0.21875,0.6030769230769231,325,tiny,896,tiny,196,700,129,0,0
0.4,20,0062,0.3250414593698176,0.2224744608399546,0.6030769230769231,325,tiny,881,tiny,196,685,129,0,0
0.45,0,0062,0.32145816072908034,0.2199546485260771,0.5969230769230769,325,tiny,882,tiny,194,688,131,0,0
0.45,3,0062,0.32145816072908034,0.2199546485260771,0.5969230769230769,325,tiny,882,tiny,194,688,131,0,0
0.45,5,0062,0.32145816072908034,0.2199546485260771,0.5969230769230769,325,tiny,882,tiny,194,688,131,0,0
0.45,10,0062,0.3227953410981697,0.22120866590649943,0.5969230769230769,325,tiny,877,tiny,194,683,131,0,0
0.45,20,0062,0.32687447346251053,0.22505800464037123,0.5969230769230769,325,tiny,862,tiny,194,668,131,0,0
0.5,0,0062,0.32033898305084746,0.22105263157894736,0.5815384615384616,325,tiny,855,tiny,189,666,136,0,0
0.5,3,0062,0.32033898305084746,0.22105263157894736,0.5815384615384616,325,tiny,855,tiny,189,666,136,0,0
0.5,5,0062,0.32033898305084746,0.22105263157894736,0.5815384615384616,325,tiny,855,tiny,189,666,136,0,0
0.5,10,0062,0.32170212765957445,0.2223529411764706,0.5815384615384616,325,tiny,850,tiny,189,661,136,0,0
0.5,20,0062,0.3253012048192771,0.22580645161290322,0.5815384615384616,325,tiny,837,tiny,189,648,136,0,0
0.55,0,0062,0.3203463203463203,0.22289156626506024,0.5692307692307692,325,tiny,830,tiny,185,645,140,0,0
0.55,3,0062,0.3203463203463203,0.22289156626506024,0.5692307692307692,325,tiny,830,tiny,185,645,140,0,0
0.55,5,0062,0.3203463203463203,0.22289156626506024,0.5692307692307692,325,tiny,830,tiny,185,645,140,0,0
0.55,10,0062,0.3217391304347826,0.22424242424242424,0.5692307692307692,325,tiny,825,tiny,185,640,140,0,0
0.55,20,0062,0.3254177660510114,0.22783251231527094,0.5692307692307692,325,tiny,812,tiny,185,627,140,0,0
0.35,0,0073,0.26877470355731226,0.41975308641975306,0.19767441860465115,176,tiny,81,tiny,34,47,138,0,0
0.35,3,0073,0.2698412698412698,0.425,0.19767441860465115,176,tiny,80,tiny,34,46,138,0,0
0.35,5,0073,0.2698412698412698,0.425,0.19767441860465115,176,tiny,80,tiny,34,46,138,0,0
0.35,10,0073,0.24166666666666667,0.4264705882352941,0.1686046511627907,176,tiny,68,tiny,29,39,143,0,0
0.35,20,0073,0.24166666666666667,0.4264705882352941,0.1686046511627907,176,tiny,68,tiny,29,39,143,0,0
0.4,0,0073,0.272,0.4358974358974359,0.19767441860465115,176,tiny,78,tiny,34,44,138,0,0
0.4,3,0073,0.272,0.4358974358974359,0.19767441860465115,176,tiny,78,tiny,34,44,138,0,0
0.4,5,0073,0.27530364372469635,0.4533333333333333,0.19767441860465115,176,tiny,75,tiny,34,41,138,0,0
0.4,10,0073,0.24166666666666667,0.4264705882352941,0.1686046511627907,176,tiny,68,tiny,29,39,143,0,0
0.4,20,0073,0.24166666666666667,0.4264705882352941,0.1686046511627907,176,tiny,68,tiny,29,39,143,0,0
0.45,0,0073,0.26720647773279355,0.44,0.19186046511627908,176,tiny,75,tiny,33,42,139,0,0
0.45,3,0073,0.26720647773279355,0.44,0.19186046511627908,176,tiny,75,tiny,33,42,139,0,0
0.45,5,0073,0.27049180327868855,0.4583333333333333,0.19186046511627908,176,tiny,72,tiny,33,39,139,0,0
0.45,10,0073,0.23628691983122363,0.4307692307692308,0.16279069767441862,176,tiny,65,tiny,28,37,144,0,0
0.45,20,0073,0.23628691983122363,0.4307692307692308,0.16279069767441862,176,tiny,65,tiny,28,37,144,0,0
0.5,0,0073,0.26229508196721313,0.4444444444444444,0.18604651162790697,176,tiny,72,tiny,32,40,140,0,0
0.5,3,0073,0.26337448559670784,0.4507042253521127,0.18604651162790697,176,tiny,71,tiny,32,39,140,0,0
0.5,5,0073,0.26337448559670784,0.4507042253521127,0.18604651162790697,176,tiny,71,tiny,32,39,140,0,0
0.5,10,0073,0.23628691983122363,0.4307692307692308,0.16279069767441862,176,tiny,65,tiny,28,37,144,0,0
0.5,20,0073,0.23628691983122363,0.4307692307692308,0.16279069767441862,176,tiny,65,tiny,28,37,144,0,0
0.55,0,0073,0.256198347107438,0.44285714285714284,0.18023255813953487,176,tiny,70,tiny,31,39,141,0,0
0.55,3,0073,0.2572614107883817,0.4492753623188406,0.18023255813953487,176,tiny,69,tiny,31,38,141,0,0
0.55,5,0073,0.2572614107883817,0.4492753623188406,0.18023255813953487,176,tiny,69,tiny,31,38,141,0,0
0.55,10,0073,0.2297872340425532,0.42857142857142855,0.1569767441860465,176,tiny,63,tiny,27,36,145,0,0
0.55,20,0073,0.2297872340425532,0.42857142857142855,0.1569767441860465,176,tiny,63,tiny,27,36,145,0,0
0.35,0,0097,0.0,0.0,0.0,173,tiny,0,empty,0,0,175,1,0
0.35,3,0097,0.0,0.0,0.0,173,tiny,0,empty,0,0,175,1,0
0.35,5,0097,0.0,0.0,0.0,173,tiny,0,empty,0,0,175,1,0
0.35,10,0097,0.0,0.0,0.0,173,tiny,0,empty,0,0,175,1,0
0.35,20,0097,0.0,0.0,0.0,173,tiny,0,empty,0,0,175,1,0
0.4,0,0097,0.0,0.0,0.0,173,tiny,0,empty,0,0,175,1,0
0.4,3,0097,0.0,0.0,0.0,173,tiny,0,empty,0,0,175,1,0
0.4,5,0097,0.0,0.0,0.0,173,tiny,0,empty,0,0,175,1,0
0.4,10,0097,0.0,0.0,0.0,173,tiny,0,empty,0,0,175,1,0
0.4,20,0097,0.0,0.0,0.0,173,tiny,0,empty,0,0,175,1,0
0.45,0,0097,0.0,0.0,0.0,173,tiny,0,empty,0,0,175,1,0
0.45,3,0097,0.0,0.0,0.0,173,tiny,0,empty,0,0,175,1,0
0.45,5,0097,0.0,0.0,0.0,173,tiny,0,empty,0,0,175,1,0
0.45,10,0097,0.0,0.0,0.0,173,tiny,0,empty,0,0,175,1,0
0.45,20,0097,0.0,0.0,0.0,173,tiny,0,empty,0,0,175,1,0
0.5,0,0097,0.0,0.0,0.0,173,tiny,0,empty,0,0,175,1,0
0.5,3,0097,0.0,0.0,0.0,173,tiny,0,empty,0,0,175,1,0
0.5,5,0097,0.0,0.0,0.0,173,tiny,0,empty,0,0,175,1,0
0.5,10,0097,0.0,0.0,0.0,173,tiny,0,empty,0,0,175,1,0
0.5,20,0097,0.0,0.0,0.0,173,tiny,0,empty,0,0,175,1,0
0.55,0,0097,0.0,0.0,0.0,173,tiny,0,empty,0,0,175,1,0
0.55,3,0097,0.0,0.0,0.0,173,tiny,0,empty,0,0,175,1,0
0.55,5,0097,0.0,0.0,0.0,173,tiny,0,empty,0,0,175,1,0
0.55,10,0097,0.0,0.0,0.0,173,tiny,0,empty,0,0,175,1,0
0.55,20,0097,0.0,0.0,0.0,173,tiny,0,empty,0,0,175,1,0
0.35,0,0108,0.5980471928397071,0.7753164556962026,0.4867549668874172,4530,small,2844,small,2205,639,2325,0,0
0.35,3,0108,0.5981815714479577,0.7763296935540683,0.48653421633554084,4530,small,2839,small,2204,635,2326,0,0
0.35,5,0108,0.5984251968503937,0.7771509167842031,0.48653421633554084,4530,small,2836,small,2204,632,2326,0,0
0.35,10,0108,0.5982882760494498,0.7778170257859414,0.4860927152317881,4530,small,2831,small,2202,629,2328,0,0
0.35,20,0108,0.5982882760494498,0.7778170257859414,0.4860927152317881,4530,small,2831,small,2202,629,2328,0,0
0.4,0,0108,0.5951339529797703,0.7814070351758794,0.4805739514348786,4530,small,2786,small,2177,609,2353,0,0
0.4,3,0108,0.5952674052797154,0.7824523552678893,0.4803532008830022,4530,small,2781,small,2176,605,2354,0,0
0.4,5,0108,0.5952674052797154,0.7824523552678893,0.4803532008830022,4530,small,2781,small,2176,605,2354,0,0
0.4,10,0108,0.5951272926361895,0.7831412103746398,0.47991169977924947,4530,small,2776,small,2174,602,2356,0,0
0.4,20,0108,0.5951272926361895,0.7831412103746398,0.47991169977924947,4530,small,2776,small,2174,602,2356,0,0
0.45,0,0108,0.591297163315891,0.7858711566617862,0.4739514348785872,4530,small,2732,small,2147,585,2383,0,0
0.45,3,0108,0.5911845730027548,0.7860805860805861,0.47373068432671084,4530,small,2730,small,2146,584,2384,0,0
0.45,5,0108,0.5908777731845115,0.7862119545287862,0.47328918322295804,4530,small,2727,small,2144,583,2386,0,0
0.45,10,0108,0.5908777731845115,0.7862119545287862,0.47328918322295804,4530,small,2727,small,2144,583,2386,0,0
0.45,20,0108,0.5908777731845115,0.7862119545287862,0.47328918322295804,4530,small,2727,small,2144,583,2386,0,0
0.5,0,0108,0.5883495145631068,0.7914179104477612,0.4682119205298013,4530,small,2680,small,2121,559,2409,0,0
0.5,3,0108,0.5881210102692201,0.7918535127055306,0.4677704194260486,4530,small,2676,small,2119,557,2411,0,0
0.5,5,0108,0.5881210102692201,0.7918535127055306,0.4677704194260486,4530,small,2676,small,2119,557,2411,0,0
0.5,10,0108,0.5881210102692201,0.7918535127055306,0.4677704194260486,4530,small,2676,small,2119,557,2411,0,0
0.5,20,0108,0.5896758035341589,0.7975159954836282,0.4677704194260486,4530,small,2657,small,2119,538,2411,0,0
0.55,0,0108,0.5829258069023334,0.794061667301104,0.46048565121412804,4530,small,2627,small,2086,541,2444,0,0
0.55,3,0108,0.5829721795051027,0.7948913457872665,0.4602649006622517,4530,small,2623,small,2085,538,2445,0,0
0.55,5,0108,0.5829721795051027,0.7948913457872665,0.4602649006622517,4530,small,2623,small,2085,538,2445,0,0
0.55,10,0108,0.5829721795051027,0.7948913457872665,0.4602649006622517,4530,small,2623,small,2085,538,2445,0,0
0.55,20,0108,0.5844428871758934,0.800383877159309,0.4602649006622517,4530,small,2605,small,2085,520,2445,0,0
0.35,0,0130,0.6150030998140111,0.6302414231257941,0.6004842615012107,826,tiny,787,tiny,496,291,330,0,0
0.35,3,0130,0.6145251396648045,0.6305732484076433,0.5992736077481841,826,tiny,785,tiny,495,290,331,0,0
0.35,5,0130,0.6156716417910447,0.6329923273657289,0.5992736077481841,826,tiny,782,tiny,495,287,331,0,0
0.35,10,0130,0.6121174266083698,0.632258064516129,0.5932203389830508,826,tiny,775,tiny,490,285,336,0,0
0.35,20,0130,0.6025157232704402,0.6269633507853403,0.5799031476997578,826,tiny,764,tiny,479,285,347,0,0
0.4,0,0130,0.6108682073703935,0.6309677419354839,0.5920096852300242,826,tiny,775,tiny,489,286,337,0,0
0.4,3,0130,0.610381488430269,0.6313065976714101,0.5907990314769975,826,tiny,773,tiny,488,285,338,0,0
0.4,5,0130,0.6114249843063403,0.6349413298565841,0.589588377723971,826,tiny,767,tiny,487,280,339,0,0
0.4,10,0130,0.6114249843063403,0.6349413298565841,0.589588377723971,826,tiny,767,tiny,487,280,339,0,0
0.4,20,0130,0.6026531901452937,0.6301188903566711,0.5774818401937046,826,tiny,757,tiny,477,280,349,0,0
0.45,0,0130,0.6079295154185022,0.6330275229357798,0.5847457627118644,826,tiny,763,tiny,483,280,343,0,0
0.45,3,0130,0.6083123425692695,0.6338582677165354,0.5847457627118644,826,tiny,762,tiny,483,279,343,0,0
0.45,5,0130,0.6093552465233881,0.6375661375661376,0.5835351089588378,826,tiny,756,tiny,482,274,344,0,0
0.45,10,0130,0.6013986013986014,0.6331994645247657,0.572639225181598,826,tiny,747,tiny,473,274,353,0,0
0.45,20,0130,0.5868725868725869,0.6263736263736264,0.5520581113801453,826,tiny,728,tiny,456,272,370,0,0
0.5,0,0130,0.6090273363000636,0.6412315930388219,0.5799031476997578,826,tiny,747,tiny,479,268,347,0,0
0.5,3,0130,0.6090273363000636,0.6412315930388219,0.5799031476997578,826,tiny,747,tiny,479,268,347,0,0
0.5,5,0130,0.6101910828025477,0.6438172043010753,0.5799031476997578,826,tiny,744,tiny,479,265,347,0,0
0.5,10,0130,0.6021780909673287,0.6394557823129252,0.5690072639225182,826,tiny,735,tiny,470,265,356,0,0
0.5,20,0130,0.5884640311082308,0.6331938633193863,0.549636803874092,826,tiny,717,tiny,454,263,372,0,0
0.55,0,0130,0.6094750320102432,0.6467391304347826,0.576271186440678,826,tiny,736,tiny,476,260,350,0,0
0.55,3,0130,0.6102564102564103,0.6485013623978202,0.576271186440678,826,tiny,734,tiny,476,258,350,0,0
0.55,5,0130,0.6102564102564103,0.6485013623978202,0.576271186440678,826,tiny,734,tiny,476,258,350,0,0
0.55,10,0130,0.6021921341070278,0.6441379310344828,0.5653753026634383,826,tiny,725,tiny,467,258,359,0,0
0.55,20,0130,0.5893089960886571,0.6384180790960452,0.5472154963680388,826,tiny,708,tiny,452,256,374,0,0
0.35,0,0145,0.7371090448013525,0.817775212812004,0.6709280303030303,8447,large,6931,large,5668,1263,2780,0,0
0.35,3,0145,0.7371090448013525,0.817775212812004,0.6709280303030303,8447,large,6931,large,5668,1263,2780,0,0
0.35,5,0145,0.7371090448013525,0.817775212812004,0.6709280303030303,8447,large,6931,large,5668,1263,2780,0,0
0.35,10,0145,0.7371090448013525,0.817775212812004,0.6709280303030303,8447,large,6931,large,5668,1263,2780,0,0
0.35,20,0145,0.738048716946724,0.8204459889950767,0.6706912878787878,8447,large,6906,large,5666,1240,2782,0,0
0.4,0,0145,0.7365461322173543,0.822790357925493,0.6666666666666666,8447,large,6845,large,5632,1213,2816,0,0
0.4,3,0145,0.7365461322173543,0.822790357925493,0.6666666666666666,8447,large,6845,large,5632,1213,2816,0,0
0.4,5,0145,0.7365461322173543,0.822790357925493,0.6666666666666666,8447,large,6845,large,5632,1213,2816,0,0
0.4,10,0145,0.7365461322173543,0.822790357925493,0.6666666666666666,8447,large,6845,large,5632,1213,2816,0,0
0.4,20,0145,0.7383606557377049,0.8276977359600117,0.6664299242424242,8447,large,6802,large,5630,1172,2818,0,0
0.45,0,0145,0.7350236468733579,0.8257083825265643,0.6622869318181818,8447,large,6776,large,5595,1181,2853,0,0
0.45,3,0145,0.7350236468733579,0.8257083825265643,0.6622869318181818,8447,large,6776,large,5595,1181,2853,0,0
0.45,5,0145,0.7350236468733579,0.8257083825265643,0.6622869318181818,8447,large,6776,large,5595,1181,2853,0,0
0.45,10,0145,0.7354584291817285,0.8268065612531402,0.6622869318181818,8447,large,6767,large,5595,1172,2853,0,0
0.45,20,0145,0.7366965226554267,0.830314726840855,0.6620501893939394,8447,large,6736,large,5593,1143,2855,0,0
0.5,0,0145,0.7334389020849829,0.8285629099582588,0.657907196969697,8447,large,6708,large,5558,1150,2890,0,0
0.5,3,0145,0.7334389020849829,0.8285629099582588,0.657907196969697,8447,large,6708,large,5558,1150,2890,0,0
0.5,5,0145,0.7334389020849829,0.8285629099582588,0.657907196969697,8447,large,6708,large,5558,1150,2890,0,0
0.5,10,0145,0.7338746946590083,0.8296760710553814,0.657907196969697,8447,large,6699,large,5558,1141,2890,0,0
0.5,20,0145,0.7350664814447311,0.8331084120557805,0.6576704545454546,8447,large,6669,large,5556,1113,2892,0,0
0.55,0,0145,0.7326483261518064,0.8326050926623475,0.6541193181818182,8447,large,6637,large,5526,1111,2922,0,0
0.55,3,0145,0.7326968973747017,0.8327305605786618,0.6541193181818182,8447,large,6636,large,5526,1110,2922,0,0
0.55,5,0145,0.7326968973747017,0.8327305605786618,0.6541193181818182,8447,large,6636,large,5526,1110,2922,0,0
0.55,10,0145,0.7331343283582089,0.8338614757808963,0.6541193181818182,8447,large,6627,large,5526,1101,2922,0,0
0.55,20,0145,0.7342545841084241,0.8367655966081163,0.6541193181818182,8447,large,6604,large,5526,1078,2922,0,0
0.35,0,0157,0.6720989041865693,0.7209162145871006,0.6294736842105263,1906,small,1659,small,1196,463,704,0,0
0.35,3,0157,0.6720989041865693,0.7209162145871006,0.6294736842105263,1906,small,1659,small,1196,463,704,0,0
0.35,5,0157,0.6720989041865693,0.7209162145871006,0.6294736842105263,1906,small,1659,small,1196,463,704,0,0
0.35,10,0157,0.6734234234234234,0.7239709443099274,0.6294736842105263,1906,small,1652,small,1196,456,704,0,0
0.35,20,0157,0.6734234234234234,0.7239709443099274,0.6294736842105263,1906,small,1652,small,1196,456,704,0,0
0.4,0,0157,0.6712289706301683,0.7324206596141879,0.6194736842105263,1906,small,1607,small,1177,430,723,0,0
0.4,3,0157,0.6712289706301683,0.7324206596141879,0.6194736842105263,1906,small,1607,small,1177,430,723,0,0
0.4,5,0157,0.6700913242009132,0.7319201995012469,0.6178947368421053,1906,small,1604,small,1174,430,726,0,0
0.4,10,0157,0.6712407089765581,0.7346683354192741,0.6178947368421053,1906,small,1598,small,1174,424,726,0,0
0.4,20,0157,0.6712407089765581,0.7346683354192741,0.6178947368421053,1906,small,1598,small,1174,424,726,0,0
0.45,0,0157,0.6703138496976677,0.7399872854418309,0.6126315789473684,1906,small,1573,small,1164,409,736,0,0
0.45,3,0157,0.6697406340057637,0.7401273885350318,0.611578947368421,1906,small,1570,small,1162,408,738,0,0
0.45,5,0157,0.6697406340057637,0.7401273885350318,0.611578947368421,1906,small,1570,small,1162,408,738,0,0
0.45,10,0157,0.6707070707070707,0.7424920127795527,0.611578947368421,1906,small,1565,small,1162,403,738,0,0
0.45,20,0157,0.6707070707070707,0.7424920127795527,0.611578947368421,1906,small,1565,small,1162,403,738,0,0
0.5,0,0157,0.6668606342740763,0.745608327911516,0.6031578947368421,1906,small,1537,small,1146,391,754,0,0
0.5,3,0157,0.6660844250363901,0.7452768729641693,0.6021052631578947,1906,small,1535,small,1144,391,756,0,0
0.5,5,0157,0.6668609734771204,0.7472240365774004,0.6021052631578947,1906,small,1531,small,1144,387,756,0,0
0.5,10,0157,0.6668609734771204,0.7472240365774004,0.6021052631578947,1906,small,1531,small,1144,387,756,0,0
0.5,20,0157,0.6668609734771204,0.7472240365774004,0.6021052631578947,1906,small,1531,small,1144,387,756,0,0
0.55,0,0157,0.6645161290322581,0.7503311258278146,0.5963157894736842,1906,small,1510,small,1133,377,767,0,0
0.55,3,0157,0.6637323943661971,0.75,0.5952631578947368,1906,small,1508,small,1131,377,769,0,0
0.55,5,0157,0.66431718061674,0.7514950166112957,0.5952631578947368,1906,small,1505,small,1131,374,769,0,0
0.55,10,0157,0.66431718061674,0.7514950166112957,0.5952631578947368,1906,small,1505,small,1131,374,769,0,0
0.55,20,0157,0.66431718061674,0.7514950166112957,0.5952631578947368,1906,small,1505,small,1131,374,769,0,0
0.35,0,0167,0.7748275413250032,0.7932045303131245,0.7572827884493067,7861,large,7505,large,5953,1552,1908,0,0
0.35,3,0167,0.7749788452776151,0.7935217275393228,0.7572827884493067,7861,large,7502,large,5953,1549,1908,0,0
0.35,5,0167,0.7749788452776151,0.7935217275393228,0.7572827884493067,7861,large,7502,large,5953,1549,1908,0,0
0.35,10,0167,0.7749788452776151,0.7935217275393228,0.7572827884493067,7861,large,7502,large,5953,1549,1908,0,0
0.35,20,0167,0.7749788452776151,0.7935217275393228,0.7572827884493067,7861,large,7502,large,5953,1549,1908,0,0
0.4,0,0167,0.7737541745792679,0.7973009446693657,0.7515583259127337,7861,large,7410,large,5908,1502,1953,0,0
0.4,3,0167,0.7738048461034709,0.7974085571602105,0.7515583259127337,7861,large,7409,large,5908,1501,1953,0,0
0.4,5,0167,0.7738048461034709,0.7974085571602105,0.7515583259127337,7861,large,7409,large,5908,1501,1953,0,0
0.4,10,0167,0.7738048461034709,0.7974085571602105,0.7515583259127337,7861,large,7409,large,5908,1501,1953,0,0
0.4,20,0167,0.7738048461034709,0.7974085571602105,0.7515583259127337,7861,large,7409,large,5908,1501,1953,0,0
0.45,0,0167,0.7744613559992093,0.8033078184800437,0.7476148072764279,7861,large,7316,large,5877,1439,1984,0,0
0.45,3,0167,0.7745123879810226,0.8034176349965824,0.7476148072764279,7861,large,7315,large,5877,1438,1984,0,0
0.45,5,0167,0.7745123879810226,0.8034176349965824,0.7476148072764279,7861,large,7315,large,5877,1438,1984,0,0
0.45,10,0167,0.7745123879810226,0.8034176349965824,0.7476148072764279,7861,large,7315,large,5877,1438,1984,0,0
0.45,20,0167,0.7745123879810226,0.8034176349965824,0.7476148072764279,7861,large,7315,large,5877,1438,1984,0,0
0.5,0,0167,0.7732361709175224,0.8067459220348355,0.742399185854217,7861,large,7234,large,5836,1398,2025,0,0
0.5,3,0167,0.7732873989664767,0.8068574588690723,0.742399185854217,7861,large,7233,large,5836,1397,2025,0,0
0.5,5,0167,0.7732873989664767,0.8068574588690723,0.742399185854217,7861,large,7233,large,5836,1397,2025,0,0
0.5,10,0167,0.7732873989664767,0.8068574588690723,0.742399185854217,7861,large,7233,large,5836,1397,2025,0,0
0.5,20,0167,0.7732873989664767,0.8068574588690723,0.742399185854217,7861,large,7233,large,5836,1397,2025,0,0
0.55,0,0167,0.7723485100993267,0.811344537815126,0.7369291438748251,7861,large,7140,large,5793,1347,2068,0,0
0.55,3,0167,0.7724,0.8114581874212075,0.7369291438748251,7861,large,7139,large,5793,1346,2068,0,0
0.55,5,0167,0.7724,0.8114581874212075,0.7369291438748251,7861,large,7139,large,5793,1346,2068,0,0
0.55,10,0167,0.7724,0.8114581874212075,0.7369291438748251,7861,large,7139,large,5793,1346,2068,0,0
0.55,20,0167,0.7724,0.8114581874212075,0.7369291438748251,7861,large,7139,large,5793,1346,2068,0,0
0.35,0,0169,0.43478260869565216,0.416289592760181,0.4549950544015826,2022,small,2210,small,920,1290,1102,0,0
0.35,3,0169,0.43414518798770396,0.41594925237879476,0.4540059347181009,2022,small,2207,small,918,1289,1104,0,0
0.35,5,0169,0.43476201752308785,0.417083144025443,0.4540059347181009,2022,small,2201,small,918,1283,1104,0,0
0.35,10,0169,0.43476201752308785,0.417083144025443,0.4540059347181009,2022,small,2201,small,918,1283,1104,0,0
0.35,20,0169,0.4367269267364415,0.42071494042163154,0.4540059347181009,2022,small,2182,small,918,1264,1104,0,0
0.4,0,0169,0.43331728454501683,0.42213883677298314,0.44510385756676557,2022,small,2132,small,900,1232,1122,0,0
0.4,3,0169,0.43314863888219707,0.42226397369657115,0.4446092977250247,2022,small,2129,small,899,1230,1123,0,0
0.4,5,0169,0.4334619093539055,0.422859830667921,0.4446092977250247,2022,small,2126,small,899,1227,1123,0,0
0.4,10,0169,0.4334619093539055,0.422859830667921,0.4446092977250247,2022,small,2126,small,899,1227,1123,0,0
0.4,20,0169,0.43842965130455985,0.4324194324194324,0.4446092977250247,2022,small,2079,small,899,1180,1123,0,0
0.45,0,0169,0.43139166463563244,0.4252763094666026,0.43768545994065283,2022,small,2081,small,885,1196,1137,0,0
0.45,3,0169,0.4316020482809071,0.42568542568542567,0.43768545994065283,2022,small,2079,small,885,1194,1137,0,0
0.45,5,0169,0.43191800878477304,0.4263005780346821,0.43768545994065283,2022,small,2076,small,885,1191,1137,0,0
0.45,10,0169,0.43191800878477304,0.4263005780346821,0.43768545994065283,2022,small,2076,small,885,1191,1137,0,0
0.45,20,0169,0.436498150431566,0.4353172651254304,0.43768545994065283,2022,small,2033,small,885,1148,1137,0,0
0.5,0,0169,0.4292441140024783,0.43020367610531546,0.42828882294757664,2022,small,2013,small,866,1147,1156,0,0
0.5,3,0169,0.42917390225750435,0.430562468889995,0.4277942631058358,2022,small,2009,small,865,1144,1157,0,0
0.5,5,0169,0.42917390225750435,0.430562468889995,0.4277942631058358,2022,small,2009,small,865,1144,1157,0,0
0.5,10,0169,0.4301342615614122,0.4325,0.4277942631058358,2022,small,2000,small,865,1135,1157,0,0
0.5,20,0169,0.4328246184638479,0.4379746835443038,0.4277942631058358,2022,small,1975,small,865,1110,1157,0,0
0.55,0,0169,0.42749623682890114,0.43380855397148677,0.42136498516320475,2022,small,1964,small,852,1112,1170,0,0
0.55,3,0169,0.42771084337349397,0.43425076452599387,0.42136498516320475,2022,small,1962,small,852,1110,1170,0,0
0.55,5,0169,0.42771084337349397,0.43425076452599387,0.42136498516320475,2022,small,1962,small,852,1110,1170,0,0
0.55,10,0169,0.42943548387096775,0.43782117163412126,0.42136498516320475,2022,small,1946,small,852,1094,1170,0,0
0.55,20,0169,0.4309559939301973,0.4409937888198758,0.42136498516320475,2022,small,1932,small,852,1080,1170,0,0
0.35,0,0204,0.34561626429479037,0.6085011185682326,0.24134871339840283,1128,small,447,tiny,272,175,855,0,0
0.35,3,0204,0.34561626429479037,0.6085011185682326,0.24134871339840283,1128,small,447,tiny,272,175,855,0,0
0.35,5,0204,0.34561626429479037,0.6085011185682326,0.24134871339840283,1128,small,447,tiny,272,175,855,0,0
0.35,10,0204,0.34561626429479037,0.6085011185682326,0.24134871339840283,1128,small,447,tiny,272,175,855,0,0
0.35,20,0204,0.34561626429479037,0.6085011185682326,0.24134871339840283,1128,small,447,tiny,272,175,855,0,0
0.4,0,0204,0.34205488194001277,0.6090909090909091,0.2377994676131322,1128,small,440,tiny,268,172,859,0,0
0.4,3,0204,0.34205488194001277,0.6090909090909091,0.2377994676131322,1128,small,440,tiny,268,172,859,0,0
0.4,5,0204,0.34205488194001277,0.6090909090909091,0.2377994676131322,1128,small,440,tiny,268,172,859,0,0
0.4,10,0204,0.34205488194001277,0.6090909090909091,0.2377994676131322,1128,small,440,tiny,268,172,859,0,0
0.4,20,0204,0.34205488194001277,0.6090909090909091,0.2377994676131322,1128,small,440,tiny,268,172,859,0,0
0.45,0,0204,0.3378291586384072,0.6116279069767442,0.23336291038154391,1128,small,430,tiny,263,167,864,0,0
0.45,3,0204,0.3378291586384072,0.6116279069767442,0.23336291038154391,1128,small,430,tiny,263,167,864,0,0
0.45,5,0204,0.3378291586384072,0.6116279069767442,0.23336291038154391,1128,small,430,tiny,263,167,864,0,0
0.45,10,0204,0.3378291586384072,0.6116279069767442,0.23336291038154391,1128,small,430,tiny,263,167,864,0,0
0.45,20,0204,0.3378291586384072,0.6116279069767442,0.23336291038154391,1128,small,430,tiny,263,167,864,0,0
0.5,0,0204,0.33462532299741604,0.6152019002375297,0.22981366459627328,1128,small,421,tiny,259,162,868,0,0
0.5,3,0204,0.33462532299741604,0.6152019002375297,0.22981366459627328,1128,small,421,tiny,259,162,868,0,0
0.5,5,0204,0.33462532299741604,0.6152019002375297,0.22981366459627328,1128,small,421,tiny,259,162,868,0,0
0.5,10,0204,0.33462532299741604,0.6152019002375297,0.22981366459627328,1128,small,421,tiny,259,162,868,0,0
0.5,20,0204,0.33462532299741604,0.6152019002375297,0.22981366459627328,1128,small,421,tiny,259,162,868,0,0
0.55,0,0204,0.3326835607537362,0.6213592233009708,0.22715173025732033,1128,small,412,tiny,256,156,871,0,0
0.55,3,0204,0.3326835607537362,0.6213592233009708,0.22715173025732033,1128,small,412,tiny,256,156,871,0,0
0.55,5,0204,0.3326835607537362,0.6213592233009708,0.22715173025732033,1128,small,412,tiny,256,156,871,0,0
0.55,10,0204,0.3326835607537362,0.6213592233009708,0.22715173025732033,1128,small,412,tiny,256,156,871,0,0
0.55,20,0204,0.3326835607537362,0.6213592233009708,0.22715173025732033,1128,small,412,tiny,256,156,871,0,0
0.35,0,0212,0.20185614849187936,0.3346153846153846,0.14451827242524917,605,tiny,260,tiny,87,173,515,0,0
0.35,3,0212,0.20209059233449478,0.3359073359073359,0.14451827242524917,605,tiny,259,tiny,87,172,515,0,0
0.35,5,0212,0.20209059233449478,0.3359073359073359,0.14451827242524917,605,tiny,259,tiny,87,172,515,0,0
0.35,10,0212,0.20209059233449478,0.3359073359073359,0.14451827242524917,605,tiny,259,tiny,87,172,515,0,0
0.35,20,0212,0.171021377672209,0.3,0.11960132890365449,605,tiny,240,tiny,72,168,530,0,0
0.4,0,0212,0.1983663943990665,0.3333333333333333,0.14119601328903655,605,tiny,255,tiny,85,170,517,0,0
0.4,3,0212,0.1985981308411215,0.3346456692913386,0.14119601328903655,605,tiny,254,tiny,85,169,517,0,0
0.4,5,0212,0.1985981308411215,0.3346456692913386,0.14119601328903655,605,tiny,254,tiny,85,169,517,0,0
0.4,10,0212,0.1985981308411215,0.3346456692913386,0.14119601328903655,605,tiny,254,tiny,85,169,517,0,0
0.4,20,0212,0.16726403823178015,0.2978723404255319,0.11627906976744186,605,tiny,235,tiny,70,165,532,0,0
0.45,0,0212,0.19036427732079905,0.3253012048192771,0.1345514950166113,605,tiny,249,tiny,81,168,521,0,0
0.45,3,0212,0.19058823529411764,0.32661290322580644,0.1345514950166113,605,tiny,248,tiny,81,167,521,0,0
0.45,5,0212,0.19058823529411764,0.32661290322580644,0.1345514950166113,605,tiny,248,tiny,81,167,521,0,0
0.45,10,0212,0.19058823529411764,0.32661290322580644,0.1345514950166113,605,tiny,248,tiny,81,167,521,0,0
0.45,20,0212,0.11808118081180811,0.22748815165876776,0.07973421926910298,605,tiny,211,tiny,48,163,554,0,0
0.5,0,0212,0.1867612293144208,0.3237704918032787,0.13122923588039867,605,tiny,244,tiny,79,165,523,0,0
0.5,3,0212,0.1867612293144208,0.3237704918032787,0.13122923588039867,605,tiny,244,tiny,79,165,523,0,0
0.5,5,0212,0.1867612293144208,0.3237704918032787,0.13122923588039867,605,tiny,244,tiny,79,165,523,0,0
0.5,10,0212,0.1867612293144208,0.3237704918032787,0.13122923588039867,605,tiny,244,tiny,79,165,523,0,0
0.5,20,0212,0.11604938271604938,0.22596153846153846,0.07807308970099668,605,tiny,208,tiny,47,161,555,0,0
0.55,0,0212,0.1828978622327791,0.32083333333333336,0.12790697674418605,605,tiny,240,tiny,77,163,525,0,0
0.55,3,0212,0.1828978622327791,0.32083333333333336,0.12790697674418605,605,tiny,240,tiny,77,163,525,0,0
0.55,5,0212,0.1828978622327791,0.32083333333333336,0.12790697674418605,605,tiny,240,tiny,77,163,525,0,0
0.55,10,0212,0.1828978622327791,0.32083333333333336,0.12790697674418605,605,tiny,240,tiny,77,163,525,0,0
0.55,20,0212,0.11166253101736973,0.22058823529411764,0.07475083056478406,605,tiny,204,tiny,45,159,557,0,0
0.35,0,0220,0.6549295774647887,0.5446559297218155,0.8211920529801324,453,tiny,683,tiny,372,311,81,0,0
0.35,3,0220,0.6549295774647887,0.5446559297218155,0.8211920529801324,453,tiny,683,tiny,372,311,81,0,0
0.35,5,0220,0.6566637246248896,0.5470588235294118,0.8211920529801324,453,tiny,680,tiny,372,308,81,0,0
0.35,10,0220,0.6607460035523979,0.5527488855869243,0.8211920529801324,453,tiny,673,tiny,372,301,81,0,0
0.35,20,0220,0.6607460035523979,0.5527488855869243,0.8211920529801324,453,tiny,673,tiny,372,301,81,0,0
0.4,0,0220,0.6505808757819481,0.5465465465465466,0.8035320088300221,453,tiny,666,tiny,364,302,89,0,0
0.4,3,0220,0.6517457475380484,0.5481927710843374,0.8035320088300221,453,tiny,664,tiny,364,300,89,0,0
0.4,5,0220,0.6517457475380484,0.5481927710843374,0.8035320088300221,453,tiny,664,tiny,364,300,89,0,0
0.4,10,0220,0.6558558558558558,0.5540334855403348,0.8035320088300221,453,tiny,657,tiny,364,293,89,0,0
0.4,20,0220,0.6558558558558558,0.5540334855403348,0.8035320088300221,453,tiny,657,tiny,364,293,89,0,0
0.45,0,0220,0.6496815286624203,0.5526315789473685,0.7880794701986755,453,tiny,646,tiny,357,289,96,0,0
0.45,3,0220,0.650865998176846,0.5543478260869565,0.7880794701986755,453,tiny,644,tiny,357,287,96,0,0
0.45,5,0220,0.6532479414455626,0.5578125,0.7880794701986755,453,tiny,640,tiny,357,283,96,0,0
0.45,10,0220,0.6532479414455626,0.5578125,0.7880794701986755,453,tiny,640,tiny,357,283,96,0,0
0.45,20,0220,0.6532479414455626,0.5578125,0.7880794701986755,453,tiny,640,tiny,357,283,96,0,0
0.5,0,0220,0.6495412844036698,0.5557299843014128,0.7814569536423841,453,tiny,637,tiny,354,283,99,0,0
0.5,3,0220,0.6507352941176471,0.5574803149606299,0.7814569536423841,453,tiny,635,tiny,354,281,99,0,0
0.5,5,0220,0.6531365313653137,0.561014263074485,0.7814569536423841,453,tiny,631,tiny,354,277,99,0,0
0.5,10,0220,0.6531365313653137,0.561014263074485,0.7814569536423841,453,tiny,631,tiny,354,277,99,0,0
0.5,20,0220,0.6531365313653137,0.561014263074485,0.7814569536423841,453,tiny,631,tiny,354,277,99,0,0
0.55,0,0220,0.656688493919551,0.5698051948051948,0.7748344370860927,453,tiny,616,tiny,351,265,102,0,0
0.55,3,0220,0.6579194001874414,0.5716612377850163,0.7748344370860927,453,tiny,614,tiny,351,263,102,0,0
0.55,5,0220,0.6597744360902256,0.574468085106383,0.7748344370860927,453,tiny,611,tiny,351,260,102,0,0
0.55,10,0220,0.6597744360902256,0.574468085106383,0.7748344370860927,453,tiny,611,tiny,351,260,102,0,0
0.55,20,0220,0.6597744360902256,0.574468085106383,0.7748344370860927,453,tiny,611,tiny,351,260,102,0,0
0.35,0,0308,0.6638054363376252,0.7412140575079872,0.6010362694300518,3110,small,2504,small,1856,648,1232,0,0
0.35,3,0308,0.6638054363376252,0.7412140575079872,0.6010362694300518,3110,small,2504,small,1856,648,1232,0,0
0.35,5,0308,0.6638054363376252,0.7412140575079872,0.6010362694300518,3110,small,2504,small,1856,648,1232,0,0
0.35,10,0308,0.6638054363376252,0.7412140575079872,0.6010362694300518,3110,small,2504,small,1856,648,1232,0,0
0.35,20,0308,0.6638054363376252,0.7412140575079872,0.6010362694300518,3110,small,2504,small,1856,648,1232,0,0
0.4,0,0308,0.6622206200432589,0.7467479674796748,0.5948834196891192,3110,small,2460,small,1837,623,1251,0,0
0.4,3,0308,0.6622206200432589,0.7467479674796748,0.5948834196891192,3110,small,2460,small,1837,623,1251,0,0
0.4,5,0308,0.6622206200432589,0.7467479674796748,0.5948834196891192,3110,small,2460,small,1837,623,1251,0,0
0.4,10,0308,0.6622206200432589,0.7467479674796748,0.5948834196891192,3110,small,2460,small,1837,623,1251,0,0
0.4,20,0308,0.6622206200432589,0.7467479674796748,0.5948834196891192,3110,small,2460,small,1837,623,1251,0,0
0.45,0,0308,0.6594045025417574,0.7504132231404959,0.5880829015544041,3110,small,2420,small,1816,604,1272,0,0
0.45,3,0308,0.6594045025417574,0.7504132231404959,0.5880829015544041,3110,small,2420,small,1816,604,1272,0,0
0.45,5,0308,0.6594045025417574,0.7504132231404959,0.5880829015544041,3110,small,2420,small,1816,604,1272,0,0
0.45,10,0308,0.6594045025417574,0.7504132231404959,0.5880829015544041,3110,small,2420,small,1816,604,1272,0,0
0.45,20,0308,0.6594045025417574,0.7504132231404959,0.5880829015544041,3110,small,2420,small,1816,604,1272,0,0
0.5,0,0308,0.6560497894929526,0.7545263157894737,0.5803108808290155,3110,small,2375,small,1792,583,1296,0,0
0.5,3,0308,0.6560497894929526,0.7545263157894737,0.5803108808290155,3110,small,2375,small,1792,583,1296,0,0
0.5,5,0308,0.6560497894929526,0.7545263157894737,0.5803108808290155,3110,small,2375,small,1792,583,1296,0,0
0.5,10,0308,0.6560497894929526,0.7545263157894737,0.5803108808290155,3110,small,2375,small,1792,583,1296,0,0
0.5,20,0308,0.6560497894929526,0.7545263157894737,0.5803108808290155,3110,small,2375,small,1792,583,1296,0,0
0.55,0,0308,0.6552423069836005,0.7601539119281744,0.5757772020725389,3110,small,2339,small,1778,561,1310,0,0
0.55,3,0308,0.6552423069836005,0.7601539119281744,0.5757772020725389,3110,small,2339,small,1778,561,1310,0,0
0.55,5,0308,0.6552423069836005,0.7601539119281744,0.5757772020725389,3110,small,2339,small,1778,561,1310,0,0
0.55,10,0308,0.6552423069836005,0.7601539119281744,0.5757772020725389,3110,small,2339,small,1778,561,1310,0,0
0.55,20,0308,0.6552423069836005,0.7601539119281744,0.5757772020725389,3110,small,2339,small,1778,561,1310,0,0
0.35,0,0310,0.6794653705953827,0.671792407496396,0.6873156342182891,2034,small,2081,small,1398,683,636,0,0
0.35,3,0310,0.6794653705953827,0.671792407496396,0.6873156342182891,2034,small,2081,small,1398,683,636,0,0
0.35,5,0310,0.6794653705953827,0.671792407496396,0.6873156342182891,2034,small,2081,small,1398,683,636,0,0
0.35,10,0310,0.6802919708029197,0.6734104046242775,0.6873156342182891,2034,small,2076,small,1398,678,636,0,0
0.35,20,0310,0.6802919708029197,0.6734104046242775,0.6873156342182891,2034,small,2076,small,1398,678,636,0,0
0.4,0,0310,0.6797546012269938,0.6785889269965704,0.6809242871189773,2034,small,2041,small,1385,656,649,0,0
0.4,3,0310,0.6799214531173294,0.678921568627451,0.6809242871189773,2034,small,2040,small,1385,655,649,0,0
0.4,5,0310,0.6804225006140997,0.6799214531173294,0.6809242871189773,2034,small,2037,small,1385,652,649,0,0
0.4,10,0310,0.6804225006140997,0.6799214531173294,0.6809242871189773,2034,small,2037,small,1385,652,649,0,0
0.4,20,0310,0.6804225006140997,0.6799214531173294,0.6809242871189773,2034,small,2037,small,1385,652,649,0,0
0.45,0,0310,0.6816831683168317,0.6864406779661016,0.6769911504424779,2034,small,2006,small,1377,629,657,0,0
0.45,3,0310,0.6818519435503838,0.686783042394015,0.6769911504424779,2034,small,2005,small,1377,628,657,0,0
0.45,5,0310,0.682358771060456,0.6878121878121878,0.6769911504424779,2034,small,2002,small,1377,625,657,0,0
0.45,10,0310,0.682358771060456,0.6878121878121878,0.6769911504424779,2034,small,2002,small,1377,625,657,0,0
0.45,20,0310,0.682358771060456,0.6878121878121878,0.6769911504424779,2034,small,2002,small,1377,625,657,0,0
0.5,0,0310,0.6809678223996009,0.6911392405063291,0.6710914454277286,2034,small,1975,small,1365,610,669,0,0
0.5,3,0310,0.6813077115048665,0.691839837810441,0.6710914454277286,2034,small,1973,small,1365,608,669,0,0
0.5,5,0310,0.6813077115048665,0.691839837810441,0.6710914454277286,2034,small,1973,small,1365,608,669,0,0
0.5,10,0310,0.6813077115048665,0.691839837810441,0.6710914454277286,2034,small,1973,small,1365,608,669,0,0
0.5,20,0310,0.6813077115048665,0.691839837810441,0.6710914454277286,2034,small,1973,small,1365,608,669,0,0
0.55,0,0310,0.6809045226130653,0.6963001027749229,0.6661750245821042,2034,small,1946,small,1355,591,679,0,0
0.55,3,0310,0.681246857717446,0.6970164609053497,0.6661750245821042,2034,small,1944,small,1355,589,679,0,0
0.55,5,0310,0.681246857717446,0.6970164609053497,0.6661750245821042,2034,small,1944,small,1355,589,679,0,0
0.55,10,0310,0.681246857717446,0.6970164609053497,0.6661750245821042,2034,small,1944,small,1355,589,679,0,0
0.55,20,0310,0.681246857717446,0.6970164609053497,0.6661750245821042,2034,small,1944,small,1355,589,679,0,0
0.35,0,0351,0.6029882604055496,0.5616302186878728,0.6509216589861752,868,tiny,1006,small,565,441,303,0,0
0.35,3,0351,0.6029882604055496,0.5616302186878728,0.6509216589861752,868,tiny,1006,small,565,441,303,0,0
0.35,5,0351,0.6029882604055496,0.5616302186878728,0.6509216589861752,868,tiny,1006,small,565,441,303,0,0
0.35,10,0351,0.6081808396124866,0.5707070707070707,0.6509216589861752,868,tiny,990,tiny,565,425,303,0,0
0.35,20,0351,0.6081808396124866,0.5707070707070707,0.6509216589861752,868,tiny,990,tiny,565,425,303,0,0
0.4,0,0351,0.5989189189189189,0.5641547861507128,0.6382488479262672,868,tiny,982,tiny,554,428,314,0,0
0.4,3,0351,0.5989189189189189,0.5641547861507128,0.6382488479262672,868,tiny,982,tiny,554,428,314,0,0
0.4,5,0351,0.5989189189189189,0.5641547861507128,0.6382488479262672,868,tiny,982,tiny,554,428,314,0,0
0.4,10,0351,0.604143947655398,0.5734989648033126,0.6382488479262672,868,tiny,966,tiny,554,412,314,0,0
0.4,20,0351,0.604143947655398,0.5734989648033126,0.6382488479262672,868,tiny,966,tiny,554,412,314,0,0
0.45,0,0351,0.600768808347062,0.5739769150052466,0.630184331797235,868,tiny,953,tiny,547,406,321,0,0
0.45,3,0351,0.6,0.5735294117647058,0.6290322580645161,868,tiny,952,tiny,546,406,322,0,0
0.45,5,0351,0.6,0.5735294117647058,0.6290322580645161,868,tiny,952,tiny,546,406,322,0,0
0.45,10,0351,0.6046511627906976,0.582089552238806,0.6290322580645161,868,tiny,938,tiny,546,392,322,0,0
0.45,20,0351,0.6046511627906976,0.582089552238806,0.6290322580645161,868,tiny,938,tiny,546,392,322,0,0
0.5,0,0351,0.6010016694490818,0.581270182992465,0.6221198156682027,868,tiny,929,tiny,540,389,328,0,0
0.5,3,0351,0.600891861761427,0.58207343412527,0.6209677419354839,868,tiny,926,tiny,539,387,329,0,0
0.5,5,0351,0.6018983807928532,0.5839653304442037,0.6209677419354839,868,tiny,923,tiny,539,384,329,0,0
0.5,10,0351,0.6049382716049383,0.5897155361050328,0.6209677419354839,868,tiny,914,tiny,539,375,329,0,0
0.5,20,0351,0.6049382716049383,0.5897155361050328,0.6209677419354839,868,tiny,914,tiny,539,375,329,0,0
0.55,0,0351,0.5975197294250282,0.5849889624724062,0.6105990783410138,868,tiny,906,tiny,530,376,338,0,0
0.55,3,0351,0.5970654627539503,0.5851769911504425,0.6094470046082949,868,tiny,904,tiny,529,375,339,0,0
0.55,5,0351,0.5980780101752402,0.5871254162042175,0.6094470046082949,868,tiny,901,tiny,529,372,339,0,0
0.55,10,0351,0.6011363636363637,0.5930493273542601,0.6094470046082949,868,tiny,892,tiny,529,363,339,0,0
0.55,20,0351,0.6011363636363637,0.5930493273542601,0.6094470046082949,868,tiny,892,tiny,529,363,339,0,0
0.35,0,0367,0.1138328530259366,0.6694915254237288,0.06220472440944882,1270,small,118,tiny,79,39,1191,0,0
0.35,3,0367,0.1138328530259366,0.6694915254237288,0.06220472440944882,1270,small,118,tiny,79,39,1191,0,0
0.35,5,0367,0.11407942238267148,0.6869565217391305,0.06220472440944882,1270,small,115,tiny,79,36,1191,0,0
0.35,10,0367,0.11407942238267148,0.6869565217391305,0.06220472440944882,1270,small,115,tiny,79,36,1191,0,0
0.35,20,0367,0.11407942238267148,0.6869565217391305,0.06220472440944882,1270,small,115,tiny,79,36,1191,0,0
0.4,0,0367,0.1099060014461316,0.672566371681416,0.05984251968503937,1270,small,113,tiny,76,37,1194,0,0
0.4,3,0367,0.1099060014461316,0.672566371681416,0.05984251968503937,1270,small,113,tiny,76,37,1194,0,0
0.4,5,0367,0.11014492753623188,0.6909090909090909,0.05984251968503937,1270,small,110,tiny,76,34,1194,0,0
0.4,10,0367,0.11014492753623188,0.6909090909090909,0.05984251968503937,1270,small,110,tiny,76,34,1194,0,0
0.4,20,0367,0.11014492753623188,0.6909090909090909,0.05984251968503937,1270,small,110,tiny,76,34,1194,0,0
0.45,0,0367,0.10732414793328499,0.6788990825688074,0.05826771653543307,1270,small,109,tiny,74,35,1196,0,0
0.45,3,0367,0.10732414793328499,0.6788990825688074,0.05826771653543307,1270,small,109,tiny,74,35,1196,0,0
0.45,5,0367,0.10755813953488372,0.6981132075471698,0.05826771653543307,1270,small,106,tiny,74,32,1196,0,0
0.45,10,0367,0.10755813953488372,0.6981132075471698,0.05826771653543307,1270,small,106,tiny,74,32,1196,0,0
0.45,20,0367,0.10755813953488372,0.6981132075471698,0.05826771653543307,1270,small,106,tiny,74,32,1196,0,0
0.5,0,0367,0.09919766593727207,0.6732673267326733,0.05354330708661417,1270,small,101,tiny,68,33,1202,0,0
0.5,3,0367,0.09934258582907232,0.6868686868686869,0.05354330708661417,1270,small,99,tiny,68,31,1202,0,0
0.5,5,0367,0.09934258582907232,0.6868686868686869,0.05354330708661417,1270,small,99,tiny,68,31,1202,0,0
0.5,10,0367,0.09934258582907232,0.6868686868686869,0.05354330708661417,1270,small,99,tiny,68,31,1202,0,0
0.5,20,0367,0.09934258582907232,0.6868686868686869,0.05354330708661417,1270,small,99,tiny,68,31,1202,0,0
0.55,0,0367,0.09370424597364568,0.6666666666666666,0.050393700787401574,1270,small,96,tiny,64,32,1206,0,0
0.55,3,0367,0.09377289377289377,0.6736842105263158,0.050393700787401574,1270,small,95,tiny,64,31,1206,0,0
0.55,5,0367,0.09377289377289377,0.6736842105263158,0.050393700787401574,1270,small,95,tiny,64,31,1206,0,0
0.55,10,0367,0.09377289377289377,0.6736842105263158,0.050393700787401574,1270,small,95,tiny,64,31,1206,0,0
0.55,20,0367,0.09377289377289377,0.6736842105263158,0.050393700787401574,1270,small,95,tiny,64,31,1206,0,0
0.35,0,0387,0.6666666666666666,0.6071428571428571,0.7391304347826086,23,very_tiny,28,very_tiny,17,11,6,0,0
0.35,3,0387,0.6666666666666666,0.6071428571428571,0.7391304347826086,23,very_tiny,28,very_tiny,17,11,6,0,0
0.35,5,0387,0.6666666666666666,0.6071428571428571,0.7391304347826086,23,very_tiny,28,very_tiny,17,11,6,0,0
0.35,10,0387,0.6666666666666666,0.6071428571428571,0.7391304347826086,23,very_tiny,28,very_tiny,17,11,6,0,0
0.35,20,0387,0.6666666666666666,0.6071428571428571,0.7391304347826086,23,very_tiny,28,very_tiny,17,11,6,0,0
0.4,0,0387,0.6666666666666666,0.6071428571428571,0.7391304347826086,23,very_tiny,28,very_tiny,17,11,6,0,0
0.4,3,0387,0.6666666666666666,0.6071428571428571,0.7391304347826086,23,very_tiny,28,very_tiny,17,11,6,0,0
0.4,5,0387,0.6666666666666666,0.6071428571428571,0.7391304347826086,23,very_tiny,28,very_tiny,17,11,6,0,0
0.4,10,0387,0.6666666666666666,0.6071428571428571,0.7391304347826086,23,very_tiny,28,very_tiny,17,11,6,0,0
0.4,20,0387,0.6666666666666666,0.6071428571428571,0.7391304347826086,23,very_tiny,28,very_tiny,17,11,6,0,0
0.45,0,0387,0.6666666666666666,0.6071428571428571,0.7391304347826086,23,very_tiny,28,very_tiny,17,11,6,0,0
0.45,3,0387,0.6666666666666666,0.6071428571428571,0.7391304347826086,23,very_tiny,28,very_tiny,17,11,6,0,0
0.45,5,0387,0.6666666666666666,0.6071428571428571,0.7391304347826086,23,very_tiny,28,very_tiny,17,11,6,0,0
0.45,10,0387,0.6666666666666666,0.6071428571428571,0.7391304347826086,23,very_tiny,28,very_tiny,17,11,6,0,0
0.45,20,0387,0.6666666666666666,0.6071428571428571,0.7391304347826086,23,very_tiny,28,very_tiny,17,11,6,0,0
0.5,0,0387,0.6666666666666666,0.6071428571428571,0.7391304347826086,23,very_tiny,28,very_tiny,17,11,6,0,0
0.5,3,0387,0.6666666666666666,0.6071428571428571,0.7391304347826086,23,very_tiny,28,very_tiny,17,11,6,0,0
0.5,5,0387,0.6666666666666666,0.6071428571428571,0.7391304347826086,23,very_tiny,28,very_tiny,17,11,6,0,0
0.5,10,0387,0.6666666666666666,0.6071428571428571,0.7391304347826086,23,very_tiny,28,very_tiny,17,11,6,0,0
0.5,20,0387,0.6666666666666666,0.6071428571428571,0.7391304347826086,23,very_tiny,28,very_tiny,17,11,6,0,0
0.55,0,0387,0.6666666666666666,0.6071428571428571,0.7391304347826086,23,very_tiny,28,very_tiny,17,11,6,0,0
0.55,3,0387,0.6666666666666666,0.6071428571428571,0.7391304347826086,23,very_tiny,28,very_tiny,17,11,6,0,0
0.55,5,0387,0.6666666666666666,0.6071428571428571,0.7391304347826086,23,very_tiny,28,very_tiny,17,11,6,0,0
0.55,10,0387,0.6666666666666666,0.6071428571428571,0.7391304347826086,23,very_tiny,28,very_tiny,17,11,6,0,0
0.55,20,0387,0.6666666666666666,0.6071428571428571,0.7391304347826086,23,very_tiny,28,very_tiny,17,11,6,0,0
0.35,0,0399,0.6046829601777474,0.7442153975599495,0.5092112838226828,3474,small,2377,small,1769,608,1705,0,0
0.35,3,0399,0.6044444444444445,0.7441077441077442,0.5089234312032239,3474,small,2376,small,1768,608,1706,0,0
0.35,5,0399,0.6047545749957243,0.7450484618626212,0.5089234312032239,3474,small,2373,small,1768,605,1706,0,0
0.35,10,0399,0.6047545749957243,0.7450484618626212,0.5089234312032239,3474,small,2373,small,1768,605,1706,0,0
0.35,20,0399,0.6047545749957243,0.7450484618626212,0.5089234312032239,3474,small,2373,small,1768,605,1706,0,0
0.4,0,0399,0.6011699931176876,0.7472198460222412,0.5028785261945884,3474,small,2338,small,1747,591,1727,0,0
0.4,3,0399,0.6009292720702116,0.7471116816431322,0.5025906735751295,3474,small,2337,small,1746,591,1728,0,0
0.4,5,0399,0.6012396694214877,0.7480719794344473,0.5025906735751295,3474,small,2334,small,1746,588,1728,0,0
0.4,10,0399,0.6012396694214877,0.7480719794344473,0.5025906735751295,3474,small,2334,small,1746,588,1728,0,0
0.4,20,0399,0.6012396694214877,0.7480719794344473,0.5025906735751295,3474,small,2334,small,1746,588,1728,0,0
0.45,0,0399,0.5980239209568383,0.7516339869281046,0.49654576856649396,3474,small,2295,small,1725,570,1749,0,0
0.45,3,0399,0.5977808599167822,0.7515257192676548,0.4962579159470351,3474,small,2294,small,1724,570,1750,0,0
0.45,5,0399,0.5980919340849956,0.7525098210388477,0.4962579159470351,3474,small,2291,small,1724,567,1750,0,0
0.45,10,0399,0.5980919340849956,0.7525098210388477,0.4962579159470351,3474,small,2291,small,1724,567,1750,0,0
0.45,20,0399,0.5980919340849956,0.7525098210388477,0.4962579159470351,3474,small,2291,small,1724,567,1750,0,0
0.5,0,0399,0.5953958841995117,0.7553097345132743,0.4913644214162349,3474,small,2260,small,1707,553,1767,0,0
0.5,3,0399,0.5953585761647182,0.7558706247230838,0.491076568796776,3474,small,2257,small,1706,551,1768,0,0
0.5,5,0399,0.5953585761647182,0.7558706247230838,0.491076568796776,3474,small,2257,small,1706,551,1768,0,0
0.5,10,0399,0.5953585761647182,0.7558706247230838,0.491076568796776,3474,small,2257,small,1706,551,1768,0,0
0.5,20,0399,0.5953585761647182,0.7558706247230838,0.491076568796776,3474,small,2257,small,1706,551,1768,0,0
0.55,0,0399,0.5923455056179775,0.7592259225922592,0.48560736902705814,3474,small,2222,small,1687,535,1787,0,0
0.55,3,0399,0.5924104005621925,0.7601442741208295,0.4853195164075993,3474,small,2218,small,1686,532,1788,0,0
0.55,5,0399,0.5924104005621925,0.7601442741208295,0.4853195164075993,3474,small,2218,small,1686,532,1788,0,0
0.55,10,0399,0.5924104005621925,0.7601442741208295,0.4853195164075993,3474,small,2218,small,1686,532,1788,0,0
0.55,20,0399,0.5943945002644103,0.7667121418826739,0.4853195164075993,3474,small,2199,small,1686,513,1788,0,0
0.35,0,0408,0.6244025157232704,0.8737385590237033,0.4857776617954071,7664,large,4261,small,3723,538,3941,0,0
0.35,3,0408,0.6238778421008474,0.8737955346650998,0.48512526096033404,7664,large,4255,small,3718,537,3946,0,0
0.35,5,0408,0.6238778421008474,0.8737955346650998,0.48512526096033404,7664,large,4255,small,3718,537,3946,0,0
0.35,10,0408,0.6237915090374107,0.8768612621129757,0.48408141962421714,7664,large,4231,small,3710,521,3954,0,0
0.35,20,0408,0.6236522911051213,0.8797528517110266,0.48303757828810023,7664,large,4208,small,3702,506,3962,0,0
0.4,0,0408,0.6214574898785425,0.8788167938931297,0.48068893528183715,7664,large,4192,small,3684,508,3980,0,0
0.4,3,0408,0.62099223759703,0.8787010506208214,0.4801670146137787,7664,large,4188,small,3680,508,3984,0,0
0.4,5,0408,0.6212018906144497,0.8795411089866156,0.4801670146137787,7664,large,4184,small,3680,504,3984,0,0
0.4,10,0408,0.620742118164145,0.8812095032397408,0.4791231732776618,7664,large,4167,small,3672,495,3992,0,0
0.4,20,0408,0.6189587926064101,0.8837772397094431,0.4762526096033403,7664,large,4130,small,3650,480,4014,0,0
0.45,0,0408,0.6169905796486463,0.8824957513959699,0.47429540709812107,7664,large,4119,small,3635,484,4029,0,0
0.45,3,0408,0.6166383701188455,0.8824101068999028,0.47390396659707723,7664,large,4116,small,3632,484,4032,0,0
0.45,5,0408,0.6168478260869565,0.8832684824902723,0.47390396659707723,7664,large,4112,small,3632,480,4032,0,0
0.45,10,0408,0.6168510638297873,0.8869309838472834,0.47286012526096033,7664,large,4086,small,3624,462,4040,0,0
0.45,20,0408,0.6148861795549493,0.8870848708487085,0.4705114822546973,7664,large,4065,small,3606,459,4058,0,0
0.5,0,0408,0.614151747655584,0.8858829316281358,0.46998956158663885,7664,large,4066,small,3602,464,4062,0,0
0.5,3,0408,0.6139154160982264,0.8858267716535433,0.4697286012526096,7664,large,4064,small,3600,464,4064,0,0
0.5,5,0408,0.6139661942974219,0.8879012345679013,0.4692066805845512,7664,large,4050,small,3596,454,4068,0,0
0.5,10,0408,0.6143455586902624,0.8909000743863129,0.46881524008350733,7664,large,4033,small,3593,440,4071,0,0
0.5,20,0408,0.6123672490578965,0.8910767696909272,0.46646659707724425,7664,large,4012,small,3575,437,4089,0,0
0.55,0,0408,0.6112301757393913,0.8910272431892027,0.4651617954070981,7664,large,4001,small,3565,436,4099,0,0
0.55,3,0408,0.6110444177671068,0.8911955977988995,0.4649008350730689,7664,large,3998,small,3563,435,4101,0,0
0.55,5,0408,0.6109346837181358,0.8926511161274141,0.46437891440501045,7664,large,3987,small,3559,428,4105,0,0
0.55,10,0408,0.6094516656623913,0.8955223880597015,0.4618997912317328,7664,large,3953,small,3540,413,4124,0,0
0.55,20,0408,0.6094516656623913,0.8955223880597015,0.4618997912317328,7664,large,3953,small,3540,413,4124,0,0
0.35,0,0414,0.43525110640754283,0.3549905838041431,0.5624067628045748,2011,small,3186,small,1131,2055,880,0,0
0.35,3,0414,0.43567026194144837,0.3555485696321911,0.5624067628045748,2011,small,3181,small,1131,2050,880,0,0
0.35,5,0414,0.43567026194144837,0.3555485696321911,0.5624067628045748,2011,small,3181,small,1131,2050,880,0,0
0.35,10,0414,0.43567026194144837,0.3555485696321911,0.5624067628045748,2011,small,3181,small,1131,2050,880,0,0
0.35,20,0414,0.4376934984520124,0.358251504592968,0.5624067628045748,2011,small,3157,small,1131,2026,880,0,0
0.4,0,0414,0.4399137424034503,0.36310679611650487,0.5579313774241671,2011,small,3090,small,1122,1968,889,0,0
0.4,3,0414,0.44017261671243624,0.36345966958211856,0.5579313774241671,2011,small,3087,small,1122,1965,889,0,0
0.4,5,0414,0.44017261671243624,0.36345966958211856,0.5579313774241671,2011,small,3087,small,1122,1965,889,0,0
0.4,10,0414,0.44017261671243624,0.36345966958211856,0.5579313774241671,2011,small,3087,small,1122,1965,889,0,0
0.4,20,0414,0.44208037825059104,0.36606851549755304,0.5579313774241671,2011,small,3065,small,1122,1943,889,0,0
0.45,0,0414,0.4440015942606616,0.37046890588626535,0.5539532570860268,2011,small,3007,small,1114,1893,897,0,0
0.45,3,0414,0.44417862838915473,0.37071547420965056,0.5539532570860268,2011,small,3005,small,1114,1891,897,0,0
0.45,5,0414,0.44417862838915473,0.37071547420965056,0.5539532570860268,2011,small,3005,small,1114,1891,897,0,0
0.45,10,0414,0.44471057884231535,0.371457152384128,0.5539532570860268,2011,small,2999,small,1114,1885,897,0,0
0.45,20,0414,0.44577831132452983,0.37294944760629395,0.5539532570860268,2011,small,2987,small,1114,1873,897,0,0
0.5,0,0414,0.44782168186423504,0.37790697674418605,0.5494778717056191,2011,small,2924,small,1105,1819,906,0,0
0.5,3,0414,0.4480940794809408,0.37829510441629577,0.5494778717056191,2011,small,2921,small,1105,1816,906,0,0
0.5,5,0414,0.4480940794809408,0.37829510441629577,0.5494778717056191,2011,small,2921,small,1105,1816,906,0,0
0.5,10,0414,0.4486398700771417,0.379073756432247,0.5494778717056191,2011,small,2915,small,1105,1810,906,0,0
0.5,20,0414,0.4497354497354497,0.3806407165001722,0.5494778717056191,2011,small,2903,small,1105,1798,906,0,0
0.55,0,0414,0.4531958762886598,0.3871081366678408,0.546494281452014,2011,small,2839,small,1099,1740,912,0,0
0.55,3,0414,0.45375722543352603,0.3879279915284151,0.546494281452014,2011,small,2833,small,1099,1734,912,0,0
0.55,5,0414,0.4540384218136749,0.388339222614841,0.546494281452014,2011,small,2830,small,1099,1731,912,0,0
0.55,10,0414,0.4540384218136749,0.388339222614841,0.546494281452014,2011,small,2830,small,1099,1731,912,0,0
0.55,20,0414,0.4549782653694887,0.38971631205673757,0.546494281452014,2011,small,2820,small,1099,1721,912,0,0
0.35,0,0420,0.8337540006765372,0.8260376385666409,0.841615885690271,19036,large,19395,large,16021,3374,3015,0,0
0.35,3,0420,0.8337973925941347,0.8261228278244728,0.841615885690271,19036,large,19393,large,16021,3372,3015,0,0
0.35,5,0420,0.8338841899804814,0.826293259064418,0.841615885690271,19036,large,19389,large,16021,3368,3015,0,0
0.35,10,0420,0.8338236442685689,0.8265290322580645,0.8412481613784408,19036,large,19375,large,16014,3361,3022,0,0
0.35,20,0420,0.8344971339239187,0.8278535980148883,0.8412481613784408,19036,large,19344,large,16014,3330,3022,0,0
0.4,0,0420,0.8345805641320844,0.83140444166406,0.8377810464383274,19036,large,19182,large,15948,3234,3088,0,0
0.4,3,0420,0.8346242411555369,0.8314911366006257,0.8377810464383274,19036,large,19180,large,15948,3232,3088,0,0
0.4,5,0420,0.8347989949748744,0.8318380972251199,0.8377810464383274,19036,large,19172,large,15948,3224,3088,0,0
0.4,10,0420,0.8346596858638744,0.8318722604884158,0.8374658541710444,19036,large,19164,large,15942,3222,3094,0,0
0.4,20,0420,0.835250045843921,0.8330459319642577,0.8374658541710444,19036,large,19137,large,15942,3195,3094,0,0
0.45,0,0420,0.8354623350680754,0.8360336664913204,0.8348917839882328,19036,large,19010,large,15893,3117,3143,0,0
0.45,3,0420,0.8354842949139177,0.8360776474301647,0.8348917839882328,19036,large,19009,large,15893,3116,3143,0,0
0.45,5,0420,0.835638046164362,0.8363856436164614,0.8348917839882328,19036,large,19002,large,15893,3109,3143,0,0
0.45,10,0420,0.835652105304684,0.836730394480434,0.8345765917209498,19036,large,18987,large,15887,3100,3149,0,0
0.45,20,0420,0.8359818985476741,0.8373919460257221,0.8345765917209498,19036,large,18972,large,15887,3085,3149,0,0
0.5,0,0420,0.8357286272852161,0.8406143707482994,0.8308993486026476,19036,large,18816,large,15817,2999,3219,0,0
0.5,3,0420,0.8357420275304499,0.8406952639132514,0.8308468165581004,19036,large,18813,large,15816,2997,3220,0,0
0.5,5,0420,0.8359628954253548,0.8411423708982609,0.8308468165581004,19036,large,18803,large,15816,2987,3220,0,0
0.5,10,0420,0.8358224736327351,0.8411811652035116,0.8305316242908174,19036,large,18795,large,15810,2985,3226,0,0
0.5,20,0420,0.8360655737704918,0.8416737649063032,0.8305316242908174,19036,large,18784,large,15810,2974,3226,0,0
0.55,0,0420,0.8359706881903144,0.8451256173502255,0.8270119773061567,19036,large,18628,large,15743,2885,3293,0,0
0.55,3,0420,0.8360507727441713,0.8453442165180969,0.8269594452616096,19036,large,18622,large,15742,2880,3294,0,0
0.55,5,0420,0.8361840008498884,0.8456166738289643,0.8269594452616096,19036,large,18616,large,15742,2874,3294,0,0
0.55,10,0420,0.836073847788551,0.8456660755548391,0.8266967850388737,19036,large,18609,large,15737,2872,3299,0,0
0.55,20,0420,0.8362960010628404,0.8461207591806011,0.8266967850388737,19036,large,18599,large,15737,2862,3299,0,0
0.35,0,0450,0.5074626865671642,0.7391304347826086,0.38636363636363635,44,very_tiny,23,very_tiny,17,6,27,0,0
0.35,3,0450,0.5074626865671642,0.7391304347826086,0.38636363636363635,44,very_tiny,23,very_tiny,17,6,27,0,0
0.35,5,0450,0.5074626865671642,0.7391304347826086,0.38636363636363635,44,very_tiny,23,very_tiny,17,6,27,0,0
0.35,10,0450,0.5074626865671642,0.7391304347826086,0.38636363636363635,44,very_tiny,23,very_tiny,17,6,27,0,0
0.35,20,0450,0.5074626865671642,0.7391304347826086,0.38636363636363635,44,very_tiny,23,very_tiny,17,6,27,0,0
0.4,0,0450,0.5074626865671642,0.7391304347826086,0.38636363636363635,44,very_tiny,23,very_tiny,17,6,27,0,0
0.4,3,0450,0.5074626865671642,0.7391304347826086,0.38636363636363635,44,very_tiny,23,very_tiny,17,6,27,0,0
0.4,5,0450,0.5074626865671642,0.7391304347826086,0.38636363636363635,44,very_tiny,23,very_tiny,17,6,27,0,0
0.4,10,0450,0.5074626865671642,0.7391304347826086,0.38636363636363635,44,very_tiny,23,very_tiny,17,6,27,0,0
0.4,20,0450,0.5074626865671642,0.7391304347826086,0.38636363636363635,44,very_tiny,23,very_tiny,17,6,27,0,0
0.45,0,0450,0.46153846153846156,0.7142857142857143,0.3409090909090909,44,very_tiny,21,very_tiny,15,6,29,0,0
0.45,3,0450,0.46153846153846156,0.7142857142857143,0.3409090909090909,44,very_tiny,21,very_tiny,15,6,29,0,0
0.45,5,0450,0.46153846153846156,0.7142857142857143,0.3409090909090909,44,very_tiny,21,very_tiny,15,6,29,0,0
0.45,10,0450,0.46153846153846156,0.7142857142857143,0.3409090909090909,44,very_tiny,21,very_tiny,15,6,29,0,0
0.45,20,0450,0.46153846153846156,0.7142857142857143,0.3409090909090909,44,very_tiny,21,very_tiny,15,6,29,0,0
0.5,0,0450,0.45161290322580644,0.7777777777777778,0.3181818181818182,44,very_tiny,18,very_tiny,14,4,30,0,0
0.5,3,0450,0.45161290322580644,0.7777777777777778,0.3181818181818182,44,very_tiny,18,very_tiny,14,4,30,0,0
0.5,5,0450,0.45161290322580644,0.7777777777777778,0.3181818181818182,44,very_tiny,18,very_tiny,14,4,30,0,0
0.5,10,0450,0.45161290322580644,0.7777777777777778,0.3181818181818182,44,very_tiny,18,very_tiny,14,4,30,0,0
0.5,20,0450,0.0,0.0,0.0,44,very_tiny,0,empty,0,0,44,1,0
0.55,0,0450,0.45161290322580644,0.7777777777777778,0.3181818181818182,44,very_tiny,18,very_tiny,14,4,30,0,0
0.55,3,0450,0.45161290322580644,0.7777777777777778,0.3181818181818182,44,very_tiny,18,very_tiny,14,4,30,0,0
0.55,5,0450,0.45161290322580644,0.7777777777777778,0.3181818181818182,44,very_tiny,18,very_tiny,14,4,30,0,0
0.55,10,0450,0.45161290322580644,0.7777777777777778,0.3181818181818182,44,very_tiny,18,very_tiny,14,4,30,0,0
0.55,20,0450,0.0,0.0,0.0,44,very_tiny,0,empty,0,0,44,1,0
0.35,0,0452,0.6428571428571429,0.6101694915254238,0.6792452830188679,212,tiny,236,tiny,144,92,68,0,0
0.35,3,0452,0.6428571428571429,0.6101694915254238,0.6792452830188679,212,tiny,236,tiny,144,92,68,0,0
0.35,5,0452,0.647191011235955,0.6180257510729614,0.6792452830188679,212,tiny,233,tiny,144,89,68,0,0
0.35,10,0452,0.647191011235955,0.6180257510729614,0.6792452830188679,212,tiny,233,tiny,144,89,68,0,0
0.35,20,0452,0.6697674418604651,0.6605504587155964,0.6792452830188679,212,tiny,218,tiny,144,74,68,0,0
0.4,0,0452,0.6470588235294118,0.6217391304347826,0.6745283018867925,212,tiny,230,tiny,143,87,69,0,0
0.4,3,0452,0.6470588235294118,0.6217391304347826,0.6745283018867925,212,tiny,230,tiny,143,87,69,0,0
0.4,5,0452,0.6514806378132119,0.6299559471365639,0.6745283018867925,212,tiny,227,tiny,143,84,69,0,0
0.4,10,0452,0.6514806378132119,0.6299559471365639,0.6745283018867925,212,tiny,227,tiny,143,84,69,0,0
0.4,20,0452,0.6729411764705883,0.6713615023474179,0.6745283018867925,212,tiny,213,tiny,143,70,69,0,0
0.45,0,0452,0.6376146788990825,0.6205357142857143,0.6556603773584906,212,tiny,224,tiny,139,85,73,0,0
0.45,3,0452,0.6376146788990825,0.6205357142857143,0.6556603773584906,212,tiny,224,tiny,139,85,73,0,0
0.45,5,0452,0.6420323325635104,0.6289592760180995,0.6556603773584906,212,tiny,221,tiny,139,82,73,0,0
0.45,10,0452,0.6420323325635104,0.6289592760180995,0.6556603773584906,212,tiny,221,tiny,139,82,73,0,0
0.45,20,0452,0.6619047619047619,0.6682692307692307,0.6556603773584906,212,tiny,208,tiny,139,69,73,0,0
0.5,0,0452,0.6450116009280742,0.634703196347032,0.6556603773584906,212,tiny,219,tiny,139,80,73,0,0
0.5,3,0452,0.6450116009280742,0.634703196347032,0.6556603773584906,212,tiny,219,tiny,139,80,73,0,0
0.5,5,0452,0.6495327102803738,0.6435185185185185,0.6556603773584906,212,tiny,216,tiny,139,77,73,0,0
0.5,10,0452,0.6495327102803738,0.6435185185185185,0.6556603773584906,212,tiny,216,tiny,139,77,73,0,0
0.5,20,0452,0.6682692307692307,0.6813725490196079,0.6556603773584906,212,tiny,204,tiny,139,65,73,0,0
0.55,0,0452,0.6494117647058824,0.647887323943662,0.6509433962264151,212,tiny,213,tiny,138,75,74,0,0
0.55,3,0452,0.6524822695035462,0.6540284360189573,0.6509433962264151,212,tiny,211,tiny,138,73,74,0,0
0.55,5,0452,0.6524822695035462,0.6540284360189573,0.6509433962264151,212,tiny,211,tiny,138,73,74,0,0
0.55,10,0452,0.6524822695035462,0.6540284360189573,0.6509433962264151,212,tiny,211,tiny,138,73,74,0,0
0.55,20,0452,0.6715328467153284,0.6934673366834171,0.6509433962264151,212,tiny,199,tiny,138,61,74,0,0
0.35,0,0467,0.8341871972862863,0.910075922322689,0.7699806326662363,31023,large,26211,large,23854,2357,7126,0,0
0.35,3,0467,0.8341260404280618,0.9100656288156288,0.7698837959974177,31023,large,26208,large,23851,2357,7129,0,0
0.35,5,0467,0.8340444879686626,0.9100519004732102,0.7697546804389929,31023,large,26204,large,23847,2357,7133,0,0
0.35,10,0467,0.8340444879686626,0.9100519004732102,0.7697546804389929,31023,large,26204,large,23847,2357,7133,0,0
0.35,20,0467,0.8340444879686626,0.9100519004732102,0.7697546804389929,31023,large,26204,large,23847,2357,7133,0,0
0.4,0,0467,0.8328274942544868,0.9121863110564544,0.7661717236927049,31023,large,26021,large,23736,2285,7244,0,0
0.4,3,0467,0.8327660619670866,0.9121761857175802,0.7660748870238864,31023,large,26018,large,23733,2285,7247,0,0
0.4,5,0467,0.8327046232125626,0.9121660580434365,0.7659780503550678,31023,large,26015,large,23730,2285,7250,0,0
0.4,10,0467,0.8327046232125626,0.9121660580434365,0.7659780503550678,31023,large,26015,large,23730,2285,7250,0,0
0.4,20,0467,0.8327046232125626,0.9121660580434365,0.7659780503550678,31023,large,26015,large,23730,2285,7250,0,0
0.45,0,0467,0.831326573722011,0.9142403592999845,0.7622014202711427,31023,large,25828,large,23613,2215,7367,0,0
0.45,3,0467,0.8312854275956765,0.9142337179586463,0.7621368624919302,31023,large,25826,large,23611,2215,7369,0,0
0.45,5,0467,0.8312854275956765,0.9142337179586463,0.7621368624919302,31023,large,25826,large,23611,2215,7369,0,0
0.45,10,0467,0.8312854275956765,0.9142337179586463,0.7621368624919302,31023,large,25826,large,23611,2215,7369,0,0
0.45,20,0467,0.8312854275956765,0.9142337179586463,0.7621368624919302,31023,large,25826,large,23611,2215,7369,0,0
0.5,0,0467,0.8303172613477869,0.9163711468765832,0.7590380890897354,31023,large,25661,large,23515,2146,7465,0,0
0.5,3,0467,0.830275958261975,0.9163646283954947,0.7589735313105229,31023,large,25659,large,23513,2146,7467,0,0
0.5,5,0467,0.830275958261975,0.9163646283954947,0.7589735313105229,31023,large,25659,large,23513,2146,7467,0,0
0.5,10,0467,0.830275958261975,0.9163646283954947,0.7589735313105229,31023,large,25659,large,23513,2146,7467,0,0
0.5,20,0467,0.830275958261975,0.9163646283954947,0.7589735313105229,31023,large,25659,large,23513,2146,7467,0,0
0.55,0,0467,0.8289737005224476,0.9183441239945066,0.7554551323434474,31023,large,25485,large,23404,2081,7576,0,0
0.55,3,0467,0.8289469023413978,0.9183737540224473,0.755390574564235,31023,large,25482,large,23402,2080,7578,0,0
0.55,5,0467,0.8289469023413978,0.9183737540224473,0.755390574564235,31023,large,25482,large,23402,2080,7578,0,0
0.55,10,0467,0.8289469023413978,0.9183737540224473,0.755390574564235,31023,large,25482,large,23402,2080,7578,0,0
0.55,20,0467,0.8291317519088702,0.9188754073899557,0.7553582956746288,31023,large,25467,large,23401,2066,7579,0,0
0.35,0,0491,0.0,0.0,0.0,212,tiny,0,empty,0,0,212,1,0
0.35,3,0491,0.0,0.0,0.0,212,tiny,0,empty,0,0,212,1,0
0.35,5,0491,0.0,0.0,0.0,212,tiny,0,empty,0,0,212,1,0
0.35,10,0491,0.0,0.0,0.0,212,tiny,0,empty,0,0,212,1,0
0.35,20,0491,0.0,0.0,0.0,212,tiny,0,empty,0,0,212,1,0
0.4,0,0491,0.0,0.0,0.0,212,tiny,0,empty,0,0,212,1,0
0.4,3,0491,0.0,0.0,0.0,212,tiny,0,empty,0,0,212,1,0
0.4,5,0491,0.0,0.0,0.0,212,tiny,0,empty,0,0,212,1,0
0.4,10,0491,0.0,0.0,0.0,212,tiny,0,empty,0,0,212,1,0
0.4,20,0491,0.0,0.0,0.0,212,tiny,0,empty,0,0,212,1,0
0.45,0,0491,0.0,0.0,0.0,212,tiny,0,empty,0,0,212,1,0
0.45,3,0491,0.0,0.0,0.0,212,tiny,0,empty,0,0,212,1,0
0.45,5,0491,0.0,0.0,0.0,212,tiny,0,empty,0,0,212,1,0
0.45,10,0491,0.0,0.0,0.0,212,tiny,0,empty,0,0,212,1,0
0.45,20,0491,0.0,0.0,0.0,212,tiny,0,empty,0,0,212,1,0
0.5,0,0491,0.0,0.0,0.0,212,tiny,0,empty,0,0,212,1,0
0.5,3,0491,0.0,0.0,0.0,212,tiny,0,empty,0,0,212,1,0
0.5,5,0491,0.0,0.0,0.0,212,tiny,0,empty,0,0,212,1,0
0.5,10,0491,0.0,0.0,0.0,212,tiny,0,empty,0,0,212,1,0
0.5,20,0491,0.0,0.0,0.0,212,tiny,0,empty,0,0,212,1,0
0.55,0,0491,0.0,0.0,0.0,212,tiny,0,empty,0,0,212,1,0
0.55,3,0491,0.0,0.0,0.0,212,tiny,0,empty,0,0,212,1,0
0.55,5,0491,0.0,0.0,0.0,212,tiny,0,empty,0,0,212,1,0
0.55,10,0491,0.0,0.0,0.0,212,tiny,0,empty,0,0,212,1,0
0.55,20,0491,0.0,0.0,0.0,212,tiny,0,empty,0,0,212,1,0
0.35,0,0512,0.707638279192274,0.6716666666666666,0.7476808905380334,536,tiny,600,tiny,403,197,136,0,0
0.35,3,0512,0.7088830255057168,0.6739130434782609,0.7476808905380334,536,tiny,598,tiny,403,195,136,0,0
0.35,5,0512,0.7088830255057168,0.6739130434782609,0.7476808905380334,536,tiny,598,tiny,403,195,136,0,0
0.35,10,0512,0.7088830255057168,0.6739130434782609,0.7476808905380334,536,tiny,598,tiny,403,195,136,0,0
0.35,20,0512,0.7088830255057168,0.6739130434782609,0.7476808905380334,536,tiny,598,tiny,403,195,136,0,0
0.4,0,0512,0.7103631532329495,0.6796610169491526,0.7439703153988868,536,tiny,590,tiny,401,189,138,0,0
0.4,3,0512,0.7109929078014184,0.6808149405772496,0.7439703153988868,536,tiny,589,tiny,401,188,138,0,0
0.4,5,0512,0.7109929078014184,0.6808149405772496,0.7439703153988868,536,tiny,589,tiny,401,188,138,0,0
0.4,10,0512,0.7109929078014184,0.6808149405772496,0.7439703153988868,536,tiny,589,tiny,401,188,138,0,0
0.4,20,0512,0.7109929078014184,0.6808149405772496,0.7439703153988868,536,tiny,589,tiny,401,188,138,0,0
0.45,0,0512,0.7103139013452915,0.6875,0.7346938775510204,536,tiny,576,tiny,396,180,143,0,0
0.45,3,0512,0.7103139013452915,0.6875,0.7346938775510204,536,tiny,576,tiny,396,180,143,0,0
0.45,5,0512,0.7103139013452915,0.6875,0.7346938775510204,536,tiny,576,tiny,396,180,143,0,0
0.45,10,0512,0.7103139013452915,0.6875,0.7346938775510204,536,tiny,576,tiny,396,180,143,0,0
0.45,20,0512,0.7103139013452915,0.6875,0.7346938775510204,536,tiny,576,tiny,396,180,143,0,0
0.5,0,0512,0.7105500450856628,0.6912280701754386,0.7309833024118738,536,tiny,570,tiny,394,176,145,0,0
0.5,3,0512,0.7105500450856628,0.6912280701754386,0.7309833024118738,536,tiny,570,tiny,394,176,145,0,0
0.5,5,0512,0.7105500450856628,0.6912280701754386,0.7309833024118738,536,tiny,570,tiny,394,176,145,0,0
0.5,10,0512,0.7105500450856628,0.6912280701754386,0.7309833024118738,536,tiny,570,tiny,394,176,145,0,0
0.5,20,0512,0.7105500450856628,0.6912280701754386,0.7309833024118738,536,tiny,570,tiny,394,176,145,0,0
0.55,0,0512,0.7151956323930846,0.7017857142857142,0.7291280148423006,536,tiny,560,tiny,393,167,146,0,0
0.55,3,0512,0.7151956323930846,0.7017857142857142,0.7291280148423006,536,tiny,560,tiny,393,167,146,0,0
0.55,5,0512,0.7151956323930846,0.7017857142857142,0.7291280148423006,536,tiny,560,tiny,393,167,146,0,0
0.55,10,0512,0.7151956323930846,0.7017857142857142,0.7291280148423006,536,tiny,560,tiny,393,167,146,0,0
0.55,20,0512,0.7151956323930846,0.7017857142857142,0.7291280148423006,536,tiny,560,tiny,393,167,146,0,0
0.35,0,0537,0.7562273917007323,0.801009282910722,0.7161876114081996,17927,large,16051,large,12857,3194,5095,0,0
0.35,3,0537,0.7562273917007323,0.801009282910722,0.7161876114081996,17927,large,16051,large,12857,3194,5095,0,0
0.35,5,0537,0.7562273917007323,0.801009282910722,0.7161876114081996,17927,large,16051,large,12857,3194,5095,0,0
0.35,10,0537,0.7562273917007323,0.801009282910722,0.7161876114081996,17927,large,16051,large,12857,3194,5095,0,0
0.35,20,0537,0.756001412096964,0.8010598503740648,0.7157419786096256,17927,large,16040,large,12849,3191,5103,0,0
0.4,0,0537,0.7548767131397448,0.8054450129492767,0.7102829768270945,17927,large,15831,large,12751,3080,5201,0,0
0.4,3,0537,0.7548767131397448,0.8054450129492767,0.7102829768270945,17927,large,15831,large,12751,3080,5201,0,0
0.4,5,0537,0.7547661338069864,0.8054081374778873,0.7101158645276292,17927,large,15828,large,12748,3080,5204,0,0
0.4,10,0537,0.7547661338069864,0.8054081374778873,0.7101158645276292,17927,large,15828,large,12748,3080,5204,0,0
0.4,20,0537,0.7545158424637252,0.8054115564546719,0.7096702317290553,17927,large,15818,large,12740,3078,5212,0,0
0.45,0,0537,0.752755436401549,0.8090024330900243,0.7038213012477719,17927,large,15618,large,12635,2983,5317,0,0
0.45,3,0537,0.7527182817480413,0.8089902029839278,0.7037655971479501,17927,large,15617,large,12634,2983,5318,0,0
0.45,5,0537,0.7527182817480413,0.8089902029839278,0.7037655971479501,17927,large,15617,large,12634,2983,5318,0,0
0.45,10,0537,0.7527182817480413,0.8089902029839278,0.7037655971479501,17927,large,15617,large,12634,2983,5318,0,0
0.45,20,0537,0.7524658064900622,0.808995963349779,0.7033199643493762,17927,large,15607,large,12626,2981,5326,0,0
0.5,0,0537,0.750314804821011,0.8124269575379821,0.6970254010695187,17927,large,15402,large,12513,2889,5439,0,0
0.5,3,0537,0.7502623609486971,0.812455354243782,0.6969139928698752,17927,large,15399,large,12511,2888,5441,0,0
0.5,5,0537,0.7502623609486971,0.812455354243782,0.6969139928698752,17927,large,15399,large,12511,2888,5441,0,0
0.5,10,0537,0.7502623609486971,0.812455354243782,0.6969139928698752,17927,large,15399,large,12511,2888,5441,0,0
0.5,20,0537,0.7500074982753967,0.8124634479173436,0.6964683600713012,17927,large,15389,large,12503,2886,5449,0,0
0.55,0,0537,0.7478423562073753,0.8159489003029106,0.6902295008912656,17927,large,15186,large,12391,2795,5561,0,0
0.55,3,0537,0.7477667793336552,0.8159246575342466,0.690118092691622,17927,large,15184,large,12389,2795,5563,0,0
0.55,5,0537,0.7477667793336552,0.8159246575342466,0.690118092691622,17927,large,15184,large,12389,2795,5563,0,0
0.55,10,0537,0.7477667793336552,0.8159246575342466,0.690118092691622,17927,large,15184,large,12389,2795,5563,0,0
0.55,20,0537,0.7475095091468936,0.8159351522340846,0.6896724598930482,17927,large,15174,large,12381,2793,5571,0,0
0.35,0,0546,0.0,0.0,0.0,105,tiny,135,tiny,0,135,105,0,0
0.35,3,0546,0.0,0.0,0.0,105,tiny,135,tiny,0,135,105,0,0
0.35,5,0546,0.0,0.0,0.0,105,tiny,135,tiny,0,135,105,0,0
0.35,10,0546,0.0,0.0,0.0,105,tiny,112,tiny,0,112,105,0,0
0.35,20,0546,0.0,0.0,0.0,105,tiny,99,tiny,0,99,105,0,0
0.4,0,0546,0.0,0.0,0.0,105,tiny,132,tiny,0,132,105,0,0
0.4,3,0546,0.0,0.0,0.0,105,tiny,132,tiny,0,132,105,0,0
0.4,5,0546,0.0,0.0,0.0,105,tiny,132,tiny,0,132,105,0,0
0.4,10,0546,0.0,0.0,0.0,105,tiny,110,tiny,0,110,105,0,0
0.4,20,0546,0.0,0.0,0.0,105,tiny,99,tiny,0,99,105,0,0
0.45,0,0546,0.0,0.0,0.0,105,tiny,128,tiny,0,128,105,0,0
0.45,3,0546,0.0,0.0,0.0,105,tiny,128,tiny,0,128,105,0,0
0.45,5,0546,0.0,0.0,0.0,105,tiny,128,tiny,0,128,105,0,0
0.45,10,0546,0.0,0.0,0.0,105,tiny,108,tiny,0,108,105,0,0
0.45,20,0546,0.0,0.0,0.0,105,tiny,97,tiny,0,97,105,0,0
0.5,0,0546,0.0,0.0,0.0,105,tiny,125,tiny,0,125,105,0,0
0.5,3,0546,0.0,0.0,0.0,105,tiny,125,tiny,0,125,105,0,0
0.5,5,0546,0.0,0.0,0.0,105,tiny,125,tiny,0,125,105,0,0
0.5,10,0546,0.0,0.0,0.0,105,tiny,107,tiny,0,107,105,0,0
0.5,20,0546,0.0,0.0,0.0,105,tiny,96,tiny,0,96,105,0,0
0.55,0,0546,0.0,0.0,0.0,105,tiny,120,tiny,0,120,105,0,0
0.55,3,0546,0.0,0.0,0.0,105,tiny,120,tiny,0,120,105,0,0
0.55,5,0546,0.0,0.0,0.0,105,tiny,120,tiny,0,120,105,0,0
0.55,10,0546,0.0,0.0,0.0,105,tiny,102,tiny,0,102,105,0,0
0.55,20,0546,0.0,0.0,0.0,105,tiny,92,tiny,0,92,105,0,0
0.35,0,0558,0.8021706956092748,0.7718775577017515,0.8349387350378922,56476,large,61090,large,47154,13936,9322,0,0
0.35,3,0558,0.8021912587828987,0.7719459087783636,0.8349033217649975,56476,large,61082,large,47152,13930,9324,0,0
0.35,5,0558,0.8022117306792566,0.7719838242276396,0.8349033217649975,56476,large,61079,large,47152,13927,9324,0,0
0.35,10,0558,0.8021846208815048,0.7719941709102222,0.8348324952192081,56476,large,61073,large,47148,13925,9328,0,0
0.35,20,0558,0.8023006500357349,0.7722091194968553,0.8348324952192081,56476,large,61056,large,47148,13908,9328,0,0
0.4,0,0558,0.803092167079525,0.77580288477407,0.8323712727530278,56476,large,60594,large,47009,13585,9467,0,0
0.4,3,0558,0.8031093836757357,0.7758504018881315,0.8323535661165805,56476,large,60589,large,47008,13581,9468,0,0
0.4,5,0558,0.803129965317524,0.7758888191991549,0.8323535661165805,56476,large,60586,large,47008,13578,9468,0,0
0.4,10,0558,0.8031027884089667,0.7758996368438429,0.8322827395707911,56476,large,60580,large,47004,13576,9472,0,0
0.4,20,0558,0.8032125768967874,0.7761046166039232,0.8322827395707911,56476,large,60564,large,47004,13560,9472,0,0
0.45,0,0558,0.8042008442873323,0.7801305100546011,0.8298038104681634,56476,large,60072,large,46864,13208,9612,0,0
0.45,3,0558,0.8042250862350054,0.7801917890320648,0.8297861038317161,56476,large,60066,large,46863,13203,9613,0,0
0.45,5,0558,0.8042250862350054,0.7801917890320648,0.8297861038317161,56476,large,60066,large,46863,13203,9613,0,0
0.45,10,0558,0.804197844442919,0.7802031302031303,0.8297152772859268,56476,large,60060,large,46859,13201,9617,0,0
0.45,20,0558,0.8042737609954945,0.7803460507252411,0.8297152772859268,56476,large,60049,large,46859,13190,9617,0,0
0.5,0,0558,0.8050468401230685,0.7842235169669393,0.8270061619094837,56476,large,59557,large,46706,12851,9770,0,0
0.5,3,0558,0.8050434797597193,0.7842330618755772,0.8269884552730363,56476,large,59555,large,46705,12850,9771,0,0
0.5,5,0558,0.8050434797597193,0.7842330618755772,0.8269884552730363,56476,large,59555,large,46705,12850,9771,0,0
0.5,10,0558,0.8050889093839696,0.784367074788801,0.8269353353636943,56476,large,59541,large,46702,12839,9774,0,0
0.5,20,0558,0.8050889093839696,0.784367074788801,0.8269353353636943,56476,large,59541,large,46702,12839,9774,0,0
0.55,0,0558,0.806028028080016,0.7884540481956275,0.8244032863517247,56476,large,59051,large,46559,12492,9917,0,0
0.55,3,0558,0.8060143346837021,0.7884602357404146,0.82436787307883,56476,large,59048,large,46557,12491,9919,0,0
0.55,5,0558,0.8060143346837021,0.7884602357404146,0.82436787307883,56476,large,59048,large,46557,12491,9919,0,0
0.55,10,0558,0.8060631768484292,0.788553716908589,0.82436787307883,56476,large,59041,large,46557,12484,9919,0,0
0.55,20,0558,0.806195778281875,0.7888075632814883,0.82436787307883,56476,large,59022,large,46557,12465,9919,0,0
0.35,0,0574,0.5996314819689392,0.5253690036900369,0.6983445738810545,1631,small,2168,small,1139,1029,492,0,0
0.35,3,0574,0.5996314819689392,0.5253690036900369,0.6983445738810545,1631,small,2168,small,1139,1029,492,0,0
0.35,5,0574,0.5996314819689392,0.5253690036900369,0.6983445738810545,1631,small,2168,small,1139,1029,492,0,0
0.35,10,0574,0.5996314819689392,0.5253690036900369,0.6983445738810545,1631,small,2168,small,1139,1029,492,0,0
0.35,20,0574,0.5937086968014803,0.5218401486988847,0.688534641324341,1631,small,2152,small,1123,1029,508,0,0
0.4,0,0574,0.6017039403620873,0.5317647058823529,0.6928264868179032,1631,small,2125,small,1130,995,501,0,0
0.4,3,0574,0.6017039403620873,0.5317647058823529,0.6928264868179032,1631,small,2125,small,1130,995,501,0,0
0.4,5,0574,0.6017039403620873,0.5317647058823529,0.6928264868179032,1631,small,2125,small,1130,995,501,0,0
0.4,10,0574,0.6017039403620873,0.5317647058823529,0.6928264868179032,1631,small,2125,small,1130,995,501,0,0
0.4,20,0574,0.5960973001871157,0.5284360189573459,0.683629675045984,1631,small,2110,small,1115,995,516,0,0
0.45,0,0574,0.6030636925557645,0.5368421052631579,0.6879215205395462,1631,small,2090,small,1122,968,509,0,0
0.45,3,0574,0.6030636925557645,0.5368421052631579,0.6879215205395462,1631,small,2090,small,1122,968,509,0,0
0.45,5,0574,0.6030636925557645,0.5368421052631579,0.6879215205395462,1631,small,2090,small,1122,968,509,0,0
0.45,10,0574,0.6030636925557645,0.5368421052631579,0.6879215205395462,1631,small,2090,small,1122,968,509,0,0
0.45,20,0574,0.5974096060442525,0.5334939759036145,0.6787247087676272,1631,small,2075,small,1107,968,524,0,0
0.5,0,0574,0.6029252437703142,0.5400291120815138,0.6824034334763949,1631,small,2061,small,1113,948,518,0,0
0.5,3,0574,0.6029252437703142,0.5400291120815138,0.6824034334763949,1631,small,2061,small,1113,948,518,0,0
0.5,5,0574,0.6029252437703142,0.5400291120815138,0.6824034334763949,1631,small,2061,small,1113,948,518,0,0
0.5,10,0574,0.6029252437703142,0.5400291120815138,0.6824034334763949,1631,small,2061,small,1113,948,518,0,0
0.5,20,0574,0.5979885838543082,0.537109375,0.674432863274065,1631,small,2048,small,1100,948,531,0,0
0.55,0,0574,0.6046002190580504,0.5462642256308758,0.6768853464132434,1631,small,2021,small,1104,917,527,0,0
0.55,3,0574,0.6046002190580504,0.5462642256308758,0.6768853464132434,1631,small,2021,small,1104,917,527,0,0
0.55,5,0574,0.6046002190580504,0.5462642256308758,0.6768853464132434,1631,small,2021,small,1104,917,527,0,0
0.55,10,0574,0.6046002190580504,0.5462642256308758,0.6768853464132434,1631,small,2021,small,1104,917,527,0,0
0.55,20,0574,0.6003845097500686,0.5437810945273632,0.6701410177805027,1631,small,2010,small,1093,917,538,0,0
0.35,0,0577,0.7546878150413334,0.8606576224419407,0.6719526060678594,16687,large,13047,large,11229,1818,5482,0,0
0.35,3,0577,0.7547131767315254,0.8607235934386018,0.6719526060678594,16687,large,13046,large,11229,1817,5482,0,0
0.35,5,0577,0.7547131767315254,0.8607235934386018,0.6719526060678594,16687,large,13046,large,11229,1817,5482,0,0
0.35,10,0577,0.7544620348895835,0.860659509202454,0.6715935611274011,16687,large,13040,large,11223,1817,5488,0,0
0.35,20,0577,0.7548933880406269,0.861782999308915,0.6715935611274011,16687,large,13023,large,11223,1800,5488,0,0
0.4,0,0577,0.7519432240621832,0.8638093019644383,0.6657291604332476,16687,large,12879,large,11125,1754,5586,0,0
0.4,3,0577,0.7519686369934773,0.8638763783196148,0.6657291604332476,16687,large,12878,large,11125,1753,5586,0,0
0.4,5,0577,0.7519686369934773,0.8638763783196148,0.6657291604332476,16687,large,12878,large,11125,1753,5586,0,0
0.4,10,0577,0.7517577068685776,0.8638235065641264,0.665429956316199,16687,large,12873,large,11120,1753,5591,0,0
0.4,20,0577,0.7521645021645021,0.8648984988722097,0.665429956316199,16687,large,12857,large,11120,1737,5591,0,0
0.45,0,0577,0.7490560261251148,0.867885858426612,0.6588474657411286,16687,large,12686,large,11010,1676,5701,0,0
0.45,3,0577,0.7490815076881209,0.8679542767047694,0.6588474657411286,16687,large,12685,large,11010,1675,5701,0,0
0.45,5,0577,0.7489112683723462,0.8679126251872881,0.6586081024474897,16687,large,12681,large,11006,1675,5705,0,0
0.45,10,0577,0.7489112683723462,0.8679126251872881,0.6586081024474897,16687,large,12681,large,11006,1675,5705,0,0
0.45,20,0577,0.7493191721132898,0.869009080142124,0.6586081024474897,16687,large,12665,large,11006,1659,5705,0,0
0.5,0,0577,0.7463299455908018,0.8715632992327366,0.652564179283107,16687,large,12512,large,10905,1607,5806,0,0
0.5,3,0577,0.7463299455908018,0.8715632992327366,0.652564179283107,16687,large,12512,large,10905,1607,5806,0,0
0.5,5,0577,0.7461583216400287,0.8715222257755036,0.652324815989468,16687,large,12508,large,10901,1607,5810,0,0
0.5,10,0577,0.7461583216400287,0.8715222257755036,0.652324815989468,16687,large,12508,large,10901,1607,5810,0,0
0.5,20,0577,0.7465415696479935,0.872568638437525,0.652324815989468,16687,large,12493,large,10901,1592,5810,0,0
0.55,0,0577,0.7440324688725322,0.8748685594111462,0.6472383459996409,16687,large,12363,large,10816,1547,5895,0,0
0.55,3,0577,0.7440324688725322,0.8748685594111462,0.6472383459996409,16687,large,12363,large,10816,1547,5895,0,0
0.55,5,0577,0.743859649122807,0.874828060522696,0.646998982706002,16687,large,12359,large,10812,1547,5899,0,0
0.55,10,0577,0.743859649122807,0.874828060522696,0.646998982706002,16687,large,12359,large,10812,1547,5899,0,0
0.55,20,0577,0.7442436757873,0.8758911211924821,0.646998982706002,16687,large,12344,large,10812,1532,5899,0,0
0.35,0,0606,0.7160568491079529,0.7441860465116279,0.6899766899766899,1716,small,1591,small,1184,407,532,0,0
0.35,3,0606,0.7164901664145235,0.7451227186910007,0.6899766899766899,1716,small,1589,small,1184,405,532,0,0
0.35,5,0606,0.7164901664145235,0.7451227186910007,0.6899766899766899,1716,small,1589,small,1184,405,532,0,0
0.35,10,0606,0.7164901664145235,0.7451227186910007,0.6899766899766899,1716,small,1589,small,1184,405,532,0,0
0.35,20,0606,0.7246022031823746,0.7628865979381443,0.6899766899766899,1716,small,1552,small,1184,368,532,0,0
0.4,0,0606,0.7162904209884076,0.7516005121638925,0.6841491841491841,1716,small,1562,small,1174,388,542,0,0
0.4,3,0606,0.7171655467318265,0.7535301668806161,0.6841491841491841,1716,small,1558,small,1174,384,542,0,0
0.4,5,0606,0.7171655467318265,0.7535301668806161,0.6841491841491841,1716,small,1558,small,1174,384,542,0,0
0.4,10,0606,0.7171655467318265,0.7535301668806161,0.6841491841491841,1716,small,1558,small,1174,384,542,0,0
0.4,20,0606,0.7251389746757257,0.771353482260184,0.6841491841491841,1716,small,1522,small,1174,348,542,0,0
0.45,0,0606,0.7195084485407066,0.7608836907082521,0.6824009324009324,1716,small,1539,small,1171,368,545,0,0
0.45,3,0606,0.7201722017220172,0.7623697916666666,0.6824009324009324,1716,small,1536,small,1171,365,545,0,0
0.45,5,0606,0.7201722017220172,0.7623697916666666,0.6824009324009324,1716,small,1536,small,1171,365,545,0,0
0.45,10,0606,0.7201722017220172,0.7623697916666666,0.6824009324009324,1716,small,1536,small,1171,365,545,0,0
0.45,20,0606,0.731875,0.7890835579514824,0.6824009324009324,1716,small,1484,small,1171,313,545,0,0
0.5,0,0606,0.7211895910780669,0.7698412698412699,0.6783216783216783,1716,small,1512,small,1164,348,552,0,0
0.5,3,0606,0.7218604651162791,0.7713717693836978,0.6783216783216783,1716,small,1509,small,1164,345,552,0,0
0.5,5,0606,0.7218604651162791,0.7713717693836978,0.6783216783216783,1716,small,1509,small,1164,345,552,0,0
0.5,10,0606,0.7218604651162791,0.7713717693836978,0.6783216783216783,1716,small,1509,small,1164,345,552,0,0
0.5,20,0606,0.7332283464566929,0.7978067169294037,0.6783216783216783,1716,small,1459,small,1164,295,552,0,0
0.55,0,0606,0.7191011235955056,0.7741935483870968,0.6713286713286714,1716,small,1488,small,1152,336,564,0,0
0.55,3,0606,0.7197750702905342,0.7757575757575758,0.6713286713286714,1716,small,1485,small,1152,333,564,0,0
0.55,5,0606,0.7197750702905342,0.7757575757575758,0.6713286713286714,1716,small,1485,small,1152,333,564,0,0
0.55,10,0606,0.7197750702905342,0.7757575757575758,0.6713286713286714,1716,small,1485,small,1152,333,564,0,0
0.55,20,0606,0.7300380228136882,0.8,0.6713286713286714,1716,small,1440,small,1152,288,564,0,0
0.35,0,0625,0.6247217054499985,0.6838942307692307,0.5749733340818504,17813,large,14976,large,10242,4734,7571,0,0
0.35,3,0625,0.6246911320582045,0.6840593265633351,0.5748049177566945,17813,large,14968,large,10239,4729,7574,0,0
0.35,5,0625,0.6246911320582045,0.6840593265633351,0.5748049177566945,17813,large,14968,large,10239,4729,7574,0,0
0.35,10,0625,0.6246911320582045,0.6840593265633351,0.5748049177566945,17813,large,14968,large,10239,4729,7574,0,0
0.35,20,0625,0.6248817552103995,0.6845166466105094,0.5748049177566945,17813,large,14958,large,10239,4719,7574,0,0
0.4,0,0625,0.6232944068838353,0.6885991715895974,0.5693033178016056,17813,large,14727,large,10141,4586,7672,0,0
0.4,3,0625,0.6233095647897713,0.6887183318617129,0.5692471790265536,17813,large,14723,large,10140,4583,7673,0,0
0.4,5,0625,0.6233095647897713,0.6887183318617129,0.5692471790265536,17813,large,14723,large,10140,4583,7673,0,0
0.4,10,0625,0.6234245312019674,0.6889991166677991,0.5692471790265536,17813,large,14717,large,10140,4577,7673,0,0
0.4,20,0625,0.6234245312019674,0.6889991166677991,0.5692471790265536,17813,large,14717,large,10140,4577,7673,0,0
0.45,0,0625,0.6222648633592275,0.6934059870326942,0.5643631055970358,17813,large,14498,large,10053,4445,7760,0,0
0.45,3,0625,0.6222607403739012,0.6934805105208692,0.5643069668219839,17813,large,14495,large,10052,4443,7761,0,0
0.45,5,0625,0.6223377909856365,0.6936719343040508,0.5643069668219839,17813,large,14491,large,10052,4439,7761,0,0
0.45,10,0625,0.6223377909856365,0.6936719343040508,0.5643069668219839,17813,large,14491,large,10052,4439,7761,0,0
0.45,20,0625,0.6223377909856365,0.6936719343040508,0.5643069668219839,17813,large,14491,large,10052,4439,7761,0,0
0.5,0,0625,0.6202081904880633,0.6971204371890983,0.5585808117666873,17813,large,14273,large,9950,4323,7863,0,0
0.5,3,0625,0.620227520648278,0.6971692825112108,0.5585808117666873,17813,large,14272,large,9950,4322,7863,0,0
0.5,5,0625,0.6203048533399832,0.6973647322680123,0.5585808117666873,17813,large,14268,large,9950,4318,7863,0,0
0.5,10,0625,0.6203048533399832,0.6973647322680123,0.5585808117666873,17813,large,14268,large,9950,4318,7863,0,0
0.5,20,0625,0.6203048533399832,0.6973647322680123,0.5585808117666873,17813,large,14268,large,9950,4318,7863,0,0
0.55,0,0625,0.6186517770319019,0.7010521825678943,0.5535844607870656,17813,large,14066,large,9861,4205,7952,0,0
0.55,3,0625,0.6186084446954012,0.7010309278350515,0.5535283220120137,17813,large,14065,large,9860,4205,7953,0,0
0.55,5,0625,0.6186860764259271,0.7012303534599246,0.5535283220120137,17813,large,14061,large,9860,4201,7953,0,0
0.55,10,0625,0.6186860764259271,0.7012303534599246,0.5535283220120137,17813,large,14061,large,9860,4201,7953,0,0
0.55,20,0625,0.6186860764259271,0.7012303534599246,0.5535283220120137,17813,large,14061,large,9860,4201,7953,0,0
0.35,0,0667,0.7253574115876599,0.7336377473363774,0.7172619047619048,672,tiny,657,tiny,482,175,190,0,0
0.35,3,0667,0.7253574115876599,0.7336377473363774,0.7172619047619048,672,tiny,657,tiny,482,175,190,0,0
0.35,5,0667,0.7253574115876599,0.7336377473363774,0.7172619047619048,672,tiny,657,tiny,482,175,190,0,0
0.35,10,0667,0.7253574115876599,0.7336377473363774,0.7172619047619048,672,tiny,657,tiny,482,175,190,0,0
0.35,20,0667,0.7253574115876599,0.7336377473363774,0.7172619047619048,672,tiny,657,tiny,482,175,190,0,0
0.4,0,0667,0.7299158377964805,0.7511811023622047,0.7098214285714286,672,tiny,635,tiny,477,158,195,0,0
0.4,3,0667,0.7299158377964805,0.7511811023622047,0.7098214285714286,672,tiny,635,tiny,477,158,195,0,0
0.4,5,0667,0.7299158377964805,0.7511811023622047,0.7098214285714286,672,tiny,635,tiny,477,158,195,0,0
0.4,10,0667,0.7299158377964805,0.7511811023622047,0.7098214285714286,672,tiny,635,tiny,477,158,195,0,0
0.4,20,0667,0.7299158377964805,0.7511811023622047,0.7098214285714286,672,tiny,635,tiny,477,158,195,0,0
0.45,0,0667,0.7248840803709428,0.7540192926045016,0.6979166666666666,672,tiny,622,tiny,469,153,203,0,0
0.45,3,0667,0.7248840803709428,0.7540192926045016,0.6979166666666666,672,tiny,622,tiny,469,153,203,0,0
0.45,5,0667,0.7248840803709428,0.7540192926045016,0.6979166666666666,672,tiny,622,tiny,469,153,203,0,0
0.45,10,0667,0.7248840803709428,0.7540192926045016,0.6979166666666666,672,tiny,622,tiny,469,153,203,0,0
0.45,20,0667,0.7248840803709428,0.7540192926045016,0.6979166666666666,672,tiny,622,tiny,469,153,203,0,0
0.5,0,0667,0.719626168224299,0.7549019607843137,0.6875,672,tiny,612,tiny,462,150,210,0,0
0.5,3,0667,0.719626168224299,0.7549019607843137,0.6875,672,tiny,612,tiny,462,150,210,0,0
0.5,5,0667,0.719626168224299,0.7549019607843137,0.6875,672,tiny,612,tiny,462,150,210,0,0
0.5,10,0667,0.719626168224299,0.7549019607843137,0.6875,672,tiny,612,tiny,462,150,210,0,0
0.5,20,0667,0.719626168224299,0.7549019607843137,0.6875,672,tiny,612,tiny,462,150,210,0,0
0.55,0,0667,0.7167449139280125,0.7557755775577558,0.6815476190476191,672,tiny,606,tiny,458,148,214,0,0
0.55,3,0667,0.7167449139280125,0.7557755775577558,0.6815476190476191,672,tiny,606,tiny,458,148,214,0,0
0.55,5,0667,0.7167449139280125,0.7557755775577558,0.6815476190476191,672,tiny,606,tiny,458,148,214,0,0
0.55,10,0667,0.7167449139280125,0.7557755775577558,0.6815476190476191,672,tiny,606,tiny,458,148,214,0,0
0.55,20,0667,0.7167449139280125,0.7557755775577558,0.6815476190476191,672,tiny,606,tiny,458,148,214,0,0
0.35,0,0702,0.13750874737578728,0.7586872586872587,0.07560600230858022,5204,large,518,tiny,393,125,4805,0,0
0.35,3,0702,0.13718285214348205,0.758220502901354,0.07541362062331666,5204,large,517,tiny,392,125,4806,0,0
0.35,5,0702,0.13718285214348205,0.758220502901354,0.07541362062331666,5204,large,517,tiny,392,125,4806,0,0
0.35,10,0702,0.1373510861948143,0.7686274509803922,0.07541362062331666,5204,large,510,tiny,392,118,4806,0,0
0.35,20,0702,0.1373510861948143,0.7686274509803922,0.07541362062331666,5204,large,510,tiny,392,118,4806,0,0
0.4,0,0702,0.13138942561039874,0.7555555555555555,0.07195075028857253,5204,large,495,tiny,374,121,4824,0,0
0.4,3,0702,0.13073273589878756,0.7545638945233266,0.0715659869180454,5204,large,493,tiny,372,121,4826,0,0
0.4,5,0702,0.13073273589878756,0.7545638945233266,0.0715659869180454,5204,large,493,tiny,372,121,4826,0,0
0.4,10,0702,0.12627865961199294,0.7584745762711864,0.06887264332435553,5204,large,472,tiny,358,114,4840,0,0
0.4,20,0702,0.12627865961199294,0.7584745762711864,0.06887264332435553,5204,large,472,tiny,358,114,4840,0,0
0.45,0,0702,0.12724709199859005,0.7584033613445378,0.0694497883801462,5204,large,476,tiny,361,115,4837,0,0
0.45,3,0702,0.12691697514542571,0.7578947368421053,0.06925740669488265,5204,large,475,tiny,360,115,4838,0,0
0.45,5,0702,0.12691697514542571,0.7578947368421053,0.06925740669488265,5204,large,475,tiny,360,115,4838,0,0
0.45,10,0702,0.12343059239610964,0.7636761487964989,0.06714120815698346,5204,large,457,tiny,349,108,4849,0,0
0.45,20,0702,0.12343059239610964,0.7636761487964989,0.06714120815698346,5204,large,457,tiny,349,108,4849,0,0
0.5,0,0702,0.12205908367238634,0.7582417582417582,0.06637168141592921,5204,large,455,tiny,345,110,4853,0,0
0.5,3,0702,0.12205908367238634,0.7582417582417582,0.06637168141592921,5204,large,455,tiny,345,110,4853,0,0
0.5,5,0702,0.12205908367238634,0.7582417582417582,0.06637168141592921,5204,large,455,tiny,345,110,4853,0,0
0.5,10,0702,0.11887863733144073,0.7648401826484018,0.06444786456329357,5204,large,438,tiny,335,103,4863,0,0
0.5,20,0702,0.11887863733144073,0.7648401826484018,0.06444786456329357,5204,large,438,tiny,335,103,4863,0,0
0.55,0,0702,0.11712511091393078,0.7551487414187643,0.06348595613697576,5204,large,437,tiny,330,107,4868,0,0
0.55,3,0702,0.11712511091393078,0.7551487414187643,0.06348595613697576,5204,large,437,tiny,330,107,4868,0,0
0.55,5,0702,0.11444819619690777,0.7505827505827506,0.061946902654867256,5204,large,429,tiny,322,107,4876,0,0
0.55,10,0702,0.11459074733096085,0.7630331753554502,0.061946902654867256,5204,large,422,tiny,322,100,4876,0,0
0.55,20,0702,0.11459074733096085,0.7630331753554502,0.061946902654867256,5204,large,422,tiny,322,100,4876,0,0
0.35,0,0712,0.0,0.0,0.0,581,tiny,2,very_tiny,0,2,581,0,0
0.35,3,0712,0.0,0.0,0.0,581,tiny,0,empty,0,0,581,1,0
0.35,5,0712,0.0,0.0,0.0,581,tiny,0,empty,0,0,581,1,0
0.35,10,0712,0.0,0.0,0.0,581,tiny,0,empty,0,0,581,1,0
0.35,20,0712,0.0,0.0,0.0,581,tiny,0,empty,0,0,581,1,0
0.4,0,0712,0.0,0.0,0.0,581,tiny,2,very_tiny,0,2,581,0,0
0.4,3,0712,0.0,0.0,0.0,581,tiny,0,empty,0,0,581,1,0
0.4,5,0712,0.0,0.0,0.0,581,tiny,0,empty,0,0,581,1,0
0.4,10,0712,0.0,0.0,0.0,581,tiny,0,empty,0,0,581,1,0
0.4,20,0712,0.0,0.0,0.0,581,tiny,0,empty,0,0,581,1,0
0.45,0,0712,0.0,0.0,0.0,581,tiny,1,very_tiny,0,1,581,0,0
0.45,3,0712,0.0,0.0,0.0,581,tiny,0,empty,0,0,581,1,0
0.45,5,0712,0.0,0.0,0.0,581,tiny,0,empty,0,0,581,1,0
0.45,10,0712,0.0,0.0,0.0,581,tiny,0,empty,0,0,581,1,0
0.45,20,0712,0.0,0.0,0.0,581,tiny,0,empty,0,0,581,1,0
0.5,0,0712,0.0,0.0,0.0,581,tiny,1,very_tiny,0,1,581,0,0
0.5,3,0712,0.0,0.0,0.0,581,tiny,0,empty,0,0,581,1,0
0.5,5,0712,0.0,0.0,0.0,581,tiny,0,empty,0,0,581,1,0
0.5,10,0712,0.0,0.0,0.0,581,tiny,0,empty,0,0,581,1,0
0.5,20,0712,0.0,0.0,0.0,581,tiny,0,empty,0,0,581,1,0
0.55,0,0712,0.0,0.0,0.0,581,tiny,1,very_tiny,0,1,581,0,0
0.55,3,0712,0.0,0.0,0.0,581,tiny,0,empty,0,0,581,1,0
0.55,5,0712,0.0,0.0,0.0,581,tiny,0,empty,0,0,581,1,0
0.55,10,0712,0.0,0.0,0.0,581,tiny,0,empty,0,0,581,1,0
0.55,20,0712,0.0,0.0,0.0,581,tiny,0,empty,0,0,581,1,0
0.35,0,0729,0.0,0.0,0.0,107,tiny,0,empty,0,0,107,1,0
0.35,3,0729,0.0,0.0,0.0,107,tiny,0,empty,0,0,107,1,0
0.35,5,0729,0.0,0.0,0.0,107,tiny,0,empty,0,0,107,1,0
0.35,10,0729,0.0,0.0,0.0,107,tiny,0,empty,0,0,107,1,0
0.35,20,0729,0.0,0.0,0.0,107,tiny,0,empty,0,0,107,1,0
0.4,0,0729,0.0,0.0,0.0,107,tiny,0,empty,0,0,107,1,0
0.4,3,0729,0.0,0.0,0.0,107,tiny,0,empty,0,0,107,1,0
0.4,5,0729,0.0,0.0,0.0,107,tiny,0,empty,0,0,107,1,0
0.4,10,0729,0.0,0.0,0.0,107,tiny,0,empty,0,0,107,1,0
0.4,20,0729,0.0,0.0,0.0,107,tiny,0,empty,0,0,107,1,0
0.45,0,0729,0.0,0.0,0.0,107,tiny,0,empty,0,0,107,1,0
0.45,3,0729,0.0,0.0,0.0,107,tiny,0,empty,0,0,107,1,0
0.45,5,0729,0.0,0.0,0.0,107,tiny,0,empty,0,0,107,1,0
0.45,10,0729,0.0,0.0,0.0,107,tiny,0,empty,0,0,107,1,0
0.45,20,0729,0.0,0.0,0.0,107,tiny,0,empty,0,0,107,1,0
0.5,0,0729,0.0,0.0,0.0,107,tiny,0,empty,0,0,107,1,0
0.5,3,0729,0.0,0.0,0.0,107,tiny,0,empty,0,0,107,1,0
0.5,5,0729,0.0,0.0,0.0,107,tiny,0,empty,0,0,107,1,0
0.5,10,0729,0.0,0.0,0.0,107,tiny,0,empty,0,0,107,1,0
0.5,20,0729,0.0,0.0,0.0,107,tiny,0,empty,0,0,107,1,0
0.55,0,0729,0.0,0.0,0.0,107,tiny,0,empty,0,0,107,1,0
0.55,3,0729,0.0,0.0,0.0,107,tiny,0,empty,0,0,107,1,0
0.55,5,0729,0.0,0.0,0.0,107,tiny,0,empty,0,0,107,1,0
0.55,10,0729,0.0,0.0,0.0,107,tiny,0,empty,0,0,107,1,0
0.55,20,0729,0.0,0.0,0.0,107,tiny,0,empty,0,0,107,1,0
0.35,0,0731,0.7940308036070545,0.7842055485498108,0.8041053822531113,6187,large,6344,large,4975,1369,1212,0,0
0.35,3,0731,0.7940941739824421,0.7843291817751853,0.8041053822531113,6187,large,6343,large,4975,1368,1212,0,0
0.35,5,0731,0.7940941739824421,0.7843291817751853,0.8041053822531113,6187,large,6343,large,4975,1368,1212,0,0
0.35,10,0731,0.7940941739824421,0.7843291817751853,0.8041053822531113,6187,large,6343,large,4975,1368,1212,0,0
0.35,20,0731,0.7934478625649221,0.7846080910240202,0.8024890900274769,6187,large,6328,large,4965,1363,1222,0,0
0.4,0,0731,0.7943353717412295,0.7908988944079475,0.7978018425731372,6187,large,6241,large,4936,1305,1251,0,0
0.4,3,0731,0.7943992918644887,0.791025641025641,0.7978018425731372,6187,large,6240,large,4936,1304,1251,0,0
0.4,5,0731,0.7943992918644887,0.791025641025641,0.7978018425731372,6187,large,6240,large,4936,1304,1251,0,0
0.4,10,0731,0.7943992918644887,0.791025641025641,0.7978018425731372,6187,large,6240,large,4936,1304,1251,0,0
0.4,20,0731,0.793747985820174,0.7913253012048193,0.7961855503475028,6187,large,6225,large,4926,1299,1261,0,0
0.45,0,0731,0.7953699206734661,0.7966596400194584,0.7940843704541781,6187,large,6167,large,4913,1254,1274,0,0
0.45,3,0731,0.7954987046632125,0.7969180859691809,0.7940843704541781,6187,large,6165,large,4913,1252,1274,0,0
0.45,5,0731,0.7954987046632125,0.7969180859691809,0.7940843704541781,6187,large,6165,large,4913,1252,1274,0,0
0.45,10,0731,0.7954987046632125,0.7969180859691809,0.7940843704541781,6187,large,6165,large,4913,1252,1274,0,0
0.45,20,0731,0.7947803533798022,0.7971061615997399,0.7924680782285437,6187,large,6151,large,4903,1248,1284,0,0
0.5,0,0731,0.7941632020868998,0.8011513157894737,0.7872959431065136,6187,large,6080,large,4871,1209,1316,0,0
0.5,3,0731,0.7942927028128822,0.8014149391247121,0.7872959431065136,6187,large,6078,large,4871,1207,1316,0,0
0.5,5,0731,0.7942927028128822,0.8014149391247121,0.7872959431065136,6187,large,6078,large,4871,1207,1316,0,0
0.5,10,0731,0.7942927028128822,0.8014149391247121,0.7872959431065136,6187,large,6078,large,4871,1207,1316,0,0
0.5,20,0731,0.7937647922957644,0.8016815034619189,0.7860029093260061,6187,large,6066,large,4863,1203,1324,0,0
0.55,0,0731,0.7935648034145941,0.8062041360907272,0.7813156618716663,6187,large,5996,large,4834,1162,1353,0,0
0.55,3,0731,0.7936950989245546,0.8064731398064732,0.7813156618716663,6187,large,5994,large,4834,1160,1353,0,0
0.55,5,0731,0.7936950989245546,0.8064731398064732,0.7813156618716663,6187,large,5994,large,4834,1160,1353,0,0
0.55,10,0731,0.7936950989245546,0.8064731398064732,0.7813156618716663,6187,large,5994,large,4834,1160,1353,0,0
0.55,20,0731,0.7932621199671323,0.8067858933645329,0.7801842573137223,6187,large,5983,large,4827,1156,1360,0,0
0.35,0,0738,0.7011887314769581,0.8490051980641692,0.5972110147266492,39658,large,27895,large,23683,4212,15973,0,0
0.35,3,0738,0.7011756344576386,0.8492217201061617,0.5970849304014525,39658,large,27882,large,23678,4204,15978,0,0
0.35,5,0738,0.7012083160575727,0.8493686325154255,0.5970597135364132,39658,large,27876,large,23677,4199,15979,0,0
0.35,10,0738,0.7012083160575727,0.8493686325154255,0.5970597135364132,39658,large,27876,large,23677,4199,15979,0,0
0.35,20,0738,0.7013645050891151,0.8501849789878237,0.5968831954811378,39658,large,27841,large,23670,4171,15986,0,0
0.4,0,0738,0.698216919158064,0.8529936305732484,0.5909824490619326,39658,large,27475,large,23436,4039,16220,0,0
0.4,3,0738,0.6981421611716154,0.8530857454942654,0.5908311478716965,39658,large,27465,large,23430,4035,16226,0,0
0.4,5,0738,0.6982059840267016,0.8533289627039627,0.5908059310066572,39658,large,27456,large,23429,4027,16227,0,0
0.4,10,0738,0.6982144454049543,0.8536700925723449,0.5906546298164213,39658,large,27438,large,23423,4015,16233,0,0
0.4,20,0738,0.6983393458751975,0.8540436082549405,0.5906546298164213,39658,large,27426,large,23423,4003,16233,0,0
0.45,0,0738,0.6950856013061126,0.8559781606227174,0.5851069195077668,39658,large,27107,large,23203,3904,16453,0,0
0.45,3,0738,0.6950503355704698,0.8561411278417479,0.5849808351825702,39658,large,27096,large,23198,3898,16458,0,0
0.45,5,0738,0.6950828514068259,0.8562938353636028,0.5849556183175307,39658,large,27090,large,23197,3893,16459,0,0
0.45,10,0738,0.6950696838003896,0.8565782669720027,0.5848043171272947,39658,large,27074,large,23191,3883,16465,0,0
0.45,20,0738,0.6951947000809376,0.8569580962234868,0.5848043171272947,39658,large,27062,large,23191,3871,16465,0,0
0.5,0,0738,0.6920492383721806,0.8596668538274378,0.5791305224934437,39658,large,26715,large,22966,3749,16690,0,0
0.5,3,0738,0.6919831223628692,0.859796285200719,0.5789792213032076,39658,large,26704,large,22960,3744,16696,0,0
0.5,5,0738,0.6920155529433041,0.8599520563338078,0.5789540044381682,39658,large,26698,large,22959,3739,16697,0,0
0.5,10,0738,0.6921140307237725,0.8604790643625595,0.5788531369780109,39658,large,26677,large,22955,3722,16701,0,0
0.5,20,0738,0.6921140307237725,0.8604790643625595,0.5788531369780109,39658,large,26677,large,22955,3722,16701,0,0
0.55,0,0738,0.6887302814020093,0.8629200683501044,0.5730532580189631,39658,large,26335,large,22725,3610,16931,0,0
0.55,3,0738,0.6887322876411306,0.863040753541722,0.5730028242888844,39658,large,26329,large,22723,3606,16933,0,0
0.55,5,0738,0.6887049836304111,0.8631838905775076,0.572901956828727,39658,large,26320,large,22719,3601,16937,0,0
0.55,10,0738,0.6888029717231445,0.8637210540324727,0.5728010893685697,39658,large,26299,large,22715,3584,16941,0,0
0.55,20,0738,0.6888029717231445,0.8637210540324727,0.5728010893685697,39658,large,26299,large,22715,3584,16941,0,0
0.35,0,0744,0.7538582074595047,0.718148996736791,0.7933044445296622,26075,large,28806,large,20687,8119,5390,0,0
0.35,3,0744,0.7539818493275504,0.7183734416779526,0.7933044445296622,26075,large,28797,large,20687,8110,5390,0,0
0.35,5,0744,0.7539322361346529,0.7184091698506426,0.7931510526517621,26075,large,28790,large,20683,8107,5394,0,0
0.35,10,0744,0.754016448748108,0.71884561891516,0.7928059209264869,26075,large,28760,large,20674,8086,5403,0,0
0.35,20,0744,0.7530537347769723,0.7187369301547469,0.7908118265137861,26075,large,28692,large,20622,8070,5455,0,0
0.4,0,0744,0.7545387725101066,0.7243763892319092,0.7873221612915596,26075,large,28343,large,20531,7812,5546,0,0
0.4,3,0744,0.7546413734789162,0.7246954986760812,0.7871687694136595,26075,large,28325,large,20527,7798,5550,0,0
0.4,5,0744,0.7548495044771728,0.7250794772165312,0.7871687694136595,26075,large,28310,large,20527,7783,5550,0,0
0.4,10,0744,0.7549515420122478,0.7253003533568905,0.7871304214441845,26075,large,28300,large,20526,7774,5551,0,0
0.4,20,0744,0.7535516205708389,0.7252606937646308,0.7841392798251332,26075,large,28194,large,20448,7746,5629,0,0
0.45,0,0744,0.7560122188281033,0.7308325578065717,0.7829888407408828,26075,large,27938,large,20418,7520,5659,0,0
0.45,3,0744,0.7561111111111111,0.7311177165777316,0.7828737968324577,26075,large,27923,large,20415,7508,5662,0,0
0.45,5,0744,0.7562091382216213,0.7313010459951282,0.7828737968324577,26075,large,27916,large,20415,7501,5662,0,0
0.45,10,0744,0.7561047911957609,0.7314406567014374,0.7824903171377076,26075,large,27897,large,20405,7492,5672,0,0
0.45,20,0744,0.7549550887090788,0.7314704930413205,0.7799976991218315,26075,large,27807,large,20340,7467,5737,0,0
0.5,0,0744,0.7570724789131895,0.7373414270655374,0.7778885608007056,26075,large,27511,large,20285,7226,5792,0,0
0.5,3,0744,0.7571169893035151,0.7376327658955333,0.7776584729838555,26075,large,27492,large,20279,7213,5798,0,0
0.5,5,0744,0.7572017997498273,0.7377937859273812,0.7776584729838555,26075,large,27486,large,20279,7207,5798,0,0
0.5,10,0744,0.7569152612016959,0.7378022138071657,0.7770449054722552,26075,large,27464,large,20263,7201,5814,0,0
0.5,20,0744,0.7562522212453938,0.7382047911189016,0.7752042029374545,26075,large,27384,large,20215,7169,5862,0,0
0.55,0,0744,0.7581812371947896,0.743548149240525,0.7734018483721287,26075,large,27124,large,20168,6956,5909,0,0
0.55,3,0744,0.7582589075867255,0.7438394569868674,0.7732484564942286,26075,large,27108,large,20164,6944,5913,0,0
0.55,5,0744,0.7583016810198939,0.7439217856484044,0.7732484564942286,26075,large,27105,large,20164,6941,5913,0,0
0.55,10,0744,0.7578123530186442,0.7438321760969124,0.7723281052268283,26075,large,27076,large,20140,6936,5937,0,0
0.55,20,0744,0.7574541824414684,0.7443177611608796,0.7710626222341527,26075,large,27014,large,20107,6907,5970,0,0
0.35,0,0772,0.536986301369863,0.4745762711864407,0.6182965299684543,319,tiny,413,tiny,196,217,121,0,0
0.35,3,0772,0.536986301369863,0.4745762711864407,0.6182965299684543,319,tiny,413,tiny,196,217,121,0,0
0.35,5,0772,0.5392022008253095,0.47804878048780486,0.6182965299684543,319,tiny,410,tiny,196,214,121,0,0
0.35,10,0772,0.5392022008253095,0.47804878048780486,0.6182965299684543,319,tiny,410,tiny,196,214,121,0,0
0.35,20,0772,0.5392022008253095,0.47804878048780486,0.6182965299684543,319,tiny,410,tiny,196,214,121,0,0
0.4,0,0772,0.5418994413407822,0.48621553884711777,0.61198738170347,319,tiny,399,tiny,194,205,123,0,0
0.4,3,0772,0.5434173669467787,0.48866498740554154,0.61198738170347,319,tiny,397,tiny,194,203,123,0,0
0.4,5,0772,0.5434173669467787,0.48866498740554154,0.61198738170347,319,tiny,397,tiny,194,203,123,0,0
0.4,10,0772,0.5434173669467787,0.48866498740554154,0.61198738170347,319,tiny,397,tiny,194,203,123,0,0
0.4,20,0772,0.5434173669467787,0.48866498740554154,0.61198738170347,319,tiny,397,tiny,194,203,123,0,0
0.45,0,0772,0.5457142857142857,0.49869451697127937,0.6025236593059937,319,tiny,383,tiny,191,192,126,0,0
0.45,3,0772,0.5464949928469242,0.5,0.6025236593059937,319,tiny,382,tiny,191,191,126,0,0
0.45,5,0772,0.5464949928469242,0.5,0.6025236593059937,319,tiny,382,tiny,191,191,126,0,0
0.45,10,0772,0.5464949928469242,0.5,0.6025236593059937,319,tiny,382,tiny,191,191,126,0,0
0.45,20,0772,0.5464949928469242,0.5,0.6025236593059937,319,tiny,382,tiny,191,191,126,0,0
0.5,0,0772,0.5507246376811594,0.5093833780160858,0.5993690851735016,319,tiny,373,tiny,190,183,127,0,0
0.5,3,0772,0.5515239477503628,0.510752688172043,0.5993690851735016,319,tiny,372,tiny,190,182,127,0,0
0.5,5,0772,0.5515239477503628,0.510752688172043,0.5993690851735016,319,tiny,372,tiny,190,182,127,0,0
0.5,10,0772,0.5515239477503628,0.510752688172043,0.5993690851735016,319,tiny,372,tiny,190,182,127,0,0
0.5,20,0772,0.5515239477503628,0.510752688172043,0.5993690851735016,319,tiny,372,tiny,190,182,127,0,0
0.55,0,0772,0.5457227138643068,0.5124653739612188,0.583596214511041,319,tiny,361,tiny,185,176,132,0,0
0.55,3,0772,0.5457227138643068,0.5124653739612188,0.583596214511041,319,tiny,361,tiny,185,176,132,0,0
0.55,5,0772,0.5457227138643068,0.5124653739612188,0.583596214511041,319,tiny,361,tiny,185,176,132,0,0
0.55,10,0772,0.5457227138643068,0.5124653739612188,0.583596214511041,319,tiny,361,tiny,185,176,132,0,0
0.55,20,0772,0.5457227138643068,0.5124653739612188,0.583596214511041,319,tiny,361,tiny,185,176,132,0,0
0.35,0,0788,0.7695600155030922,0.7542445662945101,0.7855103374729093,29069,large,30274,large,22834,7440,6235,0,0
0.35,3,0788,0.7695444817068032,0.7542781631978857,0.7854415356565413,29069,large,30270,large,22832,7438,6237,0,0
0.35,5,0788,0.7695444817068032,0.7542781631978857,0.7854415356565413,29069,large,30270,large,22832,7438,6237,0,0
0.35,10,0788,0.7695444817068032,0.7542781631978857,0.7854415356565413,29069,large,30270,large,22832,7438,6237,0,0
0.35,20,0788,0.7695290765313865,0.7546296296296297,0.7850287247583336,29069,large,30240,large,22820,7420,6249,0,0
0.4,0,0788,0.7707980202047596,0.7597487218899321,0.7821734493790636,29069,large,29927,large,22737,7190,6332,0,0
0.4,3,0788,0.7707694133202244,0.7597580537361315,0.7821046475626957,29069,large,29924,large,22735,7189,6334,0,0
0.4,5,0788,0.7707694133202244,0.7597580537361315,0.7821046475626957,29069,large,29924,large,22735,7189,6334,0,0
0.4,10,0788,0.7707694133202244,0.7597580537361315,0.7821046475626957,29069,large,29924,large,22735,7189,6334,0,0
0.4,20,0788,0.7707545409833285,0.7601190874422961,0.7816918366644879,29069,large,29894,large,22723,7171,6346,0,0
0.45,0,0788,0.7711972731146144,0.7642032020536378,0.7783205476624583,29069,large,29606,large,22625,6981,6444,0,0
0.45,3,0788,0.7712367057540224,0.7642806472316995,0.7783205476624583,29069,large,29603,large,22625,6978,6444,0,0
0.45,5,0788,0.7712367057540224,0.7642806472316995,0.7783205476624583,29069,large,29603,large,22625,6978,6444,0,0
0.45,10,0788,0.7712367057540224,0.7642806472316995,0.7783205476624583,29069,large,29603,large,22625,6978,6444,0,0
0.45,20,0788,0.7712375950618968,0.764614396321466,0.7779765385806185,29069,large,29577,large,22615,6962,6454,0,0
0.5,0,0788,0.772221555551746,0.7696487151448879,0.7748116550276928,29069,large,29264,large,22523,6741,6546,0,0
0.5,3,0788,0.7722612720726899,0.7697276237995967,0.7748116550276928,29069,large,29261,large,22523,6738,6546,0,0
0.5,5,0788,0.7722612720726899,0.7697276237995967,0.7748116550276928,29069,large,29261,large,22523,6738,6546,0,0
0.5,10,0788,0.7722612720726899,0.7697276237995967,0.7748116550276928,29069,large,29261,large,22523,6738,6546,0,0
0.5,20,0788,0.7722493782694452,0.7700437816390752,0.7744676459458529,29069,large,29236,large,22513,6723,6556,0,0
0.55,0,0788,0.7729028697571744,0.774961092858378,0.7708555505865354,29069,large,28915,large,22408,6507,6661,0,0
0.55,3,0788,0.772895036390604,0.7749801127520493,0.7708211496783515,29069,large,28913,large,22407,6506,6662,0,0
0.55,5,0788,0.772895036390604,0.7749801127520493,0.7708211496783515,29069,large,28913,large,22407,6506,6662,0,0
0.55,10,0788,0.772895036390604,0.7749801127520493,0.7708211496783515,29069,large,28913,large,22407,6506,6662,0,0
0.55,20,0788,0.7728833445485446,0.7753046247576848,0.7704771405965117,29069,large,28888,large,22397,6491,6672,0,0
0.35,0,0833,0.0,0.0,0.0,246,tiny,0,empty,0,0,246,1,0
0.35,3,0833,0.0,0.0,0.0,246,tiny,0,empty,0,0,246,1,0
0.35,5,0833,0.0,0.0,0.0,246,tiny,0,empty,0,0,246,1,0
0.35,10,0833,0.0,0.0,0.0,246,tiny,0,empty,0,0,246,1,0
0.35,20,0833,0.0,0.0,0.0,246,tiny,0,empty,0,0,246,1,0
0.4,0,0833,0.0,0.0,0.0,246,tiny,0,empty,0,0,246,1,0
0.4,3,0833,0.0,0.0,0.0,246,tiny,0,empty,0,0,246,1,0
0.4,5,0833,0.0,0.0,0.0,246,tiny,0,empty,0,0,246,1,0
0.4,10,0833,0.0,0.0,0.0,246,tiny,0,empty,0,0,246,1,0
0.4,20,0833,0.0,0.0,0.0,246,tiny,0,empty,0,0,246,1,0
0.45,0,0833,0.0,0.0,0.0,246,tiny,0,empty,0,0,246,1,0
0.45,3,0833,0.0,0.0,0.0,246,tiny,0,empty,0,0,246,1,0
0.45,5,0833,0.0,0.0,0.0,246,tiny,0,empty,0,0,246,1,0
0.45,10,0833,0.0,0.0,0.0,246,tiny,0,empty,0,0,246,1,0
0.45,20,0833,0.0,0.0,0.0,246,tiny,0,empty,0,0,246,1,0
0.5,0,0833,0.0,0.0,0.0,246,tiny,0,empty,0,0,246,1,0
0.5,3,0833,0.0,0.0,0.0,246,tiny,0,empty,0,0,246,1,0
0.5,5,0833,0.0,0.0,0.0,246,tiny,0,empty,0,0,246,1,0
0.5,10,0833,0.0,0.0,0.0,246,tiny,0,empty,0,0,246,1,0
0.5,20,0833,0.0,0.0,0.0,246,tiny,0,empty,0,0,246,1,0
0.55,0,0833,0.0,0.0,0.0,246,tiny,0,empty,0,0,246,1,0
0.55,3,0833,0.0,0.0,0.0,246,tiny,0,empty,0,0,246,1,0
0.55,5,0833,0.0,0.0,0.0,246,tiny,0,empty,0,0,246,1,0
0.55,10,0833,0.0,0.0,0.0,246,tiny,0,empty,0,0,246,1,0
0.55,20,0833,0.0,0.0,0.0,246,tiny,0,empty,0,0,246,1,0
0.35,0,0837,0.0,0.0,0.0,83,tiny,2,very_tiny,0,2,83,0,0
0.35,3,0837,0.0,0.0,0.0,83,tiny,0,empty,0,0,83,1,0
0.35,5,0837,0.0,0.0,0.0,83,tiny,0,empty,0,0,83,1,0
0.35,10,0837,0.0,0.0,0.0,83,tiny,0,empty,0,0,83,1,0
0.35,20,0837,0.0,0.0,0.0,83,tiny,0,empty,0,0,83,1,0
0.4,0,0837,0.0,0.0,0.0,83,tiny,2,very_tiny,0,2,83,0,0
0.4,3,0837,0.0,0.0,0.0,83,tiny,0,empty,0,0,83,1,0
0.4,5,0837,0.0,0.0,0.0,83,tiny,0,empty,0,0,83,1,0
0.4,10,0837,0.0,0.0,0.0,83,tiny,0,empty,0,0,83,1,0
0.4,20,0837,0.0,0.0,0.0,83,tiny,0,empty,0,0,83,1,0
0.45,0,0837,0.0,0.0,0.0,83,tiny,2,very_tiny,0,2,83,0,0
0.45,3,0837,0.0,0.0,0.0,83,tiny,0,empty,0,0,83,1,0
0.45,5,0837,0.0,0.0,0.0,83,tiny,0,empty,0,0,83,1,0
0.45,10,0837,0.0,0.0,0.0,83,tiny,0,empty,0,0,83,1,0
0.45,20,0837,0.0,0.0,0.0,83,tiny,0,empty,0,0,83,1,0
0.5,0,0837,0.0,0.0,0.0,83,tiny,1,very_tiny,0,1,83,0,0
0.5,3,0837,0.0,0.0,0.0,83,tiny,0,empty,0,0,83,1,0
0.5,5,0837,0.0,0.0,0.0,83,tiny,0,empty,0,0,83,1,0
0.5,10,0837,0.0,0.0,0.0,83,tiny,0,empty,0,0,83,1,0
0.5,20,0837,0.0,0.0,0.0,83,tiny,0,empty,0,0,83,1,0
0.55,0,0837,0.0,0.0,0.0,83,tiny,0,empty,0,0,83,1,0
0.55,3,0837,0.0,0.0,0.0,83,tiny,0,empty,0,0,83,1,0
0.55,5,0837,0.0,0.0,0.0,83,tiny,0,empty,0,0,83,1,0
0.55,10,0837,0.0,0.0,0.0,83,tiny,0,empty,0,0,83,1,0
0.55,20,0837,0.0,0.0,0.0,83,tiny,0,empty,0,0,83,1,0
0.35,0,0842,0.8573751583564959,0.8248412857220817,0.8925808547075845,50801,large,54973,large,45344,9629,5457,0,0
0.35,3,0842,0.8573913701168551,0.8248712957741354,0.8925808547075845,50801,large,54971,large,45344,9627,5457,0,0
0.35,5,0842,0.8573913701168551,0.8248712957741354,0.8925808547075845,50801,large,54971,large,45344,9627,5457,0,0
0.35,10,0842,0.8574319022001191,0.8249463304588291,0.8925808547075845,50801,large,54966,large,45344,9622,5457,0,0
0.35,20,0842,0.8574319022001191,0.8249463304588291,0.8925808547075845,50801,large,54966,large,45344,9622,5457,0,0
0.4,0,0842,0.8582446075963794,0.8292221855155453,0.8893722564516446,50801,large,54486,large,45181,9305,5620,0,0
0.4,3,0842,0.8582609108609963,0.8292526246237427,0.8893722564516446,50801,large,54484,large,45181,9303,5620,0,0
0.4,5,0842,0.8582853669193214,0.8292982874763679,0.8893722564516446,50801,large,54481,large,45181,9300,5620,0,0
0.4,10,0842,0.8582853669193214,0.8292982874763679,0.8893722564516446,50801,large,54481,large,45181,9300,5620,0,0
0.4,20,0842,0.8582853669193214,0.8292982874763679,0.8893722564516446,50801,large,54481,large,45181,9300,5620,0,0
0.45,0,0842,0.8587568465047043,0.8333425931070244,0.8857699651581662,50801,large,53997,large,44998,8999,5803,0,0
0.45,3,0842,0.8587896253602305,0.8334043301909507,0.8857699651581662,50801,large,53993,large,44998,8995,5803,0,0
0.45,5,0842,0.8587896253602305,0.8334043301909507,0.8857699651581662,50801,large,53993,large,44998,8995,5803,0,0
0.45,10,0842,0.8587896253602305,0.8334043301909507,0.8857699651581662,50801,large,53993,large,44998,8995,5803,0,0
0.45,20,0842,0.8587896253602305,0.8334043301909507,0.8857699651581662,50801,large,53993,large,44998,8995,5803,0,0
0.5,0,0842,0.8591392696252277,0.8372470997029647,0.8822070431684416,50801,large,53529,large,44817,8712,5984,0,0
0.5,3,0842,0.8591639748099725,0.8372940253334827,0.8822070431684416,50801,large,53526,large,44817,8709,5984,0,0
0.5,5,0842,0.8591639748099725,0.8372940253334827,0.8822070431684416,50801,large,53526,large,44817,8709,5984,0,0
0.5,10,0842,0.8591639748099725,0.8372940253334827,0.8822070431684416,50801,large,53526,large,44817,8709,5984,0,0
0.5,20,0842,0.8591639748099725,0.8372940253334827,0.8822070431684416,50801,large,53526,large,44817,8709,5984,0,0
0.55,0,0842,0.8597317310377368,0.8415080113100848,0.8787622290899786,50801,large,53050,large,44642,8408,6159,0,0
0.55,3,0842,0.8597482883802444,0.8415397375961393,0.8787622290899786,50801,large,53048,large,44642,8406,6159,0,0
0.55,5,0842,0.8597482883802444,0.8415397375961393,0.8787622290899786,50801,large,53048,large,44642,8406,6159,0,0
0.55,10,0842,0.8597482883802444,0.8415397375961393,0.8787622290899786,50801,large,53048,large,44642,8406,6159,0,0
0.55,20,0842,0.8597482883802444,0.8415397375961393,0.8787622290899786,50801,large,53048,large,44642,8406,6159,0,0
0.35,0,0877,0.8019461934745278,0.8658838071693449,0.7468017057569296,1867,small,1618,small,1401,217,475,0,0
0.35,3,0877,0.8019461934745278,0.8658838071693449,0.7468017057569296,1867,small,1618,small,1401,217,475,0,0
0.35,5,0877,0.8019461934745278,0.8658838071693449,0.7468017057569296,1867,small,1618,small,1401,217,475,0,0
0.35,10,0877,0.8019461934745278,0.8658838071693449,0.7468017057569296,1867,small,1618,small,1401,217,475,0,0
0.35,20,0877,0.8019461934745278,0.8658838071693449,0.7468017057569296,1867,small,1618,small,1401,217,475,0,0
0.4,0,0877,0.8,0.8692933083176986,0.7409381663113006,1867,small,1599,small,1390,209,486,0,0
0.4,3,0877,0.8,0.8692933083176986,0.7409381663113006,1867,small,1599,small,1390,209,486,0,0
0.4,5,0877,0.8,0.8692933083176986,0.7409381663113006,1867,small,1599,small,1390,209,486,0,0
0.4,10,0877,0.8,0.8692933083176986,0.7409381663113006,1867,small,1599,small,1390,209,486,0,0
0.4,20,0877,0.8,0.8692933083176986,0.7409381663113006,1867,small,1599,small,1390,209,486,0,0
0.45,0,0877,0.7953623188405797,0.8716645489199492,0.7313432835820896,1867,small,1574,small,1372,202,504,0,0
0.45,3,0877,0.7953623188405797,0.8716645489199492,0.7313432835820896,1867,small,1574,small,1372,202,504,0,0
0.45,5,0877,0.7953623188405797,0.8716645489199492,0.7313432835820896,1867,small,1574,small,1372,202,504,0,0
0.45,10,0877,0.7953623188405797,0.8716645489199492,0.7313432835820896,1867,small,1574,small,1372,202,504,0,0
0.45,20,0877,0.7953623188405797,0.8716645489199492,0.7313432835820896,1867,small,1574,small,1372,202,504,0,0
0.5,0,0877,0.7955607476635514,0.8798449612403101,0.7260127931769723,1867,small,1548,small,1362,186,514,0,0
0.5,3,0877,0.7955607476635514,0.8798449612403101,0.7260127931769723,1867,small,1548,small,1362,186,514,0,0
0.5,5,0877,0.7955607476635514,0.8798449612403101,0.7260127931769723,1867,small,1548,small,1362,186,514,0,0
0.5,10,0877,0.7955607476635514,0.8798449612403101,0.7260127931769723,1867,small,1548,small,1362,186,514,0,0
0.5,20,0877,0.7955607476635514,0.8798449612403101,0.7260127931769723,1867,small,1548,small,1362,186,514,0,0
0.55,0,0877,0.7923529411764706,0.8838582677165354,0.7180170575692963,1867,small,1524,small,1347,177,529,0,0
0.55,3,0877,0.7923529411764706,0.8838582677165354,0.7180170575692963,1867,small,1524,small,1347,177,529,0,0
0.55,5,0877,0.7923529411764706,0.8838582677165354,0.7180170575692963,1867,small,1524,small,1347,177,529,0,0
0.55,10,0877,0.7923529411764706,0.8838582677165354,0.7180170575692963,1867,small,1524,small,1347,177,529,0,0
0.55,20,0877,0.7923529411764706,0.8838582677165354,0.7180170575692963,1867,small,1524,small,1347,177,529,0,0
0.35,0,0891,0.4052863436123348,0.7210031347962382,0.2818627450980392,816,tiny,319,tiny,230,89,586,0,0
0.35,3,0891,0.40671971706454463,0.7301587301587301,0.2818627450980392,816,tiny,315,tiny,230,85,586,0,0
0.35,5,0891,0.40671971706454463,0.7301587301587301,0.2818627450980392,816,tiny,315,tiny,230,85,586,0,0
0.35,10,0891,0.40671971706454463,0.7301587301587301,0.2818627450980392,816,tiny,315,tiny,230,85,586,0,0
0.35,20,0891,0.40671971706454463,0.7301587301587301,0.2818627450980392,816,tiny,315,tiny,230,85,586,0,0
0.4,0,0891,0.39751552795031053,0.7202572347266881,0.27450980392156865,816,tiny,311,tiny,224,87,592,0,0
0.4,3,0891,0.39893143365983974,0.7296416938110749,0.27450980392156865,816,tiny,307,tiny,224,83,592,0,0
0.4,5,0891,0.39893143365983974,0.7296416938110749,0.27450980392156865,816,tiny,307,tiny,224,83,592,0,0
0.4,10,0891,0.39893143365983974,0.7296416938110749,0.27450980392156865,816,tiny,307,tiny,224,83,592,0,0
0.4,20,0891,0.39893143365983974,0.7296416938110749,0.27450980392156865,816,tiny,307,tiny,224,83,592,0,0
0.45,0,0891,0.39857015192135836,0.735973597359736,0.27328431372549017,816,tiny,303,tiny,223,80,593,0,0
0.45,3,0891,0.4,0.745819397993311,0.27328431372549017,816,tiny,299,tiny,223,76,593,0,0
0.45,5,0891,0.4,0.745819397993311,0.27328431372549017,816,tiny,299,tiny,223,76,593,0,0
0.45,10,0891,0.4,0.745819397993311,0.27328431372549017,816,tiny,299,tiny,223,76,593,0,0
0.45,20,0891,0.4,0.745819397993311,0.27328431372549017,816,tiny,299,tiny,223,76,593,0,0
0.5,0,0891,0.3953279424977538,0.7407407407407407,0.2696078431372549,816,tiny,297,tiny,220,77,596,0,0
0.5,3,0891,0.39675383228133454,0.7508532423208191,0.2696078431372549,816,tiny,293,tiny,220,73,596,0,0
0.5,5,0891,0.39675383228133454,0.7508532423208191,0.2696078431372549,816,tiny,293,tiny,220,73,596,0,0
0.5,10,0891,0.39675383228133454,0.7508532423208191,0.2696078431372549,816,tiny,293,tiny,220,73,596,0,0
0.5,20,0891,0.39675383228133454,0.7508532423208191,0.2696078431372549,816,tiny,293,tiny,220,73,596,0,0
0.55,0,0891,0.39059674502712477,0.7448275862068966,0.2647058823529412,816,tiny,290,tiny,216,74,600,0,0
0.55,3,0891,0.39201451905626133,0.7552447552447552,0.2647058823529412,816,tiny,286,tiny,216,70,600,0,0
0.55,5,0891,0.39201451905626133,0.7552447552447552,0.2647058823529412,816,tiny,286,tiny,216,70,600,0,0
0.55,10,0891,0.39201451905626133,0.7552447552447552,0.2647058823529412,816,tiny,286,tiny,216,70,600,0,0
0.55,20,0891,0.3988919667590028,0.8089887640449438,0.2647058823529412,816,tiny,267,tiny,216,51,600,0,0
0.35,0,0894,0.696327022144912,0.6983360171765969,0.6943295530353569,22485,large,22356,large,15612,6744,6873,0,0
0.35,3,0894,0.69630191372619,0.6984205109848315,0.6941961307538359,22485,large,22349,large,15609,6740,6876,0,0
0.35,5,0894,0.6964572550419418,0.6987331572586061,0.6941961307538359,22485,large,22339,large,15609,6730,6876,0,0
0.35,10,0894,0.6965138597509262,0.6990726221943462,0.6939737602846342,22485,large,22321,large,15604,6717,6881,0,0
0.35,20,0894,0.6969960915689559,0.7000448631673396,0.6939737602846342,22485,large,22290,large,15604,6686,6881,0,0
0.4,0,0894,0.6968193755471258,0.7034351490981601,0.6903268845897265,22485,large,22066,large,15522,6544,6963,0,0
0.4,3,0894,0.6967785385565158,0.7034904805077062,0.6901934623082054,22485,large,22060,large,15519,6541,6966,0,0
0.4,5,0894,0.6968648939992813,0.7038515628544209,0.6900155659328441,22485,large,22043,large,15515,6528,6970,0,0
0.4,10,0894,0.6969744614900834,0.7040751497549464,0.6900155659328441,22485,large,22036,large,15515,6521,6970,0,0
0.4,20,0894,0.6974287512361773,0.7050029536056709,0.6900155659328441,22485,large,22007,large,15515,6492,6970,0,0
0.45,0,0894,0.6969327370465737,0.708063701867915,0.6861463197687347,22485,large,21789,large,15428,6361,7057,0,0
0.45,3,0894,0.6970313135420902,0.7083620333379254,0.6860573715810541,22485,large,21777,large,15426,6351,7059,0,0
0.45,5,0894,0.6970532405315014,0.7085496393623375,0.685923949299533,22485,large,21767,large,15423,6344,7062,0,0
0.45,10,0894,0.6971477647696966,0.7087450025274574,0.685923949299533,22485,large,21761,large,15423,6338,7062,0,0
0.45,20,0894,0.6975892170609254,0.7096581235908527,0.685923949299533,22485,large,21733,large,15423,6310,7062,0,0
0.5,0,0894,0.6968607825295723,0.7132479627473807,0.6812096953524572,22485,large,21475,large,15317,6158,7168,0,0
0.5,3,0894,0.6969421186749181,0.713467182186612,0.6811652212586169,22485,large,21467,large,15316,6151,7169,0,0
0.5,5,0894,0.6969800414191757,0.713693139448173,0.6810317989770959,22485,large,21456,large,15313,6143,7172,0,0
0.5,10,0894,0.6971863048625023,0.7141258219465559,0.6810317989770959,22485,large,21443,large,15313,6130,7172,0,0
0.5,20,0894,0.6975991982142044,0.7149927627585563,0.6810317989770959,22485,large,21417,large,15313,6104,7172,0,0
0.55,0,0894,0.6972754100610802,0.71791972866026,0.6777851901267512,22485,large,21228,large,15240,5988,7245,0,0
0.55,3,0894,0.6973295805587972,0.7181843891402715,0.6776517678452302,22485,large,21216,large,15237,5979,7248,0,0
0.55,5,0894,0.6973774543457366,0.71828595672465,0.6776517678452302,22485,large,21213,large,15237,5976,7248,0,0
0.55,10,0894,0.6977127549969091,0.7189977349943375,0.6776517678452302,22485,large,21192,large,15237,5955,7248,0,0
0.55,20,0894,0.6982243097720243,0.7200850661625708,0.6776517678452302,22485,large,21160,large,15237,5923,7248,0,0
0.35,0,0911,0.5131995776135164,0.39868744872846595,0.72,675,tiny,1219,small,486,733,189,0,0
0.35,3,0911,0.5129561078794289,0.3988486842105263,0.7185185185185186,675,tiny,1216,small,485,731,190,0,0
0.35,5,0911,0.5129561078794289,0.3988486842105263,0.7185185185185186,675,tiny,1216,small,485,731,190,0,0
0.35,10,0911,0.5129561078794289,0.3988486842105263,0.7185185185185186,675,tiny,1216,small,485,731,190,0,0
0.35,20,0911,0.5129561078794289,0.3988486842105263,0.7185185185185186,675,tiny,1216,small,485,731,190,0,0
0.4,0,0911,0.5122470713525027,0.399833748960931,0.7125925925925926,675,tiny,1203,small,481,722,194,0,0
0.4,3,0911,0.511727078891258,0.3996669442131557,0.7111111111111111,675,tiny,1201,small,480,721,195,0,0
0.4,5,0911,0.511727078891258,0.3996669442131557,0.7111111111111111,675,tiny,1201,small,480,721,195,0,0
0.4,10,0911,0.511727078891258,0.3996669442131557,0.7111111111111111,675,tiny,1201,small,480,721,195,0,0
0.4,20,0911,0.511727078891258,0.3996669442131557,0.7111111111111111,675,tiny,1201,small,480,721,195,0,0
0.45,0,0911,0.5121032813340506,0.40202702702702703,0.7051851851851851,675,tiny,1184,small,476,708,199,0,0
0.45,3,0911,0.5115778136779753,0.40186125211505924,0.7037037037037037,675,tiny,1182,small,475,707,200,0,0
0.45,5,0911,0.5115778136779753,0.40186125211505924,0.7037037037037037,675,tiny,1182,small,475,707,200,0,0
0.45,10,0911,0.5115778136779753,0.40186125211505924,0.7037037037037037,675,tiny,1182,small,475,707,200,0,0
0.45,20,0911,0.5115778136779753,0.40186125211505924,0.7037037037037037,675,tiny,1182,small,475,707,200,0,0
0.5,0,0911,0.5073972602739726,0.4026086956521739,0.6859259259259259,675,tiny,1150,small,463,687,212,0,0
0.5,3,0911,0.5076754385964912,0.40295909486510006,0.6859259259259259,675,tiny,1149,small,463,686,212,0,0
0.5,5,0911,0.5076754385964912,0.40295909486510006,0.6859259259259259,675,tiny,1149,small,463,686,212,0,0
0.5,10,0911,0.5076754385964912,0.40295909486510006,0.6859259259259259,675,tiny,1149,small,463,686,212,0,0
0.5,20,0911,0.5076754385964912,0.40295909486510006,0.6859259259259259,675,tiny,1149,small,463,686,212,0,0
0.55,0,0911,0.5113699389905713,0.40868794326241137,0.682962962962963,675,tiny,1128,small,461,667,214,0,0
0.55,3,0911,0.5113699389905713,0.40868794326241137,0.682962962962963,675,tiny,1128,small,461,667,214,0,0
0.55,5,0911,0.5113699389905713,0.40868794326241137,0.682962962962963,675,tiny,1128,small,461,667,214,0,0
0.55,10,0911,0.5113699389905713,0.40868794326241137,0.682962962962963,675,tiny,1128,small,461,667,214,0,0
0.55,20,0911,0.5113699389905713,0.40868794326241137,0.682962962962963,675,tiny,1128,small,461,667,214,0,0
0.35,0,0922,0.5669053901243875,0.49054142204827134,0.6714285714285714,2245,small,3066,small,1504,1562,736,0,0
0.35,3,0922,0.5668994149839592,0.491010134030729,0.6705357142857142,2245,small,3059,small,1502,1557,738,0,0
0.35,5,0922,0.5668994149839592,0.491010134030729,0.6705357142857142,2245,small,3059,small,1502,1557,738,0,0
0.35,10,0922,0.5660734570238546,0.49145299145299143,0.6674107142857143,2245,small,3042,small,1495,1547,745,0,0
0.35,20,0922,0.567577828397874,0.4937252311756935,0.6674107142857143,2245,small,3028,small,1495,1533,745,0,0
0.4,0,0922,0.5683247570040023,0.49584303292317927,0.665625,2245,small,3007,small,1491,1516,749,0,0
0.4,3,0922,0.5684853109500191,0.49633577614923385,0.6651785714285714,2245,small,3002,small,1490,1512,750,0,0
0.4,5,0922,0.5684853109500191,0.49633577614923385,0.6651785714285714,2245,small,3002,small,1490,1512,750,0,0
0.4,10,0922,0.5674383011287546,0.49648476732507535,0.6620535714285715,2245,small,2987,small,1483,1504,757,0,0
0.4,20,0922,0.5689622098599655,0.49882273797510934,0.6620535714285715,2245,small,2973,small,1483,1490,757,0,0
0.45,0,0922,0.5697203471552555,0.501528013582343,0.659375,2245,small,2945,small,1477,1468,763,0,0
0.45,3,0922,0.5694444444444444,0.501358695652174,0.6589285714285714,2245,small,2944,small,1476,1468,764,0,0
0.45,5,0922,0.5694444444444444,0.501358695652174,0.6589285714285714,2245,small,2944,small,1476,1468,764,0,0
0.45,10,0922,0.568445475638051,0.5013642564802183,0.65625,2245,small,2932,small,1470,1462,770,0,0
0.45,20,0922,0.5698778833107191,0.5035971223021583,0.65625,2245,small,2919,small,1470,1449,770,0,0
0.5,0,0922,0.5712616822429907,0.506560773480663,0.6549107142857142,2245,small,2896,small,1467,1429,773,0,0
0.5,3,0922,0.5712616822429907,0.506560773480663,0.6549107142857142,2245,small,2896,small,1467,1429,773,0,0
0.5,5,0922,0.5712616822429907,0.506560773480663,0.6549107142857142,2245,small,2896,small,1467,1429,773,0,0
0.5,10,0922,0.5702576112412178,0.5065880721220527,0.6522321428571428,2245,small,2884,small,1461,1423,779,0,0
0.5,20,0922,0.5717080806104481,0.5088819226750261,0.6522321428571428,2245,small,2871,small,1461,1410,779,0,0
0.55,0,0922,0.5727254785869351,0.51326494517156,0.6477678571428571,2245,small,2827,small,1451,1376,789,0,0
0.55,3,0922,0.5727254785869351,0.51326494517156,0.6477678571428571,2245,small,2827,small,1451,1376,789,0,0
0.55,5,0922,0.5727254785869351,0.51326494517156,0.6477678571428571,2245,small,2827,small,1451,1376,789,0,0
0.55,10,0922,0.571993670886076,0.5134943181818182,0.6455357142857143,2245,small,2816,small,1446,1370,794,0,0
0.55,20,0922,0.5731272294887039,0.5153243050605845,0.6455357142857143,2245,small,2806,small,1446,1360,794,0,0
0.35,0,0945,0.7018604651162791,0.8652522935779816,0.5903755868544601,5102,large,3488,small,3018,470,2094,0,0
0.35,3,0945,0.7020237264480111,0.8657487091222031,0.5903755868544601,5102,large,3486,small,3018,468,2094,0,0
0.35,5,0945,0.7012926516827763,0.8664748201438849,0.5890062597809077,5102,large,3475,small,3011,464,2101,0,0
0.35,10,0945,0.703176085941149,0.8722479721900348,0.5890062597809077,5102,large,3452,small,3011,441,2101,0,0
0.35,20,0945,0.7044922788956481,0.8763096623981373,0.5890062597809077,5102,large,3436,small,3011,425,2101,0,0
0.4,0,0945,0.6999532273152479,0.8700581395348838,0.5854851330203443,5102,large,3440,small,2993,447,2119,0,0
0.4,3,0945,0.7000350836159513,0.8703111369584181,0.5854851330203443,5102,large,3439,small,2993,446,2119,0,0
0.4,5,0945,0.6999531176746366,0.8730994152046784,0.5841158059467919,5102,large,3420,small,2986,434,2126,0,0
0.4,10,0945,0.7017626321974149,0.8787522071806946,0.5841158059467919,5102,large,3398,small,2986,412,2126,0,0
0.4,20,0945,0.7029190207156308,0.8823877068557919,0.5841158059467919,5102,large,3384,small,2986,398,2126,0,0
0.45,0,0945,0.6967666078777189,0.8732684939581491,0.5796165884194053,5102,large,3393,small,2963,430,2149,0,0
0.45,3,0945,0.6963886601576286,0.8734139864266746,0.5790297339593115,5102,large,3389,small,2960,429,2152,0,0
0.45,5,0945,0.6967483506126296,0.8758886255924171,0.5784428794992176,5102,large,3376,small,2957,419,2155,0,0
0.45,10,0945,0.6983939537080774,0.8811084624553039,0.5784428794992176,5102,large,3356,small,2957,399,2155,0,0
0.45,20,0945,0.6993850520340587,0.8842703349282297,0.5784428794992176,5102,large,3344,small,2957,387,2155,0,0
0.5,0,0945,0.6945527590688881,0.877051626380185,0.5749217527386542,5102,large,3351,small,2939,412,2173,0,0
0.5,3,0945,0.6940898345153664,0.8769414575866189,0.5743348982785602,5102,large,3348,small,2936,412,2176,0,0
0.5,5,0945,0.6944477329229313,0.8794602698650674,0.5737480438184663,5102,large,3335,small,2933,402,2179,0,0
0.5,10,0945,0.6960132890365448,0.8844993968636912,0.5737480438184663,5102,large,3316,small,2933,383,2179,0,0
0.5,20,0945,0.6969228941428062,0.8874432677760968,0.5737480438184663,5102,large,3305,small,2933,372,2179,0,0
0.55,0,0945,0.6929096514109556,0.8795906080674293,0.5715962441314554,5102,large,3322,small,2922,400,2190,0,0
0.55,3,0945,0.6922985641390768,0.8799396681749623,0.5706181533646323,5102,large,3315,small,2917,398,2195,0,0
0.55,5,0945,0.692874109263658,0.8818016928657799,0.5706181533646323,5102,large,3308,small,2917,391,2195,0,0
0.55,10,0945,0.6944411379597667,0.8868957129826696,0.5706181533646323,5102,large,3289,small,2917,372,2195,0,0
0.55,20,0945,0.6953516090584029,0.8898718730933496,0.5706181533646323,5102,large,3278,small,2917,361,2195,0,0
0.35,0,0951,0.7650130548302873,0.8572264482153306,0.6907119283356907,2121,small,1709,small,1465,244,656,0,0
0.35,3,0951,0.7652128493079133,0.857728337236534,0.6907119283356907,2121,small,1708,small,1465,243,656,0,0
0.35,5,0951,0.7652128493079133,0.857728337236534,0.6907119283356907,2121,small,1708,small,1465,243,656,0,0
0.35,10,0951,0.7652128493079133,0.857728337236534,0.6907119283356907,2121,small,1708,small,1465,243,656,0,0
0.35,20,0951,0.7652128493079133,0.857728337236534,0.6907119283356907,2121,small,1708,small,1465,243,656,0,0
0.4,0,0951,0.7638085218306154,0.8637715645449138,0.6845827439886846,2121,small,1681,small,1452,229,669,0,0
0.4,3,0951,0.7638085218306154,0.8637715645449138,0.6845827439886846,2121,small,1681,small,1452,229,669,0,0
0.4,5,0951,0.7638085218306154,0.8637715645449138,0.6845827439886846,2121,small,1681,small,1452,229,669,0,0
0.4,10,0951,0.7638085218306154,0.8637715645449138,0.6845827439886846,2121,small,1681,small,1452,229,669,0,0
0.4,20,0951,0.7638085218306154,0.8637715645449138,0.6845827439886846,2121,small,1681,small,1452,229,669,0,0
0.45,0,0951,0.758364312267658,0.8680851063829788,0.6732673267326733,2121,small,1645,small,1428,217,693,0,0
0.45,3,0951,0.758364312267658,0.8680851063829788,0.6732673267326733,2121,small,1645,small,1428,217,693,0,0
0.45,5,0951,0.758364312267658,0.8680851063829788,0.6732673267326733,2121,small,1645,small,1428,217,693,0,0
0.45,10,0951,0.758364312267658,0.8680851063829788,0.6732673267326733,2121,small,1645,small,1428,217,693,0,0
0.45,20,0951,0.758364312267658,0.8680851063829788,0.6732673267326733,2121,small,1645,small,1428,217,693,0,0
0.5,0,0951,0.7540106951871658,0.8709079678814082,0.6647807637906648,2121,small,1619,small,1410,209,711,0,0
0.5,3,0951,0.7540106951871658,0.8709079678814082,0.6647807637906648,2121,small,1619,small,1410,209,711,0,0
0.5,5,0951,0.7540106951871658,0.8709079678814082,0.6647807637906648,2121,small,1619,small,1410,209,711,0,0
0.5,10,0951,0.7540106951871658,0.8709079678814082,0.6647807637906648,2121,small,1619,small,1410,209,711,0,0
0.5,20,0951,0.7476484815909702,0.869375,0.6558227251296558,2121,small,1600,small,1391,209,730,0,0
0.55,0,0951,0.7512142471667567,0.8782334384858044,0.6562942008486563,2121,small,1585,small,1392,193,729,0,0
0.55,3,0951,0.7512142471667567,0.8782334384858044,0.6562942008486563,2121,small,1585,small,1392,193,729,0,0
0.55,5,0951,0.7512142471667567,0.8782334384858044,0.6562942008486563,2121,small,1585,small,1392,193,729,0,0
0.55,10,0951,0.7512142471667567,0.8782334384858044,0.6562942008486563,2121,small,1585,small,1392,193,729,0,0
0.55,20,0951,0.745119305856833,0.8768347160178686,0.6478076379066479,2121,small,1567,small,1374,193,747,0,0
0.35,0,0982,0.7062146892655368,0.8333333333333334,0.6127450980392157,204,tiny,150,tiny,125,25,79,0,0
0.35,3,0982,0.7062146892655368,0.8333333333333334,0.6127450980392157,204,tiny,150,tiny,125,25,79,0,0
0.35,5,0982,0.7062146892655368,0.8333333333333334,0.6127450980392157,204,tiny,150,tiny,125,25,79,0,0
0.35,10,0982,0.7062146892655368,0.8333333333333334,0.6127450980392157,204,tiny,150,tiny,125,25,79,0,0
0.35,20,0982,0.7062146892655368,0.8333333333333334,0.6127450980392157,204,tiny,150,tiny,125,25,79,0,0
0.4,0,0982,0.7082152974504249,0.8389261744966443,0.6127450980392157,204,tiny,149,tiny,125,24,79,0,0
0.4,3,0982,0.7082152974504249,0.8389261744966443,0.6127450980392157,204,tiny,149,tiny,125,24,79,0,0
0.4,5,0982,0.7082152974504249,0.8389261744966443,0.6127450980392157,204,tiny,149,tiny,125,24,79,0,0
0.4,10,0982,0.7082152974504249,0.8389261744966443,0.6127450980392157,204,tiny,149,tiny,125,24,79,0,0
0.4,20,0982,0.7082152974504249,0.8389261744966443,0.6127450980392157,204,tiny,149,tiny,125,24,79,0,0
0.45,0,0982,0.7045454545454546,0.8378378378378378,0.6078431372549019,204,tiny,148,tiny,124,24,80,0,0
0.45,3,0982,0.7045454545454546,0.8378378378378378,0.6078431372549019,204,tiny,148,tiny,124,24,80,0,0
0.45,5,0982,0.7045454545454546,0.8378378378378378,0.6078431372549019,204,tiny,148,tiny,124,24,80,0,0
0.45,10,0982,0.7045454545454546,0.8378378378378378,0.6078431372549019,204,tiny,148,tiny,124,24,80,0,0
0.45,20,0982,0.7045454545454546,0.8378378378378378,0.6078431372549019,204,tiny,148,tiny,124,24,80,0,0
0.5,0,0982,0.7045454545454546,0.8378378378378378,0.6078431372549019,204,tiny,148,tiny,124,24,80,0,0
0.5,3,0982,0.7045454545454546,0.8378378378378378,0.6078431372549019,204,tiny,148,tiny,124,24,80,0,0
0.5,5,0982,0.7045454545454546,0.8378378378378378,0.6078431372549019,204,tiny,148,tiny,124,24,80,0,0
0.5,10,0982,0.7045454545454546,0.8378378378378378,0.6078431372549019,204,tiny,148,tiny,124,24,80,0,0
0.5,20,0982,0.7045454545454546,0.8378378378378378,0.6078431372549019,204,tiny,148,tiny,124,24,80,0,0
0.55,0,0982,0.6991404011461319,0.8413793103448276,0.5980392156862745,204,tiny,145,tiny,122,23,82,0,0
0.55,3,0982,0.6991404011461319,0.8413793103448276,0.5980392156862745,204,tiny,145,tiny,122,23,82,0,0
0.55,5,0982,0.6991404011461319,0.8413793103448276,0.5980392156862745,204,tiny,145,tiny,122,23,82,0,0
0.55,10,0982,0.6991404011461319,0.8413793103448276,0.5980392156862745,204,tiny,145,tiny,122,23,82,0,0
0.55,20,0982,0.6991404011461319,0.8413793103448276,0.5980392156862745,204,tiny,145,tiny,122,23,82,0,0
0.35,0,1031,0.30674157303370786,0.7459016393442623,0.19306930693069307,2828,small,732,tiny,546,186,2282,0,0
0.35,3,1031,0.3069139966273187,0.7479452054794521,0.19306930693069307,2828,small,730,tiny,546,184,2282,0,0
0.35,5,1031,0.3069139966273187,0.7479452054794521,0.19306930693069307,2828,small,730,tiny,546,184,2282,0,0
0.35,10,1031,0.3069139966273187,0.7479452054794521,0.19306930693069307,2828,small,730,tiny,546,184,2282,0,0
0.35,20,1031,0.3079526226734349,0.7604456824512534,0.19306930693069307,2828,small,718,tiny,546,172,2282,0,0
0.4,0,1031,0.30369743155517925,0.7524475524475525,0.19024045261669023,2828,small,715,tiny,538,177,2290,0,0
0.4,3,1031,0.3037831733483907,0.7535014005602241,0.19024045261669023,2828,small,714,tiny,538,176,2290,0,0
0.4,5,1031,0.3037831733483907,0.7535014005602241,0.19024045261669023,2828,small,714,tiny,538,176,2290,0,0
0.4,10,1031,0.3037831733483907,0.7535014005602241,0.19024045261669023,2828,small,714,tiny,538,176,2290,0,0
0.4,20,1031,0.3047295383743982,0.7652916073968705,0.19024045261669023,2828,small,703,tiny,538,165,2290,0,0
0.45,0,1031,0.30036837631056956,0.7560627674750356,0.18741159830268742,2828,small,701,tiny,530,171,2298,0,0
0.45,3,1031,0.30045351473922904,0.7571428571428571,0.18741159830268742,2828,small,700,tiny,530,170,2298,0,0
0.45,5,1031,0.30045351473922904,0.7571428571428571,0.18741159830268742,2828,small,700,tiny,530,170,2298,0,0
0.45,10,1031,0.30122193805058256,0.7670043415340086,0.18741159830268742,2828,small,691,tiny,530,161,2298,0,0
0.45,20,1031,0.30122193805058256,0.7670043415340086,0.18741159830268742,2828,small,691,tiny,530,161,2298,0,0
0.5,0,1031,0.29654975762760194,0.7658321060382917,0.18387553041018387,2828,small,679,tiny,520,159,2308,0,0
0.5,3,1031,0.29654975762760194,0.7658321060382917,0.18387553041018387,2828,small,679,tiny,520,159,2308,0,0
0.5,5,1031,0.29654975762760194,0.7658321060382917,0.18387553041018387,2828,small,679,tiny,520,159,2308,0,0
0.5,10,1031,0.297227779365533,0.7749627421758569,0.18387553041018387,2828,small,671,tiny,520,151,2308,0,0
0.5,20,1031,0.297227779365533,0.7749627421758569,0.18387553041018387,2828,small,671,tiny,520,151,2308,0,0
0.55,0,1031,0.29120091716824303,0.7685325264750378,0.17963224893917965,2828,small,661,tiny,508,153,2320,0,0
0.55,3,1031,0.29120091716824303,0.7685325264750378,0.17963224893917965,2828,small,661,tiny,508,153,2320,0,0
0.55,5,1031,0.29120091716824303,0.7685325264750378,0.17963224893917965,2828,small,661,tiny,508,153,2320,0,0
0.55,10,1031,0.2917863296955773,0.7767584097859327,0.17963224893917965,2828,small,654,tiny,508,146,2320,0,0
0.55,20,1031,0.2917863296955773,0.7767584097859327,0.17963224893917965,2828,small,654,tiny,508,146,2320,0,0
0.35,0,1038,0.8115553388590931,0.8461049688651671,0.7797165944489987,8539,large,7869,large,6658,1211,1881,0,0
0.35,3,1038,0.8115553388590931,0.8461049688651671,0.7797165944489987,8539,large,7869,large,6658,1211,1881,0,0
0.35,5,1038,0.8115553388590931,0.8461049688651671,0.7797165944489987,8539,large,7869,large,6658,1211,1881,0,0
0.35,10,1038,0.8115553388590931,0.8461049688651671,0.7797165944489987,8539,large,7869,large,6658,1211,1881,0,0
0.35,20,1038,0.8115553388590931,0.8461049688651671,0.7797165944489987,8539,large,7869,large,6658,1211,1881,0,0
0.4,0,1038,0.8095529699938763,0.8484148376331665,0.7740953273217004,8539,large,7791,large,6610,1181,1929,0,0
0.4,3,1038,0.8095529699938763,0.8484148376331665,0.7740953273217004,8539,large,7791,large,6610,1181,1929,0,0
0.4,5,1038,0.8095529699938763,0.8484148376331665,0.7740953273217004,8539,large,7791,large,6610,1181,1929,0,0
0.4,10,1038,0.8095529699938763,0.8484148376331665,0.7740953273217004,8539,large,7791,large,6610,1181,1929,0,0
0.4,20,1038,0.8095529699938763,0.8484148376331665,0.7740953273217004,8539,large,7791,large,6610,1181,1929,0,0
0.45,0,1038,0.8075597143560699,0.8512654120700843,0.768122730998946,8539,large,7705,large,6559,1146,1980,0,0
0.45,3,1038,0.8075597143560699,0.8512654120700843,0.768122730998946,8539,large,7705,large,6559,1146,1980,0,0
0.45,5,1038,0.8075597143560699,0.8512654120700843,0.768122730998946,8539,large,7705,large,6559,1146,1980,0,0
0.45,10,1038,0.8075597143560699,0.8512654120700843,0.768122730998946,8539,large,7705,large,6559,1146,1980,0,0
0.45,20,1038,0.8075597143560699,0.8512654120700843,0.768122730998946,8539,large,7705,large,6559,1146,1980,0,0
0.5,0,1038,0.8062820750633772,0.8540738800104795,0.7635554514580162,8539,large,7634,large,6520,1114,2019,0,0
0.5,3,1038,0.8062820750633772,0.8540738800104795,0.7635554514580162,8539,large,7634,large,6520,1114,2019,0,0
0.5,5,1038,0.8062820750633772,0.8540738800104795,0.7635554514580162,8539,large,7634,large,6520,1114,2019,0,0
0.5,10,1038,0.8062820750633772,0.8540738800104795,0.7635554514580162,8539,large,7634,large,6520,1114,2019,0,0
0.5,20,1038,0.8062820750633772,0.8540738800104795,0.7635554514580162,8539,large,7634,large,6520,1114,2019,0,0
0.55,0,1038,0.8042479195131039,0.8561417426946979,0.758285513526174,8539,large,7563,large,6475,1088,2064,0,0
0.55,3,1038,0.8042479195131039,0.8561417426946979,0.758285513526174,8539,large,7563,large,6475,1088,2064,0,0
0.55,5,1038,0.8042479195131039,0.8561417426946979,0.758285513526174,8539,large,7563,large,6475,1088,2064,0,0
0.55,10,1038,0.8042479195131039,0.8561417426946979,0.758285513526174,8539,large,7563,large,6475,1088,2064,0,0
0.55,20,1038,0.8042479195131039,0.8561417426946979,0.758285513526174,8539,large,7563,large,6475,1088,2064,0,0
0.35,0,1059,0.6343085856023452,0.7314092563702548,0.5599681496964268,10047,large,7692,large,5626,2066,4421,0,0
0.35,3,1059,0.6343085856023452,0.7314092563702548,0.5599681496964268,10047,large,7692,large,5626,2066,4421,0,0
0.35,5,1059,0.6343085856023452,0.7314092563702548,0.5599681496964268,10047,large,7692,large,5626,2066,4421,0,0
0.35,10,1059,0.6343085856023452,0.7314092563702548,0.5599681496964268,10047,large,7692,large,5626,2066,4421,0,0
0.35,20,1059,0.6343085856023452,0.7314092563702548,0.5599681496964268,10047,large,7692,large,5626,2066,4421,0,0
0.4,0,1059,0.6319432624113476,0.7348904724201636,0.5542948143724495,10047,large,7578,large,5569,2009,4478,0,0
0.4,3,1059,0.6319432624113476,0.7348904724201636,0.5542948143724495,10047,large,7578,large,5569,2009,4478,0,0
0.4,5,1059,0.6319432624113476,0.7348904724201636,0.5542948143724495,10047,large,7578,large,5569,2009,4478,0,0
0.4,10,1059,0.6319432624113476,0.7348904724201636,0.5542948143724495,10047,large,7578,large,5569,2009,4478,0,0
0.4,20,1059,0.6319432624113476,0.7348904724201636,0.5542948143724495,10047,large,7578,large,5569,2009,4478,0,0
0.45,0,1059,0.6285648968394582,0.7381208053691275,0.5473275604658107,10047,large,7450,large,5499,1951,4548,0,0
0.45,3,1059,0.6285648968394582,0.7381208053691275,0.5473275604658107,10047,large,7450,large,5499,1951,4548,0,0
0.45,5,1059,0.6285648968394582,0.7381208053691275,0.5473275604658107,10047,large,7450,large,5499,1951,4548,0,0
0.45,10,1059,0.6285648968394582,0.7381208053691275,0.5473275604658107,10047,large,7450,large,5499,1951,4548,0,0
0.45,20,1059,0.6285648968394582,0.7381208053691275,0.5473275604658107,10047,large,7450,large,5499,1951,4548,0,0
0.5,0,1059,0.625597328573896,0.7420103796776837,0.5407584353538369,10047,large,7322,large,5433,1889,4614,0,0
0.5,3,1059,0.625597328573896,0.7420103796776837,0.5407584353538369,10047,large,7322,large,5433,1889,4614,0,0
0.5,5,1059,0.625597328573896,0.7420103796776837,0.5407584353538369,10047,large,7322,large,5433,1889,4614,0,0
0.5,10,1059,0.6258135114899499,0.7426189174412248,0.5407584353538369,10047,large,7316,large,5433,1883,4614,0,0
0.5,20,1059,0.6258135114899499,0.7426189174412248,0.5407584353538369,10047,large,7316,large,5433,1883,4614,0,0
0.55,0,1059,0.6227093481790767,0.7460052799777686,0.5343883746391958,10047,large,7197,large,5369,1828,4678,0,0
0.55,3,1059,0.6227093481790767,0.7460052799777686,0.5343883746391958,10047,large,7197,large,5369,1828,4678,0,0
0.55,5,1059,0.6227093481790767,0.7460052799777686,0.5343883746391958,10047,large,7197,large,5369,1828,4678,0,0
0.55,10,1059,0.6228899588143164,0.746523915461624,0.5343883746391958,10047,large,7192,large,5369,1823,4678,0,0
0.55,20,1059,0.6228899588143164,0.746523915461624,0.5343883746391958,10047,large,7192,large,5369,1823,4678,0,0
0.35,0,1066,0.8504167416201954,0.7949419308551186,0.9142149911043499,38763,large,44602,large,35456,9146,3327,0,0
0.35,3,1066,0.8503993667698064,0.7949505594295836,0.9141634221179382,38763,large,44599,large,35454,9145,3329,0,0
0.35,5,1066,0.8503993667698064,0.7949505594295836,0.9141634221179382,38763,large,44599,large,35454,9145,3329,0,0
0.35,10,1066,0.8504707646176911,0.795075349838536,0.9141634221179382,38763,large,44592,large,35454,9138,3329,0,0
0.35,20,1066,0.8504707646176911,0.795075349838536,0.9141634221179382,38763,large,44592,large,35454,9138,3329,0,0
0.4,0,1066,0.8513409408252685,0.7983880071343101,0.9118170332362118,38763,large,44293,large,35363,8930,3420,0,0
0.4,3,1066,0.8513271140535661,0.7983834552515127,0.911791248743006,38763,large,44292,large,35362,8930,3421,0,0
0.4,5,1066,0.8513271140535661,0.7983834552515127,0.911791248743006,38763,large,44292,large,35362,8930,3421,0,0
0.4,10,1066,0.8513783556037077,0.7984735927021474,0.911791248743006,38763,large,44287,large,35362,8925,3421,0,0
0.4,20,1066,0.8513783556037077,0.7984735927021474,0.911791248743006,38763,large,44287,large,35362,8925,3421,0,0
0.45,0,1066,0.8518102417279745,0.8013455768706246,0.9090580924631927,38763,large,43996,large,35256,8740,3527,0,0
0.45,3,1066,0.8517963710164537,0.8013410614842595,0.9090323079699868,38763,large,43995,large,35255,8740,3528,0,0
0.45,5,1066,0.8518375335250199,0.8014139255756859,0.9090323079699868,38763,large,43991,large,35255,8736,3528,0,0
0.45,10,1066,0.8518375335250199,0.8014139255756859,0.9090323079699868,38763,large,43991,large,35255,8736,3528,0,0
0.45,20,1066,0.8518375335250199,0.8014139255756859,0.9090323079699868,38763,large,43991,large,35255,8736,3528,0,0
0.5,0,1066,0.8530781545626547,0.805353912386361,0.9068148415542893,38763,large,43669,large,35169,8500,3614,0,0
0.5,3,1066,0.8530642442177778,0.805349454978474,0.9067890570610835,38763,large,43668,large,35168,8500,3615,0,0
0.5,5,1066,0.8530952843004075,0.8054047864422306,0.9067890570610835,38763,large,43665,large,35168,8497,3615,0,0
0.5,10,1066,0.8530952843004075,0.8054047864422306,0.9067890570610835,38763,large,43665,large,35168,8497,3615,0,0
0.5,20,1066,0.8530952843004075,0.8054047864422306,0.9067890570610835,38763,large,43665,large,35168,8497,3615,0,0
0.55,0,1066,0.8541998952917829,0.809204152249135,0.9044942371657685,38763,large,43350,large,35079,8271,3704,0,0
0.55,3,1066,0.8541998952917829,0.809204152249135,0.9044942371657685,38763,large,43350,large,35079,8271,3704,0,0
0.55,5,1066,0.854231097041276,0.8092601564122085,0.9044942371657685,38763,large,43347,large,35079,8268,3704,0,0
0.55,10,1066,0.854231097041276,0.8092601564122085,0.9044942371657685,38763,large,43347,large,35079,8268,3704,0,0
0.55,20,1066,0.854231097041276,0.8092601564122085,0.9044942371657685,38763,large,43347,large,35079,8268,3704,0,0
0.35,0,1090,0.25832656376929325,0.6699438202247191,0.16001341831600135,2981,small,712,tiny,477,235,2504,0,0
0.35,3,1090,0.25832656376929325,0.6699438202247191,0.16001341831600135,2981,small,712,tiny,477,235,2504,0,0
0.35,5,1090,0.25832656376929325,0.6699438202247191,0.16001341831600135,2981,small,712,tiny,477,235,2504,0,0
0.35,10,1090,0.25832656376929325,0.6699438202247191,0.16001341831600135,2981,small,712,tiny,477,235,2504,0,0
0.35,20,1090,0.25832656376929325,0.6699438202247191,0.16001341831600135,2981,small,712,tiny,477,235,2504,0,0
0.4,0,1090,0.25435729847494554,0.6758321273516642,0.15665883931566588,2981,small,691,tiny,467,224,2514,0,0
0.4,3,1090,0.25435729847494554,0.6758321273516642,0.15665883931566588,2981,small,691,tiny,467,224,2514,0,0
0.4,5,1090,0.25435729847494554,0.6758321273516642,0.15665883931566588,2981,small,691,tiny,467,224,2514,0,0
0.4,10,1090,0.25435729847494554,0.6758321273516642,0.15665883931566588,2981,small,691,tiny,467,224,2514,0,0
0.4,20,1090,0.25435729847494554,0.6758321273516642,0.15665883931566588,2981,small,691,tiny,467,224,2514,0,0
0.45,0,1090,0.2502738225629792,0.6810730253353204,0.15330426031533043,2981,small,671,tiny,457,214,2524,0,0
0.45,3,1090,0.2502738225629792,0.6810730253353204,0.15330426031533043,2981,small,671,tiny,457,214,2524,0,0
0.45,5,1090,0.2502738225629792,0.6810730253353204,0.15330426031533043,2981,small,671,tiny,457,214,2524,0,0
0.45,10,1090,0.2502738225629792,0.6810730253353204,0.15330426031533043,2981,small,671,tiny,457,214,2524,0,0
0.45,20,1090,0.2502738225629792,0.6810730253353204,0.15330426031533043,2981,small,671,tiny,457,214,2524,0,0
0.5,0,1090,0.24725274725274726,0.6828528072837633,0.1509560550150956,2981,small,659,tiny,450,209,2531,0,0
0.5,3,1090,0.24725274725274726,0.6828528072837633,0.1509560550150956,2981,small,659,tiny,450,209,2531,0,0
0.5,5,1090,0.24725274725274726,0.6828528072837633,0.1509560550150956,2981,small,659,tiny,450,209,2531,0,0
0.5,10,1090,0.24725274725274726,0.6828528072837633,0.1509560550150956,2981,small,659,tiny,450,209,2531,0,0
0.5,20,1090,0.24725274725274726,0.6828528072837633,0.1509560550150956,2981,small,659,tiny,450,209,2531,0,0
0.55,0,1090,0.2425414364640884,0.6870109546165885,0.14726601811472662,2981,small,639,tiny,439,200,2542,0,0
0.55,3,1090,0.2425414364640884,0.6870109546165885,0.14726601811472662,2981,small,639,tiny,439,200,2542,0,0
0.55,5,1090,0.2425414364640884,0.6870109546165885,0.14726601811472662,2981,small,639,tiny,439,200,2542,0,0
0.55,10,1090,0.2425414364640884,0.6870109546165885,0.14726601811472662,2981,small,639,tiny,439,200,2542,0,0
0.55,20,1090,0.2425414364640884,0.6870109546165885,0.14726601811472662,2981,small,639,tiny,439,200,2542,0,0
0.35,0,1091,0.6208333333333333,0.7862796833773087,0.5129087779690189,581,tiny,379,tiny,298,81,283,0,0
0.35,3,1091,0.6208333333333333,0.7862796833773087,0.5129087779690189,581,tiny,379,tiny,298,81,283,0,0
0.35,5,1091,0.6208333333333333,0.7862796833773087,0.5129087779690189,581,tiny,379,tiny,298,81,283,0,0
0.35,10,1091,0.6208333333333333,0.7862796833773087,0.5129087779690189,581,tiny,379,tiny,298,81,283,0,0
0.35,20,1091,0.6286919831223629,0.8119891008174387,0.5129087779690189,581,tiny,367,tiny,298,69,283,0,0
0.4,0,1091,0.6140904311251314,0.7891891891891892,0.5025817555938038,581,tiny,370,tiny,292,78,289,0,0
0.4,3,1091,0.6140904311251314,0.7891891891891892,0.5025817555938038,581,tiny,370,tiny,292,78,289,0,0
0.4,5,1091,0.6140904311251314,0.7891891891891892,0.5025817555938038,581,tiny,370,tiny,292,78,289,0,0
0.4,10,1091,0.6140904311251314,0.7891891891891892,0.5025817555938038,581,tiny,370,tiny,292,78,289,0,0
0.4,20,1091,0.6219382321618744,0.8156424581005587,0.5025817555938038,581,tiny,358,tiny,292,66,289,0,0
0.45,0,1091,0.6114649681528662,0.7977839335180056,0.49569707401032703,581,tiny,361,tiny,288,73,293,0,0
0.45,3,1091,0.6114649681528662,0.7977839335180056,0.49569707401032703,581,tiny,361,tiny,288,73,293,0,0
0.45,5,1091,0.6114649681528662,0.7977839335180056,0.49569707401032703,581,tiny,361,tiny,288,73,293,0,0
0.45,10,1091,0.6114649681528662,0.7977839335180056,0.49569707401032703,581,tiny,361,tiny,288,73,293,0,0
0.45,20,1091,0.6186895810955961,0.8228571428571428,0.49569707401032703,581,tiny,350,tiny,288,62,293,0,0
0.5,0,1091,0.6106382978723405,0.7994428969359332,0.4939759036144578,581,tiny,359,tiny,287,72,294,0,0
0.5,3,1091,0.6106382978723405,0.7994428969359332,0.4939759036144578,581,tiny,359,tiny,287,72,294,0,0
0.5,5,1091,0.6106382978723405,0.7994428969359332,0.4939759036144578,581,tiny,359,tiny,287,72,294,0,0
0.5,10,1091,0.6106382978723405,0.7994428969359332,0.4939759036144578,581,tiny,359,tiny,287,72,294,0,0
0.5,20,1091,0.6178686759956943,0.8247126436781609,0.4939759036144578,581,tiny,348,tiny,287,61,294,0,0
0.55,0,1091,0.6079484425349087,0.8085714285714286,0.48709122203098104,581,tiny,350,tiny,283,67,298,0,0
0.55,3,1091,0.6079484425349087,0.8085714285714286,0.48709122203098104,581,tiny,350,tiny,283,67,298,0,0
0.55,5,1091,0.6079484425349087,0.8085714285714286,0.48709122203098104,581,tiny,350,tiny,283,67,298,0,0
0.55,10,1091,0.6079484425349087,0.8085714285714286,0.48709122203098104,581,tiny,350,tiny,283,67,298,0,0
0.55,20,1091,0.6152173913043478,0.8348082595870207,0.48709122203098104,581,tiny,339,tiny,283,56,298,0,0
0.35,0,1105,0.0,0.0,0.0,153,tiny,0,empty,0,0,153,1,0
0.35,3,1105,0.0,0.0,0.0,153,tiny,0,empty,0,0,153,1,0
0.35,5,1105,0.0,0.0,0.0,153,tiny,0,empty,0,0,153,1,0
0.35,10,1105,0.0,0.0,0.0,153,tiny,0,empty,0,0,153,1,0
0.35,20,1105,0.0,0.0,0.0,153,tiny,0,empty,0,0,153,1,0
0.4,0,1105,0.0,0.0,0.0,153,tiny,0,empty,0,0,153,1,0
0.4,3,1105,0.0,0.0,0.0,153,tiny,0,empty,0,0,153,1,0
0.4,5,1105,0.0,0.0,0.0,153,tiny,0,empty,0,0,153,1,0
0.4,10,1105,0.0,0.0,0.0,153,tiny,0,empty,0,0,153,1,0
0.4,20,1105,0.0,0.0,0.0,153,tiny,0,empty,0,0,153,1,0
0.45,0,1105,0.0,0.0,0.0,153,tiny,0,empty,0,0,153,1,0
0.45,3,1105,0.0,0.0,0.0,153,tiny,0,empty,0,0,153,1,0
0.45,5,1105,0.0,0.0,0.0,153,tiny,0,empty,0,0,153,1,0
0.45,10,1105,0.0,0.0,0.0,153,tiny,0,empty,0,0,153,1,0
0.45,20,1105,0.0,0.0,0.0,153,tiny,0,empty,0,0,153,1,0
0.5,0,1105,0.0,0.0,0.0,153,tiny,0,empty,0,0,153,1,0
0.5,3,1105,0.0,0.0,0.0,153,tiny,0,empty,0,0,153,1,0
0.5,5,1105,0.0,0.0,0.0,153,tiny,0,empty,0,0,153,1,0
0.5,10,1105,0.0,0.0,0.0,153,tiny,0,empty,0,0,153,1,0
0.5,20,1105,0.0,0.0,0.0,153,tiny,0,empty,0,0,153,1,0
0.55,0,1105,0.0,0.0,0.0,153,tiny,0,empty,0,0,153,1,0
0.55,3,1105,0.0,0.0,0.0,153,tiny,0,empty,0,0,153,1,0
0.55,5,1105,0.0,0.0,0.0,153,tiny,0,empty,0,0,153,1,0
0.55,10,1105,0.0,0.0,0.0,153,tiny,0,empty,0,0,153,1,0
0.55,20,1105,0.0,0.0,0.0,153,tiny,0,empty,0,0,153,1,0
0.35,0,1120,0.8452340450249355,0.8217962371317004,0.8700480038266396,58537,large,61974,large,50930,11044,7607,0,0
0.35,3,1120,0.8452340450249355,0.8217962371317004,0.8700480038266396,58537,large,61974,large,50930,11044,7607,0,0
0.35,5,1120,0.8452340450249355,0.8217962371317004,0.8700480038266396,58537,large,61974,large,50930,11044,7607,0,0
0.35,10,1120,0.8452340450249355,0.8217962371317004,0.8700480038266396,58537,large,61974,large,50930,11044,7607,0,0
0.35,20,1120,0.8452340450249355,0.8217962371317004,0.8700480038266396,58537,large,61974,large,50930,11044,7607,0,0
0.4,0,1120,0.8453920792903844,0.8248439734754909,0.8669901088200626,58537,large,61528,large,50751,10777,7786,0,0
0.4,3,1120,0.8453728459225573,0.8248382797516497,0.8669559423954081,58537,large,61526,large,50749,10777,7788,0,0
0.4,5,1120,0.8453728459225573,0.8248382797516497,0.8669559423954081,58537,large,61526,large,50749,10777,7788,0,0
0.4,10,1120,0.8453728459225573,0.8248382797516497,0.8669559423954081,58537,large,61526,large,50749,10777,7788,0,0
0.4,20,1120,0.8453728459225573,0.8248382797516497,0.8669559423954081,58537,large,61526,large,50749,10777,7788,0,0
0.45,0,1120,0.8454746136865342,0.8280402915404144,0.8636588824162496,58537,large,61055,large,50556,10499,7981,0,0
0.45,3,1120,0.8454746136865342,0.8280402915404144,0.8636588824162496,58537,large,61055,large,50556,10499,7981,0,0
0.45,5,1120,0.845502893266883,0.8280945439059147,0.8636588824162496,58537,large,61051,large,50556,10495,7981,0,0
0.45,10,1120,0.845502893266883,0.8280945439059147,0.8636588824162496,58537,large,61051,large,50556,10495,7981,0,0
0.45,20,1120,0.845502893266883,0.8280945439059147,0.8636588824162496,58537,large,61051,large,50556,10495,7981,0,0
0.5,0,1120,0.8456329660924508,0.8309696569920845,0.8608230691699267,58537,large,60640,large,50390,10250,8147,0,0
0.5,3,1120,0.8456329660924508,0.8309696569920845,0.8608230691699267,58537,large,60640,large,50390,10250,8147,0,0
0.5,5,1120,0.8456613494667417,0.8310244739098885,0.8608230691699267,58537,large,60636,large,50390,10246,8147,0,0
0.5,10,1120,0.8456613494667417,0.8310244739098885,0.8608230691699267,58537,large,60636,large,50390,10246,8147,0,0
0.5,20,1120,0.8456613494667417,0.8310244739098885,0.8608230691699267,58537,large,60636,large,50390,10246,8147,0,0
0.55,0,1120,0.8458390177353342,0.8340945705791493,0.8579189230742948,58537,large,60209,large,50220,9989,8317,0,0
0.55,3,1120,0.8458532641649262,0.8341222781404156,0.8579189230742948,58537,large,60207,large,50220,9987,8317,0,0
0.55,5,1120,0.8458532641649262,0.8341222781404156,0.8579189230742948,58537,large,60207,large,50220,9987,8317,0,0
0.55,10,1120,0.8458532641649262,0.8341222781404156,0.8579189230742948,58537,large,60207,large,50220,9987,8317,0,0
0.55,20,1120,0.8458532641649262,0.8341222781404156,0.8579189230742948,58537,large,60207,large,50220,9987,8317,0,0
0.35,0,1127,0.7557406961131958,0.7455508762396413,0.7662129144851658,14325,large,14722,large,10976,3746,3349,0,0
0.35,3,1127,0.7557406961131958,0.7455508762396413,0.7662129144851658,14325,large,14722,large,10976,3746,3349,0,0
0.35,5,1127,0.7558187577468668,0.745702833072899,0.7662129144851658,14325,large,14719,large,10976,3743,3349,0,0
0.35,10,1127,0.7555616778015015,0.7455991300210698,0.7657940663176265,14325,large,14713,large,10970,3743,3355,0,0
0.35,20,1127,0.7555616778015015,0.7455991300210698,0.7657940663176265,14325,large,14713,large,10970,3743,3355,0,0
0.4,0,1127,0.7562833206397562,0.750154522354234,0.7625130890052356,14325,large,14561,large,10923,3638,3402,0,0
0.4,3,1127,0.7562833206397562,0.750154522354234,0.7625130890052356,14325,large,14561,large,10923,3638,3402,0,0
0.4,5,1127,0.756189618754112,0.750240483715817,0.7622338568935427,14325,large,14554,large,10919,3635,3406,0,0
0.4,10,1127,0.756189618754112,0.750240483715817,0.7622338568935427,14325,large,14554,large,10919,3635,3406,0,0
0.4,20,1127,0.756189618754112,0.750240483715817,0.7622338568935427,14325,large,14554,large,10919,3635,3406,0,0
0.45,0,1127,0.7567059805865776,0.7542655014565127,0.7591623036649214,14325,large,14418,large,10875,3543,3450,0,0
0.45,3,1127,0.7567153792623521,0.7543531044051336,0.7590924956369982,14325,large,14415,large,10874,3541,3451,0,0
0.45,5,1127,0.7565423162583519,0.7542849212407189,0.7588132635253054,14325,large,14411,large,10870,3541,3455,0,0
0.45,10,1127,0.7565423162583519,0.7542849212407189,0.7588132635253054,14325,large,14411,large,10870,3541,3455,0,0
0.45,20,1127,0.7565423162583519,0.7542849212407189,0.7588132635253054,14325,large,14411,large,10870,3541,3455,0,0
0.5,0,1127,0.7561103535088639,0.7574611181168558,0.7547643979057591,14325,large,14274,large,10812,3462,3513,0,0
0.5,3,1127,0.7561632339056544,0.757567264573991,0.7547643979057591,14325,large,14272,large,10812,3460,3513,0,0
0.5,5,1127,0.7560327341400294,0.757516294064055,0.7545549738219895,14325,large,14269,large,10809,3460,3516,0,0
0.5,10,1127,0.7560327341400294,0.757516294064055,0.7545549738219895,14325,large,14269,large,10809,3460,3516,0,0
0.5,20,1127,0.7560327341400294,0.757516294064055,0.7545549738219895,14325,large,14269,large,10809,3460,3516,0,0
0.55,0,1127,0.755968076503885,0.7615101289134438,0.7505061082024432,14325,large,14118,large,10751,3367,3574,0,0
0.55,3,1127,0.755994655790732,0.761564071686619,0.7505061082024432,14325,large,14117,large,10751,3366,3574,0,0
0.55,5,1127,0.7558634269840712,0.7615133909593311,0.7502966841186737,14325,large,14114,large,10748,3366,3577,0,0
0.55,10,1127,0.7558634269840712,0.7615133909593311,0.7502966841186737,14325,large,14114,large,10748,3366,3577,0,0
0.55,20,1127,0.7558634269840712,0.7615133909593311,0.7502966841186737,14325,large,14114,large,10748,3366,3577,0,0
