case_id,ensemble_strategy,postprocess,threshold,min_component_voxels,core_threshold,halo_threshold,dilation_radius,dilate_min_component_voxels,core_min_component_voxels,max_growth_ratio,max_grown_component_voxels,m1_threshold,m1_min_component_voxels,m2_threshold,m2_min_component_voxels,m1_support_threshold,support_radius,support_min_overlap_voxels,support_min_overlap_ratio,final_min_component_voxels,path
scan_0003,probability_average,none,0.1,0,nan,0.1,0,1,1,0.0,0,nan,-1,nan,-1,nan,-1,-1,nan,-1,/data/data/DA25S005/miccai_tbi/MultiTalentV2_finetuning/checkpoints/validation2025_100/ensemble_2_models_e5ohnz5w_tta_ddp_kpcyjb66_tta_hybrid/predicted_lesions/thr0p1_mincc0/scan_0003_pred_lesion.nii.gz
scan_0003,probability_average,none,0.1,3,nan,0.1,0,1,1,0.0,0,nan,-1,nan,-1,nan,-1,-1,nan,-1,/data/data/DA25S005/miccai_tbi/MultiTalentV2_finetuning/checkpoints/validation2025_100/ensemble_2_models_e5ohnz5w_tta_ddp_kpcyjb66_tta_hybrid/predicted_lesions/thr0p1_mincc3/scan_0003_pred_lesion.nii.gz
scan_0003,probability_average,none,0.1,5,nan,0.1,0,1,1,0.0,0,nan,-1,nan,-1,nan,-1,-1,nan,-1,/data/data/DA25S005/miccai_tbi/MultiTalentV2_finetuning/checkpoints/validation2025_100/ensemble_2_models_e5ohnz5w_tta_ddp_kpcyjb66_tta_hybrid/predicted_lesions/thr0p1_mincc5/scan_0003_pred_lesion.nii.gz
scan_0003,probability_average,none,0.1,10,nan,0.1,0,1,1,0.0,0,nan,-1,nan,-1,nan,-1,-1,nan,-1,/data/data/DA25S005/miccai_tbi/MultiTalentV2_finetuning/checkpoints/validation2025_100/ensemble_2_models_e5ohnz5w_tta_ddp_kpcyjb66_tta_hybrid/predicted_lesions/thr0p1_mincc10/scan_0003_pred_lesion.nii.gz
scan_0003,probability_average,none,0.1,20,nan,0.1,0,1,1,0.0,0,nan,-1,nan,-1,nan,-1,-1,nan,-1,/data/data/DA25S005/miccai_tbi/MultiTalentV2_finetuning/checkpoints/validation2025_100/ensemble_2_models_e5ohnz5w_tta_ddp_kpcyjb66_tta_hybrid/predicted_lesions/thr0p1_mincc20/scan_0003_pred_lesion.nii.gz
scan_0003,probability_average,none,0.1,40,nan,0.1,0,1,1,0.0,0,nan,-1,nan,-1,nan,-1,-1,nan,-1,/data/data/DA25S005/miccai_tbi/MultiTalentV2_finetuning/checkpoints/validation2025_100/ensemble_2_models_e5ohnz5w_tta_ddp_kpcyjb66_tta_hybrid/predicted_lesions/thr0p1_mincc40/scan_0003_pred_lesion.nii.gz
scan_0003,probability_average,none,0.2,0,nan,0.1,0,1,1,0.0,0,nan,-1,nan,-1,nan,-1,-1,nan,-1,/data/data/DA25S005/miccai_tbi/MultiTalentV2_finetuning/checkpoints/validation2025_100/ensemble_2_models_e5ohnz5w_tta_ddp_kpcyjb66_tta_hybrid/predicted_lesions/thr0p2_mincc0/scan_0003_pred_lesion.nii.gz
scan_0003,probability_average,none,0.2,3,nan,0.1,0,1,1,0.0,0,nan,-1,nan,-1,nan,-1,-1,nan,-1,/data/data/DA25S005/miccai_tbi/MultiTalentV2_finetuning/checkpoints/validation2025_100/ensemble_2_models_e5ohnz5w_tta_ddp_kpcyjb66_tta_hybrid/predicted_lesions/thr0p2_mincc3/scan_0003_pred_lesion.nii.gz
scan_0003,probability_average,none,0.2,5,nan,0.1,0,1,1,0.0,0,nan,-1,nan,-1,nan,-1,-1,nan,-1,/data/data/DA25S005/miccai_tbi/MultiTalentV2_finetuning/checkpoints/validation2025_100/ensemble_2_models_e5ohnz5w_tta_ddp_kpcyjb66_tta_hybrid/predicted_lesions/thr0p2_mincc5/scan_0003_pred_lesion.nii.gz
scan_0003,probability_average,none,0.2,10,nan,0.1,0,1,1,0.0,0,nan,-1,nan,-1,nan,-1,-1,nan,-1,/data/data/DA25S005/miccai_tbi/MultiTalentV2_finetuning/checkpoints/validation2025_100/ensemble_2_models_e5ohnz5w_tta_ddp_kpcyjb66_tta_hybrid/predicted_lesions/thr0p2_mincc10/scan_0003_pred_lesion.nii.gz
scan_0003,probability_average,none,0.2,20,nan,0.1,0,1,1,0.0,0,nan,-1,nan,-1,nan,-1,-1,nan,-1,/data/data/DA25S005/miccai_tbi/MultiTalentV2_finetuning/checkpoints/validation2025_100/ensemble_2_models_e5ohnz5w_tta_ddp_kpcyjb66_tta_hybrid/predicted_lesions/thr0p2_mincc20/scan_0003_pred_lesion.nii.gz
scan_0003,probability_average,none,0.2,40,nan,0.1,0,1,1,0.0,0,nan,-1,nan,-1,nan,-1,-1,nan,-1,/data/data/DA25S005/miccai_tbi/MultiTalentV2_finetuning/checkpoints/validation2025_100/ensemble_2_models_e5ohnz5w_tta_ddp_kpcyjb66_tta_hybrid/predicted_lesions/thr0p2_mincc40/scan_0003_pred_lesion.nii.gz
scan_0003,probability_average,none,0.3,0,nan,0.1,0,1,1,0.0,0,nan,-1,nan,-1,nan,-1,-1,nan,-1,/data/data/DA25S005/miccai_tbi/MultiTalentV2_finetuning/checkpoints/validation2025_100/ensemble_2_models_e5ohnz5w_tta_ddp_kpcyjb66_tta_hybrid/predicted_lesions/thr0p3_mincc0/scan_0003_pred_lesion.nii.gz
scan_0003,probability_average,none,0.3,3,nan,0.1,0,1,1,0.0,0,nan,-1,nan,-1,nan,-1,-1,nan,-1,/data/data/DA25S005/miccai_tbi/MultiTalentV2_finetuning/checkpoints/validation2025_100/ensemble_2_models_e5ohnz5w_tta_ddp_kpcyjb66_tta_hybrid/predicted_lesions/thr0p3_mincc3/scan_0003_pred_lesion.nii.gz
scan_0003,probability_average,none,0.3,5,nan,0.1,0,1,1,0.0,0,nan,-1,nan,-1,nan,-1,-1,nan,-1,/data/data/DA25S005/miccai_tbi/MultiTalentV2_finetuning/checkpoints/validation2025_100/ensemble_2_models_e5ohnz5w_tta_ddp_kpcyjb66_tta_hybrid/predicted_lesions/thr0p3_mincc5/scan_0003_pred_lesion.nii.gz
scan_0003,probability_average,none,0.3,10,nan,0.1,0,1,1,0.0,0,nan,-1,nan,-1,nan,-1,-1,nan,-1,/data/data/DA25S005/miccai_tbi/MultiTalentV2_finetuning/checkpoints/validation2025_100/ensemble_2_models_e5ohnz5w_tta_ddp_kpcyjb66_tta_hybrid/predicted_lesions/thr0p3_mincc10/scan_0003_pred_lesion.nii.gz
scan_0003,probability_average,none,0.3,20,nan,0.1,0,1,1,0.0,0,nan,-1,nan,-1,nan,-1,-1,nan,-1,/data/data/DA25S005/miccai_tbi/MultiTalentV2_finetuning/checkpoints/validation2025_100/ensemble_2_models_e5ohnz5w_tta_ddp_kpcyjb66_tta_hybrid/predicted_lesions/thr0p3_mincc20/scan_0003_pred_lesion.nii.gz
scan_0003,probability_average,none,0.3,40,nan,0.1,0,1,1,0.0,0,nan,-1,nan,-1,nan,-1,-1,nan,-1,/data/data/DA25S005/miccai_tbi/MultiTalentV2_finetuning/checkpoints/validation2025_100/ensemble_2_models_e5ohnz5w_tta_ddp_kpcyjb66_tta_hybrid/predicted_lesions/thr0p3_mincc40/scan_0003_pred_lesion.nii.gz
scan_0003,probability_average,none,0.4,0,nan,0.1,0,1,1,0.0,0,nan,-1,nan,-1,nan,-1,-1,nan,-1,/data/data/DA25S005/miccai_tbi/MultiTalentV2_finetuning/checkpoints/validation2025_100/ensemble_2_models_e5ohnz5w_tta_ddp_kpcyjb66_tta_hybrid/predicted_lesions/thr0p4_mincc0/scan_0003_pred_lesion.nii.gz
scan_0003,probability_average,none,0.4,3,nan,0.1,0,1,1,0.0,0,nan,-1,nan,-1,nan,-1,-1,nan,-1,/data/data/DA25S005/miccai_tbi/MultiTalentV2_finetuning/checkpoints/validation2025_100/ensemble_2_models_e5ohnz5w_tta_ddp_kpcyjb66_tta_hybrid/predicted_lesions/thr0p4_mincc3/scan_0003_pred_lesion.nii.gz
scan_0003,probability_average,none,0.4,5,nan,0.1,0,1,1,0.0,0,nan,-1,nan,-1,nan,-1,-1,nan,-1,/data/data/DA25S005/miccai_tbi/MultiTalentV2_finetuning/checkpoints/validation2025_100/ensemble_2_models_e5ohnz5w_tta_ddp_kpcyjb66_tta_hybrid/predicted_lesions/thr0p4_mincc5/scan_0003_pred_lesion.nii.gz
scan_0003,probability_average,none,0.4,10,nan,0.1,0,1,1,0.0,0,nan,-1,nan,-1,nan,-1,-1,nan,-1,/data/data/DA25S005/miccai_tbi/MultiTalentV2_finetuning/checkpoints/validation2025_100/ensemble_2_models_e5ohnz5w_tta_ddp_kpcyjb66_tta_hybrid/predicted_lesions/thr0p4_mincc10/scan_0003_pred_lesion.nii.gz
scan_0003,probability_average,none,0.4,20,nan,0.1,0,1,1,0.0,0,nan,-1,nan,-1,nan,-1,-1,nan,-1,/data/data/DA25S005/miccai_tbi/MultiTalentV2_finetuning/checkpoints/validation2025_100/ensemble_2_models_e5ohnz5w_tta_ddp_kpcyjb66_tta_hybrid/predicted_lesions/thr0p4_mincc20/scan_0003_pred_lesion.nii.gz
scan_0003,probability_average,none,0.4,40,nan,0.1,0,1,1,0.0,0,nan,-1,nan,-1,nan,-1,-1,nan,-1,/data/data/DA25S005/miccai_tbi/MultiTalentV2_finetuning/checkpoints/validation2025_100/ensemble_2_models_e5ohnz5w_tta_ddp_kpcyjb66_tta_hybrid/predicted_lesions/thr0p4_mincc40/scan_0003_pred_lesion.nii.gz
scan_0003,probability_average,none,0.5,0,nan,0.1,0,1,1,0.0,0,nan,-1,nan,-1,nan,-1,-1,nan,-1,/data/data/DA25S005/miccai_tbi/MultiTalentV2_finetuning/checkpoints/validation2025_100/ensemble_2_models_e5ohnz5w_tta_ddp_kpcyjb66_tta_hybrid/predicted_lesions/thr0p5_mincc0/scan_0003_pred_lesion.nii.gz
scan_0003,probability_average,none,0.5,3,nan,0.1,0,1,1,0.0,0,nan,-1,nan,-1,nan,-1,-1,nan,-1,/data/data/DA25S005/miccai_tbi/MultiTalentV2_finetuning/checkpoints/validation2025_100/ensemble_2_models_e5ohnz5w_tta_ddp_kpcyjb66_tta_hybrid/predicted_lesions/thr0p5_mincc3/scan_0003_pred_lesion.nii.gz
scan_0003,probability_average,none,0.5,5,nan,0.1,0,1,1,0.0,0,nan,-1,nan,-1,nan,-1,-1,nan,-1,/data/data/DA25S005/miccai_tbi/MultiTalentV2_finetuning/checkpoints/validation2025_100/ensemble_2_models_e5ohnz5w_tta_ddp_kpcyjb66_tta_hybrid/predicted_lesions/thr0p5_mincc5/scan_0003_pred_lesion.nii.gz
scan_0003,probability_average,none,0.5,10,nan,0.1,0,1,1,0.0,0,nan,-1,nan,-1,nan,-1,-1,nan,-1,/data/data/DA25S005/miccai_tbi/MultiTalentV2_finetuning/checkpoints/validation2025_100/ensemble_2_models_e5ohnz5w_tta_ddp_kpcyjb66_tta_hybrid/predicted_lesions/thr0p5_mincc10/scan_0003_pred_lesion.nii.gz
scan_0003,probability_average,none,0.5,20,nan,0.1,0,1,1,0.0,0,nan,-1,nan,-1,nan,-1,-1,nan,-1,/data/data/DA25S005/miccai_tbi/MultiTalentV2_finetuning/checkpoints/validation2025_100/ensemble_2_models_e5ohnz5w_tta_ddp_kpcyjb66_tta_hybrid/predicted_lesions/thr0p5_mincc20/scan_0003_pred_lesion.nii.gz
scan_0003,probability_average,none,0.5,40,nan,0.1,0,1,1,0.0,0,nan,-1,nan,-1,nan,-1,-1,nan,-1,/data/data/DA25S005/miccai_tbi/MultiTalentV2_finetuning/checkpoints/validation2025_100/ensemble_2_models_e5ohnz5w_tta_ddp_kpcyjb66_tta_hybrid/predicted_lesions/thr0p5_mincc40/scan_0003_pred_lesion.nii.gz
scan_0005,probability_average,none,0.1,0,nan,0.1,0,1,1,0.0,0,nan,-1,nan,-1,nan,-1,-1,nan,-1,/data/data/DA25S005/miccai_tbi/MultiTalentV2_finetuning/checkpoints/validation2025_100/ensemble_2_models_e5ohnz5w_tta_ddp_kpcyjb66_tta_hybrid/predicted_lesions/thr0p1_mincc0/scan_0005_pred_lesion.nii.gz
scan_0005,probability_average,none,0.1,3,nan,0.1,0,1,1,0.0,0,nan,-1,nan,-1,nan,-1,-1,nan,-1,/data/data/DA25S005/miccai_tbi/MultiTalentV2_finetuning/checkpoints/validation2025_100/ensemble_2_models_e5ohnz5w_tta_ddp_kpcyjb66_tta_hybrid/predicted_lesions/thr0p1_mincc3/scan_0005_pred_lesion.nii.gz
scan_0005,probability_average,none,0.1,5,nan,0.1,0,1,1,0.0,0,nan,-1,nan,-1,nan,-1,-1,nan,-1,/data/data/DA25S005/miccai_tbi/MultiTalentV2_finetuning/checkpoints/validation2025_100/ensemble_2_models_e5ohnz5w_tta_ddp_kpcyjb66_tta_hybrid/predicted_lesions/thr0p1_mincc5/scan_0005_pred_lesion.nii.gz
scan_0005,probability_average,none,0.1,10,nan,0.1,0,1,1,0.0,0,nan,-1,nan,-1,nan,-1,-1,nan,-1,/data/data/DA25S005/miccai_tbi/MultiTalentV2_finetuning/checkpoints/validation2025_100/ensemble_2_models_e5ohnz5w_tta_ddp_kpcyjb66_tta_hybrid/predicted_lesions/thr0p1_mincc10/scan_0005_pred_lesion.nii.gz
scan_0005,probability_average,none,0.1,20,nan,0.1,0,1,1,0.0,0,nan,-1,nan,-1,nan,-1,-1,nan,-1,/data/data/DA25S005/miccai_tbi/MultiTalentV2_finetuning/checkpoints/validation2025_100/ensemble_2_models_e5ohnz5w_tta_ddp_kpcyjb66_tta_hybrid/predicted_lesions/thr0p1_mincc20/scan_0005_pred_lesion.nii.gz
scan_0005,probability_average,none,0.1,40,nan,0.1,0,1,1,0.0,0,nan,-1,nan,-1,nan,-1,-1,nan,-1,/data/data/DA25S005/miccai_tbi/MultiTalentV2_finetuning/checkpoints/validation2025_100/ensemble_2_models_e5ohnz5w_tta_ddp_kpcyjb66_tta_hybrid/predicted_lesions/thr0p1_mincc40/scan_0005_pred_lesion.nii.gz
scan_0005,probability_average,none,0.2,0,nan,0.1,0,1,1,0.0,0,nan,-1,nan,-1,nan,-1,-1,nan,-1,/data/data/DA25S005/miccai_tbi/MultiTalentV2_finetuning/checkpoints/validation2025_100/ensemble_2_models_e5ohnz5w_tta_ddp_kpcyjb66_tta_hybrid/predicted_lesions/thr0p2_mincc0/scan_0005_pred_lesion.nii.gz
scan_0005,probability_average,none,0.2,3,nan,0.1,0,1,1,0.0,0,nan,-1,nan,-1,nan,-1,-1,nan,-1,/data/data/DA25S005/miccai_tbi/MultiTalentV2_finetuning/checkpoints/validation2025_100/ensemble_2_models_e5ohnz5w_tta_ddp_kpcyjb66_tta_hybrid/predicted_lesions/thr0p2_mincc3/scan_0005_pred_lesion.nii.gz
scan_0005,probability_average,none,0.2,5,nan,0.1,0,1,1,0.0,0,nan,-1,nan,-1,nan,-1,-1,nan,-1,/data/data/DA25S005/miccai_tbi/MultiTalentV2_finetuning/checkpoints/validation2025_100/ensemble_2_models_e5ohnz5w_tta_ddp_kpcyjb66_tta_hybrid/predicted_lesions/thr0p2_mincc5/scan_0005_pred_lesion.nii.gz
scan_0005,probability_average,none,0.2,10,nan,0.1,0,1,1,0.0,0,nan,-1,nan,-1,nan,-1,-1,nan,-1,/data/data/DA25S005/miccai_tbi/MultiTalentV2_finetuning/checkpoints/validation2025_100/ensemble_2_models_e5ohnz5w_tta_ddp_kpcyjb66_tta_hybrid/predicted_lesions/thr0p2_mincc10/scan_0005_pred_lesion.nii.gz
scan_0005,probability_average,none,0.2,20,nan,0.1,0,1,1,0.0,0,nan,-1,nan,-1,nan,-1,-1,nan,-1,/data/data/DA25S005/miccai_tbi/MultiTalentV2_finetuning/checkpoints/validation2025_100/ensemble_2_models_e5ohnz5w_tta_ddp_kpcyjb66_tta_hybrid/predicted_lesions/thr0p2_mincc20/scan_0005_pred_lesion.nii.gz
scan_0005,probability_average,none,0.2,40,nan,0.1,0,1,1,0.0,0,nan,-1,nan,-1,nan,-1,-1,nan,-1,/data/data/DA25S005/miccai_tbi/MultiTalentV2_finetuning/checkpoints/validation2025_100/ensemble_2_models_e5ohnz5w_tta_ddp_kpcyjb66_tta_hybrid/predicted_lesions/thr0p2_mincc40/scan_0005_pred_lesion.nii.gz
scan_0005,probability_average,none,0.3,0,nan,0.1,0,1,1,0.0,0,nan,-1,nan,-1,nan,-1,-1,nan,-1,/data/data/DA25S005/miccai_tbi/MultiTalentV2_finetuning/checkpoints/validation2025_100/ensemble_2_models_e5ohnz5w_tta_ddp_kpcyjb66_tta_hybrid/predicted_lesions/thr0p3_mincc0/scan_0005_pred_lesion.nii.gz
scan_0005,probability_average,none,0.3,3,nan,0.1,0,1,1,0.0,0,nan,-1,nan,-1,nan,-1,-1,nan,-1,/data/data/DA25S005/miccai_tbi/MultiTalentV2_finetuning/checkpoints/validation2025_100/ensemble_2_models_e5ohnz5w_tta_ddp_kpcyjb66_tta_hybrid/predicted_lesions/thr0p3_mincc3/scan_0005_pred_lesion.nii.gz
scan_0005,probability_average,none,0.3,5,nan,0.1,0,1,1,0.0,0,nan,-1,nan,-1,nan,-1,-1,nan,-1,/data/data/DA25S005/miccai_tbi/MultiTalentV2_finetuning/checkpoints/validation2025_100/ensemble_2_models_e5ohnz5w_tta_ddp_kpcyjb66_tta_hybrid/predicted_lesions/thr0p3_mincc5/scan_0005_pred_lesion.nii.gz
scan_0005,probability_average,none,0.3,10,nan,0.1,0,1,1,0.0,0,nan,-1,nan,-1,nan,-1,-1,nan,-1,/data/data/DA25S005/miccai_tbi/MultiTalentV2_finetuning/checkpoints/validation2025_100/ensemble_2_models_e5ohnz5w_tta_ddp_kpcyjb66_tta_hybrid/predicted_lesions/thr0p3_mincc10/scan_0005_pred_lesion.nii.gz
scan_0005,probability_average,none,0.3,20,nan,0.1,0,1,1,0.0,0,nan,-1,nan,-1,nan,-1,-1,nan,-1,/data/data/DA25S005/miccai_tbi/MultiTalentV2_finetuning/checkpoints/validation2025_100/ensemble_2_models_e5ohnz5w_tta_ddp_kpcyjb66_tta_hybrid/predicted_lesions/thr0p3_mincc20/scan_0005_pred_lesion.nii.gz
scan_0005,probability_average,none,0.3,40,nan,0.1,0,1,1,0.0,0,nan,-1,nan,-1,nan,-1,-1,nan,-1,/data/data/DA25S005/miccai_tbi/MultiTalentV2_finetuning/checkpoints/validation2025_100/ensemble_2_models_e5ohnz5w_tta_ddp_kpcyjb66_tta_hybrid/predicted_lesions/thr0p3_mincc40/scan_0005_pred_lesion.nii.gz
scan_0005,probability_average,none,0.4,0,nan,0.1,0,1,1,0.0,0,nan,-1,nan,-1,nan,-1,-1,nan,-1,/data/data/DA25S005/miccai_tbi/MultiTalentV2_finetuning/checkpoints/validation2025_100/ensemble_2_models_e5ohnz5w_tta_ddp_kpcyjb66_tta_hybrid/predicted_lesions/thr0p4_mincc0/scan_0005_pred_lesion.nii.gz
scan_0005,probability_average,none,0.4,3,nan,0.1,0,1,1,0.0,0,nan,-1,nan,-1,nan,-1,-1,nan,-1,/data/data/DA25S005/miccai_tbi/MultiTalentV2_finetuning/checkpoints/validation2025_100/ensemble_2_models_e5ohnz5w_tta_ddp_kpcyjb66_tta_hybrid/predicted_lesions/thr0p4_mincc3/scan_0005_pred_lesion.nii.gz
scan_0005,probability_average,none,0.4,5,nan,0.1,0,1,1,0.0,0,nan,-1,nan,-1,nan,-1,-1,nan,-1,/data/data/DA25S005/miccai_tbi/MultiTalentV2_finetuning/checkpoints/validation2025_100/ensemble_2_models_e5ohnz5w_tta_ddp_kpcyjb66_tta_hybrid/predicted_lesions/thr0p4_mincc5/scan_0005_pred_lesion.nii.gz
scan_0005,probability_average,none,0.4,10,nan,0.1,0,1,1,0.0,0,nan,-1,nan,-1,nan,-1,-1,nan,-1,/data/data/DA25S005/miccai_tbi/MultiTalentV2_finetuning/checkpoints/validation2025_100/ensemble_2_models_e5ohnz5w_tta_ddp_kpcyjb66_tta_hybrid/predicted_lesions/thr0p4_mincc10/scan_0005_pred_lesion.nii.gz
scan_0005,probability_average,none,0.4,20,nan,0.1,0,1,1,0.0,0,nan,-1,nan,-1,nan,-1,-1,nan,-1,/data/data/DA25S005/miccai_tbi/MultiTalentV2_finetuning/checkpoints/validation2025_100/ensemble_2_models_e5ohnz5w_tta_ddp_kpcyjb66_tta_hybrid/predicted_lesions/thr0p4_mincc20/scan_0005_pred_lesion.nii.gz
scan_0005,probability_average,none,0.4,40,nan,0.1,0,1,1,0.0,0,nan,-1,nan,-1,nan,-1,-1,nan,-1,/data/data/DA25S005/miccai_tbi/MultiTalentV2_finetuning/checkpoints/validation2025_100/ensemble_2_models_e5ohnz5w_tta_ddp_kpcyjb66_tta_hybrid/predicted_lesions/thr0p4_mincc40/scan_0005_pred_lesion.nii.gz
scan_0005,probability_average,none,0.5,0,nan,0.1,0,1,1,0.0,0,nan,-1,nan,-1,nan,-1,-1,nan,-1,/data/data/DA25S005/miccai_tbi/MultiTalentV2_finetuning/checkpoints/validation2025_100/ensemble_2_models_e5ohnz5w_tta_ddp_kpcyjb66_tta_hybrid/predicted_lesions/thr0p5_mincc0/scan_0005_pred_lesion.nii.gz
scan_0005,probability_average,none,0.5,3,nan,0.1,0,1,1,0.0,0,nan,-1,nan,-1,nan,-1,-1,nan,-1,/data/data/DA25S005/miccai_tbi/MultiTalentV2_finetuning/checkpoints/validation2025_100/ensemble_2_models_e5ohnz5w_tta_ddp_kpcyjb66_tta_hybrid/predicted_lesions/thr0p5_mincc3/scan_0005_pred_lesion.nii.gz
scan_0005,probability_average,none,0.5,5,nan,0.1,0,1,1,0.0,0,nan,-1,nan,-1,nan,-1,-1,nan,-1,/data/data/DA25S005/miccai_tbi/MultiTalentV2_finetuning/checkpoints/validation2025_100/ensemble_2_models_e5ohnz5w_tta_ddp_kpcyjb66_tta_hybrid/predicted_lesions/thr0p5_mincc5/scan_0005_pred_lesion.nii.gz
scan_0005,probability_average,none,0.5,10,nan,0.1,0,1,1,0.0,0,nan,-1,nan,-1,nan,-1,-1,nan,-1,/data/data/DA25S005/miccai_tbi/MultiTalentV2_finetuning/checkpoints/validation2025_100/ensemble_2_models_e5ohnz5w_tta_ddp_kpcyjb66_tta_hybrid/predicted_lesions/thr0p5_mincc10/scan_0005_pred_lesion.nii.gz
scan_0005,probability_average,none,0.5,20,nan,0.1,0,1,1,0.0,0,nan,-1,nan,-1,nan,-1,-1,nan,-1,/data/data/DA25S005/miccai_tbi/MultiTalentV2_finetuning/checkpoints/validation2025_100/ensemble_2_models_e5ohnz5w_tta_ddp_kpcyjb66_tta_hybrid/predicted_lesions/thr0p5_mincc20/scan_0005_pred_lesion.nii.gz
scan_0005,probability_average,none,0.5,40,nan,0.1,0,1,1,0.0,0,nan,-1,nan,-1,nan,-1,-1,nan,-1,/data/data/DA25S005/miccai_tbi/MultiTalentV2_finetuning/checkpoints/validation2025_100/ensemble_2_models_e5ohnz5w_tta_ddp_kpcyjb66_tta_hybrid/predicted_lesions/thr0p5_mincc40/scan_0005_pred_lesion.nii.gz
scan_0011,probability_average,none,0.1,0,nan,0.1,0,1,1,0.0,0,nan,-1,nan,-1,nan,-1,-1,nan,-1,/data/data/DA25S005/miccai_tbi/MultiTalentV2_finetuning/checkpoints/validation2025_100/ensemble_2_models_e5ohnz5w_tta_ddp_kpcyjb66_tta_hybrid/predicted_lesions/thr0p1_mincc0/scan_0011_pred_lesion.nii.gz
scan_0011,probability_average,none,0.1,3,nan,0.1,0,1,1,0.0,0,nan,-1,nan,-1,nan,-1,-1,nan,-1,/data/data/DA25S005/miccai_tbi/MultiTalentV2_finetuning/checkpoints/validation2025_100/ensemble_2_models_e5ohnz5w_tta_ddp_kpcyjb66_tta_hybrid/predicted_lesions/thr0p1_mincc3/scan_0011_pred_lesion.nii.gz
scan_0011,probability_average,none,0.1,5,nan,0.1,0,1,1,0.0,0,nan,-1,nan,-1,nan,-1,-1,nan,-1,/data/data/DA25S005/miccai_tbi/MultiTalentV2_finetuning/checkpoints/validation2025_100/ensemble_2_models_e5ohnz5w_tta_ddp_kpcyjb66_tta_hybrid/predicted_lesions/thr0p1_mincc5/scan_0011_pred_lesion.nii.gz
scan_0011,probability_average,none,0.1,10,nan,0.1,0,1,1,0.0,0,nan,-1,nan,-1,nan,-1,-1,nan,-1,/data/data/DA25S005/miccai_tbi/MultiTalentV2_finetuning/checkpoints/validation2025_100/ensemble_2_models_e5ohnz5w_tta_ddp_kpcyjb66_tta_hybrid/predicted_lesions/thr0p1_mincc10/scan_0011_pred_lesion.nii.gz
scan_0011,probability_average,none,0.1,20,nan,0.1,0,1,1,0.0,0,nan,-1,nan,-1,nan,-1,-1,nan,-1,/data/data/DA25S005/miccai_tbi/MultiTalentV2_finetuning/checkpoints/validation2025_100/ensemble_2_models_e5ohnz5w_tta_ddp_kpcyjb66_tta_hybrid/predicted_lesions/thr0p1_mincc20/scan_0011_pred_lesion.nii.gz
scan_0011,probability_average,none,0.1,40,nan,0.1,0,1,1,0.0,0,nan,-1,nan,-1,nan,-1,-1,nan,-1,/data/data/DA25S005/miccai_tbi/MultiTalentV2_finetuning/checkpoints/validation2025_100/ensemble_2_models_e5ohnz5w_tta_ddp_kpcyjb66_tta_hybrid/predicted_lesions/thr0p1_mincc40/scan_0011_pred_lesion.nii.gz
scan_0011,probability_average,none,0.2,0,nan,0.1,0,1,1,0.0,0,nan,-1,nan,-1,nan,-1,-1,nan,-1,/data/data/DA25S005/miccai_tbi/MultiTalentV2_finetuning/checkpoints/validation2025_100/ensemble_2_models_e5ohnz5w_tta_ddp_kpcyjb66_tta_hybrid/predicted_lesions/thr0p2_mincc0/scan_0011_pred_lesion.nii.gz
scan_0011,probability_average,none,0.2,3,nan,0.1,0,1,1,0.0,0,nan,-1,nan,-1,nan,-1,-1,nan,-1,/data/data/DA25S005/miccai_tbi/MultiTalentV2_finetuning/checkpoints/validation2025_100/ensemble_2_models_e5ohnz5w_tta_ddp_kpcyjb66_tta_hybrid/predicted_lesions/thr0p2_mincc3/scan_0011_pred_lesion.nii.gz
scan_0011,probability_average,none,0.2,5,nan,0.1,0,1,1,0.0,0,nan,-1,nan,-1,nan,-1,-1,nan,-1,/data/data/DA25S005/miccai_tbi/MultiTalentV2_finetuning/checkpoints/validation2025_100/ensemble_2_models_e5ohnz5w_tta_ddp_kpcyjb66_tta_hybrid/predicted_lesions/thr0p2_mincc5/scan_0011_pred_lesion.nii.gz
scan_0011,probability_average,none,0.2,10,nan,0.1,0,1,1,0.0,0,nan,-1,nan,-1,nan,-1,-1,nan,-1,/data/data/DA25S005/miccai_tbi/MultiTalentV2_finetuning/checkpoints/validation2025_100/ensemble_2_models_e5ohnz5w_tta_ddp_kpcyjb66_tta_hybrid/predicted_lesions/thr0p2_mincc10/scan_0011_pred_lesion.nii.gz
scan_0011,probability_average,none,0.2,20,nan,0.1,0,1,1,0.0,0,nan,-1,nan,-1,nan,-1,-1,nan,-1,/data/data/DA25S005/miccai_tbi/MultiTalentV2_finetuning/checkpoints/validation2025_100/ensemble_2_models_e5ohnz5w_tta_ddp_kpcyjb66_tta_hybrid/predicted_lesions/thr0p2_mincc20/scan_0011_pred_lesion.nii.gz
scan_0011,probability_average,none,0.2,40,nan,0.1,0,1,1,0.0,0,nan,-1,nan,-1,nan,-1,-1,nan,-1,/data/data/DA25S005/miccai_tbi/MultiTalentV2_finetuning/checkpoints/validation2025_100/ensemble_2_models_e5ohnz5w_tta_ddp_kpcyjb66_tta_hybrid/predicted_lesions/thr0p2_mincc40/scan_0011_pred_lesion.nii.gz
scan_0011,probability_average,none,0.3,0,nan,0.1,0,1,1,0.0,0,nan,-1,nan,-1,nan,-1,-1,nan,-1,/data/data/DA25S005/miccai_tbi/MultiTalentV2_finetuning/checkpoints/validation2025_100/ensemble_2_models_e5ohnz5w_tta_ddp_kpcyjb66_tta_hybrid/predicted_lesions/thr0p3_mincc0/scan_0011_pred_lesion.nii.gz
scan_0011,probability_average,none,0.3,3,nan,0.1,0,1,1,0.0,0,nan,-1,nan,-1,nan,-1,-1,nan,-1,/data/data/DA25S005/miccai_tbi/MultiTalentV2_finetuning/checkpoints/validation2025_100/ensemble_2_models_e5ohnz5w_tta_ddp_kpcyjb66_tta_hybrid/predicted_lesions/thr0p3_mincc3/scan_0011_pred_lesion.nii.gz
scan_0011,probability_average,none,0.3,5,nan,0.1,0,1,1,0.0,0,nan,-1,nan,-1,nan,-1,-1,nan,-1,/data/data/DA25S005/miccai_tbi/MultiTalentV2_finetuning/checkpoints/validation2025_100/ensemble_2_models_e5ohnz5w_tta_ddp_kpcyjb66_tta_hybrid/predicted_lesions/thr0p3_mincc5/scan_0011_pred_lesion.nii.gz
scan_0011,probability_average,none,0.3,10,nan,0.1,0,1,1,0.0,0,nan,-1,nan,-1,nan,-1,-1,nan,-1,/data/data/DA25S005/miccai_tbi/MultiTalentV2_finetuning/checkpoints/validation2025_100/ensemble_2_models_e5ohnz5w_tta_ddp_kpcyjb66_tta_hybrid/predicted_lesions/thr0p3_mincc10/scan_0011_pred_lesion.nii.gz
scan_0011,probability_average,none,0.3,20,nan,0.1,0,1,1,0.0,0,nan,-1,nan,-1,nan,-1,-1,nan,-1,/data/data/DA25S005/miccai_tbi/MultiTalentV2_finetuning/checkpoints/validation2025_100/ensemble_2_models_e5ohnz5w_tta_ddp_kpcyjb66_tta_hybrid/predicted_lesions/thr0p3_mincc20/scan_0011_pred_lesion.nii.gz
scan_0011,probability_average,none,0.3,40,nan,0.1,0,1,1,0.0,0,nan,-1,nan,-1,nan,-1,-1,nan,-1,/data/data/DA25S005/miccai_tbi/MultiTalentV2_finetuning/checkpoints/validation2025_100/ensemble_2_models_e5ohnz5w_tta_ddp_kpcyjb66_tta_hybrid/predicted_lesions/thr0p3_mincc40/scan_0011_pred_lesion.nii.gz
scan_0011,probability_average,none,0.4,0,nan,0.1,0,1,1,0.0,0,nan,-1,nan,-1,nan,-1,-1,nan,-1,/data/data/DA25S005/miccai_tbi/MultiTalentV2_finetuning/checkpoints/validation2025_100/ensemble_2_models_e5ohnz5w_tta_ddp_kpcyjb66_tta_hybrid/predicted_lesions/thr0p4_mincc0/scan_0011_pred_lesion.nii.gz
scan_0011,probability_average,none,0.4,3,nan,0.1,0,1,1,0.0,0,nan,-1,nan,-1,nan,-1,-1,nan,-1,/data/data/DA25S005/miccai_tbi/MultiTalentV2_finetuning/checkpoints/validation2025_100/ensemble_2_models_e5ohnz5w_tta_ddp_kpcyjb66_tta_hybrid/predicted_lesions/thr0p4_mincc3/scan_0011_pred_lesion.nii.gz
scan_0011,probability_average,none,0.4,5,nan,0.1,0,1,1,0.0,0,nan,-1,nan,-1,nan,-1,-1,nan,-1,/data/data/DA25S005/miccai_tbi/MultiTalentV2_finetuning/checkpoints/validation2025_100/ensemble_2_models_e5ohnz5w_tta_ddp_kpcyjb66_tta_hybrid/predicted_lesions/thr0p4_mincc5/scan_0011_pred_lesion.nii.gz
scan_0011,probability_average,none,0.4,10,nan,0.1,0,1,1,0.0,0,nan,-1,nan,-1,nan,-1,-1,nan,-1,/data/data/DA25S005/miccai_tbi/MultiTalentV2_finetuning/checkpoints/validation2025_100/ensemble_2_models_e5ohnz5w_tta_ddp_kpcyjb66_tta_hybrid/predicted_lesions/thr0p4_mincc10/scan_0011_pred_lesion.nii.gz
scan_0011,probability_average,none,0.4,20,nan,0.1,0,1,1,0.0,0,nan,-1,nan,-1,nan,-1,-1,nan,-1,/data/data/DA25S005/miccai_tbi/MultiTalentV2_finetuning/checkpoints/validation2025_100/ensemble_2_models_e5ohnz5w_tta_ddp_kpcyjb66_tta_hybrid/predicted_lesions/thr0p4_mincc20/scan_0011_pred_lesion.nii.gz
scan_0011,probability_average,none,0.4,40,nan,0.1,0,1,1,0.0,0,nan,-1,nan,-1,nan,-1,-1,nan,-1,/data/data/DA25S005/miccai_tbi/MultiTalentV2_finetuning/checkpoints/validation2025_100/ensemble_2_models_e5ohnz5w_tta_ddp_kpcyjb66_tta_hybrid/predicted_lesions/thr0p4_mincc40/scan_0011_pred_lesion.nii.gz
scan_0011,probability_average,none,0.5,0,nan,0.1,0,1,1,0.0,0,nan,-1,nan,-1,nan,-1,-1,nan,-1,/data/data/DA25S005/miccai_tbi/MultiTalentV2_finetuning/checkpoints/validation2025_100/ensemble_2_models_e5ohnz5w_tta_ddp_kpcyjb66_tta_hybrid/predicted_lesions/thr0p5_mincc0/scan_0011_pred_lesion.nii.gz
scan_0011,probability_average,none,0.5,3,nan,0.1,0,1,1,0.0,0,nan,-1,nan,-1,nan,-1,-1,nan,-1,/data/data/DA25S005/miccai_tbi/MultiTalentV2_finetuning/checkpoints/validation2025_100/ensemble_2_models_e5ohnz5w_tta_ddp_kpcyjb66_tta_hybrid/predicted_lesions/thr0p5_mincc3/scan_0011_pred_lesion.nii.gz
scan_0011,probability_average,none,0.5,5,nan,0.1,0,1,1,0.0,0,nan,-1,nan,-1,nan,-1,-1,nan,-1,/data/data/DA25S005/miccai_tbi/MultiTalentV2_finetuning/checkpoints/validation2025_100/ensemble_2_models_e5ohnz5w_tta_ddp_kpcyjb66_tta_hybrid/predicted_lesions/thr0p5_mincc5/scan_0011_pred_lesion.nii.gz
scan_0011,probability_average,none,0.5,10,nan,0.1,0,1,1,0.0,0,nan,-1,nan,-1,nan,-1,-1,nan,-1,/data/data/DA25S005/miccai_tbi/MultiTalentV2_finetuning/checkpoints/validation2025_100/ensemble_2_models_e5ohnz5w_tta_ddp_kpcyjb66_tta_hybrid/predicted_lesions/thr0p5_mincc10/scan_0011_pred_lesion.nii.gz
scan_0011,probability_average,none,0.5,20,nan,0.1,0,1,1,0.0,0,nan,-1,nan,-1,nan,-1,-1,nan,-1,/data/data/DA25S005/miccai_tbi/MultiTalentV2_finetuning/checkpoints/validation2025_100/ensemble_2_models_e5ohnz5w_tta_ddp_kpcyjb66_tta_hybrid/predicted_lesions/thr0p5_mincc20/scan_0011_pred_lesion.nii.gz
scan_0011,probability_average,none,0.5,40,nan,0.1,0,1,1,0.0,0,nan,-1,nan,-1,nan,-1,-1,nan,-1,/data/data/DA25S005/miccai_tbi/MultiTalentV2_finetuning/checkpoints/validation2025_100/ensemble_2_models_e5ohnz5w_tta_ddp_kpcyjb66_tta_hybrid/predicted_lesions/thr0p5_mincc40/scan_0011_pred_lesion.nii.gz
scan_0012,probability_average,none,0.1,0,nan,0.1,0,1,1,0.0,0,nan,-1,nan,-1,nan,-1,-1,nan,-1,/data/data/DA25S005/miccai_tbi/MultiTalentV2_finetuning/checkpoints/validation2025_100/ensemble_2_models_e5ohnz5w_tta_ddp_kpcyjb66_tta_hybrid/predicted_lesions/thr0p1_mincc0/scan_0012_pred_lesion.nii.gz
scan_0012,probability_average,none,0.1,3,nan,0.1,0,1,1,0.0,0,nan,-1,nan,-1,nan,-1,-1,nan,-1,/data/data/DA25S005/miccai_tbi/MultiTalentV2_finetuning/checkpoints/validation2025_100/ensemble_2_models_e5ohnz5w_tta_ddp_kpcyjb66_tta_hybrid/predicted_lesions/thr0p1_mincc3/scan_0012_pred_lesion.nii.gz
scan_0012,probability_average,none,0.1,5,nan,0.1,0,1,1,0.0,0,nan,-1,nan,-1,nan,-1,-1,nan,-1,/data/data/DA25S005/miccai_tbi/MultiTalentV2_finetuning/checkpoints/validation2025_100/ensemble_2_models_e5ohnz5w_tta_ddp_kpcyjb66_tta_hybrid/predicted_lesions/thr0p1_mincc5/scan_0012_pred_lesion.nii.gz
scan_0012,probability_average,none,0.1,10,nan,0.1,0,1,1,0.0,0,nan,-1,nan,-1,nan,-1,-1,nan,-1,/data/data/DA25S005/miccai_tbi/MultiTalentV2_finetuning/checkpoints/validation2025_100/ensemble_2_models_e5ohnz5w_tta_ddp_kpcyjb66_tta_hybrid/predicted_lesions/thr0p1_mincc10/scan_0012_pred_lesion.nii.gz
scan_0012,probability_average,none,0.1,20,nan,0.1,0,1,1,0.0,0,nan,-1,nan,-1,nan,-1,-1,nan,-1,/data/data/DA25S005/miccai_tbi/MultiTalentV2_finetuning/checkpoints/validation2025_100/ensemble_2_models_e5ohnz5w_tta_ddp_kpcyjb66_tta_hybrid/predicted_lesions/thr0p1_mincc20/scan_0012_pred_lesion.nii.gz
scan_0012,probability_average,none,0.1,40,nan,0.1,0,1,1,0.0,0,nan,-1,nan,-1,nan,-1,-1,nan,-1,/data/data/DA25S005/miccai_tbi/MultiTalentV2_finetuning/checkpoints/validation2025_100/ensemble_2_models_e5ohnz5w_tta_ddp_kpcyjb66_tta_hybrid/predicted_lesions/thr0p1_mincc40/scan_0012_pred_lesion.nii.gz
scan_0012,probability_average,none,0.2,0,nan,0.1,0,1,1,0.0,0,nan,-1,nan,-1,nan,-1,-1,nan,-1,/data/data/DA25S005/miccai_tbi/MultiTalentV2_finetuning/checkpoints/validation2025_100/ensemble_2_models_e5ohnz5w_tta_ddp_kpcyjb66_tta_hybrid/predicted_lesions/thr0p2_mincc0/scan_0012_pred_lesion.nii.gz
scan_0012,probability_average,none,0.2,3,nan,0.1,0,1,1,0.0,0,nan,-1,nan,-1,nan,-1,-1,nan,-1,/data/data/DA25S005/miccai_tbi/MultiTalentV2_finetuning/checkpoints/validation2025_100/ensemble_2_models_e5ohnz5w_tta_ddp_kpcyjb66_tta_hybrid/predicted_lesions/thr0p2_mincc3/scan_0012_pred_lesion.nii.gz
scan_0012,probability_average,none,0.2,5,nan,0.1,0,1,1,0.0,0,nan,-1,nan,-1,nan,-1,-1,nan,-1,/data/data/DA25S005/miccai_tbi/MultiTalentV2_finetuning/checkpoints/validation2025_100/ensemble_2_models_e5ohnz5w_tta_ddp_kpcyjb66_tta_hybrid/predicted_lesions/thr0p2_mincc5/scan_0012_pred_lesion.nii.gz
scan_0012,probability_average,none,0.2,10,nan,0.1,0,1,1,0.0,0,nan,-1,nan,-1,nan,-1,-1,nan,-1,/data/data/DA25S005/miccai_tbi/MultiTalentV2_finetuning/checkpoints/validation2025_100/ensemble_2_models_e5ohnz5w_tta_ddp_kpcyjb66_tta_hybrid/predicted_lesions/thr0p2_mincc10/scan_0012_pred_lesion.nii.gz
scan_0012,probability_average,none,0.2,20,nan,0.1,0,1,1,0.0,0,nan,-1,nan,-1,nan,-1,-1,nan,-1,/data/data/DA25S005/miccai_tbi/MultiTalentV2_finetuning/checkpoints/validation2025_100/ensemble_2_models_e5ohnz5w_tta_ddp_kpcyjb66_tta_hybrid/predicted_lesions/thr0p2_mincc20/scan_0012_pred_lesion.nii.gz
scan_0012,probability_average,none,0.2,40,nan,0.1,0,1,1,0.0,0,nan,-1,nan,-1,nan,-1,-1,nan,-1,/data/data/DA25S005/miccai_tbi/MultiTalentV2_finetuning/checkpoints/validation2025_100/ensemble_2_models_e5ohnz5w_tta_ddp_kpcyjb66_tta_hybrid/predicted_lesions/thr0p2_mincc40/scan_0012_pred_lesion.nii.gz
scan_0012,probability_average,none,0.3,0,nan,0.1,0,1,1,0.0,0,nan,-1,nan,-1,nan,-1,-1,nan,-1,/data/data/DA25S005/miccai_tbi/MultiTalentV2_finetuning/checkpoints/validation2025_100/ensemble_2_models_e5ohnz5w_tta_ddp_kpcyjb66_tta_hybrid/predicted_lesions/thr0p3_mincc0/scan_0012_pred_lesion.nii.gz
scan_0012,probability_average,none,0.3,3,nan,0.1,0,1,1,0.0,0,nan,-1,nan,-1,nan,-1,-1,nan,-1,/data/data/DA25S005/miccai_tbi/MultiTalentV2_finetuning/checkpoints/validation2025_100/ensemble_2_models_e5ohnz5w_tta_ddp_kpcyjb66_tta_hybrid/predicted_lesions/thr0p3_mincc3/scan_0012_pred_lesion.nii.gz
scan_0012,probability_average,none,0.3,5,nan,0.1,0,1,1,0.0,0,nan,-1,nan,-1,nan,-1,-1,nan,-1,/data/data/DA25S005/miccai_tbi/MultiTalentV2_finetuning/checkpoints/validation2025_100/ensemble_2_models_e5ohnz5w_tta_ddp_kpcyjb66_tta_hybrid/predicted_lesions/thr0p3_mincc5/scan_0012_pred_lesion.nii.gz
scan_0012,probability_average,none,0.3,10,nan,0.1,0,1,1,0.0,0,nan,-1,nan,-1,nan,-1,-1,nan,-1,/data/data/DA25S005/miccai_tbi/MultiTalentV2_finetuning/checkpoints/validation2025_100/ensemble_2_models_e5ohnz5w_tta_ddp_kpcyjb66_tta_hybrid/predicted_lesions/thr0p3_mincc10/scan_0012_pred_lesion.nii.gz
scan_0012,probability_average,none,0.3,20,nan,0.1,0,1,1,0.0,0,nan,-1,nan,-1,nan,-1,-1,nan,-1,/data/data/DA25S005/miccai_tbi/MultiTalentV2_finetuning/checkpoints/validation2025_100/ensemble_2_models_e5ohnz5w_tta_ddp_kpcyjb66_tta_hybrid/predicted_lesions/thr0p3_mincc20/scan_0012_pred_lesion.nii.gz
scan_0012,probability_average,none,0.3,40,nan,0.1,0,1,1,0.0,0,nan,-1,nan,-1,nan,-1,-1,nan,-1,/data/data/DA25S005/miccai_tbi/MultiTalentV2_finetuning/checkpoints/validation2025_100/ensemble_2_models_e5ohnz5w_tta_ddp_kpcyjb66_tta_hybrid/predicted_lesions/thr0p3_mincc40/scan_0012_pred_lesion.nii.gz
scan_0012,probability_average,none,0.4,0,nan,0.1,0,1,1,0.0,0,nan,-1,nan,-1,nan,-1,-1,nan,-1,/data/data/DA25S005/miccai_tbi/MultiTalentV2_finetuning/checkpoints/validation2025_100/ensemble_2_models_e5ohnz5w_tta_ddp_kpcyjb66_tta_hybrid/predicted_lesions/thr0p4_mincc0/scan_0012_pred_lesion.nii.gz
scan_0012,probability_average,none,0.4,3,nan,0.1,0,1,1,0.0,0,nan,-1,nan,-1,nan,-1,-1,nan,-1,/data/data/DA25S005/miccai_tbi/MultiTalentV2_finetuning/checkpoints/validation2025_100/ensemble_2_models_e5ohnz5w_tta_ddp_kpcyjb66_tta_hybrid/predicted_lesions/thr0p4_mincc3/scan_0012_pred_lesion.nii.gz
scan_0012,probability_average,none,0.4,5,nan,0.1,0,1,1,0.0,0,nan,-1,nan,-1,nan,-1,-1,nan,-1,/data/data/DA25S005/miccai_tbi/MultiTalentV2_finetuning/checkpoints/validation2025_100/ensemble_2_models_e5ohnz5w_tta_ddp_kpcyjb66_tta_hybrid/predicted_lesions/thr0p4_mincc5/scan_0012_pred_lesion.nii.gz
scan_0012,probability_average,none,0.4,10,nan,0.1,0,1,1,0.0,0,nan,-1,nan,-1,nan,-1,-1,nan,-1,/data/data/DA25S005/miccai_tbi/MultiTalentV2_finetuning/checkpoints/validation2025_100/ensemble_2_models_e5ohnz5w_tta_ddp_kpcyjb66_tta_hybrid/predicted_lesions/thr0p4_mincc10/scan_0012_pred_lesion.nii.gz
scan_0012,probability_average,none,0.4,20,nan,0.1,0,1,1,0.0,0,nan,-1,nan,-1,nan,-1,-1,nan,-1,/data/data/DA25S005/miccai_tbi/MultiTalentV2_finetuning/checkpoints/validation2025_100/ensemble_2_models_e5ohnz5w_tta_ddp_kpcyjb66_tta_hybrid/predicted_lesions/thr0p4_mincc20/scan_0012_pred_lesion.nii.gz
scan_0012,probability_average,none,0.4,40,nan,0.1,0,1,1,0.0,0,nan,-1,nan,-1,nan,-1,-1,nan,-1,/data/data/DA25S005/miccai_tbi/MultiTalentV2_finetuning/checkpoints/validation2025_100/ensemble_2_models_e5ohnz5w_tta_ddp_kpcyjb66_tta_hybrid/predicted_lesions/thr0p4_mincc40/scan_0012_pred_lesion.nii.gz
scan_0012,probability_average,none,0.5,0,nan,0.1,0,1,1,0.0,0,nan,-1,nan,-1,nan,-1,-1,nan,-1,/data/data/DA25S005/miccai_tbi/MultiTalentV2_finetuning/checkpoints/validation2025_100/ensemble_2_models_e5ohnz5w_tta_ddp_kpcyjb66_tta_hybrid/predicted_lesions/thr0p5_mincc0/scan_0012_pred_lesion.nii.gz
scan_0012,probability_average,none,0.5,3,nan,0.1,0,1,1,0.0,0,nan,-1,nan,-1,nan,-1,-1,nan,-1,/data/data/DA25S005/miccai_tbi/MultiTalentV2_finetuning/checkpoints/validation2025_100/ensemble_2_models_e5ohnz5w_tta_ddp_kpcyjb66_tta_hybrid/predicted_lesions/thr0p5_mincc3/scan_0012_pred_lesion.nii.gz
scan_0012,probability_average,none,0.5,5,nan,0.1,0,1,1,0.0,0,nan,-1,nan,-1,nan,-1,-1,nan,-1,/data/data/DA25S005/miccai_tbi/MultiTalentV2_finetuning/checkpoints/validation2025_100/ensemble_2_models_e5ohnz5w_tta_ddp_kpcyjb66_tta_hybrid/predicted_lesions/thr0p5_mincc5/scan_0012_pred_lesion.nii.gz
scan_0012,probability_average,none,0.5,10,nan,0.1,0,1,1,0.0,0,nan,-1,nan,-1,nan,-1,-1,nan,-1,/data/data/DA25S005/miccai_tbi/MultiTalentV2_finetuning/checkpoints/validation2025_100/ensemble_2_models_e5ohnz5w_tta_ddp_kpcyjb66_tta_hybrid/predicted_lesions/thr0p5_mincc10/scan_0012_pred_lesion.nii.gz
scan_0012,probability_average,none,0.5,20,nan,0.1,0,1,1,0.0,0,nan,-1,nan,-1,nan,-1,-1,nan,-1,/data/data/DA25S005/miccai_tbi/MultiTalentV2_finetuning/checkpoints/validation2025_100/ensemble_2_models_e5ohnz5w_tta_ddp_kpcyjb66_tta_hybrid/predicted_lesions/thr0p5_mincc20/scan_0012_pred_lesion.nii.gz
scan_0012,probability_average,none,0.5,40,nan,0.1,0,1,1,0.0,0,nan,-1,nan,-1,nan,-1,-1,nan,-1,/data/data/DA25S005/miccai_tbi/MultiTalentV2_finetuning/checkpoints/validation2025_100/ensemble_2_models_e5ohnz5w_tta_ddp_kpcyjb66_tta_hybrid/predicted_lesions/thr0p5_mincc40/scan_0012_pred_lesion.nii.gz
scan_0013,probability_average,none,0.1,0,nan,0.1,0,1,1,0.0,0,nan,-1,nan,-1,nan,-1,-1,nan,-1,/data/data/DA25S005/miccai_tbi/MultiTalentV2_finetuning/checkpoints/validation2025_100/ensemble_2_models_e5ohnz5w_tta_ddp_kpcyjb66_tta_hybrid/predicted_lesions/thr0p1_mincc0/scan_0013_pred_lesion.nii.gz
scan_0013,probability_average,none,0.1,3,nan,0.1,0,1,1,0.0,0,nan,-1,nan,-1,nan,-1,-1,nan,-1,/data/data/DA25S005/miccai_tbi/MultiTalentV2_finetuning/checkpoints/validation2025_100/ensemble_2_models_e5ohnz5w_tta_ddp_kpcyjb66_tta_hybrid/predicted_lesions/thr0p1_mincc3/scan_0013_pred_lesion.nii.gz
scan_0013,probability_average,none,0.1,5,nan,0.1,0,1,1,0.0,0,nan,-1,nan,-1,nan,-1,-1,nan,-1,/data/data/DA25S005/miccai_tbi/MultiTalentV2_finetuning/checkpoints/validation2025_100/ensemble_2_models_e5ohnz5w_tta_ddp_kpcyjb66_tta_hybrid/predicted_lesions/thr0p1_mincc5/scan_0013_pred_lesion.nii.gz
scan_0013,probability_average,none,0.1,10,nan,0.1,0,1,1,0.0,0,nan,-1,nan,-1,nan,-1,-1,nan,-1,/data/data/DA25S005/miccai_tbi/MultiTalentV2_finetuning/checkpoints/validation2025_100/ensemble_2_models_e5ohnz5w_tta_ddp_kpcyjb66_tta_hybrid/predicted_lesions/thr0p1_mincc10/scan_0013_pred_lesion.nii.gz
scan_0013,probability_average,none,0.1,20,nan,0.1,0,1,1,0.0,0,nan,-1,nan,-1,nan,-1,-1,nan,-1,/data/data/DA25S005/miccai_tbi/MultiTalentV2_finetuning/checkpoints/validation2025_100/ensemble_2_models_e5ohnz5w_tta_ddp_kpcyjb66_tta_hybrid/predicted_lesions/thr0p1_mincc20/scan_0013_pred_lesion.nii.gz
scan_0013,probability_average,none,0.1,40,nan,0.1,0,1,1,0.0,0,nan,-1,nan,-1,nan,-1,-1,nan,-1,/data/data/DA25S005/miccai_tbi/MultiTalentV2_finetuning/checkpoints/validation2025_100/ensemble_2_models_e5ohnz5w_tta_ddp_kpcyjb66_tta_hybrid/predicted_lesions/thr0p1_mincc40/scan_0013_pred_lesion.nii.gz
scan_0013,probability_average,none,0.2,0,nan,0.1,0,1,1,0.0,0,nan,-1,nan,-1,nan,-1,-1,nan,-1,/data/data/DA25S005/miccai_tbi/MultiTalentV2_finetuning/checkpoints/validation2025_100/ensemble_2_models_e5ohnz5w_tta_ddp_kpcyjb66_tta_hybrid/predicted_lesions/thr0p2_mincc0/scan_0013_pred_lesion.nii.gz
scan_0013,probability_average,none,0.2,3,nan,0.1,0,1,1,0.0,0,nan,-1,nan,-1,nan,-1,-1,nan,-1,/data/data/DA25S005/miccai_tbi/MultiTalentV2_finetuning/checkpoints/validation2025_100/ensemble_2_models_e5ohnz5w_tta_ddp_kpcyjb66_tta_hybrid/predicted_lesions/thr0p2_mincc3/scan_0013_pred_lesion.nii.gz
scan_0013,probability_average,none,0.2,5,nan,0.1,0,1,1,0.0,0,nan,-1,nan,-1,nan,-1,-1,nan,-1,/data/data/DA25S005/miccai_tbi/MultiTalentV2_finetuning/checkpoints/validation2025_100/ensemble_2_models_e5ohnz5w_tta_ddp_kpcyjb66_tta_hybrid/predicted_lesions/thr0p2_mincc5/scan_0013_pred_lesion.nii.gz
scan_0013,probability_average,none,0.2,10,nan,0.1,0,1,1,0.0,0,nan,-1,nan,-1,nan,-1,-1,nan,-1,/data/data/DA25S005/miccai_tbi/MultiTalentV2_finetuning/checkpoints/validation2025_100/ensemble_2_models_e5ohnz5w_tta_ddp_kpcyjb66_tta_hybrid/predicted_lesions/thr0p2_mincc10/scan_0013_pred_lesion.nii.gz
scan_0013,probability_average,none,0.2,20,nan,0.1,0,1,1,0.0,0,nan,-1,nan,-1,nan,-1,-1,nan,-1,/data/data/DA25S005/miccai_tbi/MultiTalentV2_finetuning/checkpoints/validation2025_100/ensemble_2_models_e5ohnz5w_tta_ddp_kpcyjb66_tta_hybrid/predicted_lesions/thr0p2_mincc20/scan_0013_pred_lesion.nii.gz
scan_0013,probability_average,none,0.2,40,nan,0.1,0,1,1,0.0,0,nan,-1,nan,-1,nan,-1,-1,nan,-1,/data/data/DA25S005/miccai_tbi/MultiTalentV2_finetuning/checkpoints/validation2025_100/ensemble_2_models_e5ohnz5w_tta_ddp_kpcyjb66_tta_hybrid/predicted_lesions/thr0p2_mincc40/scan_0013_pred_lesion.nii.gz
scan_0013,probability_average,none,0.3,0,nan,0.1,0,1,1,0.0,0,nan,-1,nan,-1,nan,-1,-1,nan,-1,/data/data/DA25S005/miccai_tbi/MultiTalentV2_finetuning/checkpoints/validation2025_100/ensemble_2_models_e5ohnz5w_tta_ddp_kpcyjb66_tta_hybrid/predicted_lesions/thr0p3_mincc0/scan_0013_pred_lesion.nii.gz
scan_0013,probability_average,none,0.3,3,nan,0.1,0,1,1,0.0,0,nan,-1,nan,-1,nan,-1,-1,nan,-1,/data/data/DA25S005/miccai_tbi/MultiTalentV2_finetuning/checkpoints/validation2025_100/ensemble_2_models_e5ohnz5w_tta_ddp_kpcyjb66_tta_hybrid/predicted_lesions/thr0p3_mincc3/scan_0013_pred_lesion.nii.gz
scan_0013,probability_average,none,0.3,5,nan,0.1,0,1,1,0.0,0,nan,-1,nan,-1,nan,-1,-1,nan,-1,/data/data/DA25S005/miccai_tbi/MultiTalentV2_finetuning/checkpoints/validation2025_100/ensemble_2_models_e5ohnz5w_tta_ddp_kpcyjb66_tta_hybrid/predicted_lesions/thr0p3_mincc5/scan_0013_pred_lesion.nii.gz
scan_0013,probability_average,none,0.3,10,nan,0.1,0,1,1,0.0,0,nan,-1,nan,-1,nan,-1,-1,nan,-1,/data/data/DA25S005/miccai_tbi/MultiTalentV2_finetuning/checkpoints/validation2025_100/ensemble_2_models_e5ohnz5w_tta_ddp_kpcyjb66_tta_hybrid/predicted_lesions/thr0p3_mincc10/scan_0013_pred_lesion.nii.gz
scan_0013,probability_average,none,0.3,20,nan,0.1,0,1,1,0.0,0,nan,-1,nan,-1,nan,-1,-1,nan,-1,/data/data/DA25S005/miccai_tbi/MultiTalentV2_finetuning/checkpoints/validation2025_100/ensemble_2_models_e5ohnz5w_tta_ddp_kpcyjb66_tta_hybrid/predicted_lesions/thr0p3_mincc20/scan_0013_pred_lesion.nii.gz
scan_0013,probability_average,none,0.3,40,nan,0.1,0,1,1,0.0,0,nan,-1,nan,-1,nan,-1,-1,nan,-1,/data/data/DA25S005/miccai_tbi/MultiTalentV2_finetuning/checkpoints/validation2025_100/ensemble_2_models_e5ohnz5w_tta_ddp_kpcyjb66_tta_hybrid/predicted_lesions/thr0p3_mincc40/scan_0013_pred_lesion.nii.gz
scan_0013,probability_average,none,0.4,0,nan,0.1,0,1,1,0.0,0,nan,-1,nan,-1,nan,-1,-1,nan,-1,/data/data/DA25S005/miccai_tbi/MultiTalentV2_finetuning/checkpoints/validation2025_100/ensemble_2_models_e5ohnz5w_tta_ddp_kpcyjb66_tta_hybrid/predicted_lesions/thr0p4_mincc0/scan_0013_pred_lesion.nii.gz
scan_0013,probability_average,none,0.4,3,nan,0.1,0,1,1,0.0,0,nan,-1,nan,-1,nan,-1,-1,nan,-1,/data/data/DA25S005/miccai_tbi/MultiTalentV2_finetuning/checkpoints/validation2025_100/ensemble_2_models_e5ohnz5w_tta_ddp_kpcyjb66_tta_hybrid/predicted_lesions/thr0p4_mincc3/scan_0013_pred_lesion.nii.gz
scan_0013,probability_average,none,0.4,5,nan,0.1,0,1,1,0.0,0,nan,-1,nan,-1,nan,-1,-1,nan,-1,/data/data/DA25S005/miccai_tbi/MultiTalentV2_finetuning/checkpoints/validation2025_100/ensemble_2_models_e5ohnz5w_tta_ddp_kpcyjb66_tta_hybrid/predicted_lesions/thr0p4_mincc5/scan_0013_pred_lesion.nii.gz
scan_0013,probability_average,none,0.4,10,nan,0.1,0,1,1,0.0,0,nan,-1,nan,-1,nan,-1,-1,nan,-1,/data/data/DA25S005/miccai_tbi/MultiTalentV2_finetuning/checkpoints/validation2025_100/ensemble_2_models_e5ohnz5w_tta_ddp_kpcyjb66_tta_hybrid/predicted_lesions/thr0p4_mincc10/scan_0013_pred_lesion.nii.gz
scan_0013,probability_average,none,0.4,20,nan,0.1,0,1,1,0.0,0,nan,-1,nan,-1,nan,-1,-1,nan,-1,/data/data/DA25S005/miccai_tbi/MultiTalentV2_finetuning/checkpoints/validation2025_100/ensemble_2_models_e5ohnz5w_tta_ddp_kpcyjb66_tta_hybrid/predicted_lesions/thr0p4_mincc20/scan_0013_pred_lesion.nii.gz
scan_0013,probability_average,none,0.4,40,nan,0.1,0,1,1,0.0,0,nan,-1,nan,-1,nan,-1,-1,nan,-1,/data/data/DA25S005/miccai_tbi/MultiTalentV2_finetuning/checkpoints/validation2025_100/ensemble_2_models_e5ohnz5w_tta_ddp_kpcyjb66_tta_hybrid/predicted_lesions/thr0p4_mincc40/scan_0013_pred_lesion.nii.gz
scan_0013,probability_average,none,0.5,0,nan,0.1,0,1,1,0.0,0,nan,-1,nan,-1,nan,-1,-1,nan,-1,/data/data/DA25S005/miccai_tbi/MultiTalentV2_finetuning/checkpoints/validation2025_100/ensemble_2_models_e5ohnz5w_tta_ddp_kpcyjb66_tta_hybrid/predicted_lesions/thr0p5_mincc0/scan_0013_pred_lesion.nii.gz
scan_0013,probability_average,none,0.5,3,nan,0.1,0,1,1,0.0,0,nan,-1,nan,-1,nan,-1,-1,nan,-1,/data/data/DA25S005/miccai_tbi/MultiTalentV2_finetuning/checkpoints/validation2025_100/ensemble_2_models_e5ohnz5w_tta_ddp_kpcyjb66_tta_hybrid/predicted_lesions/thr0p5_mincc3/scan_0013_pred_lesion.nii.gz
scan_0013,probability_average,none,0.5,5,nan,0.1,0,1,1,0.0,0,nan,-1,nan,-1,nan,-1,-1,nan,-1,/data/data/DA25S005/miccai_tbi/MultiTalentV2_finetuning/checkpoints/validation2025_100/ensemble_2_models_e5ohnz5w_tta_ddp_kpcyjb66_tta_hybrid/predicted_lesions/thr0p5_mincc5/scan_0013_pred_lesion.nii.gz
scan_0013,probability_average,none,0.5,10,nan,0.1,0,1,1,0.0,0,nan,-1,nan,-1,nan,-1,-1,nan,-1,/data/data/DA25S005/miccai_tbi/MultiTalentV2_finetuning/checkpoints/validation2025_100/ensemble_2_models_e5ohnz5w_tta_ddp_kpcyjb66_tta_hybrid/predicted_lesions/thr0p5_mincc10/scan_0013_pred_lesion.nii.gz
scan_0013,probability_average,none,0.5,20,nan,0.1,0,1,1,0.0,0,nan,-1,nan,-1,nan,-1,-1,nan,-1,/data/data/DA25S005/miccai_tbi/MultiTalentV2_finetuning/checkpoints/validation2025_100/ensemble_2_models_e5ohnz5w_tta_ddp_kpcyjb66_tta_hybrid/predicted_lesions/thr0p5_mincc20/scan_0013_pred_lesion.nii.gz
scan_0013,probability_average,none,0.5,40,nan,0.1,0,1,1,0.0,0,nan,-1,nan,-1,nan,-1,-1,nan,-1,/data/data/DA25S005/miccai_tbi/MultiTalentV2_finetuning/checkpoints/validation2025_100/ensemble_2_models_e5ohnz5w_tta_ddp_kpcyjb66_tta_hybrid/predicted_lesions/thr0p5_mincc40/scan_0013_pred_lesion.nii.gz
scan_0014,probability_average,none,0.1,0,nan,0.1,0,1,1,0.0,0,nan,-1,nan,-1,nan,-1,-1,nan,-1,/data/data/DA25S005/miccai_tbi/MultiTalentV2_finetuning/checkpoints/validation2025_100/ensemble_2_models_e5ohnz5w_tta_ddp_kpcyjb66_tta_hybrid/predicted_lesions/thr0p1_mincc0/scan_0014_pred_lesion.nii.gz
scan_0014,probability_average,none,0.1,3,nan,0.1,0,1,1,0.0,0,nan,-1,nan,-1,nan,-1,-1,nan,-1,/data/data/DA25S005/miccai_tbi/MultiTalentV2_finetuning/checkpoints/validation2025_100/ensemble_2_models_e5ohnz5w_tta_ddp_kpcyjb66_tta_hybrid/predicted_lesions/thr0p1_mincc3/scan_0014_pred_lesion.nii.gz
scan_0014,probability_average,none,0.1,5,nan,0.1,0,1,1,0.0,0,nan,-1,nan,-1,nan,-1,-1,nan,-1,/data/data/DA25S005/miccai_tbi/MultiTalentV2_finetuning/checkpoints/validation2025_100/ensemble_2_models_e5ohnz5w_tta_ddp_kpcyjb66_tta_hybrid/predicted_lesions/thr0p1_mincc5/scan_0014_pred_lesion.nii.gz
scan_0014,probability_average,none,0.1,10,nan,0.1,0,1,1,0.0,0,nan,-1,nan,-1,nan,-1,-1,nan,-1,/data/data/DA25S005/miccai_tbi/MultiTalentV2_finetuning/checkpoints/validation2025_100/ensemble_2_models_e5ohnz5w_tta_ddp_kpcyjb66_tta_hybrid/predicted_lesions/thr0p1_mincc10/scan_0014_pred_lesion.nii.gz
scan_0014,probability_average,none,0.1,20,nan,0.1,0,1,1,0.0,0,nan,-1,nan,-1,nan,-1,-1,nan,-1,/data/data/DA25S005/miccai_tbi/MultiTalentV2_finetuning/checkpoints/validation2025_100/ensemble_2_models_e5ohnz5w_tta_ddp_kpcyjb66_tta_hybrid/predicted_lesions/thr0p1_mincc20/scan_0014_pred_lesion.nii.gz
scan_0014,probability_average,none,0.1,40,nan,0.1,0,1,1,0.0,0,nan,-1,nan,-1,nan,-1,-1,nan,-1,/data/data/DA25S005/miccai_tbi/MultiTalentV2_finetuning/checkpoints/validation2025_100/ensemble_2_models_e5ohnz5w_tta_ddp_kpcyjb66_tta_hybrid/predicted_lesions/thr0p1_mincc40/scan_0014_pred_lesion.nii.gz
scan_0014,probability_average,none,0.2,0,nan,0.1,0,1,1,0.0,0,nan,-1,nan,-1,nan,-1,-1,nan,-1,/data/data/DA25S005/miccai_tbi/MultiTalentV2_finetuning/checkpoints/validation2025_100/ensemble_2_models_e5ohnz5w_tta_ddp_kpcyjb66_tta_hybrid/predicted_lesions/thr0p2_mincc0/scan_0014_pred_lesion.nii.gz
scan_0014,probability_average,none,0.2,3,nan,0.1,0,1,1,0.0,0,nan,-1,nan,-1,nan,-1,-1,nan,-1,/data/data/DA25S005/miccai_tbi/MultiTalentV2_finetuning/checkpoints/validation2025_100/ensemble_2_models_e5ohnz5w_tta_ddp_kpcyjb66_tta_hybrid/predicted_lesions/thr0p2_mincc3/scan_0014_pred_lesion.nii.gz
scan_0014,probability_average,none,0.2,5,nan,0.1,0,1,1,0.0,0,nan,-1,nan,-1,nan,-1,-1,nan,-1,/data/data/DA25S005/miccai_tbi/MultiTalentV2_finetuning/checkpoints/validation2025_100/ensemble_2_models_e5ohnz5w_tta_ddp_kpcyjb66_tta_hybrid/predicted_lesions/thr0p2_mincc5/scan_0014_pred_lesion.nii.gz
scan_0014,probability_average,none,0.2,10,nan,0.1,0,1,1,0.0,0,nan,-1,nan,-1,nan,-1,-1,nan,-1,/data/data/DA25S005/miccai_tbi/MultiTalentV2_finetuning/checkpoints/validation2025_100/ensemble_2_models_e5ohnz5w_tta_ddp_kpcyjb66_tta_hybrid/predicted_lesions/thr0p2_mincc10/scan_0014_pred_lesion.nii.gz
scan_0014,probability_average,none,0.2,20,nan,0.1,0,1,1,0.0,0,nan,-1,nan,-1,nan,-1,-1,nan,-1,/data/data/DA25S005/miccai_tbi/MultiTalentV2_finetuning/checkpoints/validation2025_100/ensemble_2_models_e5ohnz5w_tta_ddp_kpcyjb66_tta_hybrid/predicted_lesions/thr0p2_mincc20/scan_0014_pred_lesion.nii.gz
scan_0014,probability_average,none,0.2,40,nan,0.1,0,1,1,0.0,0,nan,-1,nan,-1,nan,-1,-1,nan,-1,/data/data/DA25S005/miccai_tbi/MultiTalentV2_finetuning/checkpoints/validation2025_100/ensemble_2_models_e5ohnz5w_tta_ddp_kpcyjb66_tta_hybrid/predicted_lesions/thr0p2_mincc40/scan_0014_pred_lesion.nii.gz
scan_0014,probability_average,none,0.3,0,nan,0.1,0,1,1,0.0,0,nan,-1,nan,-1,nan,-1,-1,nan,-1,/data/data/DA25S005/miccai_tbi/MultiTalentV2_finetuning/checkpoints/validation2025_100/ensemble_2_models_e5ohnz5w_tta_ddp_kpcyjb66_tta_hybrid/predicted_lesions/thr0p3_mincc0/scan_0014_pred_lesion.nii.gz
scan_0014,probability_average,none,0.3,3,nan,0.1,0,1,1,0.0,0,nan,-1,nan,-1,nan,-1,-1,nan,-1,/data/data/DA25S005/miccai_tbi/MultiTalentV2_finetuning/checkpoints/validation2025_100/ensemble_2_models_e5ohnz5w_tta_ddp_kpcyjb66_tta_hybrid/predicted_lesions/thr0p3_mincc3/scan_0014_pred_lesion.nii.gz
scan_0014,probability_average,none,0.3,5,nan,0.1,0,1,1,0.0,0,nan,-1,nan,-1,nan,-1,-1,nan,-1,/data/data/DA25S005/miccai_tbi/MultiTalentV2_finetuning/checkpoints/validation2025_100/ensemble_2_models_e5ohnz5w_tta_ddp_kpcyjb66_tta_hybrid/predicted_lesions/thr0p3_mincc5/scan_0014_pred_lesion.nii.gz
scan_0014,probability_average,none,0.3,10,nan,0.1,0,1,1,0.0,0,nan,-1,nan,-1,nan,-1,-1,nan,-1,/data/data/DA25S005/miccai_tbi/MultiTalentV2_finetuning/checkpoints/validation2025_100/ensemble_2_models_e5ohnz5w_tta_ddp_kpcyjb66_tta_hybrid/predicted_lesions/thr0p3_mincc10/scan_0014_pred_lesion.nii.gz
scan_0014,probability_average,none,0.3,20,nan,0.1,0,1,1,0.0,0,nan,-1,nan,-1,nan,-1,-1,nan,-1,/data/data/DA25S005/miccai_tbi/MultiTalentV2_finetuning/checkpoints/validation2025_100/ensemble_2_models_e5ohnz5w_tta_ddp_kpcyjb66_tta_hybrid/predicted_lesions/thr0p3_mincc20/scan_0014_pred_lesion.nii.gz
scan_0014,probability_average,none,0.3,40,nan,0.1,0,1,1,0.0,0,nan,-1,nan,-1,nan,-1,-1,nan,-1,/data/data/DA25S005/miccai_tbi/MultiTalentV2_finetuning/checkpoints/validation2025_100/ensemble_2_models_e5ohnz5w_tta_ddp_kpcyjb66_tta_hybrid/predicted_lesions/thr0p3_mincc40/scan_0014_pred_lesion.nii.gz
scan_0014,probability_average,none,0.4,0,nan,0.1,0,1,1,0.0,0,nan,-1,nan,-1,nan,-1,-1,nan,-1,/data/data/DA25S005/miccai_tbi/MultiTalentV2_finetuning/checkpoints/validation2025_100/ensemble_2_models_e5ohnz5w_tta_ddp_kpcyjb66_tta_hybrid/predicted_lesions/thr0p4_mincc0/scan_0014_pred_lesion.nii.gz
scan_0014,probability_average,none,0.4,3,nan,0.1,0,1,1,0.0,0,nan,-1,nan,-1,nan,-1,-1,nan,-1,/data/data/DA25S005/miccai_tbi/MultiTalentV2_finetuning/checkpoints/validation2025_100/ensemble_2_models_e5ohnz5w_tta_ddp_kpcyjb66_tta_hybrid/predicted_lesions/thr0p4_mincc3/scan_0014_pred_lesion.nii.gz
scan_0014,probability_average,none,0.4,5,nan,0.1,0,1,1,0.0,0,nan,-1,nan,-1,nan,-1,-1,nan,-1,/data/data/DA25S005/miccai_tbi/MultiTalentV2_finetuning/checkpoints/validation2025_100/ensemble_2_models_e5ohnz5w_tta_ddp_kpcyjb66_tta_hybrid/predicted_lesions/thr0p4_mincc5/scan_0014_pred_lesion.nii.gz
scan_0014,probability_average,none,0.4,10,nan,0.1,0,1,1,0.0,0,nan,-1,nan,-1,nan,-1,-1,nan,-1,/data/data/DA25S005/miccai_tbi/MultiTalentV2_finetuning/checkpoints/validation2025_100/ensemble_2_models_e5ohnz5w_tta_ddp_kpcyjb66_tta_hybrid/predicted_lesions/thr0p4_mincc10/scan_0014_pred_lesion.nii.gz
scan_0014,probability_average,none,0.4,20,nan,0.1,0,1,1,0.0,0,nan,-1,nan,-1,nan,-1,-1,nan,-1,/data/data/DA25S005/miccai_tbi/MultiTalentV2_finetuning/checkpoints/validation2025_100/ensemble_2_models_e5ohnz5w_tta_ddp_kpcyjb66_tta_hybrid/predicted_lesions/thr0p4_mincc20/scan_0014_pred_lesion.nii.gz
scan_0014,probability_average,none,0.4,40,nan,0.1,0,1,1,0.0,0,nan,-1,nan,-1,nan,-1,-1,nan,-1,/data/data/DA25S005/miccai_tbi/MultiTalentV2_finetuning/checkpoints/validation2025_100/ensemble_2_models_e5ohnz5w_tta_ddp_kpcyjb66_tta_hybrid/predicted_lesions/thr0p4_mincc40/scan_0014_pred_lesion.nii.gz
scan_0014,probability_average,none,0.5,0,nan,0.1,0,1,1,0.0,0,nan,-1,nan,-1,nan,-1,-1,nan,-1,/data/data/DA25S005/miccai_tbi/MultiTalentV2_finetuning/checkpoints/validation2025_100/ensemble_2_models_e5ohnz5w_tta_ddp_kpcyjb66_tta_hybrid/predicted_lesions/thr0p5_mincc0/scan_0014_pred_lesion.nii.gz
scan_0014,probability_average,none,0.5,3,nan,0.1,0,1,1,0.0,0,nan,-1,nan,-1,nan,-1,-1,nan,-1,/data/data/DA25S005/miccai_tbi/MultiTalentV2_finetuning/checkpoints/validation2025_100/ensemble_2_models_e5ohnz5w_tta_ddp_kpcyjb66_tta_hybrid/predicted_lesions/thr0p5_mincc3/scan_0014_pred_lesion.nii.gz
scan_0014,probability_average,none,0.5,5,nan,0.1,0,1,1,0.0,0,nan,-1,nan,-1,nan,-1,-1,nan,-1,/data/data/DA25S005/miccai_tbi/MultiTalentV2_finetuning/checkpoints/validation2025_100/ensemble_2_models_e5ohnz5w_tta_ddp_kpcyjb66_tta_hybrid/predicted_lesions/thr0p5_mincc5/scan_0014_pred_lesion.nii.gz
scan_0014,probability_average,none,0.5,10,nan,0.1,0,1,1,0.0,0,nan,-1,nan,-1,nan,-1,-1,nan,-1,/data/data/DA25S005/miccai_tbi/MultiTalentV2_finetuning/checkpoints/validation2025_100/ensemble_2_models_e5ohnz5w_tta_ddp_kpcyjb66_tta_hybrid/predicted_lesions/thr0p5_mincc10/scan_0014_pred_lesion.nii.gz
scan_0014,probability_average,none,0.5,20,nan,0.1,0,1,1,0.0,0,nan,-1,nan,-1,nan,-1,-1,nan,-1,/data/data/DA25S005/miccai_tbi/MultiTalentV2_finetuning/checkpoints/validation2025_100/ensemble_2_models_e5ohnz5w_tta_ddp_kpcyjb66_tta_hybrid/predicted_lesions/thr0p5_mincc20/scan_0014_pred_lesion.nii.gz
scan_0014,probability_average,none,0.5,40,nan,0.1,0,1,1,0.0,0,nan,-1,nan,-1,nan,-1,-1,nan,-1,/data/data/DA25S005/miccai_tbi/MultiTalentV2_finetuning/checkpoints/validation2025_100/ensemble_2_models_e5ohnz5w_tta_ddp_kpcyjb66_tta_hybrid/predicted_lesions/thr0p5_mincc40/scan_0014_pred_lesion.nii.gz
scan_0018,probability_average,none,0.1,0,nan,0.1,0,1,1,0.0,0,nan,-1,nan,-1,nan,-1,-1,nan,-1,/data/data/DA25S005/miccai_tbi/MultiTalentV2_finetuning/checkpoints/validation2025_100/ensemble_2_models_e5ohnz5w_tta_ddp_kpcyjb66_tta_hybrid/predicted_lesions/thr0p1_mincc0/scan_0018_pred_lesion.nii.gz
scan_0018,probability_average,none,0.1,3,nan,0.1,0,1,1,0.0,0,nan,-1,nan,-1,nan,-1,-1,nan,-1,/data/data/DA25S005/miccai_tbi/MultiTalentV2_finetuning/checkpoints/validation2025_100/ensemble_2_models_e5ohnz5w_tta_ddp_kpcyjb66_tta_hybrid/predicted_lesions/thr0p1_mincc3/scan_0018_pred_lesion.nii.gz
scan_0018,probability_average,none,0.1,5,nan,0.1,0,1,1,0.0,0,nan,-1,nan,-1,nan,-1,-1,nan,-1,/data/data/DA25S005/miccai_tbi/MultiTalentV2_finetuning/checkpoints/validation2025_100/ensemble_2_models_e5ohnz5w_tta_ddp_kpcyjb66_tta_hybrid/predicted_lesions/thr0p1_mincc5/scan_0018_pred_lesion.nii.gz
scan_0018,probability_average,none,0.1,10,nan,0.1,0,1,1,0.0,0,nan,-1,nan,-1,nan,-1,-1,nan,-1,/data/data/DA25S005/miccai_tbi/MultiTalentV2_finetuning/checkpoints/validation2025_100/ensemble_2_models_e5ohnz5w_tta_ddp_kpcyjb66_tta_hybrid/predicted_lesions/thr0p1_mincc10/scan_0018_pred_lesion.nii.gz
scan_0018,probability_average,none,0.1,20,nan,0.1,0,1,1,0.0,0,nan,-1,nan,-1,nan,-1,-1,nan,-1,/data/data/DA25S005/miccai_tbi/MultiTalentV2_finetuning/checkpoints/validation2025_100/ensemble_2_models_e5ohnz5w_tta_ddp_kpcyjb66_tta_hybrid/predicted_lesions/thr0p1_mincc20/scan_0018_pred_lesion.nii.gz
scan_0018,probability_average,none,0.1,40,nan,0.1,0,1,1,0.0,0,nan,-1,nan,-1,nan,-1,-1,nan,-1,/data/data/DA25S005/miccai_tbi/MultiTalentV2_finetuning/checkpoints/validation2025_100/ensemble_2_models_e5ohnz5w_tta_ddp_kpcyjb66_tta_hybrid/predicted_lesions/thr0p1_mincc40/scan_0018_pred_lesion.nii.gz
scan_0018,probability_average,none,0.2,0,nan,0.1,0,1,1,0.0,0,nan,-1,nan,-1,nan,-1,-1,nan,-1,/data/data/DA25S005/miccai_tbi/MultiTalentV2_finetuning/checkpoints/validation2025_100/ensemble_2_models_e5ohnz5w_tta_ddp_kpcyjb66_tta_hybrid/predicted_lesions/thr0p2_mincc0/scan_0018_pred_lesion.nii.gz
scan_0018,probability_average,none,0.2,3,nan,0.1,0,1,1,0.0,0,nan,-1,nan,-1,nan,-1,-1,nan,-1,/data/data/DA25S005/miccai_tbi/MultiTalentV2_finetuning/checkpoints/validation2025_100/ensemble_2_models_e5ohnz5w_tta_ddp_kpcyjb66_tta_hybrid/predicted_lesions/thr0p2_mincc3/scan_0018_pred_lesion.nii.gz
scan_0018,probability_average,none,0.2,5,nan,0.1,0,1,1,0.0,0,nan,-1,nan,-1,nan,-1,-1,nan,-1,/data/data/DA25S005/miccai_tbi/MultiTalentV2_finetuning/checkpoints/validation2025_100/ensemble_2_models_e5ohnz5w_tta_ddp_kpcyjb66_tta_hybrid/predicted_lesions/thr0p2_mincc5/scan_0018_pred_lesion.nii.gz
scan_0018,probability_average,none,0.2,10,nan,0.1,0,1,1,0.0,0,nan,-1,nan,-1,nan,-1,-1,nan,-1,/data/data/DA25S005/miccai_tbi/MultiTalentV2_finetuning/checkpoints/validation2025_100/ensemble_2_models_e5ohnz5w_tta_ddp_kpcyjb66_tta_hybrid/predicted_lesions/thr0p2_mincc10/scan_0018_pred_lesion.nii.gz
scan_0018,probability_average,none,0.2,20,nan,0.1,0,1,1,0.0,0,nan,-1,nan,-1,nan,-1,-1,nan,-1,/data/data/DA25S005/miccai_tbi/MultiTalentV2_finetuning/checkpoints/validation2025_100/ensemble_2_models_e5ohnz5w_tta_ddp_kpcyjb66_tta_hybrid/predicted_lesions/thr0p2_mincc20/scan_0018_pred_lesion.nii.gz
scan_0018,probability_average,none,0.2,40,nan,0.1,0,1,1,0.0,0,nan,-1,nan,-1,nan,-1,-1,nan,-1,/data/data/DA25S005/miccai_tbi/MultiTalentV2_finetuning/checkpoints/validation2025_100/ensemble_2_models_e5ohnz5w_tta_ddp_kpcyjb66_tta_hybrid/predicted_lesions/thr0p2_mincc40/scan_0018_pred_lesion.nii.gz
scan_0018,probability_average,none,0.3,0,nan,0.1,0,1,1,0.0,0,nan,-1,nan,-1,nan,-1,-1,nan,-1,/data/data/DA25S005/miccai_tbi/MultiTalentV2_finetuning/checkpoints/validation2025_100/ensemble_2_models_e5ohnz5w_tta_ddp_kpcyjb66_tta_hybrid/predicted_lesions/thr0p3_mincc0/scan_0018_pred_lesion.nii.gz
scan_0018,probability_average,none,0.3,3,nan,0.1,0,1,1,0.0,0,nan,-1,nan,-1,nan,-1,-1,nan,-1,/data/data/DA25S005/miccai_tbi/MultiTalentV2_finetuning/checkpoints/validation2025_100/ensemble_2_models_e5ohnz5w_tta_ddp_kpcyjb66_tta_hybrid/predicted_lesions/thr0p3_mincc3/scan_0018_pred_lesion.nii.gz
scan_0018,probability_average,none,0.3,5,nan,0.1,0,1,1,0.0,0,nan,-1,nan,-1,nan,-1,-1,nan,-1,/data/data/DA25S005/miccai_tbi/MultiTalentV2_finetuning/checkpoints/validation2025_100/ensemble_2_models_e5ohnz5w_tta_ddp_kpcyjb66_tta_hybrid/predicted_lesions/thr0p3_mincc5/scan_0018_pred_lesion.nii.gz
scan_0018,probability_average,none,0.3,10,nan,0.1,0,1,1,0.0,0,nan,-1,nan,-1,nan,-1,-1,nan,-1,/data/data/DA25S005/miccai_tbi/MultiTalentV2_finetuning/checkpoints/validation2025_100/ensemble_2_models_e5ohnz5w_tta_ddp_kpcyjb66_tta_hybrid/predicted_lesions/thr0p3_mincc10/scan_0018_pred_lesion.nii.gz
scan_0018,probability_average,none,0.3,20,nan,0.1,0,1,1,0.0,0,nan,-1,nan,-1,nan,-1,-1,nan,-1,/data/data/DA25S005/miccai_tbi/MultiTalentV2_finetuning/checkpoints/validation2025_100/ensemble_2_models_e5ohnz5w_tta_ddp_kpcyjb66_tta_hybrid/predicted_lesions/thr0p3_mincc20/scan_0018_pred_lesion.nii.gz
scan_0018,probability_average,none,0.3,40,nan,0.1,0,1,1,0.0,0,nan,-1,nan,-1,nan,-1,-1,nan,-1,/data/data/DA25S005/miccai_tbi/MultiTalentV2_finetuning/checkpoints/validation2025_100/ensemble_2_models_e5ohnz5w_tta_ddp_kpcyjb66_tta_hybrid/predicted_lesions/thr0p3_mincc40/scan_0018_pred_lesion.nii.gz
scan_0018,probability_average,none,0.4,0,nan,0.1,0,1,1,0.0,0,nan,-1,nan,-1,nan,-1,-1,nan,-1,/data/data/DA25S005/miccai_tbi/MultiTalentV2_finetuning/checkpoints/validation2025_100/ensemble_2_models_e5ohnz5w_tta_ddp_kpcyjb66_tta_hybrid/predicted_lesions/thr0p4_mincc0/scan_0018_pred_lesion.nii.gz
scan_0018,probability_average,none,0.4,3,nan,0.1,0,1,1,0.0,0,nan,-1,nan,-1,nan,-1,-1,nan,-1,/data/data/DA25S005/miccai_tbi/MultiTalentV2_finetuning/checkpoints/validation2025_100/ensemble_2_models_e5ohnz5w_tta_ddp_kpcyjb66_tta_hybrid/predicted_lesions/thr0p4_mincc3/scan_0018_pred_lesion.nii.gz
scan_0018,probability_average,none,0.4,5,nan,0.1,0,1,1,0.0,0,nan,-1,nan,-1,nan,-1,-1,nan,-1,/data/data/DA25S005/miccai_tbi/MultiTalentV2_finetuning/checkpoints/validation2025_100/ensemble_2_models_e5ohnz5w_tta_ddp_kpcyjb66_tta_hybrid/predicted_lesions/thr0p4_mincc5/scan_0018_pred_lesion.nii.gz
scan_0018,probability_average,none,0.4,10,nan,0.1,0,1,1,0.0,0,nan,-1,nan,-1,nan,-1,-1,nan,-1,/data/data/DA25S005/miccai_tbi/MultiTalentV2_finetuning/checkpoints/validation2025_100/ensemble_2_models_e5ohnz5w_tta_ddp_kpcyjb66_tta_hybrid/predicted_lesions/thr0p4_mincc10/scan_0018_pred_lesion.nii.gz
scan_0018,probability_average,none,0.4,20,nan,0.1,0,1,1,0.0,0,nan,-1,nan,-1,nan,-1,-1,nan,-1,/data/data/DA25S005/miccai_tbi/MultiTalentV2_finetuning/checkpoints/validation2025_100/ensemble_2_models_e5ohnz5w_tta_ddp_kpcyjb66_tta_hybrid/predicted_lesions/thr0p4_mincc20/scan_0018_pred_lesion.nii.gz
scan_0018,probability_average,none,0.4,40,nan,0.1,0,1,1,0.0,0,nan,-1,nan,-1,nan,-1,-1,nan,-1,/data/data/DA25S005/miccai_tbi/MultiTalentV2_finetuning/checkpoints/validation2025_100/ensemble_2_models_e5ohnz5w_tta_ddp_kpcyjb66_tta_hybrid/predicted_lesions/thr0p4_mincc40/scan_0018_pred_lesion.nii.gz
scan_0018,probability_average,none,0.5,0,nan,0.1,0,1,1,0.0,0,nan,-1,nan,-1,nan,-1,-1,nan,-1,/data/data/DA25S005/miccai_tbi/MultiTalentV2_finetuning/checkpoints/validation2025_100/ensemble_2_models_e5ohnz5w_tta_ddp_kpcyjb66_tta_hybrid/predicted_lesions/thr0p5_mincc0/scan_0018_pred_lesion.nii.gz
scan_0018,probability_average,none,0.5,3,nan,0.1,0,1,1,0.0,0,nan,-1,nan,-1,nan,-1,-1,nan,-1,/data/data/DA25S005/miccai_tbi/MultiTalentV2_finetuning/checkpoints/validation2025_100/ensemble_2_models_e5ohnz5w_tta_ddp_kpcyjb66_tta_hybrid/predicted_lesions/thr0p5_mincc3/scan_0018_pred_lesion.nii.gz
scan_0018,probability_average,none,0.5,5,nan,0.1,0,1,1,0.0,0,nan,-1,nan,-1,nan,-1,-1,nan,-1,/data/data/DA25S005/miccai_tbi/MultiTalentV2_finetuning/checkpoints/validation2025_100/ensemble_2_models_e5ohnz5w_tta_ddp_kpcyjb66_tta_hybrid/predicted_lesions/thr0p5_mincc5/scan_0018_pred_lesion.nii.gz
scan_0018,probability_average,none,0.5,10,nan,0.1,0,1,1,0.0,0,nan,-1,nan,-1,nan,-1,-1,nan,-1,/data/data/DA25S005/miccai_tbi/MultiTalentV2_finetuning/checkpoints/validation2025_100/ensemble_2_models_e5ohnz5w_tta_ddp_kpcyjb66_tta_hybrid/predicted_lesions/thr0p5_mincc10/scan_0018_pred_lesion.nii.gz
scan_0018,probability_average,none,0.5,20,nan,0.1,0,1,1,0.0,0,nan,-1,nan,-1,nan,-1,-1,nan,-1,/data/data/DA25S005/miccai_tbi/MultiTalentV2_finetuning/checkpoints/validation2025_100/ensemble_2_models_e5ohnz5w_tta_ddp_kpcyjb66_tta_hybrid/predicted_lesions/thr0p5_mincc20/scan_0018_pred_lesion.nii.gz
scan_0018,probability_average,none,0.5,40,nan,0.1,0,1,1,0.0,0,nan,-1,nan,-1,nan,-1,-1,nan,-1,/data/data/DA25S005/miccai_tbi/MultiTalentV2_finetuning/checkpoints/validation2025_100/ensemble_2_models_e5ohnz5w_tta_ddp_kpcyjb66_tta_hybrid/predicted_lesions/thr0p5_mincc40/scan_0018_pred_lesion.nii.gz
scan_0022,probability_average,none,0.1,0,nan,0.1,0,1,1,0.0,0,nan,-1,nan,-1,nan,-1,-1,nan,-1,/data/data/DA25S005/miccai_tbi/MultiTalentV2_finetuning/checkpoints/validation2025_100/ensemble_2_models_e5ohnz5w_tta_ddp_kpcyjb66_tta_hybrid/predicted_lesions/thr0p1_mincc0/scan_0022_pred_lesion.nii.gz
scan_0022,probability_average,none,0.1,3,nan,0.1,0,1,1,0.0,0,nan,-1,nan,-1,nan,-1,-1,nan,-1,/data/data/DA25S005/miccai_tbi/MultiTalentV2_finetuning/checkpoints/validation2025_100/ensemble_2_models_e5ohnz5w_tta_ddp_kpcyjb66_tta_hybrid/predicted_lesions/thr0p1_mincc3/scan_0022_pred_lesion.nii.gz
scan_0022,probability_average,none,0.1,5,nan,0.1,0,1,1,0.0,0,nan,-1,nan,-1,nan,-1,-1,nan,-1,/data/data/DA25S005/miccai_tbi/MultiTalentV2_finetuning/checkpoints/validation2025_100/ensemble_2_models_e5ohnz5w_tta_ddp_kpcyjb66_tta_hybrid/predicted_lesions/thr0p1_mincc5/scan_0022_pred_lesion.nii.gz
scan_0022,probability_average,none,0.1,10,nan,0.1,0,1,1,0.0,0,nan,-1,nan,-1,nan,-1,-1,nan,-1,/data/data/DA25S005/miccai_tbi/MultiTalentV2_finetuning/checkpoints/validation2025_100/ensemble_2_models_e5ohnz5w_tta_ddp_kpcyjb66_tta_hybrid/predicted_lesions/thr0p1_mincc10/scan_0022_pred_lesion.nii.gz
scan_0022,probability_average,none,0.1,20,nan,0.1,0,1,1,0.0,0,nan,-1,nan,-1,nan,-1,-1,nan,-1,/data/data/DA25S005/miccai_tbi/MultiTalentV2_finetuning/checkpoints/validation2025_100/ensemble_2_models_e5ohnz5w_tta_ddp_kpcyjb66_tta_hybrid/predicted_lesions/thr0p1_mincc20/scan_0022_pred_lesion.nii.gz
scan_0022,probability_average,none,0.1,40,nan,0.1,0,1,1,0.0,0,nan,-1,nan,-1,nan,-1,-1,nan,-1,/data/data/DA25S005/miccai_tbi/MultiTalentV2_finetuning/checkpoints/validation2025_100/ensemble_2_models_e5ohnz5w_tta_ddp_kpcyjb66_tta_hybrid/predicted_lesions/thr0p1_mincc40/scan_0022_pred_lesion.nii.gz
scan_0022,probability_average,none,0.2,0,nan,0.1,0,1,1,0.0,0,nan,-1,nan,-1,nan,-1,-1,nan,-1,/data/data/DA25S005/miccai_tbi/MultiTalentV2_finetuning/checkpoints/validation2025_100/ensemble_2_models_e5ohnz5w_tta_ddp_kpcyjb66_tta_hybrid/predicted_lesions/thr0p2_mincc0/scan_0022_pred_lesion.nii.gz
scan_0022,probability_average,none,0.2,3,nan,0.1,0,1,1,0.0,0,nan,-1,nan,-1,nan,-1,-1,nan,-1,/data/data/DA25S005/miccai_tbi/MultiTalentV2_finetuning/checkpoints/validation2025_100/ensemble_2_models_e5ohnz5w_tta_ddp_kpcyjb66_tta_hybrid/predicted_lesions/thr0p2_mincc3/scan_0022_pred_lesion.nii.gz
scan_0022,probability_average,none,0.2,5,nan,0.1,0,1,1,0.0,0,nan,-1,nan,-1,nan,-1,-1,nan,-1,/data/data/DA25S005/miccai_tbi/MultiTalentV2_finetuning/checkpoints/validation2025_100/ensemble_2_models_e5ohnz5w_tta_ddp_kpcyjb66_tta_hybrid/predicted_lesions/thr0p2_mincc5/scan_0022_pred_lesion.nii.gz
scan_0022,probability_average,none,0.2,10,nan,0.1,0,1,1,0.0,0,nan,-1,nan,-1,nan,-1,-1,nan,-1,/data/data/DA25S005/miccai_tbi/MultiTalentV2_finetuning/checkpoints/validation2025_100/ensemble_2_models_e5ohnz5w_tta_ddp_kpcyjb66_tta_hybrid/predicted_lesions/thr0p2_mincc10/scan_0022_pred_lesion.nii.gz
scan_0022,probability_average,none,0.2,20,nan,0.1,0,1,1,0.0,0,nan,-1,nan,-1,nan,-1,-1,nan,-1,/data/data/DA25S005/miccai_tbi/MultiTalentV2_finetuning/checkpoints/validation2025_100/ensemble_2_models_e5ohnz5w_tta_ddp_kpcyjb66_tta_hybrid/predicted_lesions/thr0p2_mincc20/scan_0022_pred_lesion.nii.gz
scan_0022,probability_average,none,0.2,40,nan,0.1,0,1,1,0.0,0,nan,-1,nan,-1,nan,-1,-1,nan,-1,/data/data/DA25S005/miccai_tbi/MultiTalentV2_finetuning/checkpoints/validation2025_100/ensemble_2_models_e5ohnz5w_tta_ddp_kpcyjb66_tta_hybrid/predicted_lesions/thr0p2_mincc40/scan_0022_pred_lesion.nii.gz
scan_0022,probability_average,none,0.3,0,nan,0.1,0,1,1,0.0,0,nan,-1,nan,-1,nan,-1,-1,nan,-1,/data/data/DA25S005/miccai_tbi/MultiTalentV2_finetuning/checkpoints/validation2025_100/ensemble_2_models_e5ohnz5w_tta_ddp_kpcyjb66_tta_hybrid/predicted_lesions/thr0p3_mincc0/scan_0022_pred_lesion.nii.gz
scan_0022,probability_average,none,0.3,3,nan,0.1,0,1,1,0.0,0,nan,-1,nan,-1,nan,-1,-1,nan,-1,/data/data/DA25S005/miccai_tbi/MultiTalentV2_finetuning/checkpoints/validation2025_100/ensemble_2_models_e5ohnz5w_tta_ddp_kpcyjb66_tta_hybrid/predicted_lesions/thr0p3_mincc3/scan_0022_pred_lesion.nii.gz
scan_0022,probability_average,none,0.3,5,nan,0.1,0,1,1,0.0,0,nan,-1,nan,-1,nan,-1,-1,nan,-1,/data/data/DA25S005/miccai_tbi/MultiTalentV2_finetuning/checkpoints/validation2025_100/ensemble_2_models_e5ohnz5w_tta_ddp_kpcyjb66_tta_hybrid/predicted_lesions/thr0p3_mincc5/scan_0022_pred_lesion.nii.gz
scan_0022,probability_average,none,0.3,10,nan,0.1,0,1,1,0.0,0,nan,-1,nan,-1,nan,-1,-1,nan,-1,/data/data/DA25S005/miccai_tbi/MultiTalentV2_finetuning/checkpoints/validation2025_100/ensemble_2_models_e5ohnz5w_tta_ddp_kpcyjb66_tta_hybrid/predicted_lesions/thr0p3_mincc10/scan_0022_pred_lesion.nii.gz
scan_0022,probability_average,none,0.3,20,nan,0.1,0,1,1,0.0,0,nan,-1,nan,-1,nan,-1,-1,nan,-1,/data/data/DA25S005/miccai_tbi/MultiTalentV2_finetuning/checkpoints/validation2025_100/ensemble_2_models_e5ohnz5w_tta_ddp_kpcyjb66_tta_hybrid/predicted_lesions/thr0p3_mincc20/scan_0022_pred_lesion.nii.gz
scan_0022,probability_average,none,0.3,40,nan,0.1,0,1,1,0.0,0,nan,-1,nan,-1,nan,-1,-1,nan,-1,/data/data/DA25S005/miccai_tbi/MultiTalentV2_finetuning/checkpoints/validation2025_100/ensemble_2_models_e5ohnz5w_tta_ddp_kpcyjb66_tta_hybrid/predicted_lesions/thr0p3_mincc40/scan_0022_pred_lesion.nii.gz
scan_0022,probability_average,none,0.4,0,nan,0.1,0,1,1,0.0,0,nan,-1,nan,-1,nan,-1,-1,nan,-1,/data/data/DA25S005/miccai_tbi/MultiTalentV2_finetuning/checkpoints/validation2025_100/ensemble_2_models_e5ohnz5w_tta_ddp_kpcyjb66_tta_hybrid/predicted_lesions/thr0p4_mincc0/scan_0022_pred_lesion.nii.gz
scan_0022,probability_average,none,0.4,3,nan,0.1,0,1,1,0.0,0,nan,-1,nan,-1,nan,-1,-1,nan,-1,/data/data/DA25S005/miccai_tbi/MultiTalentV2_finetuning/checkpoints/validation2025_100/ensemble_2_models_e5ohnz5w_tta_ddp_kpcyjb66_tta_hybrid/predicted_lesions/thr0p4_mincc3/scan_0022_pred_lesion.nii.gz
scan_0022,probability_average,none,0.4,5,nan,0.1,0,1,1,0.0,0,nan,-1,nan,-1,nan,-1,-1,nan,-1,/data/data/DA25S005/miccai_tbi/MultiTalentV2_finetuning/checkpoints/validation2025_100/ensemble_2_models_e5ohnz5w_tta_ddp_kpcyjb66_tta_hybrid/predicted_lesions/thr0p4_mincc5/scan_0022_pred_lesion.nii.gz
scan_0022,probability_average,none,0.4,10,nan,0.1,0,1,1,0.0,0,nan,-1,nan,-1,nan,-1,-1,nan,-1,/data/data/DA25S005/miccai_tbi/MultiTalentV2_finetuning/checkpoints/validation2025_100/ensemble_2_models_e5ohnz5w_tta_ddp_kpcyjb66_tta_hybrid/predicted_lesions/thr0p4_mincc10/scan_0022_pred_lesion.nii.gz
scan_0022,probability_average,none,0.4,20,nan,0.1,0,1,1,0.0,0,nan,-1,nan,-1,nan,-1,-1,nan,-1,/data/data/DA25S005/miccai_tbi/MultiTalentV2_finetuning/checkpoints/validation2025_100/ensemble_2_models_e5ohnz5w_tta_ddp_kpcyjb66_tta_hybrid/predicted_lesions/thr0p4_mincc20/scan_0022_pred_lesion.nii.gz
scan_0022,probability_average,none,0.4,40,nan,0.1,0,1,1,0.0,0,nan,-1,nan,-1,nan,-1,-1,nan,-1,/data/data/DA25S005/miccai_tbi/MultiTalentV2_finetuning/checkpoints/validation2025_100/ensemble_2_models_e5ohnz5w_tta_ddp_kpcyjb66_tta_hybrid/predicted_lesions/thr0p4_mincc40/scan_0022_pred_lesion.nii.gz
scan_0022,probability_average,none,0.5,0,nan,0.1,0,1,1,0.0,0,nan,-1,nan,-1,nan,-1,-1,nan,-1,/data/data/DA25S005/miccai_tbi/MultiTalentV2_finetuning/checkpoints/validation2025_100/ensemble_2_models_e5ohnz5w_tta_ddp_kpcyjb66_tta_hybrid/predicted_lesions/thr0p5_mincc0/scan_0022_pred_lesion.nii.gz
scan_0022,probability_average,none,0.5,3,nan,0.1,0,1,1,0.0,0,nan,-1,nan,-1,nan,-1,-1,nan,-1,/data/data/DA25S005/miccai_tbi/MultiTalentV2_finetuning/checkpoints/validation2025_100/ensemble_2_models_e5ohnz5w_tta_ddp_kpcyjb66_tta_hybrid/predicted_lesions/thr0p5_mincc3/scan_0022_pred_lesion.nii.gz
scan_0022,probability_average,none,0.5,5,nan,0.1,0,1,1,0.0,0,nan,-1,nan,-1,nan,-1,-1,nan,-1,/data/data/DA25S005/miccai_tbi/MultiTalentV2_finetuning/checkpoints/validation2025_100/ensemble_2_models_e5ohnz5w_tta_ddp_kpcyjb66_tta_hybrid/predicted_lesions/thr0p5_mincc5/scan_0022_pred_lesion.nii.gz
scan_0022,probability_average,none,0.5,10,nan,0.1,0,1,1,0.0,0,nan,-1,nan,-1,nan,-1,-1,nan,-1,/data/data/DA25S005/miccai_tbi/MultiTalentV2_finetuning/checkpoints/validation2025_100/ensemble_2_models_e5ohnz5w_tta_ddp_kpcyjb66_tta_hybrid/predicted_lesions/thr0p5_mincc10/scan_0022_pred_lesion.nii.gz
scan_0022,probability_average,none,0.5,20,nan,0.1,0,1,1,0.0,0,nan,-1,nan,-1,nan,-1,-1,nan,-1,/data/data/DA25S005/miccai_tbi/MultiTalentV2_finetuning/checkpoints/validation2025_100/ensemble_2_models_e5ohnz5w_tta_ddp_kpcyjb66_tta_hybrid/predicted_lesions/thr0p5_mincc20/scan_0022_pred_lesion.nii.gz
scan_0022,probability_average,none,0.5,40,nan,0.1,0,1,1,0.0,0,nan,-1,nan,-1,nan,-1,-1,nan,-1,/data/data/DA25S005/miccai_tbi/MultiTalentV2_finetuning/checkpoints/validation2025_100/ensemble_2_models_e5ohnz5w_tta_ddp_kpcyjb66_tta_hybrid/predicted_lesions/thr0p5_mincc40/scan_0022_pred_lesion.nii.gz
scan_0025,probability_average,none,0.1,0,nan,0.1,0,1,1,0.0,0,nan,-1,nan,-1,nan,-1,-1,nan,-1,/data/data/DA25S005/miccai_tbi/MultiTalentV2_finetuning/checkpoints/validation2025_100/ensemble_2_models_e5ohnz5w_tta_ddp_kpcyjb66_tta_hybrid/predicted_lesions/thr0p1_mincc0/scan_0025_pred_lesion.nii.gz
scan_0025,probability_average,none,0.1,3,nan,0.1,0,1,1,0.0,0,nan,-1,nan,-1,nan,-1,-1,nan,-1,/data/data/DA25S005/miccai_tbi/MultiTalentV2_finetuning/checkpoints/validation2025_100/ensemble_2_models_e5ohnz5w_tta_ddp_kpcyjb66_tta_hybrid/predicted_lesions/thr0p1_mincc3/scan_0025_pred_lesion.nii.gz
scan_0025,probability_average,none,0.1,5,nan,0.1,0,1,1,0.0,0,nan,-1,nan,-1,nan,-1,-1,nan,-1,/data/data/DA25S005/miccai_tbi/MultiTalentV2_finetuning/checkpoints/validation2025_100/ensemble_2_models_e5ohnz5w_tta_ddp_kpcyjb66_tta_hybrid/predicted_lesions/thr0p1_mincc5/scan_0025_pred_lesion.nii.gz
scan_0025,probability_average,none,0.1,10,nan,0.1,0,1,1,0.0,0,nan,-1,nan,-1,nan,-1,-1,nan,-1,/data/data/DA25S005/miccai_tbi/MultiTalentV2_finetuning/checkpoints/validation2025_100/ensemble_2_models_e5ohnz5w_tta_ddp_kpcyjb66_tta_hybrid/predicted_lesions/thr0p1_mincc10/scan_0025_pred_lesion.nii.gz
scan_0025,probability_average,none,0.1,20,nan,0.1,0,1,1,0.0,0,nan,-1,nan,-1,nan,-1,-1,nan,-1,/data/data/DA25S005/miccai_tbi/MultiTalentV2_finetuning/checkpoints/validation2025_100/ensemble_2_models_e5ohnz5w_tta_ddp_kpcyjb66_tta_hybrid/predicted_lesions/thr0p1_mincc20/scan_0025_pred_lesion.nii.gz
scan_0025,probability_average,none,0.1,40,nan,0.1,0,1,1,0.0,0,nan,-1,nan,-1,nan,-1,-1,nan,-1,/data/data/DA25S005/miccai_tbi/MultiTalentV2_finetuning/checkpoints/validation2025_100/ensemble_2_models_e5ohnz5w_tta_ddp_kpcyjb66_tta_hybrid/predicted_lesions/thr0p1_mincc40/scan_0025_pred_lesion.nii.gz
scan_0025,probability_average,none,0.2,0,nan,0.1,0,1,1,0.0,0,nan,-1,nan,-1,nan,-1,-1,nan,-1,/data/data/DA25S005/miccai_tbi/MultiTalentV2_finetuning/checkpoints/validation2025_100/ensemble_2_models_e5ohnz5w_tta_ddp_kpcyjb66_tta_hybrid/predicted_lesions/thr0p2_mincc0/scan_0025_pred_lesion.nii.gz
scan_0025,probability_average,none,0.2,3,nan,0.1,0,1,1,0.0,0,nan,-1,nan,-1,nan,-1,-1,nan,-1,/data/data/DA25S005/miccai_tbi/MultiTalentV2_finetuning/checkpoints/validation2025_100/ensemble_2_models_e5ohnz5w_tta_ddp_kpcyjb66_tta_hybrid/predicted_lesions/thr0p2_mincc3/scan_0025_pred_lesion.nii.gz
scan_0025,probability_average,none,0.2,5,nan,0.1,0,1,1,0.0,0,nan,-1,nan,-1,nan,-1,-1,nan,-1,/data/data/DA25S005/miccai_tbi/MultiTalentV2_finetuning/checkpoints/validation2025_100/ensemble_2_models_e5ohnz5w_tta_ddp_kpcyjb66_tta_hybrid/predicted_lesions/thr0p2_mincc5/scan_0025_pred_lesion.nii.gz
scan_0025,probability_average,none,0.2,10,nan,0.1,0,1,1,0.0,0,nan,-1,nan,-1,nan,-1,-1,nan,-1,/data/data/DA25S005/miccai_tbi/MultiTalentV2_finetuning/checkpoints/validation2025_100/ensemble_2_models_e5ohnz5w_tta_ddp_kpcyjb66_tta_hybrid/predicted_lesions/thr0p2_mincc10/scan_0025_pred_lesion.nii.gz
scan_0025,probability_average,none,0.2,20,nan,0.1,0,1,1,0.0,0,nan,-1,nan,-1,nan,-1,-1,nan,-1,/data/data/DA25S005/miccai_tbi/MultiTalentV2_finetuning/checkpoints/validation2025_100/ensemble_2_models_e5ohnz5w_tta_ddp_kpcyjb66_tta_hybrid/predicted_lesions/thr0p2_mincc20/scan_0025_pred_lesion.nii.gz
scan_0025,probability_average,none,0.2,40,nan,0.1,0,1,1,0.0,0,nan,-1,nan,-1,nan,-1,-1,nan,-1,/data/data/DA25S005/miccai_tbi/MultiTalentV2_finetuning/checkpoints/validation2025_100/ensemble_2_models_e5ohnz5w_tta_ddp_kpcyjb66_tta_hybrid/predicted_lesions/thr0p2_mincc40/scan_0025_pred_lesion.nii.gz
scan_0025,probability_average,none,0.3,0,nan,0.1,0,1,1,0.0,0,nan,-1,nan,-1,nan,-1,-1,nan,-1,/data/data/DA25S005/miccai_tbi/MultiTalentV2_finetuning/checkpoints/validation2025_100/ensemble_2_models_e5ohnz5w_tta_ddp_kpcyjb66_tta_hybrid/predicted_lesions/thr0p3_mincc0/scan_0025_pred_lesion.nii.gz
scan_0025,probability_average,none,0.3,3,nan,0.1,0,1,1,0.0,0,nan,-1,nan,-1,nan,-1,-1,nan,-1,/data/data/DA25S005/miccai_tbi/MultiTalentV2_finetuning/checkpoints/validation2025_100/ensemble_2_models_e5ohnz5w_tta_ddp_kpcyjb66_tta_hybrid/predicted_lesions/thr0p3_mincc3/scan_0025_pred_lesion.nii.gz
scan_0025,probability_average,none,0.3,5,nan,0.1,0,1,1,0.0,0,nan,-1,nan,-1,nan,-1,-1,nan,-1,/data/data/DA25S005/miccai_tbi/MultiTalentV2_finetuning/checkpoints/validation2025_100/ensemble_2_models_e5ohnz5w_tta_ddp_kpcyjb66_tta_hybrid/predicted_lesions/thr0p3_mincc5/scan_0025_pred_lesion.nii.gz
scan_0025,probability_average,none,0.3,10,nan,0.1,0,1,1,0.0,0,nan,-1,nan,-1,nan,-1,-1,nan,-1,/data/data/DA25S005/miccai_tbi/MultiTalentV2_finetuning/checkpoints/validation2025_100/ensemble_2_models_e5ohnz5w_tta_ddp_kpcyjb66_tta_hybrid/predicted_lesions/thr0p3_mincc10/scan_0025_pred_lesion.nii.gz
scan_0025,probability_average,none,0.3,20,nan,0.1,0,1,1,0.0,0,nan,-1,nan,-1,nan,-1,-1,nan,-1,/data/data/DA25S005/miccai_tbi/MultiTalentV2_finetuning/checkpoints/validation2025_100/ensemble_2_models_e5ohnz5w_tta_ddp_kpcyjb66_tta_hybrid/predicted_lesions/thr0p3_mincc20/scan_0025_pred_lesion.nii.gz
scan_0025,probability_average,none,0.3,40,nan,0.1,0,1,1,0.0,0,nan,-1,nan,-1,nan,-1,-1,nan,-1,/data/data/DA25S005/miccai_tbi/MultiTalentV2_finetuning/checkpoints/validation2025_100/ensemble_2_models_e5ohnz5w_tta_ddp_kpcyjb66_tta_hybrid/predicted_lesions/thr0p3_mincc40/scan_0025_pred_lesion.nii.gz
scan_0025,probability_average,none,0.4,0,nan,0.1,0,1,1,0.0,0,nan,-1,nan,-1,nan,-1,-1,nan,-1,/data/data/DA25S005/miccai_tbi/MultiTalentV2_finetuning/checkpoints/validation2025_100/ensemble_2_models_e5ohnz5w_tta_ddp_kpcyjb66_tta_hybrid/predicted_lesions/thr0p4_mincc0/scan_0025_pred_lesion.nii.gz
scan_0025,probability_average,none,0.4,3,nan,0.1,0,1,1,0.0,0,nan,-1,nan,-1,nan,-1,-1,nan,-1,/data/data/DA25S005/miccai_tbi/MultiTalentV2_finetuning/checkpoints/validation2025_100/ensemble_2_models_e5ohnz5w_tta_ddp_kpcyjb66_tta_hybrid/predicted_lesions/thr0p4_mincc3/scan_0025_pred_lesion.nii.gz
scan_0025,probability_average,none,0.4,5,nan,0.1,0,1,1,0.0,0,nan,-1,nan,-1,nan,-1,-1,nan,-1,/data/data/DA25S005/miccai_tbi/MultiTalentV2_finetuning/checkpoints/validation2025_100/ensemble_2_models_e5ohnz5w_tta_ddp_kpcyjb66_tta_hybrid/predicted_lesions/thr0p4_mincc5/scan_0025_pred_lesion.nii.gz
scan_0025,probability_average,none,0.4,10,nan,0.1,0,1,1,0.0,0,nan,-1,nan,-1,nan,-1,-1,nan,-1,/data/data/DA25S005/miccai_tbi/MultiTalentV2_finetuning/checkpoints/validation2025_100/ensemble_2_models_e5ohnz5w_tta_ddp_kpcyjb66_tta_hybrid/predicted_lesions/thr0p4_mincc10/scan_0025_pred_lesion.nii.gz
scan_0025,probability_average,none,0.4,20,nan,0.1,0,1,1,0.0,0,nan,-1,nan,-1,nan,-1,-1,nan,-1,/data/data/DA25S005/miccai_tbi/MultiTalentV2_finetuning/checkpoints/validation2025_100/ensemble_2_models_e5ohnz5w_tta_ddp_kpcyjb66_tta_hybrid/predicted_lesions/thr0p4_mincc20/scan_0025_pred_lesion.nii.gz
scan_0025,probability_average,none,0.4,40,nan,0.1,0,1,1,0.0,0,nan,-1,nan,-1,nan,-1,-1,nan,-1,/data/data/DA25S005/miccai_tbi/MultiTalentV2_finetuning/checkpoints/validation2025_100/ensemble_2_models_e5ohnz5w_tta_ddp_kpcyjb66_tta_hybrid/predicted_lesions/thr0p4_mincc40/scan_0025_pred_lesion.nii.gz
scan_0025,probability_average,none,0.5,0,nan,0.1,0,1,1,0.0,0,nan,-1,nan,-1,nan,-1,-1,nan,-1,/data/data/DA25S005/miccai_tbi/MultiTalentV2_finetuning/checkpoints/validation2025_100/ensemble_2_models_e5ohnz5w_tta_ddp_kpcyjb66_tta_hybrid/predicted_lesions/thr0p5_mincc0/scan_0025_pred_lesion.nii.gz
scan_0025,probability_average,none,0.5,3,nan,0.1,0,1,1,0.0,0,nan,-1,nan,-1,nan,-1,-1,nan,-1,/data/data/DA25S005/miccai_tbi/MultiTalentV2_finetuning/checkpoints/validation2025_100/ensemble_2_models_e5ohnz5w_tta_ddp_kpcyjb66_tta_hybrid/predicted_lesions/thr0p5_mincc3/scan_0025_pred_lesion.nii.gz
scan_0025,probability_average,none,0.5,5,nan,0.1,0,1,1,0.0,0,nan,-1,nan,-1,nan,-1,-1,nan,-1,/data/data/DA25S005/miccai_tbi/MultiTalentV2_finetuning/checkpoints/validation2025_100/ensemble_2_models_e5ohnz5w_tta_ddp_kpcyjb66_tta_hybrid/predicted_lesions/thr0p5_mincc5/scan_0025_pred_lesion.nii.gz
scan_0025,probability_average,none,0.5,10,nan,0.1,0,1,1,0.0,0,nan,-1,nan,-1,nan,-1,-1,nan,-1,/data/data/DA25S005/miccai_tbi/MultiTalentV2_finetuning/checkpoints/validation2025_100/ensemble_2_models_e5ohnz5w_tta_ddp_kpcyjb66_tta_hybrid/predicted_lesions/thr0p5_mincc10/scan_0025_pred_lesion.nii.gz
scan_0025,probability_average,none,0.5,20,nan,0.1,0,1,1,0.0,0,nan,-1,nan,-1,nan,-1,-1,nan,-1,/data/data/DA25S005/miccai_tbi/MultiTalentV2_finetuning/checkpoints/validation2025_100/ensemble_2_models_e5ohnz5w_tta_ddp_kpcyjb66_tta_hybrid/predicted_lesions/thr0p5_mincc20/scan_0025_pred_lesion.nii.gz
scan_0025,probability_average,none,0.5,40,nan,0.1,0,1,1,0.0,0,nan,-1,nan,-1,nan,-1,-1,nan,-1,/data/data/DA25S005/miccai_tbi/MultiTalentV2_finetuning/checkpoints/validation2025_100/ensemble_2_models_e5ohnz5w_tta_ddp_kpcyjb66_tta_hybrid/predicted_lesions/thr0p5_mincc40/scan_0025_pred_lesion.nii.gz
scan_0030,probability_average,none,0.1,0,nan,0.1,0,1,1,0.0,0,nan,-1,nan,-1,nan,-1,-1,nan,-1,/data/data/DA25S005/miccai_tbi/MultiTalentV2_finetuning/checkpoints/validation2025_100/ensemble_2_models_e5ohnz5w_tta_ddp_kpcyjb66_tta_hybrid/predicted_lesions/thr0p1_mincc0/scan_0030_pred_lesion.nii.gz
scan_0030,probability_average,none,0.1,3,nan,0.1,0,1,1,0.0,0,nan,-1,nan,-1,nan,-1,-1,nan,-1,/data/data/DA25S005/miccai_tbi/MultiTalentV2_finetuning/checkpoints/validation2025_100/ensemble_2_models_e5ohnz5w_tta_ddp_kpcyjb66_tta_hybrid/predicted_lesions/thr0p1_mincc3/scan_0030_pred_lesion.nii.gz
scan_0030,probability_average,none,0.1,5,nan,0.1,0,1,1,0.0,0,nan,-1,nan,-1,nan,-1,-1,nan,-1,/data/data/DA25S005/miccai_tbi/MultiTalentV2_finetuning/checkpoints/validation2025_100/ensemble_2_models_e5ohnz5w_tta_ddp_kpcyjb66_tta_hybrid/predicted_lesions/thr0p1_mincc5/scan_0030_pred_lesion.nii.gz
scan_0030,probability_average,none,0.1,10,nan,0.1,0,1,1,0.0,0,nan,-1,nan,-1,nan,-1,-1,nan,-1,/data/data/DA25S005/miccai_tbi/MultiTalentV2_finetuning/checkpoints/validation2025_100/ensemble_2_models_e5ohnz5w_tta_ddp_kpcyjb66_tta_hybrid/predicted_lesions/thr0p1_mincc10/scan_0030_pred_lesion.nii.gz
scan_0030,probability_average,none,0.1,20,nan,0.1,0,1,1,0.0,0,nan,-1,nan,-1,nan,-1,-1,nan,-1,/data/data/DA25S005/miccai_tbi/MultiTalentV2_finetuning/checkpoints/validation2025_100/ensemble_2_models_e5ohnz5w_tta_ddp_kpcyjb66_tta_hybrid/predicted_lesions/thr0p1_mincc20/scan_0030_pred_lesion.nii.gz
scan_0030,probability_average,none,0.1,40,nan,0.1,0,1,1,0.0,0,nan,-1,nan,-1,nan,-1,-1,nan,-1,/data/data/DA25S005/miccai_tbi/MultiTalentV2_finetuning/checkpoints/validation2025_100/ensemble_2_models_e5ohnz5w_tta_ddp_kpcyjb66_tta_hybrid/predicted_lesions/thr0p1_mincc40/scan_0030_pred_lesion.nii.gz
scan_0030,probability_average,none,0.2,0,nan,0.1,0,1,1,0.0,0,nan,-1,nan,-1,nan,-1,-1,nan,-1,/data/data/DA25S005/miccai_tbi/MultiTalentV2_finetuning/checkpoints/validation2025_100/ensemble_2_models_e5ohnz5w_tta_ddp_kpcyjb66_tta_hybrid/predicted_lesions/thr0p2_mincc0/scan_0030_pred_lesion.nii.gz
scan_0030,probability_average,none,0.2,3,nan,0.1,0,1,1,0.0,0,nan,-1,nan,-1,nan,-1,-1,nan,-1,/data/data/DA25S005/miccai_tbi/MultiTalentV2_finetuning/checkpoints/validation2025_100/ensemble_2_models_e5ohnz5w_tta_ddp_kpcyjb66_tta_hybrid/predicted_lesions/thr0p2_mincc3/scan_0030_pred_lesion.nii.gz
scan_0030,probability_average,none,0.2,5,nan,0.1,0,1,1,0.0,0,nan,-1,nan,-1,nan,-1,-1,nan,-1,/data/data/DA25S005/miccai_tbi/MultiTalentV2_finetuning/checkpoints/validation2025_100/ensemble_2_models_e5ohnz5w_tta_ddp_kpcyjb66_tta_hybrid/predicted_lesions/thr0p2_mincc5/scan_0030_pred_lesion.nii.gz
scan_0030,probability_average,none,0.2,10,nan,0.1,0,1,1,0.0,0,nan,-1,nan,-1,nan,-1,-1,nan,-1,/data/data/DA25S005/miccai_tbi/MultiTalentV2_finetuning/checkpoints/validation2025_100/ensemble_2_models_e5ohnz5w_tta_ddp_kpcyjb66_tta_hybrid/predicted_lesions/thr0p2_mincc10/scan_0030_pred_lesion.nii.gz
scan_0030,probability_average,none,0.2,20,nan,0.1,0,1,1,0.0,0,nan,-1,nan,-1,nan,-1,-1,nan,-1,/data/data/DA25S005/miccai_tbi/MultiTalentV2_finetuning/checkpoints/validation2025_100/ensemble_2_models_e5ohnz5w_tta_ddp_kpcyjb66_tta_hybrid/predicted_lesions/thr0p2_mincc20/scan_0030_pred_lesion.nii.gz
scan_0030,probability_average,none,0.2,40,nan,0.1,0,1,1,0.0,0,nan,-1,nan,-1,nan,-1,-1,nan,-1,/data/data/DA25S005/miccai_tbi/MultiTalentV2_finetuning/checkpoints/validation2025_100/ensemble_2_models_e5ohnz5w_tta_ddp_kpcyjb66_tta_hybrid/predicted_lesions/thr0p2_mincc40/scan_0030_pred_lesion.nii.gz
scan_0030,probability_average,none,0.3,0,nan,0.1,0,1,1,0.0,0,nan,-1,nan,-1,nan,-1,-1,nan,-1,/data/data/DA25S005/miccai_tbi/MultiTalentV2_finetuning/checkpoints/validation2025_100/ensemble_2_models_e5ohnz5w_tta_ddp_kpcyjb66_tta_hybrid/predicted_lesions/thr0p3_mincc0/scan_0030_pred_lesion.nii.gz
scan_0030,probability_average,none,0.3,3,nan,0.1,0,1,1,0.0,0,nan,-1,nan,-1,nan,-1,-1,nan,-1,/data/data/DA25S005/miccai_tbi/MultiTalentV2_finetuning/checkpoints/validation2025_100/ensemble_2_models_e5ohnz5w_tta_ddp_kpcyjb66_tta_hybrid/predicted_lesions/thr0p3_mincc3/scan_0030_pred_lesion.nii.gz
scan_0030,probability_average,none,0.3,5,nan,0.1,0,1,1,0.0,0,nan,-1,nan,-1,nan,-1,-1,nan,-1,/data/data/DA25S005/miccai_tbi/MultiTalentV2_finetuning/checkpoints/validation2025_100/ensemble_2_models_e5ohnz5w_tta_ddp_kpcyjb66_tta_hybrid/predicted_lesions/thr0p3_mincc5/scan_0030_pred_lesion.nii.gz
scan_0030,probability_average,none,0.3,10,nan,0.1,0,1,1,0.0,0,nan,-1,nan,-1,nan,-1,-1,nan,-1,/data/data/DA25S005/miccai_tbi/MultiTalentV2_finetuning/checkpoints/validation2025_100/ensemble_2_models_e5ohnz5w_tta_ddp_kpcyjb66_tta_hybrid/predicted_lesions/thr0p3_mincc10/scan_0030_pred_lesion.nii.gz
scan_0030,probability_average,none,0.3,20,nan,0.1,0,1,1,0.0,0,nan,-1,nan,-1,nan,-1,-1,nan,-1,/data/data/DA25S005/miccai_tbi/MultiTalentV2_finetuning/checkpoints/validation2025_100/ensemble_2_models_e5ohnz5w_tta_ddp_kpcyjb66_tta_hybrid/predicted_lesions/thr0p3_mincc20/scan_0030_pred_lesion.nii.gz
scan_0030,probability_average,none,0.3,40,nan,0.1,0,1,1,0.0,0,nan,-1,nan,-1,nan,-1,-1,nan,-1,/data/data/DA25S005/miccai_tbi/MultiTalentV2_finetuning/checkpoints/validation2025_100/ensemble_2_models_e5ohnz5w_tta_ddp_kpcyjb66_tta_hybrid/predicted_lesions/thr0p3_mincc40/scan_0030_pred_lesion.nii.gz
scan_0030,probability_average,none,0.4,0,nan,0.1,0,1,1,0.0,0,nan,-1,nan,-1,nan,-1,-1,nan,-1,/data/data/DA25S005/miccai_tbi/MultiTalentV2_finetuning/checkpoints/validation2025_100/ensemble_2_models_e5ohnz5w_tta_ddp_kpcyjb66_tta_hybrid/predicted_lesions/thr0p4_mincc0/scan_0030_pred_lesion.nii.gz
scan_0030,probability_average,none,0.4,3,nan,0.1,0,1,1,0.0,0,nan,-1,nan,-1,nan,-1,-1,nan,-1,/data/data/DA25S005/miccai_tbi/MultiTalentV2_finetuning/checkpoints/validation2025_100/ensemble_2_models_e5ohnz5w_tta_ddp_kpcyjb66_tta_hybrid/predicted_lesions/thr0p4_mincc3/scan_0030_pred_lesion.nii.gz
scan_0030,probability_average,none,0.4,5,nan,0.1,0,1,1,0.0,0,nan,-1,nan,-1,nan,-1,-1,nan,-1,/data/data/DA25S005/miccai_tbi/MultiTalentV2_finetuning/checkpoints/validation2025_100/ensemble_2_models_e5ohnz5w_tta_ddp_kpcyjb66_tta_hybrid/predicted_lesions/thr0p4_mincc5/scan_0030_pred_lesion.nii.gz
scan_0030,probability_average,none,0.4,10,nan,0.1,0,1,1,0.0,0,nan,-1,nan,-1,nan,-1,-1,nan,-1,/data/data/DA25S005/miccai_tbi/MultiTalentV2_finetuning/checkpoints/validation2025_100/ensemble_2_models_e5ohnz5w_tta_ddp_kpcyjb66_tta_hybrid/predicted_lesions/thr0p4_mincc10/scan_0030_pred_lesion.nii.gz
scan_0030,probability_average,none,0.4,20,nan,0.1,0,1,1,0.0,0,nan,-1,nan,-1,nan,-1,-1,nan,-1,/data/data/DA25S005/miccai_tbi/MultiTalentV2_finetuning/checkpoints/validation2025_100/ensemble_2_models_e5ohnz5w_tta_ddp_kpcyjb66_tta_hybrid/predicted_lesions/thr0p4_mincc20/scan_0030_pred_lesion.nii.gz
scan_0030,probability_average,none,0.4,40,nan,0.1,0,1,1,0.0,0,nan,-1,nan,-1,nan,-1,-1,nan,-1,/data/data/DA25S005/miccai_tbi/MultiTalentV2_finetuning/checkpoints/validation2025_100/ensemble_2_models_e5ohnz5w_tta_ddp_kpcyjb66_tta_hybrid/predicted_lesions/thr0p4_mincc40/scan_0030_pred_lesion.nii.gz
scan_0030,probability_average,none,0.5,0,nan,0.1,0,1,1,0.0,0,nan,-1,nan,-1,nan,-1,-1,nan,-1,/data/data/DA25S005/miccai_tbi/MultiTalentV2_finetuning/checkpoints/validation2025_100/ensemble_2_models_e5ohnz5w_tta_ddp_kpcyjb66_tta_hybrid/predicted_lesions/thr0p5_mincc0/scan_0030_pred_lesion.nii.gz
scan_0030,probability_average,none,0.5,3,nan,0.1,0,1,1,0.0,0,nan,-1,nan,-1,nan,-1,-1,nan,-1,/data/data/DA25S005/miccai_tbi/MultiTalentV2_finetuning/checkpoints/validation2025_100/ensemble_2_models_e5ohnz5w_tta_ddp_kpcyjb66_tta_hybrid/predicted_lesions/thr0p5_mincc3/scan_0030_pred_lesion.nii.gz
scan_0030,probability_average,none,0.5,5,nan,0.1,0,1,1,0.0,0,nan,-1,nan,-1,nan,-1,-1,nan,-1,/data/data/DA25S005/miccai_tbi/MultiTalentV2_finetuning/checkpoints/validation2025_100/ensemble_2_models_e5ohnz5w_tta_ddp_kpcyjb66_tta_hybrid/predicted_lesions/thr0p5_mincc5/scan_0030_pred_lesion.nii.gz
scan_0030,probability_average,none,0.5,10,nan,0.1,0,1,1,0.0,0,nan,-1,nan,-1,nan,-1,-1,nan,-1,/data/data/DA25S005/miccai_tbi/MultiTalentV2_finetuning/checkpoints/validation2025_100/ensemble_2_models_e5ohnz5w_tta_ddp_kpcyjb66_tta_hybrid/predicted_lesions/thr0p5_mincc10/scan_0030_pred_lesion.nii.gz
scan_0030,probability_average,none,0.5,20,nan,0.1,0,1,1,0.0,0,nan,-1,nan,-1,nan,-1,-1,nan,-1,/data/data/DA25S005/miccai_tbi/MultiTalentV2_finetuning/checkpoints/validation2025_100/ensemble_2_models_e5ohnz5w_tta_ddp_kpcyjb66_tta_hybrid/predicted_lesions/thr0p5_mincc20/scan_0030_pred_lesion.nii.gz
scan_0030,probability_average,none,0.5,40,nan,0.1,0,1,1,0.0,0,nan,-1,nan,-1,nan,-1,-1,nan,-1,/data/data/DA25S005/miccai_tbi/MultiTalentV2_finetuning/checkpoints/validation2025_100/ensemble_2_models_e5ohnz5w_tta_ddp_kpcyjb66_tta_hybrid/predicted_lesions/thr0p5_mincc40/scan_0030_pred_lesion.nii.gz
scan_0032,probability_average,none,0.1,0,nan,0.1,0,1,1,0.0,0,nan,-1,nan,-1,nan,-1,-1,nan,-1,/data/data/DA25S005/miccai_tbi/MultiTalentV2_finetuning/checkpoints/validation2025_100/ensemble_2_models_e5ohnz5w_tta_ddp_kpcyjb66_tta_hybrid/predicted_lesions/thr0p1_mincc0/scan_0032_pred_lesion.nii.gz
scan_0032,probability_average,none,0.1,3,nan,0.1,0,1,1,0.0,0,nan,-1,nan,-1,nan,-1,-1,nan,-1,/data/data/DA25S005/miccai_tbi/MultiTalentV2_finetuning/checkpoints/validation2025_100/ensemble_2_models_e5ohnz5w_tta_ddp_kpcyjb66_tta_hybrid/predicted_lesions/thr0p1_mincc3/scan_0032_pred_lesion.nii.gz
scan_0032,probability_average,none,0.1,5,nan,0.1,0,1,1,0.0,0,nan,-1,nan,-1,nan,-1,-1,nan,-1,/data/data/DA25S005/miccai_tbi/MultiTalentV2_finetuning/checkpoints/validation2025_100/ensemble_2_models_e5ohnz5w_tta_ddp_kpcyjb66_tta_hybrid/predicted_lesions/thr0p1_mincc5/scan_0032_pred_lesion.nii.gz
scan_0032,probability_average,none,0.1,10,nan,0.1,0,1,1,0.0,0,nan,-1,nan,-1,nan,-1,-1,nan,-1,/data/data/DA25S005/miccai_tbi/MultiTalentV2_finetuning/checkpoints/validation2025_100/ensemble_2_models_e5ohnz5w_tta_ddp_kpcyjb66_tta_hybrid/predicted_lesions/thr0p1_mincc10/scan_0032_pred_lesion.nii.gz
scan_0032,probability_average,none,0.1,20,nan,0.1,0,1,1,0.0,0,nan,-1,nan,-1,nan,-1,-1,nan,-1,/data/data/DA25S005/miccai_tbi/MultiTalentV2_finetuning/checkpoints/validation2025_100/ensemble_2_models_e5ohnz5w_tta_ddp_kpcyjb66_tta_hybrid/predicted_lesions/thr0p1_mincc20/scan_0032_pred_lesion.nii.gz
scan_0032,probability_average,none,0.1,40,nan,0.1,0,1,1,0.0,0,nan,-1,nan,-1,nan,-1,-1,nan,-1,/data/data/DA25S005/miccai_tbi/MultiTalentV2_finetuning/checkpoints/validation2025_100/ensemble_2_models_e5ohnz5w_tta_ddp_kpcyjb66_tta_hybrid/predicted_lesions/thr0p1_mincc40/scan_0032_pred_lesion.nii.gz
scan_0032,probability_average,none,0.2,0,nan,0.1,0,1,1,0.0,0,nan,-1,nan,-1,nan,-1,-1,nan,-1,/data/data/DA25S005/miccai_tbi/MultiTalentV2_finetuning/checkpoints/validation2025_100/ensemble_2_models_e5ohnz5w_tta_ddp_kpcyjb66_tta_hybrid/predicted_lesions/thr0p2_mincc0/scan_0032_pred_lesion.nii.gz
scan_0032,probability_average,none,0.2,3,nan,0.1,0,1,1,0.0,0,nan,-1,nan,-1,nan,-1,-1,nan,-1,/data/data/DA25S005/miccai_tbi/MultiTalentV2_finetuning/checkpoints/validation2025_100/ensemble_2_models_e5ohnz5w_tta_ddp_kpcyjb66_tta_hybrid/predicted_lesions/thr0p2_mincc3/scan_0032_pred_lesion.nii.gz
scan_0032,probability_average,none,0.2,5,nan,0.1,0,1,1,0.0,0,nan,-1,nan,-1,nan,-1,-1,nan,-1,/data/data/DA25S005/miccai_tbi/MultiTalentV2_finetuning/checkpoints/validation2025_100/ensemble_2_models_e5ohnz5w_tta_ddp_kpcyjb66_tta_hybrid/predicted_lesions/thr0p2_mincc5/scan_0032_pred_lesion.nii.gz
scan_0032,probability_average,none,0.2,10,nan,0.1,0,1,1,0.0,0,nan,-1,nan,-1,nan,-1,-1,nan,-1,/data/data/DA25S005/miccai_tbi/MultiTalentV2_finetuning/checkpoints/validation2025_100/ensemble_2_models_e5ohnz5w_tta_ddp_kpcyjb66_tta_hybrid/predicted_lesions/thr0p2_mincc10/scan_0032_pred_lesion.nii.gz
scan_0032,probability_average,none,0.2,20,nan,0.1,0,1,1,0.0,0,nan,-1,nan,-1,nan,-1,-1,nan,-1,/data/data/DA25S005/miccai_tbi/MultiTalentV2_finetuning/checkpoints/validation2025_100/ensemble_2_models_e5ohnz5w_tta_ddp_kpcyjb66_tta_hybrid/predicted_lesions/thr0p2_mincc20/scan_0032_pred_lesion.nii.gz
scan_0032,probability_average,none,0.2,40,nan,0.1,0,1,1,0.0,0,nan,-1,nan,-1,nan,-1,-1,nan,-1,/data/data/DA25S005/miccai_tbi/MultiTalentV2_finetuning/checkpoints/validation2025_100/ensemble_2_models_e5ohnz5w_tta_ddp_kpcyjb66_tta_hybrid/predicted_lesions/thr0p2_mincc40/scan_0032_pred_lesion.nii.gz
scan_0032,probability_average,none,0.3,0,nan,0.1,0,1,1,0.0,0,nan,-1,nan,-1,nan,-1,-1,nan,-1,/data/data/DA25S005/miccai_tbi/MultiTalentV2_finetuning/checkpoints/validation2025_100/ensemble_2_models_e5ohnz5w_tta_ddp_kpcyjb66_tta_hybrid/predicted_lesions/thr0p3_mincc0/scan_0032_pred_lesion.nii.gz
scan_0032,probability_average,none,0.3,3,nan,0.1,0,1,1,0.0,0,nan,-1,nan,-1,nan,-1,-1,nan,-1,/data/data/DA25S005/miccai_tbi/MultiTalentV2_finetuning/checkpoints/validation2025_100/ensemble_2_models_e5ohnz5w_tta_ddp_kpcyjb66_tta_hybrid/predicted_lesions/thr0p3_mincc3/scan_0032_pred_lesion.nii.gz
scan_0032,probability_average,none,0.3,5,nan,0.1,0,1,1,0.0,0,nan,-1,nan,-1,nan,-1,-1,nan,-1,/data/data/DA25S005/miccai_tbi/MultiTalentV2_finetuning/checkpoints/validation2025_100/ensemble_2_models_e5ohnz5w_tta_ddp_kpcyjb66_tta_hybrid/predicted_lesions/thr0p3_mincc5/scan_0032_pred_lesion.nii.gz
scan_0032,probability_average,none,0.3,10,nan,0.1,0,1,1,0.0,0,nan,-1,nan,-1,nan,-1,-1,nan,-1,/data/data/DA25S005/miccai_tbi/MultiTalentV2_finetuning/checkpoints/validation2025_100/ensemble_2_models_e5ohnz5w_tta_ddp_kpcyjb66_tta_hybrid/predicted_lesions/thr0p3_mincc10/scan_0032_pred_lesion.nii.gz
scan_0032,probability_average,none,0.3,20,nan,0.1,0,1,1,0.0,0,nan,-1,nan,-1,nan,-1,-1,nan,-1,/data/data/DA25S005/miccai_tbi/MultiTalentV2_finetuning/checkpoints/validation2025_100/ensemble_2_models_e5ohnz5w_tta_ddp_kpcyjb66_tta_hybrid/predicted_lesions/thr0p3_mincc20/scan_0032_pred_lesion.nii.gz
scan_0032,probability_average,none,0.3,40,nan,0.1,0,1,1,0.0,0,nan,-1,nan,-1,nan,-1,-1,nan,-1,/data/data/DA25S005/miccai_tbi/MultiTalentV2_finetuning/checkpoints/validation2025_100/ensemble_2_models_e5ohnz5w_tta_ddp_kpcyjb66_tta_hybrid/predicted_lesions/thr0p3_mincc40/scan_0032_pred_lesion.nii.gz
scan_0032,probability_average,none,0.4,0,nan,0.1,0,1,1,0.0,0,nan,-1,nan,-1,nan,-1,-1,nan,-1,/data/data/DA25S005/miccai_tbi/MultiTalentV2_finetuning/checkpoints/validation2025_100/ensemble_2_models_e5ohnz5w_tta_ddp_kpcyjb66_tta_hybrid/predicted_lesions/thr0p4_mincc0/scan_0032_pred_lesion.nii.gz
scan_0032,probability_average,none,0.4,3,nan,0.1,0,1,1,0.0,0,nan,-1,nan,-1,nan,-1,-1,nan,-1,/data/data/DA25S005/miccai_tbi/MultiTalentV2_finetuning/checkpoints/validation2025_100/ensemble_2_models_e5ohnz5w_tta_ddp_kpcyjb66_tta_hybrid/predicted_lesions/thr0p4_mincc3/scan_0032_pred_lesion.nii.gz
scan_0032,probability_average,none,0.4,5,nan,0.1,0,1,1,0.0,0,nan,-1,nan,-1,nan,-1,-1,nan,-1,/data/data/DA25S005/miccai_tbi/MultiTalentV2_finetuning/checkpoints/validation2025_100/ensemble_2_models_e5ohnz5w_tta_ddp_kpcyjb66_tta_hybrid/predicted_lesions/thr0p4_mincc5/scan_0032_pred_lesion.nii.gz
scan_0032,probability_average,none,0.4,10,nan,0.1,0,1,1,0.0,0,nan,-1,nan,-1,nan,-1,-1,nan,-1,/data/data/DA25S005/miccai_tbi/MultiTalentV2_finetuning/checkpoints/validation2025_100/ensemble_2_models_e5ohnz5w_tta_ddp_kpcyjb66_tta_hybrid/predicted_lesions/thr0p4_mincc10/scan_0032_pred_lesion.nii.gz
scan_0032,probability_average,none,0.4,20,nan,0.1,0,1,1,0.0,0,nan,-1,nan,-1,nan,-1,-1,nan,-1,/data/data/DA25S005/miccai_tbi/MultiTalentV2_finetuning/checkpoints/validation2025_100/ensemble_2_models_e5ohnz5w_tta_ddp_kpcyjb66_tta_hybrid/predicted_lesions/thr0p4_mincc20/scan_0032_pred_lesion.nii.gz
scan_0032,probability_average,none,0.4,40,nan,0.1,0,1,1,0.0,0,nan,-1,nan,-1,nan,-1,-1,nan,-1,/data/data/DA25S005/miccai_tbi/MultiTalentV2_finetuning/checkpoints/validation2025_100/ensemble_2_models_e5ohnz5w_tta_ddp_kpcyjb66_tta_hybrid/predicted_lesions/thr0p4_mincc40/scan_0032_pred_lesion.nii.gz
scan_0032,probability_average,none,0.5,0,nan,0.1,0,1,1,0.0,0,nan,-1,nan,-1,nan,-1,-1,nan,-1,/data/data/DA25S005/miccai_tbi/MultiTalentV2_finetuning/checkpoints/validation2025_100/ensemble_2_models_e5ohnz5w_tta_ddp_kpcyjb66_tta_hybrid/predicted_lesions/thr0p5_mincc0/scan_0032_pred_lesion.nii.gz
scan_0032,probability_average,none,0.5,3,nan,0.1,0,1,1,0.0,0,nan,-1,nan,-1,nan,-1,-1,nan,-1,/data/data/DA25S005/miccai_tbi/MultiTalentV2_finetuning/checkpoints/validation2025_100/ensemble_2_models_e5ohnz5w_tta_ddp_kpcyjb66_tta_hybrid/predicted_lesions/thr0p5_mincc3/scan_0032_pred_lesion.nii.gz
scan_0032,probability_average,none,0.5,5,nan,0.1,0,1,1,0.0,0,nan,-1,nan,-1,nan,-1,-1,nan,-1,/data/data/DA25S005/miccai_tbi/MultiTalentV2_finetuning/checkpoints/validation2025_100/ensemble_2_models_e5ohnz5w_tta_ddp_kpcyjb66_tta_hybrid/predicted_lesions/thr0p5_mincc5/scan_0032_pred_lesion.nii.gz
scan_0032,probability_average,none,0.5,10,nan,0.1,0,1,1,0.0,0,nan,-1,nan,-1,nan,-1,-1,nan,-1,/data/data/DA25S005/miccai_tbi/MultiTalentV2_finetuning/checkpoints/validation2025_100/ensemble_2_models_e5ohnz5w_tta_ddp_kpcyjb66_tta_hybrid/predicted_lesions/thr0p5_mincc10/scan_0032_pred_lesion.nii.gz
scan_0032,probability_average,none,0.5,20,nan,0.1,0,1,1,0.0,0,nan,-1,nan,-1,nan,-1,-1,nan,-1,/data/data/DA25S005/miccai_tbi/MultiTalentV2_finetuning/checkpoints/validation2025_100/ensemble_2_models_e5ohnz5w_tta_ddp_kpcyjb66_tta_hybrid/predicted_lesions/thr0p5_mincc20/scan_0032_pred_lesion.nii.gz
scan_0032,probability_average,none,0.5,40,nan,0.1,0,1,1,0.0,0,nan,-1,nan,-1,nan,-1,-1,nan,-1,/data/data/DA25S005/miccai_tbi/MultiTalentV2_finetuning/checkpoints/validation2025_100/ensemble_2_models_e5ohnz5w_tta_ddp_kpcyjb66_tta_hybrid/predicted_lesions/thr0p5_mincc40/scan_0032_pred_lesion.nii.gz
scan_0035,probability_average,none,0.1,0,nan,0.1,0,1,1,0.0,0,nan,-1,nan,-1,nan,-1,-1,nan,-1,/data/data/DA25S005/miccai_tbi/MultiTalentV2_finetuning/checkpoints/validation2025_100/ensemble_2_models_e5ohnz5w_tta_ddp_kpcyjb66_tta_hybrid/predicted_lesions/thr0p1_mincc0/scan_0035_pred_lesion.nii.gz
scan_0035,probability_average,none,0.1,3,nan,0.1,0,1,1,0.0,0,nan,-1,nan,-1,nan,-1,-1,nan,-1,/data/data/DA25S005/miccai_tbi/MultiTalentV2_finetuning/checkpoints/validation2025_100/ensemble_2_models_e5ohnz5w_tta_ddp_kpcyjb66_tta_hybrid/predicted_lesions/thr0p1_mincc3/scan_0035_pred_lesion.nii.gz
scan_0035,probability_average,none,0.1,5,nan,0.1,0,1,1,0.0,0,nan,-1,nan,-1,nan,-1,-1,nan,-1,/data/data/DA25S005/miccai_tbi/MultiTalentV2_finetuning/checkpoints/validation2025_100/ensemble_2_models_e5ohnz5w_tta_ddp_kpcyjb66_tta_hybrid/predicted_lesions/thr0p1_mincc5/scan_0035_pred_lesion.nii.gz
scan_0035,probability_average,none,0.1,10,nan,0.1,0,1,1,0.0,0,nan,-1,nan,-1,nan,-1,-1,nan,-1,/data/data/DA25S005/miccai_tbi/MultiTalentV2_finetuning/checkpoints/validation2025_100/ensemble_2_models_e5ohnz5w_tta_ddp_kpcyjb66_tta_hybrid/predicted_lesions/thr0p1_mincc10/scan_0035_pred_lesion.nii.gz
scan_0035,probability_average,none,0.1,20,nan,0.1,0,1,1,0.0,0,nan,-1,nan,-1,nan,-1,-1,nan,-1,/data/data/DA25S005/miccai_tbi/MultiTalentV2_finetuning/checkpoints/validation2025_100/ensemble_2_models_e5ohnz5w_tta_ddp_kpcyjb66_tta_hybrid/predicted_lesions/thr0p1_mincc20/scan_0035_pred_lesion.nii.gz
scan_0035,probability_average,none,0.1,40,nan,0.1,0,1,1,0.0,0,nan,-1,nan,-1,nan,-1,-1,nan,-1,/data/data/DA25S005/miccai_tbi/MultiTalentV2_finetuning/checkpoints/validation2025_100/ensemble_2_models_e5ohnz5w_tta_ddp_kpcyjb66_tta_hybrid/predicted_lesions/thr0p1_mincc40/scan_0035_pred_lesion.nii.gz
scan_0035,probability_average,none,0.2,0,nan,0.1,0,1,1,0.0,0,nan,-1,nan,-1,nan,-1,-1,nan,-1,/data/data/DA25S005/miccai_tbi/MultiTalentV2_finetuning/checkpoints/validation2025_100/ensemble_2_models_e5ohnz5w_tta_ddp_kpcyjb66_tta_hybrid/predicted_lesions/thr0p2_mincc0/scan_0035_pred_lesion.nii.gz
scan_0035,probability_average,none,0.2,3,nan,0.1,0,1,1,0.0,0,nan,-1,nan,-1,nan,-1,-1,nan,-1,/data/data/DA25S005/miccai_tbi/MultiTalentV2_finetuning/checkpoints/validation2025_100/ensemble_2_models_e5ohnz5w_tta_ddp_kpcyjb66_tta_hybrid/predicted_lesions/thr0p2_mincc3/scan_0035_pred_lesion.nii.gz
scan_0035,probability_average,none,0.2,5,nan,0.1,0,1,1,0.0,0,nan,-1,nan,-1,nan,-1,-1,nan,-1,/data/data/DA25S005/miccai_tbi/MultiTalentV2_finetuning/checkpoints/validation2025_100/ensemble_2_models_e5ohnz5w_tta_ddp_kpcyjb66_tta_hybrid/predicted_lesions/thr0p2_mincc5/scan_0035_pred_lesion.nii.gz
scan_0035,probability_average,none,0.2,10,nan,0.1,0,1,1,0.0,0,nan,-1,nan,-1,nan,-1,-1,nan,-1,/data/data/DA25S005/miccai_tbi/MultiTalentV2_finetuning/checkpoints/validation2025_100/ensemble_2_models_e5ohnz5w_tta_ddp_kpcyjb66_tta_hybrid/predicted_lesions/thr0p2_mincc10/scan_0035_pred_lesion.nii.gz
scan_0035,probability_average,none,0.2,20,nan,0.1,0,1,1,0.0,0,nan,-1,nan,-1,nan,-1,-1,nan,-1,/data/data/DA25S005/miccai_tbi/MultiTalentV2_finetuning/checkpoints/validation2025_100/ensemble_2_models_e5ohnz5w_tta_ddp_kpcyjb66_tta_hybrid/predicted_lesions/thr0p2_mincc20/scan_0035_pred_lesion.nii.gz
scan_0035,probability_average,none,0.2,40,nan,0.1,0,1,1,0.0,0,nan,-1,nan,-1,nan,-1,-1,nan,-1,/data/data/DA25S005/miccai_tbi/MultiTalentV2_finetuning/checkpoints/validation2025_100/ensemble_2_models_e5ohnz5w_tta_ddp_kpcyjb66_tta_hybrid/predicted_lesions/thr0p2_mincc40/scan_0035_pred_lesion.nii.gz
scan_0035,probability_average,none,0.3,0,nan,0.1,0,1,1,0.0,0,nan,-1,nan,-1,nan,-1,-1,nan,-1,/data/data/DA25S005/miccai_tbi/MultiTalentV2_finetuning/checkpoints/validation2025_100/ensemble_2_models_e5ohnz5w_tta_ddp_kpcyjb66_tta_hybrid/predicted_lesions/thr0p3_mincc0/scan_0035_pred_lesion.nii.gz
scan_0035,probability_average,none,0.3,3,nan,0.1,0,1,1,0.0,0,nan,-1,nan,-1,nan,-1,-1,nan,-1,/data/data/DA25S005/miccai_tbi/MultiTalentV2_finetuning/checkpoints/validation2025_100/ensemble_2_models_e5ohnz5w_tta_ddp_kpcyjb66_tta_hybrid/predicted_lesions/thr0p3_mincc3/scan_0035_pred_lesion.nii.gz
scan_0035,probability_average,none,0.3,5,nan,0.1,0,1,1,0.0,0,nan,-1,nan,-1,nan,-1,-1,nan,-1,/data/data/DA25S005/miccai_tbi/MultiTalentV2_finetuning/checkpoints/validation2025_100/ensemble_2_models_e5ohnz5w_tta_ddp_kpcyjb66_tta_hybrid/predicted_lesions/thr0p3_mincc5/scan_0035_pred_lesion.nii.gz
scan_0035,probability_average,none,0.3,10,nan,0.1,0,1,1,0.0,0,nan,-1,nan,-1,nan,-1,-1,nan,-1,/data/data/DA25S005/miccai_tbi/MultiTalentV2_finetuning/checkpoints/validation2025_100/ensemble_2_models_e5ohnz5w_tta_ddp_kpcyjb66_tta_hybrid/predicted_lesions/thr0p3_mincc10/scan_0035_pred_lesion.nii.gz
scan_0035,probability_average,none,0.3,20,nan,0.1,0,1,1,0.0,0,nan,-1,nan,-1,nan,-1,-1,nan,-1,/data/data/DA25S005/miccai_tbi/MultiTalentV2_finetuning/checkpoints/validation2025_100/ensemble_2_models_e5ohnz5w_tta_ddp_kpcyjb66_tta_hybrid/predicted_lesions/thr0p3_mincc20/scan_0035_pred_lesion.nii.gz
scan_0035,probability_average,none,0.3,40,nan,0.1,0,1,1,0.0,0,nan,-1,nan,-1,nan,-1,-1,nan,-1,/data/data/DA25S005/miccai_tbi/MultiTalentV2_finetuning/checkpoints/validation2025_100/ensemble_2_models_e5ohnz5w_tta_ddp_kpcyjb66_tta_hybrid/predicted_lesions/thr0p3_mincc40/scan_0035_pred_lesion.nii.gz
scan_0035,probability_average,none,0.4,0,nan,0.1,0,1,1,0.0,0,nan,-1,nan,-1,nan,-1,-1,nan,-1,/data/data/DA25S005/miccai_tbi/MultiTalentV2_finetuning/checkpoints/validation2025_100/ensemble_2_models_e5ohnz5w_tta_ddp_kpcyjb66_tta_hybrid/predicted_lesions/thr0p4_mincc0/scan_0035_pred_lesion.nii.gz
scan_0035,probability_average,none,0.4,3,nan,0.1,0,1,1,0.0,0,nan,-1,nan,-1,nan,-1,-1,nan,-1,/data/data/DA25S005/miccai_tbi/MultiTalentV2_finetuning/checkpoints/validation2025_100/ensemble_2_models_e5ohnz5w_tta_ddp_kpcyjb66_tta_hybrid/predicted_lesions/thr0p4_mincc3/scan_0035_pred_lesion.nii.gz
scan_0035,probability_average,none,0.4,5,nan,0.1,0,1,1,0.0,0,nan,-1,nan,-1,nan,-1,-1,nan,-1,/data/data/DA25S005/miccai_tbi/MultiTalentV2_finetuning/checkpoints/validation2025_100/ensemble_2_models_e5ohnz5w_tta_ddp_kpcyjb66_tta_hybrid/predicted_lesions/thr0p4_mincc5/scan_0035_pred_lesion.nii.gz
scan_0035,probability_average,none,0.4,10,nan,0.1,0,1,1,0.0,0,nan,-1,nan,-1,nan,-1,-1,nan,-1,/data/data/DA25S005/miccai_tbi/MultiTalentV2_finetuning/checkpoints/validation2025_100/ensemble_2_models_e5ohnz5w_tta_ddp_kpcyjb66_tta_hybrid/predicted_lesions/thr0p4_mincc10/scan_0035_pred_lesion.nii.gz
scan_0035,probability_average,none,0.4,20,nan,0.1,0,1,1,0.0,0,nan,-1,nan,-1,nan,-1,-1,nan,-1,/data/data/DA25S005/miccai_tbi/MultiTalentV2_finetuning/checkpoints/validation2025_100/ensemble_2_models_e5ohnz5w_tta_ddp_kpcyjb66_tta_hybrid/predicted_lesions/thr0p4_mincc20/scan_0035_pred_lesion.nii.gz
scan_0035,probability_average,none,0.4,40,nan,0.1,0,1,1,0.0,0,nan,-1,nan,-1,nan,-1,-1,nan,-1,/data/data/DA25S005/miccai_tbi/MultiTalentV2_finetuning/checkpoints/validation2025_100/ensemble_2_models_e5ohnz5w_tta_ddp_kpcyjb66_tta_hybrid/predicted_lesions/thr0p4_mincc40/scan_0035_pred_lesion.nii.gz
scan_0035,probability_average,none,0.5,0,nan,0.1,0,1,1,0.0,0,nan,-1,nan,-1,nan,-1,-1,nan,-1,/data/data/DA25S005/miccai_tbi/MultiTalentV2_finetuning/checkpoints/validation2025_100/ensemble_2_models_e5ohnz5w_tta_ddp_kpcyjb66_tta_hybrid/predicted_lesions/thr0p5_mincc0/scan_0035_pred_lesion.nii.gz
scan_0035,probability_average,none,0.5,3,nan,0.1,0,1,1,0.0,0,nan,-1,nan,-1,nan,-1,-1,nan,-1,/data/data/DA25S005/miccai_tbi/MultiTalentV2_finetuning/checkpoints/validation2025_100/ensemble_2_models_e5ohnz5w_tta_ddp_kpcyjb66_tta_hybrid/predicted_lesions/thr0p5_mincc3/scan_0035_pred_lesion.nii.gz
scan_0035,probability_average,none,0.5,5,nan,0.1,0,1,1,0.0,0,nan,-1,nan,-1,nan,-1,-1,nan,-1,/data/data/DA25S005/miccai_tbi/MultiTalentV2_finetuning/checkpoints/validation2025_100/ensemble_2_models_e5ohnz5w_tta_ddp_kpcyjb66_tta_hybrid/predicted_lesions/thr0p5_mincc5/scan_0035_pred_lesion.nii.gz
scan_0035,probability_average,none,0.5,10,nan,0.1,0,1,1,0.0,0,nan,-1,nan,-1,nan,-1,-1,nan,-1,/data/data/DA25S005/miccai_tbi/MultiTalentV2_finetuning/checkpoints/validation2025_100/ensemble_2_models_e5ohnz5w_tta_ddp_kpcyjb66_tta_hybrid/predicted_lesions/thr0p5_mincc10/scan_0035_pred_lesion.nii.gz
scan_0035,probability_average,none,0.5,20,nan,0.1,0,1,1,0.0,0,nan,-1,nan,-1,nan,-1,-1,nan,-1,/data/data/DA25S005/miccai_tbi/MultiTalentV2_finetuning/checkpoints/validation2025_100/ensemble_2_models_e5ohnz5w_tta_ddp_kpcyjb66_tta_hybrid/predicted_lesions/thr0p5_mincc20/scan_0035_pred_lesion.nii.gz
scan_0035,probability_average,none,0.5,40,nan,0.1,0,1,1,0.0,0,nan,-1,nan,-1,nan,-1,-1,nan,-1,/data/data/DA25S005/miccai_tbi/MultiTalentV2_finetuning/checkpoints/validation2025_100/ensemble_2_models_e5ohnz5w_tta_ddp_kpcyjb66_tta_hybrid/predicted_lesions/thr0p5_mincc40/scan_0035_pred_lesion.nii.gz
scan_0037,probability_average,none,0.1,0,nan,0.1,0,1,1,0.0,0,nan,-1,nan,-1,nan,-1,-1,nan,-1,/data/data/DA25S005/miccai_tbi/MultiTalentV2_finetuning/checkpoints/validation2025_100/ensemble_2_models_e5ohnz5w_tta_ddp_kpcyjb66_tta_hybrid/predicted_lesions/thr0p1_mincc0/scan_0037_pred_lesion.nii.gz
scan_0037,probability_average,none,0.1,3,nan,0.1,0,1,1,0.0,0,nan,-1,nan,-1,nan,-1,-1,nan,-1,/data/data/DA25S005/miccai_tbi/MultiTalentV2_finetuning/checkpoints/validation2025_100/ensemble_2_models_e5ohnz5w_tta_ddp_kpcyjb66_tta_hybrid/predicted_lesions/thr0p1_mincc3/scan_0037_pred_lesion.nii.gz
scan_0037,probability_average,none,0.1,5,nan,0.1,0,1,1,0.0,0,nan,-1,nan,-1,nan,-1,-1,nan,-1,/data/data/DA25S005/miccai_tbi/MultiTalentV2_finetuning/checkpoints/validation2025_100/ensemble_2_models_e5ohnz5w_tta_ddp_kpcyjb66_tta_hybrid/predicted_lesions/thr0p1_mincc5/scan_0037_pred_lesion.nii.gz
scan_0037,probability_average,none,0.1,10,nan,0.1,0,1,1,0.0,0,nan,-1,nan,-1,nan,-1,-1,nan,-1,/data/data/DA25S005/miccai_tbi/MultiTalentV2_finetuning/checkpoints/validation2025_100/ensemble_2_models_e5ohnz5w_tta_ddp_kpcyjb66_tta_hybrid/predicted_lesions/thr0p1_mincc10/scan_0037_pred_lesion.nii.gz
scan_0037,probability_average,none,0.1,20,nan,0.1,0,1,1,0.0,0,nan,-1,nan,-1,nan,-1,-1,nan,-1,/data/data/DA25S005/miccai_tbi/MultiTalentV2_finetuning/checkpoints/validation2025_100/ensemble_2_models_e5ohnz5w_tta_ddp_kpcyjb66_tta_hybrid/predicted_lesions/thr0p1_mincc20/scan_0037_pred_lesion.nii.gz
scan_0037,probability_average,none,0.1,40,nan,0.1,0,1,1,0.0,0,nan,-1,nan,-1,nan,-1,-1,nan,-1,/data/data/DA25S005/miccai_tbi/MultiTalentV2_finetuning/checkpoints/validation2025_100/ensemble_2_models_e5ohnz5w_tta_ddp_kpcyjb66_tta_hybrid/predicted_lesions/thr0p1_mincc40/scan_0037_pred_lesion.nii.gz
scan_0037,probability_average,none,0.2,0,nan,0.1,0,1,1,0.0,0,nan,-1,nan,-1,nan,-1,-1,nan,-1,/data/data/DA25S005/miccai_tbi/MultiTalentV2_finetuning/checkpoints/validation2025_100/ensemble_2_models_e5ohnz5w_tta_ddp_kpcyjb66_tta_hybrid/predicted_lesions/thr0p2_mincc0/scan_0037_pred_lesion.nii.gz
scan_0037,probability_average,none,0.2,3,nan,0.1,0,1,1,0.0,0,nan,-1,nan,-1,nan,-1,-1,nan,-1,/data/data/DA25S005/miccai_tbi/MultiTalentV2_finetuning/checkpoints/validation2025_100/ensemble_2_models_e5ohnz5w_tta_ddp_kpcyjb66_tta_hybrid/predicted_lesions/thr0p2_mincc3/scan_0037_pred_lesion.nii.gz
scan_0037,probability_average,none,0.2,5,nan,0.1,0,1,1,0.0,0,nan,-1,nan,-1,nan,-1,-1,nan,-1,/data/data/DA25S005/miccai_tbi/MultiTalentV2_finetuning/checkpoints/validation2025_100/ensemble_2_models_e5ohnz5w_tta_ddp_kpcyjb66_tta_hybrid/predicted_lesions/thr0p2_mincc5/scan_0037_pred_lesion.nii.gz
scan_0037,probability_average,none,0.2,10,nan,0.1,0,1,1,0.0,0,nan,-1,nan,-1,nan,-1,-1,nan,-1,/data/data/DA25S005/miccai_tbi/MultiTalentV2_finetuning/checkpoints/validation2025_100/ensemble_2_models_e5ohnz5w_tta_ddp_kpcyjb66_tta_hybrid/predicted_lesions/thr0p2_mincc10/scan_0037_pred_lesion.nii.gz
scan_0037,probability_average,none,0.2,20,nan,0.1,0,1,1,0.0,0,nan,-1,nan,-1,nan,-1,-1,nan,-1,/data/data/DA25S005/miccai_tbi/MultiTalentV2_finetuning/checkpoints/validation2025_100/ensemble_2_models_e5ohnz5w_tta_ddp_kpcyjb66_tta_hybrid/predicted_lesions/thr0p2_mincc20/scan_0037_pred_lesion.nii.gz
scan_0037,probability_average,none,0.2,40,nan,0.1,0,1,1,0.0,0,nan,-1,nan,-1,nan,-1,-1,nan,-1,/data/data/DA25S005/miccai_tbi/MultiTalentV2_finetuning/checkpoints/validation2025_100/ensemble_2_models_e5ohnz5w_tta_ddp_kpcyjb66_tta_hybrid/predicted_lesions/thr0p2_mincc40/scan_0037_pred_lesion.nii.gz
scan_0037,probability_average,none,0.3,0,nan,0.1,0,1,1,0.0,0,nan,-1,nan,-1,nan,-1,-1,nan,-1,/data/data/DA25S005/miccai_tbi/MultiTalentV2_finetuning/checkpoints/validation2025_100/ensemble_2_models_e5ohnz5w_tta_ddp_kpcyjb66_tta_hybrid/predicted_lesions/thr0p3_mincc0/scan_0037_pred_lesion.nii.gz
scan_0037,probability_average,none,0.3,3,nan,0.1,0,1,1,0.0,0,nan,-1,nan,-1,nan,-1,-1,nan,-1,/data/data/DA25S005/miccai_tbi/MultiTalentV2_finetuning/checkpoints/validation2025_100/ensemble_2_models_e5ohnz5w_tta_ddp_kpcyjb66_tta_hybrid/predicted_lesions/thr0p3_mincc3/scan_0037_pred_lesion.nii.gz
scan_0037,probability_average,none,0.3,5,nan,0.1,0,1,1,0.0,0,nan,-1,nan,-1,nan,-1,-1,nan,-1,/data/data/DA25S005/miccai_tbi/MultiTalentV2_finetuning/checkpoints/validation2025_100/ensemble_2_models_e5ohnz5w_tta_ddp_kpcyjb66_tta_hybrid/predicted_lesions/thr0p3_mincc5/scan_0037_pred_lesion.nii.gz
scan_0037,probability_average,none,0.3,10,nan,0.1,0,1,1,0.0,0,nan,-1,nan,-1,nan,-1,-1,nan,-1,/data/data/DA25S005/miccai_tbi/MultiTalentV2_finetuning/checkpoints/validation2025_100/ensemble_2_models_e5ohnz5w_tta_ddp_kpcyjb66_tta_hybrid/predicted_lesions/thr0p3_mincc10/scan_0037_pred_lesion.nii.gz
scan_0037,probability_average,none,0.3,20,nan,0.1,0,1,1,0.0,0,nan,-1,nan,-1,nan,-1,-1,nan,-1,/data/data/DA25S005/miccai_tbi/MultiTalentV2_finetuning/checkpoints/validation2025_100/ensemble_2_models_e5ohnz5w_tta_ddp_kpcyjb66_tta_hybrid/predicted_lesions/thr0p3_mincc20/scan_0037_pred_lesion.nii.gz
scan_0037,probability_average,none,0.3,40,nan,0.1,0,1,1,0.0,0,nan,-1,nan,-1,nan,-1,-1,nan,-1,/data/data/DA25S005/miccai_tbi/MultiTalentV2_finetuning/checkpoints/validation2025_100/ensemble_2_models_e5ohnz5w_tta_ddp_kpcyjb66_tta_hybrid/predicted_lesions/thr0p3_mincc40/scan_0037_pred_lesion.nii.gz
scan_0037,probability_average,none,0.4,0,nan,0.1,0,1,1,0.0,0,nan,-1,nan,-1,nan,-1,-1,nan,-1,/data/data/DA25S005/miccai_tbi/MultiTalentV2_finetuning/checkpoints/validation2025_100/ensemble_2_models_e5ohnz5w_tta_ddp_kpcyjb66_tta_hybrid/predicted_lesions/thr0p4_mincc0/scan_0037_pred_lesion.nii.gz
scan_0037,probability_average,none,0.4,3,nan,0.1,0,1,1,0.0,0,nan,-1,nan,-1,nan,-1,-1,nan,-1,/data/data/DA25S005/miccai_tbi/MultiTalentV2_finetuning/checkpoints/validation2025_100/ensemble_2_models_e5ohnz5w_tta_ddp_kpcyjb66_tta_hybrid/predicted_lesions/thr0p4_mincc3/scan_0037_pred_lesion.nii.gz
scan_0037,probability_average,none,0.4,5,nan,0.1,0,1,1,0.0,0,nan,-1,nan,-1,nan,-1,-1,nan,-1,/data/data/DA25S005/miccai_tbi/MultiTalentV2_finetuning/checkpoints/validation2025_100/ensemble_2_models_e5ohnz5w_tta_ddp_kpcyjb66_tta_hybrid/predicted_lesions/thr0p4_mincc5/scan_0037_pred_lesion.nii.gz
scan_0037,probability_average,none,0.4,10,nan,0.1,0,1,1,0.0,0,nan,-1,nan,-1,nan,-1,-1,nan,-1,/data/data/DA25S005/miccai_tbi/MultiTalentV2_finetuning/checkpoints/validation2025_100/ensemble_2_models_e5ohnz5w_tta_ddp_kpcyjb66_tta_hybrid/predicted_lesions/thr0p4_mincc10/scan_0037_pred_lesion.nii.gz
scan_0037,probability_average,none,0.4,20,nan,0.1,0,1,1,0.0,0,nan,-1,nan,-1,nan,-1,-1,nan,-1,/data/data/DA25S005/miccai_tbi/MultiTalentV2_finetuning/checkpoints/validation2025_100/ensemble_2_models_e5ohnz5w_tta_ddp_kpcyjb66_tta_hybrid/predicted_lesions/thr0p4_mincc20/scan_0037_pred_lesion.nii.gz
scan_0037,probability_average,none,0.4,40,nan,0.1,0,1,1,0.0,0,nan,-1,nan,-1,nan,-1,-1,nan,-1,/data/data/DA25S005/miccai_tbi/MultiTalentV2_finetuning/checkpoints/validation2025_100/ensemble_2_models_e5ohnz5w_tta_ddp_kpcyjb66_tta_hybrid/predicted_lesions/thr0p4_mincc40/scan_0037_pred_lesion.nii.gz
scan_0037,probability_average,none,0.5,0,nan,0.1,0,1,1,0.0,0,nan,-1,nan,-1,nan,-1,-1,nan,-1,/data/data/DA25S005/miccai_tbi/MultiTalentV2_finetuning/checkpoints/validation2025_100/ensemble_2_models_e5ohnz5w_tta_ddp_kpcyjb66_tta_hybrid/predicted_lesions/thr0p5_mincc0/scan_0037_pred_lesion.nii.gz
scan_0037,probability_average,none,0.5,3,nan,0.1,0,1,1,0.0,0,nan,-1,nan,-1,nan,-1,-1,nan,-1,/data/data/DA25S005/miccai_tbi/MultiTalentV2_finetuning/checkpoints/validation2025_100/ensemble_2_models_e5ohnz5w_tta_ddp_kpcyjb66_tta_hybrid/predicted_lesions/thr0p5_mincc3/scan_0037_pred_lesion.nii.gz
scan_0037,probability_average,none,0.5,5,nan,0.1,0,1,1,0.0,0,nan,-1,nan,-1,nan,-1,-1,nan,-1,/data/data/DA25S005/miccai_tbi/MultiTalentV2_finetuning/checkpoints/validation2025_100/ensemble_2_models_e5ohnz5w_tta_ddp_kpcyjb66_tta_hybrid/predicted_lesions/thr0p5_mincc5/scan_0037_pred_lesion.nii.gz
scan_0037,probability_average,none,0.5,10,nan,0.1,0,1,1,0.0,0,nan,-1,nan,-1,nan,-1,-1,nan,-1,/data/data/DA25S005/miccai_tbi/MultiTalentV2_finetuning/checkpoints/validation2025_100/ensemble_2_models_e5ohnz5w_tta_ddp_kpcyjb66_tta_hybrid/predicted_lesions/thr0p5_mincc10/scan_0037_pred_lesion.nii.gz
scan_0037,probability_average,none,0.5,20,nan,0.1,0,1,1,0.0,0,nan,-1,nan,-1,nan,-1,-1,nan,-1,/data/data/DA25S005/miccai_tbi/MultiTalentV2_finetuning/checkpoints/validation2025_100/ensemble_2_models_e5ohnz5w_tta_ddp_kpcyjb66_tta_hybrid/predicted_lesions/thr0p5_mincc20/scan_0037_pred_lesion.nii.gz
scan_0037,probability_average,none,0.5,40,nan,0.1,0,1,1,0.0,0,nan,-1,nan,-1,nan,-1,-1,nan,-1,/data/data/DA25S005/miccai_tbi/MultiTalentV2_finetuning/checkpoints/validation2025_100/ensemble_2_models_e5ohnz5w_tta_ddp_kpcyjb66_tta_hybrid/predicted_lesions/thr0p5_mincc40/scan_0037_pred_lesion.nii.gz
scan_0039,probability_average,none,0.1,0,nan,0.1,0,1,1,0.0,0,nan,-1,nan,-1,nan,-1,-1,nan,-1,/data/data/DA25S005/miccai_tbi/MultiTalentV2_finetuning/checkpoints/validation2025_100/ensemble_2_models_e5ohnz5w_tta_ddp_kpcyjb66_tta_hybrid/predicted_lesions/thr0p1_mincc0/scan_0039_pred_lesion.nii.gz
scan_0039,probability_average,none,0.1,3,nan,0.1,0,1,1,0.0,0,nan,-1,nan,-1,nan,-1,-1,nan,-1,/data/data/DA25S005/miccai_tbi/MultiTalentV2_finetuning/checkpoints/validation2025_100/ensemble_2_models_e5ohnz5w_tta_ddp_kpcyjb66_tta_hybrid/predicted_lesions/thr0p1_mincc3/scan_0039_pred_lesion.nii.gz
scan_0039,probability_average,none,0.1,5,nan,0.1,0,1,1,0.0,0,nan,-1,nan,-1,nan,-1,-1,nan,-1,/data/data/DA25S005/miccai_tbi/MultiTalentV2_finetuning/checkpoints/validation2025_100/ensemble_2_models_e5ohnz5w_tta_ddp_kpcyjb66_tta_hybrid/predicted_lesions/thr0p1_mincc5/scan_0039_pred_lesion.nii.gz
scan_0039,probability_average,none,0.1,10,nan,0.1,0,1,1,0.0,0,nan,-1,nan,-1,nan,-1,-1,nan,-1,/data/data/DA25S005/miccai_tbi/MultiTalentV2_finetuning/checkpoints/validation2025_100/ensemble_2_models_e5ohnz5w_tta_ddp_kpcyjb66_tta_hybrid/predicted_lesions/thr0p1_mincc10/scan_0039_pred_lesion.nii.gz
scan_0039,probability_average,none,0.1,20,nan,0.1,0,1,1,0.0,0,nan,-1,nan,-1,nan,-1,-1,nan,-1,/data/data/DA25S005/miccai_tbi/MultiTalentV2_finetuning/checkpoints/validation2025_100/ensemble_2_models_e5ohnz5w_tta_ddp_kpcyjb66_tta_hybrid/predicted_lesions/thr0p1_mincc20/scan_0039_pred_lesion.nii.gz
scan_0039,probability_average,none,0.1,40,nan,0.1,0,1,1,0.0,0,nan,-1,nan,-1,nan,-1,-1,nan,-1,/data/data/DA25S005/miccai_tbi/MultiTalentV2_finetuning/checkpoints/validation2025_100/ensemble_2_models_e5ohnz5w_tta_ddp_kpcyjb66_tta_hybrid/predicted_lesions/thr0p1_mincc40/scan_0039_pred_lesion.nii.gz
scan_0039,probability_average,none,0.2,0,nan,0.1,0,1,1,0.0,0,nan,-1,nan,-1,nan,-1,-1,nan,-1,/data/data/DA25S005/miccai_tbi/MultiTalentV2_finetuning/checkpoints/validation2025_100/ensemble_2_models_e5ohnz5w_tta_ddp_kpcyjb66_tta_hybrid/predicted_lesions/thr0p2_mincc0/scan_0039_pred_lesion.nii.gz
scan_0039,probability_average,none,0.2,3,nan,0.1,0,1,1,0.0,0,nan,-1,nan,-1,nan,-1,-1,nan,-1,/data/data/DA25S005/miccai_tbi/MultiTalentV2_finetuning/checkpoints/validation2025_100/ensemble_2_models_e5ohnz5w_tta_ddp_kpcyjb66_tta_hybrid/predicted_lesions/thr0p2_mincc3/scan_0039_pred_lesion.nii.gz
scan_0039,probability_average,none,0.2,5,nan,0.1,0,1,1,0.0,0,nan,-1,nan,-1,nan,-1,-1,nan,-1,/data/data/DA25S005/miccai_tbi/MultiTalentV2_finetuning/checkpoints/validation2025_100/ensemble_2_models_e5ohnz5w_tta_ddp_kpcyjb66_tta_hybrid/predicted_lesions/thr0p2_mincc5/scan_0039_pred_lesion.nii.gz
scan_0039,probability_average,none,0.2,10,nan,0.1,0,1,1,0.0,0,nan,-1,nan,-1,nan,-1,-1,nan,-1,/data/data/DA25S005/miccai_tbi/MultiTalentV2_finetuning/checkpoints/validation2025_100/ensemble_2_models_e5ohnz5w_tta_ddp_kpcyjb66_tta_hybrid/predicted_lesions/thr0p2_mincc10/scan_0039_pred_lesion.nii.gz
scan_0039,probability_average,none,0.2,20,nan,0.1,0,1,1,0.0,0,nan,-1,nan,-1,nan,-1,-1,nan,-1,/data/data/DA25S005/miccai_tbi/MultiTalentV2_finetuning/checkpoints/validation2025_100/ensemble_2_models_e5ohnz5w_tta_ddp_kpcyjb66_tta_hybrid/predicted_lesions/thr0p2_mincc20/scan_0039_pred_lesion.nii.gz
scan_0039,probability_average,none,0.2,40,nan,0.1,0,1,1,0.0,0,nan,-1,nan,-1,nan,-1,-1,nan,-1,/data/data/DA25S005/miccai_tbi/MultiTalentV2_finetuning/checkpoints/validation2025_100/ensemble_2_models_e5ohnz5w_tta_ddp_kpcyjb66_tta_hybrid/predicted_lesions/thr0p2_mincc40/scan_0039_pred_lesion.nii.gz
scan_0039,probability_average,none,0.3,0,nan,0.1,0,1,1,0.0,0,nan,-1,nan,-1,nan,-1,-1,nan,-1,/data/data/DA25S005/miccai_tbi/MultiTalentV2_finetuning/checkpoints/validation2025_100/ensemble_2_models_e5ohnz5w_tta_ddp_kpcyjb66_tta_hybrid/predicted_lesions/thr0p3_mincc0/scan_0039_pred_lesion.nii.gz
scan_0039,probability_average,none,0.3,3,nan,0.1,0,1,1,0.0,0,nan,-1,nan,-1,nan,-1,-1,nan,-1,/data/data/DA25S005/miccai_tbi/MultiTalentV2_finetuning/checkpoints/validation2025_100/ensemble_2_models_e5ohnz5w_tta_ddp_kpcyjb66_tta_hybrid/predicted_lesions/thr0p3_mincc3/scan_0039_pred_lesion.nii.gz
scan_0039,probability_average,none,0.3,5,nan,0.1,0,1,1,0.0,0,nan,-1,nan,-1,nan,-1,-1,nan,-1,/data/data/DA25S005/miccai_tbi/MultiTalentV2_finetuning/checkpoints/validation2025_100/ensemble_2_models_e5ohnz5w_tta_ddp_kpcyjb66_tta_hybrid/predicted_lesions/thr0p3_mincc5/scan_0039_pred_lesion.nii.gz
scan_0039,probability_average,none,0.3,10,nan,0.1,0,1,1,0.0,0,nan,-1,nan,-1,nan,-1,-1,nan,-1,/data/data/DA25S005/miccai_tbi/MultiTalentV2_finetuning/checkpoints/validation2025_100/ensemble_2_models_e5ohnz5w_tta_ddp_kpcyjb66_tta_hybrid/predicted_lesions/thr0p3_mincc10/scan_0039_pred_lesion.nii.gz
scan_0039,probability_average,none,0.3,20,nan,0.1,0,1,1,0.0,0,nan,-1,nan,-1,nan,-1,-1,nan,-1,/data/data/DA25S005/miccai_tbi/MultiTalentV2_finetuning/checkpoints/validation2025_100/ensemble_2_models_e5ohnz5w_tta_ddp_kpcyjb66_tta_hybrid/predicted_lesions/thr0p3_mincc20/scan_0039_pred_lesion.nii.gz
scan_0039,probability_average,none,0.3,40,nan,0.1,0,1,1,0.0,0,nan,-1,nan,-1,nan,-1,-1,nan,-1,/data/data/DA25S005/miccai_tbi/MultiTalentV2_finetuning/checkpoints/validation2025_100/ensemble_2_models_e5ohnz5w_tta_ddp_kpcyjb66_tta_hybrid/predicted_lesions/thr0p3_mincc40/scan_0039_pred_lesion.nii.gz
scan_0039,probability_average,none,0.4,0,nan,0.1,0,1,1,0.0,0,nan,-1,nan,-1,nan,-1,-1,nan,-1,/data/data/DA25S005/miccai_tbi/MultiTalentV2_finetuning/checkpoints/validation2025_100/ensemble_2_models_e5ohnz5w_tta_ddp_kpcyjb66_tta_hybrid/predicted_lesions/thr0p4_mincc0/scan_0039_pred_lesion.nii.gz
scan_0039,probability_average,none,0.4,3,nan,0.1,0,1,1,0.0,0,nan,-1,nan,-1,nan,-1,-1,nan,-1,/data/data/DA25S005/miccai_tbi/MultiTalentV2_finetuning/checkpoints/validation2025_100/ensemble_2_models_e5ohnz5w_tta_ddp_kpcyjb66_tta_hybrid/predicted_lesions/thr0p4_mincc3/scan_0039_pred_lesion.nii.gz
scan_0039,probability_average,none,0.4,5,nan,0.1,0,1,1,0.0,0,nan,-1,nan,-1,nan,-1,-1,nan,-1,/data/data/DA25S005/miccai_tbi/MultiTalentV2_finetuning/checkpoints/validation2025_100/ensemble_2_models_e5ohnz5w_tta_ddp_kpcyjb66_tta_hybrid/predicted_lesions/thr0p4_mincc5/scan_0039_pred_lesion.nii.gz
scan_0039,probability_average,none,0.4,10,nan,0.1,0,1,1,0.0,0,nan,-1,nan,-1,nan,-1,-1,nan,-1,/data/data/DA25S005/miccai_tbi/MultiTalentV2_finetuning/checkpoints/validation2025_100/ensemble_2_models_e5ohnz5w_tta_ddp_kpcyjb66_tta_hybrid/predicted_lesions/thr0p4_mincc10/scan_0039_pred_lesion.nii.gz
scan_0039,probability_average,none,0.4,20,nan,0.1,0,1,1,0.0,0,nan,-1,nan,-1,nan,-1,-1,nan,-1,/data/data/DA25S005/miccai_tbi/MultiTalentV2_finetuning/checkpoints/validation2025_100/ensemble_2_models_e5ohnz5w_tta_ddp_kpcyjb66_tta_hybrid/predicted_lesions/thr0p4_mincc20/scan_0039_pred_lesion.nii.gz
scan_0039,probability_average,none,0.4,40,nan,0.1,0,1,1,0.0,0,nan,-1,nan,-1,nan,-1,-1,nan,-1,/data/data/DA25S005/miccai_tbi/MultiTalentV2_finetuning/checkpoints/validation2025_100/ensemble_2_models_e5ohnz5w_tta_ddp_kpcyjb66_tta_hybrid/predicted_lesions/thr0p4_mincc40/scan_0039_pred_lesion.nii.gz
scan_0039,probability_average,none,0.5,0,nan,0.1,0,1,1,0.0,0,nan,-1,nan,-1,nan,-1,-1,nan,-1,/data/data/DA25S005/miccai_tbi/MultiTalentV2_finetuning/checkpoints/validation2025_100/ensemble_2_models_e5ohnz5w_tta_ddp_kpcyjb66_tta_hybrid/predicted_lesions/thr0p5_mincc0/scan_0039_pred_lesion.nii.gz
scan_0039,probability_average,none,0.5,3,nan,0.1,0,1,1,0.0,0,nan,-1,nan,-1,nan,-1,-1,nan,-1,/data/data/DA25S005/miccai_tbi/MultiTalentV2_finetuning/checkpoints/validation2025_100/ensemble_2_models_e5ohnz5w_tta_ddp_kpcyjb66_tta_hybrid/predicted_lesions/thr0p5_mincc3/scan_0039_pred_lesion.nii.gz
scan_0039,probability_average,none,0.5,5,nan,0.1,0,1,1,0.0,0,nan,-1,nan,-1,nan,-1,-1,nan,-1,/data/data/DA25S005/miccai_tbi/MultiTalentV2_finetuning/checkpoints/validation2025_100/ensemble_2_models_e5ohnz5w_tta_ddp_kpcyjb66_tta_hybrid/predicted_lesions/thr0p5_mincc5/scan_0039_pred_lesion.nii.gz
scan_0039,probability_average,none,0.5,10,nan,0.1,0,1,1,0.0,0,nan,-1,nan,-1,nan,-1,-1,nan,-1,/data/data/DA25S005/miccai_tbi/MultiTalentV2_finetuning/checkpoints/validation2025_100/ensemble_2_models_e5ohnz5w_tta_ddp_kpcyjb66_tta_hybrid/predicted_lesions/thr0p5_mincc10/scan_0039_pred_lesion.nii.gz
scan_0039,probability_average,none,0.5,20,nan,0.1,0,1,1,0.0,0,nan,-1,nan,-1,nan,-1,-1,nan,-1,/data/data/DA25S005/miccai_tbi/MultiTalentV2_finetuning/checkpoints/validation2025_100/ensemble_2_models_e5ohnz5w_tta_ddp_kpcyjb66_tta_hybrid/predicted_lesions/thr0p5_mincc20/scan_0039_pred_lesion.nii.gz
scan_0039,probability_average,none,0.5,40,nan,0.1,0,1,1,0.0,0,nan,-1,nan,-1,nan,-1,-1,nan,-1,/data/data/DA25S005/miccai_tbi/MultiTalentV2_finetuning/checkpoints/validation2025_100/ensemble_2_models_e5ohnz5w_tta_ddp_kpcyjb66_tta_hybrid/predicted_lesions/thr0p5_mincc40/scan_0039_pred_lesion.nii.gz
scan_0043,probability_average,none,0.1,0,nan,0.1,0,1,1,0.0,0,nan,-1,nan,-1,nan,-1,-1,nan,-1,/data/data/DA25S005/miccai_tbi/MultiTalentV2_finetuning/checkpoints/validation2025_100/ensemble_2_models_e5ohnz5w_tta_ddp_kpcyjb66_tta_hybrid/predicted_lesions/thr0p1_mincc0/scan_0043_pred_lesion.nii.gz
scan_0043,probability_average,none,0.1,3,nan,0.1,0,1,1,0.0,0,nan,-1,nan,-1,nan,-1,-1,nan,-1,/data/data/DA25S005/miccai_tbi/MultiTalentV2_finetuning/checkpoints/validation2025_100/ensemble_2_models_e5ohnz5w_tta_ddp_kpcyjb66_tta_hybrid/predicted_lesions/thr0p1_mincc3/scan_0043_pred_lesion.nii.gz
scan_0043,probability_average,none,0.1,5,nan,0.1,0,1,1,0.0,0,nan,-1,nan,-1,nan,-1,-1,nan,-1,/data/data/DA25S005/miccai_tbi/MultiTalentV2_finetuning/checkpoints/validation2025_100/ensemble_2_models_e5ohnz5w_tta_ddp_kpcyjb66_tta_hybrid/predicted_lesions/thr0p1_mincc5/scan_0043_pred_lesion.nii.gz
scan_0043,probability_average,none,0.1,10,nan,0.1,0,1,1,0.0,0,nan,-1,nan,-1,nan,-1,-1,nan,-1,/data/data/DA25S005/miccai_tbi/MultiTalentV2_finetuning/checkpoints/validation2025_100/ensemble_2_models_e5ohnz5w_tta_ddp_kpcyjb66_tta_hybrid/predicted_lesions/thr0p1_mincc10/scan_0043_pred_lesion.nii.gz
scan_0043,probability_average,none,0.1,20,nan,0.1,0,1,1,0.0,0,nan,-1,nan,-1,nan,-1,-1,nan,-1,/data/data/DA25S005/miccai_tbi/MultiTalentV2_finetuning/checkpoints/validation2025_100/ensemble_2_models_e5ohnz5w_tta_ddp_kpcyjb66_tta_hybrid/predicted_lesions/thr0p1_mincc20/scan_0043_pred_lesion.nii.gz
scan_0043,probability_average,none,0.1,40,nan,0.1,0,1,1,0.0,0,nan,-1,nan,-1,nan,-1,-1,nan,-1,/data/data/DA25S005/miccai_tbi/MultiTalentV2_finetuning/checkpoints/validation2025_100/ensemble_2_models_e5ohnz5w_tta_ddp_kpcyjb66_tta_hybrid/predicted_lesions/thr0p1_mincc40/scan_0043_pred_lesion.nii.gz
scan_0043,probability_average,none,0.2,0,nan,0.1,0,1,1,0.0,0,nan,-1,nan,-1,nan,-1,-1,nan,-1,/data/data/DA25S005/miccai_tbi/MultiTalentV2_finetuning/checkpoints/validation2025_100/ensemble_2_models_e5ohnz5w_tta_ddp_kpcyjb66_tta_hybrid/predicted_lesions/thr0p2_mincc0/scan_0043_pred_lesion.nii.gz
scan_0043,probability_average,none,0.2,3,nan,0.1,0,1,1,0.0,0,nan,-1,nan,-1,nan,-1,-1,nan,-1,/data/data/DA25S005/miccai_tbi/MultiTalentV2_finetuning/checkpoints/validation2025_100/ensemble_2_models_e5ohnz5w_tta_ddp_kpcyjb66_tta_hybrid/predicted_lesions/thr0p2_mincc3/scan_0043_pred_lesion.nii.gz
scan_0043,probability_average,none,0.2,5,nan,0.1,0,1,1,0.0,0,nan,-1,nan,-1,nan,-1,-1,nan,-1,/data/data/DA25S005/miccai_tbi/MultiTalentV2_finetuning/checkpoints/validation2025_100/ensemble_2_models_e5ohnz5w_tta_ddp_kpcyjb66_tta_hybrid/predicted_lesions/thr0p2_mincc5/scan_0043_pred_lesion.nii.gz
scan_0043,probability_average,none,0.2,10,nan,0.1,0,1,1,0.0,0,nan,-1,nan,-1,nan,-1,-1,nan,-1,/data/data/DA25S005/miccai_tbi/MultiTalentV2_finetuning/checkpoints/validation2025_100/ensemble_2_models_e5ohnz5w_tta_ddp_kpcyjb66_tta_hybrid/predicted_lesions/thr0p2_mincc10/scan_0043_pred_lesion.nii.gz
scan_0043,probability_average,none,0.2,20,nan,0.1,0,1,1,0.0,0,nan,-1,nan,-1,nan,-1,-1,nan,-1,/data/data/DA25S005/miccai_tbi/MultiTalentV2_finetuning/checkpoints/validation2025_100/ensemble_2_models_e5ohnz5w_tta_ddp_kpcyjb66_tta_hybrid/predicted_lesions/thr0p2_mincc20/scan_0043_pred_lesion.nii.gz
scan_0043,probability_average,none,0.2,40,nan,0.1,0,1,1,0.0,0,nan,-1,nan,-1,nan,-1,-1,nan,-1,/data/data/DA25S005/miccai_tbi/MultiTalentV2_finetuning/checkpoints/validation2025_100/ensemble_2_models_e5ohnz5w_tta_ddp_kpcyjb66_tta_hybrid/predicted_lesions/thr0p2_mincc40/scan_0043_pred_lesion.nii.gz
scan_0043,probability_average,none,0.3,0,nan,0.1,0,1,1,0.0,0,nan,-1,nan,-1,nan,-1,-1,nan,-1,/data/data/DA25S005/miccai_tbi/MultiTalentV2_finetuning/checkpoints/validation2025_100/ensemble_2_models_e5ohnz5w_tta_ddp_kpcyjb66_tta_hybrid/predicted_lesions/thr0p3_mincc0/scan_0043_pred_lesion.nii.gz
scan_0043,probability_average,none,0.3,3,nan,0.1,0,1,1,0.0,0,nan,-1,nan,-1,nan,-1,-1,nan,-1,/data/data/DA25S005/miccai_tbi/MultiTalentV2_finetuning/checkpoints/validation2025_100/ensemble_2_models_e5ohnz5w_tta_ddp_kpcyjb66_tta_hybrid/predicted_lesions/thr0p3_mincc3/scan_0043_pred_lesion.nii.gz
scan_0043,probability_average,none,0.3,5,nan,0.1,0,1,1,0.0,0,nan,-1,nan,-1,nan,-1,-1,nan,-1,/data/data/DA25S005/miccai_tbi/MultiTalentV2_finetuning/checkpoints/validation2025_100/ensemble_2_models_e5ohnz5w_tta_ddp_kpcyjb66_tta_hybrid/predicted_lesions/thr0p3_mincc5/scan_0043_pred_lesion.nii.gz
scan_0043,probability_average,none,0.3,10,nan,0.1,0,1,1,0.0,0,nan,-1,nan,-1,nan,-1,-1,nan,-1,/data/data/DA25S005/miccai_tbi/MultiTalentV2_finetuning/checkpoints/validation2025_100/ensemble_2_models_e5ohnz5w_tta_ddp_kpcyjb66_tta_hybrid/predicted_lesions/thr0p3_mincc10/scan_0043_pred_lesion.nii.gz
scan_0043,probability_average,none,0.3,20,nan,0.1,0,1,1,0.0,0,nan,-1,nan,-1,nan,-1,-1,nan,-1,/data/data/DA25S005/miccai_tbi/MultiTalentV2_finetuning/checkpoints/validation2025_100/ensemble_2_models_e5ohnz5w_tta_ddp_kpcyjb66_tta_hybrid/predicted_lesions/thr0p3_mincc20/scan_0043_pred_lesion.nii.gz
scan_0043,probability_average,none,0.3,40,nan,0.1,0,1,1,0.0,0,nan,-1,nan,-1,nan,-1,-1,nan,-1,/data/data/DA25S005/miccai_tbi/MultiTalentV2_finetuning/checkpoints/validation2025_100/ensemble_2_models_e5ohnz5w_tta_ddp_kpcyjb66_tta_hybrid/predicted_lesions/thr0p3_mincc40/scan_0043_pred_lesion.nii.gz
scan_0043,probability_average,none,0.4,0,nan,0.1,0,1,1,0.0,0,nan,-1,nan,-1,nan,-1,-1,nan,-1,/data/data/DA25S005/miccai_tbi/MultiTalentV2_finetuning/checkpoints/validation2025_100/ensemble_2_models_e5ohnz5w_tta_ddp_kpcyjb66_tta_hybrid/predicted_lesions/thr0p4_mincc0/scan_0043_pred_lesion.nii.gz
scan_0043,probability_average,none,0.4,3,nan,0.1,0,1,1,0.0,0,nan,-1,nan,-1,nan,-1,-1,nan,-1,/data/data/DA25S005/miccai_tbi/MultiTalentV2_finetuning/checkpoints/validation2025_100/ensemble_2_models_e5ohnz5w_tta_ddp_kpcyjb66_tta_hybrid/predicted_lesions/thr0p4_mincc3/scan_0043_pred_lesion.nii.gz
scan_0043,probability_average,none,0.4,5,nan,0.1,0,1,1,0.0,0,nan,-1,nan,-1,nan,-1,-1,nan,-1,/data/data/DA25S005/miccai_tbi/MultiTalentV2_finetuning/checkpoints/validation2025_100/ensemble_2_models_e5ohnz5w_tta_ddp_kpcyjb66_tta_hybrid/predicted_lesions/thr0p4_mincc5/scan_0043_pred_lesion.nii.gz
scan_0043,probability_average,none,0.4,10,nan,0.1,0,1,1,0.0,0,nan,-1,nan,-1,nan,-1,-1,nan,-1,/data/data/DA25S005/miccai_tbi/MultiTalentV2_finetuning/checkpoints/validation2025_100/ensemble_2_models_e5ohnz5w_tta_ddp_kpcyjb66_tta_hybrid/predicted_lesions/thr0p4_mincc10/scan_0043_pred_lesion.nii.gz
scan_0043,probability_average,none,0.4,20,nan,0.1,0,1,1,0.0,0,nan,-1,nan,-1,nan,-1,-1,nan,-1,/data/data/DA25S005/miccai_tbi/MultiTalentV2_finetuning/checkpoints/validation2025_100/ensemble_2_models_e5ohnz5w_tta_ddp_kpcyjb66_tta_hybrid/predicted_lesions/thr0p4_mincc20/scan_0043_pred_lesion.nii.gz
scan_0043,probability_average,none,0.4,40,nan,0.1,0,1,1,0.0,0,nan,-1,nan,-1,nan,-1,-1,nan,-1,/data/data/DA25S005/miccai_tbi/MultiTalentV2_finetuning/checkpoints/validation2025_100/ensemble_2_models_e5ohnz5w_tta_ddp_kpcyjb66_tta_hybrid/predicted_lesions/thr0p4_mincc40/scan_0043_pred_lesion.nii.gz
scan_0043,probability_average,none,0.5,0,nan,0.1,0,1,1,0.0,0,nan,-1,nan,-1,nan,-1,-1,nan,-1,/data/data/DA25S005/miccai_tbi/MultiTalentV2_finetuning/checkpoints/validation2025_100/ensemble_2_models_e5ohnz5w_tta_ddp_kpcyjb66_tta_hybrid/predicted_lesions/thr0p5_mincc0/scan_0043_pred_lesion.nii.gz
scan_0043,probability_average,none,0.5,3,nan,0.1,0,1,1,0.0,0,nan,-1,nan,-1,nan,-1,-1,nan,-1,/data/data/DA25S005/miccai_tbi/MultiTalentV2_finetuning/checkpoints/validation2025_100/ensemble_2_models_e5ohnz5w_tta_ddp_kpcyjb66_tta_hybrid/predicted_lesions/thr0p5_mincc3/scan_0043_pred_lesion.nii.gz
scan_0043,probability_average,none,0.5,5,nan,0.1,0,1,1,0.0,0,nan,-1,nan,-1,nan,-1,-1,nan,-1,/data/data/DA25S005/miccai_tbi/MultiTalentV2_finetuning/checkpoints/validation2025_100/ensemble_2_models_e5ohnz5w_tta_ddp_kpcyjb66_tta_hybrid/predicted_lesions/thr0p5_mincc5/scan_0043_pred_lesion.nii.gz
scan_0043,probability_average,none,0.5,10,nan,0.1,0,1,1,0.0,0,nan,-1,nan,-1,nan,-1,-1,nan,-1,/data/data/DA25S005/miccai_tbi/MultiTalentV2_finetuning/checkpoints/validation2025_100/ensemble_2_models_e5ohnz5w_tta_ddp_kpcyjb66_tta_hybrid/predicted_lesions/thr0p5_mincc10/scan_0043_pred_lesion.nii.gz
scan_0043,probability_average,none,0.5,20,nan,0.1,0,1,1,0.0,0,nan,-1,nan,-1,nan,-1,-1,nan,-1,/data/data/DA25S005/miccai_tbi/MultiTalentV2_finetuning/checkpoints/validation2025_100/ensemble_2_models_e5ohnz5w_tta_ddp_kpcyjb66_tta_hybrid/predicted_lesions/thr0p5_mincc20/scan_0043_pred_lesion.nii.gz
scan_0043,probability_average,none,0.5,40,nan,0.1,0,1,1,0.0,0,nan,-1,nan,-1,nan,-1,-1,nan,-1,/data/data/DA25S005/miccai_tbi/MultiTalentV2_finetuning/checkpoints/validation2025_100/ensemble_2_models_e5ohnz5w_tta_ddp_kpcyjb66_tta_hybrid/predicted_lesions/thr0p5_mincc40/scan_0043_pred_lesion.nii.gz
scan_0046,probability_average,none,0.1,0,nan,0.1,0,1,1,0.0,0,nan,-1,nan,-1,nan,-1,-1,nan,-1,/data/data/DA25S005/miccai_tbi/MultiTalentV2_finetuning/checkpoints/validation2025_100/ensemble_2_models_e5ohnz5w_tta_ddp_kpcyjb66_tta_hybrid/predicted_lesions/thr0p1_mincc0/scan_0046_pred_lesion.nii.gz
scan_0046,probability_average,none,0.1,3,nan,0.1,0,1,1,0.0,0,nan,-1,nan,-1,nan,-1,-1,nan,-1,/data/data/DA25S005/miccai_tbi/MultiTalentV2_finetuning/checkpoints/validation2025_100/ensemble_2_models_e5ohnz5w_tta_ddp_kpcyjb66_tta_hybrid/predicted_lesions/thr0p1_mincc3/scan_0046_pred_lesion.nii.gz
scan_0046,probability_average,none,0.1,5,nan,0.1,0,1,1,0.0,0,nan,-1,nan,-1,nan,-1,-1,nan,-1,/data/data/DA25S005/miccai_tbi/MultiTalentV2_finetuning/checkpoints/validation2025_100/ensemble_2_models_e5ohnz5w_tta_ddp_kpcyjb66_tta_hybrid/predicted_lesions/thr0p1_mincc5/scan_0046_pred_lesion.nii.gz
scan_0046,probability_average,none,0.1,10,nan,0.1,0,1,1,0.0,0,nan,-1,nan,-1,nan,-1,-1,nan,-1,/data/data/DA25S005/miccai_tbi/MultiTalentV2_finetuning/checkpoints/validation2025_100/ensemble_2_models_e5ohnz5w_tta_ddp_kpcyjb66_tta_hybrid/predicted_lesions/thr0p1_mincc10/scan_0046_pred_lesion.nii.gz
scan_0046,probability_average,none,0.1,20,nan,0.1,0,1,1,0.0,0,nan,-1,nan,-1,nan,-1,-1,nan,-1,/data/data/DA25S005/miccai_tbi/MultiTalentV2_finetuning/checkpoints/validation2025_100/ensemble_2_models_e5ohnz5w_tta_ddp_kpcyjb66_tta_hybrid/predicted_lesions/thr0p1_mincc20/scan_0046_pred_lesion.nii.gz
scan_0046,probability_average,none,0.1,40,nan,0.1,0,1,1,0.0,0,nan,-1,nan,-1,nan,-1,-1,nan,-1,/data/data/DA25S005/miccai_tbi/MultiTalentV2_finetuning/checkpoints/validation2025_100/ensemble_2_models_e5ohnz5w_tta_ddp_kpcyjb66_tta_hybrid/predicted_lesions/thr0p1_mincc40/scan_0046_pred_lesion.nii.gz
scan_0046,probability_average,none,0.2,0,nan,0.1,0,1,1,0.0,0,nan,-1,nan,-1,nan,-1,-1,nan,-1,/data/data/DA25S005/miccai_tbi/MultiTalentV2_finetuning/checkpoints/validation2025_100/ensemble_2_models_e5ohnz5w_tta_ddp_kpcyjb66_tta_hybrid/predicted_lesions/thr0p2_mincc0/scan_0046_pred_lesion.nii.gz
scan_0046,probability_average,none,0.2,3,nan,0.1,0,1,1,0.0,0,nan,-1,nan,-1,nan,-1,-1,nan,-1,/data/data/DA25S005/miccai_tbi/MultiTalentV2_finetuning/checkpoints/validation2025_100/ensemble_2_models_e5ohnz5w_tta_ddp_kpcyjb66_tta_hybrid/predicted_lesions/thr0p2_mincc3/scan_0046_pred_lesion.nii.gz
scan_0046,probability_average,none,0.2,5,nan,0.1,0,1,1,0.0,0,nan,-1,nan,-1,nan,-1,-1,nan,-1,/data/data/DA25S005/miccai_tbi/MultiTalentV2_finetuning/checkpoints/validation2025_100/ensemble_2_models_e5ohnz5w_tta_ddp_kpcyjb66_tta_hybrid/predicted_lesions/thr0p2_mincc5/scan_0046_pred_lesion.nii.gz
scan_0046,probability_average,none,0.2,10,nan,0.1,0,1,1,0.0,0,nan,-1,nan,-1,nan,-1,-1,nan,-1,/data/data/DA25S005/miccai_tbi/MultiTalentV2_finetuning/checkpoints/validation2025_100/ensemble_2_models_e5ohnz5w_tta_ddp_kpcyjb66_tta_hybrid/predicted_lesions/thr0p2_mincc10/scan_0046_pred_lesion.nii.gz
scan_0046,probability_average,none,0.2,20,nan,0.1,0,1,1,0.0,0,nan,-1,nan,-1,nan,-1,-1,nan,-1,/data/data/DA25S005/miccai_tbi/MultiTalentV2_finetuning/checkpoints/validation2025_100/ensemble_2_models_e5ohnz5w_tta_ddp_kpcyjb66_tta_hybrid/predicted_lesions/thr0p2_mincc20/scan_0046_pred_lesion.nii.gz
scan_0046,probability_average,none,0.2,40,nan,0.1,0,1,1,0.0,0,nan,-1,nan,-1,nan,-1,-1,nan,-1,/data/data/DA25S005/miccai_tbi/MultiTalentV2_finetuning/checkpoints/validation2025_100/ensemble_2_models_e5ohnz5w_tta_ddp_kpcyjb66_tta_hybrid/predicted_lesions/thr0p2_mincc40/scan_0046_pred_lesion.nii.gz
scan_0046,probability_average,none,0.3,0,nan,0.1,0,1,1,0.0,0,nan,-1,nan,-1,nan,-1,-1,nan,-1,/data/data/DA25S005/miccai_tbi/MultiTalentV2_finetuning/checkpoints/validation2025_100/ensemble_2_models_e5ohnz5w_tta_ddp_kpcyjb66_tta_hybrid/predicted_lesions/thr0p3_mincc0/scan_0046_pred_lesion.nii.gz
scan_0046,probability_average,none,0.3,3,nan,0.1,0,1,1,0.0,0,nan,-1,nan,-1,nan,-1,-1,nan,-1,/data/data/DA25S005/miccai_tbi/MultiTalentV2_finetuning/checkpoints/validation2025_100/ensemble_2_models_e5ohnz5w_tta_ddp_kpcyjb66_tta_hybrid/predicted_lesions/thr0p3_mincc3/scan_0046_pred_lesion.nii.gz
scan_0046,probability_average,none,0.3,5,nan,0.1,0,1,1,0.0,0,nan,-1,nan,-1,nan,-1,-1,nan,-1,/data/data/DA25S005/miccai_tbi/MultiTalentV2_finetuning/checkpoints/validation2025_100/ensemble_2_models_e5ohnz5w_tta_ddp_kpcyjb66_tta_hybrid/predicted_lesions/thr0p3_mincc5/scan_0046_pred_lesion.nii.gz
scan_0046,probability_average,none,0.3,10,nan,0.1,0,1,1,0.0,0,nan,-1,nan,-1,nan,-1,-1,nan,-1,/data/data/DA25S005/miccai_tbi/MultiTalentV2_finetuning/checkpoints/validation2025_100/ensemble_2_models_e5ohnz5w_tta_ddp_kpcyjb66_tta_hybrid/predicted_lesions/thr0p3_mincc10/scan_0046_pred_lesion.nii.gz
scan_0046,probability_average,none,0.3,20,nan,0.1,0,1,1,0.0,0,nan,-1,nan,-1,nan,-1,-1,nan,-1,/data/data/DA25S005/miccai_tbi/MultiTalentV2_finetuning/checkpoints/validation2025_100/ensemble_2_models_e5ohnz5w_tta_ddp_kpcyjb66_tta_hybrid/predicted_lesions/thr0p3_mincc20/scan_0046_pred_lesion.nii.gz
scan_0046,probability_average,none,0.3,40,nan,0.1,0,1,1,0.0,0,nan,-1,nan,-1,nan,-1,-1,nan,-1,/data/data/DA25S005/miccai_tbi/MultiTalentV2_finetuning/checkpoints/validation2025_100/ensemble_2_models_e5ohnz5w_tta_ddp_kpcyjb66_tta_hybrid/predicted_lesions/thr0p3_mincc40/scan_0046_pred_lesion.nii.gz
scan_0046,probability_average,none,0.4,0,nan,0.1,0,1,1,0.0,0,nan,-1,nan,-1,nan,-1,-1,nan,-1,/data/data/DA25S005/miccai_tbi/MultiTalentV2_finetuning/checkpoints/validation2025_100/ensemble_2_models_e5ohnz5w_tta_ddp_kpcyjb66_tta_hybrid/predicted_lesions/thr0p4_mincc0/scan_0046_pred_lesion.nii.gz
scan_0046,probability_average,none,0.4,3,nan,0.1,0,1,1,0.0,0,nan,-1,nan,-1,nan,-1,-1,nan,-1,/data/data/DA25S005/miccai_tbi/MultiTalentV2_finetuning/checkpoints/validation2025_100/ensemble_2_models_e5ohnz5w_tta_ddp_kpcyjb66_tta_hybrid/predicted_lesions/thr0p4_mincc3/scan_0046_pred_lesion.nii.gz
scan_0046,probability_average,none,0.4,5,nan,0.1,0,1,1,0.0,0,nan,-1,nan,-1,nan,-1,-1,nan,-1,/data/data/DA25S005/miccai_tbi/MultiTalentV2_finetuning/checkpoints/validation2025_100/ensemble_2_models_e5ohnz5w_tta_ddp_kpcyjb66_tta_hybrid/predicted_lesions/thr0p4_mincc5/scan_0046_pred_lesion.nii.gz
scan_0046,probability_average,none,0.4,10,nan,0.1,0,1,1,0.0,0,nan,-1,nan,-1,nan,-1,-1,nan,-1,/data/data/DA25S005/miccai_tbi/MultiTalentV2_finetuning/checkpoints/validation2025_100/ensemble_2_models_e5ohnz5w_tta_ddp_kpcyjb66_tta_hybrid/predicted_lesions/thr0p4_mincc10/scan_0046_pred_lesion.nii.gz
scan_0046,probability_average,none,0.4,20,nan,0.1,0,1,1,0.0,0,nan,-1,nan,-1,nan,-1,-1,nan,-1,/data/data/DA25S005/miccai_tbi/MultiTalentV2_finetuning/checkpoints/validation2025_100/ensemble_2_models_e5ohnz5w_tta_ddp_kpcyjb66_tta_hybrid/predicted_lesions/thr0p4_mincc20/scan_0046_pred_lesion.nii.gz
scan_0046,probability_average,none,0.4,40,nan,0.1,0,1,1,0.0,0,nan,-1,nan,-1,nan,-1,-1,nan,-1,/data/data/DA25S005/miccai_tbi/MultiTalentV2_finetuning/checkpoints/validation2025_100/ensemble_2_models_e5ohnz5w_tta_ddp_kpcyjb66_tta_hybrid/predicted_lesions/thr0p4_mincc40/scan_0046_pred_lesion.nii.gz
scan_0046,probability_average,none,0.5,0,nan,0.1,0,1,1,0.0,0,nan,-1,nan,-1,nan,-1,-1,nan,-1,/data/data/DA25S005/miccai_tbi/MultiTalentV2_finetuning/checkpoints/validation2025_100/ensemble_2_models_e5ohnz5w_tta_ddp_kpcyjb66_tta_hybrid/predicted_lesions/thr0p5_mincc0/scan_0046_pred_lesion.nii.gz
scan_0046,probability_average,none,0.5,3,nan,0.1,0,1,1,0.0,0,nan,-1,nan,-1,nan,-1,-1,nan,-1,/data/data/DA25S005/miccai_tbi/MultiTalentV2_finetuning/checkpoints/validation2025_100/ensemble_2_models_e5ohnz5w_tta_ddp_kpcyjb66_tta_hybrid/predicted_lesions/thr0p5_mincc3/scan_0046_pred_lesion.nii.gz
scan_0046,probability_average,none,0.5,5,nan,0.1,0,1,1,0.0,0,nan,-1,nan,-1,nan,-1,-1,nan,-1,/data/data/DA25S005/miccai_tbi/MultiTalentV2_finetuning/checkpoints/validation2025_100/ensemble_2_models_e5ohnz5w_tta_ddp_kpcyjb66_tta_hybrid/predicted_lesions/thr0p5_mincc5/scan_0046_pred_lesion.nii.gz
scan_0046,probability_average,none,0.5,10,nan,0.1,0,1,1,0.0,0,nan,-1,nan,-1,nan,-1,-1,nan,-1,/data/data/DA25S005/miccai_tbi/MultiTalentV2_finetuning/checkpoints/validation2025_100/ensemble_2_models_e5ohnz5w_tta_ddp_kpcyjb66_tta_hybrid/predicted_lesions/thr0p5_mincc10/scan_0046_pred_lesion.nii.gz
scan_0046,probability_average,none,0.5,20,nan,0.1,0,1,1,0.0,0,nan,-1,nan,-1,nan,-1,-1,nan,-1,/data/data/DA25S005/miccai_tbi/MultiTalentV2_finetuning/checkpoints/validation2025_100/ensemble_2_models_e5ohnz5w_tta_ddp_kpcyjb66_tta_hybrid/predicted_lesions/thr0p5_mincc20/scan_0046_pred_lesion.nii.gz
scan_0046,probability_average,none,0.5,40,nan,0.1,0,1,1,0.0,0,nan,-1,nan,-1,nan,-1,-1,nan,-1,/data/data/DA25S005/miccai_tbi/MultiTalentV2_finetuning/checkpoints/validation2025_100/ensemble_2_models_e5ohnz5w_tta_ddp_kpcyjb66_tta_hybrid/predicted_lesions/thr0p5_mincc40/scan_0046_pred_lesion.nii.gz
scan_0051,probability_average,none,0.1,0,nan,0.1,0,1,1,0.0,0,nan,-1,nan,-1,nan,-1,-1,nan,-1,/data/data/DA25S005/miccai_tbi/MultiTalentV2_finetuning/checkpoints/validation2025_100/ensemble_2_models_e5ohnz5w_tta_ddp_kpcyjb66_tta_hybrid/predicted_lesions/thr0p1_mincc0/scan_0051_pred_lesion.nii.gz
scan_0051,probability_average,none,0.1,3,nan,0.1,0,1,1,0.0,0,nan,-1,nan,-1,nan,-1,-1,nan,-1,/data/data/DA25S005/miccai_tbi/MultiTalentV2_finetuning/checkpoints/validation2025_100/ensemble_2_models_e5ohnz5w_tta_ddp_kpcyjb66_tta_hybrid/predicted_lesions/thr0p1_mincc3/scan_0051_pred_lesion.nii.gz
scan_0051,probability_average,none,0.1,5,nan,0.1,0,1,1,0.0,0,nan,-1,nan,-1,nan,-1,-1,nan,-1,/data/data/DA25S005/miccai_tbi/MultiTalentV2_finetuning/checkpoints/validation2025_100/ensemble_2_models_e5ohnz5w_tta_ddp_kpcyjb66_tta_hybrid/predicted_lesions/thr0p1_mincc5/scan_0051_pred_lesion.nii.gz
scan_0051,probability_average,none,0.1,10,nan,0.1,0,1,1,0.0,0,nan,-1,nan,-1,nan,-1,-1,nan,-1,/data/data/DA25S005/miccai_tbi/MultiTalentV2_finetuning/checkpoints/validation2025_100/ensemble_2_models_e5ohnz5w_tta_ddp_kpcyjb66_tta_hybrid/predicted_lesions/thr0p1_mincc10/scan_0051_pred_lesion.nii.gz
scan_0051,probability_average,none,0.1,20,nan,0.1,0,1,1,0.0,0,nan,-1,nan,-1,nan,-1,-1,nan,-1,/data/data/DA25S005/miccai_tbi/MultiTalentV2_finetuning/checkpoints/validation2025_100/ensemble_2_models_e5ohnz5w_tta_ddp_kpcyjb66_tta_hybrid/predicted_lesions/thr0p1_mincc20/scan_0051_pred_lesion.nii.gz
scan_0051,probability_average,none,0.1,40,nan,0.1,0,1,1,0.0,0,nan,-1,nan,-1,nan,-1,-1,nan,-1,/data/data/DA25S005/miccai_tbi/MultiTalentV2_finetuning/checkpoints/validation2025_100/ensemble_2_models_e5ohnz5w_tta_ddp_kpcyjb66_tta_hybrid/predicted_lesions/thr0p1_mincc40/scan_0051_pred_lesion.nii.gz
scan_0051,probability_average,none,0.2,0,nan,0.1,0,1,1,0.0,0,nan,-1,nan,-1,nan,-1,-1,nan,-1,/data/data/DA25S005/miccai_tbi/MultiTalentV2_finetuning/checkpoints/validation2025_100/ensemble_2_models_e5ohnz5w_tta_ddp_kpcyjb66_tta_hybrid/predicted_lesions/thr0p2_mincc0/scan_0051_pred_lesion.nii.gz
scan_0051,probability_average,none,0.2,3,nan,0.1,0,1,1,0.0,0,nan,-1,nan,-1,nan,-1,-1,nan,-1,/data/data/DA25S005/miccai_tbi/MultiTalentV2_finetuning/checkpoints/validation2025_100/ensemble_2_models_e5ohnz5w_tta_ddp_kpcyjb66_tta_hybrid/predicted_lesions/thr0p2_mincc3/scan_0051_pred_lesion.nii.gz
scan_0051,probability_average,none,0.2,5,nan,0.1,0,1,1,0.0,0,nan,-1,nan,-1,nan,-1,-1,nan,-1,/data/data/DA25S005/miccai_tbi/MultiTalentV2_finetuning/checkpoints/validation2025_100/ensemble_2_models_e5ohnz5w_tta_ddp_kpcyjb66_tta_hybrid/predicted_lesions/thr0p2_mincc5/scan_0051_pred_lesion.nii.gz
scan_0051,probability_average,none,0.2,10,nan,0.1,0,1,1,0.0,0,nan,-1,nan,-1,nan,-1,-1,nan,-1,/data/data/DA25S005/miccai_tbi/MultiTalentV2_finetuning/checkpoints/validation2025_100/ensemble_2_models_e5ohnz5w_tta_ddp_kpcyjb66_tta_hybrid/predicted_lesions/thr0p2_mincc10/scan_0051_pred_lesion.nii.gz
scan_0051,probability_average,none,0.2,20,nan,0.1,0,1,1,0.0,0,nan,-1,nan,-1,nan,-1,-1,nan,-1,/data/data/DA25S005/miccai_tbi/MultiTalentV2_finetuning/checkpoints/validation2025_100/ensemble_2_models_e5ohnz5w_tta_ddp_kpcyjb66_tta_hybrid/predicted_lesions/thr0p2_mincc20/scan_0051_pred_lesion.nii.gz
scan_0051,probability_average,none,0.2,40,nan,0.1,0,1,1,0.0,0,nan,-1,nan,-1,nan,-1,-1,nan,-1,/data/data/DA25S005/miccai_tbi/MultiTalentV2_finetuning/checkpoints/validation2025_100/ensemble_2_models_e5ohnz5w_tta_ddp_kpcyjb66_tta_hybrid/predicted_lesions/thr0p2_mincc40/scan_0051_pred_lesion.nii.gz
scan_0051,probability_average,none,0.3,0,nan,0.1,0,1,1,0.0,0,nan,-1,nan,-1,nan,-1,-1,nan,-1,/data/data/DA25S005/miccai_tbi/MultiTalentV2_finetuning/checkpoints/validation2025_100/ensemble_2_models_e5ohnz5w_tta_ddp_kpcyjb66_tta_hybrid/predicted_lesions/thr0p3_mincc0/scan_0051_pred_lesion.nii.gz
scan_0051,probability_average,none,0.3,3,nan,0.1,0,1,1,0.0,0,nan,-1,nan,-1,nan,-1,-1,nan,-1,/data/data/DA25S005/miccai_tbi/MultiTalentV2_finetuning/checkpoints/validation2025_100/ensemble_2_models_e5ohnz5w_tta_ddp_kpcyjb66_tta_hybrid/predicted_lesions/thr0p3_mincc3/scan_0051_pred_lesion.nii.gz
scan_0051,probability_average,none,0.3,5,nan,0.1,0,1,1,0.0,0,nan,-1,nan,-1,nan,-1,-1,nan,-1,/data/data/DA25S005/miccai_tbi/MultiTalentV2_finetuning/checkpoints/validation2025_100/ensemble_2_models_e5ohnz5w_tta_ddp_kpcyjb66_tta_hybrid/predicted_lesions/thr0p3_mincc5/scan_0051_pred_lesion.nii.gz
scan_0051,probability_average,none,0.3,10,nan,0.1,0,1,1,0.0,0,nan,-1,nan,-1,nan,-1,-1,nan,-1,/data/data/DA25S005/miccai_tbi/MultiTalentV2_finetuning/checkpoints/validation2025_100/ensemble_2_models_e5ohnz5w_tta_ddp_kpcyjb66_tta_hybrid/predicted_lesions/thr0p3_mincc10/scan_0051_pred_lesion.nii.gz
scan_0051,probability_average,none,0.3,20,nan,0.1,0,1,1,0.0,0,nan,-1,nan,-1,nan,-1,-1,nan,-1,/data/data/DA25S005/miccai_tbi/MultiTalentV2_finetuning/checkpoints/validation2025_100/ensemble_2_models_e5ohnz5w_tta_ddp_kpcyjb66_tta_hybrid/predicted_lesions/thr0p3_mincc20/scan_0051_pred_lesion.nii.gz
scan_0051,probability_average,none,0.3,40,nan,0.1,0,1,1,0.0,0,nan,-1,nan,-1,nan,-1,-1,nan,-1,/data/data/DA25S005/miccai_tbi/MultiTalentV2_finetuning/checkpoints/validation2025_100/ensemble_2_models_e5ohnz5w_tta_ddp_kpcyjb66_tta_hybrid/predicted_lesions/thr0p3_mincc40/scan_0051_pred_lesion.nii.gz
scan_0051,probability_average,none,0.4,0,nan,0.1,0,1,1,0.0,0,nan,-1,nan,-1,nan,-1,-1,nan,-1,/data/data/DA25S005/miccai_tbi/MultiTalentV2_finetuning/checkpoints/validation2025_100/ensemble_2_models_e5ohnz5w_tta_ddp_kpcyjb66_tta_hybrid/predicted_lesions/thr0p4_mincc0/scan_0051_pred_lesion.nii.gz
scan_0051,probability_average,none,0.4,3,nan,0.1,0,1,1,0.0,0,nan,-1,nan,-1,nan,-1,-1,nan,-1,/data/data/DA25S005/miccai_tbi/MultiTalentV2_finetuning/checkpoints/validation2025_100/ensemble_2_models_e5ohnz5w_tta_ddp_kpcyjb66_tta_hybrid/predicted_lesions/thr0p4_mincc3/scan_0051_pred_lesion.nii.gz
scan_0051,probability_average,none,0.4,5,nan,0.1,0,1,1,0.0,0,nan,-1,nan,-1,nan,-1,-1,nan,-1,/data/data/DA25S005/miccai_tbi/MultiTalentV2_finetuning/checkpoints/validation2025_100/ensemble_2_models_e5ohnz5w_tta_ddp_kpcyjb66_tta_hybrid/predicted_lesions/thr0p4_mincc5/scan_0051_pred_lesion.nii.gz
scan_0051,probability_average,none,0.4,10,nan,0.1,0,1,1,0.0,0,nan,-1,nan,-1,nan,-1,-1,nan,-1,/data/data/DA25S005/miccai_tbi/MultiTalentV2_finetuning/checkpoints/validation2025_100/ensemble_2_models_e5ohnz5w_tta_ddp_kpcyjb66_tta_hybrid/predicted_lesions/thr0p4_mincc10/scan_0051_pred_lesion.nii.gz
scan_0051,probability_average,none,0.4,20,nan,0.1,0,1,1,0.0,0,nan,-1,nan,-1,nan,-1,-1,nan,-1,/data/data/DA25S005/miccai_tbi/MultiTalentV2_finetuning/checkpoints/validation2025_100/ensemble_2_models_e5ohnz5w_tta_ddp_kpcyjb66_tta_hybrid/predicted_lesions/thr0p4_mincc20/scan_0051_pred_lesion.nii.gz
scan_0051,probability_average,none,0.4,40,nan,0.1,0,1,1,0.0,0,nan,-1,nan,-1,nan,-1,-1,nan,-1,/data/data/DA25S005/miccai_tbi/MultiTalentV2_finetuning/checkpoints/validation2025_100/ensemble_2_models_e5ohnz5w_tta_ddp_kpcyjb66_tta_hybrid/predicted_lesions/thr0p4_mincc40/scan_0051_pred_lesion.nii.gz
scan_0051,probability_average,none,0.5,0,nan,0.1,0,1,1,0.0,0,nan,-1,nan,-1,nan,-1,-1,nan,-1,/data/data/DA25S005/miccai_tbi/MultiTalentV2_finetuning/checkpoints/validation2025_100/ensemble_2_models_e5ohnz5w_tta_ddp_kpcyjb66_tta_hybrid/predicted_lesions/thr0p5_mincc0/scan_0051_pred_lesion.nii.gz
scan_0051,probability_average,none,0.5,3,nan,0.1,0,1,1,0.0,0,nan,-1,nan,-1,nan,-1,-1,nan,-1,/data/data/DA25S005/miccai_tbi/MultiTalentV2_finetuning/checkpoints/validation2025_100/ensemble_2_models_e5ohnz5w_tta_ddp_kpcyjb66_tta_hybrid/predicted_lesions/thr0p5_mincc3/scan_0051_pred_lesion.nii.gz
scan_0051,probability_average,none,0.5,5,nan,0.1,0,1,1,0.0,0,nan,-1,nan,-1,nan,-1,-1,nan,-1,/data/data/DA25S005/miccai_tbi/MultiTalentV2_finetuning/checkpoints/validation2025_100/ensemble_2_models_e5ohnz5w_tta_ddp_kpcyjb66_tta_hybrid/predicted_lesions/thr0p5_mincc5/scan_0051_pred_lesion.nii.gz
scan_0051,probability_average,none,0.5,10,nan,0.1,0,1,1,0.0,0,nan,-1,nan,-1,nan,-1,-1,nan,-1,/data/data/DA25S005/miccai_tbi/MultiTalentV2_finetuning/checkpoints/validation2025_100/ensemble_2_models_e5ohnz5w_tta_ddp_kpcyjb66_tta_hybrid/predicted_lesions/thr0p5_mincc10/scan_0051_pred_lesion.nii.gz
scan_0051,probability_average,none,0.5,20,nan,0.1,0,1,1,0.0,0,nan,-1,nan,-1,nan,-1,-1,nan,-1,/data/data/DA25S005/miccai_tbi/MultiTalentV2_finetuning/checkpoints/validation2025_100/ensemble_2_models_e5ohnz5w_tta_ddp_kpcyjb66_tta_hybrid/predicted_lesions/thr0p5_mincc20/scan_0051_pred_lesion.nii.gz
scan_0051,probability_average,none,0.5,40,nan,0.1,0,1,1,0.0,0,nan,-1,nan,-1,nan,-1,-1,nan,-1,/data/data/DA25S005/miccai_tbi/MultiTalentV2_finetuning/checkpoints/validation2025_100/ensemble_2_models_e5ohnz5w_tta_ddp_kpcyjb66_tta_hybrid/predicted_lesions/thr0p5_mincc40/scan_0051_pred_lesion.nii.gz
scan_0054,probability_average,none,0.1,0,nan,0.1,0,1,1,0.0,0,nan,-1,nan,-1,nan,-1,-1,nan,-1,/data/data/DA25S005/miccai_tbi/MultiTalentV2_finetuning/checkpoints/validation2025_100/ensemble_2_models_e5ohnz5w_tta_ddp_kpcyjb66_tta_hybrid/predicted_lesions/thr0p1_mincc0/scan_0054_pred_lesion.nii.gz
scan_0054,probability_average,none,0.1,3,nan,0.1,0,1,1,0.0,0,nan,-1,nan,-1,nan,-1,-1,nan,-1,/data/data/DA25S005/miccai_tbi/MultiTalentV2_finetuning/checkpoints/validation2025_100/ensemble_2_models_e5ohnz5w_tta_ddp_kpcyjb66_tta_hybrid/predicted_lesions/thr0p1_mincc3/scan_0054_pred_lesion.nii.gz
scan_0054,probability_average,none,0.1,5,nan,0.1,0,1,1,0.0,0,nan,-1,nan,-1,nan,-1,-1,nan,-1,/data/data/DA25S005/miccai_tbi/MultiTalentV2_finetuning/checkpoints/validation2025_100/ensemble_2_models_e5ohnz5w_tta_ddp_kpcyjb66_tta_hybrid/predicted_lesions/thr0p1_mincc5/scan_0054_pred_lesion.nii.gz
scan_0054,probability_average,none,0.1,10,nan,0.1,0,1,1,0.0,0,nan,-1,nan,-1,nan,-1,-1,nan,-1,/data/data/DA25S005/miccai_tbi/MultiTalentV2_finetuning/checkpoints/validation2025_100/ensemble_2_models_e5ohnz5w_tta_ddp_kpcyjb66_tta_hybrid/predicted_lesions/thr0p1_mincc10/scan_0054_pred_lesion.nii.gz
scan_0054,probability_average,none,0.1,20,nan,0.1,0,1,1,0.0,0,nan,-1,nan,-1,nan,-1,-1,nan,-1,/data/data/DA25S005/miccai_tbi/MultiTalentV2_finetuning/checkpoints/validation2025_100/ensemble_2_models_e5ohnz5w_tta_ddp_kpcyjb66_tta_hybrid/predicted_lesions/thr0p1_mincc20/scan_0054_pred_lesion.nii.gz
scan_0054,probability_average,none,0.1,40,nan,0.1,0,1,1,0.0,0,nan,-1,nan,-1,nan,-1,-1,nan,-1,/data/data/DA25S005/miccai_tbi/MultiTalentV2_finetuning/checkpoints/validation2025_100/ensemble_2_models_e5ohnz5w_tta_ddp_kpcyjb66_tta_hybrid/predicted_lesions/thr0p1_mincc40/scan_0054_pred_lesion.nii.gz
scan_0054,probability_average,none,0.2,0,nan,0.1,0,1,1,0.0,0,nan,-1,nan,-1,nan,-1,-1,nan,-1,/data/data/DA25S005/miccai_tbi/MultiTalentV2_finetuning/checkpoints/validation2025_100/ensemble_2_models_e5ohnz5w_tta_ddp_kpcyjb66_tta_hybrid/predicted_lesions/thr0p2_mincc0/scan_0054_pred_lesion.nii.gz
scan_0054,probability_average,none,0.2,3,nan,0.1,0,1,1,0.0,0,nan,-1,nan,-1,nan,-1,-1,nan,-1,/data/data/DA25S005/miccai_tbi/MultiTalentV2_finetuning/checkpoints/validation2025_100/ensemble_2_models_e5ohnz5w_tta_ddp_kpcyjb66_tta_hybrid/predicted_lesions/thr0p2_mincc3/scan_0054_pred_lesion.nii.gz
scan_0054,probability_average,none,0.2,5,nan,0.1,0,1,1,0.0,0,nan,-1,nan,-1,nan,-1,-1,nan,-1,/data/data/DA25S005/miccai_tbi/MultiTalentV2_finetuning/checkpoints/validation2025_100/ensemble_2_models_e5ohnz5w_tta_ddp_kpcyjb66_tta_hybrid/predicted_lesions/thr0p2_mincc5/scan_0054_pred_lesion.nii.gz
scan_0054,probability_average,none,0.2,10,nan,0.1,0,1,1,0.0,0,nan,-1,nan,-1,nan,-1,-1,nan,-1,/data/data/DA25S005/miccai_tbi/MultiTalentV2_finetuning/checkpoints/validation2025_100/ensemble_2_models_e5ohnz5w_tta_ddp_kpcyjb66_tta_hybrid/predicted_lesions/thr0p2_mincc10/scan_0054_pred_lesion.nii.gz
scan_0054,probability_average,none,0.2,20,nan,0.1,0,1,1,0.0,0,nan,-1,nan,-1,nan,-1,-1,nan,-1,/data/data/DA25S005/miccai_tbi/MultiTalentV2_finetuning/checkpoints/validation2025_100/ensemble_2_models_e5ohnz5w_tta_ddp_kpcyjb66_tta_hybrid/predicted_lesions/thr0p2_mincc20/scan_0054_pred_lesion.nii.gz
scan_0054,probability_average,none,0.2,40,nan,0.1,0,1,1,0.0,0,nan,-1,nan,-1,nan,-1,-1,nan,-1,/data/data/DA25S005/miccai_tbi/MultiTalentV2_finetuning/checkpoints/validation2025_100/ensemble_2_models_e5ohnz5w_tta_ddp_kpcyjb66_tta_hybrid/predicted_lesions/thr0p2_mincc40/scan_0054_pred_lesion.nii.gz
scan_0054,probability_average,none,0.3,0,nan,0.1,0,1,1,0.0,0,nan,-1,nan,-1,nan,-1,-1,nan,-1,/data/data/DA25S005/miccai_tbi/MultiTalentV2_finetuning/checkpoints/validation2025_100/ensemble_2_models_e5ohnz5w_tta_ddp_kpcyjb66_tta_hybrid/predicted_lesions/thr0p3_mincc0/scan_0054_pred_lesion.nii.gz
scan_0054,probability_average,none,0.3,3,nan,0.1,0,1,1,0.0,0,nan,-1,nan,-1,nan,-1,-1,nan,-1,/data/data/DA25S005/miccai_tbi/MultiTalentV2_finetuning/checkpoints/validation2025_100/ensemble_2_models_e5ohnz5w_tta_ddp_kpcyjb66_tta_hybrid/predicted_lesions/thr0p3_mincc3/scan_0054_pred_lesion.nii.gz
scan_0054,probability_average,none,0.3,5,nan,0.1,0,1,1,0.0,0,nan,-1,nan,-1,nan,-1,-1,nan,-1,/data/data/DA25S005/miccai_tbi/MultiTalentV2_finetuning/checkpoints/validation2025_100/ensemble_2_models_e5ohnz5w_tta_ddp_kpcyjb66_tta_hybrid/predicted_lesions/thr0p3_mincc5/scan_0054_pred_lesion.nii.gz
scan_0054,probability_average,none,0.3,10,nan,0.1,0,1,1,0.0,0,nan,-1,nan,-1,nan,-1,-1,nan,-1,/data/data/DA25S005/miccai_tbi/MultiTalentV2_finetuning/checkpoints/validation2025_100/ensemble_2_models_e5ohnz5w_tta_ddp_kpcyjb66_tta_hybrid/predicted_lesions/thr0p3_mincc10/scan_0054_pred_lesion.nii.gz
scan_0054,probability_average,none,0.3,20,nan,0.1,0,1,1,0.0,0,nan,-1,nan,-1,nan,-1,-1,nan,-1,/data/data/DA25S005/miccai_tbi/MultiTalentV2_finetuning/checkpoints/validation2025_100/ensemble_2_models_e5ohnz5w_tta_ddp_kpcyjb66_tta_hybrid/predicted_lesions/thr0p3_mincc20/scan_0054_pred_lesion.nii.gz
scan_0054,probability_average,none,0.3,40,nan,0.1,0,1,1,0.0,0,nan,-1,nan,-1,nan,-1,-1,nan,-1,/data/data/DA25S005/miccai_tbi/MultiTalentV2_finetuning/checkpoints/validation2025_100/ensemble_2_models_e5ohnz5w_tta_ddp_kpcyjb66_tta_hybrid/predicted_lesions/thr0p3_mincc40/scan_0054_pred_lesion.nii.gz
scan_0054,probability_average,none,0.4,0,nan,0.1,0,1,1,0.0,0,nan,-1,nan,-1,nan,-1,-1,nan,-1,/data/data/DA25S005/miccai_tbi/MultiTalentV2_finetuning/checkpoints/validation2025_100/ensemble_2_models_e5ohnz5w_tta_ddp_kpcyjb66_tta_hybrid/predicted_lesions/thr0p4_mincc0/scan_0054_pred_lesion.nii.gz
scan_0054,probability_average,none,0.4,3,nan,0.1,0,1,1,0.0,0,nan,-1,nan,-1,nan,-1,-1,nan,-1,/data/data/DA25S005/miccai_tbi/MultiTalentV2_finetuning/checkpoints/validation2025_100/ensemble_2_models_e5ohnz5w_tta_ddp_kpcyjb66_tta_hybrid/predicted_lesions/thr0p4_mincc3/scan_0054_pred_lesion.nii.gz
scan_0054,probability_average,none,0.4,5,nan,0.1,0,1,1,0.0,0,nan,-1,nan,-1,nan,-1,-1,nan,-1,/data/data/DA25S005/miccai_tbi/MultiTalentV2_finetuning/checkpoints/validation2025_100/ensemble_2_models_e5ohnz5w_tta_ddp_kpcyjb66_tta_hybrid/predicted_lesions/thr0p4_mincc5/scan_0054_pred_lesion.nii.gz
scan_0054,probability_average,none,0.4,10,nan,0.1,0,1,1,0.0,0,nan,-1,nan,-1,nan,-1,-1,nan,-1,/data/data/DA25S005/miccai_tbi/MultiTalentV2_finetuning/checkpoints/validation2025_100/ensemble_2_models_e5ohnz5w_tta_ddp_kpcyjb66_tta_hybrid/predicted_lesions/thr0p4_mincc10/scan_0054_pred_lesion.nii.gz
scan_0054,probability_average,none,0.4,20,nan,0.1,0,1,1,0.0,0,nan,-1,nan,-1,nan,-1,-1,nan,-1,/data/data/DA25S005/miccai_tbi/MultiTalentV2_finetuning/checkpoints/validation2025_100/ensemble_2_models_e5ohnz5w_tta_ddp_kpcyjb66_tta_hybrid/predicted_lesions/thr0p4_mincc20/scan_0054_pred_lesion.nii.gz
scan_0054,probability_average,none,0.4,40,nan,0.1,0,1,1,0.0,0,nan,-1,nan,-1,nan,-1,-1,nan,-1,/data/data/DA25S005/miccai_tbi/MultiTalentV2_finetuning/checkpoints/validation2025_100/ensemble_2_models_e5ohnz5w_tta_ddp_kpcyjb66_tta_hybrid/predicted_lesions/thr0p4_mincc40/scan_0054_pred_lesion.nii.gz
scan_0054,probability_average,none,0.5,0,nan,0.1,0,1,1,0.0,0,nan,-1,nan,-1,nan,-1,-1,nan,-1,/data/data/DA25S005/miccai_tbi/MultiTalentV2_finetuning/checkpoints/validation2025_100/ensemble_2_models_e5ohnz5w_tta_ddp_kpcyjb66_tta_hybrid/predicted_lesions/thr0p5_mincc0/scan_0054_pred_lesion.nii.gz
scan_0054,probability_average,none,0.5,3,nan,0.1,0,1,1,0.0,0,nan,-1,nan,-1,nan,-1,-1,nan,-1,/data/data/DA25S005/miccai_tbi/MultiTalentV2_finetuning/checkpoints/validation2025_100/ensemble_2_models_e5ohnz5w_tta_ddp_kpcyjb66_tta_hybrid/predicted_lesions/thr0p5_mincc3/scan_0054_pred_lesion.nii.gz
scan_0054,probability_average,none,0.5,5,nan,0.1,0,1,1,0.0,0,nan,-1,nan,-1,nan,-1,-1,nan,-1,/data/data/DA25S005/miccai_tbi/MultiTalentV2_finetuning/checkpoints/validation2025_100/ensemble_2_models_e5ohnz5w_tta_ddp_kpcyjb66_tta_hybrid/predicted_lesions/thr0p5_mincc5/scan_0054_pred_lesion.nii.gz
scan_0054,probability_average,none,0.5,10,nan,0.1,0,1,1,0.0,0,nan,-1,nan,-1,nan,-1,-1,nan,-1,/data/data/DA25S005/miccai_tbi/MultiTalentV2_finetuning/checkpoints/validation2025_100/ensemble_2_models_e5ohnz5w_tta_ddp_kpcyjb66_tta_hybrid/predicted_lesions/thr0p5_mincc10/scan_0054_pred_lesion.nii.gz
scan_0054,probability_average,none,0.5,20,nan,0.1,0,1,1,0.0,0,nan,-1,nan,-1,nan,-1,-1,nan,-1,/data/data/DA25S005/miccai_tbi/MultiTalentV2_finetuning/checkpoints/validation2025_100/ensemble_2_models_e5ohnz5w_tta_ddp_kpcyjb66_tta_hybrid/predicted_lesions/thr0p5_mincc20/scan_0054_pred_lesion.nii.gz
scan_0054,probability_average,none,0.5,40,nan,0.1,0,1,1,0.0,0,nan,-1,nan,-1,nan,-1,-1,nan,-1,/data/data/DA25S005/miccai_tbi/MultiTalentV2_finetuning/checkpoints/validation2025_100/ensemble_2_models_e5ohnz5w_tta_ddp_kpcyjb66_tta_hybrid/predicted_lesions/thr0p5_mincc40/scan_0054_pred_lesion.nii.gz
scan_0055,probability_average,none,0.1,0,nan,0.1,0,1,1,0.0,0,nan,-1,nan,-1,nan,-1,-1,nan,-1,/data/data/DA25S005/miccai_tbi/MultiTalentV2_finetuning/checkpoints/validation2025_100/ensemble_2_models_e5ohnz5w_tta_ddp_kpcyjb66_tta_hybrid/predicted_lesions/thr0p1_mincc0/scan_0055_pred_lesion.nii.gz
scan_0055,probability_average,none,0.1,3,nan,0.1,0,1,1,0.0,0,nan,-1,nan,-1,nan,-1,-1,nan,-1,/data/data/DA25S005/miccai_tbi/MultiTalentV2_finetuning/checkpoints/validation2025_100/ensemble_2_models_e5ohnz5w_tta_ddp_kpcyjb66_tta_hybrid/predicted_lesions/thr0p1_mincc3/scan_0055_pred_lesion.nii.gz
scan_0055,probability_average,none,0.1,5,nan,0.1,0,1,1,0.0,0,nan,-1,nan,-1,nan,-1,-1,nan,-1,/data/data/DA25S005/miccai_tbi/MultiTalentV2_finetuning/checkpoints/validation2025_100/ensemble_2_models_e5ohnz5w_tta_ddp_kpcyjb66_tta_hybrid/predicted_lesions/thr0p1_mincc5/scan_0055_pred_lesion.nii.gz
scan_0055,probability_average,none,0.1,10,nan,0.1,0,1,1,0.0,0,nan,-1,nan,-1,nan,-1,-1,nan,-1,/data/data/DA25S005/miccai_tbi/MultiTalentV2_finetuning/checkpoints/validation2025_100/ensemble_2_models_e5ohnz5w_tta_ddp_kpcyjb66_tta_hybrid/predicted_lesions/thr0p1_mincc10/scan_0055_pred_lesion.nii.gz
scan_0055,probability_average,none,0.1,20,nan,0.1,0,1,1,0.0,0,nan,-1,nan,-1,nan,-1,-1,nan,-1,/data/data/DA25S005/miccai_tbi/MultiTalentV2_finetuning/checkpoints/validation2025_100/ensemble_2_models_e5ohnz5w_tta_ddp_kpcyjb66_tta_hybrid/predicted_lesions/thr0p1_mincc20/scan_0055_pred_lesion.nii.gz
scan_0055,probability_average,none,0.1,40,nan,0.1,0,1,1,0.0,0,nan,-1,nan,-1,nan,-1,-1,nan,-1,/data/data/DA25S005/miccai_tbi/MultiTalentV2_finetuning/checkpoints/validation2025_100/ensemble_2_models_e5ohnz5w_tta_ddp_kpcyjb66_tta_hybrid/predicted_lesions/thr0p1_mincc40/scan_0055_pred_lesion.nii.gz
scan_0055,probability_average,none,0.2,0,nan,0.1,0,1,1,0.0,0,nan,-1,nan,-1,nan,-1,-1,nan,-1,/data/data/DA25S005/miccai_tbi/MultiTalentV2_finetuning/checkpoints/validation2025_100/ensemble_2_models_e5ohnz5w_tta_ddp_kpcyjb66_tta_hybrid/predicted_lesions/thr0p2_mincc0/scan_0055_pred_lesion.nii.gz
scan_0055,probability_average,none,0.2,3,nan,0.1,0,1,1,0.0,0,nan,-1,nan,-1,nan,-1,-1,nan,-1,/data/data/DA25S005/miccai_tbi/MultiTalentV2_finetuning/checkpoints/validation2025_100/ensemble_2_models_e5ohnz5w_tta_ddp_kpcyjb66_tta_hybrid/predicted_lesions/thr0p2_mincc3/scan_0055_pred_lesion.nii.gz
scan_0055,probability_average,none,0.2,5,nan,0.1,0,1,1,0.0,0,nan,-1,nan,-1,nan,-1,-1,nan,-1,/data/data/DA25S005/miccai_tbi/MultiTalentV2_finetuning/checkpoints/validation2025_100/ensemble_2_models_e5ohnz5w_tta_ddp_kpcyjb66_tta_hybrid/predicted_lesions/thr0p2_mincc5/scan_0055_pred_lesion.nii.gz
scan_0055,probability_average,none,0.2,10,nan,0.1,0,1,1,0.0,0,nan,-1,nan,-1,nan,-1,-1,nan,-1,/data/data/DA25S005/miccai_tbi/MultiTalentV2_finetuning/checkpoints/validation2025_100/ensemble_2_models_e5ohnz5w_tta_ddp_kpcyjb66_tta_hybrid/predicted_lesions/thr0p2_mincc10/scan_0055_pred_lesion.nii.gz
scan_0055,probability_average,none,0.2,20,nan,0.1,0,1,1,0.0,0,nan,-1,nan,-1,nan,-1,-1,nan,-1,/data/data/DA25S005/miccai_tbi/MultiTalentV2_finetuning/checkpoints/validation2025_100/ensemble_2_models_e5ohnz5w_tta_ddp_kpcyjb66_tta_hybrid/predicted_lesions/thr0p2_mincc20/scan_0055_pred_lesion.nii.gz
scan_0055,probability_average,none,0.2,40,nan,0.1,0,1,1,0.0,0,nan,-1,nan,-1,nan,-1,-1,nan,-1,/data/data/DA25S005/miccai_tbi/MultiTalentV2_finetuning/checkpoints/validation2025_100/ensemble_2_models_e5ohnz5w_tta_ddp_kpcyjb66_tta_hybrid/predicted_lesions/thr0p2_mincc40/scan_0055_pred_lesion.nii.gz
scan_0055,probability_average,none,0.3,0,nan,0.1,0,1,1,0.0,0,nan,-1,nan,-1,nan,-1,-1,nan,-1,/data/data/DA25S005/miccai_tbi/MultiTalentV2_finetuning/checkpoints/validation2025_100/ensemble_2_models_e5ohnz5w_tta_ddp_kpcyjb66_tta_hybrid/predicted_lesions/thr0p3_mincc0/scan_0055_pred_lesion.nii.gz
scan_0055,probability_average,none,0.3,3,nan,0.1,0,1,1,0.0,0,nan,-1,nan,-1,nan,-1,-1,nan,-1,/data/data/DA25S005/miccai_tbi/MultiTalentV2_finetuning/checkpoints/validation2025_100/ensemble_2_models_e5ohnz5w_tta_ddp_kpcyjb66_tta_hybrid/predicted_lesions/thr0p3_mincc3/scan_0055_pred_lesion.nii.gz
scan_0055,probability_average,none,0.3,5,nan,0.1,0,1,1,0.0,0,nan,-1,nan,-1,nan,-1,-1,nan,-1,/data/data/DA25S005/miccai_tbi/MultiTalentV2_finetuning/checkpoints/validation2025_100/ensemble_2_models_e5ohnz5w_tta_ddp_kpcyjb66_tta_hybrid/predicted_lesions/thr0p3_mincc5/scan_0055_pred_lesion.nii.gz
scan_0055,probability_average,none,0.3,10,nan,0.1,0,1,1,0.0,0,nan,-1,nan,-1,nan,-1,-1,nan,-1,/data/data/DA25S005/miccai_tbi/MultiTalentV2_finetuning/checkpoints/validation2025_100/ensemble_2_models_e5ohnz5w_tta_ddp_kpcyjb66_tta_hybrid/predicted_lesions/thr0p3_mincc10/scan_0055_pred_lesion.nii.gz
scan_0055,probability_average,none,0.3,20,nan,0.1,0,1,1,0.0,0,nan,-1,nan,-1,nan,-1,-1,nan,-1,/data/data/DA25S005/miccai_tbi/MultiTalentV2_finetuning/checkpoints/validation2025_100/ensemble_2_models_e5ohnz5w_tta_ddp_kpcyjb66_tta_hybrid/predicted_lesions/thr0p3_mincc20/scan_0055_pred_lesion.nii.gz
scan_0055,probability_average,none,0.3,40,nan,0.1,0,1,1,0.0,0,nan,-1,nan,-1,nan,-1,-1,nan,-1,/data/data/DA25S005/miccai_tbi/MultiTalentV2_finetuning/checkpoints/validation2025_100/ensemble_2_models_e5ohnz5w_tta_ddp_kpcyjb66_tta_hybrid/predicted_lesions/thr0p3_mincc40/scan_0055_pred_lesion.nii.gz
scan_0055,probability_average,none,0.4,0,nan,0.1,0,1,1,0.0,0,nan,-1,nan,-1,nan,-1,-1,nan,-1,/data/data/DA25S005/miccai_tbi/MultiTalentV2_finetuning/checkpoints/validation2025_100/ensemble_2_models_e5ohnz5w_tta_ddp_kpcyjb66_tta_hybrid/predicted_lesions/thr0p4_mincc0/scan_0055_pred_lesion.nii.gz
scan_0055,probability_average,none,0.4,3,nan,0.1,0,1,1,0.0,0,nan,-1,nan,-1,nan,-1,-1,nan,-1,/data/data/DA25S005/miccai_tbi/MultiTalentV2_finetuning/checkpoints/validation2025_100/ensemble_2_models_e5ohnz5w_tta_ddp_kpcyjb66_tta_hybrid/predicted_lesions/thr0p4_mincc3/scan_0055_pred_lesion.nii.gz
scan_0055,probability_average,none,0.4,5,nan,0.1,0,1,1,0.0,0,nan,-1,nan,-1,nan,-1,-1,nan,-1,/data/data/DA25S005/miccai_tbi/MultiTalentV2_finetuning/checkpoints/validation2025_100/ensemble_2_models_e5ohnz5w_tta_ddp_kpcyjb66_tta_hybrid/predicted_lesions/thr0p4_mincc5/scan_0055_pred_lesion.nii.gz
scan_0055,probability_average,none,0.4,10,nan,0.1,0,1,1,0.0,0,nan,-1,nan,-1,nan,-1,-1,nan,-1,/data/data/DA25S005/miccai_tbi/MultiTalentV2_finetuning/checkpoints/validation2025_100/ensemble_2_models_e5ohnz5w_tta_ddp_kpcyjb66_tta_hybrid/predicted_lesions/thr0p4_mincc10/scan_0055_pred_lesion.nii.gz
scan_0055,probability_average,none,0.4,20,nan,0.1,0,1,1,0.0,0,nan,-1,nan,-1,nan,-1,-1,nan,-1,/data/data/DA25S005/miccai_tbi/MultiTalentV2_finetuning/checkpoints/validation2025_100/ensemble_2_models_e5ohnz5w_tta_ddp_kpcyjb66_tta_hybrid/predicted_lesions/thr0p4_mincc20/scan_0055_pred_lesion.nii.gz
scan_0055,probability_average,none,0.4,40,nan,0.1,0,1,1,0.0,0,nan,-1,nan,-1,nan,-1,-1,nan,-1,/data/data/DA25S005/miccai_tbi/MultiTalentV2_finetuning/checkpoints/validation2025_100/ensemble_2_models_e5ohnz5w_tta_ddp_kpcyjb66_tta_hybrid/predicted_lesions/thr0p4_mincc40/scan_0055_pred_lesion.nii.gz
scan_0055,probability_average,none,0.5,0,nan,0.1,0,1,1,0.0,0,nan,-1,nan,-1,nan,-1,-1,nan,-1,/data/data/DA25S005/miccai_tbi/MultiTalentV2_finetuning/checkpoints/validation2025_100/ensemble_2_models_e5ohnz5w_tta_ddp_kpcyjb66_tta_hybrid/predicted_lesions/thr0p5_mincc0/scan_0055_pred_lesion.nii.gz
scan_0055,probability_average,none,0.5,3,nan,0.1,0,1,1,0.0,0,nan,-1,nan,-1,nan,-1,-1,nan,-1,/data/data/DA25S005/miccai_tbi/MultiTalentV2_finetuning/checkpoints/validation2025_100/ensemble_2_models_e5ohnz5w_tta_ddp_kpcyjb66_tta_hybrid/predicted_lesions/thr0p5_mincc3/scan_0055_pred_lesion.nii.gz
scan_0055,probability_average,none,0.5,5,nan,0.1,0,1,1,0.0,0,nan,-1,nan,-1,nan,-1,-1,nan,-1,/data/data/DA25S005/miccai_tbi/MultiTalentV2_finetuning/checkpoints/validation2025_100/ensemble_2_models_e5ohnz5w_tta_ddp_kpcyjb66_tta_hybrid/predicted_lesions/thr0p5_mincc5/scan_0055_pred_lesion.nii.gz
scan_0055,probability_average,none,0.5,10,nan,0.1,0,1,1,0.0,0,nan,-1,nan,-1,nan,-1,-1,nan,-1,/data/data/DA25S005/miccai_tbi/MultiTalentV2_finetuning/checkpoints/validation2025_100/ensemble_2_models_e5ohnz5w_tta_ddp_kpcyjb66_tta_hybrid/predicted_lesions/thr0p5_mincc10/scan_0055_pred_lesion.nii.gz
scan_0055,probability_average,none,0.5,20,nan,0.1,0,1,1,0.0,0,nan,-1,nan,-1,nan,-1,-1,nan,-1,/data/data/DA25S005/miccai_tbi/MultiTalentV2_finetuning/checkpoints/validation2025_100/ensemble_2_models_e5ohnz5w_tta_ddp_kpcyjb66_tta_hybrid/predicted_lesions/thr0p5_mincc20/scan_0055_pred_lesion.nii.gz
scan_0055,probability_average,none,0.5,40,nan,0.1,0,1,1,0.0,0,nan,-1,nan,-1,nan,-1,-1,nan,-1,/data/data/DA25S005/miccai_tbi/MultiTalentV2_finetuning/checkpoints/validation2025_100/ensemble_2_models_e5ohnz5w_tta_ddp_kpcyjb66_tta_hybrid/predicted_lesions/thr0p5_mincc40/scan_0055_pred_lesion.nii.gz
scan_0066,probability_average,none,0.1,0,nan,0.1,0,1,1,0.0,0,nan,-1,nan,-1,nan,-1,-1,nan,-1,/data/data/DA25S005/miccai_tbi/MultiTalentV2_finetuning/checkpoints/validation2025_100/ensemble_2_models_e5ohnz5w_tta_ddp_kpcyjb66_tta_hybrid/predicted_lesions/thr0p1_mincc0/scan_0066_pred_lesion.nii.gz
scan_0066,probability_average,none,0.1,3,nan,0.1,0,1,1,0.0,0,nan,-1,nan,-1,nan,-1,-1,nan,-1,/data/data/DA25S005/miccai_tbi/MultiTalentV2_finetuning/checkpoints/validation2025_100/ensemble_2_models_e5ohnz5w_tta_ddp_kpcyjb66_tta_hybrid/predicted_lesions/thr0p1_mincc3/scan_0066_pred_lesion.nii.gz
scan_0066,probability_average,none,0.1,5,nan,0.1,0,1,1,0.0,0,nan,-1,nan,-1,nan,-1,-1,nan,-1,/data/data/DA25S005/miccai_tbi/MultiTalentV2_finetuning/checkpoints/validation2025_100/ensemble_2_models_e5ohnz5w_tta_ddp_kpcyjb66_tta_hybrid/predicted_lesions/thr0p1_mincc5/scan_0066_pred_lesion.nii.gz
scan_0066,probability_average,none,0.1,10,nan,0.1,0,1,1,0.0,0,nan,-1,nan,-1,nan,-1,-1,nan,-1,/data/data/DA25S005/miccai_tbi/MultiTalentV2_finetuning/checkpoints/validation2025_100/ensemble_2_models_e5ohnz5w_tta_ddp_kpcyjb66_tta_hybrid/predicted_lesions/thr0p1_mincc10/scan_0066_pred_lesion.nii.gz
scan_0066,probability_average,none,0.1,20,nan,0.1,0,1,1,0.0,0,nan,-1,nan,-1,nan,-1,-1,nan,-1,/data/data/DA25S005/miccai_tbi/MultiTalentV2_finetuning/checkpoints/validation2025_100/ensemble_2_models_e5ohnz5w_tta_ddp_kpcyjb66_tta_hybrid/predicted_lesions/thr0p1_mincc20/scan_0066_pred_lesion.nii.gz
scan_0066,probability_average,none,0.1,40,nan,0.1,0,1,1,0.0,0,nan,-1,nan,-1,nan,-1,-1,nan,-1,/data/data/DA25S005/miccai_tbi/MultiTalentV2_finetuning/checkpoints/validation2025_100/ensemble_2_models_e5ohnz5w_tta_ddp_kpcyjb66_tta_hybrid/predicted_lesions/thr0p1_mincc40/scan_0066_pred_lesion.nii.gz
scan_0066,probability_average,none,0.2,0,nan,0.1,0,1,1,0.0,0,nan,-1,nan,-1,nan,-1,-1,nan,-1,/data/data/DA25S005/miccai_tbi/MultiTalentV2_finetuning/checkpoints/validation2025_100/ensemble_2_models_e5ohnz5w_tta_ddp_kpcyjb66_tta_hybrid/predicted_lesions/thr0p2_mincc0/scan_0066_pred_lesion.nii.gz
scan_0066,probability_average,none,0.2,3,nan,0.1,0,1,1,0.0,0,nan,-1,nan,-1,nan,-1,-1,nan,-1,/data/data/DA25S005/miccai_tbi/MultiTalentV2_finetuning/checkpoints/validation2025_100/ensemble_2_models_e5ohnz5w_tta_ddp_kpcyjb66_tta_hybrid/predicted_lesions/thr0p2_mincc3/scan_0066_pred_lesion.nii.gz
scan_0066,probability_average,none,0.2,5,nan,0.1,0,1,1,0.0,0,nan,-1,nan,-1,nan,-1,-1,nan,-1,/data/data/DA25S005/miccai_tbi/MultiTalentV2_finetuning/checkpoints/validation2025_100/ensemble_2_models_e5ohnz5w_tta_ddp_kpcyjb66_tta_hybrid/predicted_lesions/thr0p2_mincc5/scan_0066_pred_lesion.nii.gz
scan_0066,probability_average,none,0.2,10,nan,0.1,0,1,1,0.0,0,nan,-1,nan,-1,nan,-1,-1,nan,-1,/data/data/DA25S005/miccai_tbi/MultiTalentV2_finetuning/checkpoints/validation2025_100/ensemble_2_models_e5ohnz5w_tta_ddp_kpcyjb66_tta_hybrid/predicted_lesions/thr0p2_mincc10/scan_0066_pred_lesion.nii.gz
scan_0066,probability_average,none,0.2,20,nan,0.1,0,1,1,0.0,0,nan,-1,nan,-1,nan,-1,-1,nan,-1,/data/data/DA25S005/miccai_tbi/MultiTalentV2_finetuning/checkpoints/validation2025_100/ensemble_2_models_e5ohnz5w_tta_ddp_kpcyjb66_tta_hybrid/predicted_lesions/thr0p2_mincc20/scan_0066_pred_lesion.nii.gz
scan_0066,probability_average,none,0.2,40,nan,0.1,0,1,1,0.0,0,nan,-1,nan,-1,nan,-1,-1,nan,-1,/data/data/DA25S005/miccai_tbi/MultiTalentV2_finetuning/checkpoints/validation2025_100/ensemble_2_models_e5ohnz5w_tta_ddp_kpcyjb66_tta_hybrid/predicted_lesions/thr0p2_mincc40/scan_0066_pred_lesion.nii.gz
scan_0066,probability_average,none,0.3,0,nan,0.1,0,1,1,0.0,0,nan,-1,nan,-1,nan,-1,-1,nan,-1,/data/data/DA25S005/miccai_tbi/MultiTalentV2_finetuning/checkpoints/validation2025_100/ensemble_2_models_e5ohnz5w_tta_ddp_kpcyjb66_tta_hybrid/predicted_lesions/thr0p3_mincc0/scan_0066_pred_lesion.nii.gz
scan_0066,probability_average,none,0.3,3,nan,0.1,0,1,1,0.0,0,nan,-1,nan,-1,nan,-1,-1,nan,-1,/data/data/DA25S005/miccai_tbi/MultiTalentV2_finetuning/checkpoints/validation2025_100/ensemble_2_models_e5ohnz5w_tta_ddp_kpcyjb66_tta_hybrid/predicted_lesions/thr0p3_mincc3/scan_0066_pred_lesion.nii.gz
scan_0066,probability_average,none,0.3,5,nan,0.1,0,1,1,0.0,0,nan,-1,nan,-1,nan,-1,-1,nan,-1,/data/data/DA25S005/miccai_tbi/MultiTalentV2_finetuning/checkpoints/validation2025_100/ensemble_2_models_e5ohnz5w_tta_ddp_kpcyjb66_tta_hybrid/predicted_lesions/thr0p3_mincc5/scan_0066_pred_lesion.nii.gz
scan_0066,probability_average,none,0.3,10,nan,0.1,0,1,1,0.0,0,nan,-1,nan,-1,nan,-1,-1,nan,-1,/data/data/DA25S005/miccai_tbi/MultiTalentV2_finetuning/checkpoints/validation2025_100/ensemble_2_models_e5ohnz5w_tta_ddp_kpcyjb66_tta_hybrid/predicted_lesions/thr0p3_mincc10/scan_0066_pred_lesion.nii.gz
scan_0066,probability_average,none,0.3,20,nan,0.1,0,1,1,0.0,0,nan,-1,nan,-1,nan,-1,-1,nan,-1,/data/data/DA25S005/miccai_tbi/MultiTalentV2_finetuning/checkpoints/validation2025_100/ensemble_2_models_e5ohnz5w_tta_ddp_kpcyjb66_tta_hybrid/predicted_lesions/thr0p3_mincc20/scan_0066_pred_lesion.nii.gz
scan_0066,probability_average,none,0.3,40,nan,0.1,0,1,1,0.0,0,nan,-1,nan,-1,nan,-1,-1,nan,-1,/data/data/DA25S005/miccai_tbi/MultiTalentV2_finetuning/checkpoints/validation2025_100/ensemble_2_models_e5ohnz5w_tta_ddp_kpcyjb66_tta_hybrid/predicted_lesions/thr0p3_mincc40/scan_0066_pred_lesion.nii.gz
scan_0066,probability_average,none,0.4,0,nan,0.1,0,1,1,0.0,0,nan,-1,nan,-1,nan,-1,-1,nan,-1,/data/data/DA25S005/miccai_tbi/MultiTalentV2_finetuning/checkpoints/validation2025_100/ensemble_2_models_e5ohnz5w_tta_ddp_kpcyjb66_tta_hybrid/predicted_lesions/thr0p4_mincc0/scan_0066_pred_lesion.nii.gz
scan_0066,probability_average,none,0.4,3,nan,0.1,0,1,1,0.0,0,nan,-1,nan,-1,nan,-1,-1,nan,-1,/data/data/DA25S005/miccai_tbi/MultiTalentV2_finetuning/checkpoints/validation2025_100/ensemble_2_models_e5ohnz5w_tta_ddp_kpcyjb66_tta_hybrid/predicted_lesions/thr0p4_mincc3/scan_0066_pred_lesion.nii.gz
scan_0066,probability_average,none,0.4,5,nan,0.1,0,1,1,0.0,0,nan,-1,nan,-1,nan,-1,-1,nan,-1,/data/data/DA25S005/miccai_tbi/MultiTalentV2_finetuning/checkpoints/validation2025_100/ensemble_2_models_e5ohnz5w_tta_ddp_kpcyjb66_tta_hybrid/predicted_lesions/thr0p4_mincc5/scan_0066_pred_lesion.nii.gz
scan_0066,probability_average,none,0.4,10,nan,0.1,0,1,1,0.0,0,nan,-1,nan,-1,nan,-1,-1,nan,-1,/data/data/DA25S005/miccai_tbi/MultiTalentV2_finetuning/checkpoints/validation2025_100/ensemble_2_models_e5ohnz5w_tta_ddp_kpcyjb66_tta_hybrid/predicted_lesions/thr0p4_mincc10/scan_0066_pred_lesion.nii.gz
scan_0066,probability_average,none,0.4,20,nan,0.1,0,1,1,0.0,0,nan,-1,nan,-1,nan,-1,-1,nan,-1,/data/data/DA25S005/miccai_tbi/MultiTalentV2_finetuning/checkpoints/validation2025_100/ensemble_2_models_e5ohnz5w_tta_ddp_kpcyjb66_tta_hybrid/predicted_lesions/thr0p4_mincc20/scan_0066_pred_lesion.nii.gz
scan_0066,probability_average,none,0.4,40,nan,0.1,0,1,1,0.0,0,nan,-1,nan,-1,nan,-1,-1,nan,-1,/data/data/DA25S005/miccai_tbi/MultiTalentV2_finetuning/checkpoints/validation2025_100/ensemble_2_models_e5ohnz5w_tta_ddp_kpcyjb66_tta_hybrid/predicted_lesions/thr0p4_mincc40/scan_0066_pred_lesion.nii.gz
scan_0066,probability_average,none,0.5,0,nan,0.1,0,1,1,0.0,0,nan,-1,nan,-1,nan,-1,-1,nan,-1,/data/data/DA25S005/miccai_tbi/MultiTalentV2_finetuning/checkpoints/validation2025_100/ensemble_2_models_e5ohnz5w_tta_ddp_kpcyjb66_tta_hybrid/predicted_lesions/thr0p5_mincc0/scan_0066_pred_lesion.nii.gz
scan_0066,probability_average,none,0.5,3,nan,0.1,0,1,1,0.0,0,nan,-1,nan,-1,nan,-1,-1,nan,-1,/data/data/DA25S005/miccai_tbi/MultiTalentV2_finetuning/checkpoints/validation2025_100/ensemble_2_models_e5ohnz5w_tta_ddp_kpcyjb66_tta_hybrid/predicted_lesions/thr0p5_mincc3/scan_0066_pred_lesion.nii.gz
scan_0066,probability_average,none,0.5,5,nan,0.1,0,1,1,0.0,0,nan,-1,nan,-1,nan,-1,-1,nan,-1,/data/data/DA25S005/miccai_tbi/MultiTalentV2_finetuning/checkpoints/validation2025_100/ensemble_2_models_e5ohnz5w_tta_ddp_kpcyjb66_tta_hybrid/predicted_lesions/thr0p5_mincc5/scan_0066_pred_lesion.nii.gz
scan_0066,probability_average,none,0.5,10,nan,0.1,0,1,1,0.0,0,nan,-1,nan,-1,nan,-1,-1,nan,-1,/data/data/DA25S005/miccai_tbi/MultiTalentV2_finetuning/checkpoints/validation2025_100/ensemble_2_models_e5ohnz5w_tta_ddp_kpcyjb66_tta_hybrid/predicted_lesions/thr0p5_mincc10/scan_0066_pred_lesion.nii.gz
scan_0066,probability_average,none,0.5,20,nan,0.1,0,1,1,0.0,0,nan,-1,nan,-1,nan,-1,-1,nan,-1,/data/data/DA25S005/miccai_tbi/MultiTalentV2_finetuning/checkpoints/validation2025_100/ensemble_2_models_e5ohnz5w_tta_ddp_kpcyjb66_tta_hybrid/predicted_lesions/thr0p5_mincc20/scan_0066_pred_lesion.nii.gz
scan_0066,probability_average,none,0.5,40,nan,0.1,0,1,1,0.0,0,nan,-1,nan,-1,nan,-1,-1,nan,-1,/data/data/DA25S005/miccai_tbi/MultiTalentV2_finetuning/checkpoints/validation2025_100/ensemble_2_models_e5ohnz5w_tta_ddp_kpcyjb66_tta_hybrid/predicted_lesions/thr0p5_mincc40/scan_0066_pred_lesion.nii.gz
scan_0067,probability_average,none,0.1,0,nan,0.1,0,1,1,0.0,0,nan,-1,nan,-1,nan,-1,-1,nan,-1,/data/data/DA25S005/miccai_tbi/MultiTalentV2_finetuning/checkpoints/validation2025_100/ensemble_2_models_e5ohnz5w_tta_ddp_kpcyjb66_tta_hybrid/predicted_lesions/thr0p1_mincc0/scan_0067_pred_lesion.nii.gz
scan_0067,probability_average,none,0.1,3,nan,0.1,0,1,1,0.0,0,nan,-1,nan,-1,nan,-1,-1,nan,-1,/data/data/DA25S005/miccai_tbi/MultiTalentV2_finetuning/checkpoints/validation2025_100/ensemble_2_models_e5ohnz5w_tta_ddp_kpcyjb66_tta_hybrid/predicted_lesions/thr0p1_mincc3/scan_0067_pred_lesion.nii.gz
scan_0067,probability_average,none,0.1,5,nan,0.1,0,1,1,0.0,0,nan,-1,nan,-1,nan,-1,-1,nan,-1,/data/data/DA25S005/miccai_tbi/MultiTalentV2_finetuning/checkpoints/validation2025_100/ensemble_2_models_e5ohnz5w_tta_ddp_kpcyjb66_tta_hybrid/predicted_lesions/thr0p1_mincc5/scan_0067_pred_lesion.nii.gz
scan_0067,probability_average,none,0.1,10,nan,0.1,0,1,1,0.0,0,nan,-1,nan,-1,nan,-1,-1,nan,-1,/data/data/DA25S005/miccai_tbi/MultiTalentV2_finetuning/checkpoints/validation2025_100/ensemble_2_models_e5ohnz5w_tta_ddp_kpcyjb66_tta_hybrid/predicted_lesions/thr0p1_mincc10/scan_0067_pred_lesion.nii.gz
scan_0067,probability_average,none,0.1,20,nan,0.1,0,1,1,0.0,0,nan,-1,nan,-1,nan,-1,-1,nan,-1,/data/data/DA25S005/miccai_tbi/MultiTalentV2_finetuning/checkpoints/validation2025_100/ensemble_2_models_e5ohnz5w_tta_ddp_kpcyjb66_tta_hybrid/predicted_lesions/thr0p1_mincc20/scan_0067_pred_lesion.nii.gz
scan_0067,probability_average,none,0.1,40,nan,0.1,0,1,1,0.0,0,nan,-1,nan,-1,nan,-1,-1,nan,-1,/data/data/DA25S005/miccai_tbi/MultiTalentV2_finetuning/checkpoints/validation2025_100/ensemble_2_models_e5ohnz5w_tta_ddp_kpcyjb66_tta_hybrid/predicted_lesions/thr0p1_mincc40/scan_0067_pred_lesion.nii.gz
scan_0067,probability_average,none,0.2,0,nan,0.1,0,1,1,0.0,0,nan,-1,nan,-1,nan,-1,-1,nan,-1,/data/data/DA25S005/miccai_tbi/MultiTalentV2_finetuning/checkpoints/validation2025_100/ensemble_2_models_e5ohnz5w_tta_ddp_kpcyjb66_tta_hybrid/predicted_lesions/thr0p2_mincc0/scan_0067_pred_lesion.nii.gz
scan_0067,probability_average,none,0.2,3,nan,0.1,0,1,1,0.0,0,nan,-1,nan,-1,nan,-1,-1,nan,-1,/data/data/DA25S005/miccai_tbi/MultiTalentV2_finetuning/checkpoints/validation2025_100/ensemble_2_models_e5ohnz5w_tta_ddp_kpcyjb66_tta_hybrid/predicted_lesions/thr0p2_mincc3/scan_0067_pred_lesion.nii.gz
scan_0067,probability_average,none,0.2,5,nan,0.1,0,1,1,0.0,0,nan,-1,nan,-1,nan,-1,-1,nan,-1,/data/data/DA25S005/miccai_tbi/MultiTalentV2_finetuning/checkpoints/validation2025_100/ensemble_2_models_e5ohnz5w_tta_ddp_kpcyjb66_tta_hybrid/predicted_lesions/thr0p2_mincc5/scan_0067_pred_lesion.nii.gz
scan_0067,probability_average,none,0.2,10,nan,0.1,0,1,1,0.0,0,nan,-1,nan,-1,nan,-1,-1,nan,-1,/data/data/DA25S005/miccai_tbi/MultiTalentV2_finetuning/checkpoints/validation2025_100/ensemble_2_models_e5ohnz5w_tta_ddp_kpcyjb66_tta_hybrid/predicted_lesions/thr0p2_mincc10/scan_0067_pred_lesion.nii.gz
scan_0067,probability_average,none,0.2,20,nan,0.1,0,1,1,0.0,0,nan,-1,nan,-1,nan,-1,-1,nan,-1,/data/data/DA25S005/miccai_tbi/MultiTalentV2_finetuning/checkpoints/validation2025_100/ensemble_2_models_e5ohnz5w_tta_ddp_kpcyjb66_tta_hybrid/predicted_lesions/thr0p2_mincc20/scan_0067_pred_lesion.nii.gz
scan_0067,probability_average,none,0.2,40,nan,0.1,0,1,1,0.0,0,nan,-1,nan,-1,nan,-1,-1,nan,-1,/data/data/DA25S005/miccai_tbi/MultiTalentV2_finetuning/checkpoints/validation2025_100/ensemble_2_models_e5ohnz5w_tta_ddp_kpcyjb66_tta_hybrid/predicted_lesions/thr0p2_mincc40/scan_0067_pred_lesion.nii.gz
scan_0067,probability_average,none,0.3,0,nan,0.1,0,1,1,0.0,0,nan,-1,nan,-1,nan,-1,-1,nan,-1,/data/data/DA25S005/miccai_tbi/MultiTalentV2_finetuning/checkpoints/validation2025_100/ensemble_2_models_e5ohnz5w_tta_ddp_kpcyjb66_tta_hybrid/predicted_lesions/thr0p3_mincc0/scan_0067_pred_lesion.nii.gz
scan_0067,probability_average,none,0.3,3,nan,0.1,0,1,1,0.0,0,nan,-1,nan,-1,nan,-1,-1,nan,-1,/data/data/DA25S005/miccai_tbi/MultiTalentV2_finetuning/checkpoints/validation2025_100/ensemble_2_models_e5ohnz5w_tta_ddp_kpcyjb66_tta_hybrid/predicted_lesions/thr0p3_mincc3/scan_0067_pred_lesion.nii.gz
scan_0067,probability_average,none,0.3,5,nan,0.1,0,1,1,0.0,0,nan,-1,nan,-1,nan,-1,-1,nan,-1,/data/data/DA25S005/miccai_tbi/MultiTalentV2_finetuning/checkpoints/validation2025_100/ensemble_2_models_e5ohnz5w_tta_ddp_kpcyjb66_tta_hybrid/predicted_lesions/thr0p3_mincc5/scan_0067_pred_lesion.nii.gz
scan_0067,probability_average,none,0.3,10,nan,0.1,0,1,1,0.0,0,nan,-1,nan,-1,nan,-1,-1,nan,-1,/data/data/DA25S005/miccai_tbi/MultiTalentV2_finetuning/checkpoints/validation2025_100/ensemble_2_models_e5ohnz5w_tta_ddp_kpcyjb66_tta_hybrid/predicted_lesions/thr0p3_mincc10/scan_0067_pred_lesion.nii.gz
scan_0067,probability_average,none,0.3,20,nan,0.1,0,1,1,0.0,0,nan,-1,nan,-1,nan,-1,-1,nan,-1,/data/data/DA25S005/miccai_tbi/MultiTalentV2_finetuning/checkpoints/validation2025_100/ensemble_2_models_e5ohnz5w_tta_ddp_kpcyjb66_tta_hybrid/predicted_lesions/thr0p3_mincc20/scan_0067_pred_lesion.nii.gz
scan_0067,probability_average,none,0.3,40,nan,0.1,0,1,1,0.0,0,nan,-1,nan,-1,nan,-1,-1,nan,-1,/data/data/DA25S005/miccai_tbi/MultiTalentV2_finetuning/checkpoints/validation2025_100/ensemble_2_models_e5ohnz5w_tta_ddp_kpcyjb66_tta_hybrid/predicted_lesions/thr0p3_mincc40/scan_0067_pred_lesion.nii.gz
scan_0067,probability_average,none,0.4,0,nan,0.1,0,1,1,0.0,0,nan,-1,nan,-1,nan,-1,-1,nan,-1,/data/data/DA25S005/miccai_tbi/MultiTalentV2_finetuning/checkpoints/validation2025_100/ensemble_2_models_e5ohnz5w_tta_ddp_kpcyjb66_tta_hybrid/predicted_lesions/thr0p4_mincc0/scan_0067_pred_lesion.nii.gz
scan_0067,probability_average,none,0.4,3,nan,0.1,0,1,1,0.0,0,nan,-1,nan,-1,nan,-1,-1,nan,-1,/data/data/DA25S005/miccai_tbi/MultiTalentV2_finetuning/checkpoints/validation2025_100/ensemble_2_models_e5ohnz5w_tta_ddp_kpcyjb66_tta_hybrid/predicted_lesions/thr0p4_mincc3/scan_0067_pred_lesion.nii.gz
scan_0067,probability_average,none,0.4,5,nan,0.1,0,1,1,0.0,0,nan,-1,nan,-1,nan,-1,-1,nan,-1,/data/data/DA25S005/miccai_tbi/MultiTalentV2_finetuning/checkpoints/validation2025_100/ensemble_2_models_e5ohnz5w_tta_ddp_kpcyjb66_tta_hybrid/predicted_lesions/thr0p4_mincc5/scan_0067_pred_lesion.nii.gz
scan_0067,probability_average,none,0.4,10,nan,0.1,0,1,1,0.0,0,nan,-1,nan,-1,nan,-1,-1,nan,-1,/data/data/DA25S005/miccai_tbi/MultiTalentV2_finetuning/checkpoints/validation2025_100/ensemble_2_models_e5ohnz5w_tta_ddp_kpcyjb66_tta_hybrid/predicted_lesions/thr0p4_mincc10/scan_0067_pred_lesion.nii.gz
scan_0067,probability_average,none,0.4,20,nan,0.1,0,1,1,0.0,0,nan,-1,nan,-1,nan,-1,-1,nan,-1,/data/data/DA25S005/miccai_tbi/MultiTalentV2_finetuning/checkpoints/validation2025_100/ensemble_2_models_e5ohnz5w_tta_ddp_kpcyjb66_tta_hybrid/predicted_lesions/thr0p4_mincc20/scan_0067_pred_lesion.nii.gz
scan_0067,probability_average,none,0.4,40,nan,0.1,0,1,1,0.0,0,nan,-1,nan,-1,nan,-1,-1,nan,-1,/data/data/DA25S005/miccai_tbi/MultiTalentV2_finetuning/checkpoints/validation2025_100/ensemble_2_models_e5ohnz5w_tta_ddp_kpcyjb66_tta_hybrid/predicted_lesions/thr0p4_mincc40/scan_0067_pred_lesion.nii.gz
scan_0067,probability_average,none,0.5,0,nan,0.1,0,1,1,0.0,0,nan,-1,nan,-1,nan,-1,-1,nan,-1,/data/data/DA25S005/miccai_tbi/MultiTalentV2_finetuning/checkpoints/validation2025_100/ensemble_2_models_e5ohnz5w_tta_ddp_kpcyjb66_tta_hybrid/predicted_lesions/thr0p5_mincc0/scan_0067_pred_lesion.nii.gz
scan_0067,probability_average,none,0.5,3,nan,0.1,0,1,1,0.0,0,nan,-1,nan,-1,nan,-1,-1,nan,-1,/data/data/DA25S005/miccai_tbi/MultiTalentV2_finetuning/checkpoints/validation2025_100/ensemble_2_models_e5ohnz5w_tta_ddp_kpcyjb66_tta_hybrid/predicted_lesions/thr0p5_mincc3/scan_0067_pred_lesion.nii.gz
scan_0067,probability_average,none,0.5,5,nan,0.1,0,1,1,0.0,0,nan,-1,nan,-1,nan,-1,-1,nan,-1,/data/data/DA25S005/miccai_tbi/MultiTalentV2_finetuning/checkpoints/validation2025_100/ensemble_2_models_e5ohnz5w_tta_ddp_kpcyjb66_tta_hybrid/predicted_lesions/thr0p5_mincc5/scan_0067_pred_lesion.nii.gz
scan_0067,probability_average,none,0.5,10,nan,0.1,0,1,1,0.0,0,nan,-1,nan,-1,nan,-1,-1,nan,-1,/data/data/DA25S005/miccai_tbi/MultiTalentV2_finetuning/checkpoints/validation2025_100/ensemble_2_models_e5ohnz5w_tta_ddp_kpcyjb66_tta_hybrid/predicted_lesions/thr0p5_mincc10/scan_0067_pred_lesion.nii.gz
scan_0067,probability_average,none,0.5,20,nan,0.1,0,1,1,0.0,0,nan,-1,nan,-1,nan,-1,-1,nan,-1,/data/data/DA25S005/miccai_tbi/MultiTalentV2_finetuning/checkpoints/validation2025_100/ensemble_2_models_e5ohnz5w_tta_ddp_kpcyjb66_tta_hybrid/predicted_lesions/thr0p5_mincc20/scan_0067_pred_lesion.nii.gz
scan_0067,probability_average,none,0.5,40,nan,0.1,0,1,1,0.0,0,nan,-1,nan,-1,nan,-1,-1,nan,-1,/data/data/DA25S005/miccai_tbi/MultiTalentV2_finetuning/checkpoints/validation2025_100/ensemble_2_models_e5ohnz5w_tta_ddp_kpcyjb66_tta_hybrid/predicted_lesions/thr0p5_mincc40/scan_0067_pred_lesion.nii.gz
scan_0071,probability_average,none,0.1,0,nan,0.1,0,1,1,0.0,0,nan,-1,nan,-1,nan,-1,-1,nan,-1,/data/data/DA25S005/miccai_tbi/MultiTalentV2_finetuning/checkpoints/validation2025_100/ensemble_2_models_e5ohnz5w_tta_ddp_kpcyjb66_tta_hybrid/predicted_lesions/thr0p1_mincc0/scan_0071_pred_lesion.nii.gz
scan_0071,probability_average,none,0.1,3,nan,0.1,0,1,1,0.0,0,nan,-1,nan,-1,nan,-1,-1,nan,-1,/data/data/DA25S005/miccai_tbi/MultiTalentV2_finetuning/checkpoints/validation2025_100/ensemble_2_models_e5ohnz5w_tta_ddp_kpcyjb66_tta_hybrid/predicted_lesions/thr0p1_mincc3/scan_0071_pred_lesion.nii.gz
scan_0071,probability_average,none,0.1,5,nan,0.1,0,1,1,0.0,0,nan,-1,nan,-1,nan,-1,-1,nan,-1,/data/data/DA25S005/miccai_tbi/MultiTalentV2_finetuning/checkpoints/validation2025_100/ensemble_2_models_e5ohnz5w_tta_ddp_kpcyjb66_tta_hybrid/predicted_lesions/thr0p1_mincc5/scan_0071_pred_lesion.nii.gz
scan_0071,probability_average,none,0.1,10,nan,0.1,0,1,1,0.0,0,nan,-1,nan,-1,nan,-1,-1,nan,-1,/data/data/DA25S005/miccai_tbi/MultiTalentV2_finetuning/checkpoints/validation2025_100/ensemble_2_models_e5ohnz5w_tta_ddp_kpcyjb66_tta_hybrid/predicted_lesions/thr0p1_mincc10/scan_0071_pred_lesion.nii.gz
scan_0071,probability_average,none,0.1,20,nan,0.1,0,1,1,0.0,0,nan,-1,nan,-1,nan,-1,-1,nan,-1,/data/data/DA25S005/miccai_tbi/MultiTalentV2_finetuning/checkpoints/validation2025_100/ensemble_2_models_e5ohnz5w_tta_ddp_kpcyjb66_tta_hybrid/predicted_lesions/thr0p1_mincc20/scan_0071_pred_lesion.nii.gz
scan_0071,probability_average,none,0.1,40,nan,0.1,0,1,1,0.0,0,nan,-1,nan,-1,nan,-1,-1,nan,-1,/data/data/DA25S005/miccai_tbi/MultiTalentV2_finetuning/checkpoints/validation2025_100/ensemble_2_models_e5ohnz5w_tta_ddp_kpcyjb66_tta_hybrid/predicted_lesions/thr0p1_mincc40/scan_0071_pred_lesion.nii.gz
scan_0071,probability_average,none,0.2,0,nan,0.1,0,1,1,0.0,0,nan,-1,nan,-1,nan,-1,-1,nan,-1,/data/data/DA25S005/miccai_tbi/MultiTalentV2_finetuning/checkpoints/validation2025_100/ensemble_2_models_e5ohnz5w_tta_ddp_kpcyjb66_tta_hybrid/predicted_lesions/thr0p2_mincc0/scan_0071_pred_lesion.nii.gz
scan_0071,probability_average,none,0.2,3,nan,0.1,0,1,1,0.0,0,nan,-1,nan,-1,nan,-1,-1,nan,-1,/data/data/DA25S005/miccai_tbi/MultiTalentV2_finetuning/checkpoints/validation2025_100/ensemble_2_models_e5ohnz5w_tta_ddp_kpcyjb66_tta_hybrid/predicted_lesions/thr0p2_mincc3/scan_0071_pred_lesion.nii.gz
scan_0071,probability_average,none,0.2,5,nan,0.1,0,1,1,0.0,0,nan,-1,nan,-1,nan,-1,-1,nan,-1,/data/data/DA25S005/miccai_tbi/MultiTalentV2_finetuning/checkpoints/validation2025_100/ensemble_2_models_e5ohnz5w_tta_ddp_kpcyjb66_tta_hybrid/predicted_lesions/thr0p2_mincc5/scan_0071_pred_lesion.nii.gz
scan_0071,probability_average,none,0.2,10,nan,0.1,0,1,1,0.0,0,nan,-1,nan,-1,nan,-1,-1,nan,-1,/data/data/DA25S005/miccai_tbi/MultiTalentV2_finetuning/checkpoints/validation2025_100/ensemble_2_models_e5ohnz5w_tta_ddp_kpcyjb66_tta_hybrid/predicted_lesions/thr0p2_mincc10/scan_0071_pred_lesion.nii.gz
scan_0071,probability_average,none,0.2,20,nan,0.1,0,1,1,0.0,0,nan,-1,nan,-1,nan,-1,-1,nan,-1,/data/data/DA25S005/miccai_tbi/MultiTalentV2_finetuning/checkpoints/validation2025_100/ensemble_2_models_e5ohnz5w_tta_ddp_kpcyjb66_tta_hybrid/predicted_lesions/thr0p2_mincc20/scan_0071_pred_lesion.nii.gz
scan_0071,probability_average,none,0.2,40,nan,0.1,0,1,1,0.0,0,nan,-1,nan,-1,nan,-1,-1,nan,-1,/data/data/DA25S005/miccai_tbi/MultiTalentV2_finetuning/checkpoints/validation2025_100/ensemble_2_models_e5ohnz5w_tta_ddp_kpcyjb66_tta_hybrid/predicted_lesions/thr0p2_mincc40/scan_0071_pred_lesion.nii.gz
scan_0071,probability_average,none,0.3,0,nan,0.1,0,1,1,0.0,0,nan,-1,nan,-1,nan,-1,-1,nan,-1,/data/data/DA25S005/miccai_tbi/MultiTalentV2_finetuning/checkpoints/validation2025_100/ensemble_2_models_e5ohnz5w_tta_ddp_kpcyjb66_tta_hybrid/predicted_lesions/thr0p3_mincc0/scan_0071_pred_lesion.nii.gz
scan_0071,probability_average,none,0.3,3,nan,0.1,0,1,1,0.0,0,nan,-1,nan,-1,nan,-1,-1,nan,-1,/data/data/DA25S005/miccai_tbi/MultiTalentV2_finetuning/checkpoints/validation2025_100/ensemble_2_models_e5ohnz5w_tta_ddp_kpcyjb66_tta_hybrid/predicted_lesions/thr0p3_mincc3/scan_0071_pred_lesion.nii.gz
scan_0071,probability_average,none,0.3,5,nan,0.1,0,1,1,0.0,0,nan,-1,nan,-1,nan,-1,-1,nan,-1,/data/data/DA25S005/miccai_tbi/MultiTalentV2_finetuning/checkpoints/validation2025_100/ensemble_2_models_e5ohnz5w_tta_ddp_kpcyjb66_tta_hybrid/predicted_lesions/thr0p3_mincc5/scan_0071_pred_lesion.nii.gz
scan_0071,probability_average,none,0.3,10,nan,0.1,0,1,1,0.0,0,nan,-1,nan,-1,nan,-1,-1,nan,-1,/data/data/DA25S005/miccai_tbi/MultiTalentV2_finetuning/checkpoints/validation2025_100/ensemble_2_models_e5ohnz5w_tta_ddp_kpcyjb66_tta_hybrid/predicted_lesions/thr0p3_mincc10/scan_0071_pred_lesion.nii.gz
scan_0071,probability_average,none,0.3,20,nan,0.1,0,1,1,0.0,0,nan,-1,nan,-1,nan,-1,-1,nan,-1,/data/data/DA25S005/miccai_tbi/MultiTalentV2_finetuning/checkpoints/validation2025_100/ensemble_2_models_e5ohnz5w_tta_ddp_kpcyjb66_tta_hybrid/predicted_lesions/thr0p3_mincc20/scan_0071_pred_lesion.nii.gz
scan_0071,probability_average,none,0.3,40,nan,0.1,0,1,1,0.0,0,nan,-1,nan,-1,nan,-1,-1,nan,-1,/data/data/DA25S005/miccai_tbi/MultiTalentV2_finetuning/checkpoints/validation2025_100/ensemble_2_models_e5ohnz5w_tta_ddp_kpcyjb66_tta_hybrid/predicted_lesions/thr0p3_mincc40/scan_0071_pred_lesion.nii.gz
scan_0071,probability_average,none,0.4,0,nan,0.1,0,1,1,0.0,0,nan,-1,nan,-1,nan,-1,-1,nan,-1,/data/data/DA25S005/miccai_tbi/MultiTalentV2_finetuning/checkpoints/validation2025_100/ensemble_2_models_e5ohnz5w_tta_ddp_kpcyjb66_tta_hybrid/predicted_lesions/thr0p4_mincc0/scan_0071_pred_lesion.nii.gz
scan_0071,probability_average,none,0.4,3,nan,0.1,0,1,1,0.0,0,nan,-1,nan,-1,nan,-1,-1,nan,-1,/data/data/DA25S005/miccai_tbi/MultiTalentV2_finetuning/checkpoints/validation2025_100/ensemble_2_models_e5ohnz5w_tta_ddp_kpcyjb66_tta_hybrid/predicted_lesions/thr0p4_mincc3/scan_0071_pred_lesion.nii.gz
scan_0071,probability_average,none,0.4,5,nan,0.1,0,1,1,0.0,0,nan,-1,nan,-1,nan,-1,-1,nan,-1,/data/data/DA25S005/miccai_tbi/MultiTalentV2_finetuning/checkpoints/validation2025_100/ensemble_2_models_e5ohnz5w_tta_ddp_kpcyjb66_tta_hybrid/predicted_lesions/thr0p4_mincc5/scan_0071_pred_lesion.nii.gz
scan_0071,probability_average,none,0.4,10,nan,0.1,0,1,1,0.0,0,nan,-1,nan,-1,nan,-1,-1,nan,-1,/data/data/DA25S005/miccai_tbi/MultiTalentV2_finetuning/checkpoints/validation2025_100/ensemble_2_models_e5ohnz5w_tta_ddp_kpcyjb66_tta_hybrid/predicted_lesions/thr0p4_mincc10/scan_0071_pred_lesion.nii.gz
scan_0071,probability_average,none,0.4,20,nan,0.1,0,1,1,0.0,0,nan,-1,nan,-1,nan,-1,-1,nan,-1,/data/data/DA25S005/miccai_tbi/MultiTalentV2_finetuning/checkpoints/validation2025_100/ensemble_2_models_e5ohnz5w_tta_ddp_kpcyjb66_tta_hybrid/predicted_lesions/thr0p4_mincc20/scan_0071_pred_lesion.nii.gz
scan_0071,probability_average,none,0.4,40,nan,0.1,0,1,1,0.0,0,nan,-1,nan,-1,nan,-1,-1,nan,-1,/data/data/DA25S005/miccai_tbi/MultiTalentV2_finetuning/checkpoints/validation2025_100/ensemble_2_models_e5ohnz5w_tta_ddp_kpcyjb66_tta_hybrid/predicted_lesions/thr0p4_mincc40/scan_0071_pred_lesion.nii.gz
scan_0071,probability_average,none,0.5,0,nan,0.1,0,1,1,0.0,0,nan,-1,nan,-1,nan,-1,-1,nan,-1,/data/data/DA25S005/miccai_tbi/MultiTalentV2_finetuning/checkpoints/validation2025_100/ensemble_2_models_e5ohnz5w_tta_ddp_kpcyjb66_tta_hybrid/predicted_lesions/thr0p5_mincc0/scan_0071_pred_lesion.nii.gz
scan_0071,probability_average,none,0.5,3,nan,0.1,0,1,1,0.0,0,nan,-1,nan,-1,nan,-1,-1,nan,-1,/data/data/DA25S005/miccai_tbi/MultiTalentV2_finetuning/checkpoints/validation2025_100/ensemble_2_models_e5ohnz5w_tta_ddp_kpcyjb66_tta_hybrid/predicted_lesions/thr0p5_mincc3/scan_0071_pred_lesion.nii.gz
scan_0071,probability_average,none,0.5,5,nan,0.1,0,1,1,0.0,0,nan,-1,nan,-1,nan,-1,-1,nan,-1,/data/data/DA25S005/miccai_tbi/MultiTalentV2_finetuning/checkpoints/validation2025_100/ensemble_2_models_e5ohnz5w_tta_ddp_kpcyjb66_tta_hybrid/predicted_lesions/thr0p5_mincc5/scan_0071_pred_lesion.nii.gz
scan_0071,probability_average,none,0.5,10,nan,0.1,0,1,1,0.0,0,nan,-1,nan,-1,nan,-1,-1,nan,-1,/data/data/DA25S005/miccai_tbi/MultiTalentV2_finetuning/checkpoints/validation2025_100/ensemble_2_models_e5ohnz5w_tta_ddp_kpcyjb66_tta_hybrid/predicted_lesions/thr0p5_mincc10/scan_0071_pred_lesion.nii.gz
scan_0071,probability_average,none,0.5,20,nan,0.1,0,1,1,0.0,0,nan,-1,nan,-1,nan,-1,-1,nan,-1,/data/data/DA25S005/miccai_tbi/MultiTalentV2_finetuning/checkpoints/validation2025_100/ensemble_2_models_e5ohnz5w_tta_ddp_kpcyjb66_tta_hybrid/predicted_lesions/thr0p5_mincc20/scan_0071_pred_lesion.nii.gz
scan_0071,probability_average,none,0.5,40,nan,0.1,0,1,1,0.0,0,nan,-1,nan,-1,nan,-1,-1,nan,-1,/data/data/DA25S005/miccai_tbi/MultiTalentV2_finetuning/checkpoints/validation2025_100/ensemble_2_models_e5ohnz5w_tta_ddp_kpcyjb66_tta_hybrid/predicted_lesions/thr0p5_mincc40/scan_0071_pred_lesion.nii.gz
scan_0075,probability_average,none,0.1,0,nan,0.1,0,1,1,0.0,0,nan,-1,nan,-1,nan,-1,-1,nan,-1,/data/data/DA25S005/miccai_tbi/MultiTalentV2_finetuning/checkpoints/validation2025_100/ensemble_2_models_e5ohnz5w_tta_ddp_kpcyjb66_tta_hybrid/predicted_lesions/thr0p1_mincc0/scan_0075_pred_lesion.nii.gz
scan_0075,probability_average,none,0.1,3,nan,0.1,0,1,1,0.0,0,nan,-1,nan,-1,nan,-1,-1,nan,-1,/data/data/DA25S005/miccai_tbi/MultiTalentV2_finetuning/checkpoints/validation2025_100/ensemble_2_models_e5ohnz5w_tta_ddp_kpcyjb66_tta_hybrid/predicted_lesions/thr0p1_mincc3/scan_0075_pred_lesion.nii.gz
scan_0075,probability_average,none,0.1,5,nan,0.1,0,1,1,0.0,0,nan,-1,nan,-1,nan,-1,-1,nan,-1,/data/data/DA25S005/miccai_tbi/MultiTalentV2_finetuning/checkpoints/validation2025_100/ensemble_2_models_e5ohnz5w_tta_ddp_kpcyjb66_tta_hybrid/predicted_lesions/thr0p1_mincc5/scan_0075_pred_lesion.nii.gz
scan_0075,probability_average,none,0.1,10,nan,0.1,0,1,1,0.0,0,nan,-1,nan,-1,nan,-1,-1,nan,-1,/data/data/DA25S005/miccai_tbi/MultiTalentV2_finetuning/checkpoints/validation2025_100/ensemble_2_models_e5ohnz5w_tta_ddp_kpcyjb66_tta_hybrid/predicted_lesions/thr0p1_mincc10/scan_0075_pred_lesion.nii.gz
scan_0075,probability_average,none,0.1,20,nan,0.1,0,1,1,0.0,0,nan,-1,nan,-1,nan,-1,-1,nan,-1,/data/data/DA25S005/miccai_tbi/MultiTalentV2_finetuning/checkpoints/validation2025_100/ensemble_2_models_e5ohnz5w_tta_ddp_kpcyjb66_tta_hybrid/predicted_lesions/thr0p1_mincc20/scan_0075_pred_lesion.nii.gz
scan_0075,probability_average,none,0.1,40,nan,0.1,0,1,1,0.0,0,nan,-1,nan,-1,nan,-1,-1,nan,-1,/data/data/DA25S005/miccai_tbi/MultiTalentV2_finetuning/checkpoints/validation2025_100/ensemble_2_models_e5ohnz5w_tta_ddp_kpcyjb66_tta_hybrid/predicted_lesions/thr0p1_mincc40/scan_0075_pred_lesion.nii.gz
scan_0075,probability_average,none,0.2,0,nan,0.1,0,1,1,0.0,0,nan,-1,nan,-1,nan,-1,-1,nan,-1,/data/data/DA25S005/miccai_tbi/MultiTalentV2_finetuning/checkpoints/validation2025_100/ensemble_2_models_e5ohnz5w_tta_ddp_kpcyjb66_tta_hybrid/predicted_lesions/thr0p2_mincc0/scan_0075_pred_lesion.nii.gz
scan_0075,probability_average,none,0.2,3,nan,0.1,0,1,1,0.0,0,nan,-1,nan,-1,nan,-1,-1,nan,-1,/data/data/DA25S005/miccai_tbi/MultiTalentV2_finetuning/checkpoints/validation2025_100/ensemble_2_models_e5ohnz5w_tta_ddp_kpcyjb66_tta_hybrid/predicted_lesions/thr0p2_mincc3/scan_0075_pred_lesion.nii.gz
scan_0075,probability_average,none,0.2,5,nan,0.1,0,1,1,0.0,0,nan,-1,nan,-1,nan,-1,-1,nan,-1,/data/data/DA25S005/miccai_tbi/MultiTalentV2_finetuning/checkpoints/validation2025_100/ensemble_2_models_e5ohnz5w_tta_ddp_kpcyjb66_tta_hybrid/predicted_lesions/thr0p2_mincc5/scan_0075_pred_lesion.nii.gz
scan_0075,probability_average,none,0.2,10,nan,0.1,0,1,1,0.0,0,nan,-1,nan,-1,nan,-1,-1,nan,-1,/data/data/DA25S005/miccai_tbi/MultiTalentV2_finetuning/checkpoints/validation2025_100/ensemble_2_models_e5ohnz5w_tta_ddp_kpcyjb66_tta_hybrid/predicted_lesions/thr0p2_mincc10/scan_0075_pred_lesion.nii.gz
scan_0075,probability_average,none,0.2,20,nan,0.1,0,1,1,0.0,0,nan,-1,nan,-1,nan,-1,-1,nan,-1,/data/data/DA25S005/miccai_tbi/MultiTalentV2_finetuning/checkpoints/validation2025_100/ensemble_2_models_e5ohnz5w_tta_ddp_kpcyjb66_tta_hybrid/predicted_lesions/thr0p2_mincc20/scan_0075_pred_lesion.nii.gz
scan_0075,probability_average,none,0.2,40,nan,0.1,0,1,1,0.0,0,nan,-1,nan,-1,nan,-1,-1,nan,-1,/data/data/DA25S005/miccai_tbi/MultiTalentV2_finetuning/checkpoints/validation2025_100/ensemble_2_models_e5ohnz5w_tta_ddp_kpcyjb66_tta_hybrid/predicted_lesions/thr0p2_mincc40/scan_0075_pred_lesion.nii.gz
scan_0075,probability_average,none,0.3,0,nan,0.1,0,1,1,0.0,0,nan,-1,nan,-1,nan,-1,-1,nan,-1,/data/data/DA25S005/miccai_tbi/MultiTalentV2_finetuning/checkpoints/validation2025_100/ensemble_2_models_e5ohnz5w_tta_ddp_kpcyjb66_tta_hybrid/predicted_lesions/thr0p3_mincc0/scan_0075_pred_lesion.nii.gz
scan_0075,probability_average,none,0.3,3,nan,0.1,0,1,1,0.0,0,nan,-1,nan,-1,nan,-1,-1,nan,-1,/data/data/DA25S005/miccai_tbi/MultiTalentV2_finetuning/checkpoints/validation2025_100/ensemble_2_models_e5ohnz5w_tta_ddp_kpcyjb66_tta_hybrid/predicted_lesions/thr0p3_mincc3/scan_0075_pred_lesion.nii.gz
scan_0075,probability_average,none,0.3,5,nan,0.1,0,1,1,0.0,0,nan,-1,nan,-1,nan,-1,-1,nan,-1,/data/data/DA25S005/miccai_tbi/MultiTalentV2_finetuning/checkpoints/validation2025_100/ensemble_2_models_e5ohnz5w_tta_ddp_kpcyjb66_tta_hybrid/predicted_lesions/thr0p3_mincc5/scan_0075_pred_lesion.nii.gz
scan_0075,probability_average,none,0.3,10,nan,0.1,0,1,1,0.0,0,nan,-1,nan,-1,nan,-1,-1,nan,-1,/data/data/DA25S005/miccai_tbi/MultiTalentV2_finetuning/checkpoints/validation2025_100/ensemble_2_models_e5ohnz5w_tta_ddp_kpcyjb66_tta_hybrid/predicted_lesions/thr0p3_mincc10/scan_0075_pred_lesion.nii.gz
scan_0075,probability_average,none,0.3,20,nan,0.1,0,1,1,0.0,0,nan,-1,nan,-1,nan,-1,-1,nan,-1,/data/data/DA25S005/miccai_tbi/MultiTalentV2_finetuning/checkpoints/validation2025_100/ensemble_2_models_e5ohnz5w_tta_ddp_kpcyjb66_tta_hybrid/predicted_lesions/thr0p3_mincc20/scan_0075_pred_lesion.nii.gz
scan_0075,probability_average,none,0.3,40,nan,0.1,0,1,1,0.0,0,nan,-1,nan,-1,nan,-1,-1,nan,-1,/data/data/DA25S005/miccai_tbi/MultiTalentV2_finetuning/checkpoints/validation2025_100/ensemble_2_models_e5ohnz5w_tta_ddp_kpcyjb66_tta_hybrid/predicted_lesions/thr0p3_mincc40/scan_0075_pred_lesion.nii.gz
scan_0075,probability_average,none,0.4,0,nan,0.1,0,1,1,0.0,0,nan,-1,nan,-1,nan,-1,-1,nan,-1,/data/data/DA25S005/miccai_tbi/MultiTalentV2_finetuning/checkpoints/validation2025_100/ensemble_2_models_e5ohnz5w_tta_ddp_kpcyjb66_tta_hybrid/predicted_lesions/thr0p4_mincc0/scan_0075_pred_lesion.nii.gz
scan_0075,probability_average,none,0.4,3,nan,0.1,0,1,1,0.0,0,nan,-1,nan,-1,nan,-1,-1,nan,-1,/data/data/DA25S005/miccai_tbi/MultiTalentV2_finetuning/checkpoints/validation2025_100/ensemble_2_models_e5ohnz5w_tta_ddp_kpcyjb66_tta_hybrid/predicted_lesions/thr0p4_mincc3/scan_0075_pred_lesion.nii.gz
scan_0075,probability_average,none,0.4,5,nan,0.1,0,1,1,0.0,0,nan,-1,nan,-1,nan,-1,-1,nan,-1,/data/data/DA25S005/miccai_tbi/MultiTalentV2_finetuning/checkpoints/validation2025_100/ensemble_2_models_e5ohnz5w_tta_ddp_kpcyjb66_tta_hybrid/predicted_lesions/thr0p4_mincc5/scan_0075_pred_lesion.nii.gz
scan_0075,probability_average,none,0.4,10,nan,0.1,0,1,1,0.0,0,nan,-1,nan,-1,nan,-1,-1,nan,-1,/data/data/DA25S005/miccai_tbi/MultiTalentV2_finetuning/checkpoints/validation2025_100/ensemble_2_models_e5ohnz5w_tta_ddp_kpcyjb66_tta_hybrid/predicted_lesions/thr0p4_mincc10/scan_0075_pred_lesion.nii.gz
scan_0075,probability_average,none,0.4,20,nan,0.1,0,1,1,0.0,0,nan,-1,nan,-1,nan,-1,-1,nan,-1,/data/data/DA25S005/miccai_tbi/MultiTalentV2_finetuning/checkpoints/validation2025_100/ensemble_2_models_e5ohnz5w_tta_ddp_kpcyjb66_tta_hybrid/predicted_lesions/thr0p4_mincc20/scan_0075_pred_lesion.nii.gz
scan_0075,probability_average,none,0.4,40,nan,0.1,0,1,1,0.0,0,nan,-1,nan,-1,nan,-1,-1,nan,-1,/data/data/DA25S005/miccai_tbi/MultiTalentV2_finetuning/checkpoints/validation2025_100/ensemble_2_models_e5ohnz5w_tta_ddp_kpcyjb66_tta_hybrid/predicted_lesions/thr0p4_mincc40/scan_0075_pred_lesion.nii.gz
scan_0075,probability_average,none,0.5,0,nan,0.1,0,1,1,0.0,0,nan,-1,nan,-1,nan,-1,-1,nan,-1,/data/data/DA25S005/miccai_tbi/MultiTalentV2_finetuning/checkpoints/validation2025_100/ensemble_2_models_e5ohnz5w_tta_ddp_kpcyjb66_tta_hybrid/predicted_lesions/thr0p5_mincc0/scan_0075_pred_lesion.nii.gz
scan_0075,probability_average,none,0.5,3,nan,0.1,0,1,1,0.0,0,nan,-1,nan,-1,nan,-1,-1,nan,-1,/data/data/DA25S005/miccai_tbi/MultiTalentV2_finetuning/checkpoints/validation2025_100/ensemble_2_models_e5ohnz5w_tta_ddp_kpcyjb66_tta_hybrid/predicted_lesions/thr0p5_mincc3/scan_0075_pred_lesion.nii.gz
scan_0075,probability_average,none,0.5,5,nan,0.1,0,1,1,0.0,0,nan,-1,nan,-1,nan,-1,-1,nan,-1,/data/data/DA25S005/miccai_tbi/MultiTalentV2_finetuning/checkpoints/validation2025_100/ensemble_2_models_e5ohnz5w_tta_ddp_kpcyjb66_tta_hybrid/predicted_lesions/thr0p5_mincc5/scan_0075_pred_lesion.nii.gz
scan_0075,probability_average,none,0.5,10,nan,0.1,0,1,1,0.0,0,nan,-1,nan,-1,nan,-1,-1,nan,-1,/data/data/DA25S005/miccai_tbi/MultiTalentV2_finetuning/checkpoints/validation2025_100/ensemble_2_models_e5ohnz5w_tta_ddp_kpcyjb66_tta_hybrid/predicted_lesions/thr0p5_mincc10/scan_0075_pred_lesion.nii.gz
scan_0075,probability_average,none,0.5,20,nan,0.1,0,1,1,0.0,0,nan,-1,nan,-1,nan,-1,-1,nan,-1,/data/data/DA25S005/miccai_tbi/MultiTalentV2_finetuning/checkpoints/validation2025_100/ensemble_2_models_e5ohnz5w_tta_ddp_kpcyjb66_tta_hybrid/predicted_lesions/thr0p5_mincc20/scan_0075_pred_lesion.nii.gz
scan_0075,probability_average,none,0.5,40,nan,0.1,0,1,1,0.0,0,nan,-1,nan,-1,nan,-1,-1,nan,-1,/data/data/DA25S005/miccai_tbi/MultiTalentV2_finetuning/checkpoints/validation2025_100/ensemble_2_models_e5ohnz5w_tta_ddp_kpcyjb66_tta_hybrid/predicted_lesions/thr0p5_mincc40/scan_0075_pred_lesion.nii.gz
scan_0076,probability_average,none,0.1,0,nan,0.1,0,1,1,0.0,0,nan,-1,nan,-1,nan,-1,-1,nan,-1,/data/data/DA25S005/miccai_tbi/MultiTalentV2_finetuning/checkpoints/validation2025_100/ensemble_2_models_e5ohnz5w_tta_ddp_kpcyjb66_tta_hybrid/predicted_lesions/thr0p1_mincc0/scan_0076_pred_lesion.nii.gz
scan_0076,probability_average,none,0.1,3,nan,0.1,0,1,1,0.0,0,nan,-1,nan,-1,nan,-1,-1,nan,-1,/data/data/DA25S005/miccai_tbi/MultiTalentV2_finetuning/checkpoints/validation2025_100/ensemble_2_models_e5ohnz5w_tta_ddp_kpcyjb66_tta_hybrid/predicted_lesions/thr0p1_mincc3/scan_0076_pred_lesion.nii.gz
scan_0076,probability_average,none,0.1,5,nan,0.1,0,1,1,0.0,0,nan,-1,nan,-1,nan,-1,-1,nan,-1,/data/data/DA25S005/miccai_tbi/MultiTalentV2_finetuning/checkpoints/validation2025_100/ensemble_2_models_e5ohnz5w_tta_ddp_kpcyjb66_tta_hybrid/predicted_lesions/thr0p1_mincc5/scan_0076_pred_lesion.nii.gz
scan_0076,probability_average,none,0.1,10,nan,0.1,0,1,1,0.0,0,nan,-1,nan,-1,nan,-1,-1,nan,-1,/data/data/DA25S005/miccai_tbi/MultiTalentV2_finetuning/checkpoints/validation2025_100/ensemble_2_models_e5ohnz5w_tta_ddp_kpcyjb66_tta_hybrid/predicted_lesions/thr0p1_mincc10/scan_0076_pred_lesion.nii.gz
scan_0076,probability_average,none,0.1,20,nan,0.1,0,1,1,0.0,0,nan,-1,nan,-1,nan,-1,-1,nan,-1,/data/data/DA25S005/miccai_tbi/MultiTalentV2_finetuning/checkpoints/validation2025_100/ensemble_2_models_e5ohnz5w_tta_ddp_kpcyjb66_tta_hybrid/predicted_lesions/thr0p1_mincc20/scan_0076_pred_lesion.nii.gz
scan_0076,probability_average,none,0.1,40,nan,0.1,0,1,1,0.0,0,nan,-1,nan,-1,nan,-1,-1,nan,-1,/data/data/DA25S005/miccai_tbi/MultiTalentV2_finetuning/checkpoints/validation2025_100/ensemble_2_models_e5ohnz5w_tta_ddp_kpcyjb66_tta_hybrid/predicted_lesions/thr0p1_mincc40/scan_0076_pred_lesion.nii.gz
scan_0076,probability_average,none,0.2,0,nan,0.1,0,1,1,0.0,0,nan,-1,nan,-1,nan,-1,-1,nan,-1,/data/data/DA25S005/miccai_tbi/MultiTalentV2_finetuning/checkpoints/validation2025_100/ensemble_2_models_e5ohnz5w_tta_ddp_kpcyjb66_tta_hybrid/predicted_lesions/thr0p2_mincc0/scan_0076_pred_lesion.nii.gz
scan_0076,probability_average,none,0.2,3,nan,0.1,0,1,1,0.0,0,nan,-1,nan,-1,nan,-1,-1,nan,-1,/data/data/DA25S005/miccai_tbi/MultiTalentV2_finetuning/checkpoints/validation2025_100/ensemble_2_models_e5ohnz5w_tta_ddp_kpcyjb66_tta_hybrid/predicted_lesions/thr0p2_mincc3/scan_0076_pred_lesion.nii.gz
scan_0076,probability_average,none,0.2,5,nan,0.1,0,1,1,0.0,0,nan,-1,nan,-1,nan,-1,-1,nan,-1,/data/data/DA25S005/miccai_tbi/MultiTalentV2_finetuning/checkpoints/validation2025_100/ensemble_2_models_e5ohnz5w_tta_ddp_kpcyjb66_tta_hybrid/predicted_lesions/thr0p2_mincc5/scan_0076_pred_lesion.nii.gz
scan_0076,probability_average,none,0.2,10,nan,0.1,0,1,1,0.0,0,nan,-1,nan,-1,nan,-1,-1,nan,-1,/data/data/DA25S005/miccai_tbi/MultiTalentV2_finetuning/checkpoints/validation2025_100/ensemble_2_models_e5ohnz5w_tta_ddp_kpcyjb66_tta_hybrid/predicted_lesions/thr0p2_mincc10/scan_0076_pred_lesion.nii.gz
scan_0076,probability_average,none,0.2,20,nan,0.1,0,1,1,0.0,0,nan,-1,nan,-1,nan,-1,-1,nan,-1,/data/data/DA25S005/miccai_tbi/MultiTalentV2_finetuning/checkpoints/validation2025_100/ensemble_2_models_e5ohnz5w_tta_ddp_kpcyjb66_tta_hybrid/predicted_lesions/thr0p2_mincc20/scan_0076_pred_lesion.nii.gz
scan_0076,probability_average,none,0.2,40,nan,0.1,0,1,1,0.0,0,nan,-1,nan,-1,nan,-1,-1,nan,-1,/data/data/DA25S005/miccai_tbi/MultiTalentV2_finetuning/checkpoints/validation2025_100/ensemble_2_models_e5ohnz5w_tta_ddp_kpcyjb66_tta_hybrid/predicted_lesions/thr0p2_mincc40/scan_0076_pred_lesion.nii.gz
scan_0076,probability_average,none,0.3,0,nan,0.1,0,1,1,0.0,0,nan,-1,nan,-1,nan,-1,-1,nan,-1,/data/data/DA25S005/miccai_tbi/MultiTalentV2_finetuning/checkpoints/validation2025_100/ensemble_2_models_e5ohnz5w_tta_ddp_kpcyjb66_tta_hybrid/predicted_lesions/thr0p3_mincc0/scan_0076_pred_lesion.nii.gz
scan_0076,probability_average,none,0.3,3,nan,0.1,0,1,1,0.0,0,nan,-1,nan,-1,nan,-1,-1,nan,-1,/data/data/DA25S005/miccai_tbi/MultiTalentV2_finetuning/checkpoints/validation2025_100/ensemble_2_models_e5ohnz5w_tta_ddp_kpcyjb66_tta_hybrid/predicted_lesions/thr0p3_mincc3/scan_0076_pred_lesion.nii.gz
scan_0076,probability_average,none,0.3,5,nan,0.1,0,1,1,0.0,0,nan,-1,nan,-1,nan,-1,-1,nan,-1,/data/data/DA25S005/miccai_tbi/MultiTalentV2_finetuning/checkpoints/validation2025_100/ensemble_2_models_e5ohnz5w_tta_ddp_kpcyjb66_tta_hybrid/predicted_lesions/thr0p3_mincc5/scan_0076_pred_lesion.nii.gz
scan_0076,probability_average,none,0.3,10,nan,0.1,0,1,1,0.0,0,nan,-1,nan,-1,nan,-1,-1,nan,-1,/data/data/DA25S005/miccai_tbi/MultiTalentV2_finetuning/checkpoints/validation2025_100/ensemble_2_models_e5ohnz5w_tta_ddp_kpcyjb66_tta_hybrid/predicted_lesions/thr0p3_mincc10/scan_0076_pred_lesion.nii.gz
scan_0076,probability_average,none,0.3,20,nan,0.1,0,1,1,0.0,0,nan,-1,nan,-1,nan,-1,-1,nan,-1,/data/data/DA25S005/miccai_tbi/MultiTalentV2_finetuning/checkpoints/validation2025_100/ensemble_2_models_e5ohnz5w_tta_ddp_kpcyjb66_tta_hybrid/predicted_lesions/thr0p3_mincc20/scan_0076_pred_lesion.nii.gz
scan_0076,probability_average,none,0.3,40,nan,0.1,0,1,1,0.0,0,nan,-1,nan,-1,nan,-1,-1,nan,-1,/data/data/DA25S005/miccai_tbi/MultiTalentV2_finetuning/checkpoints/validation2025_100/ensemble_2_models_e5ohnz5w_tta_ddp_kpcyjb66_tta_hybrid/predicted_lesions/thr0p3_mincc40/scan_0076_pred_lesion.nii.gz
scan_0076,probability_average,none,0.4,0,nan,0.1,0,1,1,0.0,0,nan,-1,nan,-1,nan,-1,-1,nan,-1,/data/data/DA25S005/miccai_tbi/MultiTalentV2_finetuning/checkpoints/validation2025_100/ensemble_2_models_e5ohnz5w_tta_ddp_kpcyjb66_tta_hybrid/predicted_lesions/thr0p4_mincc0/scan_0076_pred_lesion.nii.gz
scan_0076,probability_average,none,0.4,3,nan,0.1,0,1,1,0.0,0,nan,-1,nan,-1,nan,-1,-1,nan,-1,/data/data/DA25S005/miccai_tbi/MultiTalentV2_finetuning/checkpoints/validation2025_100/ensemble_2_models_e5ohnz5w_tta_ddp_kpcyjb66_tta_hybrid/predicted_lesions/thr0p4_mincc3/scan_0076_pred_lesion.nii.gz
scan_0076,probability_average,none,0.4,5,nan,0.1,0,1,1,0.0,0,nan,-1,nan,-1,nan,-1,-1,nan,-1,/data/data/DA25S005/miccai_tbi/MultiTalentV2_finetuning/checkpoints/validation2025_100/ensemble_2_models_e5ohnz5w_tta_ddp_kpcyjb66_tta_hybrid/predicted_lesions/thr0p4_mincc5/scan_0076_pred_lesion.nii.gz
scan_0076,probability_average,none,0.4,10,nan,0.1,0,1,1,0.0,0,nan,-1,nan,-1,nan,-1,-1,nan,-1,/data/data/DA25S005/miccai_tbi/MultiTalentV2_finetuning/checkpoints/validation2025_100/ensemble_2_models_e5ohnz5w_tta_ddp_kpcyjb66_tta_hybrid/predicted_lesions/thr0p4_mincc10/scan_0076_pred_lesion.nii.gz
scan_0076,probability_average,none,0.4,20,nan,0.1,0,1,1,0.0,0,nan,-1,nan,-1,nan,-1,-1,nan,-1,/data/data/DA25S005/miccai_tbi/MultiTalentV2_finetuning/checkpoints/validation2025_100/ensemble_2_models_e5ohnz5w_tta_ddp_kpcyjb66_tta_hybrid/predicted_lesions/thr0p4_mincc20/scan_0076_pred_lesion.nii.gz
scan_0076,probability_average,none,0.4,40,nan,0.1,0,1,1,0.0,0,nan,-1,nan,-1,nan,-1,-1,nan,-1,/data/data/DA25S005/miccai_tbi/MultiTalentV2_finetuning/checkpoints/validation2025_100/ensemble_2_models_e5ohnz5w_tta_ddp_kpcyjb66_tta_hybrid/predicted_lesions/thr0p4_mincc40/scan_0076_pred_lesion.nii.gz
scan_0076,probability_average,none,0.5,0,nan,0.1,0,1,1,0.0,0,nan,-1,nan,-1,nan,-1,-1,nan,-1,/data/data/DA25S005/miccai_tbi/MultiTalentV2_finetuning/checkpoints/validation2025_100/ensemble_2_models_e5ohnz5w_tta_ddp_kpcyjb66_tta_hybrid/predicted_lesions/thr0p5_mincc0/scan_0076_pred_lesion.nii.gz
scan_0076,probability_average,none,0.5,3,nan,0.1,0,1,1,0.0,0,nan,-1,nan,-1,nan,-1,-1,nan,-1,/data/data/DA25S005/miccai_tbi/MultiTalentV2_finetuning/checkpoints/validation2025_100/ensemble_2_models_e5ohnz5w_tta_ddp_kpcyjb66_tta_hybrid/predicted_lesions/thr0p5_mincc3/scan_0076_pred_lesion.nii.gz
scan_0076,probability_average,none,0.5,5,nan,0.1,0,1,1,0.0,0,nan,-1,nan,-1,nan,-1,-1,nan,-1,/data/data/DA25S005/miccai_tbi/MultiTalentV2_finetuning/checkpoints/validation2025_100/ensemble_2_models_e5ohnz5w_tta_ddp_kpcyjb66_tta_hybrid/predicted_lesions/thr0p5_mincc5/scan_0076_pred_lesion.nii.gz
scan_0076,probability_average,none,0.5,10,nan,0.1,0,1,1,0.0,0,nan,-1,nan,-1,nan,-1,-1,nan,-1,/data/data/DA25S005/miccai_tbi/MultiTalentV2_finetuning/checkpoints/validation2025_100/ensemble_2_models_e5ohnz5w_tta_ddp_kpcyjb66_tta_hybrid/predicted_lesions/thr0p5_mincc10/scan_0076_pred_lesion.nii.gz
scan_0076,probability_average,none,0.5,20,nan,0.1,0,1,1,0.0,0,nan,-1,nan,-1,nan,-1,-1,nan,-1,/data/data/DA25S005/miccai_tbi/MultiTalentV2_finetuning/checkpoints/validation2025_100/ensemble_2_models_e5ohnz5w_tta_ddp_kpcyjb66_tta_hybrid/predicted_lesions/thr0p5_mincc20/scan_0076_pred_lesion.nii.gz
scan_0076,probability_average,none,0.5,40,nan,0.1,0,1,1,0.0,0,nan,-1,nan,-1,nan,-1,-1,nan,-1,/data/data/DA25S005/miccai_tbi/MultiTalentV2_finetuning/checkpoints/validation2025_100/ensemble_2_models_e5ohnz5w_tta_ddp_kpcyjb66_tta_hybrid/predicted_lesions/thr0p5_mincc40/scan_0076_pred_lesion.nii.gz
scan_0078,probability_average,none,0.1,0,nan,0.1,0,1,1,0.0,0,nan,-1,nan,-1,nan,-1,-1,nan,-1,/data/data/DA25S005/miccai_tbi/MultiTalentV2_finetuning/checkpoints/validation2025_100/ensemble_2_models_e5ohnz5w_tta_ddp_kpcyjb66_tta_hybrid/predicted_lesions/thr0p1_mincc0/scan_0078_pred_lesion.nii.gz
scan_0078,probability_average,none,0.1,3,nan,0.1,0,1,1,0.0,0,nan,-1,nan,-1,nan,-1,-1,nan,-1,/data/data/DA25S005/miccai_tbi/MultiTalentV2_finetuning/checkpoints/validation2025_100/ensemble_2_models_e5ohnz5w_tta_ddp_kpcyjb66_tta_hybrid/predicted_lesions/thr0p1_mincc3/scan_0078_pred_lesion.nii.gz
scan_0078,probability_average,none,0.1,5,nan,0.1,0,1,1,0.0,0,nan,-1,nan,-1,nan,-1,-1,nan,-1,/data/data/DA25S005/miccai_tbi/MultiTalentV2_finetuning/checkpoints/validation2025_100/ensemble_2_models_e5ohnz5w_tta_ddp_kpcyjb66_tta_hybrid/predicted_lesions/thr0p1_mincc5/scan_0078_pred_lesion.nii.gz
scan_0078,probability_average,none,0.1,10,nan,0.1,0,1,1,0.0,0,nan,-1,nan,-1,nan,-1,-1,nan,-1,/data/data/DA25S005/miccai_tbi/MultiTalentV2_finetuning/checkpoints/validation2025_100/ensemble_2_models_e5ohnz5w_tta_ddp_kpcyjb66_tta_hybrid/predicted_lesions/thr0p1_mincc10/scan_0078_pred_lesion.nii.gz
scan_0078,probability_average,none,0.1,20,nan,0.1,0,1,1,0.0,0,nan,-1,nan,-1,nan,-1,-1,nan,-1,/data/data/DA25S005/miccai_tbi/MultiTalentV2_finetuning/checkpoints/validation2025_100/ensemble_2_models_e5ohnz5w_tta_ddp_kpcyjb66_tta_hybrid/predicted_lesions/thr0p1_mincc20/scan_0078_pred_lesion.nii.gz
scan_0078,probability_average,none,0.1,40,nan,0.1,0,1,1,0.0,0,nan,-1,nan,-1,nan,-1,-1,nan,-1,/data/data/DA25S005/miccai_tbi/MultiTalentV2_finetuning/checkpoints/validation2025_100/ensemble_2_models_e5ohnz5w_tta_ddp_kpcyjb66_tta_hybrid/predicted_lesions/thr0p1_mincc40/scan_0078_pred_lesion.nii.gz
scan_0078,probability_average,none,0.2,0,nan,0.1,0,1,1,0.0,0,nan,-1,nan,-1,nan,-1,-1,nan,-1,/data/data/DA25S005/miccai_tbi/MultiTalentV2_finetuning/checkpoints/validation2025_100/ensemble_2_models_e5ohnz5w_tta_ddp_kpcyjb66_tta_hybrid/predicted_lesions/thr0p2_mincc0/scan_0078_pred_lesion.nii.gz
scan_0078,probability_average,none,0.2,3,nan,0.1,0,1,1,0.0,0,nan,-1,nan,-1,nan,-1,-1,nan,-1,/data/data/DA25S005/miccai_tbi/MultiTalentV2_finetuning/checkpoints/validation2025_100/ensemble_2_models_e5ohnz5w_tta_ddp_kpcyjb66_tta_hybrid/predicted_lesions/thr0p2_mincc3/scan_0078_pred_lesion.nii.gz
scan_0078,probability_average,none,0.2,5,nan,0.1,0,1,1,0.0,0,nan,-1,nan,-1,nan,-1,-1,nan,-1,/data/data/DA25S005/miccai_tbi/MultiTalentV2_finetuning/checkpoints/validation2025_100/ensemble_2_models_e5ohnz5w_tta_ddp_kpcyjb66_tta_hybrid/predicted_lesions/thr0p2_mincc5/scan_0078_pred_lesion.nii.gz
scan_0078,probability_average,none,0.2,10,nan,0.1,0,1,1,0.0,0,nan,-1,nan,-1,nan,-1,-1,nan,-1,/data/data/DA25S005/miccai_tbi/MultiTalentV2_finetuning/checkpoints/validation2025_100/ensemble_2_models_e5ohnz5w_tta_ddp_kpcyjb66_tta_hybrid/predicted_lesions/thr0p2_mincc10/scan_0078_pred_lesion.nii.gz
scan_0078,probability_average,none,0.2,20,nan,0.1,0,1,1,0.0,0,nan,-1,nan,-1,nan,-1,-1,nan,-1,/data/data/DA25S005/miccai_tbi/MultiTalentV2_finetuning/checkpoints/validation2025_100/ensemble_2_models_e5ohnz5w_tta_ddp_kpcyjb66_tta_hybrid/predicted_lesions/thr0p2_mincc20/scan_0078_pred_lesion.nii.gz
scan_0078,probability_average,none,0.2,40,nan,0.1,0,1,1,0.0,0,nan,-1,nan,-1,nan,-1,-1,nan,-1,/data/data/DA25S005/miccai_tbi/MultiTalentV2_finetuning/checkpoints/validation2025_100/ensemble_2_models_e5ohnz5w_tta_ddp_kpcyjb66_tta_hybrid/predicted_lesions/thr0p2_mincc40/scan_0078_pred_lesion.nii.gz
scan_0078,probability_average,none,0.3,0,nan,0.1,0,1,1,0.0,0,nan,-1,nan,-1,nan,-1,-1,nan,-1,/data/data/DA25S005/miccai_tbi/MultiTalentV2_finetuning/checkpoints/validation2025_100/ensemble_2_models_e5ohnz5w_tta_ddp_kpcyjb66_tta_hybrid/predicted_lesions/thr0p3_mincc0/scan_0078_pred_lesion.nii.gz
scan_0078,probability_average,none,0.3,3,nan,0.1,0,1,1,0.0,0,nan,-1,nan,-1,nan,-1,-1,nan,-1,/data/data/DA25S005/miccai_tbi/MultiTalentV2_finetuning/checkpoints/validation2025_100/ensemble_2_models_e5ohnz5w_tta_ddp_kpcyjb66_tta_hybrid/predicted_lesions/thr0p3_mincc3/scan_0078_pred_lesion.nii.gz
scan_0078,probability_average,none,0.3,5,nan,0.1,0,1,1,0.0,0,nan,-1,nan,-1,nan,-1,-1,nan,-1,/data/data/DA25S005/miccai_tbi/MultiTalentV2_finetuning/checkpoints/validation2025_100/ensemble_2_models_e5ohnz5w_tta_ddp_kpcyjb66_tta_hybrid/predicted_lesions/thr0p3_mincc5/scan_0078_pred_lesion.nii.gz
scan_0078,probability_average,none,0.3,10,nan,0.1,0,1,1,0.0,0,nan,-1,nan,-1,nan,-1,-1,nan,-1,/data/data/DA25S005/miccai_tbi/MultiTalentV2_finetuning/checkpoints/validation2025_100/ensemble_2_models_e5ohnz5w_tta_ddp_kpcyjb66_tta_hybrid/predicted_lesions/thr0p3_mincc10/scan_0078_pred_lesion.nii.gz
scan_0078,probability_average,none,0.3,20,nan,0.1,0,1,1,0.0,0,nan,-1,nan,-1,nan,-1,-1,nan,-1,/data/data/DA25S005/miccai_tbi/MultiTalentV2_finetuning/checkpoints/validation2025_100/ensemble_2_models_e5ohnz5w_tta_ddp_kpcyjb66_tta_hybrid/predicted_lesions/thr0p3_mincc20/scan_0078_pred_lesion.nii.gz
scan_0078,probability_average,none,0.3,40,nan,0.1,0,1,1,0.0,0,nan,-1,nan,-1,nan,-1,-1,nan,-1,/data/data/DA25S005/miccai_tbi/MultiTalentV2_finetuning/checkpoints/validation2025_100/ensemble_2_models_e5ohnz5w_tta_ddp_kpcyjb66_tta_hybrid/predicted_lesions/thr0p3_mincc40/scan_0078_pred_lesion.nii.gz
scan_0078,probability_average,none,0.4,0,nan,0.1,0,1,1,0.0,0,nan,-1,nan,-1,nan,-1,-1,nan,-1,/data/data/DA25S005/miccai_tbi/MultiTalentV2_finetuning/checkpoints/validation2025_100/ensemble_2_models_e5ohnz5w_tta_ddp_kpcyjb66_tta_hybrid/predicted_lesions/thr0p4_mincc0/scan_0078_pred_lesion.nii.gz
scan_0078,probability_average,none,0.4,3,nan,0.1,0,1,1,0.0,0,nan,-1,nan,-1,nan,-1,-1,nan,-1,/data/data/DA25S005/miccai_tbi/MultiTalentV2_finetuning/checkpoints/validation2025_100/ensemble_2_models_e5ohnz5w_tta_ddp_kpcyjb66_tta_hybrid/predicted_lesions/thr0p4_mincc3/scan_0078_pred_lesion.nii.gz
scan_0078,probability_average,none,0.4,5,nan,0.1,0,1,1,0.0,0,nan,-1,nan,-1,nan,-1,-1,nan,-1,/data/data/DA25S005/miccai_tbi/MultiTalentV2_finetuning/checkpoints/validation2025_100/ensemble_2_models_e5ohnz5w_tta_ddp_kpcyjb66_tta_hybrid/predicted_lesions/thr0p4_mincc5/scan_0078_pred_lesion.nii.gz
scan_0078,probability_average,none,0.4,10,nan,0.1,0,1,1,0.0,0,nan,-1,nan,-1,nan,-1,-1,nan,-1,/data/data/DA25S005/miccai_tbi/MultiTalentV2_finetuning/checkpoints/validation2025_100/ensemble_2_models_e5ohnz5w_tta_ddp_kpcyjb66_tta_hybrid/predicted_lesions/thr0p4_mincc10/scan_0078_pred_lesion.nii.gz
scan_0078,probability_average,none,0.4,20,nan,0.1,0,1,1,0.0,0,nan,-1,nan,-1,nan,-1,-1,nan,-1,/data/data/DA25S005/miccai_tbi/MultiTalentV2_finetuning/checkpoints/validation2025_100/ensemble_2_models_e5ohnz5w_tta_ddp_kpcyjb66_tta_hybrid/predicted_lesions/thr0p4_mincc20/scan_0078_pred_lesion.nii.gz
scan_0078,probability_average,none,0.4,40,nan,0.1,0,1,1,0.0,0,nan,-1,nan,-1,nan,-1,-1,nan,-1,/data/data/DA25S005/miccai_tbi/MultiTalentV2_finetuning/checkpoints/validation2025_100/ensemble_2_models_e5ohnz5w_tta_ddp_kpcyjb66_tta_hybrid/predicted_lesions/thr0p4_mincc40/scan_0078_pred_lesion.nii.gz
scan_0078,probability_average,none,0.5,0,nan,0.1,0,1,1,0.0,0,nan,-1,nan,-1,nan,-1,-1,nan,-1,/data/data/DA25S005/miccai_tbi/MultiTalentV2_finetuning/checkpoints/validation2025_100/ensemble_2_models_e5ohnz5w_tta_ddp_kpcyjb66_tta_hybrid/predicted_lesions/thr0p5_mincc0/scan_0078_pred_lesion.nii.gz
scan_0078,probability_average,none,0.5,3,nan,0.1,0,1,1,0.0,0,nan,-1,nan,-1,nan,-1,-1,nan,-1,/data/data/DA25S005/miccai_tbi/MultiTalentV2_finetuning/checkpoints/validation2025_100/ensemble_2_models_e5ohnz5w_tta_ddp_kpcyjb66_tta_hybrid/predicted_lesions/thr0p5_mincc3/scan_0078_pred_lesion.nii.gz
scan_0078,probability_average,none,0.5,5,nan,0.1,0,1,1,0.0,0,nan,-1,nan,-1,nan,-1,-1,nan,-1,/data/data/DA25S005/miccai_tbi/MultiTalentV2_finetuning/checkpoints/validation2025_100/ensemble_2_models_e5ohnz5w_tta_ddp_kpcyjb66_tta_hybrid/predicted_lesions/thr0p5_mincc5/scan_0078_pred_lesion.nii.gz
scan_0078,probability_average,none,0.5,10,nan,0.1,0,1,1,0.0,0,nan,-1,nan,-1,nan,-1,-1,nan,-1,/data/data/DA25S005/miccai_tbi/MultiTalentV2_finetuning/checkpoints/validation2025_100/ensemble_2_models_e5ohnz5w_tta_ddp_kpcyjb66_tta_hybrid/predicted_lesions/thr0p5_mincc10/scan_0078_pred_lesion.nii.gz
scan_0078,probability_average,none,0.5,20,nan,0.1,0,1,1,0.0,0,nan,-1,nan,-1,nan,-1,-1,nan,-1,/data/data/DA25S005/miccai_tbi/MultiTalentV2_finetuning/checkpoints/validation2025_100/ensemble_2_models_e5ohnz5w_tta_ddp_kpcyjb66_tta_hybrid/predicted_lesions/thr0p5_mincc20/scan_0078_pred_lesion.nii.gz
scan_0078,probability_average,none,0.5,40,nan,0.1,0,1,1,0.0,0,nan,-1,nan,-1,nan,-1,-1,nan,-1,/data/data/DA25S005/miccai_tbi/MultiTalentV2_finetuning/checkpoints/validation2025_100/ensemble_2_models_e5ohnz5w_tta_ddp_kpcyjb66_tta_hybrid/predicted_lesions/thr0p5_mincc40/scan_0078_pred_lesion.nii.gz
scan_0081,probability_average,none,0.1,0,nan,0.1,0,1,1,0.0,0,nan,-1,nan,-1,nan,-1,-1,nan,-1,/data/data/DA25S005/miccai_tbi/MultiTalentV2_finetuning/checkpoints/validation2025_100/ensemble_2_models_e5ohnz5w_tta_ddp_kpcyjb66_tta_hybrid/predicted_lesions/thr0p1_mincc0/scan_0081_pred_lesion.nii.gz
scan_0081,probability_average,none,0.1,3,nan,0.1,0,1,1,0.0,0,nan,-1,nan,-1,nan,-1,-1,nan,-1,/data/data/DA25S005/miccai_tbi/MultiTalentV2_finetuning/checkpoints/validation2025_100/ensemble_2_models_e5ohnz5w_tta_ddp_kpcyjb66_tta_hybrid/predicted_lesions/thr0p1_mincc3/scan_0081_pred_lesion.nii.gz
scan_0081,probability_average,none,0.1,5,nan,0.1,0,1,1,0.0,0,nan,-1,nan,-1,nan,-1,-1,nan,-1,/data/data/DA25S005/miccai_tbi/MultiTalentV2_finetuning/checkpoints/validation2025_100/ensemble_2_models_e5ohnz5w_tta_ddp_kpcyjb66_tta_hybrid/predicted_lesions/thr0p1_mincc5/scan_0081_pred_lesion.nii.gz
scan_0081,probability_average,none,0.1,10,nan,0.1,0,1,1,0.0,0,nan,-1,nan,-1,nan,-1,-1,nan,-1,/data/data/DA25S005/miccai_tbi/MultiTalentV2_finetuning/checkpoints/validation2025_100/ensemble_2_models_e5ohnz5w_tta_ddp_kpcyjb66_tta_hybrid/predicted_lesions/thr0p1_mincc10/scan_0081_pred_lesion.nii.gz
scan_0081,probability_average,none,0.1,20,nan,0.1,0,1,1,0.0,0,nan,-1,nan,-1,nan,-1,-1,nan,-1,/data/data/DA25S005/miccai_tbi/MultiTalentV2_finetuning/checkpoints/validation2025_100/ensemble_2_models_e5ohnz5w_tta_ddp_kpcyjb66_tta_hybrid/predicted_lesions/thr0p1_mincc20/scan_0081_pred_lesion.nii.gz
scan_0081,probability_average,none,0.1,40,nan,0.1,0,1,1,0.0,0,nan,-1,nan,-1,nan,-1,-1,nan,-1,/data/data/DA25S005/miccai_tbi/MultiTalentV2_finetuning/checkpoints/validation2025_100/ensemble_2_models_e5ohnz5w_tta_ddp_kpcyjb66_tta_hybrid/predicted_lesions/thr0p1_mincc40/scan_0081_pred_lesion.nii.gz
scan_0081,probability_average,none,0.2,0,nan,0.1,0,1,1,0.0,0,nan,-1,nan,-1,nan,-1,-1,nan,-1,/data/data/DA25S005/miccai_tbi/MultiTalentV2_finetuning/checkpoints/validation2025_100/ensemble_2_models_e5ohnz5w_tta_ddp_kpcyjb66_tta_hybrid/predicted_lesions/thr0p2_mincc0/scan_0081_pred_lesion.nii.gz
scan_0081,probability_average,none,0.2,3,nan,0.1,0,1,1,0.0,0,nan,-1,nan,-1,nan,-1,-1,nan,-1,/data/data/DA25S005/miccai_tbi/MultiTalentV2_finetuning/checkpoints/validation2025_100/ensemble_2_models_e5ohnz5w_tta_ddp_kpcyjb66_tta_hybrid/predicted_lesions/thr0p2_mincc3/scan_0081_pred_lesion.nii.gz
scan_0081,probability_average,none,0.2,5,nan,0.1,0,1,1,0.0,0,nan,-1,nan,-1,nan,-1,-1,nan,-1,/data/data/DA25S005/miccai_tbi/MultiTalentV2_finetuning/checkpoints/validation2025_100/ensemble_2_models_e5ohnz5w_tta_ddp_kpcyjb66_tta_hybrid/predicted_lesions/thr0p2_mincc5/scan_0081_pred_lesion.nii.gz
scan_0081,probability_average,none,0.2,10,nan,0.1,0,1,1,0.0,0,nan,-1,nan,-1,nan,-1,-1,nan,-1,/data/data/DA25S005/miccai_tbi/MultiTalentV2_finetuning/checkpoints/validation2025_100/ensemble_2_models_e5ohnz5w_tta_ddp_kpcyjb66_tta_hybrid/predicted_lesions/thr0p2_mincc10/scan_0081_pred_lesion.nii.gz
scan_0081,probability_average,none,0.2,20,nan,0.1,0,1,1,0.0,0,nan,-1,nan,-1,nan,-1,-1,nan,-1,/data/data/DA25S005/miccai_tbi/MultiTalentV2_finetuning/checkpoints/validation2025_100/ensemble_2_models_e5ohnz5w_tta_ddp_kpcyjb66_tta_hybrid/predicted_lesions/thr0p2_mincc20/scan_0081_pred_lesion.nii.gz
scan_0081,probability_average,none,0.2,40,nan,0.1,0,1,1,0.0,0,nan,-1,nan,-1,nan,-1,-1,nan,-1,/data/data/DA25S005/miccai_tbi/MultiTalentV2_finetuning/checkpoints/validation2025_100/ensemble_2_models_e5ohnz5w_tta_ddp_kpcyjb66_tta_hybrid/predicted_lesions/thr0p2_mincc40/scan_0081_pred_lesion.nii.gz
scan_0081,probability_average,none,0.3,0,nan,0.1,0,1,1,0.0,0,nan,-1,nan,-1,nan,-1,-1,nan,-1,/data/data/DA25S005/miccai_tbi/MultiTalentV2_finetuning/checkpoints/validation2025_100/ensemble_2_models_e5ohnz5w_tta_ddp_kpcyjb66_tta_hybrid/predicted_lesions/thr0p3_mincc0/scan_0081_pred_lesion.nii.gz
scan_0081,probability_average,none,0.3,3,nan,0.1,0,1,1,0.0,0,nan,-1,nan,-1,nan,-1,-1,nan,-1,/data/data/DA25S005/miccai_tbi/MultiTalentV2_finetuning/checkpoints/validation2025_100/ensemble_2_models_e5ohnz5w_tta_ddp_kpcyjb66_tta_hybrid/predicted_lesions/thr0p3_mincc3/scan_0081_pred_lesion.nii.gz
scan_0081,probability_average,none,0.3,5,nan,0.1,0,1,1,0.0,0,nan,-1,nan,-1,nan,-1,-1,nan,-1,/data/data/DA25S005/miccai_tbi/MultiTalentV2_finetuning/checkpoints/validation2025_100/ensemble_2_models_e5ohnz5w_tta_ddp_kpcyjb66_tta_hybrid/predicted_lesions/thr0p3_mincc5/scan_0081_pred_lesion.nii.gz
scan_0081,probability_average,none,0.3,10,nan,0.1,0,1,1,0.0,0,nan,-1,nan,-1,nan,-1,-1,nan,-1,/data/data/DA25S005/miccai_tbi/MultiTalentV2_finetuning/checkpoints/validation2025_100/ensemble_2_models_e5ohnz5w_tta_ddp_kpcyjb66_tta_hybrid/predicted_lesions/thr0p3_mincc10/scan_0081_pred_lesion.nii.gz
scan_0081,probability_average,none,0.3,20,nan,0.1,0,1,1,0.0,0,nan,-1,nan,-1,nan,-1,-1,nan,-1,/data/data/DA25S005/miccai_tbi/MultiTalentV2_finetuning/checkpoints/validation2025_100/ensemble_2_models_e5ohnz5w_tta_ddp_kpcyjb66_tta_hybrid/predicted_lesions/thr0p3_mincc20/scan_0081_pred_lesion.nii.gz
scan_0081,probability_average,none,0.3,40,nan,0.1,0,1,1,0.0,0,nan,-1,nan,-1,nan,-1,-1,nan,-1,/data/data/DA25S005/miccai_tbi/MultiTalentV2_finetuning/checkpoints/validation2025_100/ensemble_2_models_e5ohnz5w_tta_ddp_kpcyjb66_tta_hybrid/predicted_lesions/thr0p3_mincc40/scan_0081_pred_lesion.nii.gz
scan_0081,probability_average,none,0.4,0,nan,0.1,0,1,1,0.0,0,nan,-1,nan,-1,nan,-1,-1,nan,-1,/data/data/DA25S005/miccai_tbi/MultiTalentV2_finetuning/checkpoints/validation2025_100/ensemble_2_models_e5ohnz5w_tta_ddp_kpcyjb66_tta_hybrid/predicted_lesions/thr0p4_mincc0/scan_0081_pred_lesion.nii.gz
scan_0081,probability_average,none,0.4,3,nan,0.1,0,1,1,0.0,0,nan,-1,nan,-1,nan,-1,-1,nan,-1,/data/data/DA25S005/miccai_tbi/MultiTalentV2_finetuning/checkpoints/validation2025_100/ensemble_2_models_e5ohnz5w_tta_ddp_kpcyjb66_tta_hybrid/predicted_lesions/thr0p4_mincc3/scan_0081_pred_lesion.nii.gz
scan_0081,probability_average,none,0.4,5,nan,0.1,0,1,1,0.0,0,nan,-1,nan,-1,nan,-1,-1,nan,-1,/data/data/DA25S005/miccai_tbi/MultiTalentV2_finetuning/checkpoints/validation2025_100/ensemble_2_models_e5ohnz5w_tta_ddp_kpcyjb66_tta_hybrid/predicted_lesions/thr0p4_mincc5/scan_0081_pred_lesion.nii.gz
scan_0081,probability_average,none,0.4,10,nan,0.1,0,1,1,0.0,0,nan,-1,nan,-1,nan,-1,-1,nan,-1,/data/data/DA25S005/miccai_tbi/MultiTalentV2_finetuning/checkpoints/validation2025_100/ensemble_2_models_e5ohnz5w_tta_ddp_kpcyjb66_tta_hybrid/predicted_lesions/thr0p4_mincc10/scan_0081_pred_lesion.nii.gz
scan_0081,probability_average,none,0.4,20,nan,0.1,0,1,1,0.0,0,nan,-1,nan,-1,nan,-1,-1,nan,-1,/data/data/DA25S005/miccai_tbi/MultiTalentV2_finetuning/checkpoints/validation2025_100/ensemble_2_models_e5ohnz5w_tta_ddp_kpcyjb66_tta_hybrid/predicted_lesions/thr0p4_mincc20/scan_0081_pred_lesion.nii.gz
scan_0081,probability_average,none,0.4,40,nan,0.1,0,1,1,0.0,0,nan,-1,nan,-1,nan,-1,-1,nan,-1,/data/data/DA25S005/miccai_tbi/MultiTalentV2_finetuning/checkpoints/validation2025_100/ensemble_2_models_e5ohnz5w_tta_ddp_kpcyjb66_tta_hybrid/predicted_lesions/thr0p4_mincc40/scan_0081_pred_lesion.nii.gz
scan_0081,probability_average,none,0.5,0,nan,0.1,0,1,1,0.0,0,nan,-1,nan,-1,nan,-1,-1,nan,-1,/data/data/DA25S005/miccai_tbi/MultiTalentV2_finetuning/checkpoints/validation2025_100/ensemble_2_models_e5ohnz5w_tta_ddp_kpcyjb66_tta_hybrid/predicted_lesions/thr0p5_mincc0/scan_0081_pred_lesion.nii.gz
scan_0081,probability_average,none,0.5,3,nan,0.1,0,1,1,0.0,0,nan,-1,nan,-1,nan,-1,-1,nan,-1,/data/data/DA25S005/miccai_tbi/MultiTalentV2_finetuning/checkpoints/validation2025_100/ensemble_2_models_e5ohnz5w_tta_ddp_kpcyjb66_tta_hybrid/predicted_lesions/thr0p5_mincc3/scan_0081_pred_lesion.nii.gz
scan_0081,probability_average,none,0.5,5,nan,0.1,0,1,1,0.0,0,nan,-1,nan,-1,nan,-1,-1,nan,-1,/data/data/DA25S005/miccai_tbi/MultiTalentV2_finetuning/checkpoints/validation2025_100/ensemble_2_models_e5ohnz5w_tta_ddp_kpcyjb66_tta_hybrid/predicted_lesions/thr0p5_mincc5/scan_0081_pred_lesion.nii.gz
scan_0081,probability_average,none,0.5,10,nan,0.1,0,1,1,0.0,0,nan,-1,nan,-1,nan,-1,-1,nan,-1,/data/data/DA25S005/miccai_tbi/MultiTalentV2_finetuning/checkpoints/validation2025_100/ensemble_2_models_e5ohnz5w_tta_ddp_kpcyjb66_tta_hybrid/predicted_lesions/thr0p5_mincc10/scan_0081_pred_lesion.nii.gz
scan_0081,probability_average,none,0.5,20,nan,0.1,0,1,1,0.0,0,nan,-1,nan,-1,nan,-1,-1,nan,-1,/data/data/DA25S005/miccai_tbi/MultiTalentV2_finetuning/checkpoints/validation2025_100/ensemble_2_models_e5ohnz5w_tta_ddp_kpcyjb66_tta_hybrid/predicted_lesions/thr0p5_mincc20/scan_0081_pred_lesion.nii.gz
scan_0081,probability_average,none,0.5,40,nan,0.1,0,1,1,0.0,0,nan,-1,nan,-1,nan,-1,-1,nan,-1,/data/data/DA25S005/miccai_tbi/MultiTalentV2_finetuning/checkpoints/validation2025_100/ensemble_2_models_e5ohnz5w_tta_ddp_kpcyjb66_tta_hybrid/predicted_lesions/thr0p5_mincc40/scan_0081_pred_lesion.nii.gz
scan_0083,probability_average,none,0.1,0,nan,0.1,0,1,1,0.0,0,nan,-1,nan,-1,nan,-1,-1,nan,-1,/data/data/DA25S005/miccai_tbi/MultiTalentV2_finetuning/checkpoints/validation2025_100/ensemble_2_models_e5ohnz5w_tta_ddp_kpcyjb66_tta_hybrid/predicted_lesions/thr0p1_mincc0/scan_0083_pred_lesion.nii.gz
scan_0083,probability_average,none,0.1,3,nan,0.1,0,1,1,0.0,0,nan,-1,nan,-1,nan,-1,-1,nan,-1,/data/data/DA25S005/miccai_tbi/MultiTalentV2_finetuning/checkpoints/validation2025_100/ensemble_2_models_e5ohnz5w_tta_ddp_kpcyjb66_tta_hybrid/predicted_lesions/thr0p1_mincc3/scan_0083_pred_lesion.nii.gz
scan_0083,probability_average,none,0.1,5,nan,0.1,0,1,1,0.0,0,nan,-1,nan,-1,nan,-1,-1,nan,-1,/data/data/DA25S005/miccai_tbi/MultiTalentV2_finetuning/checkpoints/validation2025_100/ensemble_2_models_e5ohnz5w_tta_ddp_kpcyjb66_tta_hybrid/predicted_lesions/thr0p1_mincc5/scan_0083_pred_lesion.nii.gz
scan_0083,probability_average,none,0.1,10,nan,0.1,0,1,1,0.0,0,nan,-1,nan,-1,nan,-1,-1,nan,-1,/data/data/DA25S005/miccai_tbi/MultiTalentV2_finetuning/checkpoints/validation2025_100/ensemble_2_models_e5ohnz5w_tta_ddp_kpcyjb66_tta_hybrid/predicted_lesions/thr0p1_mincc10/scan_0083_pred_lesion.nii.gz
scan_0083,probability_average,none,0.1,20,nan,0.1,0,1,1,0.0,0,nan,-1,nan,-1,nan,-1,-1,nan,-1,/data/data/DA25S005/miccai_tbi/MultiTalentV2_finetuning/checkpoints/validation2025_100/ensemble_2_models_e5ohnz5w_tta_ddp_kpcyjb66_tta_hybrid/predicted_lesions/thr0p1_mincc20/scan_0083_pred_lesion.nii.gz
scan_0083,probability_average,none,0.1,40,nan,0.1,0,1,1,0.0,0,nan,-1,nan,-1,nan,-1,-1,nan,-1,/data/data/DA25S005/miccai_tbi/MultiTalentV2_finetuning/checkpoints/validation2025_100/ensemble_2_models_e5ohnz5w_tta_ddp_kpcyjb66_tta_hybrid/predicted_lesions/thr0p1_mincc40/scan_0083_pred_lesion.nii.gz
scan_0083,probability_average,none,0.2,0,nan,0.1,0,1,1,0.0,0,nan,-1,nan,-1,nan,-1,-1,nan,-1,/data/data/DA25S005/miccai_tbi/MultiTalentV2_finetuning/checkpoints/validation2025_100/ensemble_2_models_e5ohnz5w_tta_ddp_kpcyjb66_tta_hybrid/predicted_lesions/thr0p2_mincc0/scan_0083_pred_lesion.nii.gz
scan_0083,probability_average,none,0.2,3,nan,0.1,0,1,1,0.0,0,nan,-1,nan,-1,nan,-1,-1,nan,-1,/data/data/DA25S005/miccai_tbi/MultiTalentV2_finetuning/checkpoints/validation2025_100/ensemble_2_models_e5ohnz5w_tta_ddp_kpcyjb66_tta_hybrid/predicted_lesions/thr0p2_mincc3/scan_0083_pred_lesion.nii.gz
scan_0083,probability_average,none,0.2,5,nan,0.1,0,1,1,0.0,0,nan,-1,nan,-1,nan,-1,-1,nan,-1,/data/data/DA25S005/miccai_tbi/MultiTalentV2_finetuning/checkpoints/validation2025_100/ensemble_2_models_e5ohnz5w_tta_ddp_kpcyjb66_tta_hybrid/predicted_lesions/thr0p2_mincc5/scan_0083_pred_lesion.nii.gz
scan_0083,probability_average,none,0.2,10,nan,0.1,0,1,1,0.0,0,nan,-1,nan,-1,nan,-1,-1,nan,-1,/data/data/DA25S005/miccai_tbi/MultiTalentV2_finetuning/checkpoints/validation2025_100/ensemble_2_models_e5ohnz5w_tta_ddp_kpcyjb66_tta_hybrid/predicted_lesions/thr0p2_mincc10/scan_0083_pred_lesion.nii.gz
scan_0083,probability_average,none,0.2,20,nan,0.1,0,1,1,0.0,0,nan,-1,nan,-1,nan,-1,-1,nan,-1,/data/data/DA25S005/miccai_tbi/MultiTalentV2_finetuning/checkpoints/validation2025_100/ensemble_2_models_e5ohnz5w_tta_ddp_kpcyjb66_tta_hybrid/predicted_lesions/thr0p2_mincc20/scan_0083_pred_lesion.nii.gz
scan_0083,probability_average,none,0.2,40,nan,0.1,0,1,1,0.0,0,nan,-1,nan,-1,nan,-1,-1,nan,-1,/data/data/DA25S005/miccai_tbi/MultiTalentV2_finetuning/checkpoints/validation2025_100/ensemble_2_models_e5ohnz5w_tta_ddp_kpcyjb66_tta_hybrid/predicted_lesions/thr0p2_mincc40/scan_0083_pred_lesion.nii.gz
scan_0083,probability_average,none,0.3,0,nan,0.1,0,1,1,0.0,0,nan,-1,nan,-1,nan,-1,-1,nan,-1,/data/data/DA25S005/miccai_tbi/MultiTalentV2_finetuning/checkpoints/validation2025_100/ensemble_2_models_e5ohnz5w_tta_ddp_kpcyjb66_tta_hybrid/predicted_lesions/thr0p3_mincc0/scan_0083_pred_lesion.nii.gz
scan_0083,probability_average,none,0.3,3,nan,0.1,0,1,1,0.0,0,nan,-1,nan,-1,nan,-1,-1,nan,-1,/data/data/DA25S005/miccai_tbi/MultiTalentV2_finetuning/checkpoints/validation2025_100/ensemble_2_models_e5ohnz5w_tta_ddp_kpcyjb66_tta_hybrid/predicted_lesions/thr0p3_mincc3/scan_0083_pred_lesion.nii.gz
scan_0083,probability_average,none,0.3,5,nan,0.1,0,1,1,0.0,0,nan,-1,nan,-1,nan,-1,-1,nan,-1,/data/data/DA25S005/miccai_tbi/MultiTalentV2_finetuning/checkpoints/validation2025_100/ensemble_2_models_e5ohnz5w_tta_ddp_kpcyjb66_tta_hybrid/predicted_lesions/thr0p3_mincc5/scan_0083_pred_lesion.nii.gz
scan_0083,probability_average,none,0.3,10,nan,0.1,0,1,1,0.0,0,nan,-1,nan,-1,nan,-1,-1,nan,-1,/data/data/DA25S005/miccai_tbi/MultiTalentV2_finetuning/checkpoints/validation2025_100/ensemble_2_models_e5ohnz5w_tta_ddp_kpcyjb66_tta_hybrid/predicted_lesions/thr0p3_mincc10/scan_0083_pred_lesion.nii.gz
scan_0083,probability_average,none,0.3,20,nan,0.1,0,1,1,0.0,0,nan,-1,nan,-1,nan,-1,-1,nan,-1,/data/data/DA25S005/miccai_tbi/MultiTalentV2_finetuning/checkpoints/validation2025_100/ensemble_2_models_e5ohnz5w_tta_ddp_kpcyjb66_tta_hybrid/predicted_lesions/thr0p3_mincc20/scan_0083_pred_lesion.nii.gz
scan_0083,probability_average,none,0.3,40,nan,0.1,0,1,1,0.0,0,nan,-1,nan,-1,nan,-1,-1,nan,-1,/data/data/DA25S005/miccai_tbi/MultiTalentV2_finetuning/checkpoints/validation2025_100/ensemble_2_models_e5ohnz5w_tta_ddp_kpcyjb66_tta_hybrid/predicted_lesions/thr0p3_mincc40/scan_0083_pred_lesion.nii.gz
scan_0083,probability_average,none,0.4,0,nan,0.1,0,1,1,0.0,0,nan,-1,nan,-1,nan,-1,-1,nan,-1,/data/data/DA25S005/miccai_tbi/MultiTalentV2_finetuning/checkpoints/validation2025_100/ensemble_2_models_e5ohnz5w_tta_ddp_kpcyjb66_tta_hybrid/predicted_lesions/thr0p4_mincc0/scan_0083_pred_lesion.nii.gz
scan_0083,probability_average,none,0.4,3,nan,0.1,0,1,1,0.0,0,nan,-1,nan,-1,nan,-1,-1,nan,-1,/data/data/DA25S005/miccai_tbi/MultiTalentV2_finetuning/checkpoints/validation2025_100/ensemble_2_models_e5ohnz5w_tta_ddp_kpcyjb66_tta_hybrid/predicted_lesions/thr0p4_mincc3/scan_0083_pred_lesion.nii.gz
scan_0083,probability_average,none,0.4,5,nan,0.1,0,1,1,0.0,0,nan,-1,nan,-1,nan,-1,-1,nan,-1,/data/data/DA25S005/miccai_tbi/MultiTalentV2_finetuning/checkpoints/validation2025_100/ensemble_2_models_e5ohnz5w_tta_ddp_kpcyjb66_tta_hybrid/predicted_lesions/thr0p4_mincc5/scan_0083_pred_lesion.nii.gz
scan_0083,probability_average,none,0.4,10,nan,0.1,0,1,1,0.0,0,nan,-1,nan,-1,nan,-1,-1,nan,-1,/data/data/DA25S005/miccai_tbi/MultiTalentV2_finetuning/checkpoints/validation2025_100/ensemble_2_models_e5ohnz5w_tta_ddp_kpcyjb66_tta_hybrid/predicted_lesions/thr0p4_mincc10/scan_0083_pred_lesion.nii.gz
scan_0083,probability_average,none,0.4,20,nan,0.1,0,1,1,0.0,0,nan,-1,nan,-1,nan,-1,-1,nan,-1,/data/data/DA25S005/miccai_tbi/MultiTalentV2_finetuning/checkpoints/validation2025_100/ensemble_2_models_e5ohnz5w_tta_ddp_kpcyjb66_tta_hybrid/predicted_lesions/thr0p4_mincc20/scan_0083_pred_lesion.nii.gz
scan_0083,probability_average,none,0.4,40,nan,0.1,0,1,1,0.0,0,nan,-1,nan,-1,nan,-1,-1,nan,-1,/data/data/DA25S005/miccai_tbi/MultiTalentV2_finetuning/checkpoints/validation2025_100/ensemble_2_models_e5ohnz5w_tta_ddp_kpcyjb66_tta_hybrid/predicted_lesions/thr0p4_mincc40/scan_0083_pred_lesion.nii.gz
scan_0083,probability_average,none,0.5,0,nan,0.1,0,1,1,0.0,0,nan,-1,nan,-1,nan,-1,-1,nan,-1,/data/data/DA25S005/miccai_tbi/MultiTalentV2_finetuning/checkpoints/validation2025_100/ensemble_2_models_e5ohnz5w_tta_ddp_kpcyjb66_tta_hybrid/predicted_lesions/thr0p5_mincc0/scan_0083_pred_lesion.nii.gz
scan_0083,probability_average,none,0.5,3,nan,0.1,0,1,1,0.0,0,nan,-1,nan,-1,nan,-1,-1,nan,-1,/data/data/DA25S005/miccai_tbi/MultiTalentV2_finetuning/checkpoints/validation2025_100/ensemble_2_models_e5ohnz5w_tta_ddp_kpcyjb66_tta_hybrid/predicted_lesions/thr0p5_mincc3/scan_0083_pred_lesion.nii.gz
scan_0083,probability_average,none,0.5,5,nan,0.1,0,1,1,0.0,0,nan,-1,nan,-1,nan,-1,-1,nan,-1,/data/data/DA25S005/miccai_tbi/MultiTalentV2_finetuning/checkpoints/validation2025_100/ensemble_2_models_e5ohnz5w_tta_ddp_kpcyjb66_tta_hybrid/predicted_lesions/thr0p5_mincc5/scan_0083_pred_lesion.nii.gz
scan_0083,probability_average,none,0.5,10,nan,0.1,0,1,1,0.0,0,nan,-1,nan,-1,nan,-1,-1,nan,-1,/data/data/DA25S005/miccai_tbi/MultiTalentV2_finetuning/checkpoints/validation2025_100/ensemble_2_models_e5ohnz5w_tta_ddp_kpcyjb66_tta_hybrid/predicted_lesions/thr0p5_mincc10/scan_0083_pred_lesion.nii.gz
scan_0083,probability_average,none,0.5,20,nan,0.1,0,1,1,0.0,0,nan,-1,nan,-1,nan,-1,-1,nan,-1,/data/data/DA25S005/miccai_tbi/MultiTalentV2_finetuning/checkpoints/validation2025_100/ensemble_2_models_e5ohnz5w_tta_ddp_kpcyjb66_tta_hybrid/predicted_lesions/thr0p5_mincc20/scan_0083_pred_lesion.nii.gz
scan_0083,probability_average,none,0.5,40,nan,0.1,0,1,1,0.0,0,nan,-1,nan,-1,nan,-1,-1,nan,-1,/data/data/DA25S005/miccai_tbi/MultiTalentV2_finetuning/checkpoints/validation2025_100/ensemble_2_models_e5ohnz5w_tta_ddp_kpcyjb66_tta_hybrid/predicted_lesions/thr0p5_mincc40/scan_0083_pred_lesion.nii.gz
scan_0085,probability_average,none,0.1,0,nan,0.1,0,1,1,0.0,0,nan,-1,nan,-1,nan,-1,-1,nan,-1,/data/data/DA25S005/miccai_tbi/MultiTalentV2_finetuning/checkpoints/validation2025_100/ensemble_2_models_e5ohnz5w_tta_ddp_kpcyjb66_tta_hybrid/predicted_lesions/thr0p1_mincc0/scan_0085_pred_lesion.nii.gz
scan_0085,probability_average,none,0.1,3,nan,0.1,0,1,1,0.0,0,nan,-1,nan,-1,nan,-1,-1,nan,-1,/data/data/DA25S005/miccai_tbi/MultiTalentV2_finetuning/checkpoints/validation2025_100/ensemble_2_models_e5ohnz5w_tta_ddp_kpcyjb66_tta_hybrid/predicted_lesions/thr0p1_mincc3/scan_0085_pred_lesion.nii.gz
scan_0085,probability_average,none,0.1,5,nan,0.1,0,1,1,0.0,0,nan,-1,nan,-1,nan,-1,-1,nan,-1,/data/data/DA25S005/miccai_tbi/MultiTalentV2_finetuning/checkpoints/validation2025_100/ensemble_2_models_e5ohnz5w_tta_ddp_kpcyjb66_tta_hybrid/predicted_lesions/thr0p1_mincc5/scan_0085_pred_lesion.nii.gz
scan_0085,probability_average,none,0.1,10,nan,0.1,0,1,1,0.0,0,nan,-1,nan,-1,nan,-1,-1,nan,-1,/data/data/DA25S005/miccai_tbi/MultiTalentV2_finetuning/checkpoints/validation2025_100/ensemble_2_models_e5ohnz5w_tta_ddp_kpcyjb66_tta_hybrid/predicted_lesions/thr0p1_mincc10/scan_0085_pred_lesion.nii.gz
scan_0085,probability_average,none,0.1,20,nan,0.1,0,1,1,0.0,0,nan,-1,nan,-1,nan,-1,-1,nan,-1,/data/data/DA25S005/miccai_tbi/MultiTalentV2_finetuning/checkpoints/validation2025_100/ensemble_2_models_e5ohnz5w_tta_ddp_kpcyjb66_tta_hybrid/predicted_lesions/thr0p1_mincc20/scan_0085_pred_lesion.nii.gz
scan_0085,probability_average,none,0.1,40,nan,0.1,0,1,1,0.0,0,nan,-1,nan,-1,nan,-1,-1,nan,-1,/data/data/DA25S005/miccai_tbi/MultiTalentV2_finetuning/checkpoints/validation2025_100/ensemble_2_models_e5ohnz5w_tta_ddp_kpcyjb66_tta_hybrid/predicted_lesions/thr0p1_mincc40/scan_0085_pred_lesion.nii.gz
scan_0085,probability_average,none,0.2,0,nan,0.1,0,1,1,0.0,0,nan,-1,nan,-1,nan,-1,-1,nan,-1,/data/data/DA25S005/miccai_tbi/MultiTalentV2_finetuning/checkpoints/validation2025_100/ensemble_2_models_e5ohnz5w_tta_ddp_kpcyjb66_tta_hybrid/predicted_lesions/thr0p2_mincc0/scan_0085_pred_lesion.nii.gz
scan_0085,probability_average,none,0.2,3,nan,0.1,0,1,1,0.0,0,nan,-1,nan,-1,nan,-1,-1,nan,-1,/data/data/DA25S005/miccai_tbi/MultiTalentV2_finetuning/checkpoints/validation2025_100/ensemble_2_models_e5ohnz5w_tta_ddp_kpcyjb66_tta_hybrid/predicted_lesions/thr0p2_mincc3/scan_0085_pred_lesion.nii.gz
scan_0085,probability_average,none,0.2,5,nan,0.1,0,1,1,0.0,0,nan,-1,nan,-1,nan,-1,-1,nan,-1,/data/data/DA25S005/miccai_tbi/MultiTalentV2_finetuning/checkpoints/validation2025_100/ensemble_2_models_e5ohnz5w_tta_ddp_kpcyjb66_tta_hybrid/predicted_lesions/thr0p2_mincc5/scan_0085_pred_lesion.nii.gz
scan_0085,probability_average,none,0.2,10,nan,0.1,0,1,1,0.0,0,nan,-1,nan,-1,nan,-1,-1,nan,-1,/data/data/DA25S005/miccai_tbi/MultiTalentV2_finetuning/checkpoints/validation2025_100/ensemble_2_models_e5ohnz5w_tta_ddp_kpcyjb66_tta_hybrid/predicted_lesions/thr0p2_mincc10/scan_0085_pred_lesion.nii.gz
scan_0085,probability_average,none,0.2,20,nan,0.1,0,1,1,0.0,0,nan,-1,nan,-1,nan,-1,-1,nan,-1,/data/data/DA25S005/miccai_tbi/MultiTalentV2_finetuning/checkpoints/validation2025_100/ensemble_2_models_e5ohnz5w_tta_ddp_kpcyjb66_tta_hybrid/predicted_lesions/thr0p2_mincc20/scan_0085_pred_lesion.nii.gz
scan_0085,probability_average,none,0.2,40,nan,0.1,0,1,1,0.0,0,nan,-1,nan,-1,nan,-1,-1,nan,-1,/data/data/DA25S005/miccai_tbi/MultiTalentV2_finetuning/checkpoints/validation2025_100/ensemble_2_models_e5ohnz5w_tta_ddp_kpcyjb66_tta_hybrid/predicted_lesions/thr0p2_mincc40/scan_0085_pred_lesion.nii.gz
scan_0085,probability_average,none,0.3,0,nan,0.1,0,1,1,0.0,0,nan,-1,nan,-1,nan,-1,-1,nan,-1,/data/data/DA25S005/miccai_tbi/MultiTalentV2_finetuning/checkpoints/validation2025_100/ensemble_2_models_e5ohnz5w_tta_ddp_kpcyjb66_tta_hybrid/predicted_lesions/thr0p3_mincc0/scan_0085_pred_lesion.nii.gz
scan_0085,probability_average,none,0.3,3,nan,0.1,0,1,1,0.0,0,nan,-1,nan,-1,nan,-1,-1,nan,-1,/data/data/DA25S005/miccai_tbi/MultiTalentV2_finetuning/checkpoints/validation2025_100/ensemble_2_models_e5ohnz5w_tta_ddp_kpcyjb66_tta_hybrid/predicted_lesions/thr0p3_mincc3/scan_0085_pred_lesion.nii.gz
scan_0085,probability_average,none,0.3,5,nan,0.1,0,1,1,0.0,0,nan,-1,nan,-1,nan,-1,-1,nan,-1,/data/data/DA25S005/miccai_tbi/MultiTalentV2_finetuning/checkpoints/validation2025_100/ensemble_2_models_e5ohnz5w_tta_ddp_kpcyjb66_tta_hybrid/predicted_lesions/thr0p3_mincc5/scan_0085_pred_lesion.nii.gz
scan_0085,probability_average,none,0.3,10,nan,0.1,0,1,1,0.0,0,nan,-1,nan,-1,nan,-1,-1,nan,-1,/data/data/DA25S005/miccai_tbi/MultiTalentV2_finetuning/checkpoints/validation2025_100/ensemble_2_models_e5ohnz5w_tta_ddp_kpcyjb66_tta_hybrid/predicted_lesions/thr0p3_mincc10/scan_0085_pred_lesion.nii.gz
scan_0085,probability_average,none,0.3,20,nan,0.1,0,1,1,0.0,0,nan,-1,nan,-1,nan,-1,-1,nan,-1,/data/data/DA25S005/miccai_tbi/MultiTalentV2_finetuning/checkpoints/validation2025_100/ensemble_2_models_e5ohnz5w_tta_ddp_kpcyjb66_tta_hybrid/predicted_lesions/thr0p3_mincc20/scan_0085_pred_lesion.nii.gz
scan_0085,probability_average,none,0.3,40,nan,0.1,0,1,1,0.0,0,nan,-1,nan,-1,nan,-1,-1,nan,-1,/data/data/DA25S005/miccai_tbi/MultiTalentV2_finetuning/checkpoints/validation2025_100/ensemble_2_models_e5ohnz5w_tta_ddp_kpcyjb66_tta_hybrid/predicted_lesions/thr0p3_mincc40/scan_0085_pred_lesion.nii.gz
scan_0085,probability_average,none,0.4,0,nan,0.1,0,1,1,0.0,0,nan,-1,nan,-1,nan,-1,-1,nan,-1,/data/data/DA25S005/miccai_tbi/MultiTalentV2_finetuning/checkpoints/validation2025_100/ensemble_2_models_e5ohnz5w_tta_ddp_kpcyjb66_tta_hybrid/predicted_lesions/thr0p4_mincc0/scan_0085_pred_lesion.nii.gz
scan_0085,probability_average,none,0.4,3,nan,0.1,0,1,1,0.0,0,nan,-1,nan,-1,nan,-1,-1,nan,-1,/data/data/DA25S005/miccai_tbi/MultiTalentV2_finetuning/checkpoints/validation2025_100/ensemble_2_models_e5ohnz5w_tta_ddp_kpcyjb66_tta_hybrid/predicted_lesions/thr0p4_mincc3/scan_0085_pred_lesion.nii.gz
scan_0085,probability_average,none,0.4,5,nan,0.1,0,1,1,0.0,0,nan,-1,nan,-1,nan,-1,-1,nan,-1,/data/data/DA25S005/miccai_tbi/MultiTalentV2_finetuning/checkpoints/validation2025_100/ensemble_2_models_e5ohnz5w_tta_ddp_kpcyjb66_tta_hybrid/predicted_lesions/thr0p4_mincc5/scan_0085_pred_lesion.nii.gz
scan_0085,probability_average,none,0.4,10,nan,0.1,0,1,1,0.0,0,nan,-1,nan,-1,nan,-1,-1,nan,-1,/data/data/DA25S005/miccai_tbi/MultiTalentV2_finetuning/checkpoints/validation2025_100/ensemble_2_models_e5ohnz5w_tta_ddp_kpcyjb66_tta_hybrid/predicted_lesions/thr0p4_mincc10/scan_0085_pred_lesion.nii.gz
scan_0085,probability_average,none,0.4,20,nan,0.1,0,1,1,0.0,0,nan,-1,nan,-1,nan,-1,-1,nan,-1,/data/data/DA25S005/miccai_tbi/MultiTalentV2_finetuning/checkpoints/validation2025_100/ensemble_2_models_e5ohnz5w_tta_ddp_kpcyjb66_tta_hybrid/predicted_lesions/thr0p4_mincc20/scan_0085_pred_lesion.nii.gz
scan_0085,probability_average,none,0.4,40,nan,0.1,0,1,1,0.0,0,nan,-1,nan,-1,nan,-1,-1,nan,-1,/data/data/DA25S005/miccai_tbi/MultiTalentV2_finetuning/checkpoints/validation2025_100/ensemble_2_models_e5ohnz5w_tta_ddp_kpcyjb66_tta_hybrid/predicted_lesions/thr0p4_mincc40/scan_0085_pred_lesion.nii.gz
scan_0085,probability_average,none,0.5,0,nan,0.1,0,1,1,0.0,0,nan,-1,nan,-1,nan,-1,-1,nan,-1,/data/data/DA25S005/miccai_tbi/MultiTalentV2_finetuning/checkpoints/validation2025_100/ensemble_2_models_e5ohnz5w_tta_ddp_kpcyjb66_tta_hybrid/predicted_lesions/thr0p5_mincc0/scan_0085_pred_lesion.nii.gz
scan_0085,probability_average,none,0.5,3,nan,0.1,0,1,1,0.0,0,nan,-1,nan,-1,nan,-1,-1,nan,-1,/data/data/DA25S005/miccai_tbi/MultiTalentV2_finetuning/checkpoints/validation2025_100/ensemble_2_models_e5ohnz5w_tta_ddp_kpcyjb66_tta_hybrid/predicted_lesions/thr0p5_mincc3/scan_0085_pred_lesion.nii.gz
scan_0085,probability_average,none,0.5,5,nan,0.1,0,1,1,0.0,0,nan,-1,nan,-1,nan,-1,-1,nan,-1,/data/data/DA25S005/miccai_tbi/MultiTalentV2_finetuning/checkpoints/validation2025_100/ensemble_2_models_e5ohnz5w_tta_ddp_kpcyjb66_tta_hybrid/predicted_lesions/thr0p5_mincc5/scan_0085_pred_lesion.nii.gz
scan_0085,probability_average,none,0.5,10,nan,0.1,0,1,1,0.0,0,nan,-1,nan,-1,nan,-1,-1,nan,-1,/data/data/DA25S005/miccai_tbi/MultiTalentV2_finetuning/checkpoints/validation2025_100/ensemble_2_models_e5ohnz5w_tta_ddp_kpcyjb66_tta_hybrid/predicted_lesions/thr0p5_mincc10/scan_0085_pred_lesion.nii.gz
scan_0085,probability_average,none,0.5,20,nan,0.1,0,1,1,0.0,0,nan,-1,nan,-1,nan,-1,-1,nan,-1,/data/data/DA25S005/miccai_tbi/MultiTalentV2_finetuning/checkpoints/validation2025_100/ensemble_2_models_e5ohnz5w_tta_ddp_kpcyjb66_tta_hybrid/predicted_lesions/thr0p5_mincc20/scan_0085_pred_lesion.nii.gz
scan_0085,probability_average,none,0.5,40,nan,0.1,0,1,1,0.0,0,nan,-1,nan,-1,nan,-1,-1,nan,-1,/data/data/DA25S005/miccai_tbi/MultiTalentV2_finetuning/checkpoints/validation2025_100/ensemble_2_models_e5ohnz5w_tta_ddp_kpcyjb66_tta_hybrid/predicted_lesions/thr0p5_mincc40/scan_0085_pred_lesion.nii.gz
scan_0092,probability_average,none,0.1,0,nan,0.1,0,1,1,0.0,0,nan,-1,nan,-1,nan,-1,-1,nan,-1,/data/data/DA25S005/miccai_tbi/MultiTalentV2_finetuning/checkpoints/validation2025_100/ensemble_2_models_e5ohnz5w_tta_ddp_kpcyjb66_tta_hybrid/predicted_lesions/thr0p1_mincc0/scan_0092_pred_lesion.nii.gz
scan_0092,probability_average,none,0.1,3,nan,0.1,0,1,1,0.0,0,nan,-1,nan,-1,nan,-1,-1,nan,-1,/data/data/DA25S005/miccai_tbi/MultiTalentV2_finetuning/checkpoints/validation2025_100/ensemble_2_models_e5ohnz5w_tta_ddp_kpcyjb66_tta_hybrid/predicted_lesions/thr0p1_mincc3/scan_0092_pred_lesion.nii.gz
scan_0092,probability_average,none,0.1,5,nan,0.1,0,1,1,0.0,0,nan,-1,nan,-1,nan,-1,-1,nan,-1,/data/data/DA25S005/miccai_tbi/MultiTalentV2_finetuning/checkpoints/validation2025_100/ensemble_2_models_e5ohnz5w_tta_ddp_kpcyjb66_tta_hybrid/predicted_lesions/thr0p1_mincc5/scan_0092_pred_lesion.nii.gz
scan_0092,probability_average,none,0.1,10,nan,0.1,0,1,1,0.0,0,nan,-1,nan,-1,nan,-1,-1,nan,-1,/data/data/DA25S005/miccai_tbi/MultiTalentV2_finetuning/checkpoints/validation2025_100/ensemble_2_models_e5ohnz5w_tta_ddp_kpcyjb66_tta_hybrid/predicted_lesions/thr0p1_mincc10/scan_0092_pred_lesion.nii.gz
scan_0092,probability_average,none,0.1,20,nan,0.1,0,1,1,0.0,0,nan,-1,nan,-1,nan,-1,-1,nan,-1,/data/data/DA25S005/miccai_tbi/MultiTalentV2_finetuning/checkpoints/validation2025_100/ensemble_2_models_e5ohnz5w_tta_ddp_kpcyjb66_tta_hybrid/predicted_lesions/thr0p1_mincc20/scan_0092_pred_lesion.nii.gz
scan_0092,probability_average,none,0.1,40,nan,0.1,0,1,1,0.0,0,nan,-1,nan,-1,nan,-1,-1,nan,-1,/data/data/DA25S005/miccai_tbi/MultiTalentV2_finetuning/checkpoints/validation2025_100/ensemble_2_models_e5ohnz5w_tta_ddp_kpcyjb66_tta_hybrid/predicted_lesions/thr0p1_mincc40/scan_0092_pred_lesion.nii.gz
scan_0092,probability_average,none,0.2,0,nan,0.1,0,1,1,0.0,0,nan,-1,nan,-1,nan,-1,-1,nan,-1,/data/data/DA25S005/miccai_tbi/MultiTalentV2_finetuning/checkpoints/validation2025_100/ensemble_2_models_e5ohnz5w_tta_ddp_kpcyjb66_tta_hybrid/predicted_lesions/thr0p2_mincc0/scan_0092_pred_lesion.nii.gz
scan_0092,probability_average,none,0.2,3,nan,0.1,0,1,1,0.0,0,nan,-1,nan,-1,nan,-1,-1,nan,-1,/data/data/DA25S005/miccai_tbi/MultiTalentV2_finetuning/checkpoints/validation2025_100/ensemble_2_models_e5ohnz5w_tta_ddp_kpcyjb66_tta_hybrid/predicted_lesions/thr0p2_mincc3/scan_0092_pred_lesion.nii.gz
scan_0092,probability_average,none,0.2,5,nan,0.1,0,1,1,0.0,0,nan,-1,nan,-1,nan,-1,-1,nan,-1,/data/data/DA25S005/miccai_tbi/MultiTalentV2_finetuning/checkpoints/validation2025_100/ensemble_2_models_e5ohnz5w_tta_ddp_kpcyjb66_tta_hybrid/predicted_lesions/thr0p2_mincc5/scan_0092_pred_lesion.nii.gz
scan_0092,probability_average,none,0.2,10,nan,0.1,0,1,1,0.0,0,nan,-1,nan,-1,nan,-1,-1,nan,-1,/data/data/DA25S005/miccai_tbi/MultiTalentV2_finetuning/checkpoints/validation2025_100/ensemble_2_models_e5ohnz5w_tta_ddp_kpcyjb66_tta_hybrid/predicted_lesions/thr0p2_mincc10/scan_0092_pred_lesion.nii.gz
scan_0092,probability_average,none,0.2,20,nan,0.1,0,1,1,0.0,0,nan,-1,nan,-1,nan,-1,-1,nan,-1,/data/data/DA25S005/miccai_tbi/MultiTalentV2_finetuning/checkpoints/validation2025_100/ensemble_2_models_e5ohnz5w_tta_ddp_kpcyjb66_tta_hybrid/predicted_lesions/thr0p2_mincc20/scan_0092_pred_lesion.nii.gz
scan_0092,probability_average,none,0.2,40,nan,0.1,0,1,1,0.0,0,nan,-1,nan,-1,nan,-1,-1,nan,-1,/data/data/DA25S005/miccai_tbi/MultiTalentV2_finetuning/checkpoints/validation2025_100/ensemble_2_models_e5ohnz5w_tta_ddp_kpcyjb66_tta_hybrid/predicted_lesions/thr0p2_mincc40/scan_0092_pred_lesion.nii.gz
scan_0092,probability_average,none,0.3,0,nan,0.1,0,1,1,0.0,0,nan,-1,nan,-1,nan,-1,-1,nan,-1,/data/data/DA25S005/miccai_tbi/MultiTalentV2_finetuning/checkpoints/validation2025_100/ensemble_2_models_e5ohnz5w_tta_ddp_kpcyjb66_tta_hybrid/predicted_lesions/thr0p3_mincc0/scan_0092_pred_lesion.nii.gz
scan_0092,probability_average,none,0.3,3,nan,0.1,0,1,1,0.0,0,nan,-1,nan,-1,nan,-1,-1,nan,-1,/data/data/DA25S005/miccai_tbi/MultiTalentV2_finetuning/checkpoints/validation2025_100/ensemble_2_models_e5ohnz5w_tta_ddp_kpcyjb66_tta_hybrid/predicted_lesions/thr0p3_mincc3/scan_0092_pred_lesion.nii.gz
scan_0092,probability_average,none,0.3,5,nan,0.1,0,1,1,0.0,0,nan,-1,nan,-1,nan,-1,-1,nan,-1,/data/data/DA25S005/miccai_tbi/MultiTalentV2_finetuning/checkpoints/validation2025_100/ensemble_2_models_e5ohnz5w_tta_ddp_kpcyjb66_tta_hybrid/predicted_lesions/thr0p3_mincc5/scan_0092_pred_lesion.nii.gz
scan_0092,probability_average,none,0.3,10,nan,0.1,0,1,1,0.0,0,nan,-1,nan,-1,nan,-1,-1,nan,-1,/data/data/DA25S005/miccai_tbi/MultiTalentV2_finetuning/checkpoints/validation2025_100/ensemble_2_models_e5ohnz5w_tta_ddp_kpcyjb66_tta_hybrid/predicted_lesions/thr0p3_mincc10/scan_0092_pred_lesion.nii.gz
scan_0092,probability_average,none,0.3,20,nan,0.1,0,1,1,0.0,0,nan,-1,nan,-1,nan,-1,-1,nan,-1,/data/data/DA25S005/miccai_tbi/MultiTalentV2_finetuning/checkpoints/validation2025_100/ensemble_2_models_e5ohnz5w_tta_ddp_kpcyjb66_tta_hybrid/predicted_lesions/thr0p3_mincc20/scan_0092_pred_lesion.nii.gz
scan_0092,probability_average,none,0.3,40,nan,0.1,0,1,1,0.0,0,nan,-1,nan,-1,nan,-1,-1,nan,-1,/data/data/DA25S005/miccai_tbi/MultiTalentV2_finetuning/checkpoints/validation2025_100/ensemble_2_models_e5ohnz5w_tta_ddp_kpcyjb66_tta_hybrid/predicted_lesions/thr0p3_mincc40/scan_0092_pred_lesion.nii.gz
scan_0092,probability_average,none,0.4,0,nan,0.1,0,1,1,0.0,0,nan,-1,nan,-1,nan,-1,-1,nan,-1,/data/data/DA25S005/miccai_tbi/MultiTalentV2_finetuning/checkpoints/validation2025_100/ensemble_2_models_e5ohnz5w_tta_ddp_kpcyjb66_tta_hybrid/predicted_lesions/thr0p4_mincc0/scan_0092_pred_lesion.nii.gz
scan_0092,probability_average,none,0.4,3,nan,0.1,0,1,1,0.0,0,nan,-1,nan,-1,nan,-1,-1,nan,-1,/data/data/DA25S005/miccai_tbi/MultiTalentV2_finetuning/checkpoints/validation2025_100/ensemble_2_models_e5ohnz5w_tta_ddp_kpcyjb66_tta_hybrid/predicted_lesions/thr0p4_mincc3/scan_0092_pred_lesion.nii.gz
scan_0092,probability_average,none,0.4,5,nan,0.1,0,1,1,0.0,0,nan,-1,nan,-1,nan,-1,-1,nan,-1,/data/data/DA25S005/miccai_tbi/MultiTalentV2_finetuning/checkpoints/validation2025_100/ensemble_2_models_e5ohnz5w_tta_ddp_kpcyjb66_tta_hybrid/predicted_lesions/thr0p4_mincc5/scan_0092_pred_lesion.nii.gz
scan_0092,probability_average,none,0.4,10,nan,0.1,0,1,1,0.0,0,nan,-1,nan,-1,nan,-1,-1,nan,-1,/data/data/DA25S005/miccai_tbi/MultiTalentV2_finetuning/checkpoints/validation2025_100/ensemble_2_models_e5ohnz5w_tta_ddp_kpcyjb66_tta_hybrid/predicted_lesions/thr0p4_mincc10/scan_0092_pred_lesion.nii.gz
scan_0092,probability_average,none,0.4,20,nan,0.1,0,1,1,0.0,0,nan,-1,nan,-1,nan,-1,-1,nan,-1,/data/data/DA25S005/miccai_tbi/MultiTalentV2_finetuning/checkpoints/validation2025_100/ensemble_2_models_e5ohnz5w_tta_ddp_kpcyjb66_tta_hybrid/predicted_lesions/thr0p4_mincc20/scan_0092_pred_lesion.nii.gz
scan_0092,probability_average,none,0.4,40,nan,0.1,0,1,1,0.0,0,nan,-1,nan,-1,nan,-1,-1,nan,-1,/data/data/DA25S005/miccai_tbi/MultiTalentV2_finetuning/checkpoints/validation2025_100/ensemble_2_models_e5ohnz5w_tta_ddp_kpcyjb66_tta_hybrid/predicted_lesions/thr0p4_mincc40/scan_0092_pred_lesion.nii.gz
scan_0092,probability_average,none,0.5,0,nan,0.1,0,1,1,0.0,0,nan,-1,nan,-1,nan,-1,-1,nan,-1,/data/data/DA25S005/miccai_tbi/MultiTalentV2_finetuning/checkpoints/validation2025_100/ensemble_2_models_e5ohnz5w_tta_ddp_kpcyjb66_tta_hybrid/predicted_lesions/thr0p5_mincc0/scan_0092_pred_lesion.nii.gz
scan_0092,probability_average,none,0.5,3,nan,0.1,0,1,1,0.0,0,nan,-1,nan,-1,nan,-1,-1,nan,-1,/data/data/DA25S005/miccai_tbi/MultiTalentV2_finetuning/checkpoints/validation2025_100/ensemble_2_models_e5ohnz5w_tta_ddp_kpcyjb66_tta_hybrid/predicted_lesions/thr0p5_mincc3/scan_0092_pred_lesion.nii.gz
scan_0092,probability_average,none,0.5,5,nan,0.1,0,1,1,0.0,0,nan,-1,nan,-1,nan,-1,-1,nan,-1,/data/data/DA25S005/miccai_tbi/MultiTalentV2_finetuning/checkpoints/validation2025_100/ensemble_2_models_e5ohnz5w_tta_ddp_kpcyjb66_tta_hybrid/predicted_lesions/thr0p5_mincc5/scan_0092_pred_lesion.nii.gz
scan_0092,probability_average,none,0.5,10,nan,0.1,0,1,1,0.0,0,nan,-1,nan,-1,nan,-1,-1,nan,-1,/data/data/DA25S005/miccai_tbi/MultiTalentV2_finetuning/checkpoints/validation2025_100/ensemble_2_models_e5ohnz5w_tta_ddp_kpcyjb66_tta_hybrid/predicted_lesions/thr0p5_mincc10/scan_0092_pred_lesion.nii.gz
scan_0092,probability_average,none,0.5,20,nan,0.1,0,1,1,0.0,0,nan,-1,nan,-1,nan,-1,-1,nan,-1,/data/data/DA25S005/miccai_tbi/MultiTalentV2_finetuning/checkpoints/validation2025_100/ensemble_2_models_e5ohnz5w_tta_ddp_kpcyjb66_tta_hybrid/predicted_lesions/thr0p5_mincc20/scan_0092_pred_lesion.nii.gz
scan_0092,probability_average,none,0.5,40,nan,0.1,0,1,1,0.0,0,nan,-1,nan,-1,nan,-1,-1,nan,-1,/data/data/DA25S005/miccai_tbi/MultiTalentV2_finetuning/checkpoints/validation2025_100/ensemble_2_models_e5ohnz5w_tta_ddp_kpcyjb66_tta_hybrid/predicted_lesions/thr0p5_mincc40/scan_0092_pred_lesion.nii.gz
scan_0095,probability_average,none,0.1,0,nan,0.1,0,1,1,0.0,0,nan,-1,nan,-1,nan,-1,-1,nan,-1,/data/data/DA25S005/miccai_tbi/MultiTalentV2_finetuning/checkpoints/validation2025_100/ensemble_2_models_e5ohnz5w_tta_ddp_kpcyjb66_tta_hybrid/predicted_lesions/thr0p1_mincc0/scan_0095_pred_lesion.nii.gz
scan_0095,probability_average,none,0.1,3,nan,0.1,0,1,1,0.0,0,nan,-1,nan,-1,nan,-1,-1,nan,-1,/data/data/DA25S005/miccai_tbi/MultiTalentV2_finetuning/checkpoints/validation2025_100/ensemble_2_models_e5ohnz5w_tta_ddp_kpcyjb66_tta_hybrid/predicted_lesions/thr0p1_mincc3/scan_0095_pred_lesion.nii.gz
scan_0095,probability_average,none,0.1,5,nan,0.1,0,1,1,0.0,0,nan,-1,nan,-1,nan,-1,-1,nan,-1,/data/data/DA25S005/miccai_tbi/MultiTalentV2_finetuning/checkpoints/validation2025_100/ensemble_2_models_e5ohnz5w_tta_ddp_kpcyjb66_tta_hybrid/predicted_lesions/thr0p1_mincc5/scan_0095_pred_lesion.nii.gz
scan_0095,probability_average,none,0.1,10,nan,0.1,0,1,1,0.0,0,nan,-1,nan,-1,nan,-1,-1,nan,-1,/data/data/DA25S005/miccai_tbi/MultiTalentV2_finetuning/checkpoints/validation2025_100/ensemble_2_models_e5ohnz5w_tta_ddp_kpcyjb66_tta_hybrid/predicted_lesions/thr0p1_mincc10/scan_0095_pred_lesion.nii.gz
scan_0095,probability_average,none,0.1,20,nan,0.1,0,1,1,0.0,0,nan,-1,nan,-1,nan,-1,-1,nan,-1,/data/data/DA25S005/miccai_tbi/MultiTalentV2_finetuning/checkpoints/validation2025_100/ensemble_2_models_e5ohnz5w_tta_ddp_kpcyjb66_tta_hybrid/predicted_lesions/thr0p1_mincc20/scan_0095_pred_lesion.nii.gz
scan_0095,probability_average,none,0.1,40,nan,0.1,0,1,1,0.0,0,nan,-1,nan,-1,nan,-1,-1,nan,-1,/data/data/DA25S005/miccai_tbi/MultiTalentV2_finetuning/checkpoints/validation2025_100/ensemble_2_models_e5ohnz5w_tta_ddp_kpcyjb66_tta_hybrid/predicted_lesions/thr0p1_mincc40/scan_0095_pred_lesion.nii.gz
scan_0095,probability_average,none,0.2,0,nan,0.1,0,1,1,0.0,0,nan,-1,nan,-1,nan,-1,-1,nan,-1,/data/data/DA25S005/miccai_tbi/MultiTalentV2_finetuning/checkpoints/validation2025_100/ensemble_2_models_e5ohnz5w_tta_ddp_kpcyjb66_tta_hybrid/predicted_lesions/thr0p2_mincc0/scan_0095_pred_lesion.nii.gz
scan_0095,probability_average,none,0.2,3,nan,0.1,0,1,1,0.0,0,nan,-1,nan,-1,nan,-1,-1,nan,-1,/data/data/DA25S005/miccai_tbi/MultiTalentV2_finetuning/checkpoints/validation2025_100/ensemble_2_models_e5ohnz5w_tta_ddp_kpcyjb66_tta_hybrid/predicted_lesions/thr0p2_mincc3/scan_0095_pred_lesion.nii.gz
scan_0095,probability_average,none,0.2,5,nan,0.1,0,1,1,0.0,0,nan,-1,nan,-1,nan,-1,-1,nan,-1,/data/data/DA25S005/miccai_tbi/MultiTalentV2_finetuning/checkpoints/validation2025_100/ensemble_2_models_e5ohnz5w_tta_ddp_kpcyjb66_tta_hybrid/predicted_lesions/thr0p2_mincc5/scan_0095_pred_lesion.nii.gz
scan_0095,probability_average,none,0.2,10,nan,0.1,0,1,1,0.0,0,nan,-1,nan,-1,nan,-1,-1,nan,-1,/data/data/DA25S005/miccai_tbi/MultiTalentV2_finetuning/checkpoints/validation2025_100/ensemble_2_models_e5ohnz5w_tta_ddp_kpcyjb66_tta_hybrid/predicted_lesions/thr0p2_mincc10/scan_0095_pred_lesion.nii.gz
scan_0095,probability_average,none,0.2,20,nan,0.1,0,1,1,0.0,0,nan,-1,nan,-1,nan,-1,-1,nan,-1,/data/data/DA25S005/miccai_tbi/MultiTalentV2_finetuning/checkpoints/validation2025_100/ensemble_2_models_e5ohnz5w_tta_ddp_kpcyjb66_tta_hybrid/predicted_lesions/thr0p2_mincc20/scan_0095_pred_lesion.nii.gz
scan_0095,probability_average,none,0.2,40,nan,0.1,0,1,1,0.0,0,nan,-1,nan,-1,nan,-1,-1,nan,-1,/data/data/DA25S005/miccai_tbi/MultiTalentV2_finetuning/checkpoints/validation2025_100/ensemble_2_models_e5ohnz5w_tta_ddp_kpcyjb66_tta_hybrid/predicted_lesions/thr0p2_mincc40/scan_0095_pred_lesion.nii.gz
scan_0095,probability_average,none,0.3,0,nan,0.1,0,1,1,0.0,0,nan,-1,nan,-1,nan,-1,-1,nan,-1,/data/data/DA25S005/miccai_tbi/MultiTalentV2_finetuning/checkpoints/validation2025_100/ensemble_2_models_e5ohnz5w_tta_ddp_kpcyjb66_tta_hybrid/predicted_lesions/thr0p3_mincc0/scan_0095_pred_lesion.nii.gz
scan_0095,probability_average,none,0.3,3,nan,0.1,0,1,1,0.0,0,nan,-1,nan,-1,nan,-1,-1,nan,-1,/data/data/DA25S005/miccai_tbi/MultiTalentV2_finetuning/checkpoints/validation2025_100/ensemble_2_models_e5ohnz5w_tta_ddp_kpcyjb66_tta_hybrid/predicted_lesions/thr0p3_mincc3/scan_0095_pred_lesion.nii.gz
scan_0095,probability_average,none,0.3,5,nan,0.1,0,1,1,0.0,0,nan,-1,nan,-1,nan,-1,-1,nan,-1,/data/data/DA25S005/miccai_tbi/MultiTalentV2_finetuning/checkpoints/validation2025_100/ensemble_2_models_e5ohnz5w_tta_ddp_kpcyjb66_tta_hybrid/predicted_lesions/thr0p3_mincc5/scan_0095_pred_lesion.nii.gz
scan_0095,probability_average,none,0.3,10,nan,0.1,0,1,1,0.0,0,nan,-1,nan,-1,nan,-1,-1,nan,-1,/data/data/DA25S005/miccai_tbi/MultiTalentV2_finetuning/checkpoints/validation2025_100/ensemble_2_models_e5ohnz5w_tta_ddp_kpcyjb66_tta_hybrid/predicted_lesions/thr0p3_mincc10/scan_0095_pred_lesion.nii.gz
scan_0095,probability_average,none,0.3,20,nan,0.1,0,1,1,0.0,0,nan,-1,nan,-1,nan,-1,-1,nan,-1,/data/data/DA25S005/miccai_tbi/MultiTalentV2_finetuning/checkpoints/validation2025_100/ensemble_2_models_e5ohnz5w_tta_ddp_kpcyjb66_tta_hybrid/predicted_lesions/thr0p3_mincc20/scan_0095_pred_lesion.nii.gz
scan_0095,probability_average,none,0.3,40,nan,0.1,0,1,1,0.0,0,nan,-1,nan,-1,nan,-1,-1,nan,-1,/data/data/DA25S005/miccai_tbi/MultiTalentV2_finetuning/checkpoints/validation2025_100/ensemble_2_models_e5ohnz5w_tta_ddp_kpcyjb66_tta_hybrid/predicted_lesions/thr0p3_mincc40/scan_0095_pred_lesion.nii.gz
scan_0095,probability_average,none,0.4,0,nan,0.1,0,1,1,0.0,0,nan,-1,nan,-1,nan,-1,-1,nan,-1,/data/data/DA25S005/miccai_tbi/MultiTalentV2_finetuning/checkpoints/validation2025_100/ensemble_2_models_e5ohnz5w_tta_ddp_kpcyjb66_tta_hybrid/predicted_lesions/thr0p4_mincc0/scan_0095_pred_lesion.nii.gz
scan_0095,probability_average,none,0.4,3,nan,0.1,0,1,1,0.0,0,nan,-1,nan,-1,nan,-1,-1,nan,-1,/data/data/DA25S005/miccai_tbi/MultiTalentV2_finetuning/checkpoints/validation2025_100/ensemble_2_models_e5ohnz5w_tta_ddp_kpcyjb66_tta_hybrid/predicted_lesions/thr0p4_mincc3/scan_0095_pred_lesion.nii.gz
scan_0095,probability_average,none,0.4,5,nan,0.1,0,1,1,0.0,0,nan,-1,nan,-1,nan,-1,-1,nan,-1,/data/data/DA25S005/miccai_tbi/MultiTalentV2_finetuning/checkpoints/validation2025_100/ensemble_2_models_e5ohnz5w_tta_ddp_kpcyjb66_tta_hybrid/predicted_lesions/thr0p4_mincc5/scan_0095_pred_lesion.nii.gz
scan_0095,probability_average,none,0.4,10,nan,0.1,0,1,1,0.0,0,nan,-1,nan,-1,nan,-1,-1,nan,-1,/data/data/DA25S005/miccai_tbi/MultiTalentV2_finetuning/checkpoints/validation2025_100/ensemble_2_models_e5ohnz5w_tta_ddp_kpcyjb66_tta_hybrid/predicted_lesions/thr0p4_mincc10/scan_0095_pred_lesion.nii.gz
scan_0095,probability_average,none,0.4,20,nan,0.1,0,1,1,0.0,0,nan,-1,nan,-1,nan,-1,-1,nan,-1,/data/data/DA25S005/miccai_tbi/MultiTalentV2_finetuning/checkpoints/validation2025_100/ensemble_2_models_e5ohnz5w_tta_ddp_kpcyjb66_tta_hybrid/predicted_lesions/thr0p4_mincc20/scan_0095_pred_lesion.nii.gz
scan_0095,probability_average,none,0.4,40,nan,0.1,0,1,1,0.0,0,nan,-1,nan,-1,nan,-1,-1,nan,-1,/data/data/DA25S005/miccai_tbi/MultiTalentV2_finetuning/checkpoints/validation2025_100/ensemble_2_models_e5ohnz5w_tta_ddp_kpcyjb66_tta_hybrid/predicted_lesions/thr0p4_mincc40/scan_0095_pred_lesion.nii.gz
scan_0095,probability_average,none,0.5,0,nan,0.1,0,1,1,0.0,0,nan,-1,nan,-1,nan,-1,-1,nan,-1,/data/data/DA25S005/miccai_tbi/MultiTalentV2_finetuning/checkpoints/validation2025_100/ensemble_2_models_e5ohnz5w_tta_ddp_kpcyjb66_tta_hybrid/predicted_lesions/thr0p5_mincc0/scan_0095_pred_lesion.nii.gz
scan_0095,probability_average,none,0.5,3,nan,0.1,0,1,1,0.0,0,nan,-1,nan,-1,nan,-1,-1,nan,-1,/data/data/DA25S005/miccai_tbi/MultiTalentV2_finetuning/checkpoints/validation2025_100/ensemble_2_models_e5ohnz5w_tta_ddp_kpcyjb66_tta_hybrid/predicted_lesions/thr0p5_mincc3/scan_0095_pred_lesion.nii.gz
scan_0095,probability_average,none,0.5,5,nan,0.1,0,1,1,0.0,0,nan,-1,nan,-1,nan,-1,-1,nan,-1,/data/data/DA25S005/miccai_tbi/MultiTalentV2_finetuning/checkpoints/validation2025_100/ensemble_2_models_e5ohnz5w_tta_ddp_kpcyjb66_tta_hybrid/predicted_lesions/thr0p5_mincc5/scan_0095_pred_lesion.nii.gz
scan_0095,probability_average,none,0.5,10,nan,0.1,0,1,1,0.0,0,nan,-1,nan,-1,nan,-1,-1,nan,-1,/data/data/DA25S005/miccai_tbi/MultiTalentV2_finetuning/checkpoints/validation2025_100/ensemble_2_models_e5ohnz5w_tta_ddp_kpcyjb66_tta_hybrid/predicted_lesions/thr0p5_mincc10/scan_0095_pred_lesion.nii.gz
scan_0095,probability_average,none,0.5,20,nan,0.1,0,1,1,0.0,0,nan,-1,nan,-1,nan,-1,-1,nan,-1,/data/data/DA25S005/miccai_tbi/MultiTalentV2_finetuning/checkpoints/validation2025_100/ensemble_2_models_e5ohnz5w_tta_ddp_kpcyjb66_tta_hybrid/predicted_lesions/thr0p5_mincc20/scan_0095_pred_lesion.nii.gz
scan_0095,probability_average,none,0.5,40,nan,0.1,0,1,1,0.0,0,nan,-1,nan,-1,nan,-1,-1,nan,-1,/data/data/DA25S005/miccai_tbi/MultiTalentV2_finetuning/checkpoints/validation2025_100/ensemble_2_models_e5ohnz5w_tta_ddp_kpcyjb66_tta_hybrid/predicted_lesions/thr0p5_mincc40/scan_0095_pred_lesion.nii.gz
scan_0111,probability_average,none,0.1,0,nan,0.1,0,1,1,0.0,0,nan,-1,nan,-1,nan,-1,-1,nan,-1,/data/data/DA25S005/miccai_tbi/MultiTalentV2_finetuning/checkpoints/validation2025_100/ensemble_2_models_e5ohnz5w_tta_ddp_kpcyjb66_tta_hybrid/predicted_lesions/thr0p1_mincc0/scan_0111_pred_lesion.nii.gz
scan_0111,probability_average,none,0.1,3,nan,0.1,0,1,1,0.0,0,nan,-1,nan,-1,nan,-1,-1,nan,-1,/data/data/DA25S005/miccai_tbi/MultiTalentV2_finetuning/checkpoints/validation2025_100/ensemble_2_models_e5ohnz5w_tta_ddp_kpcyjb66_tta_hybrid/predicted_lesions/thr0p1_mincc3/scan_0111_pred_lesion.nii.gz
scan_0111,probability_average,none,0.1,5,nan,0.1,0,1,1,0.0,0,nan,-1,nan,-1,nan,-1,-1,nan,-1,/data/data/DA25S005/miccai_tbi/MultiTalentV2_finetuning/checkpoints/validation2025_100/ensemble_2_models_e5ohnz5w_tta_ddp_kpcyjb66_tta_hybrid/predicted_lesions/thr0p1_mincc5/scan_0111_pred_lesion.nii.gz
scan_0111,probability_average,none,0.1,10,nan,0.1,0,1,1,0.0,0,nan,-1,nan,-1,nan,-1,-1,nan,-1,/data/data/DA25S005/miccai_tbi/MultiTalentV2_finetuning/checkpoints/validation2025_100/ensemble_2_models_e5ohnz5w_tta_ddp_kpcyjb66_tta_hybrid/predicted_lesions/thr0p1_mincc10/scan_0111_pred_lesion.nii.gz
scan_0111,probability_average,none,0.1,20,nan,0.1,0,1,1,0.0,0,nan,-1,nan,-1,nan,-1,-1,nan,-1,/data/data/DA25S005/miccai_tbi/MultiTalentV2_finetuning/checkpoints/validation2025_100/ensemble_2_models_e5ohnz5w_tta_ddp_kpcyjb66_tta_hybrid/predicted_lesions/thr0p1_mincc20/scan_0111_pred_lesion.nii.gz
scan_0111,probability_average,none,0.1,40,nan,0.1,0,1,1,0.0,0,nan,-1,nan,-1,nan,-1,-1,nan,-1,/data/data/DA25S005/miccai_tbi/MultiTalentV2_finetuning/checkpoints/validation2025_100/ensemble_2_models_e5ohnz5w_tta_ddp_kpcyjb66_tta_hybrid/predicted_lesions/thr0p1_mincc40/scan_0111_pred_lesion.nii.gz
scan_0111,probability_average,none,0.2,0,nan,0.1,0,1,1,0.0,0,nan,-1,nan,-1,nan,-1,-1,nan,-1,/data/data/DA25S005/miccai_tbi/MultiTalentV2_finetuning/checkpoints/validation2025_100/ensemble_2_models_e5ohnz5w_tta_ddp_kpcyjb66_tta_hybrid/predicted_lesions/thr0p2_mincc0/scan_0111_pred_lesion.nii.gz
scan_0111,probability_average,none,0.2,3,nan,0.1,0,1,1,0.0,0,nan,-1,nan,-1,nan,-1,-1,nan,-1,/data/data/DA25S005/miccai_tbi/MultiTalentV2_finetuning/checkpoints/validation2025_100/ensemble_2_models_e5ohnz5w_tta_ddp_kpcyjb66_tta_hybrid/predicted_lesions/thr0p2_mincc3/scan_0111_pred_lesion.nii.gz
scan_0111,probability_average,none,0.2,5,nan,0.1,0,1,1,0.0,0,nan,-1,nan,-1,nan,-1,-1,nan,-1,/data/data/DA25S005/miccai_tbi/MultiTalentV2_finetuning/checkpoints/validation2025_100/ensemble_2_models_e5ohnz5w_tta_ddp_kpcyjb66_tta_hybrid/predicted_lesions/thr0p2_mincc5/scan_0111_pred_lesion.nii.gz
scan_0111,probability_average,none,0.2,10,nan,0.1,0,1,1,0.0,0,nan,-1,nan,-1,nan,-1,-1,nan,-1,/data/data/DA25S005/miccai_tbi/MultiTalentV2_finetuning/checkpoints/validation2025_100/ensemble_2_models_e5ohnz5w_tta_ddp_kpcyjb66_tta_hybrid/predicted_lesions/thr0p2_mincc10/scan_0111_pred_lesion.nii.gz
scan_0111,probability_average,none,0.2,20,nan,0.1,0,1,1,0.0,0,nan,-1,nan,-1,nan,-1,-1,nan,-1,/data/data/DA25S005/miccai_tbi/MultiTalentV2_finetuning/checkpoints/validation2025_100/ensemble_2_models_e5ohnz5w_tta_ddp_kpcyjb66_tta_hybrid/predicted_lesions/thr0p2_mincc20/scan_0111_pred_lesion.nii.gz
scan_0111,probability_average,none,0.2,40,nan,0.1,0,1,1,0.0,0,nan,-1,nan,-1,nan,-1,-1,nan,-1,/data/data/DA25S005/miccai_tbi/MultiTalentV2_finetuning/checkpoints/validation2025_100/ensemble_2_models_e5ohnz5w_tta_ddp_kpcyjb66_tta_hybrid/predicted_lesions/thr0p2_mincc40/scan_0111_pred_lesion.nii.gz
scan_0111,probability_average,none,0.3,0,nan,0.1,0,1,1,0.0,0,nan,-1,nan,-1,nan,-1,-1,nan,-1,/data/data/DA25S005/miccai_tbi/MultiTalentV2_finetuning/checkpoints/validation2025_100/ensemble_2_models_e5ohnz5w_tta_ddp_kpcyjb66_tta_hybrid/predicted_lesions/thr0p3_mincc0/scan_0111_pred_lesion.nii.gz
scan_0111,probability_average,none,0.3,3,nan,0.1,0,1,1,0.0,0,nan,-1,nan,-1,nan,-1,-1,nan,-1,/data/data/DA25S005/miccai_tbi/MultiTalentV2_finetuning/checkpoints/validation2025_100/ensemble_2_models_e5ohnz5w_tta_ddp_kpcyjb66_tta_hybrid/predicted_lesions/thr0p3_mincc3/scan_0111_pred_lesion.nii.gz
scan_0111,probability_average,none,0.3,5,nan,0.1,0,1,1,0.0,0,nan,-1,nan,-1,nan,-1,-1,nan,-1,/data/data/DA25S005/miccai_tbi/MultiTalentV2_finetuning/checkpoints/validation2025_100/ensemble_2_models_e5ohnz5w_tta_ddp_kpcyjb66_tta_hybrid/predicted_lesions/thr0p3_mincc5/scan_0111_pred_lesion.nii.gz
scan_0111,probability_average,none,0.3,10,nan,0.1,0,1,1,0.0,0,nan,-1,nan,-1,nan,-1,-1,nan,-1,/data/data/DA25S005/miccai_tbi/MultiTalentV2_finetuning/checkpoints/validation2025_100/ensemble_2_models_e5ohnz5w_tta_ddp_kpcyjb66_tta_hybrid/predicted_lesions/thr0p3_mincc10/scan_0111_pred_lesion.nii.gz
scan_0111,probability_average,none,0.3,20,nan,0.1,0,1,1,0.0,0,nan,-1,nan,-1,nan,-1,-1,nan,-1,/data/data/DA25S005/miccai_tbi/MultiTalentV2_finetuning/checkpoints/validation2025_100/ensemble_2_models_e5ohnz5w_tta_ddp_kpcyjb66_tta_hybrid/predicted_lesions/thr0p3_mincc20/scan_0111_pred_lesion.nii.gz
scan_0111,probability_average,none,0.3,40,nan,0.1,0,1,1,0.0,0,nan,-1,nan,-1,nan,-1,-1,nan,-1,/data/data/DA25S005/miccai_tbi/MultiTalentV2_finetuning/checkpoints/validation2025_100/ensemble_2_models_e5ohnz5w_tta_ddp_kpcyjb66_tta_hybrid/predicted_lesions/thr0p3_mincc40/scan_0111_pred_lesion.nii.gz
scan_0111,probability_average,none,0.4,0,nan,0.1,0,1,1,0.0,0,nan,-1,nan,-1,nan,-1,-1,nan,-1,/data/data/DA25S005/miccai_tbi/MultiTalentV2_finetuning/checkpoints/validation2025_100/ensemble_2_models_e5ohnz5w_tta_ddp_kpcyjb66_tta_hybrid/predicted_lesions/thr0p4_mincc0/scan_0111_pred_lesion.nii.gz
scan_0111,probability_average,none,0.4,3,nan,0.1,0,1,1,0.0,0,nan,-1,nan,-1,nan,-1,-1,nan,-1,/data/data/DA25S005/miccai_tbi/MultiTalentV2_finetuning/checkpoints/validation2025_100/ensemble_2_models_e5ohnz5w_tta_ddp_kpcyjb66_tta_hybrid/predicted_lesions/thr0p4_mincc3/scan_0111_pred_lesion.nii.gz
scan_0111,probability_average,none,0.4,5,nan,0.1,0,1,1,0.0,0,nan,-1,nan,-1,nan,-1,-1,nan,-1,/data/data/DA25S005/miccai_tbi/MultiTalentV2_finetuning/checkpoints/validation2025_100/ensemble_2_models_e5ohnz5w_tta_ddp_kpcyjb66_tta_hybrid/predicted_lesions/thr0p4_mincc5/scan_0111_pred_lesion.nii.gz
scan_0111,probability_average,none,0.4,10,nan,0.1,0,1,1,0.0,0,nan,-1,nan,-1,nan,-1,-1,nan,-1,/data/data/DA25S005/miccai_tbi/MultiTalentV2_finetuning/checkpoints/validation2025_100/ensemble_2_models_e5ohnz5w_tta_ddp_kpcyjb66_tta_hybrid/predicted_lesions/thr0p4_mincc10/scan_0111_pred_lesion.nii.gz
scan_0111,probability_average,none,0.4,20,nan,0.1,0,1,1,0.0,0,nan,-1,nan,-1,nan,-1,-1,nan,-1,/data/data/DA25S005/miccai_tbi/MultiTalentV2_finetuning/checkpoints/validation2025_100/ensemble_2_models_e5ohnz5w_tta_ddp_kpcyjb66_tta_hybrid/predicted_lesions/thr0p4_mincc20/scan_0111_pred_lesion.nii.gz
scan_0111,probability_average,none,0.4,40,nan,0.1,0,1,1,0.0,0,nan,-1,nan,-1,nan,-1,-1,nan,-1,/data/data/DA25S005/miccai_tbi/MultiTalentV2_finetuning/checkpoints/validation2025_100/ensemble_2_models_e5ohnz5w_tta_ddp_kpcyjb66_tta_hybrid/predicted_lesions/thr0p4_mincc40/scan_0111_pred_lesion.nii.gz
scan_0111,probability_average,none,0.5,0,nan,0.1,0,1,1,0.0,0,nan,-1,nan,-1,nan,-1,-1,nan,-1,/data/data/DA25S005/miccai_tbi/MultiTalentV2_finetuning/checkpoints/validation2025_100/ensemble_2_models_e5ohnz5w_tta_ddp_kpcyjb66_tta_hybrid/predicted_lesions/thr0p5_mincc0/scan_0111_pred_lesion.nii.gz
scan_0111,probability_average,none,0.5,3,nan,0.1,0,1,1,0.0,0,nan,-1,nan,-1,nan,-1,-1,nan,-1,/data/data/DA25S005/miccai_tbi/MultiTalentV2_finetuning/checkpoints/validation2025_100/ensemble_2_models_e5ohnz5w_tta_ddp_kpcyjb66_tta_hybrid/predicted_lesions/thr0p5_mincc3/scan_0111_pred_lesion.nii.gz
scan_0111,probability_average,none,0.5,5,nan,0.1,0,1,1,0.0,0,nan,-1,nan,-1,nan,-1,-1,nan,-1,/data/data/DA25S005/miccai_tbi/MultiTalentV2_finetuning/checkpoints/validation2025_100/ensemble_2_models_e5ohnz5w_tta_ddp_kpcyjb66_tta_hybrid/predicted_lesions/thr0p5_mincc5/scan_0111_pred_lesion.nii.gz
scan_0111,probability_average,none,0.5,10,nan,0.1,0,1,1,0.0,0,nan,-1,nan,-1,nan,-1,-1,nan,-1,/data/data/DA25S005/miccai_tbi/MultiTalentV2_finetuning/checkpoints/validation2025_100/ensemble_2_models_e5ohnz5w_tta_ddp_kpcyjb66_tta_hybrid/predicted_lesions/thr0p5_mincc10/scan_0111_pred_lesion.nii.gz
scan_0111,probability_average,none,0.5,20,nan,0.1,0,1,1,0.0,0,nan,-1,nan,-1,nan,-1,-1,nan,-1,/data/data/DA25S005/miccai_tbi/MultiTalentV2_finetuning/checkpoints/validation2025_100/ensemble_2_models_e5ohnz5w_tta_ddp_kpcyjb66_tta_hybrid/predicted_lesions/thr0p5_mincc20/scan_0111_pred_lesion.nii.gz
scan_0111,probability_average,none,0.5,40,nan,0.1,0,1,1,0.0,0,nan,-1,nan,-1,nan,-1,-1,nan,-1,/data/data/DA25S005/miccai_tbi/MultiTalentV2_finetuning/checkpoints/validation2025_100/ensemble_2_models_e5ohnz5w_tta_ddp_kpcyjb66_tta_hybrid/predicted_lesions/thr0p5_mincc40/scan_0111_pred_lesion.nii.gz
scan_0117,probability_average,none,0.1,0,nan,0.1,0,1,1,0.0,0,nan,-1,nan,-1,nan,-1,-1,nan,-1,/data/data/DA25S005/miccai_tbi/MultiTalentV2_finetuning/checkpoints/validation2025_100/ensemble_2_models_e5ohnz5w_tta_ddp_kpcyjb66_tta_hybrid/predicted_lesions/thr0p1_mincc0/scan_0117_pred_lesion.nii.gz
scan_0117,probability_average,none,0.1,3,nan,0.1,0,1,1,0.0,0,nan,-1,nan,-1,nan,-1,-1,nan,-1,/data/data/DA25S005/miccai_tbi/MultiTalentV2_finetuning/checkpoints/validation2025_100/ensemble_2_models_e5ohnz5w_tta_ddp_kpcyjb66_tta_hybrid/predicted_lesions/thr0p1_mincc3/scan_0117_pred_lesion.nii.gz
scan_0117,probability_average,none,0.1,5,nan,0.1,0,1,1,0.0,0,nan,-1,nan,-1,nan,-1,-1,nan,-1,/data/data/DA25S005/miccai_tbi/MultiTalentV2_finetuning/checkpoints/validation2025_100/ensemble_2_models_e5ohnz5w_tta_ddp_kpcyjb66_tta_hybrid/predicted_lesions/thr0p1_mincc5/scan_0117_pred_lesion.nii.gz
scan_0117,probability_average,none,0.1,10,nan,0.1,0,1,1,0.0,0,nan,-1,nan,-1,nan,-1,-1,nan,-1,/data/data/DA25S005/miccai_tbi/MultiTalentV2_finetuning/checkpoints/validation2025_100/ensemble_2_models_e5ohnz5w_tta_ddp_kpcyjb66_tta_hybrid/predicted_lesions/thr0p1_mincc10/scan_0117_pred_lesion.nii.gz
scan_0117,probability_average,none,0.1,20,nan,0.1,0,1,1,0.0,0,nan,-1,nan,-1,nan,-1,-1,nan,-1,/data/data/DA25S005/miccai_tbi/MultiTalentV2_finetuning/checkpoints/validation2025_100/ensemble_2_models_e5ohnz5w_tta_ddp_kpcyjb66_tta_hybrid/predicted_lesions/thr0p1_mincc20/scan_0117_pred_lesion.nii.gz
scan_0117,probability_average,none,0.1,40,nan,0.1,0,1,1,0.0,0,nan,-1,nan,-1,nan,-1,-1,nan,-1,/data/data/DA25S005/miccai_tbi/MultiTalentV2_finetuning/checkpoints/validation2025_100/ensemble_2_models_e5ohnz5w_tta_ddp_kpcyjb66_tta_hybrid/predicted_lesions/thr0p1_mincc40/scan_0117_pred_lesion.nii.gz
scan_0117,probability_average,none,0.2,0,nan,0.1,0,1,1,0.0,0,nan,-1,nan,-1,nan,-1,-1,nan,-1,/data/data/DA25S005/miccai_tbi/MultiTalentV2_finetuning/checkpoints/validation2025_100/ensemble_2_models_e5ohnz5w_tta_ddp_kpcyjb66_tta_hybrid/predicted_lesions/thr0p2_mincc0/scan_0117_pred_lesion.nii.gz
scan_0117,probability_average,none,0.2,3,nan,0.1,0,1,1,0.0,0,nan,-1,nan,-1,nan,-1,-1,nan,-1,/data/data/DA25S005/miccai_tbi/MultiTalentV2_finetuning/checkpoints/validation2025_100/ensemble_2_models_e5ohnz5w_tta_ddp_kpcyjb66_tta_hybrid/predicted_lesions/thr0p2_mincc3/scan_0117_pred_lesion.nii.gz
scan_0117,probability_average,none,0.2,5,nan,0.1,0,1,1,0.0,0,nan,-1,nan,-1,nan,-1,-1,nan,-1,/data/data/DA25S005/miccai_tbi/MultiTalentV2_finetuning/checkpoints/validation2025_100/ensemble_2_models_e5ohnz5w_tta_ddp_kpcyjb66_tta_hybrid/predicted_lesions/thr0p2_mincc5/scan_0117_pred_lesion.nii.gz
scan_0117,probability_average,none,0.2,10,nan,0.1,0,1,1,0.0,0,nan,-1,nan,-1,nan,-1,-1,nan,-1,/data/data/DA25S005/miccai_tbi/MultiTalentV2_finetuning/checkpoints/validation2025_100/ensemble_2_models_e5ohnz5w_tta_ddp_kpcyjb66_tta_hybrid/predicted_lesions/thr0p2_mincc10/scan_0117_pred_lesion.nii.gz
scan_0117,probability_average,none,0.2,20,nan,0.1,0,1,1,0.0,0,nan,-1,nan,-1,nan,-1,-1,nan,-1,/data/data/DA25S005/miccai_tbi/MultiTalentV2_finetuning/checkpoints/validation2025_100/ensemble_2_models_e5ohnz5w_tta_ddp_kpcyjb66_tta_hybrid/predicted_lesions/thr0p2_mincc20/scan_0117_pred_lesion.nii.gz
scan_0117,probability_average,none,0.2,40,nan,0.1,0,1,1,0.0,0,nan,-1,nan,-1,nan,-1,-1,nan,-1,/data/data/DA25S005/miccai_tbi/MultiTalentV2_finetuning/checkpoints/validation2025_100/ensemble_2_models_e5ohnz5w_tta_ddp_kpcyjb66_tta_hybrid/predicted_lesions/thr0p2_mincc40/scan_0117_pred_lesion.nii.gz
scan_0117,probability_average,none,0.3,0,nan,0.1,0,1,1,0.0,0,nan,-1,nan,-1,nan,-1,-1,nan,-1,/data/data/DA25S005/miccai_tbi/MultiTalentV2_finetuning/checkpoints/validation2025_100/ensemble_2_models_e5ohnz5w_tta_ddp_kpcyjb66_tta_hybrid/predicted_lesions/thr0p3_mincc0/scan_0117_pred_lesion.nii.gz
scan_0117,probability_average,none,0.3,3,nan,0.1,0,1,1,0.0,0,nan,-1,nan,-1,nan,-1,-1,nan,-1,/data/data/DA25S005/miccai_tbi/MultiTalentV2_finetuning/checkpoints/validation2025_100/ensemble_2_models_e5ohnz5w_tta_ddp_kpcyjb66_tta_hybrid/predicted_lesions/thr0p3_mincc3/scan_0117_pred_lesion.nii.gz
scan_0117,probability_average,none,0.3,5,nan,0.1,0,1,1,0.0,0,nan,-1,nan,-1,nan,-1,-1,nan,-1,/data/data/DA25S005/miccai_tbi/MultiTalentV2_finetuning/checkpoints/validation2025_100/ensemble_2_models_e5ohnz5w_tta_ddp_kpcyjb66_tta_hybrid/predicted_lesions/thr0p3_mincc5/scan_0117_pred_lesion.nii.gz
scan_0117,probability_average,none,0.3,10,nan,0.1,0,1,1,0.0,0,nan,-1,nan,-1,nan,-1,-1,nan,-1,/data/data/DA25S005/miccai_tbi/MultiTalentV2_finetuning/checkpoints/validation2025_100/ensemble_2_models_e5ohnz5w_tta_ddp_kpcyjb66_tta_hybrid/predicted_lesions/thr0p3_mincc10/scan_0117_pred_lesion.nii.gz
scan_0117,probability_average,none,0.3,20,nan,0.1,0,1,1,0.0,0,nan,-1,nan,-1,nan,-1,-1,nan,-1,/data/data/DA25S005/miccai_tbi/MultiTalentV2_finetuning/checkpoints/validation2025_100/ensemble_2_models_e5ohnz5w_tta_ddp_kpcyjb66_tta_hybrid/predicted_lesions/thr0p3_mincc20/scan_0117_pred_lesion.nii.gz
scan_0117,probability_average,none,0.3,40,nan,0.1,0,1,1,0.0,0,nan,-1,nan,-1,nan,-1,-1,nan,-1,/data/data/DA25S005/miccai_tbi/MultiTalentV2_finetuning/checkpoints/validation2025_100/ensemble_2_models_e5ohnz5w_tta_ddp_kpcyjb66_tta_hybrid/predicted_lesions/thr0p3_mincc40/scan_0117_pred_lesion.nii.gz
scan_0117,probability_average,none,0.4,0,nan,0.1,0,1,1,0.0,0,nan,-1,nan,-1,nan,-1,-1,nan,-1,/data/data/DA25S005/miccai_tbi/MultiTalentV2_finetuning/checkpoints/validation2025_100/ensemble_2_models_e5ohnz5w_tta_ddp_kpcyjb66_tta_hybrid/predicted_lesions/thr0p4_mincc0/scan_0117_pred_lesion.nii.gz
scan_0117,probability_average,none,0.4,3,nan,0.1,0,1,1,0.0,0,nan,-1,nan,-1,nan,-1,-1,nan,-1,/data/data/DA25S005/miccai_tbi/MultiTalentV2_finetuning/checkpoints/validation2025_100/ensemble_2_models_e5ohnz5w_tta_ddp_kpcyjb66_tta_hybrid/predicted_lesions/thr0p4_mincc3/scan_0117_pred_lesion.nii.gz
scan_0117,probability_average,none,0.4,5,nan,0.1,0,1,1,0.0,0,nan,-1,nan,-1,nan,-1,-1,nan,-1,/data/data/DA25S005/miccai_tbi/MultiTalentV2_finetuning/checkpoints/validation2025_100/ensemble_2_models_e5ohnz5w_tta_ddp_kpcyjb66_tta_hybrid/predicted_lesions/thr0p4_mincc5/scan_0117_pred_lesion.nii.gz
scan_0117,probability_average,none,0.4,10,nan,0.1,0,1,1,0.0,0,nan,-1,nan,-1,nan,-1,-1,nan,-1,/data/data/DA25S005/miccai_tbi/MultiTalentV2_finetuning/checkpoints/validation2025_100/ensemble_2_models_e5ohnz5w_tta_ddp_kpcyjb66_tta_hybrid/predicted_lesions/thr0p4_mincc10/scan_0117_pred_lesion.nii.gz
scan_0117,probability_average,none,0.4,20,nan,0.1,0,1,1,0.0,0,nan,-1,nan,-1,nan,-1,-1,nan,-1,/data/data/DA25S005/miccai_tbi/MultiTalentV2_finetuning/checkpoints/validation2025_100/ensemble_2_models_e5ohnz5w_tta_ddp_kpcyjb66_tta_hybrid/predicted_lesions/thr0p4_mincc20/scan_0117_pred_lesion.nii.gz
scan_0117,probability_average,none,0.4,40,nan,0.1,0,1,1,0.0,0,nan,-1,nan,-1,nan,-1,-1,nan,-1,/data/data/DA25S005/miccai_tbi/MultiTalentV2_finetuning/checkpoints/validation2025_100/ensemble_2_models_e5ohnz5w_tta_ddp_kpcyjb66_tta_hybrid/predicted_lesions/thr0p4_mincc40/scan_0117_pred_lesion.nii.gz
scan_0117,probability_average,none,0.5,0,nan,0.1,0,1,1,0.0,0,nan,-1,nan,-1,nan,-1,-1,nan,-1,/data/data/DA25S005/miccai_tbi/MultiTalentV2_finetuning/checkpoints/validation2025_100/ensemble_2_models_e5ohnz5w_tta_ddp_kpcyjb66_tta_hybrid/predicted_lesions/thr0p5_mincc0/scan_0117_pred_lesion.nii.gz
scan_0117,probability_average,none,0.5,3,nan,0.1,0,1,1,0.0,0,nan,-1,nan,-1,nan,-1,-1,nan,-1,/data/data/DA25S005/miccai_tbi/MultiTalentV2_finetuning/checkpoints/validation2025_100/ensemble_2_models_e5ohnz5w_tta_ddp_kpcyjb66_tta_hybrid/predicted_lesions/thr0p5_mincc3/scan_0117_pred_lesion.nii.gz
scan_0117,probability_average,none,0.5,5,nan,0.1,0,1,1,0.0,0,nan,-1,nan,-1,nan,-1,-1,nan,-1,/data/data/DA25S005/miccai_tbi/MultiTalentV2_finetuning/checkpoints/validation2025_100/ensemble_2_models_e5ohnz5w_tta_ddp_kpcyjb66_tta_hybrid/predicted_lesions/thr0p5_mincc5/scan_0117_pred_lesion.nii.gz
scan_0117,probability_average,none,0.5,10,nan,0.1,0,1,1,0.0,0,nan,-1,nan,-1,nan,-1,-1,nan,-1,/data/data/DA25S005/miccai_tbi/MultiTalentV2_finetuning/checkpoints/validation2025_100/ensemble_2_models_e5ohnz5w_tta_ddp_kpcyjb66_tta_hybrid/predicted_lesions/thr0p5_mincc10/scan_0117_pred_lesion.nii.gz
scan_0117,probability_average,none,0.5,20,nan,0.1,0,1,1,0.0,0,nan,-1,nan,-1,nan,-1,-1,nan,-1,/data/data/DA25S005/miccai_tbi/MultiTalentV2_finetuning/checkpoints/validation2025_100/ensemble_2_models_e5ohnz5w_tta_ddp_kpcyjb66_tta_hybrid/predicted_lesions/thr0p5_mincc20/scan_0117_pred_lesion.nii.gz
scan_0117,probability_average,none,0.5,40,nan,0.1,0,1,1,0.0,0,nan,-1,nan,-1,nan,-1,-1,nan,-1,/data/data/DA25S005/miccai_tbi/MultiTalentV2_finetuning/checkpoints/validation2025_100/ensemble_2_models_e5ohnz5w_tta_ddp_kpcyjb66_tta_hybrid/predicted_lesions/thr0p5_mincc40/scan_0117_pred_lesion.nii.gz
scan_0124,probability_average,none,0.1,0,nan,0.1,0,1,1,0.0,0,nan,-1,nan,-1,nan,-1,-1,nan,-1,/data/data/DA25S005/miccai_tbi/MultiTalentV2_finetuning/checkpoints/validation2025_100/ensemble_2_models_e5ohnz5w_tta_ddp_kpcyjb66_tta_hybrid/predicted_lesions/thr0p1_mincc0/scan_0124_pred_lesion.nii.gz
scan_0124,probability_average,none,0.1,3,nan,0.1,0,1,1,0.0,0,nan,-1,nan,-1,nan,-1,-1,nan,-1,/data/data/DA25S005/miccai_tbi/MultiTalentV2_finetuning/checkpoints/validation2025_100/ensemble_2_models_e5ohnz5w_tta_ddp_kpcyjb66_tta_hybrid/predicted_lesions/thr0p1_mincc3/scan_0124_pred_lesion.nii.gz
scan_0124,probability_average,none,0.1,5,nan,0.1,0,1,1,0.0,0,nan,-1,nan,-1,nan,-1,-1,nan,-1,/data/data/DA25S005/miccai_tbi/MultiTalentV2_finetuning/checkpoints/validation2025_100/ensemble_2_models_e5ohnz5w_tta_ddp_kpcyjb66_tta_hybrid/predicted_lesions/thr0p1_mincc5/scan_0124_pred_lesion.nii.gz
scan_0124,probability_average,none,0.1,10,nan,0.1,0,1,1,0.0,0,nan,-1,nan,-1,nan,-1,-1,nan,-1,/data/data/DA25S005/miccai_tbi/MultiTalentV2_finetuning/checkpoints/validation2025_100/ensemble_2_models_e5ohnz5w_tta_ddp_kpcyjb66_tta_hybrid/predicted_lesions/thr0p1_mincc10/scan_0124_pred_lesion.nii.gz
scan_0124,probability_average,none,0.1,20,nan,0.1,0,1,1,0.0,0,nan,-1,nan,-1,nan,-1,-1,nan,-1,/data/data/DA25S005/miccai_tbi/MultiTalentV2_finetuning/checkpoints/validation2025_100/ensemble_2_models_e5ohnz5w_tta_ddp_kpcyjb66_tta_hybrid/predicted_lesions/thr0p1_mincc20/scan_0124_pred_lesion.nii.gz
scan_0124,probability_average,none,0.1,40,nan,0.1,0,1,1,0.0,0,nan,-1,nan,-1,nan,-1,-1,nan,-1,/data/data/DA25S005/miccai_tbi/MultiTalentV2_finetuning/checkpoints/validation2025_100/ensemble_2_models_e5ohnz5w_tta_ddp_kpcyjb66_tta_hybrid/predicted_lesions/thr0p1_mincc40/scan_0124_pred_lesion.nii.gz
scan_0124,probability_average,none,0.2,0,nan,0.1,0,1,1,0.0,0,nan,-1,nan,-1,nan,-1,-1,nan,-1,/data/data/DA25S005/miccai_tbi/MultiTalentV2_finetuning/checkpoints/validation2025_100/ensemble_2_models_e5ohnz5w_tta_ddp_kpcyjb66_tta_hybrid/predicted_lesions/thr0p2_mincc0/scan_0124_pred_lesion.nii.gz
scan_0124,probability_average,none,0.2,3,nan,0.1,0,1,1,0.0,0,nan,-1,nan,-1,nan,-1,-1,nan,-1,/data/data/DA25S005/miccai_tbi/MultiTalentV2_finetuning/checkpoints/validation2025_100/ensemble_2_models_e5ohnz5w_tta_ddp_kpcyjb66_tta_hybrid/predicted_lesions/thr0p2_mincc3/scan_0124_pred_lesion.nii.gz
scan_0124,probability_average,none,0.2,5,nan,0.1,0,1,1,0.0,0,nan,-1,nan,-1,nan,-1,-1,nan,-1,/data/data/DA25S005/miccai_tbi/MultiTalentV2_finetuning/checkpoints/validation2025_100/ensemble_2_models_e5ohnz5w_tta_ddp_kpcyjb66_tta_hybrid/predicted_lesions/thr0p2_mincc5/scan_0124_pred_lesion.nii.gz
scan_0124,probability_average,none,0.2,10,nan,0.1,0,1,1,0.0,0,nan,-1,nan,-1,nan,-1,-1,nan,-1,/data/data/DA25S005/miccai_tbi/MultiTalentV2_finetuning/checkpoints/validation2025_100/ensemble_2_models_e5ohnz5w_tta_ddp_kpcyjb66_tta_hybrid/predicted_lesions/thr0p2_mincc10/scan_0124_pred_lesion.nii.gz
scan_0124,probability_average,none,0.2,20,nan,0.1,0,1,1,0.0,0,nan,-1,nan,-1,nan,-1,-1,nan,-1,/data/data/DA25S005/miccai_tbi/MultiTalentV2_finetuning/checkpoints/validation2025_100/ensemble_2_models_e5ohnz5w_tta_ddp_kpcyjb66_tta_hybrid/predicted_lesions/thr0p2_mincc20/scan_0124_pred_lesion.nii.gz
scan_0124,probability_average,none,0.2,40,nan,0.1,0,1,1,0.0,0,nan,-1,nan,-1,nan,-1,-1,nan,-1,/data/data/DA25S005/miccai_tbi/MultiTalentV2_finetuning/checkpoints/validation2025_100/ensemble_2_models_e5ohnz5w_tta_ddp_kpcyjb66_tta_hybrid/predicted_lesions/thr0p2_mincc40/scan_0124_pred_lesion.nii.gz
scan_0124,probability_average,none,0.3,0,nan,0.1,0,1,1,0.0,0,nan,-1,nan,-1,nan,-1,-1,nan,-1,/data/data/DA25S005/miccai_tbi/MultiTalentV2_finetuning/checkpoints/validation2025_100/ensemble_2_models_e5ohnz5w_tta_ddp_kpcyjb66_tta_hybrid/predicted_lesions/thr0p3_mincc0/scan_0124_pred_lesion.nii.gz
scan_0124,probability_average,none,0.3,3,nan,0.1,0,1,1,0.0,0,nan,-1,nan,-1,nan,-1,-1,nan,-1,/data/data/DA25S005/miccai_tbi/MultiTalentV2_finetuning/checkpoints/validation2025_100/ensemble_2_models_e5ohnz5w_tta_ddp_kpcyjb66_tta_hybrid/predicted_lesions/thr0p3_mincc3/scan_0124_pred_lesion.nii.gz
scan_0124,probability_average,none,0.3,5,nan,0.1,0,1,1,0.0,0,nan,-1,nan,-1,nan,-1,-1,nan,-1,/data/data/DA25S005/miccai_tbi/MultiTalentV2_finetuning/checkpoints/validation2025_100/ensemble_2_models_e5ohnz5w_tta_ddp_kpcyjb66_tta_hybrid/predicted_lesions/thr0p3_mincc5/scan_0124_pred_lesion.nii.gz
scan_0124,probability_average,none,0.3,10,nan,0.1,0,1,1,0.0,0,nan,-1,nan,-1,nan,-1,-1,nan,-1,/data/data/DA25S005/miccai_tbi/MultiTalentV2_finetuning/checkpoints/validation2025_100/ensemble_2_models_e5ohnz5w_tta_ddp_kpcyjb66_tta_hybrid/predicted_lesions/thr0p3_mincc10/scan_0124_pred_lesion.nii.gz
scan_0124,probability_average,none,0.3,20,nan,0.1,0,1,1,0.0,0,nan,-1,nan,-1,nan,-1,-1,nan,-1,/data/data/DA25S005/miccai_tbi/MultiTalentV2_finetuning/checkpoints/validation2025_100/ensemble_2_models_e5ohnz5w_tta_ddp_kpcyjb66_tta_hybrid/predicted_lesions/thr0p3_mincc20/scan_0124_pred_lesion.nii.gz
scan_0124,probability_average,none,0.3,40,nan,0.1,0,1,1,0.0,0,nan,-1,nan,-1,nan,-1,-1,nan,-1,/data/data/DA25S005/miccai_tbi/MultiTalentV2_finetuning/checkpoints/validation2025_100/ensemble_2_models_e5ohnz5w_tta_ddp_kpcyjb66_tta_hybrid/predicted_lesions/thr0p3_mincc40/scan_0124_pred_lesion.nii.gz
scan_0124,probability_average,none,0.4,0,nan,0.1,0,1,1,0.0,0,nan,-1,nan,-1,nan,-1,-1,nan,-1,/data/data/DA25S005/miccai_tbi/MultiTalentV2_finetuning/checkpoints/validation2025_100/ensemble_2_models_e5ohnz5w_tta_ddp_kpcyjb66_tta_hybrid/predicted_lesions/thr0p4_mincc0/scan_0124_pred_lesion.nii.gz
scan_0124,probability_average,none,0.4,3,nan,0.1,0,1,1,0.0,0,nan,-1,nan,-1,nan,-1,-1,nan,-1,/data/data/DA25S005/miccai_tbi/MultiTalentV2_finetuning/checkpoints/validation2025_100/ensemble_2_models_e5ohnz5w_tta_ddp_kpcyjb66_tta_hybrid/predicted_lesions/thr0p4_mincc3/scan_0124_pred_lesion.nii.gz
scan_0124,probability_average,none,0.4,5,nan,0.1,0,1,1,0.0,0,nan,-1,nan,-1,nan,-1,-1,nan,-1,/data/data/DA25S005/miccai_tbi/MultiTalentV2_finetuning/checkpoints/validation2025_100/ensemble_2_models_e5ohnz5w_tta_ddp_kpcyjb66_tta_hybrid/predicted_lesions/thr0p4_mincc5/scan_0124_pred_lesion.nii.gz
scan_0124,probability_average,none,0.4,10,nan,0.1,0,1,1,0.0,0,nan,-1,nan,-1,nan,-1,-1,nan,-1,/data/data/DA25S005/miccai_tbi/MultiTalentV2_finetuning/checkpoints/validation2025_100/ensemble_2_models_e5ohnz5w_tta_ddp_kpcyjb66_tta_hybrid/predicted_lesions/thr0p4_mincc10/scan_0124_pred_lesion.nii.gz
scan_0124,probability_average,none,0.4,20,nan,0.1,0,1,1,0.0,0,nan,-1,nan,-1,nan,-1,-1,nan,-1,/data/data/DA25S005/miccai_tbi/MultiTalentV2_finetuning/checkpoints/validation2025_100/ensemble_2_models_e5ohnz5w_tta_ddp_kpcyjb66_tta_hybrid/predicted_lesions/thr0p4_mincc20/scan_0124_pred_lesion.nii.gz
scan_0124,probability_average,none,0.4,40,nan,0.1,0,1,1,0.0,0,nan,-1,nan,-1,nan,-1,-1,nan,-1,/data/data/DA25S005/miccai_tbi/MultiTalentV2_finetuning/checkpoints/validation2025_100/ensemble_2_models_e5ohnz5w_tta_ddp_kpcyjb66_tta_hybrid/predicted_lesions/thr0p4_mincc40/scan_0124_pred_lesion.nii.gz
scan_0124,probability_average,none,0.5,0,nan,0.1,0,1,1,0.0,0,nan,-1,nan,-1,nan,-1,-1,nan,-1,/data/data/DA25S005/miccai_tbi/MultiTalentV2_finetuning/checkpoints/validation2025_100/ensemble_2_models_e5ohnz5w_tta_ddp_kpcyjb66_tta_hybrid/predicted_lesions/thr0p5_mincc0/scan_0124_pred_lesion.nii.gz
scan_0124,probability_average,none,0.5,3,nan,0.1,0,1,1,0.0,0,nan,-1,nan,-1,nan,-1,-1,nan,-1,/data/data/DA25S005/miccai_tbi/MultiTalentV2_finetuning/checkpoints/validation2025_100/ensemble_2_models_e5ohnz5w_tta_ddp_kpcyjb66_tta_hybrid/predicted_lesions/thr0p5_mincc3/scan_0124_pred_lesion.nii.gz
scan_0124,probability_average,none,0.5,5,nan,0.1,0,1,1,0.0,0,nan,-1,nan,-1,nan,-1,-1,nan,-1,/data/data/DA25S005/miccai_tbi/MultiTalentV2_finetuning/checkpoints/validation2025_100/ensemble_2_models_e5ohnz5w_tta_ddp_kpcyjb66_tta_hybrid/predicted_lesions/thr0p5_mincc5/scan_0124_pred_lesion.nii.gz
scan_0124,probability_average,none,0.5,10,nan,0.1,0,1,1,0.0,0,nan,-1,nan,-1,nan,-1,-1,nan,-1,/data/data/DA25S005/miccai_tbi/MultiTalentV2_finetuning/checkpoints/validation2025_100/ensemble_2_models_e5ohnz5w_tta_ddp_kpcyjb66_tta_hybrid/predicted_lesions/thr0p5_mincc10/scan_0124_pred_lesion.nii.gz
scan_0124,probability_average,none,0.5,20,nan,0.1,0,1,1,0.0,0,nan,-1,nan,-1,nan,-1,-1,nan,-1,/data/data/DA25S005/miccai_tbi/MultiTalentV2_finetuning/checkpoints/validation2025_100/ensemble_2_models_e5ohnz5w_tta_ddp_kpcyjb66_tta_hybrid/predicted_lesions/thr0p5_mincc20/scan_0124_pred_lesion.nii.gz
scan_0124,probability_average,none,0.5,40,nan,0.1,0,1,1,0.0,0,nan,-1,nan,-1,nan,-1,-1,nan,-1,/data/data/DA25S005/miccai_tbi/MultiTalentV2_finetuning/checkpoints/validation2025_100/ensemble_2_models_e5ohnz5w_tta_ddp_kpcyjb66_tta_hybrid/predicted_lesions/thr0p5_mincc40/scan_0124_pred_lesion.nii.gz
scan_0128,probability_average,none,0.1,0,nan,0.1,0,1,1,0.0,0,nan,-1,nan,-1,nan,-1,-1,nan,-1,/data/data/DA25S005/miccai_tbi/MultiTalentV2_finetuning/checkpoints/validation2025_100/ensemble_2_models_e5ohnz5w_tta_ddp_kpcyjb66_tta_hybrid/predicted_lesions/thr0p1_mincc0/scan_0128_pred_lesion.nii.gz
scan_0128,probability_average,none,0.1,3,nan,0.1,0,1,1,0.0,0,nan,-1,nan,-1,nan,-1,-1,nan,-1,/data/data/DA25S005/miccai_tbi/MultiTalentV2_finetuning/checkpoints/validation2025_100/ensemble_2_models_e5ohnz5w_tta_ddp_kpcyjb66_tta_hybrid/predicted_lesions/thr0p1_mincc3/scan_0128_pred_lesion.nii.gz
scan_0128,probability_average,none,0.1,5,nan,0.1,0,1,1,0.0,0,nan,-1,nan,-1,nan,-1,-1,nan,-1,/data/data/DA25S005/miccai_tbi/MultiTalentV2_finetuning/checkpoints/validation2025_100/ensemble_2_models_e5ohnz5w_tta_ddp_kpcyjb66_tta_hybrid/predicted_lesions/thr0p1_mincc5/scan_0128_pred_lesion.nii.gz
scan_0128,probability_average,none,0.1,10,nan,0.1,0,1,1,0.0,0,nan,-1,nan,-1,nan,-1,-1,nan,-1,/data/data/DA25S005/miccai_tbi/MultiTalentV2_finetuning/checkpoints/validation2025_100/ensemble_2_models_e5ohnz5w_tta_ddp_kpcyjb66_tta_hybrid/predicted_lesions/thr0p1_mincc10/scan_0128_pred_lesion.nii.gz
scan_0128,probability_average,none,0.1,20,nan,0.1,0,1,1,0.0,0,nan,-1,nan,-1,nan,-1,-1,nan,-1,/data/data/DA25S005/miccai_tbi/MultiTalentV2_finetuning/checkpoints/validation2025_100/ensemble_2_models_e5ohnz5w_tta_ddp_kpcyjb66_tta_hybrid/predicted_lesions/thr0p1_mincc20/scan_0128_pred_lesion.nii.gz
scan_0128,probability_average,none,0.1,40,nan,0.1,0,1,1,0.0,0,nan,-1,nan,-1,nan,-1,-1,nan,-1,/data/data/DA25S005/miccai_tbi/MultiTalentV2_finetuning/checkpoints/validation2025_100/ensemble_2_models_e5ohnz5w_tta_ddp_kpcyjb66_tta_hybrid/predicted_lesions/thr0p1_mincc40/scan_0128_pred_lesion.nii.gz
scan_0128,probability_average,none,0.2,0,nan,0.1,0,1,1,0.0,0,nan,-1,nan,-1,nan,-1,-1,nan,-1,/data/data/DA25S005/miccai_tbi/MultiTalentV2_finetuning/checkpoints/validation2025_100/ensemble_2_models_e5ohnz5w_tta_ddp_kpcyjb66_tta_hybrid/predicted_lesions/thr0p2_mincc0/scan_0128_pred_lesion.nii.gz
scan_0128,probability_average,none,0.2,3,nan,0.1,0,1,1,0.0,0,nan,-1,nan,-1,nan,-1,-1,nan,-1,/data/data/DA25S005/miccai_tbi/MultiTalentV2_finetuning/checkpoints/validation2025_100/ensemble_2_models_e5ohnz5w_tta_ddp_kpcyjb66_tta_hybrid/predicted_lesions/thr0p2_mincc3/scan_0128_pred_lesion.nii.gz
scan_0128,probability_average,none,0.2,5,nan,0.1,0,1,1,0.0,0,nan,-1,nan,-1,nan,-1,-1,nan,-1,/data/data/DA25S005/miccai_tbi/MultiTalentV2_finetuning/checkpoints/validation2025_100/ensemble_2_models_e5ohnz5w_tta_ddp_kpcyjb66_tta_hybrid/predicted_lesions/thr0p2_mincc5/scan_0128_pred_lesion.nii.gz
scan_0128,probability_average,none,0.2,10,nan,0.1,0,1,1,0.0,0,nan,-1,nan,-1,nan,-1,-1,nan,-1,/data/data/DA25S005/miccai_tbi/MultiTalentV2_finetuning/checkpoints/validation2025_100/ensemble_2_models_e5ohnz5w_tta_ddp_kpcyjb66_tta_hybrid/predicted_lesions/thr0p2_mincc10/scan_0128_pred_lesion.nii.gz
scan_0128,probability_average,none,0.2,20,nan,0.1,0,1,1,0.0,0,nan,-1,nan,-1,nan,-1,-1,nan,-1,/data/data/DA25S005/miccai_tbi/MultiTalentV2_finetuning/checkpoints/validation2025_100/ensemble_2_models_e5ohnz5w_tta_ddp_kpcyjb66_tta_hybrid/predicted_lesions/thr0p2_mincc20/scan_0128_pred_lesion.nii.gz
scan_0128,probability_average,none,0.2,40,nan,0.1,0,1,1,0.0,0,nan,-1,nan,-1,nan,-1,-1,nan,-1,/data/data/DA25S005/miccai_tbi/MultiTalentV2_finetuning/checkpoints/validation2025_100/ensemble_2_models_e5ohnz5w_tta_ddp_kpcyjb66_tta_hybrid/predicted_lesions/thr0p2_mincc40/scan_0128_pred_lesion.nii.gz
scan_0128,probability_average,none,0.3,0,nan,0.1,0,1,1,0.0,0,nan,-1,nan,-1,nan,-1,-1,nan,-1,/data/data/DA25S005/miccai_tbi/MultiTalentV2_finetuning/checkpoints/validation2025_100/ensemble_2_models_e5ohnz5w_tta_ddp_kpcyjb66_tta_hybrid/predicted_lesions/thr0p3_mincc0/scan_0128_pred_lesion.nii.gz
scan_0128,probability_average,none,0.3,3,nan,0.1,0,1,1,0.0,0,nan,-1,nan,-1,nan,-1,-1,nan,-1,/data/data/DA25S005/miccai_tbi/MultiTalentV2_finetuning/checkpoints/validation2025_100/ensemble_2_models_e5ohnz5w_tta_ddp_kpcyjb66_tta_hybrid/predicted_lesions/thr0p3_mincc3/scan_0128_pred_lesion.nii.gz
scan_0128,probability_average,none,0.3,5,nan,0.1,0,1,1,0.0,0,nan,-1,nan,-1,nan,-1,-1,nan,-1,/data/data/DA25S005/miccai_tbi/MultiTalentV2_finetuning/checkpoints/validation2025_100/ensemble_2_models_e5ohnz5w_tta_ddp_kpcyjb66_tta_hybrid/predicted_lesions/thr0p3_mincc5/scan_0128_pred_lesion.nii.gz
scan_0128,probability_average,none,0.3,10,nan,0.1,0,1,1,0.0,0,nan,-1,nan,-1,nan,-1,-1,nan,-1,/data/data/DA25S005/miccai_tbi/MultiTalentV2_finetuning/checkpoints/validation2025_100/ensemble_2_models_e5ohnz5w_tta_ddp_kpcyjb66_tta_hybrid/predicted_lesions/thr0p3_mincc10/scan_0128_pred_lesion.nii.gz
scan_0128,probability_average,none,0.3,20,nan,0.1,0,1,1,0.0,0,nan,-1,nan,-1,nan,-1,-1,nan,-1,/data/data/DA25S005/miccai_tbi/MultiTalentV2_finetuning/checkpoints/validation2025_100/ensemble_2_models_e5ohnz5w_tta_ddp_kpcyjb66_tta_hybrid/predicted_lesions/thr0p3_mincc20/scan_0128_pred_lesion.nii.gz
scan_0128,probability_average,none,0.3,40,nan,0.1,0,1,1,0.0,0,nan,-1,nan,-1,nan,-1,-1,nan,-1,/data/data/DA25S005/miccai_tbi/MultiTalentV2_finetuning/checkpoints/validation2025_100/ensemble_2_models_e5ohnz5w_tta_ddp_kpcyjb66_tta_hybrid/predicted_lesions/thr0p3_mincc40/scan_0128_pred_lesion.nii.gz
scan_0128,probability_average,none,0.4,0,nan,0.1,0,1,1,0.0,0,nan,-1,nan,-1,nan,-1,-1,nan,-1,/data/data/DA25S005/miccai_tbi/MultiTalentV2_finetuning/checkpoints/validation2025_100/ensemble_2_models_e5ohnz5w_tta_ddp_kpcyjb66_tta_hybrid/predicted_lesions/thr0p4_mincc0/scan_0128_pred_lesion.nii.gz
scan_0128,probability_average,none,0.4,3,nan,0.1,0,1,1,0.0,0,nan,-1,nan,-1,nan,-1,-1,nan,-1,/data/data/DA25S005/miccai_tbi/MultiTalentV2_finetuning/checkpoints/validation2025_100/ensemble_2_models_e5ohnz5w_tta_ddp_kpcyjb66_tta_hybrid/predicted_lesions/thr0p4_mincc3/scan_0128_pred_lesion.nii.gz
scan_0128,probability_average,none,0.4,5,nan,0.1,0,1,1,0.0,0,nan,-1,nan,-1,nan,-1,-1,nan,-1,/data/data/DA25S005/miccai_tbi/MultiTalentV2_finetuning/checkpoints/validation2025_100/ensemble_2_models_e5ohnz5w_tta_ddp_kpcyjb66_tta_hybrid/predicted_lesions/thr0p4_mincc5/scan_0128_pred_lesion.nii.gz
scan_0128,probability_average,none,0.4,10,nan,0.1,0,1,1,0.0,0,nan,-1,nan,-1,nan,-1,-1,nan,-1,/data/data/DA25S005/miccai_tbi/MultiTalentV2_finetuning/checkpoints/validation2025_100/ensemble_2_models_e5ohnz5w_tta_ddp_kpcyjb66_tta_hybrid/predicted_lesions/thr0p4_mincc10/scan_0128_pred_lesion.nii.gz
scan_0128,probability_average,none,0.4,20,nan,0.1,0,1,1,0.0,0,nan,-1,nan,-1,nan,-1,-1,nan,-1,/data/data/DA25S005/miccai_tbi/MultiTalentV2_finetuning/checkpoints/validation2025_100/ensemble_2_models_e5ohnz5w_tta_ddp_kpcyjb66_tta_hybrid/predicted_lesions/thr0p4_mincc20/scan_0128_pred_lesion.nii.gz
scan_0128,probability_average,none,0.4,40,nan,0.1,0,1,1,0.0,0,nan,-1,nan,-1,nan,-1,-1,nan,-1,/data/data/DA25S005/miccai_tbi/MultiTalentV2_finetuning/checkpoints/validation2025_100/ensemble_2_models_e5ohnz5w_tta_ddp_kpcyjb66_tta_hybrid/predicted_lesions/thr0p4_mincc40/scan_0128_pred_lesion.nii.gz
scan_0128,probability_average,none,0.5,0,nan,0.1,0,1,1,0.0,0,nan,-1,nan,-1,nan,-1,-1,nan,-1,/data/data/DA25S005/miccai_tbi/MultiTalentV2_finetuning/checkpoints/validation2025_100/ensemble_2_models_e5ohnz5w_tta_ddp_kpcyjb66_tta_hybrid/predicted_lesions/thr0p5_mincc0/scan_0128_pred_lesion.nii.gz
scan_0128,probability_average,none,0.5,3,nan,0.1,0,1,1,0.0,0,nan,-1,nan,-1,nan,-1,-1,nan,-1,/data/data/DA25S005/miccai_tbi/MultiTalentV2_finetuning/checkpoints/validation2025_100/ensemble_2_models_e5ohnz5w_tta_ddp_kpcyjb66_tta_hybrid/predicted_lesions/thr0p5_mincc3/scan_0128_pred_lesion.nii.gz
scan_0128,probability_average,none,0.5,5,nan,0.1,0,1,1,0.0,0,nan,-1,nan,-1,nan,-1,-1,nan,-1,/data/data/DA25S005/miccai_tbi/MultiTalentV2_finetuning/checkpoints/validation2025_100/ensemble_2_models_e5ohnz5w_tta_ddp_kpcyjb66_tta_hybrid/predicted_lesions/thr0p5_mincc5/scan_0128_pred_lesion.nii.gz
scan_0128,probability_average,none,0.5,10,nan,0.1,0,1,1,0.0,0,nan,-1,nan,-1,nan,-1,-1,nan,-1,/data/data/DA25S005/miccai_tbi/MultiTalentV2_finetuning/checkpoints/validation2025_100/ensemble_2_models_e5ohnz5w_tta_ddp_kpcyjb66_tta_hybrid/predicted_lesions/thr0p5_mincc10/scan_0128_pred_lesion.nii.gz
scan_0128,probability_average,none,0.5,20,nan,0.1,0,1,1,0.0,0,nan,-1,nan,-1,nan,-1,-1,nan,-1,/data/data/DA25S005/miccai_tbi/MultiTalentV2_finetuning/checkpoints/validation2025_100/ensemble_2_models_e5ohnz5w_tta_ddp_kpcyjb66_tta_hybrid/predicted_lesions/thr0p5_mincc20/scan_0128_pred_lesion.nii.gz
scan_0128,probability_average,none,0.5,40,nan,0.1,0,1,1,0.0,0,nan,-1,nan,-1,nan,-1,-1,nan,-1,/data/data/DA25S005/miccai_tbi/MultiTalentV2_finetuning/checkpoints/validation2025_100/ensemble_2_models_e5ohnz5w_tta_ddp_kpcyjb66_tta_hybrid/predicted_lesions/thr0p5_mincc40/scan_0128_pred_lesion.nii.gz
scan_0132,probability_average,none,0.1,0,nan,0.1,0,1,1,0.0,0,nan,-1,nan,-1,nan,-1,-1,nan,-1,/data/data/DA25S005/miccai_tbi/MultiTalentV2_finetuning/checkpoints/validation2025_100/ensemble_2_models_e5ohnz5w_tta_ddp_kpcyjb66_tta_hybrid/predicted_lesions/thr0p1_mincc0/scan_0132_pred_lesion.nii.gz
scan_0132,probability_average,none,0.1,3,nan,0.1,0,1,1,0.0,0,nan,-1,nan,-1,nan,-1,-1,nan,-1,/data/data/DA25S005/miccai_tbi/MultiTalentV2_finetuning/checkpoints/validation2025_100/ensemble_2_models_e5ohnz5w_tta_ddp_kpcyjb66_tta_hybrid/predicted_lesions/thr0p1_mincc3/scan_0132_pred_lesion.nii.gz
scan_0132,probability_average,none,0.1,5,nan,0.1,0,1,1,0.0,0,nan,-1,nan,-1,nan,-1,-1,nan,-1,/data/data/DA25S005/miccai_tbi/MultiTalentV2_finetuning/checkpoints/validation2025_100/ensemble_2_models_e5ohnz5w_tta_ddp_kpcyjb66_tta_hybrid/predicted_lesions/thr0p1_mincc5/scan_0132_pred_lesion.nii.gz
scan_0132,probability_average,none,0.1,10,nan,0.1,0,1,1,0.0,0,nan,-1,nan,-1,nan,-1,-1,nan,-1,/data/data/DA25S005/miccai_tbi/MultiTalentV2_finetuning/checkpoints/validation2025_100/ensemble_2_models_e5ohnz5w_tta_ddp_kpcyjb66_tta_hybrid/predicted_lesions/thr0p1_mincc10/scan_0132_pred_lesion.nii.gz
scan_0132,probability_average,none,0.1,20,nan,0.1,0,1,1,0.0,0,nan,-1,nan,-1,nan,-1,-1,nan,-1,/data/data/DA25S005/miccai_tbi/MultiTalentV2_finetuning/checkpoints/validation2025_100/ensemble_2_models_e5ohnz5w_tta_ddp_kpcyjb66_tta_hybrid/predicted_lesions/thr0p1_mincc20/scan_0132_pred_lesion.nii.gz
scan_0132,probability_average,none,0.1,40,nan,0.1,0,1,1,0.0,0,nan,-1,nan,-1,nan,-1,-1,nan,-1,/data/data/DA25S005/miccai_tbi/MultiTalentV2_finetuning/checkpoints/validation2025_100/ensemble_2_models_e5ohnz5w_tta_ddp_kpcyjb66_tta_hybrid/predicted_lesions/thr0p1_mincc40/scan_0132_pred_lesion.nii.gz
scan_0132,probability_average,none,0.2,0,nan,0.1,0,1,1,0.0,0,nan,-1,nan,-1,nan,-1,-1,nan,-1,/data/data/DA25S005/miccai_tbi/MultiTalentV2_finetuning/checkpoints/validation2025_100/ensemble_2_models_e5ohnz5w_tta_ddp_kpcyjb66_tta_hybrid/predicted_lesions/thr0p2_mincc0/scan_0132_pred_lesion.nii.gz
scan_0132,probability_average,none,0.2,3,nan,0.1,0,1,1,0.0,0,nan,-1,nan,-1,nan,-1,-1,nan,-1,/data/data/DA25S005/miccai_tbi/MultiTalentV2_finetuning/checkpoints/validation2025_100/ensemble_2_models_e5ohnz5w_tta_ddp_kpcyjb66_tta_hybrid/predicted_lesions/thr0p2_mincc3/scan_0132_pred_lesion.nii.gz
scan_0132,probability_average,none,0.2,5,nan,0.1,0,1,1,0.0,0,nan,-1,nan,-1,nan,-1,-1,nan,-1,/data/data/DA25S005/miccai_tbi/MultiTalentV2_finetuning/checkpoints/validation2025_100/ensemble_2_models_e5ohnz5w_tta_ddp_kpcyjb66_tta_hybrid/predicted_lesions/thr0p2_mincc5/scan_0132_pred_lesion.nii.gz
scan_0132,probability_average,none,0.2,10,nan,0.1,0,1,1,0.0,0,nan,-1,nan,-1,nan,-1,-1,nan,-1,/data/data/DA25S005/miccai_tbi/MultiTalentV2_finetuning/checkpoints/validation2025_100/ensemble_2_models_e5ohnz5w_tta_ddp_kpcyjb66_tta_hybrid/predicted_lesions/thr0p2_mincc10/scan_0132_pred_lesion.nii.gz
scan_0132,probability_average,none,0.2,20,nan,0.1,0,1,1,0.0,0,nan,-1,nan,-1,nan,-1,-1,nan,-1,/data/data/DA25S005/miccai_tbi/MultiTalentV2_finetuning/checkpoints/validation2025_100/ensemble_2_models_e5ohnz5w_tta_ddp_kpcyjb66_tta_hybrid/predicted_lesions/thr0p2_mincc20/scan_0132_pred_lesion.nii.gz
scan_0132,probability_average,none,0.2,40,nan,0.1,0,1,1,0.0,0,nan,-1,nan,-1,nan,-1,-1,nan,-1,/data/data/DA25S005/miccai_tbi/MultiTalentV2_finetuning/checkpoints/validation2025_100/ensemble_2_models_e5ohnz5w_tta_ddp_kpcyjb66_tta_hybrid/predicted_lesions/thr0p2_mincc40/scan_0132_pred_lesion.nii.gz
scan_0132,probability_average,none,0.3,0,nan,0.1,0,1,1,0.0,0,nan,-1,nan,-1,nan,-1,-1,nan,-1,/data/data/DA25S005/miccai_tbi/MultiTalentV2_finetuning/checkpoints/validation2025_100/ensemble_2_models_e5ohnz5w_tta_ddp_kpcyjb66_tta_hybrid/predicted_lesions/thr0p3_mincc0/scan_0132_pred_lesion.nii.gz
scan_0132,probability_average,none,0.3,3,nan,0.1,0,1,1,0.0,0,nan,-1,nan,-1,nan,-1,-1,nan,-1,/data/data/DA25S005/miccai_tbi/MultiTalentV2_finetuning/checkpoints/validation2025_100/ensemble_2_models_e5ohnz5w_tta_ddp_kpcyjb66_tta_hybrid/predicted_lesions/thr0p3_mincc3/scan_0132_pred_lesion.nii.gz
scan_0132,probability_average,none,0.3,5,nan,0.1,0,1,1,0.0,0,nan,-1,nan,-1,nan,-1,-1,nan,-1,/data/data/DA25S005/miccai_tbi/MultiTalentV2_finetuning/checkpoints/validation2025_100/ensemble_2_models_e5ohnz5w_tta_ddp_kpcyjb66_tta_hybrid/predicted_lesions/thr0p3_mincc5/scan_0132_pred_lesion.nii.gz
scan_0132,probability_average,none,0.3,10,nan,0.1,0,1,1,0.0,0,nan,-1,nan,-1,nan,-1,-1,nan,-1,/data/data/DA25S005/miccai_tbi/MultiTalentV2_finetuning/checkpoints/validation2025_100/ensemble_2_models_e5ohnz5w_tta_ddp_kpcyjb66_tta_hybrid/predicted_lesions/thr0p3_mincc10/scan_0132_pred_lesion.nii.gz
scan_0132,probability_average,none,0.3,20,nan,0.1,0,1,1,0.0,0,nan,-1,nan,-1,nan,-1,-1,nan,-1,/data/data/DA25S005/miccai_tbi/MultiTalentV2_finetuning/checkpoints/validation2025_100/ensemble_2_models_e5ohnz5w_tta_ddp_kpcyjb66_tta_hybrid/predicted_lesions/thr0p3_mincc20/scan_0132_pred_lesion.nii.gz
scan_0132,probability_average,none,0.3,40,nan,0.1,0,1,1,0.0,0,nan,-1,nan,-1,nan,-1,-1,nan,-1,/data/data/DA25S005/miccai_tbi/MultiTalentV2_finetuning/checkpoints/validation2025_100/ensemble_2_models_e5ohnz5w_tta_ddp_kpcyjb66_tta_hybrid/predicted_lesions/thr0p3_mincc40/scan_0132_pred_lesion.nii.gz
scan_0132,probability_average,none,0.4,0,nan,0.1,0,1,1,0.0,0,nan,-1,nan,-1,nan,-1,-1,nan,-1,/data/data/DA25S005/miccai_tbi/MultiTalentV2_finetuning/checkpoints/validation2025_100/ensemble_2_models_e5ohnz5w_tta_ddp_kpcyjb66_tta_hybrid/predicted_lesions/thr0p4_mincc0/scan_0132_pred_lesion.nii.gz
scan_0132,probability_average,none,0.4,3,nan,0.1,0,1,1,0.0,0,nan,-1,nan,-1,nan,-1,-1,nan,-1,/data/data/DA25S005/miccai_tbi/MultiTalentV2_finetuning/checkpoints/validation2025_100/ensemble_2_models_e5ohnz5w_tta_ddp_kpcyjb66_tta_hybrid/predicted_lesions/thr0p4_mincc3/scan_0132_pred_lesion.nii.gz
scan_0132,probability_average,none,0.4,5,nan,0.1,0,1,1,0.0,0,nan,-1,nan,-1,nan,-1,-1,nan,-1,/data/data/DA25S005/miccai_tbi/MultiTalentV2_finetuning/checkpoints/validation2025_100/ensemble_2_models_e5ohnz5w_tta_ddp_kpcyjb66_tta_hybrid/predicted_lesions/thr0p4_mincc5/scan_0132_pred_lesion.nii.gz
scan_0132,probability_average,none,0.4,10,nan,0.1,0,1,1,0.0,0,nan,-1,nan,-1,nan,-1,-1,nan,-1,/data/data/DA25S005/miccai_tbi/MultiTalentV2_finetuning/checkpoints/validation2025_100/ensemble_2_models_e5ohnz5w_tta_ddp_kpcyjb66_tta_hybrid/predicted_lesions/thr0p4_mincc10/scan_0132_pred_lesion.nii.gz
scan_0132,probability_average,none,0.4,20,nan,0.1,0,1,1,0.0,0,nan,-1,nan,-1,nan,-1,-1,nan,-1,/data/data/DA25S005/miccai_tbi/MultiTalentV2_finetuning/checkpoints/validation2025_100/ensemble_2_models_e5ohnz5w_tta_ddp_kpcyjb66_tta_hybrid/predicted_lesions/thr0p4_mincc20/scan_0132_pred_lesion.nii.gz
scan_0132,probability_average,none,0.4,40,nan,0.1,0,1,1,0.0,0,nan,-1,nan,-1,nan,-1,-1,nan,-1,/data/data/DA25S005/miccai_tbi/MultiTalentV2_finetuning/checkpoints/validation2025_100/ensemble_2_models_e5ohnz5w_tta_ddp_kpcyjb66_tta_hybrid/predicted_lesions/thr0p4_mincc40/scan_0132_pred_lesion.nii.gz
scan_0132,probability_average,none,0.5,0,nan,0.1,0,1,1,0.0,0,nan,-1,nan,-1,nan,-1,-1,nan,-1,/data/data/DA25S005/miccai_tbi/MultiTalentV2_finetuning/checkpoints/validation2025_100/ensemble_2_models_e5ohnz5w_tta_ddp_kpcyjb66_tta_hybrid/predicted_lesions/thr0p5_mincc0/scan_0132_pred_lesion.nii.gz
scan_0132,probability_average,none,0.5,3,nan,0.1,0,1,1,0.0,0,nan,-1,nan,-1,nan,-1,-1,nan,-1,/data/data/DA25S005/miccai_tbi/MultiTalentV2_finetuning/checkpoints/validation2025_100/ensemble_2_models_e5ohnz5w_tta_ddp_kpcyjb66_tta_hybrid/predicted_lesions/thr0p5_mincc3/scan_0132_pred_lesion.nii.gz
scan_0132,probability_average,none,0.5,5,nan,0.1,0,1,1,0.0,0,nan,-1,nan,-1,nan,-1,-1,nan,-1,/data/data/DA25S005/miccai_tbi/MultiTalentV2_finetuning/checkpoints/validation2025_100/ensemble_2_models_e5ohnz5w_tta_ddp_kpcyjb66_tta_hybrid/predicted_lesions/thr0p5_mincc5/scan_0132_pred_lesion.nii.gz
scan_0132,probability_average,none,0.5,10,nan,0.1,0,1,1,0.0,0,nan,-1,nan,-1,nan,-1,-1,nan,-1,/data/data/DA25S005/miccai_tbi/MultiTalentV2_finetuning/checkpoints/validation2025_100/ensemble_2_models_e5ohnz5w_tta_ddp_kpcyjb66_tta_hybrid/predicted_lesions/thr0p5_mincc10/scan_0132_pred_lesion.nii.gz
scan_0132,probability_average,none,0.5,20,nan,0.1,0,1,1,0.0,0,nan,-1,nan,-1,nan,-1,-1,nan,-1,/data/data/DA25S005/miccai_tbi/MultiTalentV2_finetuning/checkpoints/validation2025_100/ensemble_2_models_e5ohnz5w_tta_ddp_kpcyjb66_tta_hybrid/predicted_lesions/thr0p5_mincc20/scan_0132_pred_lesion.nii.gz
scan_0132,probability_average,none,0.5,40,nan,0.1,0,1,1,0.0,0,nan,-1,nan,-1,nan,-1,-1,nan,-1,/data/data/DA25S005/miccai_tbi/MultiTalentV2_finetuning/checkpoints/validation2025_100/ensemble_2_models_e5ohnz5w_tta_ddp_kpcyjb66_tta_hybrid/predicted_lesions/thr0p5_mincc40/scan_0132_pred_lesion.nii.gz
scan_0135,probability_average,none,0.1,0,nan,0.1,0,1,1,0.0,0,nan,-1,nan,-1,nan,-1,-1,nan,-1,/data/data/DA25S005/miccai_tbi/MultiTalentV2_finetuning/checkpoints/validation2025_100/ensemble_2_models_e5ohnz5w_tta_ddp_kpcyjb66_tta_hybrid/predicted_lesions/thr0p1_mincc0/scan_0135_pred_lesion.nii.gz
scan_0135,probability_average,none,0.1,3,nan,0.1,0,1,1,0.0,0,nan,-1,nan,-1,nan,-1,-1,nan,-1,/data/data/DA25S005/miccai_tbi/MultiTalentV2_finetuning/checkpoints/validation2025_100/ensemble_2_models_e5ohnz5w_tta_ddp_kpcyjb66_tta_hybrid/predicted_lesions/thr0p1_mincc3/scan_0135_pred_lesion.nii.gz
scan_0135,probability_average,none,0.1,5,nan,0.1,0,1,1,0.0,0,nan,-1,nan,-1,nan,-1,-1,nan,-1,/data/data/DA25S005/miccai_tbi/MultiTalentV2_finetuning/checkpoints/validation2025_100/ensemble_2_models_e5ohnz5w_tta_ddp_kpcyjb66_tta_hybrid/predicted_lesions/thr0p1_mincc5/scan_0135_pred_lesion.nii.gz
scan_0135,probability_average,none,0.1,10,nan,0.1,0,1,1,0.0,0,nan,-1,nan,-1,nan,-1,-1,nan,-1,/data/data/DA25S005/miccai_tbi/MultiTalentV2_finetuning/checkpoints/validation2025_100/ensemble_2_models_e5ohnz5w_tta_ddp_kpcyjb66_tta_hybrid/predicted_lesions/thr0p1_mincc10/scan_0135_pred_lesion.nii.gz
scan_0135,probability_average,none,0.1,20,nan,0.1,0,1,1,0.0,0,nan,-1,nan,-1,nan,-1,-1,nan,-1,/data/data/DA25S005/miccai_tbi/MultiTalentV2_finetuning/checkpoints/validation2025_100/ensemble_2_models_e5ohnz5w_tta_ddp_kpcyjb66_tta_hybrid/predicted_lesions/thr0p1_mincc20/scan_0135_pred_lesion.nii.gz
scan_0135,probability_average,none,0.1,40,nan,0.1,0,1,1,0.0,0,nan,-1,nan,-1,nan,-1,-1,nan,-1,/data/data/DA25S005/miccai_tbi/MultiTalentV2_finetuning/checkpoints/validation2025_100/ensemble_2_models_e5ohnz5w_tta_ddp_kpcyjb66_tta_hybrid/predicted_lesions/thr0p1_mincc40/scan_0135_pred_lesion.nii.gz
scan_0135,probability_average,none,0.2,0,nan,0.1,0,1,1,0.0,0,nan,-1,nan,-1,nan,-1,-1,nan,-1,/data/data/DA25S005/miccai_tbi/MultiTalentV2_finetuning/checkpoints/validation2025_100/ensemble_2_models_e5ohnz5w_tta_ddp_kpcyjb66_tta_hybrid/predicted_lesions/thr0p2_mincc0/scan_0135_pred_lesion.nii.gz
scan_0135,probability_average,none,0.2,3,nan,0.1,0,1,1,0.0,0,nan,-1,nan,-1,nan,-1,-1,nan,-1,/data/data/DA25S005/miccai_tbi/MultiTalentV2_finetuning/checkpoints/validation2025_100/ensemble_2_models_e5ohnz5w_tta_ddp_kpcyjb66_tta_hybrid/predicted_lesions/thr0p2_mincc3/scan_0135_pred_lesion.nii.gz
scan_0135,probability_average,none,0.2,5,nan,0.1,0,1,1,0.0,0,nan,-1,nan,-1,nan,-1,-1,nan,-1,/data/data/DA25S005/miccai_tbi/MultiTalentV2_finetuning/checkpoints/validation2025_100/ensemble_2_models_e5ohnz5w_tta_ddp_kpcyjb66_tta_hybrid/predicted_lesions/thr0p2_mincc5/scan_0135_pred_lesion.nii.gz
scan_0135,probability_average,none,0.2,10,nan,0.1,0,1,1,0.0,0,nan,-1,nan,-1,nan,-1,-1,nan,-1,/data/data/DA25S005/miccai_tbi/MultiTalentV2_finetuning/checkpoints/validation2025_100/ensemble_2_models_e5ohnz5w_tta_ddp_kpcyjb66_tta_hybrid/predicted_lesions/thr0p2_mincc10/scan_0135_pred_lesion.nii.gz
scan_0135,probability_average,none,0.2,20,nan,0.1,0,1,1,0.0,0,nan,-1,nan,-1,nan,-1,-1,nan,-1,/data/data/DA25S005/miccai_tbi/MultiTalentV2_finetuning/checkpoints/validation2025_100/ensemble_2_models_e5ohnz5w_tta_ddp_kpcyjb66_tta_hybrid/predicted_lesions/thr0p2_mincc20/scan_0135_pred_lesion.nii.gz
scan_0135,probability_average,none,0.2,40,nan,0.1,0,1,1,0.0,0,nan,-1,nan,-1,nan,-1,-1,nan,-1,/data/data/DA25S005/miccai_tbi/MultiTalentV2_finetuning/checkpoints/validation2025_100/ensemble_2_models_e5ohnz5w_tta_ddp_kpcyjb66_tta_hybrid/predicted_lesions/thr0p2_mincc40/scan_0135_pred_lesion.nii.gz
scan_0135,probability_average,none,0.3,0,nan,0.1,0,1,1,0.0,0,nan,-1,nan,-1,nan,-1,-1,nan,-1,/data/data/DA25S005/miccai_tbi/MultiTalentV2_finetuning/checkpoints/validation2025_100/ensemble_2_models_e5ohnz5w_tta_ddp_kpcyjb66_tta_hybrid/predicted_lesions/thr0p3_mincc0/scan_0135_pred_lesion.nii.gz
scan_0135,probability_average,none,0.3,3,nan,0.1,0,1,1,0.0,0,nan,-1,nan,-1,nan,-1,-1,nan,-1,/data/data/DA25S005/miccai_tbi/MultiTalentV2_finetuning/checkpoints/validation2025_100/ensemble_2_models_e5ohnz5w_tta_ddp_kpcyjb66_tta_hybrid/predicted_lesions/thr0p3_mincc3/scan_0135_pred_lesion.nii.gz
scan_0135,probability_average,none,0.3,5,nan,0.1,0,1,1,0.0,0,nan,-1,nan,-1,nan,-1,-1,nan,-1,/data/data/DA25S005/miccai_tbi/MultiTalentV2_finetuning/checkpoints/validation2025_100/ensemble_2_models_e5ohnz5w_tta_ddp_kpcyjb66_tta_hybrid/predicted_lesions/thr0p3_mincc5/scan_0135_pred_lesion.nii.gz
scan_0135,probability_average,none,0.3,10,nan,0.1,0,1,1,0.0,0,nan,-1,nan,-1,nan,-1,-1,nan,-1,/data/data/DA25S005/miccai_tbi/MultiTalentV2_finetuning/checkpoints/validation2025_100/ensemble_2_models_e5ohnz5w_tta_ddp_kpcyjb66_tta_hybrid/predicted_lesions/thr0p3_mincc10/scan_0135_pred_lesion.nii.gz
scan_0135,probability_average,none,0.3,20,nan,0.1,0,1,1,0.0,0,nan,-1,nan,-1,nan,-1,-1,nan,-1,/data/data/DA25S005/miccai_tbi/MultiTalentV2_finetuning/checkpoints/validation2025_100/ensemble_2_models_e5ohnz5w_tta_ddp_kpcyjb66_tta_hybrid/predicted_lesions/thr0p3_mincc20/scan_0135_pred_lesion.nii.gz
scan_0135,probability_average,none,0.3,40,nan,0.1,0,1,1,0.0,0,nan,-1,nan,-1,nan,-1,-1,nan,-1,/data/data/DA25S005/miccai_tbi/MultiTalentV2_finetuning/checkpoints/validation2025_100/ensemble_2_models_e5ohnz5w_tta_ddp_kpcyjb66_tta_hybrid/predicted_lesions/thr0p3_mincc40/scan_0135_pred_lesion.nii.gz
scan_0135,probability_average,none,0.4,0,nan,0.1,0,1,1,0.0,0,nan,-1,nan,-1,nan,-1,-1,nan,-1,/data/data/DA25S005/miccai_tbi/MultiTalentV2_finetuning/checkpoints/validation2025_100/ensemble_2_models_e5ohnz5w_tta_ddp_kpcyjb66_tta_hybrid/predicted_lesions/thr0p4_mincc0/scan_0135_pred_lesion.nii.gz
scan_0135,probability_average,none,0.4,3,nan,0.1,0,1,1,0.0,0,nan,-1,nan,-1,nan,-1,-1,nan,-1,/data/data/DA25S005/miccai_tbi/MultiTalentV2_finetuning/checkpoints/validation2025_100/ensemble_2_models_e5ohnz5w_tta_ddp_kpcyjb66_tta_hybrid/predicted_lesions/thr0p4_mincc3/scan_0135_pred_lesion.nii.gz
scan_0135,probability_average,none,0.4,5,nan,0.1,0,1,1,0.0,0,nan,-1,nan,-1,nan,-1,-1,nan,-1,/data/data/DA25S005/miccai_tbi/MultiTalentV2_finetuning/checkpoints/validation2025_100/ensemble_2_models_e5ohnz5w_tta_ddp_kpcyjb66_tta_hybrid/predicted_lesions/thr0p4_mincc5/scan_0135_pred_lesion.nii.gz
scan_0135,probability_average,none,0.4,10,nan,0.1,0,1,1,0.0,0,nan,-1,nan,-1,nan,-1,-1,nan,-1,/data/data/DA25S005/miccai_tbi/MultiTalentV2_finetuning/checkpoints/validation2025_100/ensemble_2_models_e5ohnz5w_tta_ddp_kpcyjb66_tta_hybrid/predicted_lesions/thr0p4_mincc10/scan_0135_pred_lesion.nii.gz
scan_0135,probability_average,none,0.4,20,nan,0.1,0,1,1,0.0,0,nan,-1,nan,-1,nan,-1,-1,nan,-1,/data/data/DA25S005/miccai_tbi/MultiTalentV2_finetuning/checkpoints/validation2025_100/ensemble_2_models_e5ohnz5w_tta_ddp_kpcyjb66_tta_hybrid/predicted_lesions/thr0p4_mincc20/scan_0135_pred_lesion.nii.gz
scan_0135,probability_average,none,0.4,40,nan,0.1,0,1,1,0.0,0,nan,-1,nan,-1,nan,-1,-1,nan,-1,/data/data/DA25S005/miccai_tbi/MultiTalentV2_finetuning/checkpoints/validation2025_100/ensemble_2_models_e5ohnz5w_tta_ddp_kpcyjb66_tta_hybrid/predicted_lesions/thr0p4_mincc40/scan_0135_pred_lesion.nii.gz
scan_0135,probability_average,none,0.5,0,nan,0.1,0,1,1,0.0,0,nan,-1,nan,-1,nan,-1,-1,nan,-1,/data/data/DA25S005/miccai_tbi/MultiTalentV2_finetuning/checkpoints/validation2025_100/ensemble_2_models_e5ohnz5w_tta_ddp_kpcyjb66_tta_hybrid/predicted_lesions/thr0p5_mincc0/scan_0135_pred_lesion.nii.gz
scan_0135,probability_average,none,0.5,3,nan,0.1,0,1,1,0.0,0,nan,-1,nan,-1,nan,-1,-1,nan,-1,/data/data/DA25S005/miccai_tbi/MultiTalentV2_finetuning/checkpoints/validation2025_100/ensemble_2_models_e5ohnz5w_tta_ddp_kpcyjb66_tta_hybrid/predicted_lesions/thr0p5_mincc3/scan_0135_pred_lesion.nii.gz
scan_0135,probability_average,none,0.5,5,nan,0.1,0,1,1,0.0,0,nan,-1,nan,-1,nan,-1,-1,nan,-1,/data/data/DA25S005/miccai_tbi/MultiTalentV2_finetuning/checkpoints/validation2025_100/ensemble_2_models_e5ohnz5w_tta_ddp_kpcyjb66_tta_hybrid/predicted_lesions/thr0p5_mincc5/scan_0135_pred_lesion.nii.gz
scan_0135,probability_average,none,0.5,10,nan,0.1,0,1,1,0.0,0,nan,-1,nan,-1,nan,-1,-1,nan,-1,/data/data/DA25S005/miccai_tbi/MultiTalentV2_finetuning/checkpoints/validation2025_100/ensemble_2_models_e5ohnz5w_tta_ddp_kpcyjb66_tta_hybrid/predicted_lesions/thr0p5_mincc10/scan_0135_pred_lesion.nii.gz
scan_0135,probability_average,none,0.5,20,nan,0.1,0,1,1,0.0,0,nan,-1,nan,-1,nan,-1,-1,nan,-1,/data/data/DA25S005/miccai_tbi/MultiTalentV2_finetuning/checkpoints/validation2025_100/ensemble_2_models_e5ohnz5w_tta_ddp_kpcyjb66_tta_hybrid/predicted_lesions/thr0p5_mincc20/scan_0135_pred_lesion.nii.gz
scan_0135,probability_average,none,0.5,40,nan,0.1,0,1,1,0.0,0,nan,-1,nan,-1,nan,-1,-1,nan,-1,/data/data/DA25S005/miccai_tbi/MultiTalentV2_finetuning/checkpoints/validation2025_100/ensemble_2_models_e5ohnz5w_tta_ddp_kpcyjb66_tta_hybrid/predicted_lesions/thr0p5_mincc40/scan_0135_pred_lesion.nii.gz
scan_0136,probability_average,none,0.1,0,nan,0.1,0,1,1,0.0,0,nan,-1,nan,-1,nan,-1,-1,nan,-1,/data/data/DA25S005/miccai_tbi/MultiTalentV2_finetuning/checkpoints/validation2025_100/ensemble_2_models_e5ohnz5w_tta_ddp_kpcyjb66_tta_hybrid/predicted_lesions/thr0p1_mincc0/scan_0136_pred_lesion.nii.gz
scan_0136,probability_average,none,0.1,3,nan,0.1,0,1,1,0.0,0,nan,-1,nan,-1,nan,-1,-1,nan,-1,/data/data/DA25S005/miccai_tbi/MultiTalentV2_finetuning/checkpoints/validation2025_100/ensemble_2_models_e5ohnz5w_tta_ddp_kpcyjb66_tta_hybrid/predicted_lesions/thr0p1_mincc3/scan_0136_pred_lesion.nii.gz
scan_0136,probability_average,none,0.1,5,nan,0.1,0,1,1,0.0,0,nan,-1,nan,-1,nan,-1,-1,nan,-1,/data/data/DA25S005/miccai_tbi/MultiTalentV2_finetuning/checkpoints/validation2025_100/ensemble_2_models_e5ohnz5w_tta_ddp_kpcyjb66_tta_hybrid/predicted_lesions/thr0p1_mincc5/scan_0136_pred_lesion.nii.gz
scan_0136,probability_average,none,0.1,10,nan,0.1,0,1,1,0.0,0,nan,-1,nan,-1,nan,-1,-1,nan,-1,/data/data/DA25S005/miccai_tbi/MultiTalentV2_finetuning/checkpoints/validation2025_100/ensemble_2_models_e5ohnz5w_tta_ddp_kpcyjb66_tta_hybrid/predicted_lesions/thr0p1_mincc10/scan_0136_pred_lesion.nii.gz
scan_0136,probability_average,none,0.1,20,nan,0.1,0,1,1,0.0,0,nan,-1,nan,-1,nan,-1,-1,nan,-1,/data/data/DA25S005/miccai_tbi/MultiTalentV2_finetuning/checkpoints/validation2025_100/ensemble_2_models_e5ohnz5w_tta_ddp_kpcyjb66_tta_hybrid/predicted_lesions/thr0p1_mincc20/scan_0136_pred_lesion.nii.gz
scan_0136,probability_average,none,0.1,40,nan,0.1,0,1,1,0.0,0,nan,-1,nan,-1,nan,-1,-1,nan,-1,/data/data/DA25S005/miccai_tbi/MultiTalentV2_finetuning/checkpoints/validation2025_100/ensemble_2_models_e5ohnz5w_tta_ddp_kpcyjb66_tta_hybrid/predicted_lesions/thr0p1_mincc40/scan_0136_pred_lesion.nii.gz
scan_0136,probability_average,none,0.2,0,nan,0.1,0,1,1,0.0,0,nan,-1,nan,-1,nan,-1,-1,nan,-1,/data/data/DA25S005/miccai_tbi/MultiTalentV2_finetuning/checkpoints/validation2025_100/ensemble_2_models_e5ohnz5w_tta_ddp_kpcyjb66_tta_hybrid/predicted_lesions/thr0p2_mincc0/scan_0136_pred_lesion.nii.gz
scan_0136,probability_average,none,0.2,3,nan,0.1,0,1,1,0.0,0,nan,-1,nan,-1,nan,-1,-1,nan,-1,/data/data/DA25S005/miccai_tbi/MultiTalentV2_finetuning/checkpoints/validation2025_100/ensemble_2_models_e5ohnz5w_tta_ddp_kpcyjb66_tta_hybrid/predicted_lesions/thr0p2_mincc3/scan_0136_pred_lesion.nii.gz
scan_0136,probability_average,none,0.2,5,nan,0.1,0,1,1,0.0,0,nan,-1,nan,-1,nan,-1,-1,nan,-1,/data/data/DA25S005/miccai_tbi/MultiTalentV2_finetuning/checkpoints/validation2025_100/ensemble_2_models_e5ohnz5w_tta_ddp_kpcyjb66_tta_hybrid/predicted_lesions/thr0p2_mincc5/scan_0136_pred_lesion.nii.gz
scan_0136,probability_average,none,0.2,10,nan,0.1,0,1,1,0.0,0,nan,-1,nan,-1,nan,-1,-1,nan,-1,/data/data/DA25S005/miccai_tbi/MultiTalentV2_finetuning/checkpoints/validation2025_100/ensemble_2_models_e5ohnz5w_tta_ddp_kpcyjb66_tta_hybrid/predicted_lesions/thr0p2_mincc10/scan_0136_pred_lesion.nii.gz
scan_0136,probability_average,none,0.2,20,nan,0.1,0,1,1,0.0,0,nan,-1,nan,-1,nan,-1,-1,nan,-1,/data/data/DA25S005/miccai_tbi/MultiTalentV2_finetuning/checkpoints/validation2025_100/ensemble_2_models_e5ohnz5w_tta_ddp_kpcyjb66_tta_hybrid/predicted_lesions/thr0p2_mincc20/scan_0136_pred_lesion.nii.gz
scan_0136,probability_average,none,0.2,40,nan,0.1,0,1,1,0.0,0,nan,-1,nan,-1,nan,-1,-1,nan,-1,/data/data/DA25S005/miccai_tbi/MultiTalentV2_finetuning/checkpoints/validation2025_100/ensemble_2_models_e5ohnz5w_tta_ddp_kpcyjb66_tta_hybrid/predicted_lesions/thr0p2_mincc40/scan_0136_pred_lesion.nii.gz
scan_0136,probability_average,none,0.3,0,nan,0.1,0,1,1,0.0,0,nan,-1,nan,-1,nan,-1,-1,nan,-1,/data/data/DA25S005/miccai_tbi/MultiTalentV2_finetuning/checkpoints/validation2025_100/ensemble_2_models_e5ohnz5w_tta_ddp_kpcyjb66_tta_hybrid/predicted_lesions/thr0p3_mincc0/scan_0136_pred_lesion.nii.gz
scan_0136,probability_average,none,0.3,3,nan,0.1,0,1,1,0.0,0,nan,-1,nan,-1,nan,-1,-1,nan,-1,/data/data/DA25S005/miccai_tbi/MultiTalentV2_finetuning/checkpoints/validation2025_100/ensemble_2_models_e5ohnz5w_tta_ddp_kpcyjb66_tta_hybrid/predicted_lesions/thr0p3_mincc3/scan_0136_pred_lesion.nii.gz
scan_0136,probability_average,none,0.3,5,nan,0.1,0,1,1,0.0,0,nan,-1,nan,-1,nan,-1,-1,nan,-1,/data/data/DA25S005/miccai_tbi/MultiTalentV2_finetuning/checkpoints/validation2025_100/ensemble_2_models_e5ohnz5w_tta_ddp_kpcyjb66_tta_hybrid/predicted_lesions/thr0p3_mincc5/scan_0136_pred_lesion.nii.gz
scan_0136,probability_average,none,0.3,10,nan,0.1,0,1,1,0.0,0,nan,-1,nan,-1,nan,-1,-1,nan,-1,/data/data/DA25S005/miccai_tbi/MultiTalentV2_finetuning/checkpoints/validation2025_100/ensemble_2_models_e5ohnz5w_tta_ddp_kpcyjb66_tta_hybrid/predicted_lesions/thr0p3_mincc10/scan_0136_pred_lesion.nii.gz
scan_0136,probability_average,none,0.3,20,nan,0.1,0,1,1,0.0,0,nan,-1,nan,-1,nan,-1,-1,nan,-1,/data/data/DA25S005/miccai_tbi/MultiTalentV2_finetuning/checkpoints/validation2025_100/ensemble_2_models_e5ohnz5w_tta_ddp_kpcyjb66_tta_hybrid/predicted_lesions/thr0p3_mincc20/scan_0136_pred_lesion.nii.gz
scan_0136,probability_average,none,0.3,40,nan,0.1,0,1,1,0.0,0,nan,-1,nan,-1,nan,-1,-1,nan,-1,/data/data/DA25S005/miccai_tbi/MultiTalentV2_finetuning/checkpoints/validation2025_100/ensemble_2_models_e5ohnz5w_tta_ddp_kpcyjb66_tta_hybrid/predicted_lesions/thr0p3_mincc40/scan_0136_pred_lesion.nii.gz
scan_0136,probability_average,none,0.4,0,nan,0.1,0,1,1,0.0,0,nan,-1,nan,-1,nan,-1,-1,nan,-1,/data/data/DA25S005/miccai_tbi/MultiTalentV2_finetuning/checkpoints/validation2025_100/ensemble_2_models_e5ohnz5w_tta_ddp_kpcyjb66_tta_hybrid/predicted_lesions/thr0p4_mincc0/scan_0136_pred_lesion.nii.gz
scan_0136,probability_average,none,0.4,3,nan,0.1,0,1,1,0.0,0,nan,-1,nan,-1,nan,-1,-1,nan,-1,/data/data/DA25S005/miccai_tbi/MultiTalentV2_finetuning/checkpoints/validation2025_100/ensemble_2_models_e5ohnz5w_tta_ddp_kpcyjb66_tta_hybrid/predicted_lesions/thr0p4_mincc3/scan_0136_pred_lesion.nii.gz
scan_0136,probability_average,none,0.4,5,nan,0.1,0,1,1,0.0,0,nan,-1,nan,-1,nan,-1,-1,nan,-1,/data/data/DA25S005/miccai_tbi/MultiTalentV2_finetuning/checkpoints/validation2025_100/ensemble_2_models_e5ohnz5w_tta_ddp_kpcyjb66_tta_hybrid/predicted_lesions/thr0p4_mincc5/scan_0136_pred_lesion.nii.gz
scan_0136,probability_average,none,0.4,10,nan,0.1,0,1,1,0.0,0,nan,-1,nan,-1,nan,-1,-1,nan,-1,/data/data/DA25S005/miccai_tbi/MultiTalentV2_finetuning/checkpoints/validation2025_100/ensemble_2_models_e5ohnz5w_tta_ddp_kpcyjb66_tta_hybrid/predicted_lesions/thr0p4_mincc10/scan_0136_pred_lesion.nii.gz
scan_0136,probability_average,none,0.4,20,nan,0.1,0,1,1,0.0,0,nan,-1,nan,-1,nan,-1,-1,nan,-1,/data/data/DA25S005/miccai_tbi/MultiTalentV2_finetuning/checkpoints/validation2025_100/ensemble_2_models_e5ohnz5w_tta_ddp_kpcyjb66_tta_hybrid/predicted_lesions/thr0p4_mincc20/scan_0136_pred_lesion.nii.gz
scan_0136,probability_average,none,0.4,40,nan,0.1,0,1,1,0.0,0,nan,-1,nan,-1,nan,-1,-1,nan,-1,/data/data/DA25S005/miccai_tbi/MultiTalentV2_finetuning/checkpoints/validation2025_100/ensemble_2_models_e5ohnz5w_tta_ddp_kpcyjb66_tta_hybrid/predicted_lesions/thr0p4_mincc40/scan_0136_pred_lesion.nii.gz
scan_0136,probability_average,none,0.5,0,nan,0.1,0,1,1,0.0,0,nan,-1,nan,-1,nan,-1,-1,nan,-1,/data/data/DA25S005/miccai_tbi/MultiTalentV2_finetuning/checkpoints/validation2025_100/ensemble_2_models_e5ohnz5w_tta_ddp_kpcyjb66_tta_hybrid/predicted_lesions/thr0p5_mincc0/scan_0136_pred_lesion.nii.gz
scan_0136,probability_average,none,0.5,3,nan,0.1,0,1,1,0.0,0,nan,-1,nan,-1,nan,-1,-1,nan,-1,/data/data/DA25S005/miccai_tbi/MultiTalentV2_finetuning/checkpoints/validation2025_100/ensemble_2_models_e5ohnz5w_tta_ddp_kpcyjb66_tta_hybrid/predicted_lesions/thr0p5_mincc3/scan_0136_pred_lesion.nii.gz
scan_0136,probability_average,none,0.5,5,nan,0.1,0,1,1,0.0,0,nan,-1,nan,-1,nan,-1,-1,nan,-1,/data/data/DA25S005/miccai_tbi/MultiTalentV2_finetuning/checkpoints/validation2025_100/ensemble_2_models_e5ohnz5w_tta_ddp_kpcyjb66_tta_hybrid/predicted_lesions/thr0p5_mincc5/scan_0136_pred_lesion.nii.gz
scan_0136,probability_average,none,0.5,10,nan,0.1,0,1,1,0.0,0,nan,-1,nan,-1,nan,-1,-1,nan,-1,/data/data/DA25S005/miccai_tbi/MultiTalentV2_finetuning/checkpoints/validation2025_100/ensemble_2_models_e5ohnz5w_tta_ddp_kpcyjb66_tta_hybrid/predicted_lesions/thr0p5_mincc10/scan_0136_pred_lesion.nii.gz
scan_0136,probability_average,none,0.5,20,nan,0.1,0,1,1,0.0,0,nan,-1,nan,-1,nan,-1,-1,nan,-1,/data/data/DA25S005/miccai_tbi/MultiTalentV2_finetuning/checkpoints/validation2025_100/ensemble_2_models_e5ohnz5w_tta_ddp_kpcyjb66_tta_hybrid/predicted_lesions/thr0p5_mincc20/scan_0136_pred_lesion.nii.gz
scan_0136,probability_average,none,0.5,40,nan,0.1,0,1,1,0.0,0,nan,-1,nan,-1,nan,-1,-1,nan,-1,/data/data/DA25S005/miccai_tbi/MultiTalentV2_finetuning/checkpoints/validation2025_100/ensemble_2_models_e5ohnz5w_tta_ddp_kpcyjb66_tta_hybrid/predicted_lesions/thr0p5_mincc40/scan_0136_pred_lesion.nii.gz
scan_0137,probability_average,none,0.1,0,nan,0.1,0,1,1,0.0,0,nan,-1,nan,-1,nan,-1,-1,nan,-1,/data/data/DA25S005/miccai_tbi/MultiTalentV2_finetuning/checkpoints/validation2025_100/ensemble_2_models_e5ohnz5w_tta_ddp_kpcyjb66_tta_hybrid/predicted_lesions/thr0p1_mincc0/scan_0137_pred_lesion.nii.gz
scan_0137,probability_average,none,0.1,3,nan,0.1,0,1,1,0.0,0,nan,-1,nan,-1,nan,-1,-1,nan,-1,/data/data/DA25S005/miccai_tbi/MultiTalentV2_finetuning/checkpoints/validation2025_100/ensemble_2_models_e5ohnz5w_tta_ddp_kpcyjb66_tta_hybrid/predicted_lesions/thr0p1_mincc3/scan_0137_pred_lesion.nii.gz
scan_0137,probability_average,none,0.1,5,nan,0.1,0,1,1,0.0,0,nan,-1,nan,-1,nan,-1,-1,nan,-1,/data/data/DA25S005/miccai_tbi/MultiTalentV2_finetuning/checkpoints/validation2025_100/ensemble_2_models_e5ohnz5w_tta_ddp_kpcyjb66_tta_hybrid/predicted_lesions/thr0p1_mincc5/scan_0137_pred_lesion.nii.gz
scan_0137,probability_average,none,0.1,10,nan,0.1,0,1,1,0.0,0,nan,-1,nan,-1,nan,-1,-1,nan,-1,/data/data/DA25S005/miccai_tbi/MultiTalentV2_finetuning/checkpoints/validation2025_100/ensemble_2_models_e5ohnz5w_tta_ddp_kpcyjb66_tta_hybrid/predicted_lesions/thr0p1_mincc10/scan_0137_pred_lesion.nii.gz
scan_0137,probability_average,none,0.1,20,nan,0.1,0,1,1,0.0,0,nan,-1,nan,-1,nan,-1,-1,nan,-1,/data/data/DA25S005/miccai_tbi/MultiTalentV2_finetuning/checkpoints/validation2025_100/ensemble_2_models_e5ohnz5w_tta_ddp_kpcyjb66_tta_hybrid/predicted_lesions/thr0p1_mincc20/scan_0137_pred_lesion.nii.gz
scan_0137,probability_average,none,0.1,40,nan,0.1,0,1,1,0.0,0,nan,-1,nan,-1,nan,-1,-1,nan,-1,/data/data/DA25S005/miccai_tbi/MultiTalentV2_finetuning/checkpoints/validation2025_100/ensemble_2_models_e5ohnz5w_tta_ddp_kpcyjb66_tta_hybrid/predicted_lesions/thr0p1_mincc40/scan_0137_pred_lesion.nii.gz
scan_0137,probability_average,none,0.2,0,nan,0.1,0,1,1,0.0,0,nan,-1,nan,-1,nan,-1,-1,nan,-1,/data/data/DA25S005/miccai_tbi/MultiTalentV2_finetuning/checkpoints/validation2025_100/ensemble_2_models_e5ohnz5w_tta_ddp_kpcyjb66_tta_hybrid/predicted_lesions/thr0p2_mincc0/scan_0137_pred_lesion.nii.gz
scan_0137,probability_average,none,0.2,3,nan,0.1,0,1,1,0.0,0,nan,-1,nan,-1,nan,-1,-1,nan,-1,/data/data/DA25S005/miccai_tbi/MultiTalentV2_finetuning/checkpoints/validation2025_100/ensemble_2_models_e5ohnz5w_tta_ddp_kpcyjb66_tta_hybrid/predicted_lesions/thr0p2_mincc3/scan_0137_pred_lesion.nii.gz
scan_0137,probability_average,none,0.2,5,nan,0.1,0,1,1,0.0,0,nan,-1,nan,-1,nan,-1,-1,nan,-1,/data/data/DA25S005/miccai_tbi/MultiTalentV2_finetuning/checkpoints/validation2025_100/ensemble_2_models_e5ohnz5w_tta_ddp_kpcyjb66_tta_hybrid/predicted_lesions/thr0p2_mincc5/scan_0137_pred_lesion.nii.gz
scan_0137,probability_average,none,0.2,10,nan,0.1,0,1,1,0.0,0,nan,-1,nan,-1,nan,-1,-1,nan,-1,/data/data/DA25S005/miccai_tbi/MultiTalentV2_finetuning/checkpoints/validation2025_100/ensemble_2_models_e5ohnz5w_tta_ddp_kpcyjb66_tta_hybrid/predicted_lesions/thr0p2_mincc10/scan_0137_pred_lesion.nii.gz
scan_0137,probability_average,none,0.2,20,nan,0.1,0,1,1,0.0,0,nan,-1,nan,-1,nan,-1,-1,nan,-1,/data/data/DA25S005/miccai_tbi/MultiTalentV2_finetuning/checkpoints/validation2025_100/ensemble_2_models_e5ohnz5w_tta_ddp_kpcyjb66_tta_hybrid/predicted_lesions/thr0p2_mincc20/scan_0137_pred_lesion.nii.gz
scan_0137,probability_average,none,0.2,40,nan,0.1,0,1,1,0.0,0,nan,-1,nan,-1,nan,-1,-1,nan,-1,/data/data/DA25S005/miccai_tbi/MultiTalentV2_finetuning/checkpoints/validation2025_100/ensemble_2_models_e5ohnz5w_tta_ddp_kpcyjb66_tta_hybrid/predicted_lesions/thr0p2_mincc40/scan_0137_pred_lesion.nii.gz
scan_0137,probability_average,none,0.3,0,nan,0.1,0,1,1,0.0,0,nan,-1,nan,-1,nan,-1,-1,nan,-1,/data/data/DA25S005/miccai_tbi/MultiTalentV2_finetuning/checkpoints/validation2025_100/ensemble_2_models_e5ohnz5w_tta_ddp_kpcyjb66_tta_hybrid/predicted_lesions/thr0p3_mincc0/scan_0137_pred_lesion.nii.gz
scan_0137,probability_average,none,0.3,3,nan,0.1,0,1,1,0.0,0,nan,-1,nan,-1,nan,-1,-1,nan,-1,/data/data/DA25S005/miccai_tbi/MultiTalentV2_finetuning/checkpoints/validation2025_100/ensemble_2_models_e5ohnz5w_tta_ddp_kpcyjb66_tta_hybrid/predicted_lesions/thr0p3_mincc3/scan_0137_pred_lesion.nii.gz
scan_0137,probability_average,none,0.3,5,nan,0.1,0,1,1,0.0,0,nan,-1,nan,-1,nan,-1,-1,nan,-1,/data/data/DA25S005/miccai_tbi/MultiTalentV2_finetuning/checkpoints/validation2025_100/ensemble_2_models_e5ohnz5w_tta_ddp_kpcyjb66_tta_hybrid/predicted_lesions/thr0p3_mincc5/scan_0137_pred_lesion.nii.gz
scan_0137,probability_average,none,0.3,10,nan,0.1,0,1,1,0.0,0,nan,-1,nan,-1,nan,-1,-1,nan,-1,/data/data/DA25S005/miccai_tbi/MultiTalentV2_finetuning/checkpoints/validation2025_100/ensemble_2_models_e5ohnz5w_tta_ddp_kpcyjb66_tta_hybrid/predicted_lesions/thr0p3_mincc10/scan_0137_pred_lesion.nii.gz
scan_0137,probability_average,none,0.3,20,nan,0.1,0,1,1,0.0,0,nan,-1,nan,-1,nan,-1,-1,nan,-1,/data/data/DA25S005/miccai_tbi/MultiTalentV2_finetuning/checkpoints/validation2025_100/ensemble_2_models_e5ohnz5w_tta_ddp_kpcyjb66_tta_hybrid/predicted_lesions/thr0p3_mincc20/scan_0137_pred_lesion.nii.gz
scan_0137,probability_average,none,0.3,40,nan,0.1,0,1,1,0.0,0,nan,-1,nan,-1,nan,-1,-1,nan,-1,/data/data/DA25S005/miccai_tbi/MultiTalentV2_finetuning/checkpoints/validation2025_100/ensemble_2_models_e5ohnz5w_tta_ddp_kpcyjb66_tta_hybrid/predicted_lesions/thr0p3_mincc40/scan_0137_pred_lesion.nii.gz
scan_0137,probability_average,none,0.4,0,nan,0.1,0,1,1,0.0,0,nan,-1,nan,-1,nan,-1,-1,nan,-1,/data/data/DA25S005/miccai_tbi/MultiTalentV2_finetuning/checkpoints/validation2025_100/ensemble_2_models_e5ohnz5w_tta_ddp_kpcyjb66_tta_hybrid/predicted_lesions/thr0p4_mincc0/scan_0137_pred_lesion.nii.gz
scan_0137,probability_average,none,0.4,3,nan,0.1,0,1,1,0.0,0,nan,-1,nan,-1,nan,-1,-1,nan,-1,/data/data/DA25S005/miccai_tbi/MultiTalentV2_finetuning/checkpoints/validation2025_100/ensemble_2_models_e5ohnz5w_tta_ddp_kpcyjb66_tta_hybrid/predicted_lesions/thr0p4_mincc3/scan_0137_pred_lesion.nii.gz
scan_0137,probability_average,none,0.4,5,nan,0.1,0,1,1,0.0,0,nan,-1,nan,-1,nan,-1,-1,nan,-1,/data/data/DA25S005/miccai_tbi/MultiTalentV2_finetuning/checkpoints/validation2025_100/ensemble_2_models_e5ohnz5w_tta_ddp_kpcyjb66_tta_hybrid/predicted_lesions/thr0p4_mincc5/scan_0137_pred_lesion.nii.gz
scan_0137,probability_average,none,0.4,10,nan,0.1,0,1,1,0.0,0,nan,-1,nan,-1,nan,-1,-1,nan,-1,/data/data/DA25S005/miccai_tbi/MultiTalentV2_finetuning/checkpoints/validation2025_100/ensemble_2_models_e5ohnz5w_tta_ddp_kpcyjb66_tta_hybrid/predicted_lesions/thr0p4_mincc10/scan_0137_pred_lesion.nii.gz
scan_0137,probability_average,none,0.4,20,nan,0.1,0,1,1,0.0,0,nan,-1,nan,-1,nan,-1,-1,nan,-1,/data/data/DA25S005/miccai_tbi/MultiTalentV2_finetuning/checkpoints/validation2025_100/ensemble_2_models_e5ohnz5w_tta_ddp_kpcyjb66_tta_hybrid/predicted_lesions/thr0p4_mincc20/scan_0137_pred_lesion.nii.gz
scan_0137,probability_average,none,0.4,40,nan,0.1,0,1,1,0.0,0,nan,-1,nan,-1,nan,-1,-1,nan,-1,/data/data/DA25S005/miccai_tbi/MultiTalentV2_finetuning/checkpoints/validation2025_100/ensemble_2_models_e5ohnz5w_tta_ddp_kpcyjb66_tta_hybrid/predicted_lesions/thr0p4_mincc40/scan_0137_pred_lesion.nii.gz
scan_0137,probability_average,none,0.5,0,nan,0.1,0,1,1,0.0,0,nan,-1,nan,-1,nan,-1,-1,nan,-1,/data/data/DA25S005/miccai_tbi/MultiTalentV2_finetuning/checkpoints/validation2025_100/ensemble_2_models_e5ohnz5w_tta_ddp_kpcyjb66_tta_hybrid/predicted_lesions/thr0p5_mincc0/scan_0137_pred_lesion.nii.gz
scan_0137,probability_average,none,0.5,3,nan,0.1,0,1,1,0.0,0,nan,-1,nan,-1,nan,-1,-1,nan,-1,/data/data/DA25S005/miccai_tbi/MultiTalentV2_finetuning/checkpoints/validation2025_100/ensemble_2_models_e5ohnz5w_tta_ddp_kpcyjb66_tta_hybrid/predicted_lesions/thr0p5_mincc3/scan_0137_pred_lesion.nii.gz
scan_0137,probability_average,none,0.5,5,nan,0.1,0,1,1,0.0,0,nan,-1,nan,-1,nan,-1,-1,nan,-1,/data/data/DA25S005/miccai_tbi/MultiTalentV2_finetuning/checkpoints/validation2025_100/ensemble_2_models_e5ohnz5w_tta_ddp_kpcyjb66_tta_hybrid/predicted_lesions/thr0p5_mincc5/scan_0137_pred_lesion.nii.gz
scan_0137,probability_average,none,0.5,10,nan,0.1,0,1,1,0.0,0,nan,-1,nan,-1,nan,-1,-1,nan,-1,/data/data/DA25S005/miccai_tbi/MultiTalentV2_finetuning/checkpoints/validation2025_100/ensemble_2_models_e5ohnz5w_tta_ddp_kpcyjb66_tta_hybrid/predicted_lesions/thr0p5_mincc10/scan_0137_pred_lesion.nii.gz
scan_0137,probability_average,none,0.5,20,nan,0.1,0,1,1,0.0,0,nan,-1,nan,-1,nan,-1,-1,nan,-1,/data/data/DA25S005/miccai_tbi/MultiTalentV2_finetuning/checkpoints/validation2025_100/ensemble_2_models_e5ohnz5w_tta_ddp_kpcyjb66_tta_hybrid/predicted_lesions/thr0p5_mincc20/scan_0137_pred_lesion.nii.gz
scan_0137,probability_average,none,0.5,40,nan,0.1,0,1,1,0.0,0,nan,-1,nan,-1,nan,-1,-1,nan,-1,/data/data/DA25S005/miccai_tbi/MultiTalentV2_finetuning/checkpoints/validation2025_100/ensemble_2_models_e5ohnz5w_tta_ddp_kpcyjb66_tta_hybrid/predicted_lesions/thr0p5_mincc40/scan_0137_pred_lesion.nii.gz
scan_0143,probability_average,none,0.1,0,nan,0.1,0,1,1,0.0,0,nan,-1,nan,-1,nan,-1,-1,nan,-1,/data/data/DA25S005/miccai_tbi/MultiTalentV2_finetuning/checkpoints/validation2025_100/ensemble_2_models_e5ohnz5w_tta_ddp_kpcyjb66_tta_hybrid/predicted_lesions/thr0p1_mincc0/scan_0143_pred_lesion.nii.gz
scan_0143,probability_average,none,0.1,3,nan,0.1,0,1,1,0.0,0,nan,-1,nan,-1,nan,-1,-1,nan,-1,/data/data/DA25S005/miccai_tbi/MultiTalentV2_finetuning/checkpoints/validation2025_100/ensemble_2_models_e5ohnz5w_tta_ddp_kpcyjb66_tta_hybrid/predicted_lesions/thr0p1_mincc3/scan_0143_pred_lesion.nii.gz
scan_0143,probability_average,none,0.1,5,nan,0.1,0,1,1,0.0,0,nan,-1,nan,-1,nan,-1,-1,nan,-1,/data/data/DA25S005/miccai_tbi/MultiTalentV2_finetuning/checkpoints/validation2025_100/ensemble_2_models_e5ohnz5w_tta_ddp_kpcyjb66_tta_hybrid/predicted_lesions/thr0p1_mincc5/scan_0143_pred_lesion.nii.gz
scan_0143,probability_average,none,0.1,10,nan,0.1,0,1,1,0.0,0,nan,-1,nan,-1,nan,-1,-1,nan,-1,/data/data/DA25S005/miccai_tbi/MultiTalentV2_finetuning/checkpoints/validation2025_100/ensemble_2_models_e5ohnz5w_tta_ddp_kpcyjb66_tta_hybrid/predicted_lesions/thr0p1_mincc10/scan_0143_pred_lesion.nii.gz
scan_0143,probability_average,none,0.1,20,nan,0.1,0,1,1,0.0,0,nan,-1,nan,-1,nan,-1,-1,nan,-1,/data/data/DA25S005/miccai_tbi/MultiTalentV2_finetuning/checkpoints/validation2025_100/ensemble_2_models_e5ohnz5w_tta_ddp_kpcyjb66_tta_hybrid/predicted_lesions/thr0p1_mincc20/scan_0143_pred_lesion.nii.gz
scan_0143,probability_average,none,0.1,40,nan,0.1,0,1,1,0.0,0,nan,-1,nan,-1,nan,-1,-1,nan,-1,/data/data/DA25S005/miccai_tbi/MultiTalentV2_finetuning/checkpoints/validation2025_100/ensemble_2_models_e5ohnz5w_tta_ddp_kpcyjb66_tta_hybrid/predicted_lesions/thr0p1_mincc40/scan_0143_pred_lesion.nii.gz
scan_0143,probability_average,none,0.2,0,nan,0.1,0,1,1,0.0,0,nan,-1,nan,-1,nan,-1,-1,nan,-1,/data/data/DA25S005/miccai_tbi/MultiTalentV2_finetuning/checkpoints/validation2025_100/ensemble_2_models_e5ohnz5w_tta_ddp_kpcyjb66_tta_hybrid/predicted_lesions/thr0p2_mincc0/scan_0143_pred_lesion.nii.gz
scan_0143,probability_average,none,0.2,3,nan,0.1,0,1,1,0.0,0,nan,-1,nan,-1,nan,-1,-1,nan,-1,/data/data/DA25S005/miccai_tbi/MultiTalentV2_finetuning/checkpoints/validation2025_100/ensemble_2_models_e5ohnz5w_tta_ddp_kpcyjb66_tta_hybrid/predicted_lesions/thr0p2_mincc3/scan_0143_pred_lesion.nii.gz
scan_0143,probability_average,none,0.2,5,nan,0.1,0,1,1,0.0,0,nan,-1,nan,-1,nan,-1,-1,nan,-1,/data/data/DA25S005/miccai_tbi/MultiTalentV2_finetuning/checkpoints/validation2025_100/ensemble_2_models_e5ohnz5w_tta_ddp_kpcyjb66_tta_hybrid/predicted_lesions/thr0p2_mincc5/scan_0143_pred_lesion.nii.gz
scan_0143,probability_average,none,0.2,10,nan,0.1,0,1,1,0.0,0,nan,-1,nan,-1,nan,-1,-1,nan,-1,/data/data/DA25S005/miccai_tbi/MultiTalentV2_finetuning/checkpoints/validation2025_100/ensemble_2_models_e5ohnz5w_tta_ddp_kpcyjb66_tta_hybrid/predicted_lesions/thr0p2_mincc10/scan_0143_pred_lesion.nii.gz
scan_0143,probability_average,none,0.2,20,nan,0.1,0,1,1,0.0,0,nan,-1,nan,-1,nan,-1,-1,nan,-1,/data/data/DA25S005/miccai_tbi/MultiTalentV2_finetuning/checkpoints/validation2025_100/ensemble_2_models_e5ohnz5w_tta_ddp_kpcyjb66_tta_hybrid/predicted_lesions/thr0p2_mincc20/scan_0143_pred_lesion.nii.gz
scan_0143,probability_average,none,0.2,40,nan,0.1,0,1,1,0.0,0,nan,-1,nan,-1,nan,-1,-1,nan,-1,/data/data/DA25S005/miccai_tbi/MultiTalentV2_finetuning/checkpoints/validation2025_100/ensemble_2_models_e5ohnz5w_tta_ddp_kpcyjb66_tta_hybrid/predicted_lesions/thr0p2_mincc40/scan_0143_pred_lesion.nii.gz
scan_0143,probability_average,none,0.3,0,nan,0.1,0,1,1,0.0,0,nan,-1,nan,-1,nan,-1,-1,nan,-1,/data/data/DA25S005/miccai_tbi/MultiTalentV2_finetuning/checkpoints/validation2025_100/ensemble_2_models_e5ohnz5w_tta_ddp_kpcyjb66_tta_hybrid/predicted_lesions/thr0p3_mincc0/scan_0143_pred_lesion.nii.gz
scan_0143,probability_average,none,0.3,3,nan,0.1,0,1,1,0.0,0,nan,-1,nan,-1,nan,-1,-1,nan,-1,/data/data/DA25S005/miccai_tbi/MultiTalentV2_finetuning/checkpoints/validation2025_100/ensemble_2_models_e5ohnz5w_tta_ddp_kpcyjb66_tta_hybrid/predicted_lesions/thr0p3_mincc3/scan_0143_pred_lesion.nii.gz
scan_0143,probability_average,none,0.3,5,nan,0.1,0,1,1,0.0,0,nan,-1,nan,-1,nan,-1,-1,nan,-1,/data/data/DA25S005/miccai_tbi/MultiTalentV2_finetuning/checkpoints/validation2025_100/ensemble_2_models_e5ohnz5w_tta_ddp_kpcyjb66_tta_hybrid/predicted_lesions/thr0p3_mincc5/scan_0143_pred_lesion.nii.gz
scan_0143,probability_average,none,0.3,10,nan,0.1,0,1,1,0.0,0,nan,-1,nan,-1,nan,-1,-1,nan,-1,/data/data/DA25S005/miccai_tbi/MultiTalentV2_finetuning/checkpoints/validation2025_100/ensemble_2_models_e5ohnz5w_tta_ddp_kpcyjb66_tta_hybrid/predicted_lesions/thr0p3_mincc10/scan_0143_pred_lesion.nii.gz
scan_0143,probability_average,none,0.3,20,nan,0.1,0,1,1,0.0,0,nan,-1,nan,-1,nan,-1,-1,nan,-1,/data/data/DA25S005/miccai_tbi/MultiTalentV2_finetuning/checkpoints/validation2025_100/ensemble_2_models_e5ohnz5w_tta_ddp_kpcyjb66_tta_hybrid/predicted_lesions/thr0p3_mincc20/scan_0143_pred_lesion.nii.gz
scan_0143,probability_average,none,0.3,40,nan,0.1,0,1,1,0.0,0,nan,-1,nan,-1,nan,-1,-1,nan,-1,/data/data/DA25S005/miccai_tbi/MultiTalentV2_finetuning/checkpoints/validation2025_100/ensemble_2_models_e5ohnz5w_tta_ddp_kpcyjb66_tta_hybrid/predicted_lesions/thr0p3_mincc40/scan_0143_pred_lesion.nii.gz
scan_0143,probability_average,none,0.4,0,nan,0.1,0,1,1,0.0,0,nan,-1,nan,-1,nan,-1,-1,nan,-1,/data/data/DA25S005/miccai_tbi/MultiTalentV2_finetuning/checkpoints/validation2025_100/ensemble_2_models_e5ohnz5w_tta_ddp_kpcyjb66_tta_hybrid/predicted_lesions/thr0p4_mincc0/scan_0143_pred_lesion.nii.gz
scan_0143,probability_average,none,0.4,3,nan,0.1,0,1,1,0.0,0,nan,-1,nan,-1,nan,-1,-1,nan,-1,/data/data/DA25S005/miccai_tbi/MultiTalentV2_finetuning/checkpoints/validation2025_100/ensemble_2_models_e5ohnz5w_tta_ddp_kpcyjb66_tta_hybrid/predicted_lesions/thr0p4_mincc3/scan_0143_pred_lesion.nii.gz
scan_0143,probability_average,none,0.4,5,nan,0.1,0,1,1,0.0,0,nan,-1,nan,-1,nan,-1,-1,nan,-1,/data/data/DA25S005/miccai_tbi/MultiTalentV2_finetuning/checkpoints/validation2025_100/ensemble_2_models_e5ohnz5w_tta_ddp_kpcyjb66_tta_hybrid/predicted_lesions/thr0p4_mincc5/scan_0143_pred_lesion.nii.gz
scan_0143,probability_average,none,0.4,10,nan,0.1,0,1,1,0.0,0,nan,-1,nan,-1,nan,-1,-1,nan,-1,/data/data/DA25S005/miccai_tbi/MultiTalentV2_finetuning/checkpoints/validation2025_100/ensemble_2_models_e5ohnz5w_tta_ddp_kpcyjb66_tta_hybrid/predicted_lesions/thr0p4_mincc10/scan_0143_pred_lesion.nii.gz
scan_0143,probability_average,none,0.4,20,nan,0.1,0,1,1,0.0,0,nan,-1,nan,-1,nan,-1,-1,nan,-1,/data/data/DA25S005/miccai_tbi/MultiTalentV2_finetuning/checkpoints/validation2025_100/ensemble_2_models_e5ohnz5w_tta_ddp_kpcyjb66_tta_hybrid/predicted_lesions/thr0p4_mincc20/scan_0143_pred_lesion.nii.gz
scan_0143,probability_average,none,0.4,40,nan,0.1,0,1,1,0.0,0,nan,-1,nan,-1,nan,-1,-1,nan,-1,/data/data/DA25S005/miccai_tbi/MultiTalentV2_finetuning/checkpoints/validation2025_100/ensemble_2_models_e5ohnz5w_tta_ddp_kpcyjb66_tta_hybrid/predicted_lesions/thr0p4_mincc40/scan_0143_pred_lesion.nii.gz
scan_0143,probability_average,none,0.5,0,nan,0.1,0,1,1,0.0,0,nan,-1,nan,-1,nan,-1,-1,nan,-1,/data/data/DA25S005/miccai_tbi/MultiTalentV2_finetuning/checkpoints/validation2025_100/ensemble_2_models_e5ohnz5w_tta_ddp_kpcyjb66_tta_hybrid/predicted_lesions/thr0p5_mincc0/scan_0143_pred_lesion.nii.gz
scan_0143,probability_average,none,0.5,3,nan,0.1,0,1,1,0.0,0,nan,-1,nan,-1,nan,-1,-1,nan,-1,/data/data/DA25S005/miccai_tbi/MultiTalentV2_finetuning/checkpoints/validation2025_100/ensemble_2_models_e5ohnz5w_tta_ddp_kpcyjb66_tta_hybrid/predicted_lesions/thr0p5_mincc3/scan_0143_pred_lesion.nii.gz
scan_0143,probability_average,none,0.5,5,nan,0.1,0,1,1,0.0,0,nan,-1,nan,-1,nan,-1,-1,nan,-1,/data/data/DA25S005/miccai_tbi/MultiTalentV2_finetuning/checkpoints/validation2025_100/ensemble_2_models_e5ohnz5w_tta_ddp_kpcyjb66_tta_hybrid/predicted_lesions/thr0p5_mincc5/scan_0143_pred_lesion.nii.gz
scan_0143,probability_average,none,0.5,10,nan,0.1,0,1,1,0.0,0,nan,-1,nan,-1,nan,-1,-1,nan,-1,/data/data/DA25S005/miccai_tbi/MultiTalentV2_finetuning/checkpoints/validation2025_100/ensemble_2_models_e5ohnz5w_tta_ddp_kpcyjb66_tta_hybrid/predicted_lesions/thr0p5_mincc10/scan_0143_pred_lesion.nii.gz
scan_0143,probability_average,none,0.5,20,nan,0.1,0,1,1,0.0,0,nan,-1,nan,-1,nan,-1,-1,nan,-1,/data/data/DA25S005/miccai_tbi/MultiTalentV2_finetuning/checkpoints/validation2025_100/ensemble_2_models_e5ohnz5w_tta_ddp_kpcyjb66_tta_hybrid/predicted_lesions/thr0p5_mincc20/scan_0143_pred_lesion.nii.gz
scan_0143,probability_average,none,0.5,40,nan,0.1,0,1,1,0.0,0,nan,-1,nan,-1,nan,-1,-1,nan,-1,/data/data/DA25S005/miccai_tbi/MultiTalentV2_finetuning/checkpoints/validation2025_100/ensemble_2_models_e5ohnz5w_tta_ddp_kpcyjb66_tta_hybrid/predicted_lesions/thr0p5_mincc40/scan_0143_pred_lesion.nii.gz
scan_0151,probability_average,none,0.1,0,nan,0.1,0,1,1,0.0,0,nan,-1,nan,-1,nan,-1,-1,nan,-1,/data/data/DA25S005/miccai_tbi/MultiTalentV2_finetuning/checkpoints/validation2025_100/ensemble_2_models_e5ohnz5w_tta_ddp_kpcyjb66_tta_hybrid/predicted_lesions/thr0p1_mincc0/scan_0151_pred_lesion.nii.gz
scan_0151,probability_average,none,0.1,3,nan,0.1,0,1,1,0.0,0,nan,-1,nan,-1,nan,-1,-1,nan,-1,/data/data/DA25S005/miccai_tbi/MultiTalentV2_finetuning/checkpoints/validation2025_100/ensemble_2_models_e5ohnz5w_tta_ddp_kpcyjb66_tta_hybrid/predicted_lesions/thr0p1_mincc3/scan_0151_pred_lesion.nii.gz
scan_0151,probability_average,none,0.1,5,nan,0.1,0,1,1,0.0,0,nan,-1,nan,-1,nan,-1,-1,nan,-1,/data/data/DA25S005/miccai_tbi/MultiTalentV2_finetuning/checkpoints/validation2025_100/ensemble_2_models_e5ohnz5w_tta_ddp_kpcyjb66_tta_hybrid/predicted_lesions/thr0p1_mincc5/scan_0151_pred_lesion.nii.gz
scan_0151,probability_average,none,0.1,10,nan,0.1,0,1,1,0.0,0,nan,-1,nan,-1,nan,-1,-1,nan,-1,/data/data/DA25S005/miccai_tbi/MultiTalentV2_finetuning/checkpoints/validation2025_100/ensemble_2_models_e5ohnz5w_tta_ddp_kpcyjb66_tta_hybrid/predicted_lesions/thr0p1_mincc10/scan_0151_pred_lesion.nii.gz
scan_0151,probability_average,none,0.1,20,nan,0.1,0,1,1,0.0,0,nan,-1,nan,-1,nan,-1,-1,nan,-1,/data/data/DA25S005/miccai_tbi/MultiTalentV2_finetuning/checkpoints/validation2025_100/ensemble_2_models_e5ohnz5w_tta_ddp_kpcyjb66_tta_hybrid/predicted_lesions/thr0p1_mincc20/scan_0151_pred_lesion.nii.gz
scan_0151,probability_average,none,0.1,40,nan,0.1,0,1,1,0.0,0,nan,-1,nan,-1,nan,-1,-1,nan,-1,/data/data/DA25S005/miccai_tbi/MultiTalentV2_finetuning/checkpoints/validation2025_100/ensemble_2_models_e5ohnz5w_tta_ddp_kpcyjb66_tta_hybrid/predicted_lesions/thr0p1_mincc40/scan_0151_pred_lesion.nii.gz
scan_0151,probability_average,none,0.2,0,nan,0.1,0,1,1,0.0,0,nan,-1,nan,-1,nan,-1,-1,nan,-1,/data/data/DA25S005/miccai_tbi/MultiTalentV2_finetuning/checkpoints/validation2025_100/ensemble_2_models_e5ohnz5w_tta_ddp_kpcyjb66_tta_hybrid/predicted_lesions/thr0p2_mincc0/scan_0151_pred_lesion.nii.gz
scan_0151,probability_average,none,0.2,3,nan,0.1,0,1,1,0.0,0,nan,-1,nan,-1,nan,-1,-1,nan,-1,/data/data/DA25S005/miccai_tbi/MultiTalentV2_finetuning/checkpoints/validation2025_100/ensemble_2_models_e5ohnz5w_tta_ddp_kpcyjb66_tta_hybrid/predicted_lesions/thr0p2_mincc3/scan_0151_pred_lesion.nii.gz
scan_0151,probability_average,none,0.2,5,nan,0.1,0,1,1,0.0,0,nan,-1,nan,-1,nan,-1,-1,nan,-1,/data/data/DA25S005/miccai_tbi/MultiTalentV2_finetuning/checkpoints/validation2025_100/ensemble_2_models_e5ohnz5w_tta_ddp_kpcyjb66_tta_hybrid/predicted_lesions/thr0p2_mincc5/scan_0151_pred_lesion.nii.gz
scan_0151,probability_average,none,0.2,10,nan,0.1,0,1,1,0.0,0,nan,-1,nan,-1,nan,-1,-1,nan,-1,/data/data/DA25S005/miccai_tbi/MultiTalentV2_finetuning/checkpoints/validation2025_100/ensemble_2_models_e5ohnz5w_tta_ddp_kpcyjb66_tta_hybrid/predicted_lesions/thr0p2_mincc10/scan_0151_pred_lesion.nii.gz
scan_0151,probability_average,none,0.2,20,nan,0.1,0,1,1,0.0,0,nan,-1,nan,-1,nan,-1,-1,nan,-1,/data/data/DA25S005/miccai_tbi/MultiTalentV2_finetuning/checkpoints/validation2025_100/ensemble_2_models_e5ohnz5w_tta_ddp_kpcyjb66_tta_hybrid/predicted_lesions/thr0p2_mincc20/scan_0151_pred_lesion.nii.gz
scan_0151,probability_average,none,0.2,40,nan,0.1,0,1,1,0.0,0,nan,-1,nan,-1,nan,-1,-1,nan,-1,/data/data/DA25S005/miccai_tbi/MultiTalentV2_finetuning/checkpoints/validation2025_100/ensemble_2_models_e5ohnz5w_tta_ddp_kpcyjb66_tta_hybrid/predicted_lesions/thr0p2_mincc40/scan_0151_pred_lesion.nii.gz
scan_0151,probability_average,none,0.3,0,nan,0.1,0,1,1,0.0,0,nan,-1,nan,-1,nan,-1,-1,nan,-1,/data/data/DA25S005/miccai_tbi/MultiTalentV2_finetuning/checkpoints/validation2025_100/ensemble_2_models_e5ohnz5w_tta_ddp_kpcyjb66_tta_hybrid/predicted_lesions/thr0p3_mincc0/scan_0151_pred_lesion.nii.gz
scan_0151,probability_average,none,0.3,3,nan,0.1,0,1,1,0.0,0,nan,-1,nan,-1,nan,-1,-1,nan,-1,/data/data/DA25S005/miccai_tbi/MultiTalentV2_finetuning/checkpoints/validation2025_100/ensemble_2_models_e5ohnz5w_tta_ddp_kpcyjb66_tta_hybrid/predicted_lesions/thr0p3_mincc3/scan_0151_pred_lesion.nii.gz
scan_0151,probability_average,none,0.3,5,nan,0.1,0,1,1,0.0,0,nan,-1,nan,-1,nan,-1,-1,nan,-1,/data/data/DA25S005/miccai_tbi/MultiTalentV2_finetuning/checkpoints/validation2025_100/ensemble_2_models_e5ohnz5w_tta_ddp_kpcyjb66_tta_hybrid/predicted_lesions/thr0p3_mincc5/scan_0151_pred_lesion.nii.gz
scan_0151,probability_average,none,0.3,10,nan,0.1,0,1,1,0.0,0,nan,-1,nan,-1,nan,-1,-1,nan,-1,/data/data/DA25S005/miccai_tbi/MultiTalentV2_finetuning/checkpoints/validation2025_100/ensemble_2_models_e5ohnz5w_tta_ddp_kpcyjb66_tta_hybrid/predicted_lesions/thr0p3_mincc10/scan_0151_pred_lesion.nii.gz
scan_0151,probability_average,none,0.3,20,nan,0.1,0,1,1,0.0,0,nan,-1,nan,-1,nan,-1,-1,nan,-1,/data/data/DA25S005/miccai_tbi/MultiTalentV2_finetuning/checkpoints/validation2025_100/ensemble_2_models_e5ohnz5w_tta_ddp_kpcyjb66_tta_hybrid/predicted_lesions/thr0p3_mincc20/scan_0151_pred_lesion.nii.gz
scan_0151,probability_average,none,0.3,40,nan,0.1,0,1,1,0.0,0,nan,-1,nan,-1,nan,-1,-1,nan,-1,/data/data/DA25S005/miccai_tbi/MultiTalentV2_finetuning/checkpoints/validation2025_100/ensemble_2_models_e5ohnz5w_tta_ddp_kpcyjb66_tta_hybrid/predicted_lesions/thr0p3_mincc40/scan_0151_pred_lesion.nii.gz
scan_0151,probability_average,none,0.4,0,nan,0.1,0,1,1,0.0,0,nan,-1,nan,-1,nan,-1,-1,nan,-1,/data/data/DA25S005/miccai_tbi/MultiTalentV2_finetuning/checkpoints/validation2025_100/ensemble_2_models_e5ohnz5w_tta_ddp_kpcyjb66_tta_hybrid/predicted_lesions/thr0p4_mincc0/scan_0151_pred_lesion.nii.gz
scan_0151,probability_average,none,0.4,3,nan,0.1,0,1,1,0.0,0,nan,-1,nan,-1,nan,-1,-1,nan,-1,/data/data/DA25S005/miccai_tbi/MultiTalentV2_finetuning/checkpoints/validation2025_100/ensemble_2_models_e5ohnz5w_tta_ddp_kpcyjb66_tta_hybrid/predicted_lesions/thr0p4_mincc3/scan_0151_pred_lesion.nii.gz
scan_0151,probability_average,none,0.4,5,nan,0.1,0,1,1,0.0,0,nan,-1,nan,-1,nan,-1,-1,nan,-1,/data/data/DA25S005/miccai_tbi/MultiTalentV2_finetuning/checkpoints/validation2025_100/ensemble_2_models_e5ohnz5w_tta_ddp_kpcyjb66_tta_hybrid/predicted_lesions/thr0p4_mincc5/scan_0151_pred_lesion.nii.gz
scan_0151,probability_average,none,0.4,10,nan,0.1,0,1,1,0.0,0,nan,-1,nan,-1,nan,-1,-1,nan,-1,/data/data/DA25S005/miccai_tbi/MultiTalentV2_finetuning/checkpoints/validation2025_100/ensemble_2_models_e5ohnz5w_tta_ddp_kpcyjb66_tta_hybrid/predicted_lesions/thr0p4_mincc10/scan_0151_pred_lesion.nii.gz
scan_0151,probability_average,none,0.4,20,nan,0.1,0,1,1,0.0,0,nan,-1,nan,-1,nan,-1,-1,nan,-1,/data/data/DA25S005/miccai_tbi/MultiTalentV2_finetuning/checkpoints/validation2025_100/ensemble_2_models_e5ohnz5w_tta_ddp_kpcyjb66_tta_hybrid/predicted_lesions/thr0p4_mincc20/scan_0151_pred_lesion.nii.gz
scan_0151,probability_average,none,0.4,40,nan,0.1,0,1,1,0.0,0,nan,-1,nan,-1,nan,-1,-1,nan,-1,/data/data/DA25S005/miccai_tbi/MultiTalentV2_finetuning/checkpoints/validation2025_100/ensemble_2_models_e5ohnz5w_tta_ddp_kpcyjb66_tta_hybrid/predicted_lesions/thr0p4_mincc40/scan_0151_pred_lesion.nii.gz
scan_0151,probability_average,none,0.5,0,nan,0.1,0,1,1,0.0,0,nan,-1,nan,-1,nan,-1,-1,nan,-1,/data/data/DA25S005/miccai_tbi/MultiTalentV2_finetuning/checkpoints/validation2025_100/ensemble_2_models_e5ohnz5w_tta_ddp_kpcyjb66_tta_hybrid/predicted_lesions/thr0p5_mincc0/scan_0151_pred_lesion.nii.gz
scan_0151,probability_average,none,0.5,3,nan,0.1,0,1,1,0.0,0,nan,-1,nan,-1,nan,-1,-1,nan,-1,/data/data/DA25S005/miccai_tbi/MultiTalentV2_finetuning/checkpoints/validation2025_100/ensemble_2_models_e5ohnz5w_tta_ddp_kpcyjb66_tta_hybrid/predicted_lesions/thr0p5_mincc3/scan_0151_pred_lesion.nii.gz
scan_0151,probability_average,none,0.5,5,nan,0.1,0,1,1,0.0,0,nan,-1,nan,-1,nan,-1,-1,nan,-1,/data/data/DA25S005/miccai_tbi/MultiTalentV2_finetuning/checkpoints/validation2025_100/ensemble_2_models_e5ohnz5w_tta_ddp_kpcyjb66_tta_hybrid/predicted_lesions/thr0p5_mincc5/scan_0151_pred_lesion.nii.gz
scan_0151,probability_average,none,0.5,10,nan,0.1,0,1,1,0.0,0,nan,-1,nan,-1,nan,-1,-1,nan,-1,/data/data/DA25S005/miccai_tbi/MultiTalentV2_finetuning/checkpoints/validation2025_100/ensemble_2_models_e5ohnz5w_tta_ddp_kpcyjb66_tta_hybrid/predicted_lesions/thr0p5_mincc10/scan_0151_pred_lesion.nii.gz
scan_0151,probability_average,none,0.5,20,nan,0.1,0,1,1,0.0,0,nan,-1,nan,-1,nan,-1,-1,nan,-1,/data/data/DA25S005/miccai_tbi/MultiTalentV2_finetuning/checkpoints/validation2025_100/ensemble_2_models_e5ohnz5w_tta_ddp_kpcyjb66_tta_hybrid/predicted_lesions/thr0p5_mincc20/scan_0151_pred_lesion.nii.gz
scan_0151,probability_average,none,0.5,40,nan,0.1,0,1,1,0.0,0,nan,-1,nan,-1,nan,-1,-1,nan,-1,/data/data/DA25S005/miccai_tbi/MultiTalentV2_finetuning/checkpoints/validation2025_100/ensemble_2_models_e5ohnz5w_tta_ddp_kpcyjb66_tta_hybrid/predicted_lesions/thr0p5_mincc40/scan_0151_pred_lesion.nii.gz
scan_0154,probability_average,none,0.1,0,nan,0.1,0,1,1,0.0,0,nan,-1,nan,-1,nan,-1,-1,nan,-1,/data/data/DA25S005/miccai_tbi/MultiTalentV2_finetuning/checkpoints/validation2025_100/ensemble_2_models_e5ohnz5w_tta_ddp_kpcyjb66_tta_hybrid/predicted_lesions/thr0p1_mincc0/scan_0154_pred_lesion.nii.gz
scan_0154,probability_average,none,0.1,3,nan,0.1,0,1,1,0.0,0,nan,-1,nan,-1,nan,-1,-1,nan,-1,/data/data/DA25S005/miccai_tbi/MultiTalentV2_finetuning/checkpoints/validation2025_100/ensemble_2_models_e5ohnz5w_tta_ddp_kpcyjb66_tta_hybrid/predicted_lesions/thr0p1_mincc3/scan_0154_pred_lesion.nii.gz
scan_0154,probability_average,none,0.1,5,nan,0.1,0,1,1,0.0,0,nan,-1,nan,-1,nan,-1,-1,nan,-1,/data/data/DA25S005/miccai_tbi/MultiTalentV2_finetuning/checkpoints/validation2025_100/ensemble_2_models_e5ohnz5w_tta_ddp_kpcyjb66_tta_hybrid/predicted_lesions/thr0p1_mincc5/scan_0154_pred_lesion.nii.gz
scan_0154,probability_average,none,0.1,10,nan,0.1,0,1,1,0.0,0,nan,-1,nan,-1,nan,-1,-1,nan,-1,/data/data/DA25S005/miccai_tbi/MultiTalentV2_finetuning/checkpoints/validation2025_100/ensemble_2_models_e5ohnz5w_tta_ddp_kpcyjb66_tta_hybrid/predicted_lesions/thr0p1_mincc10/scan_0154_pred_lesion.nii.gz
scan_0154,probability_average,none,0.1,20,nan,0.1,0,1,1,0.0,0,nan,-1,nan,-1,nan,-1,-1,nan,-1,/data/data/DA25S005/miccai_tbi/MultiTalentV2_finetuning/checkpoints/validation2025_100/ensemble_2_models_e5ohnz5w_tta_ddp_kpcyjb66_tta_hybrid/predicted_lesions/thr0p1_mincc20/scan_0154_pred_lesion.nii.gz
scan_0154,probability_average,none,0.1,40,nan,0.1,0,1,1,0.0,0,nan,-1,nan,-1,nan,-1,-1,nan,-1,/data/data/DA25S005/miccai_tbi/MultiTalentV2_finetuning/checkpoints/validation2025_100/ensemble_2_models_e5ohnz5w_tta_ddp_kpcyjb66_tta_hybrid/predicted_lesions/thr0p1_mincc40/scan_0154_pred_lesion.nii.gz
scan_0154,probability_average,none,0.2,0,nan,0.1,0,1,1,0.0,0,nan,-1,nan,-1,nan,-1,-1,nan,-1,/data/data/DA25S005/miccai_tbi/MultiTalentV2_finetuning/checkpoints/validation2025_100/ensemble_2_models_e5ohnz5w_tta_ddp_kpcyjb66_tta_hybrid/predicted_lesions/thr0p2_mincc0/scan_0154_pred_lesion.nii.gz
scan_0154,probability_average,none,0.2,3,nan,0.1,0,1,1,0.0,0,nan,-1,nan,-1,nan,-1,-1,nan,-1,/data/data/DA25S005/miccai_tbi/MultiTalentV2_finetuning/checkpoints/validation2025_100/ensemble_2_models_e5ohnz5w_tta_ddp_kpcyjb66_tta_hybrid/predicted_lesions/thr0p2_mincc3/scan_0154_pred_lesion.nii.gz
scan_0154,probability_average,none,0.2,5,nan,0.1,0,1,1,0.0,0,nan,-1,nan,-1,nan,-1,-1,nan,-1,/data/data/DA25S005/miccai_tbi/MultiTalentV2_finetuning/checkpoints/validation2025_100/ensemble_2_models_e5ohnz5w_tta_ddp_kpcyjb66_tta_hybrid/predicted_lesions/thr0p2_mincc5/scan_0154_pred_lesion.nii.gz
scan_0154,probability_average,none,0.2,10,nan,0.1,0,1,1,0.0,0,nan,-1,nan,-1,nan,-1,-1,nan,-1,/data/data/DA25S005/miccai_tbi/MultiTalentV2_finetuning/checkpoints/validation2025_100/ensemble_2_models_e5ohnz5w_tta_ddp_kpcyjb66_tta_hybrid/predicted_lesions/thr0p2_mincc10/scan_0154_pred_lesion.nii.gz
scan_0154,probability_average,none,0.2,20,nan,0.1,0,1,1,0.0,0,nan,-1,nan,-1,nan,-1,-1,nan,-1,/data/data/DA25S005/miccai_tbi/MultiTalentV2_finetuning/checkpoints/validation2025_100/ensemble_2_models_e5ohnz5w_tta_ddp_kpcyjb66_tta_hybrid/predicted_lesions/thr0p2_mincc20/scan_0154_pred_lesion.nii.gz
scan_0154,probability_average,none,0.2,40,nan,0.1,0,1,1,0.0,0,nan,-1,nan,-1,nan,-1,-1,nan,-1,/data/data/DA25S005/miccai_tbi/MultiTalentV2_finetuning/checkpoints/validation2025_100/ensemble_2_models_e5ohnz5w_tta_ddp_kpcyjb66_tta_hybrid/predicted_lesions/thr0p2_mincc40/scan_0154_pred_lesion.nii.gz
scan_0154,probability_average,none,0.3,0,nan,0.1,0,1,1,0.0,0,nan,-1,nan,-1,nan,-1,-1,nan,-1,/data/data/DA25S005/miccai_tbi/MultiTalentV2_finetuning/checkpoints/validation2025_100/ensemble_2_models_e5ohnz5w_tta_ddp_kpcyjb66_tta_hybrid/predicted_lesions/thr0p3_mincc0/scan_0154_pred_lesion.nii.gz
scan_0154,probability_average,none,0.3,3,nan,0.1,0,1,1,0.0,0,nan,-1,nan,-1,nan,-1,-1,nan,-1,/data/data/DA25S005/miccai_tbi/MultiTalentV2_finetuning/checkpoints/validation2025_100/ensemble_2_models_e5ohnz5w_tta_ddp_kpcyjb66_tta_hybrid/predicted_lesions/thr0p3_mincc3/scan_0154_pred_lesion.nii.gz
scan_0154,probability_average,none,0.3,5,nan,0.1,0,1,1,0.0,0,nan,-1,nan,-1,nan,-1,-1,nan,-1,/data/data/DA25S005/miccai_tbi/MultiTalentV2_finetuning/checkpoints/validation2025_100/ensemble_2_models_e5ohnz5w_tta_ddp_kpcyjb66_tta_hybrid/predicted_lesions/thr0p3_mincc5/scan_0154_pred_lesion.nii.gz
scan_0154,probability_average,none,0.3,10,nan,0.1,0,1,1,0.0,0,nan,-1,nan,-1,nan,-1,-1,nan,-1,/data/data/DA25S005/miccai_tbi/MultiTalentV2_finetuning/checkpoints/validation2025_100/ensemble_2_models_e5ohnz5w_tta_ddp_kpcyjb66_tta_hybrid/predicted_lesions/thr0p3_mincc10/scan_0154_pred_lesion.nii.gz
scan_0154,probability_average,none,0.3,20,nan,0.1,0,1,1,0.0,0,nan,-1,nan,-1,nan,-1,-1,nan,-1,/data/data/DA25S005/miccai_tbi/MultiTalentV2_finetuning/checkpoints/validation2025_100/ensemble_2_models_e5ohnz5w_tta_ddp_kpcyjb66_tta_hybrid/predicted_lesions/thr0p3_mincc20/scan_0154_pred_lesion.nii.gz
scan_0154,probability_average,none,0.3,40,nan,0.1,0,1,1,0.0,0,nan,-1,nan,-1,nan,-1,-1,nan,-1,/data/data/DA25S005/miccai_tbi/MultiTalentV2_finetuning/checkpoints/validation2025_100/ensemble_2_models_e5ohnz5w_tta_ddp_kpcyjb66_tta_hybrid/predicted_lesions/thr0p3_mincc40/scan_0154_pred_lesion.nii.gz
scan_0154,probability_average,none,0.4,0,nan,0.1,0,1,1,0.0,0,nan,-1,nan,-1,nan,-1,-1,nan,-1,/data/data/DA25S005/miccai_tbi/MultiTalentV2_finetuning/checkpoints/validation2025_100/ensemble_2_models_e5ohnz5w_tta_ddp_kpcyjb66_tta_hybrid/predicted_lesions/thr0p4_mincc0/scan_0154_pred_lesion.nii.gz
scan_0154,probability_average,none,0.4,3,nan,0.1,0,1,1,0.0,0,nan,-1,nan,-1,nan,-1,-1,nan,-1,/data/data/DA25S005/miccai_tbi/MultiTalentV2_finetuning/checkpoints/validation2025_100/ensemble_2_models_e5ohnz5w_tta_ddp_kpcyjb66_tta_hybrid/predicted_lesions/thr0p4_mincc3/scan_0154_pred_lesion.nii.gz
scan_0154,probability_average,none,0.4,5,nan,0.1,0,1,1,0.0,0,nan,-1,nan,-1,nan,-1,-1,nan,-1,/data/data/DA25S005/miccai_tbi/MultiTalentV2_finetuning/checkpoints/validation2025_100/ensemble_2_models_e5ohnz5w_tta_ddp_kpcyjb66_tta_hybrid/predicted_lesions/thr0p4_mincc5/scan_0154_pred_lesion.nii.gz
scan_0154,probability_average,none,0.4,10,nan,0.1,0,1,1,0.0,0,nan,-1,nan,-1,nan,-1,-1,nan,-1,/data/data/DA25S005/miccai_tbi/MultiTalentV2_finetuning/checkpoints/validation2025_100/ensemble_2_models_e5ohnz5w_tta_ddp_kpcyjb66_tta_hybrid/predicted_lesions/thr0p4_mincc10/scan_0154_pred_lesion.nii.gz
scan_0154,probability_average,none,0.4,20,nan,0.1,0,1,1,0.0,0,nan,-1,nan,-1,nan,-1,-1,nan,-1,/data/data/DA25S005/miccai_tbi/MultiTalentV2_finetuning/checkpoints/validation2025_100/ensemble_2_models_e5ohnz5w_tta_ddp_kpcyjb66_tta_hybrid/predicted_lesions/thr0p4_mincc20/scan_0154_pred_lesion.nii.gz
scan_0154,probability_average,none,0.4,40,nan,0.1,0,1,1,0.0,0,nan,-1,nan,-1,nan,-1,-1,nan,-1,/data/data/DA25S005/miccai_tbi/MultiTalentV2_finetuning/checkpoints/validation2025_100/ensemble_2_models_e5ohnz5w_tta_ddp_kpcyjb66_tta_hybrid/predicted_lesions/thr0p4_mincc40/scan_0154_pred_lesion.nii.gz
scan_0154,probability_average,none,0.5,0,nan,0.1,0,1,1,0.0,0,nan,-1,nan,-1,nan,-1,-1,nan,-1,/data/data/DA25S005/miccai_tbi/MultiTalentV2_finetuning/checkpoints/validation2025_100/ensemble_2_models_e5ohnz5w_tta_ddp_kpcyjb66_tta_hybrid/predicted_lesions/thr0p5_mincc0/scan_0154_pred_lesion.nii.gz
scan_0154,probability_average,none,0.5,3,nan,0.1,0,1,1,0.0,0,nan,-1,nan,-1,nan,-1,-1,nan,-1,/data/data/DA25S005/miccai_tbi/MultiTalentV2_finetuning/checkpoints/validation2025_100/ensemble_2_models_e5ohnz5w_tta_ddp_kpcyjb66_tta_hybrid/predicted_lesions/thr0p5_mincc3/scan_0154_pred_lesion.nii.gz
scan_0154,probability_average,none,0.5,5,nan,0.1,0,1,1,0.0,0,nan,-1,nan,-1,nan,-1,-1,nan,-1,/data/data/DA25S005/miccai_tbi/MultiTalentV2_finetuning/checkpoints/validation2025_100/ensemble_2_models_e5ohnz5w_tta_ddp_kpcyjb66_tta_hybrid/predicted_lesions/thr0p5_mincc5/scan_0154_pred_lesion.nii.gz
scan_0154,probability_average,none,0.5,10,nan,0.1,0,1,1,0.0,0,nan,-1,nan,-1,nan,-1,-1,nan,-1,/data/data/DA25S005/miccai_tbi/MultiTalentV2_finetuning/checkpoints/validation2025_100/ensemble_2_models_e5ohnz5w_tta_ddp_kpcyjb66_tta_hybrid/predicted_lesions/thr0p5_mincc10/scan_0154_pred_lesion.nii.gz
scan_0154,probability_average,none,0.5,20,nan,0.1,0,1,1,0.0,0,nan,-1,nan,-1,nan,-1,-1,nan,-1,/data/data/DA25S005/miccai_tbi/MultiTalentV2_finetuning/checkpoints/validation2025_100/ensemble_2_models_e5ohnz5w_tta_ddp_kpcyjb66_tta_hybrid/predicted_lesions/thr0p5_mincc20/scan_0154_pred_lesion.nii.gz
scan_0154,probability_average,none,0.5,40,nan,0.1,0,1,1,0.0,0,nan,-1,nan,-1,nan,-1,-1,nan,-1,/data/data/DA25S005/miccai_tbi/MultiTalentV2_finetuning/checkpoints/validation2025_100/ensemble_2_models_e5ohnz5w_tta_ddp_kpcyjb66_tta_hybrid/predicted_lesions/thr0p5_mincc40/scan_0154_pred_lesion.nii.gz
scan_0162,probability_average,none,0.1,0,nan,0.1,0,1,1,0.0,0,nan,-1,nan,-1,nan,-1,-1,nan,-1,/data/data/DA25S005/miccai_tbi/MultiTalentV2_finetuning/checkpoints/validation2025_100/ensemble_2_models_e5ohnz5w_tta_ddp_kpcyjb66_tta_hybrid/predicted_lesions/thr0p1_mincc0/scan_0162_pred_lesion.nii.gz
scan_0162,probability_average,none,0.1,3,nan,0.1,0,1,1,0.0,0,nan,-1,nan,-1,nan,-1,-1,nan,-1,/data/data/DA25S005/miccai_tbi/MultiTalentV2_finetuning/checkpoints/validation2025_100/ensemble_2_models_e5ohnz5w_tta_ddp_kpcyjb66_tta_hybrid/predicted_lesions/thr0p1_mincc3/scan_0162_pred_lesion.nii.gz
scan_0162,probability_average,none,0.1,5,nan,0.1,0,1,1,0.0,0,nan,-1,nan,-1,nan,-1,-1,nan,-1,/data/data/DA25S005/miccai_tbi/MultiTalentV2_finetuning/checkpoints/validation2025_100/ensemble_2_models_e5ohnz5w_tta_ddp_kpcyjb66_tta_hybrid/predicted_lesions/thr0p1_mincc5/scan_0162_pred_lesion.nii.gz
scan_0162,probability_average,none,0.1,10,nan,0.1,0,1,1,0.0,0,nan,-1,nan,-1,nan,-1,-1,nan,-1,/data/data/DA25S005/miccai_tbi/MultiTalentV2_finetuning/checkpoints/validation2025_100/ensemble_2_models_e5ohnz5w_tta_ddp_kpcyjb66_tta_hybrid/predicted_lesions/thr0p1_mincc10/scan_0162_pred_lesion.nii.gz
scan_0162,probability_average,none,0.1,20,nan,0.1,0,1,1,0.0,0,nan,-1,nan,-1,nan,-1,-1,nan,-1,/data/data/DA25S005/miccai_tbi/MultiTalentV2_finetuning/checkpoints/validation2025_100/ensemble_2_models_e5ohnz5w_tta_ddp_kpcyjb66_tta_hybrid/predicted_lesions/thr0p1_mincc20/scan_0162_pred_lesion.nii.gz
scan_0162,probability_average,none,0.1,40,nan,0.1,0,1,1,0.0,0,nan,-1,nan,-1,nan,-1,-1,nan,-1,/data/data/DA25S005/miccai_tbi/MultiTalentV2_finetuning/checkpoints/validation2025_100/ensemble_2_models_e5ohnz5w_tta_ddp_kpcyjb66_tta_hybrid/predicted_lesions/thr0p1_mincc40/scan_0162_pred_lesion.nii.gz
scan_0162,probability_average,none,0.2,0,nan,0.1,0,1,1,0.0,0,nan,-1,nan,-1,nan,-1,-1,nan,-1,/data/data/DA25S005/miccai_tbi/MultiTalentV2_finetuning/checkpoints/validation2025_100/ensemble_2_models_e5ohnz5w_tta_ddp_kpcyjb66_tta_hybrid/predicted_lesions/thr0p2_mincc0/scan_0162_pred_lesion.nii.gz
scan_0162,probability_average,none,0.2,3,nan,0.1,0,1,1,0.0,0,nan,-1,nan,-1,nan,-1,-1,nan,-1,/data/data/DA25S005/miccai_tbi/MultiTalentV2_finetuning/checkpoints/validation2025_100/ensemble_2_models_e5ohnz5w_tta_ddp_kpcyjb66_tta_hybrid/predicted_lesions/thr0p2_mincc3/scan_0162_pred_lesion.nii.gz
scan_0162,probability_average,none,0.2,5,nan,0.1,0,1,1,0.0,0,nan,-1,nan,-1,nan,-1,-1,nan,-1,/data/data/DA25S005/miccai_tbi/MultiTalentV2_finetuning/checkpoints/validation2025_100/ensemble_2_models_e5ohnz5w_tta_ddp_kpcyjb66_tta_hybrid/predicted_lesions/thr0p2_mincc5/scan_0162_pred_lesion.nii.gz
scan_0162,probability_average,none,0.2,10,nan,0.1,0,1,1,0.0,0,nan,-1,nan,-1,nan,-1,-1,nan,-1,/data/data/DA25S005/miccai_tbi/MultiTalentV2_finetuning/checkpoints/validation2025_100/ensemble_2_models_e5ohnz5w_tta_ddp_kpcyjb66_tta_hybrid/predicted_lesions/thr0p2_mincc10/scan_0162_pred_lesion.nii.gz
scan_0162,probability_average,none,0.2,20,nan,0.1,0,1,1,0.0,0,nan,-1,nan,-1,nan,-1,-1,nan,-1,/data/data/DA25S005/miccai_tbi/MultiTalentV2_finetuning/checkpoints/validation2025_100/ensemble_2_models_e5ohnz5w_tta_ddp_kpcyjb66_tta_hybrid/predicted_lesions/thr0p2_mincc20/scan_0162_pred_lesion.nii.gz
scan_0162,probability_average,none,0.2,40,nan,0.1,0,1,1,0.0,0,nan,-1,nan,-1,nan,-1,-1,nan,-1,/data/data/DA25S005/miccai_tbi/MultiTalentV2_finetuning/checkpoints/validation2025_100/ensemble_2_models_e5ohnz5w_tta_ddp_kpcyjb66_tta_hybrid/predicted_lesions/thr0p2_mincc40/scan_0162_pred_lesion.nii.gz
scan_0162,probability_average,none,0.3,0,nan,0.1,0,1,1,0.0,0,nan,-1,nan,-1,nan,-1,-1,nan,-1,/data/data/DA25S005/miccai_tbi/MultiTalentV2_finetuning/checkpoints/validation2025_100/ensemble_2_models_e5ohnz5w_tta_ddp_kpcyjb66_tta_hybrid/predicted_lesions/thr0p3_mincc0/scan_0162_pred_lesion.nii.gz
scan_0162,probability_average,none,0.3,3,nan,0.1,0,1,1,0.0,0,nan,-1,nan,-1,nan,-1,-1,nan,-1,/data/data/DA25S005/miccai_tbi/MultiTalentV2_finetuning/checkpoints/validation2025_100/ensemble_2_models_e5ohnz5w_tta_ddp_kpcyjb66_tta_hybrid/predicted_lesions/thr0p3_mincc3/scan_0162_pred_lesion.nii.gz
scan_0162,probability_average,none,0.3,5,nan,0.1,0,1,1,0.0,0,nan,-1,nan,-1,nan,-1,-1,nan,-1,/data/data/DA25S005/miccai_tbi/MultiTalentV2_finetuning/checkpoints/validation2025_100/ensemble_2_models_e5ohnz5w_tta_ddp_kpcyjb66_tta_hybrid/predicted_lesions/thr0p3_mincc5/scan_0162_pred_lesion.nii.gz
scan_0162,probability_average,none,0.3,10,nan,0.1,0,1,1,0.0,0,nan,-1,nan,-1,nan,-1,-1,nan,-1,/data/data/DA25S005/miccai_tbi/MultiTalentV2_finetuning/checkpoints/validation2025_100/ensemble_2_models_e5ohnz5w_tta_ddp_kpcyjb66_tta_hybrid/predicted_lesions/thr0p3_mincc10/scan_0162_pred_lesion.nii.gz
scan_0162,probability_average,none,0.3,20,nan,0.1,0,1,1,0.0,0,nan,-1,nan,-1,nan,-1,-1,nan,-1,/data/data/DA25S005/miccai_tbi/MultiTalentV2_finetuning/checkpoints/validation2025_100/ensemble_2_models_e5ohnz5w_tta_ddp_kpcyjb66_tta_hybrid/predicted_lesions/thr0p3_mincc20/scan_0162_pred_lesion.nii.gz
scan_0162,probability_average,none,0.3,40,nan,0.1,0,1,1,0.0,0,nan,-1,nan,-1,nan,-1,-1,nan,-1,/data/data/DA25S005/miccai_tbi/MultiTalentV2_finetuning/checkpoints/validation2025_100/ensemble_2_models_e5ohnz5w_tta_ddp_kpcyjb66_tta_hybrid/predicted_lesions/thr0p3_mincc40/scan_0162_pred_lesion.nii.gz
scan_0162,probability_average,none,0.4,0,nan,0.1,0,1,1,0.0,0,nan,-1,nan,-1,nan,-1,-1,nan,-1,/data/data/DA25S005/miccai_tbi/MultiTalentV2_finetuning/checkpoints/validation2025_100/ensemble_2_models_e5ohnz5w_tta_ddp_kpcyjb66_tta_hybrid/predicted_lesions/thr0p4_mincc0/scan_0162_pred_lesion.nii.gz
scan_0162,probability_average,none,0.4,3,nan,0.1,0,1,1,0.0,0,nan,-1,nan,-1,nan,-1,-1,nan,-1,/data/data/DA25S005/miccai_tbi/MultiTalentV2_finetuning/checkpoints/validation2025_100/ensemble_2_models_e5ohnz5w_tta_ddp_kpcyjb66_tta_hybrid/predicted_lesions/thr0p4_mincc3/scan_0162_pred_lesion.nii.gz
scan_0162,probability_average,none,0.4,5,nan,0.1,0,1,1,0.0,0,nan,-1,nan,-1,nan,-1,-1,nan,-1,/data/data/DA25S005/miccai_tbi/MultiTalentV2_finetuning/checkpoints/validation2025_100/ensemble_2_models_e5ohnz5w_tta_ddp_kpcyjb66_tta_hybrid/predicted_lesions/thr0p4_mincc5/scan_0162_pred_lesion.nii.gz
scan_0162,probability_average,none,0.4,10,nan,0.1,0,1,1,0.0,0,nan,-1,nan,-1,nan,-1,-1,nan,-1,/data/data/DA25S005/miccai_tbi/MultiTalentV2_finetuning/checkpoints/validation2025_100/ensemble_2_models_e5ohnz5w_tta_ddp_kpcyjb66_tta_hybrid/predicted_lesions/thr0p4_mincc10/scan_0162_pred_lesion.nii.gz
scan_0162,probability_average,none,0.4,20,nan,0.1,0,1,1,0.0,0,nan,-1,nan,-1,nan,-1,-1,nan,-1,/data/data/DA25S005/miccai_tbi/MultiTalentV2_finetuning/checkpoints/validation2025_100/ensemble_2_models_e5ohnz5w_tta_ddp_kpcyjb66_tta_hybrid/predicted_lesions/thr0p4_mincc20/scan_0162_pred_lesion.nii.gz
scan_0162,probability_average,none,0.4,40,nan,0.1,0,1,1,0.0,0,nan,-1,nan,-1,nan,-1,-1,nan,-1,/data/data/DA25S005/miccai_tbi/MultiTalentV2_finetuning/checkpoints/validation2025_100/ensemble_2_models_e5ohnz5w_tta_ddp_kpcyjb66_tta_hybrid/predicted_lesions/thr0p4_mincc40/scan_0162_pred_lesion.nii.gz
scan_0162,probability_average,none,0.5,0,nan,0.1,0,1,1,0.0,0,nan,-1,nan,-1,nan,-1,-1,nan,-1,/data/data/DA25S005/miccai_tbi/MultiTalentV2_finetuning/checkpoints/validation2025_100/ensemble_2_models_e5ohnz5w_tta_ddp_kpcyjb66_tta_hybrid/predicted_lesions/thr0p5_mincc0/scan_0162_pred_lesion.nii.gz
scan_0162,probability_average,none,0.5,3,nan,0.1,0,1,1,0.0,0,nan,-1,nan,-1,nan,-1,-1,nan,-1,/data/data/DA25S005/miccai_tbi/MultiTalentV2_finetuning/checkpoints/validation2025_100/ensemble_2_models_e5ohnz5w_tta_ddp_kpcyjb66_tta_hybrid/predicted_lesions/thr0p5_mincc3/scan_0162_pred_lesion.nii.gz
scan_0162,probability_average,none,0.5,5,nan,0.1,0,1,1,0.0,0,nan,-1,nan,-1,nan,-1,-1,nan,-1,/data/data/DA25S005/miccai_tbi/MultiTalentV2_finetuning/checkpoints/validation2025_100/ensemble_2_models_e5ohnz5w_tta_ddp_kpcyjb66_tta_hybrid/predicted_lesions/thr0p5_mincc5/scan_0162_pred_lesion.nii.gz
scan_0162,probability_average,none,0.5,10,nan,0.1,0,1,1,0.0,0,nan,-1,nan,-1,nan,-1,-1,nan,-1,/data/data/DA25S005/miccai_tbi/MultiTalentV2_finetuning/checkpoints/validation2025_100/ensemble_2_models_e5ohnz5w_tta_ddp_kpcyjb66_tta_hybrid/predicted_lesions/thr0p5_mincc10/scan_0162_pred_lesion.nii.gz
scan_0162,probability_average,none,0.5,20,nan,0.1,0,1,1,0.0,0,nan,-1,nan,-1,nan,-1,-1,nan,-1,/data/data/DA25S005/miccai_tbi/MultiTalentV2_finetuning/checkpoints/validation2025_100/ensemble_2_models_e5ohnz5w_tta_ddp_kpcyjb66_tta_hybrid/predicted_lesions/thr0p5_mincc20/scan_0162_pred_lesion.nii.gz
scan_0162,probability_average,none,0.5,40,nan,0.1,0,1,1,0.0,0,nan,-1,nan,-1,nan,-1,-1,nan,-1,/data/data/DA25S005/miccai_tbi/MultiTalentV2_finetuning/checkpoints/validation2025_100/ensemble_2_models_e5ohnz5w_tta_ddp_kpcyjb66_tta_hybrid/predicted_lesions/thr0p5_mincc40/scan_0162_pred_lesion.nii.gz
scan_0165,probability_average,none,0.1,0,nan,0.1,0,1,1,0.0,0,nan,-1,nan,-1,nan,-1,-1,nan,-1,/data/data/DA25S005/miccai_tbi/MultiTalentV2_finetuning/checkpoints/validation2025_100/ensemble_2_models_e5ohnz5w_tta_ddp_kpcyjb66_tta_hybrid/predicted_lesions/thr0p1_mincc0/scan_0165_pred_lesion.nii.gz
scan_0165,probability_average,none,0.1,3,nan,0.1,0,1,1,0.0,0,nan,-1,nan,-1,nan,-1,-1,nan,-1,/data/data/DA25S005/miccai_tbi/MultiTalentV2_finetuning/checkpoints/validation2025_100/ensemble_2_models_e5ohnz5w_tta_ddp_kpcyjb66_tta_hybrid/predicted_lesions/thr0p1_mincc3/scan_0165_pred_lesion.nii.gz
scan_0165,probability_average,none,0.1,5,nan,0.1,0,1,1,0.0,0,nan,-1,nan,-1,nan,-1,-1,nan,-1,/data/data/DA25S005/miccai_tbi/MultiTalentV2_finetuning/checkpoints/validation2025_100/ensemble_2_models_e5ohnz5w_tta_ddp_kpcyjb66_tta_hybrid/predicted_lesions/thr0p1_mincc5/scan_0165_pred_lesion.nii.gz
scan_0165,probability_average,none,0.1,10,nan,0.1,0,1,1,0.0,0,nan,-1,nan,-1,nan,-1,-1,nan,-1,/data/data/DA25S005/miccai_tbi/MultiTalentV2_finetuning/checkpoints/validation2025_100/ensemble_2_models_e5ohnz5w_tta_ddp_kpcyjb66_tta_hybrid/predicted_lesions/thr0p1_mincc10/scan_0165_pred_lesion.nii.gz
scan_0165,probability_average,none,0.1,20,nan,0.1,0,1,1,0.0,0,nan,-1,nan,-1,nan,-1,-1,nan,-1,/data/data/DA25S005/miccai_tbi/MultiTalentV2_finetuning/checkpoints/validation2025_100/ensemble_2_models_e5ohnz5w_tta_ddp_kpcyjb66_tta_hybrid/predicted_lesions/thr0p1_mincc20/scan_0165_pred_lesion.nii.gz
scan_0165,probability_average,none,0.1,40,nan,0.1,0,1,1,0.0,0,nan,-1,nan,-1,nan,-1,-1,nan,-1,/data/data/DA25S005/miccai_tbi/MultiTalentV2_finetuning/checkpoints/validation2025_100/ensemble_2_models_e5ohnz5w_tta_ddp_kpcyjb66_tta_hybrid/predicted_lesions/thr0p1_mincc40/scan_0165_pred_lesion.nii.gz
scan_0165,probability_average,none,0.2,0,nan,0.1,0,1,1,0.0,0,nan,-1,nan,-1,nan,-1,-1,nan,-1,/data/data/DA25S005/miccai_tbi/MultiTalentV2_finetuning/checkpoints/validation2025_100/ensemble_2_models_e5ohnz5w_tta_ddp_kpcyjb66_tta_hybrid/predicted_lesions/thr0p2_mincc0/scan_0165_pred_lesion.nii.gz
scan_0165,probability_average,none,0.2,3,nan,0.1,0,1,1,0.0,0,nan,-1,nan,-1,nan,-1,-1,nan,-1,/data/data/DA25S005/miccai_tbi/MultiTalentV2_finetuning/checkpoints/validation2025_100/ensemble_2_models_e5ohnz5w_tta_ddp_kpcyjb66_tta_hybrid/predicted_lesions/thr0p2_mincc3/scan_0165_pred_lesion.nii.gz
scan_0165,probability_average,none,0.2,5,nan,0.1,0,1,1,0.0,0,nan,-1,nan,-1,nan,-1,-1,nan,-1,/data/data/DA25S005/miccai_tbi/MultiTalentV2_finetuning/checkpoints/validation2025_100/ensemble_2_models_e5ohnz5w_tta_ddp_kpcyjb66_tta_hybrid/predicted_lesions/thr0p2_mincc5/scan_0165_pred_lesion.nii.gz
scan_0165,probability_average,none,0.2,10,nan,0.1,0,1,1,0.0,0,nan,-1,nan,-1,nan,-1,-1,nan,-1,/data/data/DA25S005/miccai_tbi/MultiTalentV2_finetuning/checkpoints/validation2025_100/ensemble_2_models_e5ohnz5w_tta_ddp_kpcyjb66_tta_hybrid/predicted_lesions/thr0p2_mincc10/scan_0165_pred_lesion.nii.gz
scan_0165,probability_average,none,0.2,20,nan,0.1,0,1,1,0.0,0,nan,-1,nan,-1,nan,-1,-1,nan,-1,/data/data/DA25S005/miccai_tbi/MultiTalentV2_finetuning/checkpoints/validation2025_100/ensemble_2_models_e5ohnz5w_tta_ddp_kpcyjb66_tta_hybrid/predicted_lesions/thr0p2_mincc20/scan_0165_pred_lesion.nii.gz
scan_0165,probability_average,none,0.2,40,nan,0.1,0,1,1,0.0,0,nan,-1,nan,-1,nan,-1,-1,nan,-1,/data/data/DA25S005/miccai_tbi/MultiTalentV2_finetuning/checkpoints/validation2025_100/ensemble_2_models_e5ohnz5w_tta_ddp_kpcyjb66_tta_hybrid/predicted_lesions/thr0p2_mincc40/scan_0165_pred_lesion.nii.gz
scan_0165,probability_average,none,0.3,0,nan,0.1,0,1,1,0.0,0,nan,-1,nan,-1,nan,-1,-1,nan,-1,/data/data/DA25S005/miccai_tbi/MultiTalentV2_finetuning/checkpoints/validation2025_100/ensemble_2_models_e5ohnz5w_tta_ddp_kpcyjb66_tta_hybrid/predicted_lesions/thr0p3_mincc0/scan_0165_pred_lesion.nii.gz
scan_0165,probability_average,none,0.3,3,nan,0.1,0,1,1,0.0,0,nan,-1,nan,-1,nan,-1,-1,nan,-1,/data/data/DA25S005/miccai_tbi/MultiTalentV2_finetuning/checkpoints/validation2025_100/ensemble_2_models_e5ohnz5w_tta_ddp_kpcyjb66_tta_hybrid/predicted_lesions/thr0p3_mincc3/scan_0165_pred_lesion.nii.gz
scan_0165,probability_average,none,0.3,5,nan,0.1,0,1,1,0.0,0,nan,-1,nan,-1,nan,-1,-1,nan,-1,/data/data/DA25S005/miccai_tbi/MultiTalentV2_finetuning/checkpoints/validation2025_100/ensemble_2_models_e5ohnz5w_tta_ddp_kpcyjb66_tta_hybrid/predicted_lesions/thr0p3_mincc5/scan_0165_pred_lesion.nii.gz
scan_0165,probability_average,none,0.3,10,nan,0.1,0,1,1,0.0,0,nan,-1,nan,-1,nan,-1,-1,nan,-1,/data/data/DA25S005/miccai_tbi/MultiTalentV2_finetuning/checkpoints/validation2025_100/ensemble_2_models_e5ohnz5w_tta_ddp_kpcyjb66_tta_hybrid/predicted_lesions/thr0p3_mincc10/scan_0165_pred_lesion.nii.gz
scan_0165,probability_average,none,0.3,20,nan,0.1,0,1,1,0.0,0,nan,-1,nan,-1,nan,-1,-1,nan,-1,/data/data/DA25S005/miccai_tbi/MultiTalentV2_finetuning/checkpoints/validation2025_100/ensemble_2_models_e5ohnz5w_tta_ddp_kpcyjb66_tta_hybrid/predicted_lesions/thr0p3_mincc20/scan_0165_pred_lesion.nii.gz
scan_0165,probability_average,none,0.3,40,nan,0.1,0,1,1,0.0,0,nan,-1,nan,-1,nan,-1,-1,nan,-1,/data/data/DA25S005/miccai_tbi/MultiTalentV2_finetuning/checkpoints/validation2025_100/ensemble_2_models_e5ohnz5w_tta_ddp_kpcyjb66_tta_hybrid/predicted_lesions/thr0p3_mincc40/scan_0165_pred_lesion.nii.gz
scan_0165,probability_average,none,0.4,0,nan,0.1,0,1,1,0.0,0,nan,-1,nan,-1,nan,-1,-1,nan,-1,/data/data/DA25S005/miccai_tbi/MultiTalentV2_finetuning/checkpoints/validation2025_100/ensemble_2_models_e5ohnz5w_tta_ddp_kpcyjb66_tta_hybrid/predicted_lesions/thr0p4_mincc0/scan_0165_pred_lesion.nii.gz
scan_0165,probability_average,none,0.4,3,nan,0.1,0,1,1,0.0,0,nan,-1,nan,-1,nan,-1,-1,nan,-1,/data/data/DA25S005/miccai_tbi/MultiTalentV2_finetuning/checkpoints/validation2025_100/ensemble_2_models_e5ohnz5w_tta_ddp_kpcyjb66_tta_hybrid/predicted_lesions/thr0p4_mincc3/scan_0165_pred_lesion.nii.gz
scan_0165,probability_average,none,0.4,5,nan,0.1,0,1,1,0.0,0,nan,-1,nan,-1,nan,-1,-1,nan,-1,/data/data/DA25S005/miccai_tbi/MultiTalentV2_finetuning/checkpoints/validation2025_100/ensemble_2_models_e5ohnz5w_tta_ddp_kpcyjb66_tta_hybrid/predicted_lesions/thr0p4_mincc5/scan_0165_pred_lesion.nii.gz
scan_0165,probability_average,none,0.4,10,nan,0.1,0,1,1,0.0,0,nan,-1,nan,-1,nan,-1,-1,nan,-1,/data/data/DA25S005/miccai_tbi/MultiTalentV2_finetuning/checkpoints/validation2025_100/ensemble_2_models_e5ohnz5w_tta_ddp_kpcyjb66_tta_hybrid/predicted_lesions/thr0p4_mincc10/scan_0165_pred_lesion.nii.gz
scan_0165,probability_average,none,0.4,20,nan,0.1,0,1,1,0.0,0,nan,-1,nan,-1,nan,-1,-1,nan,-1,/data/data/DA25S005/miccai_tbi/MultiTalentV2_finetuning/checkpoints/validation2025_100/ensemble_2_models_e5ohnz5w_tta_ddp_kpcyjb66_tta_hybrid/predicted_lesions/thr0p4_mincc20/scan_0165_pred_lesion.nii.gz
scan_0165,probability_average,none,0.4,40,nan,0.1,0,1,1,0.0,0,nan,-1,nan,-1,nan,-1,-1,nan,-1,/data/data/DA25S005/miccai_tbi/MultiTalentV2_finetuning/checkpoints/validation2025_100/ensemble_2_models_e5ohnz5w_tta_ddp_kpcyjb66_tta_hybrid/predicted_lesions/thr0p4_mincc40/scan_0165_pred_lesion.nii.gz
scan_0165,probability_average,none,0.5,0,nan,0.1,0,1,1,0.0,0,nan,-1,nan,-1,nan,-1,-1,nan,-1,/data/data/DA25S005/miccai_tbi/MultiTalentV2_finetuning/checkpoints/validation2025_100/ensemble_2_models_e5ohnz5w_tta_ddp_kpcyjb66_tta_hybrid/predicted_lesions/thr0p5_mincc0/scan_0165_pred_lesion.nii.gz
scan_0165,probability_average,none,0.5,3,nan,0.1,0,1,1,0.0,0,nan,-1,nan,-1,nan,-1,-1,nan,-1,/data/data/DA25S005/miccai_tbi/MultiTalentV2_finetuning/checkpoints/validation2025_100/ensemble_2_models_e5ohnz5w_tta_ddp_kpcyjb66_tta_hybrid/predicted_lesions/thr0p5_mincc3/scan_0165_pred_lesion.nii.gz
scan_0165,probability_average,none,0.5,5,nan,0.1,0,1,1,0.0,0,nan,-1,nan,-1,nan,-1,-1,nan,-1,/data/data/DA25S005/miccai_tbi/MultiTalentV2_finetuning/checkpoints/validation2025_100/ensemble_2_models_e5ohnz5w_tta_ddp_kpcyjb66_tta_hybrid/predicted_lesions/thr0p5_mincc5/scan_0165_pred_lesion.nii.gz
scan_0165,probability_average,none,0.5,10,nan,0.1,0,1,1,0.0,0,nan,-1,nan,-1,nan,-1,-1,nan,-1,/data/data/DA25S005/miccai_tbi/MultiTalentV2_finetuning/checkpoints/validation2025_100/ensemble_2_models_e5ohnz5w_tta_ddp_kpcyjb66_tta_hybrid/predicted_lesions/thr0p5_mincc10/scan_0165_pred_lesion.nii.gz
scan_0165,probability_average,none,0.5,20,nan,0.1,0,1,1,0.0,0,nan,-1,nan,-1,nan,-1,-1,nan,-1,/data/data/DA25S005/miccai_tbi/MultiTalentV2_finetuning/checkpoints/validation2025_100/ensemble_2_models_e5ohnz5w_tta_ddp_kpcyjb66_tta_hybrid/predicted_lesions/thr0p5_mincc20/scan_0165_pred_lesion.nii.gz
scan_0165,probability_average,none,0.5,40,nan,0.1,0,1,1,0.0,0,nan,-1,nan,-1,nan,-1,-1,nan,-1,/data/data/DA25S005/miccai_tbi/MultiTalentV2_finetuning/checkpoints/validation2025_100/ensemble_2_models_e5ohnz5w_tta_ddp_kpcyjb66_tta_hybrid/predicted_lesions/thr0p5_mincc40/scan_0165_pred_lesion.nii.gz
scan_0170,probability_average,none,0.1,0,nan,0.1,0,1,1,0.0,0,nan,-1,nan,-1,nan,-1,-1,nan,-1,/data/data/DA25S005/miccai_tbi/MultiTalentV2_finetuning/checkpoints/validation2025_100/ensemble_2_models_e5ohnz5w_tta_ddp_kpcyjb66_tta_hybrid/predicted_lesions/thr0p1_mincc0/scan_0170_pred_lesion.nii.gz
scan_0170,probability_average,none,0.1,3,nan,0.1,0,1,1,0.0,0,nan,-1,nan,-1,nan,-1,-1,nan,-1,/data/data/DA25S005/miccai_tbi/MultiTalentV2_finetuning/checkpoints/validation2025_100/ensemble_2_models_e5ohnz5w_tta_ddp_kpcyjb66_tta_hybrid/predicted_lesions/thr0p1_mincc3/scan_0170_pred_lesion.nii.gz
scan_0170,probability_average,none,0.1,5,nan,0.1,0,1,1,0.0,0,nan,-1,nan,-1,nan,-1,-1,nan,-1,/data/data/DA25S005/miccai_tbi/MultiTalentV2_finetuning/checkpoints/validation2025_100/ensemble_2_models_e5ohnz5w_tta_ddp_kpcyjb66_tta_hybrid/predicted_lesions/thr0p1_mincc5/scan_0170_pred_lesion.nii.gz
scan_0170,probability_average,none,0.1,10,nan,0.1,0,1,1,0.0,0,nan,-1,nan,-1,nan,-1,-1,nan,-1,/data/data/DA25S005/miccai_tbi/MultiTalentV2_finetuning/checkpoints/validation2025_100/ensemble_2_models_e5ohnz5w_tta_ddp_kpcyjb66_tta_hybrid/predicted_lesions/thr0p1_mincc10/scan_0170_pred_lesion.nii.gz
scan_0170,probability_average,none,0.1,20,nan,0.1,0,1,1,0.0,0,nan,-1,nan,-1,nan,-1,-1,nan,-1,/data/data/DA25S005/miccai_tbi/MultiTalentV2_finetuning/checkpoints/validation2025_100/ensemble_2_models_e5ohnz5w_tta_ddp_kpcyjb66_tta_hybrid/predicted_lesions/thr0p1_mincc20/scan_0170_pred_lesion.nii.gz
scan_0170,probability_average,none,0.1,40,nan,0.1,0,1,1,0.0,0,nan,-1,nan,-1,nan,-1,-1,nan,-1,/data/data/DA25S005/miccai_tbi/MultiTalentV2_finetuning/checkpoints/validation2025_100/ensemble_2_models_e5ohnz5w_tta_ddp_kpcyjb66_tta_hybrid/predicted_lesions/thr0p1_mincc40/scan_0170_pred_lesion.nii.gz
scan_0170,probability_average,none,0.2,0,nan,0.1,0,1,1,0.0,0,nan,-1,nan,-1,nan,-1,-1,nan,-1,/data/data/DA25S005/miccai_tbi/MultiTalentV2_finetuning/checkpoints/validation2025_100/ensemble_2_models_e5ohnz5w_tta_ddp_kpcyjb66_tta_hybrid/predicted_lesions/thr0p2_mincc0/scan_0170_pred_lesion.nii.gz
scan_0170,probability_average,none,0.2,3,nan,0.1,0,1,1,0.0,0,nan,-1,nan,-1,nan,-1,-1,nan,-1,/data/data/DA25S005/miccai_tbi/MultiTalentV2_finetuning/checkpoints/validation2025_100/ensemble_2_models_e5ohnz5w_tta_ddp_kpcyjb66_tta_hybrid/predicted_lesions/thr0p2_mincc3/scan_0170_pred_lesion.nii.gz
scan_0170,probability_average,none,0.2,5,nan,0.1,0,1,1,0.0,0,nan,-1,nan,-1,nan,-1,-1,nan,-1,/data/data/DA25S005/miccai_tbi/MultiTalentV2_finetuning/checkpoints/validation2025_100/ensemble_2_models_e5ohnz5w_tta_ddp_kpcyjb66_tta_hybrid/predicted_lesions/thr0p2_mincc5/scan_0170_pred_lesion.nii.gz
scan_0170,probability_average,none,0.2,10,nan,0.1,0,1,1,0.0,0,nan,-1,nan,-1,nan,-1,-1,nan,-1,/data/data/DA25S005/miccai_tbi/MultiTalentV2_finetuning/checkpoints/validation2025_100/ensemble_2_models_e5ohnz5w_tta_ddp_kpcyjb66_tta_hybrid/predicted_lesions/thr0p2_mincc10/scan_0170_pred_lesion.nii.gz
scan_0170,probability_average,none,0.2,20,nan,0.1,0,1,1,0.0,0,nan,-1,nan,-1,nan,-1,-1,nan,-1,/data/data/DA25S005/miccai_tbi/MultiTalentV2_finetuning/checkpoints/validation2025_100/ensemble_2_models_e5ohnz5w_tta_ddp_kpcyjb66_tta_hybrid/predicted_lesions/thr0p2_mincc20/scan_0170_pred_lesion.nii.gz
scan_0170,probability_average,none,0.2,40,nan,0.1,0,1,1,0.0,0,nan,-1,nan,-1,nan,-1,-1,nan,-1,/data/data/DA25S005/miccai_tbi/MultiTalentV2_finetuning/checkpoints/validation2025_100/ensemble_2_models_e5ohnz5w_tta_ddp_kpcyjb66_tta_hybrid/predicted_lesions/thr0p2_mincc40/scan_0170_pred_lesion.nii.gz
scan_0170,probability_average,none,0.3,0,nan,0.1,0,1,1,0.0,0,nan,-1,nan,-1,nan,-1,-1,nan,-1,/data/data/DA25S005/miccai_tbi/MultiTalentV2_finetuning/checkpoints/validation2025_100/ensemble_2_models_e5ohnz5w_tta_ddp_kpcyjb66_tta_hybrid/predicted_lesions/thr0p3_mincc0/scan_0170_pred_lesion.nii.gz
scan_0170,probability_average,none,0.3,3,nan,0.1,0,1,1,0.0,0,nan,-1,nan,-1,nan,-1,-1,nan,-1,/data/data/DA25S005/miccai_tbi/MultiTalentV2_finetuning/checkpoints/validation2025_100/ensemble_2_models_e5ohnz5w_tta_ddp_kpcyjb66_tta_hybrid/predicted_lesions/thr0p3_mincc3/scan_0170_pred_lesion.nii.gz
scan_0170,probability_average,none,0.3,5,nan,0.1,0,1,1,0.0,0,nan,-1,nan,-1,nan,-1,-1,nan,-1,/data/data/DA25S005/miccai_tbi/MultiTalentV2_finetuning/checkpoints/validation2025_100/ensemble_2_models_e5ohnz5w_tta_ddp_kpcyjb66_tta_hybrid/predicted_lesions/thr0p3_mincc5/scan_0170_pred_lesion.nii.gz
scan_0170,probability_average,none,0.3,10,nan,0.1,0,1,1,0.0,0,nan,-1,nan,-1,nan,-1,-1,nan,-1,/data/data/DA25S005/miccai_tbi/MultiTalentV2_finetuning/checkpoints/validation2025_100/ensemble_2_models_e5ohnz5w_tta_ddp_kpcyjb66_tta_hybrid/predicted_lesions/thr0p3_mincc10/scan_0170_pred_lesion.nii.gz
scan_0170,probability_average,none,0.3,20,nan,0.1,0,1,1,0.0,0,nan,-1,nan,-1,nan,-1,-1,nan,-1,/data/data/DA25S005/miccai_tbi/MultiTalentV2_finetuning/checkpoints/validation2025_100/ensemble_2_models_e5ohnz5w_tta_ddp_kpcyjb66_tta_hybrid/predicted_lesions/thr0p3_mincc20/scan_0170_pred_lesion.nii.gz
scan_0170,probability_average,none,0.3,40,nan,0.1,0,1,1,0.0,0,nan,-1,nan,-1,nan,-1,-1,nan,-1,/data/data/DA25S005/miccai_tbi/MultiTalentV2_finetuning/checkpoints/validation2025_100/ensemble_2_models_e5ohnz5w_tta_ddp_kpcyjb66_tta_hybrid/predicted_lesions/thr0p3_mincc40/scan_0170_pred_lesion.nii.gz
scan_0170,probability_average,none,0.4,0,nan,0.1,0,1,1,0.0,0,nan,-1,nan,-1,nan,-1,-1,nan,-1,/data/data/DA25S005/miccai_tbi/MultiTalentV2_finetuning/checkpoints/validation2025_100/ensemble_2_models_e5ohnz5w_tta_ddp_kpcyjb66_tta_hybrid/predicted_lesions/thr0p4_mincc0/scan_0170_pred_lesion.nii.gz
scan_0170,probability_average,none,0.4,3,nan,0.1,0,1,1,0.0,0,nan,-1,nan,-1,nan,-1,-1,nan,-1,/data/data/DA25S005/miccai_tbi/MultiTalentV2_finetuning/checkpoints/validation2025_100/ensemble_2_models_e5ohnz5w_tta_ddp_kpcyjb66_tta_hybrid/predicted_lesions/thr0p4_mincc3/scan_0170_pred_lesion.nii.gz
scan_0170,probability_average,none,0.4,5,nan,0.1,0,1,1,0.0,0,nan,-1,nan,-1,nan,-1,-1,nan,-1,/data/data/DA25S005/miccai_tbi/MultiTalentV2_finetuning/checkpoints/validation2025_100/ensemble_2_models_e5ohnz5w_tta_ddp_kpcyjb66_tta_hybrid/predicted_lesions/thr0p4_mincc5/scan_0170_pred_lesion.nii.gz
scan_0170,probability_average,none,0.4,10,nan,0.1,0,1,1,0.0,0,nan,-1,nan,-1,nan,-1,-1,nan,-1,/data/data/DA25S005/miccai_tbi/MultiTalentV2_finetuning/checkpoints/validation2025_100/ensemble_2_models_e5ohnz5w_tta_ddp_kpcyjb66_tta_hybrid/predicted_lesions/thr0p4_mincc10/scan_0170_pred_lesion.nii.gz
scan_0170,probability_average,none,0.4,20,nan,0.1,0,1,1,0.0,0,nan,-1,nan,-1,nan,-1,-1,nan,-1,/data/data/DA25S005/miccai_tbi/MultiTalentV2_finetuning/checkpoints/validation2025_100/ensemble_2_models_e5ohnz5w_tta_ddp_kpcyjb66_tta_hybrid/predicted_lesions/thr0p4_mincc20/scan_0170_pred_lesion.nii.gz
scan_0170,probability_average,none,0.4,40,nan,0.1,0,1,1,0.0,0,nan,-1,nan,-1,nan,-1,-1,nan,-1,/data/data/DA25S005/miccai_tbi/MultiTalentV2_finetuning/checkpoints/validation2025_100/ensemble_2_models_e5ohnz5w_tta_ddp_kpcyjb66_tta_hybrid/predicted_lesions/thr0p4_mincc40/scan_0170_pred_lesion.nii.gz
scan_0170,probability_average,none,0.5,0,nan,0.1,0,1,1,0.0,0,nan,-1,nan,-1,nan,-1,-1,nan,-1,/data/data/DA25S005/miccai_tbi/MultiTalentV2_finetuning/checkpoints/validation2025_100/ensemble_2_models_e5ohnz5w_tta_ddp_kpcyjb66_tta_hybrid/predicted_lesions/thr0p5_mincc0/scan_0170_pred_lesion.nii.gz
scan_0170,probability_average,none,0.5,3,nan,0.1,0,1,1,0.0,0,nan,-1,nan,-1,nan,-1,-1,nan,-1,/data/data/DA25S005/miccai_tbi/MultiTalentV2_finetuning/checkpoints/validation2025_100/ensemble_2_models_e5ohnz5w_tta_ddp_kpcyjb66_tta_hybrid/predicted_lesions/thr0p5_mincc3/scan_0170_pred_lesion.nii.gz
scan_0170,probability_average,none,0.5,5,nan,0.1,0,1,1,0.0,0,nan,-1,nan,-1,nan,-1,-1,nan,-1,/data/data/DA25S005/miccai_tbi/MultiTalentV2_finetuning/checkpoints/validation2025_100/ensemble_2_models_e5ohnz5w_tta_ddp_kpcyjb66_tta_hybrid/predicted_lesions/thr0p5_mincc5/scan_0170_pred_lesion.nii.gz
scan_0170,probability_average,none,0.5,10,nan,0.1,0,1,1,0.0,0,nan,-1,nan,-1,nan,-1,-1,nan,-1,/data/data/DA25S005/miccai_tbi/MultiTalentV2_finetuning/checkpoints/validation2025_100/ensemble_2_models_e5ohnz5w_tta_ddp_kpcyjb66_tta_hybrid/predicted_lesions/thr0p5_mincc10/scan_0170_pred_lesion.nii.gz
scan_0170,probability_average,none,0.5,20,nan,0.1,0,1,1,0.0,0,nan,-1,nan,-1,nan,-1,-1,nan,-1,/data/data/DA25S005/miccai_tbi/MultiTalentV2_finetuning/checkpoints/validation2025_100/ensemble_2_models_e5ohnz5w_tta_ddp_kpcyjb66_tta_hybrid/predicted_lesions/thr0p5_mincc20/scan_0170_pred_lesion.nii.gz
scan_0170,probability_average,none,0.5,40,nan,0.1,0,1,1,0.0,0,nan,-1,nan,-1,nan,-1,-1,nan,-1,/data/data/DA25S005/miccai_tbi/MultiTalentV2_finetuning/checkpoints/validation2025_100/ensemble_2_models_e5ohnz5w_tta_ddp_kpcyjb66_tta_hybrid/predicted_lesions/thr0p5_mincc40/scan_0170_pred_lesion.nii.gz
scan_0172,probability_average,none,0.1,0,nan,0.1,0,1,1,0.0,0,nan,-1,nan,-1,nan,-1,-1,nan,-1,/data/data/DA25S005/miccai_tbi/MultiTalentV2_finetuning/checkpoints/validation2025_100/ensemble_2_models_e5ohnz5w_tta_ddp_kpcyjb66_tta_hybrid/predicted_lesions/thr0p1_mincc0/scan_0172_pred_lesion.nii.gz
scan_0172,probability_average,none,0.1,3,nan,0.1,0,1,1,0.0,0,nan,-1,nan,-1,nan,-1,-1,nan,-1,/data/data/DA25S005/miccai_tbi/MultiTalentV2_finetuning/checkpoints/validation2025_100/ensemble_2_models_e5ohnz5w_tta_ddp_kpcyjb66_tta_hybrid/predicted_lesions/thr0p1_mincc3/scan_0172_pred_lesion.nii.gz
scan_0172,probability_average,none,0.1,5,nan,0.1,0,1,1,0.0,0,nan,-1,nan,-1,nan,-1,-1,nan,-1,/data/data/DA25S005/miccai_tbi/MultiTalentV2_finetuning/checkpoints/validation2025_100/ensemble_2_models_e5ohnz5w_tta_ddp_kpcyjb66_tta_hybrid/predicted_lesions/thr0p1_mincc5/scan_0172_pred_lesion.nii.gz
scan_0172,probability_average,none,0.1,10,nan,0.1,0,1,1,0.0,0,nan,-1,nan,-1,nan,-1,-1,nan,-1,/data/data/DA25S005/miccai_tbi/MultiTalentV2_finetuning/checkpoints/validation2025_100/ensemble_2_models_e5ohnz5w_tta_ddp_kpcyjb66_tta_hybrid/predicted_lesions/thr0p1_mincc10/scan_0172_pred_lesion.nii.gz
scan_0172,probability_average,none,0.1,20,nan,0.1,0,1,1,0.0,0,nan,-1,nan,-1,nan,-1,-1,nan,-1,/data/data/DA25S005/miccai_tbi/MultiTalentV2_finetuning/checkpoints/validation2025_100/ensemble_2_models_e5ohnz5w_tta_ddp_kpcyjb66_tta_hybrid/predicted_lesions/thr0p1_mincc20/scan_0172_pred_lesion.nii.gz
scan_0172,probability_average,none,0.1,40,nan,0.1,0,1,1,0.0,0,nan,-1,nan,-1,nan,-1,-1,nan,-1,/data/data/DA25S005/miccai_tbi/MultiTalentV2_finetuning/checkpoints/validation2025_100/ensemble_2_models_e5ohnz5w_tta_ddp_kpcyjb66_tta_hybrid/predicted_lesions/thr0p1_mincc40/scan_0172_pred_lesion.nii.gz
scan_0172,probability_average,none,0.2,0,nan,0.1,0,1,1,0.0,0,nan,-1,nan,-1,nan,-1,-1,nan,-1,/data/data/DA25S005/miccai_tbi/MultiTalentV2_finetuning/checkpoints/validation2025_100/ensemble_2_models_e5ohnz5w_tta_ddp_kpcyjb66_tta_hybrid/predicted_lesions/thr0p2_mincc0/scan_0172_pred_lesion.nii.gz
scan_0172,probability_average,none,0.2,3,nan,0.1,0,1,1,0.0,0,nan,-1,nan,-1,nan,-1,-1,nan,-1,/data/data/DA25S005/miccai_tbi/MultiTalentV2_finetuning/checkpoints/validation2025_100/ensemble_2_models_e5ohnz5w_tta_ddp_kpcyjb66_tta_hybrid/predicted_lesions/thr0p2_mincc3/scan_0172_pred_lesion.nii.gz
scan_0172,probability_average,none,0.2,5,nan,0.1,0,1,1,0.0,0,nan,-1,nan,-1,nan,-1,-1,nan,-1,/data/data/DA25S005/miccai_tbi/MultiTalentV2_finetuning/checkpoints/validation2025_100/ensemble_2_models_e5ohnz5w_tta_ddp_kpcyjb66_tta_hybrid/predicted_lesions/thr0p2_mincc5/scan_0172_pred_lesion.nii.gz
scan_0172,probability_average,none,0.2,10,nan,0.1,0,1,1,0.0,0,nan,-1,nan,-1,nan,-1,-1,nan,-1,/data/data/DA25S005/miccai_tbi/MultiTalentV2_finetuning/checkpoints/validation2025_100/ensemble_2_models_e5ohnz5w_tta_ddp_kpcyjb66_tta_hybrid/predicted_lesions/thr0p2_mincc10/scan_0172_pred_lesion.nii.gz
scan_0172,probability_average,none,0.2,20,nan,0.1,0,1,1,0.0,0,nan,-1,nan,-1,nan,-1,-1,nan,-1,/data/data/DA25S005/miccai_tbi/MultiTalentV2_finetuning/checkpoints/validation2025_100/ensemble_2_models_e5ohnz5w_tta_ddp_kpcyjb66_tta_hybrid/predicted_lesions/thr0p2_mincc20/scan_0172_pred_lesion.nii.gz
scan_0172,probability_average,none,0.2,40,nan,0.1,0,1,1,0.0,0,nan,-1,nan,-1,nan,-1,-1,nan,-1,/data/data/DA25S005/miccai_tbi/MultiTalentV2_finetuning/checkpoints/validation2025_100/ensemble_2_models_e5ohnz5w_tta_ddp_kpcyjb66_tta_hybrid/predicted_lesions/thr0p2_mincc40/scan_0172_pred_lesion.nii.gz
scan_0172,probability_average,none,0.3,0,nan,0.1,0,1,1,0.0,0,nan,-1,nan,-1,nan,-1,-1,nan,-1,/data/data/DA25S005/miccai_tbi/MultiTalentV2_finetuning/checkpoints/validation2025_100/ensemble_2_models_e5ohnz5w_tta_ddp_kpcyjb66_tta_hybrid/predicted_lesions/thr0p3_mincc0/scan_0172_pred_lesion.nii.gz
scan_0172,probability_average,none,0.3,3,nan,0.1,0,1,1,0.0,0,nan,-1,nan,-1,nan,-1,-1,nan,-1,/data/data/DA25S005/miccai_tbi/MultiTalentV2_finetuning/checkpoints/validation2025_100/ensemble_2_models_e5ohnz5w_tta_ddp_kpcyjb66_tta_hybrid/predicted_lesions/thr0p3_mincc3/scan_0172_pred_lesion.nii.gz
scan_0172,probability_average,none,0.3,5,nan,0.1,0,1,1,0.0,0,nan,-1,nan,-1,nan,-1,-1,nan,-1,/data/data/DA25S005/miccai_tbi/MultiTalentV2_finetuning/checkpoints/validation2025_100/ensemble_2_models_e5ohnz5w_tta_ddp_kpcyjb66_tta_hybrid/predicted_lesions/thr0p3_mincc5/scan_0172_pred_lesion.nii.gz
scan_0172,probability_average,none,0.3,10,nan,0.1,0,1,1,0.0,0,nan,-1,nan,-1,nan,-1,-1,nan,-1,/data/data/DA25S005/miccai_tbi/MultiTalentV2_finetuning/checkpoints/validation2025_100/ensemble_2_models_e5ohnz5w_tta_ddp_kpcyjb66_tta_hybrid/predicted_lesions/thr0p3_mincc10/scan_0172_pred_lesion.nii.gz
scan_0172,probability_average,none,0.3,20,nan,0.1,0,1,1,0.0,0,nan,-1,nan,-1,nan,-1,-1,nan,-1,/data/data/DA25S005/miccai_tbi/MultiTalentV2_finetuning/checkpoints/validation2025_100/ensemble_2_models_e5ohnz5w_tta_ddp_kpcyjb66_tta_hybrid/predicted_lesions/thr0p3_mincc20/scan_0172_pred_lesion.nii.gz
scan_0172,probability_average,none,0.3,40,nan,0.1,0,1,1,0.0,0,nan,-1,nan,-1,nan,-1,-1,nan,-1,/data/data/DA25S005/miccai_tbi/MultiTalentV2_finetuning/checkpoints/validation2025_100/ensemble_2_models_e5ohnz5w_tta_ddp_kpcyjb66_tta_hybrid/predicted_lesions/thr0p3_mincc40/scan_0172_pred_lesion.nii.gz
scan_0172,probability_average,none,0.4,0,nan,0.1,0,1,1,0.0,0,nan,-1,nan,-1,nan,-1,-1,nan,-1,/data/data/DA25S005/miccai_tbi/MultiTalentV2_finetuning/checkpoints/validation2025_100/ensemble_2_models_e5ohnz5w_tta_ddp_kpcyjb66_tta_hybrid/predicted_lesions/thr0p4_mincc0/scan_0172_pred_lesion.nii.gz
scan_0172,probability_average,none,0.4,3,nan,0.1,0,1,1,0.0,0,nan,-1,nan,-1,nan,-1,-1,nan,-1,/data/data/DA25S005/miccai_tbi/MultiTalentV2_finetuning/checkpoints/validation2025_100/ensemble_2_models_e5ohnz5w_tta_ddp_kpcyjb66_tta_hybrid/predicted_lesions/thr0p4_mincc3/scan_0172_pred_lesion.nii.gz
scan_0172,probability_average,none,0.4,5,nan,0.1,0,1,1,0.0,0,nan,-1,nan,-1,nan,-1,-1,nan,-1,/data/data/DA25S005/miccai_tbi/MultiTalentV2_finetuning/checkpoints/validation2025_100/ensemble_2_models_e5ohnz5w_tta_ddp_kpcyjb66_tta_hybrid/predicted_lesions/thr0p4_mincc5/scan_0172_pred_lesion.nii.gz
scan_0172,probability_average,none,0.4,10,nan,0.1,0,1,1,0.0,0,nan,-1,nan,-1,nan,-1,-1,nan,-1,/data/data/DA25S005/miccai_tbi/MultiTalentV2_finetuning/checkpoints/validation2025_100/ensemble_2_models_e5ohnz5w_tta_ddp_kpcyjb66_tta_hybrid/predicted_lesions/thr0p4_mincc10/scan_0172_pred_lesion.nii.gz
scan_0172,probability_average,none,0.4,20,nan,0.1,0,1,1,0.0,0,nan,-1,nan,-1,nan,-1,-1,nan,-1,/data/data/DA25S005/miccai_tbi/MultiTalentV2_finetuning/checkpoints/validation2025_100/ensemble_2_models_e5ohnz5w_tta_ddp_kpcyjb66_tta_hybrid/predicted_lesions/thr0p4_mincc20/scan_0172_pred_lesion.nii.gz
scan_0172,probability_average,none,0.4,40,nan,0.1,0,1,1,0.0,0,nan,-1,nan,-1,nan,-1,-1,nan,-1,/data/data/DA25S005/miccai_tbi/MultiTalentV2_finetuning/checkpoints/validation2025_100/ensemble_2_models_e5ohnz5w_tta_ddp_kpcyjb66_tta_hybrid/predicted_lesions/thr0p4_mincc40/scan_0172_pred_lesion.nii.gz
scan_0172,probability_average,none,0.5,0,nan,0.1,0,1,1,0.0,0,nan,-1,nan,-1,nan,-1,-1,nan,-1,/data/data/DA25S005/miccai_tbi/MultiTalentV2_finetuning/checkpoints/validation2025_100/ensemble_2_models_e5ohnz5w_tta_ddp_kpcyjb66_tta_hybrid/predicted_lesions/thr0p5_mincc0/scan_0172_pred_lesion.nii.gz
scan_0172,probability_average,none,0.5,3,nan,0.1,0,1,1,0.0,0,nan,-1,nan,-1,nan,-1,-1,nan,-1,/data/data/DA25S005/miccai_tbi/MultiTalentV2_finetuning/checkpoints/validation2025_100/ensemble_2_models_e5ohnz5w_tta_ddp_kpcyjb66_tta_hybrid/predicted_lesions/thr0p5_mincc3/scan_0172_pred_lesion.nii.gz
scan_0172,probability_average,none,0.5,5,nan,0.1,0,1,1,0.0,0,nan,-1,nan,-1,nan,-1,-1,nan,-1,/data/data/DA25S005/miccai_tbi/MultiTalentV2_finetuning/checkpoints/validation2025_100/ensemble_2_models_e5ohnz5w_tta_ddp_kpcyjb66_tta_hybrid/predicted_lesions/thr0p5_mincc5/scan_0172_pred_lesion.nii.gz
scan_0172,probability_average,none,0.5,10,nan,0.1,0,1,1,0.0,0,nan,-1,nan,-1,nan,-1,-1,nan,-1,/data/data/DA25S005/miccai_tbi/MultiTalentV2_finetuning/checkpoints/validation2025_100/ensemble_2_models_e5ohnz5w_tta_ddp_kpcyjb66_tta_hybrid/predicted_lesions/thr0p5_mincc10/scan_0172_pred_lesion.nii.gz
scan_0172,probability_average,none,0.5,20,nan,0.1,0,1,1,0.0,0,nan,-1,nan,-1,nan,-1,-1,nan,-1,/data/data/DA25S005/miccai_tbi/MultiTalentV2_finetuning/checkpoints/validation2025_100/ensemble_2_models_e5ohnz5w_tta_ddp_kpcyjb66_tta_hybrid/predicted_lesions/thr0p5_mincc20/scan_0172_pred_lesion.nii.gz
scan_0172,probability_average,none,0.5,40,nan,0.1,0,1,1,0.0,0,nan,-1,nan,-1,nan,-1,-1,nan,-1,/data/data/DA25S005/miccai_tbi/MultiTalentV2_finetuning/checkpoints/validation2025_100/ensemble_2_models_e5ohnz5w_tta_ddp_kpcyjb66_tta_hybrid/predicted_lesions/thr0p5_mincc40/scan_0172_pred_lesion.nii.gz
scan_0176,probability_average,none,0.1,0,nan,0.1,0,1,1,0.0,0,nan,-1,nan,-1,nan,-1,-1,nan,-1,/data/data/DA25S005/miccai_tbi/MultiTalentV2_finetuning/checkpoints/validation2025_100/ensemble_2_models_e5ohnz5w_tta_ddp_kpcyjb66_tta_hybrid/predicted_lesions/thr0p1_mincc0/scan_0176_pred_lesion.nii.gz
scan_0176,probability_average,none,0.1,3,nan,0.1,0,1,1,0.0,0,nan,-1,nan,-1,nan,-1,-1,nan,-1,/data/data/DA25S005/miccai_tbi/MultiTalentV2_finetuning/checkpoints/validation2025_100/ensemble_2_models_e5ohnz5w_tta_ddp_kpcyjb66_tta_hybrid/predicted_lesions/thr0p1_mincc3/scan_0176_pred_lesion.nii.gz
scan_0176,probability_average,none,0.1,5,nan,0.1,0,1,1,0.0,0,nan,-1,nan,-1,nan,-1,-1,nan,-1,/data/data/DA25S005/miccai_tbi/MultiTalentV2_finetuning/checkpoints/validation2025_100/ensemble_2_models_e5ohnz5w_tta_ddp_kpcyjb66_tta_hybrid/predicted_lesions/thr0p1_mincc5/scan_0176_pred_lesion.nii.gz
scan_0176,probability_average,none,0.1,10,nan,0.1,0,1,1,0.0,0,nan,-1,nan,-1,nan,-1,-1,nan,-1,/data/data/DA25S005/miccai_tbi/MultiTalentV2_finetuning/checkpoints/validation2025_100/ensemble_2_models_e5ohnz5w_tta_ddp_kpcyjb66_tta_hybrid/predicted_lesions/thr0p1_mincc10/scan_0176_pred_lesion.nii.gz
scan_0176,probability_average,none,0.1,20,nan,0.1,0,1,1,0.0,0,nan,-1,nan,-1,nan,-1,-1,nan,-1,/data/data/DA25S005/miccai_tbi/MultiTalentV2_finetuning/checkpoints/validation2025_100/ensemble_2_models_e5ohnz5w_tta_ddp_kpcyjb66_tta_hybrid/predicted_lesions/thr0p1_mincc20/scan_0176_pred_lesion.nii.gz
scan_0176,probability_average,none,0.1,40,nan,0.1,0,1,1,0.0,0,nan,-1,nan,-1,nan,-1,-1,nan,-1,/data/data/DA25S005/miccai_tbi/MultiTalentV2_finetuning/checkpoints/validation2025_100/ensemble_2_models_e5ohnz5w_tta_ddp_kpcyjb66_tta_hybrid/predicted_lesions/thr0p1_mincc40/scan_0176_pred_lesion.nii.gz
scan_0176,probability_average,none,0.2,0,nan,0.1,0,1,1,0.0,0,nan,-1,nan,-1,nan,-1,-1,nan,-1,/data/data/DA25S005/miccai_tbi/MultiTalentV2_finetuning/checkpoints/validation2025_100/ensemble_2_models_e5ohnz5w_tta_ddp_kpcyjb66_tta_hybrid/predicted_lesions/thr0p2_mincc0/scan_0176_pred_lesion.nii.gz
scan_0176,probability_average,none,0.2,3,nan,0.1,0,1,1,0.0,0,nan,-1,nan,-1,nan,-1,-1,nan,-1,/data/data/DA25S005/miccai_tbi/MultiTalentV2_finetuning/checkpoints/validation2025_100/ensemble_2_models_e5ohnz5w_tta_ddp_kpcyjb66_tta_hybrid/predicted_lesions/thr0p2_mincc3/scan_0176_pred_lesion.nii.gz
scan_0176,probability_average,none,0.2,5,nan,0.1,0,1,1,0.0,0,nan,-1,nan,-1,nan,-1,-1,nan,-1,/data/data/DA25S005/miccai_tbi/MultiTalentV2_finetuning/checkpoints/validation2025_100/ensemble_2_models_e5ohnz5w_tta_ddp_kpcyjb66_tta_hybrid/predicted_lesions/thr0p2_mincc5/scan_0176_pred_lesion.nii.gz
scan_0176,probability_average,none,0.2,10,nan,0.1,0,1,1,0.0,0,nan,-1,nan,-1,nan,-1,-1,nan,-1,/data/data/DA25S005/miccai_tbi/MultiTalentV2_finetuning/checkpoints/validation2025_100/ensemble_2_models_e5ohnz5w_tta_ddp_kpcyjb66_tta_hybrid/predicted_lesions/thr0p2_mincc10/scan_0176_pred_lesion.nii.gz
scan_0176,probability_average,none,0.2,20,nan,0.1,0,1,1,0.0,0,nan,-1,nan,-1,nan,-1,-1,nan,-1,/data/data/DA25S005/miccai_tbi/MultiTalentV2_finetuning/checkpoints/validation2025_100/ensemble_2_models_e5ohnz5w_tta_ddp_kpcyjb66_tta_hybrid/predicted_lesions/thr0p2_mincc20/scan_0176_pred_lesion.nii.gz
scan_0176,probability_average,none,0.2,40,nan,0.1,0,1,1,0.0,0,nan,-1,nan,-1,nan,-1,-1,nan,-1,/data/data/DA25S005/miccai_tbi/MultiTalentV2_finetuning/checkpoints/validation2025_100/ensemble_2_models_e5ohnz5w_tta_ddp_kpcyjb66_tta_hybrid/predicted_lesions/thr0p2_mincc40/scan_0176_pred_lesion.nii.gz
scan_0176,probability_average,none,0.3,0,nan,0.1,0,1,1,0.0,0,nan,-1,nan,-1,nan,-1,-1,nan,-1,/data/data/DA25S005/miccai_tbi/MultiTalentV2_finetuning/checkpoints/validation2025_100/ensemble_2_models_e5ohnz5w_tta_ddp_kpcyjb66_tta_hybrid/predicted_lesions/thr0p3_mincc0/scan_0176_pred_lesion.nii.gz
scan_0176,probability_average,none,0.3,3,nan,0.1,0,1,1,0.0,0,nan,-1,nan,-1,nan,-1,-1,nan,-1,/data/data/DA25S005/miccai_tbi/MultiTalentV2_finetuning/checkpoints/validation2025_100/ensemble_2_models_e5ohnz5w_tta_ddp_kpcyjb66_tta_hybrid/predicted_lesions/thr0p3_mincc3/scan_0176_pred_lesion.nii.gz
scan_0176,probability_average,none,0.3,5,nan,0.1,0,1,1,0.0,0,nan,-1,nan,-1,nan,-1,-1,nan,-1,/data/data/DA25S005/miccai_tbi/MultiTalentV2_finetuning/checkpoints/validation2025_100/ensemble_2_models_e5ohnz5w_tta_ddp_kpcyjb66_tta_hybrid/predicted_lesions/thr0p3_mincc5/scan_0176_pred_lesion.nii.gz
scan_0176,probability_average,none,0.3,10,nan,0.1,0,1,1,0.0,0,nan,-1,nan,-1,nan,-1,-1,nan,-1,/data/data/DA25S005/miccai_tbi/MultiTalentV2_finetuning/checkpoints/validation2025_100/ensemble_2_models_e5ohnz5w_tta_ddp_kpcyjb66_tta_hybrid/predicted_lesions/thr0p3_mincc10/scan_0176_pred_lesion.nii.gz
scan_0176,probability_average,none,0.3,20,nan,0.1,0,1,1,0.0,0,nan,-1,nan,-1,nan,-1,-1,nan,-1,/data/data/DA25S005/miccai_tbi/MultiTalentV2_finetuning/checkpoints/validation2025_100/ensemble_2_models_e5ohnz5w_tta_ddp_kpcyjb66_tta_hybrid/predicted_lesions/thr0p3_mincc20/scan_0176_pred_lesion.nii.gz
scan_0176,probability_average,none,0.3,40,nan,0.1,0,1,1,0.0,0,nan,-1,nan,-1,nan,-1,-1,nan,-1,/data/data/DA25S005/miccai_tbi/MultiTalentV2_finetuning/checkpoints/validation2025_100/ensemble_2_models_e5ohnz5w_tta_ddp_kpcyjb66_tta_hybrid/predicted_lesions/thr0p3_mincc40/scan_0176_pred_lesion.nii.gz
scan_0176,probability_average,none,0.4,0,nan,0.1,0,1,1,0.0,0,nan,-1,nan,-1,nan,-1,-1,nan,-1,/data/data/DA25S005/miccai_tbi/MultiTalentV2_finetuning/checkpoints/validation2025_100/ensemble_2_models_e5ohnz5w_tta_ddp_kpcyjb66_tta_hybrid/predicted_lesions/thr0p4_mincc0/scan_0176_pred_lesion.nii.gz
scan_0176,probability_average,none,0.4,3,nan,0.1,0,1,1,0.0,0,nan,-1,nan,-1,nan,-1,-1,nan,-1,/data/data/DA25S005/miccai_tbi/MultiTalentV2_finetuning/checkpoints/validation2025_100/ensemble_2_models_e5ohnz5w_tta_ddp_kpcyjb66_tta_hybrid/predicted_lesions/thr0p4_mincc3/scan_0176_pred_lesion.nii.gz
scan_0176,probability_average,none,0.4,5,nan,0.1,0,1,1,0.0,0,nan,-1,nan,-1,nan,-1,-1,nan,-1,/data/data/DA25S005/miccai_tbi/MultiTalentV2_finetuning/checkpoints/validation2025_100/ensemble_2_models_e5ohnz5w_tta_ddp_kpcyjb66_tta_hybrid/predicted_lesions/thr0p4_mincc5/scan_0176_pred_lesion.nii.gz
scan_0176,probability_average,none,0.4,10,nan,0.1,0,1,1,0.0,0,nan,-1,nan,-1,nan,-1,-1,nan,-1,/data/data/DA25S005/miccai_tbi/MultiTalentV2_finetuning/checkpoints/validation2025_100/ensemble_2_models_e5ohnz5w_tta_ddp_kpcyjb66_tta_hybrid/predicted_lesions/thr0p4_mincc10/scan_0176_pred_lesion.nii.gz
scan_0176,probability_average,none,0.4,20,nan,0.1,0,1,1,0.0,0,nan,-1,nan,-1,nan,-1,-1,nan,-1,/data/data/DA25S005/miccai_tbi/MultiTalentV2_finetuning/checkpoints/validation2025_100/ensemble_2_models_e5ohnz5w_tta_ddp_kpcyjb66_tta_hybrid/predicted_lesions/thr0p4_mincc20/scan_0176_pred_lesion.nii.gz
scan_0176,probability_average,none,0.4,40,nan,0.1,0,1,1,0.0,0,nan,-1,nan,-1,nan,-1,-1,nan,-1,/data/data/DA25S005/miccai_tbi/MultiTalentV2_finetuning/checkpoints/validation2025_100/ensemble_2_models_e5ohnz5w_tta_ddp_kpcyjb66_tta_hybrid/predicted_lesions/thr0p4_mincc40/scan_0176_pred_lesion.nii.gz
scan_0176,probability_average,none,0.5,0,nan,0.1,0,1,1,0.0,0,nan,-1,nan,-1,nan,-1,-1,nan,-1,/data/data/DA25S005/miccai_tbi/MultiTalentV2_finetuning/checkpoints/validation2025_100/ensemble_2_models_e5ohnz5w_tta_ddp_kpcyjb66_tta_hybrid/predicted_lesions/thr0p5_mincc0/scan_0176_pred_lesion.nii.gz
scan_0176,probability_average,none,0.5,3,nan,0.1,0,1,1,0.0,0,nan,-1,nan,-1,nan,-1,-1,nan,-1,/data/data/DA25S005/miccai_tbi/MultiTalentV2_finetuning/checkpoints/validation2025_100/ensemble_2_models_e5ohnz5w_tta_ddp_kpcyjb66_tta_hybrid/predicted_lesions/thr0p5_mincc3/scan_0176_pred_lesion.nii.gz
scan_0176,probability_average,none,0.5,5,nan,0.1,0,1,1,0.0,0,nan,-1,nan,-1,nan,-1,-1,nan,-1,/data/data/DA25S005/miccai_tbi/MultiTalentV2_finetuning/checkpoints/validation2025_100/ensemble_2_models_e5ohnz5w_tta_ddp_kpcyjb66_tta_hybrid/predicted_lesions/thr0p5_mincc5/scan_0176_pred_lesion.nii.gz
scan_0176,probability_average,none,0.5,10,nan,0.1,0,1,1,0.0,0,nan,-1,nan,-1,nan,-1,-1,nan,-1,/data/data/DA25S005/miccai_tbi/MultiTalentV2_finetuning/checkpoints/validation2025_100/ensemble_2_models_e5ohnz5w_tta_ddp_kpcyjb66_tta_hybrid/predicted_lesions/thr0p5_mincc10/scan_0176_pred_lesion.nii.gz
scan_0176,probability_average,none,0.5,20,nan,0.1,0,1,1,0.0,0,nan,-1,nan,-1,nan,-1,-1,nan,-1,/data/data/DA25S005/miccai_tbi/MultiTalentV2_finetuning/checkpoints/validation2025_100/ensemble_2_models_e5ohnz5w_tta_ddp_kpcyjb66_tta_hybrid/predicted_lesions/thr0p5_mincc20/scan_0176_pred_lesion.nii.gz
scan_0176,probability_average,none,0.5,40,nan,0.1,0,1,1,0.0,0,nan,-1,nan,-1,nan,-1,-1,nan,-1,/data/data/DA25S005/miccai_tbi/MultiTalentV2_finetuning/checkpoints/validation2025_100/ensemble_2_models_e5ohnz5w_tta_ddp_kpcyjb66_tta_hybrid/predicted_lesions/thr0p5_mincc40/scan_0176_pred_lesion.nii.gz
scan_0184,probability_average,none,0.1,0,nan,0.1,0,1,1,0.0,0,nan,-1,nan,-1,nan,-1,-1,nan,-1,/data/data/DA25S005/miccai_tbi/MultiTalentV2_finetuning/checkpoints/validation2025_100/ensemble_2_models_e5ohnz5w_tta_ddp_kpcyjb66_tta_hybrid/predicted_lesions/thr0p1_mincc0/scan_0184_pred_lesion.nii.gz
scan_0184,probability_average,none,0.1,3,nan,0.1,0,1,1,0.0,0,nan,-1,nan,-1,nan,-1,-1,nan,-1,/data/data/DA25S005/miccai_tbi/MultiTalentV2_finetuning/checkpoints/validation2025_100/ensemble_2_models_e5ohnz5w_tta_ddp_kpcyjb66_tta_hybrid/predicted_lesions/thr0p1_mincc3/scan_0184_pred_lesion.nii.gz
scan_0184,probability_average,none,0.1,5,nan,0.1,0,1,1,0.0,0,nan,-1,nan,-1,nan,-1,-1,nan,-1,/data/data/DA25S005/miccai_tbi/MultiTalentV2_finetuning/checkpoints/validation2025_100/ensemble_2_models_e5ohnz5w_tta_ddp_kpcyjb66_tta_hybrid/predicted_lesions/thr0p1_mincc5/scan_0184_pred_lesion.nii.gz
scan_0184,probability_average,none,0.1,10,nan,0.1,0,1,1,0.0,0,nan,-1,nan,-1,nan,-1,-1,nan,-1,/data/data/DA25S005/miccai_tbi/MultiTalentV2_finetuning/checkpoints/validation2025_100/ensemble_2_models_e5ohnz5w_tta_ddp_kpcyjb66_tta_hybrid/predicted_lesions/thr0p1_mincc10/scan_0184_pred_lesion.nii.gz
scan_0184,probability_average,none,0.1,20,nan,0.1,0,1,1,0.0,0,nan,-1,nan,-1,nan,-1,-1,nan,-1,/data/data/DA25S005/miccai_tbi/MultiTalentV2_finetuning/checkpoints/validation2025_100/ensemble_2_models_e5ohnz5w_tta_ddp_kpcyjb66_tta_hybrid/predicted_lesions/thr0p1_mincc20/scan_0184_pred_lesion.nii.gz
scan_0184,probability_average,none,0.1,40,nan,0.1,0,1,1,0.0,0,nan,-1,nan,-1,nan,-1,-1,nan,-1,/data/data/DA25S005/miccai_tbi/MultiTalentV2_finetuning/checkpoints/validation2025_100/ensemble_2_models_e5ohnz5w_tta_ddp_kpcyjb66_tta_hybrid/predicted_lesions/thr0p1_mincc40/scan_0184_pred_lesion.nii.gz
scan_0184,probability_average,none,0.2,0,nan,0.1,0,1,1,0.0,0,nan,-1,nan,-1,nan,-1,-1,nan,-1,/data/data/DA25S005/miccai_tbi/MultiTalentV2_finetuning/checkpoints/validation2025_100/ensemble_2_models_e5ohnz5w_tta_ddp_kpcyjb66_tta_hybrid/predicted_lesions/thr0p2_mincc0/scan_0184_pred_lesion.nii.gz
scan_0184,probability_average,none,0.2,3,nan,0.1,0,1,1,0.0,0,nan,-1,nan,-1,nan,-1,-1,nan,-1,/data/data/DA25S005/miccai_tbi/MultiTalentV2_finetuning/checkpoints/validation2025_100/ensemble_2_models_e5ohnz5w_tta_ddp_kpcyjb66_tta_hybrid/predicted_lesions/thr0p2_mincc3/scan_0184_pred_lesion.nii.gz
scan_0184,probability_average,none,0.2,5,nan,0.1,0,1,1,0.0,0,nan,-1,nan,-1,nan,-1,-1,nan,-1,/data/data/DA25S005/miccai_tbi/MultiTalentV2_finetuning/checkpoints/validation2025_100/ensemble_2_models_e5ohnz5w_tta_ddp_kpcyjb66_tta_hybrid/predicted_lesions/thr0p2_mincc5/scan_0184_pred_lesion.nii.gz
scan_0184,probability_average,none,0.2,10,nan,0.1,0,1,1,0.0,0,nan,-1,nan,-1,nan,-1,-1,nan,-1,/data/data/DA25S005/miccai_tbi/MultiTalentV2_finetuning/checkpoints/validation2025_100/ensemble_2_models_e5ohnz5w_tta_ddp_kpcyjb66_tta_hybrid/predicted_lesions/thr0p2_mincc10/scan_0184_pred_lesion.nii.gz
scan_0184,probability_average,none,0.2,20,nan,0.1,0,1,1,0.0,0,nan,-1,nan,-1,nan,-1,-1,nan,-1,/data/data/DA25S005/miccai_tbi/MultiTalentV2_finetuning/checkpoints/validation2025_100/ensemble_2_models_e5ohnz5w_tta_ddp_kpcyjb66_tta_hybrid/predicted_lesions/thr0p2_mincc20/scan_0184_pred_lesion.nii.gz
scan_0184,probability_average,none,0.2,40,nan,0.1,0,1,1,0.0,0,nan,-1,nan,-1,nan,-1,-1,nan,-1,/data/data/DA25S005/miccai_tbi/MultiTalentV2_finetuning/checkpoints/validation2025_100/ensemble_2_models_e5ohnz5w_tta_ddp_kpcyjb66_tta_hybrid/predicted_lesions/thr0p2_mincc40/scan_0184_pred_lesion.nii.gz
scan_0184,probability_average,none,0.3,0,nan,0.1,0,1,1,0.0,0,nan,-1,nan,-1,nan,-1,-1,nan,-1,/data/data/DA25S005/miccai_tbi/MultiTalentV2_finetuning/checkpoints/validation2025_100/ensemble_2_models_e5ohnz5w_tta_ddp_kpcyjb66_tta_hybrid/predicted_lesions/thr0p3_mincc0/scan_0184_pred_lesion.nii.gz
scan_0184,probability_average,none,0.3,3,nan,0.1,0,1,1,0.0,0,nan,-1,nan,-1,nan,-1,-1,nan,-1,/data/data/DA25S005/miccai_tbi/MultiTalentV2_finetuning/checkpoints/validation2025_100/ensemble_2_models_e5ohnz5w_tta_ddp_kpcyjb66_tta_hybrid/predicted_lesions/thr0p3_mincc3/scan_0184_pred_lesion.nii.gz
scan_0184,probability_average,none,0.3,5,nan,0.1,0,1,1,0.0,0,nan,-1,nan,-1,nan,-1,-1,nan,-1,/data/data/DA25S005/miccai_tbi/MultiTalentV2_finetuning/checkpoints/validation2025_100/ensemble_2_models_e5ohnz5w_tta_ddp_kpcyjb66_tta_hybrid/predicted_lesions/thr0p3_mincc5/scan_0184_pred_lesion.nii.gz
scan_0184,probability_average,none,0.3,10,nan,0.1,0,1,1,0.0,0,nan,-1,nan,-1,nan,-1,-1,nan,-1,/data/data/DA25S005/miccai_tbi/MultiTalentV2_finetuning/checkpoints/validation2025_100/ensemble_2_models_e5ohnz5w_tta_ddp_kpcyjb66_tta_hybrid/predicted_lesions/thr0p3_mincc10/scan_0184_pred_lesion.nii.gz
scan_0184,probability_average,none,0.3,20,nan,0.1,0,1,1,0.0,0,nan,-1,nan,-1,nan,-1,-1,nan,-1,/data/data/DA25S005/miccai_tbi/MultiTalentV2_finetuning/checkpoints/validation2025_100/ensemble_2_models_e5ohnz5w_tta_ddp_kpcyjb66_tta_hybrid/predicted_lesions/thr0p3_mincc20/scan_0184_pred_lesion.nii.gz
scan_0184,probability_average,none,0.3,40,nan,0.1,0,1,1,0.0,0,nan,-1,nan,-1,nan,-1,-1,nan,-1,/data/data/DA25S005/miccai_tbi/MultiTalentV2_finetuning/checkpoints/validation2025_100/ensemble_2_models_e5ohnz5w_tta_ddp_kpcyjb66_tta_hybrid/predicted_lesions/thr0p3_mincc40/scan_0184_pred_lesion.nii.gz
scan_0184,probability_average,none,0.4,0,nan,0.1,0,1,1,0.0,0,nan,-1,nan,-1,nan,-1,-1,nan,-1,/data/data/DA25S005/miccai_tbi/MultiTalentV2_finetuning/checkpoints/validation2025_100/ensemble_2_models_e5ohnz5w_tta_ddp_kpcyjb66_tta_hybrid/predicted_lesions/thr0p4_mincc0/scan_0184_pred_lesion.nii.gz
scan_0184,probability_average,none,0.4,3,nan,0.1,0,1,1,0.0,0,nan,-1,nan,-1,nan,-1,-1,nan,-1,/data/data/DA25S005/miccai_tbi/MultiTalentV2_finetuning/checkpoints/validation2025_100/ensemble_2_models_e5ohnz5w_tta_ddp_kpcyjb66_tta_hybrid/predicted_lesions/thr0p4_mincc3/scan_0184_pred_lesion.nii.gz
scan_0184,probability_average,none,0.4,5,nan,0.1,0,1,1,0.0,0,nan,-1,nan,-1,nan,-1,-1,nan,-1,/data/data/DA25S005/miccai_tbi/MultiTalentV2_finetuning/checkpoints/validation2025_100/ensemble_2_models_e5ohnz5w_tta_ddp_kpcyjb66_tta_hybrid/predicted_lesions/thr0p4_mincc5/scan_0184_pred_lesion.nii.gz
scan_0184,probability_average,none,0.4,10,nan,0.1,0,1,1,0.0,0,nan,-1,nan,-1,nan,-1,-1,nan,-1,/data/data/DA25S005/miccai_tbi/MultiTalentV2_finetuning/checkpoints/validation2025_100/ensemble_2_models_e5ohnz5w_tta_ddp_kpcyjb66_tta_hybrid/predicted_lesions/thr0p4_mincc10/scan_0184_pred_lesion.nii.gz
scan_0184,probability_average,none,0.4,20,nan,0.1,0,1,1,0.0,0,nan,-1,nan,-1,nan,-1,-1,nan,-1,/data/data/DA25S005/miccai_tbi/MultiTalentV2_finetuning/checkpoints/validation2025_100/ensemble_2_models_e5ohnz5w_tta_ddp_kpcyjb66_tta_hybrid/predicted_lesions/thr0p4_mincc20/scan_0184_pred_lesion.nii.gz
scan_0184,probability_average,none,0.4,40,nan,0.1,0,1,1,0.0,0,nan,-1,nan,-1,nan,-1,-1,nan,-1,/data/data/DA25S005/miccai_tbi/MultiTalentV2_finetuning/checkpoints/validation2025_100/ensemble_2_models_e5ohnz5w_tta_ddp_kpcyjb66_tta_hybrid/predicted_lesions/thr0p4_mincc40/scan_0184_pred_lesion.nii.gz
scan_0184,probability_average,none,0.5,0,nan,0.1,0,1,1,0.0,0,nan,-1,nan,-1,nan,-1,-1,nan,-1,/data/data/DA25S005/miccai_tbi/MultiTalentV2_finetuning/checkpoints/validation2025_100/ensemble_2_models_e5ohnz5w_tta_ddp_kpcyjb66_tta_hybrid/predicted_lesions/thr0p5_mincc0/scan_0184_pred_lesion.nii.gz
scan_0184,probability_average,none,0.5,3,nan,0.1,0,1,1,0.0,0,nan,-1,nan,-1,nan,-1,-1,nan,-1,/data/data/DA25S005/miccai_tbi/MultiTalentV2_finetuning/checkpoints/validation2025_100/ensemble_2_models_e5ohnz5w_tta_ddp_kpcyjb66_tta_hybrid/predicted_lesions/thr0p5_mincc3/scan_0184_pred_lesion.nii.gz
scan_0184,probability_average,none,0.5,5,nan,0.1,0,1,1,0.0,0,nan,-1,nan,-1,nan,-1,-1,nan,-1,/data/data/DA25S005/miccai_tbi/MultiTalentV2_finetuning/checkpoints/validation2025_100/ensemble_2_models_e5ohnz5w_tta_ddp_kpcyjb66_tta_hybrid/predicted_lesions/thr0p5_mincc5/scan_0184_pred_lesion.nii.gz
scan_0184,probability_average,none,0.5,10,nan,0.1,0,1,1,0.0,0,nan,-1,nan,-1,nan,-1,-1,nan,-1,/data/data/DA25S005/miccai_tbi/MultiTalentV2_finetuning/checkpoints/validation2025_100/ensemble_2_models_e5ohnz5w_tta_ddp_kpcyjb66_tta_hybrid/predicted_lesions/thr0p5_mincc10/scan_0184_pred_lesion.nii.gz
scan_0184,probability_average,none,0.5,20,nan,0.1,0,1,1,0.0,0,nan,-1,nan,-1,nan,-1,-1,nan,-1,/data/data/DA25S005/miccai_tbi/MultiTalentV2_finetuning/checkpoints/validation2025_100/ensemble_2_models_e5ohnz5w_tta_ddp_kpcyjb66_tta_hybrid/predicted_lesions/thr0p5_mincc20/scan_0184_pred_lesion.nii.gz
scan_0184,probability_average,none,0.5,40,nan,0.1,0,1,1,0.0,0,nan,-1,nan,-1,nan,-1,-1,nan,-1,/data/data/DA25S005/miccai_tbi/MultiTalentV2_finetuning/checkpoints/validation2025_100/ensemble_2_models_e5ohnz5w_tta_ddp_kpcyjb66_tta_hybrid/predicted_lesions/thr0p5_mincc40/scan_0184_pred_lesion.nii.gz
scan_0186,probability_average,none,0.1,0,nan,0.1,0,1,1,0.0,0,nan,-1,nan,-1,nan,-1,-1,nan,-1,/data/data/DA25S005/miccai_tbi/MultiTalentV2_finetuning/checkpoints/validation2025_100/ensemble_2_models_e5ohnz5w_tta_ddp_kpcyjb66_tta_hybrid/predicted_lesions/thr0p1_mincc0/scan_0186_pred_lesion.nii.gz
scan_0186,probability_average,none,0.1,3,nan,0.1,0,1,1,0.0,0,nan,-1,nan,-1,nan,-1,-1,nan,-1,/data/data/DA25S005/miccai_tbi/MultiTalentV2_finetuning/checkpoints/validation2025_100/ensemble_2_models_e5ohnz5w_tta_ddp_kpcyjb66_tta_hybrid/predicted_lesions/thr0p1_mincc3/scan_0186_pred_lesion.nii.gz
scan_0186,probability_average,none,0.1,5,nan,0.1,0,1,1,0.0,0,nan,-1,nan,-1,nan,-1,-1,nan,-1,/data/data/DA25S005/miccai_tbi/MultiTalentV2_finetuning/checkpoints/validation2025_100/ensemble_2_models_e5ohnz5w_tta_ddp_kpcyjb66_tta_hybrid/predicted_lesions/thr0p1_mincc5/scan_0186_pred_lesion.nii.gz
scan_0186,probability_average,none,0.1,10,nan,0.1,0,1,1,0.0,0,nan,-1,nan,-1,nan,-1,-1,nan,-1,/data/data/DA25S005/miccai_tbi/MultiTalentV2_finetuning/checkpoints/validation2025_100/ensemble_2_models_e5ohnz5w_tta_ddp_kpcyjb66_tta_hybrid/predicted_lesions/thr0p1_mincc10/scan_0186_pred_lesion.nii.gz
scan_0186,probability_average,none,0.1,20,nan,0.1,0,1,1,0.0,0,nan,-1,nan,-1,nan,-1,-1,nan,-1,/data/data/DA25S005/miccai_tbi/MultiTalentV2_finetuning/checkpoints/validation2025_100/ensemble_2_models_e5ohnz5w_tta_ddp_kpcyjb66_tta_hybrid/predicted_lesions/thr0p1_mincc20/scan_0186_pred_lesion.nii.gz
scan_0186,probability_average,none,0.1,40,nan,0.1,0,1,1,0.0,0,nan,-1,nan,-1,nan,-1,-1,nan,-1,/data/data/DA25S005/miccai_tbi/MultiTalentV2_finetuning/checkpoints/validation2025_100/ensemble_2_models_e5ohnz5w_tta_ddp_kpcyjb66_tta_hybrid/predicted_lesions/thr0p1_mincc40/scan_0186_pred_lesion.nii.gz
scan_0186,probability_average,none,0.2,0,nan,0.1,0,1,1,0.0,0,nan,-1,nan,-1,nan,-1,-1,nan,-1,/data/data/DA25S005/miccai_tbi/MultiTalentV2_finetuning/checkpoints/validation2025_100/ensemble_2_models_e5ohnz5w_tta_ddp_kpcyjb66_tta_hybrid/predicted_lesions/thr0p2_mincc0/scan_0186_pred_lesion.nii.gz
scan_0186,probability_average,none,0.2,3,nan,0.1,0,1,1,0.0,0,nan,-1,nan,-1,nan,-1,-1,nan,-1,/data/data/DA25S005/miccai_tbi/MultiTalentV2_finetuning/checkpoints/validation2025_100/ensemble_2_models_e5ohnz5w_tta_ddp_kpcyjb66_tta_hybrid/predicted_lesions/thr0p2_mincc3/scan_0186_pred_lesion.nii.gz
scan_0186,probability_average,none,0.2,5,nan,0.1,0,1,1,0.0,0,nan,-1,nan,-1,nan,-1,-1,nan,-1,/data/data/DA25S005/miccai_tbi/MultiTalentV2_finetuning/checkpoints/validation2025_100/ensemble_2_models_e5ohnz5w_tta_ddp_kpcyjb66_tta_hybrid/predicted_lesions/thr0p2_mincc5/scan_0186_pred_lesion.nii.gz
scan_0186,probability_average,none,0.2,10,nan,0.1,0,1,1,0.0,0,nan,-1,nan,-1,nan,-1,-1,nan,-1,/data/data/DA25S005/miccai_tbi/MultiTalentV2_finetuning/checkpoints/validation2025_100/ensemble_2_models_e5ohnz5w_tta_ddp_kpcyjb66_tta_hybrid/predicted_lesions/thr0p2_mincc10/scan_0186_pred_lesion.nii.gz
scan_0186,probability_average,none,0.2,20,nan,0.1,0,1,1,0.0,0,nan,-1,nan,-1,nan,-1,-1,nan,-1,/data/data/DA25S005/miccai_tbi/MultiTalentV2_finetuning/checkpoints/validation2025_100/ensemble_2_models_e5ohnz5w_tta_ddp_kpcyjb66_tta_hybrid/predicted_lesions/thr0p2_mincc20/scan_0186_pred_lesion.nii.gz
scan_0186,probability_average,none,0.2,40,nan,0.1,0,1,1,0.0,0,nan,-1,nan,-1,nan,-1,-1,nan,-1,/data/data/DA25S005/miccai_tbi/MultiTalentV2_finetuning/checkpoints/validation2025_100/ensemble_2_models_e5ohnz5w_tta_ddp_kpcyjb66_tta_hybrid/predicted_lesions/thr0p2_mincc40/scan_0186_pred_lesion.nii.gz
scan_0186,probability_average,none,0.3,0,nan,0.1,0,1,1,0.0,0,nan,-1,nan,-1,nan,-1,-1,nan,-1,/data/data/DA25S005/miccai_tbi/MultiTalentV2_finetuning/checkpoints/validation2025_100/ensemble_2_models_e5ohnz5w_tta_ddp_kpcyjb66_tta_hybrid/predicted_lesions/thr0p3_mincc0/scan_0186_pred_lesion.nii.gz
scan_0186,probability_average,none,0.3,3,nan,0.1,0,1,1,0.0,0,nan,-1,nan,-1,nan,-1,-1,nan,-1,/data/data/DA25S005/miccai_tbi/MultiTalentV2_finetuning/checkpoints/validation2025_100/ensemble_2_models_e5ohnz5w_tta_ddp_kpcyjb66_tta_hybrid/predicted_lesions/thr0p3_mincc3/scan_0186_pred_lesion.nii.gz
scan_0186,probability_average,none,0.3,5,nan,0.1,0,1,1,0.0,0,nan,-1,nan,-1,nan,-1,-1,nan,-1,/data/data/DA25S005/miccai_tbi/MultiTalentV2_finetuning/checkpoints/validation2025_100/ensemble_2_models_e5ohnz5w_tta_ddp_kpcyjb66_tta_hybrid/predicted_lesions/thr0p3_mincc5/scan_0186_pred_lesion.nii.gz
scan_0186,probability_average,none,0.3,10,nan,0.1,0,1,1,0.0,0,nan,-1,nan,-1,nan,-1,-1,nan,-1,/data/data/DA25S005/miccai_tbi/MultiTalentV2_finetuning/checkpoints/validation2025_100/ensemble_2_models_e5ohnz5w_tta_ddp_kpcyjb66_tta_hybrid/predicted_lesions/thr0p3_mincc10/scan_0186_pred_lesion.nii.gz
scan_0186,probability_average,none,0.3,20,nan,0.1,0,1,1,0.0,0,nan,-1,nan,-1,nan,-1,-1,nan,-1,/data/data/DA25S005/miccai_tbi/MultiTalentV2_finetuning/checkpoints/validation2025_100/ensemble_2_models_e5ohnz5w_tta_ddp_kpcyjb66_tta_hybrid/predicted_lesions/thr0p3_mincc20/scan_0186_pred_lesion.nii.gz
scan_0186,probability_average,none,0.3,40,nan,0.1,0,1,1,0.0,0,nan,-1,nan,-1,nan,-1,-1,nan,-1,/data/data/DA25S005/miccai_tbi/MultiTalentV2_finetuning/checkpoints/validation2025_100/ensemble_2_models_e5ohnz5w_tta_ddp_kpcyjb66_tta_hybrid/predicted_lesions/thr0p3_mincc40/scan_0186_pred_lesion.nii.gz
scan_0186,probability_average,none,0.4,0,nan,0.1,0,1,1,0.0,0,nan,-1,nan,-1,nan,-1,-1,nan,-1,/data/data/DA25S005/miccai_tbi/MultiTalentV2_finetuning/checkpoints/validation2025_100/ensemble_2_models_e5ohnz5w_tta_ddp_kpcyjb66_tta_hybrid/predicted_lesions/thr0p4_mincc0/scan_0186_pred_lesion.nii.gz
scan_0186,probability_average,none,0.4,3,nan,0.1,0,1,1,0.0,0,nan,-1,nan,-1,nan,-1,-1,nan,-1,/data/data/DA25S005/miccai_tbi/MultiTalentV2_finetuning/checkpoints/validation2025_100/ensemble_2_models_e5ohnz5w_tta_ddp_kpcyjb66_tta_hybrid/predicted_lesions/thr0p4_mincc3/scan_0186_pred_lesion.nii.gz
scan_0186,probability_average,none,0.4,5,nan,0.1,0,1,1,0.0,0,nan,-1,nan,-1,nan,-1,-1,nan,-1,/data/data/DA25S005/miccai_tbi/MultiTalentV2_finetuning/checkpoints/validation2025_100/ensemble_2_models_e5ohnz5w_tta_ddp_kpcyjb66_tta_hybrid/predicted_lesions/thr0p4_mincc5/scan_0186_pred_lesion.nii.gz
scan_0186,probability_average,none,0.4,10,nan,0.1,0,1,1,0.0,0,nan,-1,nan,-1,nan,-1,-1,nan,-1,/data/data/DA25S005/miccai_tbi/MultiTalentV2_finetuning/checkpoints/validation2025_100/ensemble_2_models_e5ohnz5w_tta_ddp_kpcyjb66_tta_hybrid/predicted_lesions/thr0p4_mincc10/scan_0186_pred_lesion.nii.gz
scan_0186,probability_average,none,0.4,20,nan,0.1,0,1,1,0.0,0,nan,-1,nan,-1,nan,-1,-1,nan,-1,/data/data/DA25S005/miccai_tbi/MultiTalentV2_finetuning/checkpoints/validation2025_100/ensemble_2_models_e5ohnz5w_tta_ddp_kpcyjb66_tta_hybrid/predicted_lesions/thr0p4_mincc20/scan_0186_pred_lesion.nii.gz
scan_0186,probability_average,none,0.4,40,nan,0.1,0,1,1,0.0,0,nan,-1,nan,-1,nan,-1,-1,nan,-1,/data/data/DA25S005/miccai_tbi/MultiTalentV2_finetuning/checkpoints/validation2025_100/ensemble_2_models_e5ohnz5w_tta_ddp_kpcyjb66_tta_hybrid/predicted_lesions/thr0p4_mincc40/scan_0186_pred_lesion.nii.gz
scan_0186,probability_average,none,0.5,0,nan,0.1,0,1,1,0.0,0,nan,-1,nan,-1,nan,-1,-1,nan,-1,/data/data/DA25S005/miccai_tbi/MultiTalentV2_finetuning/checkpoints/validation2025_100/ensemble_2_models_e5ohnz5w_tta_ddp_kpcyjb66_tta_hybrid/predicted_lesions/thr0p5_mincc0/scan_0186_pred_lesion.nii.gz
scan_0186,probability_average,none,0.5,3,nan,0.1,0,1,1,0.0,0,nan,-1,nan,-1,nan,-1,-1,nan,-1,/data/data/DA25S005/miccai_tbi/MultiTalentV2_finetuning/checkpoints/validation2025_100/ensemble_2_models_e5ohnz5w_tta_ddp_kpcyjb66_tta_hybrid/predicted_lesions/thr0p5_mincc3/scan_0186_pred_lesion.nii.gz
scan_0186,probability_average,none,0.5,5,nan,0.1,0,1,1,0.0,0,nan,-1,nan,-1,nan,-1,-1,nan,-1,/data/data/DA25S005/miccai_tbi/MultiTalentV2_finetuning/checkpoints/validation2025_100/ensemble_2_models_e5ohnz5w_tta_ddp_kpcyjb66_tta_hybrid/predicted_lesions/thr0p5_mincc5/scan_0186_pred_lesion.nii.gz
scan_0186,probability_average,none,0.5,10,nan,0.1,0,1,1,0.0,0,nan,-1,nan,-1,nan,-1,-1,nan,-1,/data/data/DA25S005/miccai_tbi/MultiTalentV2_finetuning/checkpoints/validation2025_100/ensemble_2_models_e5ohnz5w_tta_ddp_kpcyjb66_tta_hybrid/predicted_lesions/thr0p5_mincc10/scan_0186_pred_lesion.nii.gz
scan_0186,probability_average,none,0.5,20,nan,0.1,0,1,1,0.0,0,nan,-1,nan,-1,nan,-1,-1,nan,-1,/data/data/DA25S005/miccai_tbi/MultiTalentV2_finetuning/checkpoints/validation2025_100/ensemble_2_models_e5ohnz5w_tta_ddp_kpcyjb66_tta_hybrid/predicted_lesions/thr0p5_mincc20/scan_0186_pred_lesion.nii.gz
scan_0186,probability_average,none,0.5,40,nan,0.1,0,1,1,0.0,0,nan,-1,nan,-1,nan,-1,-1,nan,-1,/data/data/DA25S005/miccai_tbi/MultiTalentV2_finetuning/checkpoints/validation2025_100/ensemble_2_models_e5ohnz5w_tta_ddp_kpcyjb66_tta_hybrid/predicted_lesions/thr0p5_mincc40/scan_0186_pred_lesion.nii.gz
scan_0198,probability_average,none,0.1,0,nan,0.1,0,1,1,0.0,0,nan,-1,nan,-1,nan,-1,-1,nan,-1,/data/data/DA25S005/miccai_tbi/MultiTalentV2_finetuning/checkpoints/validation2025_100/ensemble_2_models_e5ohnz5w_tta_ddp_kpcyjb66_tta_hybrid/predicted_lesions/thr0p1_mincc0/scan_0198_pred_lesion.nii.gz
scan_0198,probability_average,none,0.1,3,nan,0.1,0,1,1,0.0,0,nan,-1,nan,-1,nan,-1,-1,nan,-1,/data/data/DA25S005/miccai_tbi/MultiTalentV2_finetuning/checkpoints/validation2025_100/ensemble_2_models_e5ohnz5w_tta_ddp_kpcyjb66_tta_hybrid/predicted_lesions/thr0p1_mincc3/scan_0198_pred_lesion.nii.gz
scan_0198,probability_average,none,0.1,5,nan,0.1,0,1,1,0.0,0,nan,-1,nan,-1,nan,-1,-1,nan,-1,/data/data/DA25S005/miccai_tbi/MultiTalentV2_finetuning/checkpoints/validation2025_100/ensemble_2_models_e5ohnz5w_tta_ddp_kpcyjb66_tta_hybrid/predicted_lesions/thr0p1_mincc5/scan_0198_pred_lesion.nii.gz
scan_0198,probability_average,none,0.1,10,nan,0.1,0,1,1,0.0,0,nan,-1,nan,-1,nan,-1,-1,nan,-1,/data/data/DA25S005/miccai_tbi/MultiTalentV2_finetuning/checkpoints/validation2025_100/ensemble_2_models_e5ohnz5w_tta_ddp_kpcyjb66_tta_hybrid/predicted_lesions/thr0p1_mincc10/scan_0198_pred_lesion.nii.gz
scan_0198,probability_average,none,0.1,20,nan,0.1,0,1,1,0.0,0,nan,-1,nan,-1,nan,-1,-1,nan,-1,/data/data/DA25S005/miccai_tbi/MultiTalentV2_finetuning/checkpoints/validation2025_100/ensemble_2_models_e5ohnz5w_tta_ddp_kpcyjb66_tta_hybrid/predicted_lesions/thr0p1_mincc20/scan_0198_pred_lesion.nii.gz
scan_0198,probability_average,none,0.1,40,nan,0.1,0,1,1,0.0,0,nan,-1,nan,-1,nan,-1,-1,nan,-1,/data/data/DA25S005/miccai_tbi/MultiTalentV2_finetuning/checkpoints/validation2025_100/ensemble_2_models_e5ohnz5w_tta_ddp_kpcyjb66_tta_hybrid/predicted_lesions/thr0p1_mincc40/scan_0198_pred_lesion.nii.gz
scan_0198,probability_average,none,0.2,0,nan,0.1,0,1,1,0.0,0,nan,-1,nan,-1,nan,-1,-1,nan,-1,/data/data/DA25S005/miccai_tbi/MultiTalentV2_finetuning/checkpoints/validation2025_100/ensemble_2_models_e5ohnz5w_tta_ddp_kpcyjb66_tta_hybrid/predicted_lesions/thr0p2_mincc0/scan_0198_pred_lesion.nii.gz
scan_0198,probability_average,none,0.2,3,nan,0.1,0,1,1,0.0,0,nan,-1,nan,-1,nan,-1,-1,nan,-1,/data/data/DA25S005/miccai_tbi/MultiTalentV2_finetuning/checkpoints/validation2025_100/ensemble_2_models_e5ohnz5w_tta_ddp_kpcyjb66_tta_hybrid/predicted_lesions/thr0p2_mincc3/scan_0198_pred_lesion.nii.gz
scan_0198,probability_average,none,0.2,5,nan,0.1,0,1,1,0.0,0,nan,-1,nan,-1,nan,-1,-1,nan,-1,/data/data/DA25S005/miccai_tbi/MultiTalentV2_finetuning/checkpoints/validation2025_100/ensemble_2_models_e5ohnz5w_tta_ddp_kpcyjb66_tta_hybrid/predicted_lesions/thr0p2_mincc5/scan_0198_pred_lesion.nii.gz
scan_0198,probability_average,none,0.2,10,nan,0.1,0,1,1,0.0,0,nan,-1,nan,-1,nan,-1,-1,nan,-1,/data/data/DA25S005/miccai_tbi/MultiTalentV2_finetuning/checkpoints/validation2025_100/ensemble_2_models_e5ohnz5w_tta_ddp_kpcyjb66_tta_hybrid/predicted_lesions/thr0p2_mincc10/scan_0198_pred_lesion.nii.gz
scan_0198,probability_average,none,0.2,20,nan,0.1,0,1,1,0.0,0,nan,-1,nan,-1,nan,-1,-1,nan,-1,/data/data/DA25S005/miccai_tbi/MultiTalentV2_finetuning/checkpoints/validation2025_100/ensemble_2_models_e5ohnz5w_tta_ddp_kpcyjb66_tta_hybrid/predicted_lesions/thr0p2_mincc20/scan_0198_pred_lesion.nii.gz
scan_0198,probability_average,none,0.2,40,nan,0.1,0,1,1,0.0,0,nan,-1,nan,-1,nan,-1,-1,nan,-1,/data/data/DA25S005/miccai_tbi/MultiTalentV2_finetuning/checkpoints/validation2025_100/ensemble_2_models_e5ohnz5w_tta_ddp_kpcyjb66_tta_hybrid/predicted_lesions/thr0p2_mincc40/scan_0198_pred_lesion.nii.gz
scan_0198,probability_average,none,0.3,0,nan,0.1,0,1,1,0.0,0,nan,-1,nan,-1,nan,-1,-1,nan,-1,/data/data/DA25S005/miccai_tbi/MultiTalentV2_finetuning/checkpoints/validation2025_100/ensemble_2_models_e5ohnz5w_tta_ddp_kpcyjb66_tta_hybrid/predicted_lesions/thr0p3_mincc0/scan_0198_pred_lesion.nii.gz
scan_0198,probability_average,none,0.3,3,nan,0.1,0,1,1,0.0,0,nan,-1,nan,-1,nan,-1,-1,nan,-1,/data/data/DA25S005/miccai_tbi/MultiTalentV2_finetuning/checkpoints/validation2025_100/ensemble_2_models_e5ohnz5w_tta_ddp_kpcyjb66_tta_hybrid/predicted_lesions/thr0p3_mincc3/scan_0198_pred_lesion.nii.gz
scan_0198,probability_average,none,0.3,5,nan,0.1,0,1,1,0.0,0,nan,-1,nan,-1,nan,-1,-1,nan,-1,/data/data/DA25S005/miccai_tbi/MultiTalentV2_finetuning/checkpoints/validation2025_100/ensemble_2_models_e5ohnz5w_tta_ddp_kpcyjb66_tta_hybrid/predicted_lesions/thr0p3_mincc5/scan_0198_pred_lesion.nii.gz
scan_0198,probability_average,none,0.3,10,nan,0.1,0,1,1,0.0,0,nan,-1,nan,-1,nan,-1,-1,nan,-1,/data/data/DA25S005/miccai_tbi/MultiTalentV2_finetuning/checkpoints/validation2025_100/ensemble_2_models_e5ohnz5w_tta_ddp_kpcyjb66_tta_hybrid/predicted_lesions/thr0p3_mincc10/scan_0198_pred_lesion.nii.gz
scan_0198,probability_average,none,0.3,20,nan,0.1,0,1,1,0.0,0,nan,-1,nan,-1,nan,-1,-1,nan,-1,/data/data/DA25S005/miccai_tbi/MultiTalentV2_finetuning/checkpoints/validation2025_100/ensemble_2_models_e5ohnz5w_tta_ddp_kpcyjb66_tta_hybrid/predicted_lesions/thr0p3_mincc20/scan_0198_pred_lesion.nii.gz
scan_0198,probability_average,none,0.3,40,nan,0.1,0,1,1,0.0,0,nan,-1,nan,-1,nan,-1,-1,nan,-1,/data/data/DA25S005/miccai_tbi/MultiTalentV2_finetuning/checkpoints/validation2025_100/ensemble_2_models_e5ohnz5w_tta_ddp_kpcyjb66_tta_hybrid/predicted_lesions/thr0p3_mincc40/scan_0198_pred_lesion.nii.gz
scan_0198,probability_average,none,0.4,0,nan,0.1,0,1,1,0.0,0,nan,-1,nan,-1,nan,-1,-1,nan,-1,/data/data/DA25S005/miccai_tbi/MultiTalentV2_finetuning/checkpoints/validation2025_100/ensemble_2_models_e5ohnz5w_tta_ddp_kpcyjb66_tta_hybrid/predicted_lesions/thr0p4_mincc0/scan_0198_pred_lesion.nii.gz
scan_0198,probability_average,none,0.4,3,nan,0.1,0,1,1,0.0,0,nan,-1,nan,-1,nan,-1,-1,nan,-1,/data/data/DA25S005/miccai_tbi/MultiTalentV2_finetuning/checkpoints/validation2025_100/ensemble_2_models_e5ohnz5w_tta_ddp_kpcyjb66_tta_hybrid/predicted_lesions/thr0p4_mincc3/scan_0198_pred_lesion.nii.gz
scan_0198,probability_average,none,0.4,5,nan,0.1,0,1,1,0.0,0,nan,-1,nan,-1,nan,-1,-1,nan,-1,/data/data/DA25S005/miccai_tbi/MultiTalentV2_finetuning/checkpoints/validation2025_100/ensemble_2_models_e5ohnz5w_tta_ddp_kpcyjb66_tta_hybrid/predicted_lesions/thr0p4_mincc5/scan_0198_pred_lesion.nii.gz
scan_0198,probability_average,none,0.4,10,nan,0.1,0,1,1,0.0,0,nan,-1,nan,-1,nan,-1,-1,nan,-1,/data/data/DA25S005/miccai_tbi/MultiTalentV2_finetuning/checkpoints/validation2025_100/ensemble_2_models_e5ohnz5w_tta_ddp_kpcyjb66_tta_hybrid/predicted_lesions/thr0p4_mincc10/scan_0198_pred_lesion.nii.gz
scan_0198,probability_average,none,0.4,20,nan,0.1,0,1,1,0.0,0,nan,-1,nan,-1,nan,-1,-1,nan,-1,/data/data/DA25S005/miccai_tbi/MultiTalentV2_finetuning/checkpoints/validation2025_100/ensemble_2_models_e5ohnz5w_tta_ddp_kpcyjb66_tta_hybrid/predicted_lesions/thr0p4_mincc20/scan_0198_pred_lesion.nii.gz
scan_0198,probability_average,none,0.4,40,nan,0.1,0,1,1,0.0,0,nan,-1,nan,-1,nan,-1,-1,nan,-1,/data/data/DA25S005/miccai_tbi/MultiTalentV2_finetuning/checkpoints/validation2025_100/ensemble_2_models_e5ohnz5w_tta_ddp_kpcyjb66_tta_hybrid/predicted_lesions/thr0p4_mincc40/scan_0198_pred_lesion.nii.gz
scan_0198,probability_average,none,0.5,0,nan,0.1,0,1,1,0.0,0,nan,-1,nan,-1,nan,-1,-1,nan,-1,/data/data/DA25S005/miccai_tbi/MultiTalentV2_finetuning/checkpoints/validation2025_100/ensemble_2_models_e5ohnz5w_tta_ddp_kpcyjb66_tta_hybrid/predicted_lesions/thr0p5_mincc0/scan_0198_pred_lesion.nii.gz
scan_0198,probability_average,none,0.5,3,nan,0.1,0,1,1,0.0,0,nan,-1,nan,-1,nan,-1,-1,nan,-1,/data/data/DA25S005/miccai_tbi/MultiTalentV2_finetuning/checkpoints/validation2025_100/ensemble_2_models_e5ohnz5w_tta_ddp_kpcyjb66_tta_hybrid/predicted_lesions/thr0p5_mincc3/scan_0198_pred_lesion.nii.gz
scan_0198,probability_average,none,0.5,5,nan,0.1,0,1,1,0.0,0,nan,-1,nan,-1,nan,-1,-1,nan,-1,/data/data/DA25S005/miccai_tbi/MultiTalentV2_finetuning/checkpoints/validation2025_100/ensemble_2_models_e5ohnz5w_tta_ddp_kpcyjb66_tta_hybrid/predicted_lesions/thr0p5_mincc5/scan_0198_pred_lesion.nii.gz
scan_0198,probability_average,none,0.5,10,nan,0.1,0,1,1,0.0,0,nan,-1,nan,-1,nan,-1,-1,nan,-1,/data/data/DA25S005/miccai_tbi/MultiTalentV2_finetuning/checkpoints/validation2025_100/ensemble_2_models_e5ohnz5w_tta_ddp_kpcyjb66_tta_hybrid/predicted_lesions/thr0p5_mincc10/scan_0198_pred_lesion.nii.gz
scan_0198,probability_average,none,0.5,20,nan,0.1,0,1,1,0.0,0,nan,-1,nan,-1,nan,-1,-1,nan,-1,/data/data/DA25S005/miccai_tbi/MultiTalentV2_finetuning/checkpoints/validation2025_100/ensemble_2_models_e5ohnz5w_tta_ddp_kpcyjb66_tta_hybrid/predicted_lesions/thr0p5_mincc20/scan_0198_pred_lesion.nii.gz
scan_0198,probability_average,none,0.5,40,nan,0.1,0,1,1,0.0,0,nan,-1,nan,-1,nan,-1,-1,nan,-1,/data/data/DA25S005/miccai_tbi/MultiTalentV2_finetuning/checkpoints/validation2025_100/ensemble_2_models_e5ohnz5w_tta_ddp_kpcyjb66_tta_hybrid/predicted_lesions/thr0p5_mincc40/scan_0198_pred_lesion.nii.gz
scan_0208,probability_average,none,0.1,0,nan,0.1,0,1,1,0.0,0,nan,-1,nan,-1,nan,-1,-1,nan,-1,/data/data/DA25S005/miccai_tbi/MultiTalentV2_finetuning/checkpoints/validation2025_100/ensemble_2_models_e5ohnz5w_tta_ddp_kpcyjb66_tta_hybrid/predicted_lesions/thr0p1_mincc0/scan_0208_pred_lesion.nii.gz
scan_0208,probability_average,none,0.1,3,nan,0.1,0,1,1,0.0,0,nan,-1,nan,-1,nan,-1,-1,nan,-1,/data/data/DA25S005/miccai_tbi/MultiTalentV2_finetuning/checkpoints/validation2025_100/ensemble_2_models_e5ohnz5w_tta_ddp_kpcyjb66_tta_hybrid/predicted_lesions/thr0p1_mincc3/scan_0208_pred_lesion.nii.gz
scan_0208,probability_average,none,0.1,5,nan,0.1,0,1,1,0.0,0,nan,-1,nan,-1,nan,-1,-1,nan,-1,/data/data/DA25S005/miccai_tbi/MultiTalentV2_finetuning/checkpoints/validation2025_100/ensemble_2_models_e5ohnz5w_tta_ddp_kpcyjb66_tta_hybrid/predicted_lesions/thr0p1_mincc5/scan_0208_pred_lesion.nii.gz
scan_0208,probability_average,none,0.1,10,nan,0.1,0,1,1,0.0,0,nan,-1,nan,-1,nan,-1,-1,nan,-1,/data/data/DA25S005/miccai_tbi/MultiTalentV2_finetuning/checkpoints/validation2025_100/ensemble_2_models_e5ohnz5w_tta_ddp_kpcyjb66_tta_hybrid/predicted_lesions/thr0p1_mincc10/scan_0208_pred_lesion.nii.gz
scan_0208,probability_average,none,0.1,20,nan,0.1,0,1,1,0.0,0,nan,-1,nan,-1,nan,-1,-1,nan,-1,/data/data/DA25S005/miccai_tbi/MultiTalentV2_finetuning/checkpoints/validation2025_100/ensemble_2_models_e5ohnz5w_tta_ddp_kpcyjb66_tta_hybrid/predicted_lesions/thr0p1_mincc20/scan_0208_pred_lesion.nii.gz
scan_0208,probability_average,none,0.1,40,nan,0.1,0,1,1,0.0,0,nan,-1,nan,-1,nan,-1,-1,nan,-1,/data/data/DA25S005/miccai_tbi/MultiTalentV2_finetuning/checkpoints/validation2025_100/ensemble_2_models_e5ohnz5w_tta_ddp_kpcyjb66_tta_hybrid/predicted_lesions/thr0p1_mincc40/scan_0208_pred_lesion.nii.gz
scan_0208,probability_average,none,0.2,0,nan,0.1,0,1,1,0.0,0,nan,-1,nan,-1,nan,-1,-1,nan,-1,/data/data/DA25S005/miccai_tbi/MultiTalentV2_finetuning/checkpoints/validation2025_100/ensemble_2_models_e5ohnz5w_tta_ddp_kpcyjb66_tta_hybrid/predicted_lesions/thr0p2_mincc0/scan_0208_pred_lesion.nii.gz
scan_0208,probability_average,none,0.2,3,nan,0.1,0,1,1,0.0,0,nan,-1,nan,-1,nan,-1,-1,nan,-1,/data/data/DA25S005/miccai_tbi/MultiTalentV2_finetuning/checkpoints/validation2025_100/ensemble_2_models_e5ohnz5w_tta_ddp_kpcyjb66_tta_hybrid/predicted_lesions/thr0p2_mincc3/scan_0208_pred_lesion.nii.gz
scan_0208,probability_average,none,0.2,5,nan,0.1,0,1,1,0.0,0,nan,-1,nan,-1,nan,-1,-1,nan,-1,/data/data/DA25S005/miccai_tbi/MultiTalentV2_finetuning/checkpoints/validation2025_100/ensemble_2_models_e5ohnz5w_tta_ddp_kpcyjb66_tta_hybrid/predicted_lesions/thr0p2_mincc5/scan_0208_pred_lesion.nii.gz
scan_0208,probability_average,none,0.2,10,nan,0.1,0,1,1,0.0,0,nan,-1,nan,-1,nan,-1,-1,nan,-1,/data/data/DA25S005/miccai_tbi/MultiTalentV2_finetuning/checkpoints/validation2025_100/ensemble_2_models_e5ohnz5w_tta_ddp_kpcyjb66_tta_hybrid/predicted_lesions/thr0p2_mincc10/scan_0208_pred_lesion.nii.gz
scan_0208,probability_average,none,0.2,20,nan,0.1,0,1,1,0.0,0,nan,-1,nan,-1,nan,-1,-1,nan,-1,/data/data/DA25S005/miccai_tbi/MultiTalentV2_finetuning/checkpoints/validation2025_100/ensemble_2_models_e5ohnz5w_tta_ddp_kpcyjb66_tta_hybrid/predicted_lesions/thr0p2_mincc20/scan_0208_pred_lesion.nii.gz
scan_0208,probability_average,none,0.2,40,nan,0.1,0,1,1,0.0,0,nan,-1,nan,-1,nan,-1,-1,nan,-1,/data/data/DA25S005/miccai_tbi/MultiTalentV2_finetuning/checkpoints/validation2025_100/ensemble_2_models_e5ohnz5w_tta_ddp_kpcyjb66_tta_hybrid/predicted_lesions/thr0p2_mincc40/scan_0208_pred_lesion.nii.gz
scan_0208,probability_average,none,0.3,0,nan,0.1,0,1,1,0.0,0,nan,-1,nan,-1,nan,-1,-1,nan,-1,/data/data/DA25S005/miccai_tbi/MultiTalentV2_finetuning/checkpoints/validation2025_100/ensemble_2_models_e5ohnz5w_tta_ddp_kpcyjb66_tta_hybrid/predicted_lesions/thr0p3_mincc0/scan_0208_pred_lesion.nii.gz
scan_0208,probability_average,none,0.3,3,nan,0.1,0,1,1,0.0,0,nan,-1,nan,-1,nan,-1,-1,nan,-1,/data/data/DA25S005/miccai_tbi/MultiTalentV2_finetuning/checkpoints/validation2025_100/ensemble_2_models_e5ohnz5w_tta_ddp_kpcyjb66_tta_hybrid/predicted_lesions/thr0p3_mincc3/scan_0208_pred_lesion.nii.gz
scan_0208,probability_average,none,0.3,5,nan,0.1,0,1,1,0.0,0,nan,-1,nan,-1,nan,-1,-1,nan,-1,/data/data/DA25S005/miccai_tbi/MultiTalentV2_finetuning/checkpoints/validation2025_100/ensemble_2_models_e5ohnz5w_tta_ddp_kpcyjb66_tta_hybrid/predicted_lesions/thr0p3_mincc5/scan_0208_pred_lesion.nii.gz
scan_0208,probability_average,none,0.3,10,nan,0.1,0,1,1,0.0,0,nan,-1,nan,-1,nan,-1,-1,nan,-1,/data/data/DA25S005/miccai_tbi/MultiTalentV2_finetuning/checkpoints/validation2025_100/ensemble_2_models_e5ohnz5w_tta_ddp_kpcyjb66_tta_hybrid/predicted_lesions/thr0p3_mincc10/scan_0208_pred_lesion.nii.gz
scan_0208,probability_average,none,0.3,20,nan,0.1,0,1,1,0.0,0,nan,-1,nan,-1,nan,-1,-1,nan,-1,/data/data/DA25S005/miccai_tbi/MultiTalentV2_finetuning/checkpoints/validation2025_100/ensemble_2_models_e5ohnz5w_tta_ddp_kpcyjb66_tta_hybrid/predicted_lesions/thr0p3_mincc20/scan_0208_pred_lesion.nii.gz
scan_0208,probability_average,none,0.3,40,nan,0.1,0,1,1,0.0,0,nan,-1,nan,-1,nan,-1,-1,nan,-1,/data/data/DA25S005/miccai_tbi/MultiTalentV2_finetuning/checkpoints/validation2025_100/ensemble_2_models_e5ohnz5w_tta_ddp_kpcyjb66_tta_hybrid/predicted_lesions/thr0p3_mincc40/scan_0208_pred_lesion.nii.gz
scan_0208,probability_average,none,0.4,0,nan,0.1,0,1,1,0.0,0,nan,-1,nan,-1,nan,-1,-1,nan,-1,/data/data/DA25S005/miccai_tbi/MultiTalentV2_finetuning/checkpoints/validation2025_100/ensemble_2_models_e5ohnz5w_tta_ddp_kpcyjb66_tta_hybrid/predicted_lesions/thr0p4_mincc0/scan_0208_pred_lesion.nii.gz
scan_0208,probability_average,none,0.4,3,nan,0.1,0,1,1,0.0,0,nan,-1,nan,-1,nan,-1,-1,nan,-1,/data/data/DA25S005/miccai_tbi/MultiTalentV2_finetuning/checkpoints/validation2025_100/ensemble_2_models_e5ohnz5w_tta_ddp_kpcyjb66_tta_hybrid/predicted_lesions/thr0p4_mincc3/scan_0208_pred_lesion.nii.gz
scan_0208,probability_average,none,0.4,5,nan,0.1,0,1,1,0.0,0,nan,-1,nan,-1,nan,-1,-1,nan,-1,/data/data/DA25S005/miccai_tbi/MultiTalentV2_finetuning/checkpoints/validation2025_100/ensemble_2_models_e5ohnz5w_tta_ddp_kpcyjb66_tta_hybrid/predicted_lesions/thr0p4_mincc5/scan_0208_pred_lesion.nii.gz
scan_0208,probability_average,none,0.4,10,nan,0.1,0,1,1,0.0,0,nan,-1,nan,-1,nan,-1,-1,nan,-1,/data/data/DA25S005/miccai_tbi/MultiTalentV2_finetuning/checkpoints/validation2025_100/ensemble_2_models_e5ohnz5w_tta_ddp_kpcyjb66_tta_hybrid/predicted_lesions/thr0p4_mincc10/scan_0208_pred_lesion.nii.gz
scan_0208,probability_average,none,0.4,20,nan,0.1,0,1,1,0.0,0,nan,-1,nan,-1,nan,-1,-1,nan,-1,/data/data/DA25S005/miccai_tbi/MultiTalentV2_finetuning/checkpoints/validation2025_100/ensemble_2_models_e5ohnz5w_tta_ddp_kpcyjb66_tta_hybrid/predicted_lesions/thr0p4_mincc20/scan_0208_pred_lesion.nii.gz
scan_0208,probability_average,none,0.4,40,nan,0.1,0,1,1,0.0,0,nan,-1,nan,-1,nan,-1,-1,nan,-1,/data/data/DA25S005/miccai_tbi/MultiTalentV2_finetuning/checkpoints/validation2025_100/ensemble_2_models_e5ohnz5w_tta_ddp_kpcyjb66_tta_hybrid/predicted_lesions/thr0p4_mincc40/scan_0208_pred_lesion.nii.gz
scan_0208,probability_average,none,0.5,0,nan,0.1,0,1,1,0.0,0,nan,-1,nan,-1,nan,-1,-1,nan,-1,/data/data/DA25S005/miccai_tbi/MultiTalentV2_finetuning/checkpoints/validation2025_100/ensemble_2_models_e5ohnz5w_tta_ddp_kpcyjb66_tta_hybrid/predicted_lesions/thr0p5_mincc0/scan_0208_pred_lesion.nii.gz
scan_0208,probability_average,none,0.5,3,nan,0.1,0,1,1,0.0,0,nan,-1,nan,-1,nan,-1,-1,nan,-1,/data/data/DA25S005/miccai_tbi/MultiTalentV2_finetuning/checkpoints/validation2025_100/ensemble_2_models_e5ohnz5w_tta_ddp_kpcyjb66_tta_hybrid/predicted_lesions/thr0p5_mincc3/scan_0208_pred_lesion.nii.gz
scan_0208,probability_average,none,0.5,5,nan,0.1,0,1,1,0.0,0,nan,-1,nan,-1,nan,-1,-1,nan,-1,/data/data/DA25S005/miccai_tbi/MultiTalentV2_finetuning/checkpoints/validation2025_100/ensemble_2_models_e5ohnz5w_tta_ddp_kpcyjb66_tta_hybrid/predicted_lesions/thr0p5_mincc5/scan_0208_pred_lesion.nii.gz
scan_0208,probability_average,none,0.5,10,nan,0.1,0,1,1,0.0,0,nan,-1,nan,-1,nan,-1,-1,nan,-1,/data/data/DA25S005/miccai_tbi/MultiTalentV2_finetuning/checkpoints/validation2025_100/ensemble_2_models_e5ohnz5w_tta_ddp_kpcyjb66_tta_hybrid/predicted_lesions/thr0p5_mincc10/scan_0208_pred_lesion.nii.gz
scan_0208,probability_average,none,0.5,20,nan,0.1,0,1,1,0.0,0,nan,-1,nan,-1,nan,-1,-1,nan,-1,/data/data/DA25S005/miccai_tbi/MultiTalentV2_finetuning/checkpoints/validation2025_100/ensemble_2_models_e5ohnz5w_tta_ddp_kpcyjb66_tta_hybrid/predicted_lesions/thr0p5_mincc20/scan_0208_pred_lesion.nii.gz
scan_0208,probability_average,none,0.5,40,nan,0.1,0,1,1,0.0,0,nan,-1,nan,-1,nan,-1,-1,nan,-1,/data/data/DA25S005/miccai_tbi/MultiTalentV2_finetuning/checkpoints/validation2025_100/ensemble_2_models_e5ohnz5w_tta_ddp_kpcyjb66_tta_hybrid/predicted_lesions/thr0p5_mincc40/scan_0208_pred_lesion.nii.gz
scan_0215,probability_average,none,0.1,0,nan,0.1,0,1,1,0.0,0,nan,-1,nan,-1,nan,-1,-1,nan,-1,/data/data/DA25S005/miccai_tbi/MultiTalentV2_finetuning/checkpoints/validation2025_100/ensemble_2_models_e5ohnz5w_tta_ddp_kpcyjb66_tta_hybrid/predicted_lesions/thr0p1_mincc0/scan_0215_pred_lesion.nii.gz
scan_0215,probability_average,none,0.1,3,nan,0.1,0,1,1,0.0,0,nan,-1,nan,-1,nan,-1,-1,nan,-1,/data/data/DA25S005/miccai_tbi/MultiTalentV2_finetuning/checkpoints/validation2025_100/ensemble_2_models_e5ohnz5w_tta_ddp_kpcyjb66_tta_hybrid/predicted_lesions/thr0p1_mincc3/scan_0215_pred_lesion.nii.gz
scan_0215,probability_average,none,0.1,5,nan,0.1,0,1,1,0.0,0,nan,-1,nan,-1,nan,-1,-1,nan,-1,/data/data/DA25S005/miccai_tbi/MultiTalentV2_finetuning/checkpoints/validation2025_100/ensemble_2_models_e5ohnz5w_tta_ddp_kpcyjb66_tta_hybrid/predicted_lesions/thr0p1_mincc5/scan_0215_pred_lesion.nii.gz
scan_0215,probability_average,none,0.1,10,nan,0.1,0,1,1,0.0,0,nan,-1,nan,-1,nan,-1,-1,nan,-1,/data/data/DA25S005/miccai_tbi/MultiTalentV2_finetuning/checkpoints/validation2025_100/ensemble_2_models_e5ohnz5w_tta_ddp_kpcyjb66_tta_hybrid/predicted_lesions/thr0p1_mincc10/scan_0215_pred_lesion.nii.gz
scan_0215,probability_average,none,0.1,20,nan,0.1,0,1,1,0.0,0,nan,-1,nan,-1,nan,-1,-1,nan,-1,/data/data/DA25S005/miccai_tbi/MultiTalentV2_finetuning/checkpoints/validation2025_100/ensemble_2_models_e5ohnz5w_tta_ddp_kpcyjb66_tta_hybrid/predicted_lesions/thr0p1_mincc20/scan_0215_pred_lesion.nii.gz
scan_0215,probability_average,none,0.1,40,nan,0.1,0,1,1,0.0,0,nan,-1,nan,-1,nan,-1,-1,nan,-1,/data/data/DA25S005/miccai_tbi/MultiTalentV2_finetuning/checkpoints/validation2025_100/ensemble_2_models_e5ohnz5w_tta_ddp_kpcyjb66_tta_hybrid/predicted_lesions/thr0p1_mincc40/scan_0215_pred_lesion.nii.gz
scan_0215,probability_average,none,0.2,0,nan,0.1,0,1,1,0.0,0,nan,-1,nan,-1,nan,-1,-1,nan,-1,/data/data/DA25S005/miccai_tbi/MultiTalentV2_finetuning/checkpoints/validation2025_100/ensemble_2_models_e5ohnz5w_tta_ddp_kpcyjb66_tta_hybrid/predicted_lesions/thr0p2_mincc0/scan_0215_pred_lesion.nii.gz
scan_0215,probability_average,none,0.2,3,nan,0.1,0,1,1,0.0,0,nan,-1,nan,-1,nan,-1,-1,nan,-1,/data/data/DA25S005/miccai_tbi/MultiTalentV2_finetuning/checkpoints/validation2025_100/ensemble_2_models_e5ohnz5w_tta_ddp_kpcyjb66_tta_hybrid/predicted_lesions/thr0p2_mincc3/scan_0215_pred_lesion.nii.gz
scan_0215,probability_average,none,0.2,5,nan,0.1,0,1,1,0.0,0,nan,-1,nan,-1,nan,-1,-1,nan,-1,/data/data/DA25S005/miccai_tbi/MultiTalentV2_finetuning/checkpoints/validation2025_100/ensemble_2_models_e5ohnz5w_tta_ddp_kpcyjb66_tta_hybrid/predicted_lesions/thr0p2_mincc5/scan_0215_pred_lesion.nii.gz
scan_0215,probability_average,none,0.2,10,nan,0.1,0,1,1,0.0,0,nan,-1,nan,-1,nan,-1,-1,nan,-1,/data/data/DA25S005/miccai_tbi/MultiTalentV2_finetuning/checkpoints/validation2025_100/ensemble_2_models_e5ohnz5w_tta_ddp_kpcyjb66_tta_hybrid/predicted_lesions/thr0p2_mincc10/scan_0215_pred_lesion.nii.gz
scan_0215,probability_average,none,0.2,20,nan,0.1,0,1,1,0.0,0,nan,-1,nan,-1,nan,-1,-1,nan,-1,/data/data/DA25S005/miccai_tbi/MultiTalentV2_finetuning/checkpoints/validation2025_100/ensemble_2_models_e5ohnz5w_tta_ddp_kpcyjb66_tta_hybrid/predicted_lesions/thr0p2_mincc20/scan_0215_pred_lesion.nii.gz
scan_0215,probability_average,none,0.2,40,nan,0.1,0,1,1,0.0,0,nan,-1,nan,-1,nan,-1,-1,nan,-1,/data/data/DA25S005/miccai_tbi/MultiTalentV2_finetuning/checkpoints/validation2025_100/ensemble_2_models_e5ohnz5w_tta_ddp_kpcyjb66_tta_hybrid/predicted_lesions/thr0p2_mincc40/scan_0215_pred_lesion.nii.gz
scan_0215,probability_average,none,0.3,0,nan,0.1,0,1,1,0.0,0,nan,-1,nan,-1,nan,-1,-1,nan,-1,/data/data/DA25S005/miccai_tbi/MultiTalentV2_finetuning/checkpoints/validation2025_100/ensemble_2_models_e5ohnz5w_tta_ddp_kpcyjb66_tta_hybrid/predicted_lesions/thr0p3_mincc0/scan_0215_pred_lesion.nii.gz
scan_0215,probability_average,none,0.3,3,nan,0.1,0,1,1,0.0,0,nan,-1,nan,-1,nan,-1,-1,nan,-1,/data/data/DA25S005/miccai_tbi/MultiTalentV2_finetuning/checkpoints/validation2025_100/ensemble_2_models_e5ohnz5w_tta_ddp_kpcyjb66_tta_hybrid/predicted_lesions/thr0p3_mincc3/scan_0215_pred_lesion.nii.gz
scan_0215,probability_average,none,0.3,5,nan,0.1,0,1,1,0.0,0,nan,-1,nan,-1,nan,-1,-1,nan,-1,/data/data/DA25S005/miccai_tbi/MultiTalentV2_finetuning/checkpoints/validation2025_100/ensemble_2_models_e5ohnz5w_tta_ddp_kpcyjb66_tta_hybrid/predicted_lesions/thr0p3_mincc5/scan_0215_pred_lesion.nii.gz
scan_0215,probability_average,none,0.3,10,nan,0.1,0,1,1,0.0,0,nan,-1,nan,-1,nan,-1,-1,nan,-1,/data/data/DA25S005/miccai_tbi/MultiTalentV2_finetuning/checkpoints/validation2025_100/ensemble_2_models_e5ohnz5w_tta_ddp_kpcyjb66_tta_hybrid/predicted_lesions/thr0p3_mincc10/scan_0215_pred_lesion.nii.gz
scan_0215,probability_average,none,0.3,20,nan,0.1,0,1,1,0.0,0,nan,-1,nan,-1,nan,-1,-1,nan,-1,/data/data/DA25S005/miccai_tbi/MultiTalentV2_finetuning/checkpoints/validation2025_100/ensemble_2_models_e5ohnz5w_tta_ddp_kpcyjb66_tta_hybrid/predicted_lesions/thr0p3_mincc20/scan_0215_pred_lesion.nii.gz
scan_0215,probability_average,none,0.3,40,nan,0.1,0,1,1,0.0,0,nan,-1,nan,-1,nan,-1,-1,nan,-1,/data/data/DA25S005/miccai_tbi/MultiTalentV2_finetuning/checkpoints/validation2025_100/ensemble_2_models_e5ohnz5w_tta_ddp_kpcyjb66_tta_hybrid/predicted_lesions/thr0p3_mincc40/scan_0215_pred_lesion.nii.gz
scan_0215,probability_average,none,0.4,0,nan,0.1,0,1,1,0.0,0,nan,-1,nan,-1,nan,-1,-1,nan,-1,/data/data/DA25S005/miccai_tbi/MultiTalentV2_finetuning/checkpoints/validation2025_100/ensemble_2_models_e5ohnz5w_tta_ddp_kpcyjb66_tta_hybrid/predicted_lesions/thr0p4_mincc0/scan_0215_pred_lesion.nii.gz
scan_0215,probability_average,none,0.4,3,nan,0.1,0,1,1,0.0,0,nan,-1,nan,-1,nan,-1,-1,nan,-1,/data/data/DA25S005/miccai_tbi/MultiTalentV2_finetuning/checkpoints/validation2025_100/ensemble_2_models_e5ohnz5w_tta_ddp_kpcyjb66_tta_hybrid/predicted_lesions/thr0p4_mincc3/scan_0215_pred_lesion.nii.gz
scan_0215,probability_average,none,0.4,5,nan,0.1,0,1,1,0.0,0,nan,-1,nan,-1,nan,-1,-1,nan,-1,/data/data/DA25S005/miccai_tbi/MultiTalentV2_finetuning/checkpoints/validation2025_100/ensemble_2_models_e5ohnz5w_tta_ddp_kpcyjb66_tta_hybrid/predicted_lesions/thr0p4_mincc5/scan_0215_pred_lesion.nii.gz
scan_0215,probability_average,none,0.4,10,nan,0.1,0,1,1,0.0,0,nan,-1,nan,-1,nan,-1,-1,nan,-1,/data/data/DA25S005/miccai_tbi/MultiTalentV2_finetuning/checkpoints/validation2025_100/ensemble_2_models_e5ohnz5w_tta_ddp_kpcyjb66_tta_hybrid/predicted_lesions/thr0p4_mincc10/scan_0215_pred_lesion.nii.gz
scan_0215,probability_average,none,0.4,20,nan,0.1,0,1,1,0.0,0,nan,-1,nan,-1,nan,-1,-1,nan,-1,/data/data/DA25S005/miccai_tbi/MultiTalentV2_finetuning/checkpoints/validation2025_100/ensemble_2_models_e5ohnz5w_tta_ddp_kpcyjb66_tta_hybrid/predicted_lesions/thr0p4_mincc20/scan_0215_pred_lesion.nii.gz
scan_0215,probability_average,none,0.4,40,nan,0.1,0,1,1,0.0,0,nan,-1,nan,-1,nan,-1,-1,nan,-1,/data/data/DA25S005/miccai_tbi/MultiTalentV2_finetuning/checkpoints/validation2025_100/ensemble_2_models_e5ohnz5w_tta_ddp_kpcyjb66_tta_hybrid/predicted_lesions/thr0p4_mincc40/scan_0215_pred_lesion.nii.gz
scan_0215,probability_average,none,0.5,0,nan,0.1,0,1,1,0.0,0,nan,-1,nan,-1,nan,-1,-1,nan,-1,/data/data/DA25S005/miccai_tbi/MultiTalentV2_finetuning/checkpoints/validation2025_100/ensemble_2_models_e5ohnz5w_tta_ddp_kpcyjb66_tta_hybrid/predicted_lesions/thr0p5_mincc0/scan_0215_pred_lesion.nii.gz
scan_0215,probability_average,none,0.5,3,nan,0.1,0,1,1,0.0,0,nan,-1,nan,-1,nan,-1,-1,nan,-1,/data/data/DA25S005/miccai_tbi/MultiTalentV2_finetuning/checkpoints/validation2025_100/ensemble_2_models_e5ohnz5w_tta_ddp_kpcyjb66_tta_hybrid/predicted_lesions/thr0p5_mincc3/scan_0215_pred_lesion.nii.gz
scan_0215,probability_average,none,0.5,5,nan,0.1,0,1,1,0.0,0,nan,-1,nan,-1,nan,-1,-1,nan,-1,/data/data/DA25S005/miccai_tbi/MultiTalentV2_finetuning/checkpoints/validation2025_100/ensemble_2_models_e5ohnz5w_tta_ddp_kpcyjb66_tta_hybrid/predicted_lesions/thr0p5_mincc5/scan_0215_pred_lesion.nii.gz
scan_0215,probability_average,none,0.5,10,nan,0.1,0,1,1,0.0,0,nan,-1,nan,-1,nan,-1,-1,nan,-1,/data/data/DA25S005/miccai_tbi/MultiTalentV2_finetuning/checkpoints/validation2025_100/ensemble_2_models_e5ohnz5w_tta_ddp_kpcyjb66_tta_hybrid/predicted_lesions/thr0p5_mincc10/scan_0215_pred_lesion.nii.gz
scan_0215,probability_average,none,0.5,20,nan,0.1,0,1,1,0.0,0,nan,-1,nan,-1,nan,-1,-1,nan,-1,/data/data/DA25S005/miccai_tbi/MultiTalentV2_finetuning/checkpoints/validation2025_100/ensemble_2_models_e5ohnz5w_tta_ddp_kpcyjb66_tta_hybrid/predicted_lesions/thr0p5_mincc20/scan_0215_pred_lesion.nii.gz
scan_0215,probability_average,none,0.5,40,nan,0.1,0,1,1,0.0,0,nan,-1,nan,-1,nan,-1,-1,nan,-1,/data/data/DA25S005/miccai_tbi/MultiTalentV2_finetuning/checkpoints/validation2025_100/ensemble_2_models_e5ohnz5w_tta_ddp_kpcyjb66_tta_hybrid/predicted_lesions/thr0p5_mincc40/scan_0215_pred_lesion.nii.gz
scan_0216,probability_average,none,0.1,0,nan,0.1,0,1,1,0.0,0,nan,-1,nan,-1,nan,-1,-1,nan,-1,/data/data/DA25S005/miccai_tbi/MultiTalentV2_finetuning/checkpoints/validation2025_100/ensemble_2_models_e5ohnz5w_tta_ddp_kpcyjb66_tta_hybrid/predicted_lesions/thr0p1_mincc0/scan_0216_pred_lesion.nii.gz
scan_0216,probability_average,none,0.1,3,nan,0.1,0,1,1,0.0,0,nan,-1,nan,-1,nan,-1,-1,nan,-1,/data/data/DA25S005/miccai_tbi/MultiTalentV2_finetuning/checkpoints/validation2025_100/ensemble_2_models_e5ohnz5w_tta_ddp_kpcyjb66_tta_hybrid/predicted_lesions/thr0p1_mincc3/scan_0216_pred_lesion.nii.gz
scan_0216,probability_average,none,0.1,5,nan,0.1,0,1,1,0.0,0,nan,-1,nan,-1,nan,-1,-1,nan,-1,/data/data/DA25S005/miccai_tbi/MultiTalentV2_finetuning/checkpoints/validation2025_100/ensemble_2_models_e5ohnz5w_tta_ddp_kpcyjb66_tta_hybrid/predicted_lesions/thr0p1_mincc5/scan_0216_pred_lesion.nii.gz
scan_0216,probability_average,none,0.1,10,nan,0.1,0,1,1,0.0,0,nan,-1,nan,-1,nan,-1,-1,nan,-1,/data/data/DA25S005/miccai_tbi/MultiTalentV2_finetuning/checkpoints/validation2025_100/ensemble_2_models_e5ohnz5w_tta_ddp_kpcyjb66_tta_hybrid/predicted_lesions/thr0p1_mincc10/scan_0216_pred_lesion.nii.gz
scan_0216,probability_average,none,0.1,20,nan,0.1,0,1,1,0.0,0,nan,-1,nan,-1,nan,-1,-1,nan,-1,/data/data/DA25S005/miccai_tbi/MultiTalentV2_finetuning/checkpoints/validation2025_100/ensemble_2_models_e5ohnz5w_tta_ddp_kpcyjb66_tta_hybrid/predicted_lesions/thr0p1_mincc20/scan_0216_pred_lesion.nii.gz
scan_0216,probability_average,none,0.1,40,nan,0.1,0,1,1,0.0,0,nan,-1,nan,-1,nan,-1,-1,nan,-1,/data/data/DA25S005/miccai_tbi/MultiTalentV2_finetuning/checkpoints/validation2025_100/ensemble_2_models_e5ohnz5w_tta_ddp_kpcyjb66_tta_hybrid/predicted_lesions/thr0p1_mincc40/scan_0216_pred_lesion.nii.gz
scan_0216,probability_average,none,0.2,0,nan,0.1,0,1,1,0.0,0,nan,-1,nan,-1,nan,-1,-1,nan,-1,/data/data/DA25S005/miccai_tbi/MultiTalentV2_finetuning/checkpoints/validation2025_100/ensemble_2_models_e5ohnz5w_tta_ddp_kpcyjb66_tta_hybrid/predicted_lesions/thr0p2_mincc0/scan_0216_pred_lesion.nii.gz
scan_0216,probability_average,none,0.2,3,nan,0.1,0,1,1,0.0,0,nan,-1,nan,-1,nan,-1,-1,nan,-1,/data/data/DA25S005/miccai_tbi/MultiTalentV2_finetuning/checkpoints/validation2025_100/ensemble_2_models_e5ohnz5w_tta_ddp_kpcyjb66_tta_hybrid/predicted_lesions/thr0p2_mincc3/scan_0216_pred_lesion.nii.gz
scan_0216,probability_average,none,0.2,5,nan,0.1,0,1,1,0.0,0,nan,-1,nan,-1,nan,-1,-1,nan,-1,/data/data/DA25S005/miccai_tbi/MultiTalentV2_finetuning/checkpoints/validation2025_100/ensemble_2_models_e5ohnz5w_tta_ddp_kpcyjb66_tta_hybrid/predicted_lesions/thr0p2_mincc5/scan_0216_pred_lesion.nii.gz
scan_0216,probability_average,none,0.2,10,nan,0.1,0,1,1,0.0,0,nan,-1,nan,-1,nan,-1,-1,nan,-1,/data/data/DA25S005/miccai_tbi/MultiTalentV2_finetuning/checkpoints/validation2025_100/ensemble_2_models_e5ohnz5w_tta_ddp_kpcyjb66_tta_hybrid/predicted_lesions/thr0p2_mincc10/scan_0216_pred_lesion.nii.gz
scan_0216,probability_average,none,0.2,20,nan,0.1,0,1,1,0.0,0,nan,-1,nan,-1,nan,-1,-1,nan,-1,/data/data/DA25S005/miccai_tbi/MultiTalentV2_finetuning/checkpoints/validation2025_100/ensemble_2_models_e5ohnz5w_tta_ddp_kpcyjb66_tta_hybrid/predicted_lesions/thr0p2_mincc20/scan_0216_pred_lesion.nii.gz
scan_0216,probability_average,none,0.2,40,nan,0.1,0,1,1,0.0,0,nan,-1,nan,-1,nan,-1,-1,nan,-1,/data/data/DA25S005/miccai_tbi/MultiTalentV2_finetuning/checkpoints/validation2025_100/ensemble_2_models_e5ohnz5w_tta_ddp_kpcyjb66_tta_hybrid/predicted_lesions/thr0p2_mincc40/scan_0216_pred_lesion.nii.gz
scan_0216,probability_average,none,0.3,0,nan,0.1,0,1,1,0.0,0,nan,-1,nan,-1,nan,-1,-1,nan,-1,/data/data/DA25S005/miccai_tbi/MultiTalentV2_finetuning/checkpoints/validation2025_100/ensemble_2_models_e5ohnz5w_tta_ddp_kpcyjb66_tta_hybrid/predicted_lesions/thr0p3_mincc0/scan_0216_pred_lesion.nii.gz
scan_0216,probability_average,none,0.3,3,nan,0.1,0,1,1,0.0,0,nan,-1,nan,-1,nan,-1,-1,nan,-1,/data/data/DA25S005/miccai_tbi/MultiTalentV2_finetuning/checkpoints/validation2025_100/ensemble_2_models_e5ohnz5w_tta_ddp_kpcyjb66_tta_hybrid/predicted_lesions/thr0p3_mincc3/scan_0216_pred_lesion.nii.gz
scan_0216,probability_average,none,0.3,5,nan,0.1,0,1,1,0.0,0,nan,-1,nan,-1,nan,-1,-1,nan,-1,/data/data/DA25S005/miccai_tbi/MultiTalentV2_finetuning/checkpoints/validation2025_100/ensemble_2_models_e5ohnz5w_tta_ddp_kpcyjb66_tta_hybrid/predicted_lesions/thr0p3_mincc5/scan_0216_pred_lesion.nii.gz
scan_0216,probability_average,none,0.3,10,nan,0.1,0,1,1,0.0,0,nan,-1,nan,-1,nan,-1,-1,nan,-1,/data/data/DA25S005/miccai_tbi/MultiTalentV2_finetuning/checkpoints/validation2025_100/ensemble_2_models_e5ohnz5w_tta_ddp_kpcyjb66_tta_hybrid/predicted_lesions/thr0p3_mincc10/scan_0216_pred_lesion.nii.gz
scan_0216,probability_average,none,0.3,20,nan,0.1,0,1,1,0.0,0,nan,-1,nan,-1,nan,-1,-1,nan,-1,/data/data/DA25S005/miccai_tbi/MultiTalentV2_finetuning/checkpoints/validation2025_100/ensemble_2_models_e5ohnz5w_tta_ddp_kpcyjb66_tta_hybrid/predicted_lesions/thr0p3_mincc20/scan_0216_pred_lesion.nii.gz
scan_0216,probability_average,none,0.3,40,nan,0.1,0,1,1,0.0,0,nan,-1,nan,-1,nan,-1,-1,nan,-1,/data/data/DA25S005/miccai_tbi/MultiTalentV2_finetuning/checkpoints/validation2025_100/ensemble_2_models_e5ohnz5w_tta_ddp_kpcyjb66_tta_hybrid/predicted_lesions/thr0p3_mincc40/scan_0216_pred_lesion.nii.gz
scan_0216,probability_average,none,0.4,0,nan,0.1,0,1,1,0.0,0,nan,-1,nan,-1,nan,-1,-1,nan,-1,/data/data/DA25S005/miccai_tbi/MultiTalentV2_finetuning/checkpoints/validation2025_100/ensemble_2_models_e5ohnz5w_tta_ddp_kpcyjb66_tta_hybrid/predicted_lesions/thr0p4_mincc0/scan_0216_pred_lesion.nii.gz
scan_0216,probability_average,none,0.4,3,nan,0.1,0,1,1,0.0,0,nan,-1,nan,-1,nan,-1,-1,nan,-1,/data/data/DA25S005/miccai_tbi/MultiTalentV2_finetuning/checkpoints/validation2025_100/ensemble_2_models_e5ohnz5w_tta_ddp_kpcyjb66_tta_hybrid/predicted_lesions/thr0p4_mincc3/scan_0216_pred_lesion.nii.gz
scan_0216,probability_average,none,0.4,5,nan,0.1,0,1,1,0.0,0,nan,-1,nan,-1,nan,-1,-1,nan,-1,/data/data/DA25S005/miccai_tbi/MultiTalentV2_finetuning/checkpoints/validation2025_100/ensemble_2_models_e5ohnz5w_tta_ddp_kpcyjb66_tta_hybrid/predicted_lesions/thr0p4_mincc5/scan_0216_pred_lesion.nii.gz
scan_0216,probability_average,none,0.4,10,nan,0.1,0,1,1,0.0,0,nan,-1,nan,-1,nan,-1,-1,nan,-1,/data/data/DA25S005/miccai_tbi/MultiTalentV2_finetuning/checkpoints/validation2025_100/ensemble_2_models_e5ohnz5w_tta_ddp_kpcyjb66_tta_hybrid/predicted_lesions/thr0p4_mincc10/scan_0216_pred_lesion.nii.gz
scan_0216,probability_average,none,0.4,20,nan,0.1,0,1,1,0.0,0,nan,-1,nan,-1,nan,-1,-1,nan,-1,/data/data/DA25S005/miccai_tbi/MultiTalentV2_finetuning/checkpoints/validation2025_100/ensemble_2_models_e5ohnz5w_tta_ddp_kpcyjb66_tta_hybrid/predicted_lesions/thr0p4_mincc20/scan_0216_pred_lesion.nii.gz
scan_0216,probability_average,none,0.4,40,nan,0.1,0,1,1,0.0,0,nan,-1,nan,-1,nan,-1,-1,nan,-1,/data/data/DA25S005/miccai_tbi/MultiTalentV2_finetuning/checkpoints/validation2025_100/ensemble_2_models_e5ohnz5w_tta_ddp_kpcyjb66_tta_hybrid/predicted_lesions/thr0p4_mincc40/scan_0216_pred_lesion.nii.gz
scan_0216,probability_average,none,0.5,0,nan,0.1,0,1,1,0.0,0,nan,-1,nan,-1,nan,-1,-1,nan,-1,/data/data/DA25S005/miccai_tbi/MultiTalentV2_finetuning/checkpoints/validation2025_100/ensemble_2_models_e5ohnz5w_tta_ddp_kpcyjb66_tta_hybrid/predicted_lesions/thr0p5_mincc0/scan_0216_pred_lesion.nii.gz
scan_0216,probability_average,none,0.5,3,nan,0.1,0,1,1,0.0,0,nan,-1,nan,-1,nan,-1,-1,nan,-1,/data/data/DA25S005/miccai_tbi/MultiTalentV2_finetuning/checkpoints/validation2025_100/ensemble_2_models_e5ohnz5w_tta_ddp_kpcyjb66_tta_hybrid/predicted_lesions/thr0p5_mincc3/scan_0216_pred_lesion.nii.gz
scan_0216,probability_average,none,0.5,5,nan,0.1,0,1,1,0.0,0,nan,-1,nan,-1,nan,-1,-1,nan,-1,/data/data/DA25S005/miccai_tbi/MultiTalentV2_finetuning/checkpoints/validation2025_100/ensemble_2_models_e5ohnz5w_tta_ddp_kpcyjb66_tta_hybrid/predicted_lesions/thr0p5_mincc5/scan_0216_pred_lesion.nii.gz
scan_0216,probability_average,none,0.5,10,nan,0.1,0,1,1,0.0,0,nan,-1,nan,-1,nan,-1,-1,nan,-1,/data/data/DA25S005/miccai_tbi/MultiTalentV2_finetuning/checkpoints/validation2025_100/ensemble_2_models_e5ohnz5w_tta_ddp_kpcyjb66_tta_hybrid/predicted_lesions/thr0p5_mincc10/scan_0216_pred_lesion.nii.gz
scan_0216,probability_average,none,0.5,20,nan,0.1,0,1,1,0.0,0,nan,-1,nan,-1,nan,-1,-1,nan,-1,/data/data/DA25S005/miccai_tbi/MultiTalentV2_finetuning/checkpoints/validation2025_100/ensemble_2_models_e5ohnz5w_tta_ddp_kpcyjb66_tta_hybrid/predicted_lesions/thr0p5_mincc20/scan_0216_pred_lesion.nii.gz
scan_0216,probability_average,none,0.5,40,nan,0.1,0,1,1,0.0,0,nan,-1,nan,-1,nan,-1,-1,nan,-1,/data/data/DA25S005/miccai_tbi/MultiTalentV2_finetuning/checkpoints/validation2025_100/ensemble_2_models_e5ohnz5w_tta_ddp_kpcyjb66_tta_hybrid/predicted_lesions/thr0p5_mincc40/scan_0216_pred_lesion.nii.gz
scan_0221,probability_average,none,0.1,0,nan,0.1,0,1,1,0.0,0,nan,-1,nan,-1,nan,-1,-1,nan,-1,/data/data/DA25S005/miccai_tbi/MultiTalentV2_finetuning/checkpoints/validation2025_100/ensemble_2_models_e5ohnz5w_tta_ddp_kpcyjb66_tta_hybrid/predicted_lesions/thr0p1_mincc0/scan_0221_pred_lesion.nii.gz
scan_0221,probability_average,none,0.1,3,nan,0.1,0,1,1,0.0,0,nan,-1,nan,-1,nan,-1,-1,nan,-1,/data/data/DA25S005/miccai_tbi/MultiTalentV2_finetuning/checkpoints/validation2025_100/ensemble_2_models_e5ohnz5w_tta_ddp_kpcyjb66_tta_hybrid/predicted_lesions/thr0p1_mincc3/scan_0221_pred_lesion.nii.gz
scan_0221,probability_average,none,0.1,5,nan,0.1,0,1,1,0.0,0,nan,-1,nan,-1,nan,-1,-1,nan,-1,/data/data/DA25S005/miccai_tbi/MultiTalentV2_finetuning/checkpoints/validation2025_100/ensemble_2_models_e5ohnz5w_tta_ddp_kpcyjb66_tta_hybrid/predicted_lesions/thr0p1_mincc5/scan_0221_pred_lesion.nii.gz
scan_0221,probability_average,none,0.1,10,nan,0.1,0,1,1,0.0,0,nan,-1,nan,-1,nan,-1,-1,nan,-1,/data/data/DA25S005/miccai_tbi/MultiTalentV2_finetuning/checkpoints/validation2025_100/ensemble_2_models_e5ohnz5w_tta_ddp_kpcyjb66_tta_hybrid/predicted_lesions/thr0p1_mincc10/scan_0221_pred_lesion.nii.gz
scan_0221,probability_average,none,0.1,20,nan,0.1,0,1,1,0.0,0,nan,-1,nan,-1,nan,-1,-1,nan,-1,/data/data/DA25S005/miccai_tbi/MultiTalentV2_finetuning/checkpoints/validation2025_100/ensemble_2_models_e5ohnz5w_tta_ddp_kpcyjb66_tta_hybrid/predicted_lesions/thr0p1_mincc20/scan_0221_pred_lesion.nii.gz
scan_0221,probability_average,none,0.1,40,nan,0.1,0,1,1,0.0,0,nan,-1,nan,-1,nan,-1,-1,nan,-1,/data/data/DA25S005/miccai_tbi/MultiTalentV2_finetuning/checkpoints/validation2025_100/ensemble_2_models_e5ohnz5w_tta_ddp_kpcyjb66_tta_hybrid/predicted_lesions/thr0p1_mincc40/scan_0221_pred_lesion.nii.gz
scan_0221,probability_average,none,0.2,0,nan,0.1,0,1,1,0.0,0,nan,-1,nan,-1,nan,-1,-1,nan,-1,/data/data/DA25S005/miccai_tbi/MultiTalentV2_finetuning/checkpoints/validation2025_100/ensemble_2_models_e5ohnz5w_tta_ddp_kpcyjb66_tta_hybrid/predicted_lesions/thr0p2_mincc0/scan_0221_pred_lesion.nii.gz
scan_0221,probability_average,none,0.2,3,nan,0.1,0,1,1,0.0,0,nan,-1,nan,-1,nan,-1,-1,nan,-1,/data/data/DA25S005/miccai_tbi/MultiTalentV2_finetuning/checkpoints/validation2025_100/ensemble_2_models_e5ohnz5w_tta_ddp_kpcyjb66_tta_hybrid/predicted_lesions/thr0p2_mincc3/scan_0221_pred_lesion.nii.gz
scan_0221,probability_average,none,0.2,5,nan,0.1,0,1,1,0.0,0,nan,-1,nan,-1,nan,-1,-1,nan,-1,/data/data/DA25S005/miccai_tbi/MultiTalentV2_finetuning/checkpoints/validation2025_100/ensemble_2_models_e5ohnz5w_tta_ddp_kpcyjb66_tta_hybrid/predicted_lesions/thr0p2_mincc5/scan_0221_pred_lesion.nii.gz
scan_0221,probability_average,none,0.2,10,nan,0.1,0,1,1,0.0,0,nan,-1,nan,-1,nan,-1,-1,nan,-1,/data/data/DA25S005/miccai_tbi/MultiTalentV2_finetuning/checkpoints/validation2025_100/ensemble_2_models_e5ohnz5w_tta_ddp_kpcyjb66_tta_hybrid/predicted_lesions/thr0p2_mincc10/scan_0221_pred_lesion.nii.gz
scan_0221,probability_average,none,0.2,20,nan,0.1,0,1,1,0.0,0,nan,-1,nan,-1,nan,-1,-1,nan,-1,/data/data/DA25S005/miccai_tbi/MultiTalentV2_finetuning/checkpoints/validation2025_100/ensemble_2_models_e5ohnz5w_tta_ddp_kpcyjb66_tta_hybrid/predicted_lesions/thr0p2_mincc20/scan_0221_pred_lesion.nii.gz
scan_0221,probability_average,none,0.2,40,nan,0.1,0,1,1,0.0,0,nan,-1,nan,-1,nan,-1,-1,nan,-1,/data/data/DA25S005/miccai_tbi/MultiTalentV2_finetuning/checkpoints/validation2025_100/ensemble_2_models_e5ohnz5w_tta_ddp_kpcyjb66_tta_hybrid/predicted_lesions/thr0p2_mincc40/scan_0221_pred_lesion.nii.gz
scan_0221,probability_average,none,0.3,0,nan,0.1,0,1,1,0.0,0,nan,-1,nan,-1,nan,-1,-1,nan,-1,/data/data/DA25S005/miccai_tbi/MultiTalentV2_finetuning/checkpoints/validation2025_100/ensemble_2_models_e5ohnz5w_tta_ddp_kpcyjb66_tta_hybrid/predicted_lesions/thr0p3_mincc0/scan_0221_pred_lesion.nii.gz
scan_0221,probability_average,none,0.3,3,nan,0.1,0,1,1,0.0,0,nan,-1,nan,-1,nan,-1,-1,nan,-1,/data/data/DA25S005/miccai_tbi/MultiTalentV2_finetuning/checkpoints/validation2025_100/ensemble_2_models_e5ohnz5w_tta_ddp_kpcyjb66_tta_hybrid/predicted_lesions/thr0p3_mincc3/scan_0221_pred_lesion.nii.gz
scan_0221,probability_average,none,0.3,5,nan,0.1,0,1,1,0.0,0,nan,-1,nan,-1,nan,-1,-1,nan,-1,/data/data/DA25S005/miccai_tbi/MultiTalentV2_finetuning/checkpoints/validation2025_100/ensemble_2_models_e5ohnz5w_tta_ddp_kpcyjb66_tta_hybrid/predicted_lesions/thr0p3_mincc5/scan_0221_pred_lesion.nii.gz
scan_0221,probability_average,none,0.3,10,nan,0.1,0,1,1,0.0,0,nan,-1,nan,-1,nan,-1,-1,nan,-1,/data/data/DA25S005/miccai_tbi/MultiTalentV2_finetuning/checkpoints/validation2025_100/ensemble_2_models_e5ohnz5w_tta_ddp_kpcyjb66_tta_hybrid/predicted_lesions/thr0p3_mincc10/scan_0221_pred_lesion.nii.gz
scan_0221,probability_average,none,0.3,20,nan,0.1,0,1,1,0.0,0,nan,-1,nan,-1,nan,-1,-1,nan,-1,/data/data/DA25S005/miccai_tbi/MultiTalentV2_finetuning/checkpoints/validation2025_100/ensemble_2_models_e5ohnz5w_tta_ddp_kpcyjb66_tta_hybrid/predicted_lesions/thr0p3_mincc20/scan_0221_pred_lesion.nii.gz
scan_0221,probability_average,none,0.3,40,nan,0.1,0,1,1,0.0,0,nan,-1,nan,-1,nan,-1,-1,nan,-1,/data/data/DA25S005/miccai_tbi/MultiTalentV2_finetuning/checkpoints/validation2025_100/ensemble_2_models_e5ohnz5w_tta_ddp_kpcyjb66_tta_hybrid/predicted_lesions/thr0p3_mincc40/scan_0221_pred_lesion.nii.gz
scan_0221,probability_average,none,0.4,0,nan,0.1,0,1,1,0.0,0,nan,-1,nan,-1,nan,-1,-1,nan,-1,/data/data/DA25S005/miccai_tbi/MultiTalentV2_finetuning/checkpoints/validation2025_100/ensemble_2_models_e5ohnz5w_tta_ddp_kpcyjb66_tta_hybrid/predicted_lesions/thr0p4_mincc0/scan_0221_pred_lesion.nii.gz
scan_0221,probability_average,none,0.4,3,nan,0.1,0,1,1,0.0,0,nan,-1,nan,-1,nan,-1,-1,nan,-1,/data/data/DA25S005/miccai_tbi/MultiTalentV2_finetuning/checkpoints/validation2025_100/ensemble_2_models_e5ohnz5w_tta_ddp_kpcyjb66_tta_hybrid/predicted_lesions/thr0p4_mincc3/scan_0221_pred_lesion.nii.gz
scan_0221,probability_average,none,0.4,5,nan,0.1,0,1,1,0.0,0,nan,-1,nan,-1,nan,-1,-1,nan,-1,/data/data/DA25S005/miccai_tbi/MultiTalentV2_finetuning/checkpoints/validation2025_100/ensemble_2_models_e5ohnz5w_tta_ddp_kpcyjb66_tta_hybrid/predicted_lesions/thr0p4_mincc5/scan_0221_pred_lesion.nii.gz
scan_0221,probability_average,none,0.4,10,nan,0.1,0,1,1,0.0,0,nan,-1,nan,-1,nan,-1,-1,nan,-1,/data/data/DA25S005/miccai_tbi/MultiTalentV2_finetuning/checkpoints/validation2025_100/ensemble_2_models_e5ohnz5w_tta_ddp_kpcyjb66_tta_hybrid/predicted_lesions/thr0p4_mincc10/scan_0221_pred_lesion.nii.gz
scan_0221,probability_average,none,0.4,20,nan,0.1,0,1,1,0.0,0,nan,-1,nan,-1,nan,-1,-1,nan,-1,/data/data/DA25S005/miccai_tbi/MultiTalentV2_finetuning/checkpoints/validation2025_100/ensemble_2_models_e5ohnz5w_tta_ddp_kpcyjb66_tta_hybrid/predicted_lesions/thr0p4_mincc20/scan_0221_pred_lesion.nii.gz
scan_0221,probability_average,none,0.4,40,nan,0.1,0,1,1,0.0,0,nan,-1,nan,-1,nan,-1,-1,nan,-1,/data/data/DA25S005/miccai_tbi/MultiTalentV2_finetuning/checkpoints/validation2025_100/ensemble_2_models_e5ohnz5w_tta_ddp_kpcyjb66_tta_hybrid/predicted_lesions/thr0p4_mincc40/scan_0221_pred_lesion.nii.gz
scan_0221,probability_average,none,0.5,0,nan,0.1,0,1,1,0.0,0,nan,-1,nan,-1,nan,-1,-1,nan,-1,/data/data/DA25S005/miccai_tbi/MultiTalentV2_finetuning/checkpoints/validation2025_100/ensemble_2_models_e5ohnz5w_tta_ddp_kpcyjb66_tta_hybrid/predicted_lesions/thr0p5_mincc0/scan_0221_pred_lesion.nii.gz
scan_0221,probability_average,none,0.5,3,nan,0.1,0,1,1,0.0,0,nan,-1,nan,-1,nan,-1,-1,nan,-1,/data/data/DA25S005/miccai_tbi/MultiTalentV2_finetuning/checkpoints/validation2025_100/ensemble_2_models_e5ohnz5w_tta_ddp_kpcyjb66_tta_hybrid/predicted_lesions/thr0p5_mincc3/scan_0221_pred_lesion.nii.gz
scan_0221,probability_average,none,0.5,5,nan,0.1,0,1,1,0.0,0,nan,-1,nan,-1,nan,-1,-1,nan,-1,/data/data/DA25S005/miccai_tbi/MultiTalentV2_finetuning/checkpoints/validation2025_100/ensemble_2_models_e5ohnz5w_tta_ddp_kpcyjb66_tta_hybrid/predicted_lesions/thr0p5_mincc5/scan_0221_pred_lesion.nii.gz
scan_0221,probability_average,none,0.5,10,nan,0.1,0,1,1,0.0,0,nan,-1,nan,-1,nan,-1,-1,nan,-1,/data/data/DA25S005/miccai_tbi/MultiTalentV2_finetuning/checkpoints/validation2025_100/ensemble_2_models_e5ohnz5w_tta_ddp_kpcyjb66_tta_hybrid/predicted_lesions/thr0p5_mincc10/scan_0221_pred_lesion.nii.gz
scan_0221,probability_average,none,0.5,20,nan,0.1,0,1,1,0.0,0,nan,-1,nan,-1,nan,-1,-1,nan,-1,/data/data/DA25S005/miccai_tbi/MultiTalentV2_finetuning/checkpoints/validation2025_100/ensemble_2_models_e5ohnz5w_tta_ddp_kpcyjb66_tta_hybrid/predicted_lesions/thr0p5_mincc20/scan_0221_pred_lesion.nii.gz
scan_0221,probability_average,none,0.5,40,nan,0.1,0,1,1,0.0,0,nan,-1,nan,-1,nan,-1,-1,nan,-1,/data/data/DA25S005/miccai_tbi/MultiTalentV2_finetuning/checkpoints/validation2025_100/ensemble_2_models_e5ohnz5w_tta_ddp_kpcyjb66_tta_hybrid/predicted_lesions/thr0p5_mincc40/scan_0221_pred_lesion.nii.gz
scan_0223,probability_average,none,0.1,0,nan,0.1,0,1,1,0.0,0,nan,-1,nan,-1,nan,-1,-1,nan,-1,/data/data/DA25S005/miccai_tbi/MultiTalentV2_finetuning/checkpoints/validation2025_100/ensemble_2_models_e5ohnz5w_tta_ddp_kpcyjb66_tta_hybrid/predicted_lesions/thr0p1_mincc0/scan_0223_pred_lesion.nii.gz
scan_0223,probability_average,none,0.1,3,nan,0.1,0,1,1,0.0,0,nan,-1,nan,-1,nan,-1,-1,nan,-1,/data/data/DA25S005/miccai_tbi/MultiTalentV2_finetuning/checkpoints/validation2025_100/ensemble_2_models_e5ohnz5w_tta_ddp_kpcyjb66_tta_hybrid/predicted_lesions/thr0p1_mincc3/scan_0223_pred_lesion.nii.gz
scan_0223,probability_average,none,0.1,5,nan,0.1,0,1,1,0.0,0,nan,-1,nan,-1,nan,-1,-1,nan,-1,/data/data/DA25S005/miccai_tbi/MultiTalentV2_finetuning/checkpoints/validation2025_100/ensemble_2_models_e5ohnz5w_tta_ddp_kpcyjb66_tta_hybrid/predicted_lesions/thr0p1_mincc5/scan_0223_pred_lesion.nii.gz
scan_0223,probability_average,none,0.1,10,nan,0.1,0,1,1,0.0,0,nan,-1,nan,-1,nan,-1,-1,nan,-1,/data/data/DA25S005/miccai_tbi/MultiTalentV2_finetuning/checkpoints/validation2025_100/ensemble_2_models_e5ohnz5w_tta_ddp_kpcyjb66_tta_hybrid/predicted_lesions/thr0p1_mincc10/scan_0223_pred_lesion.nii.gz
scan_0223,probability_average,none,0.1,20,nan,0.1,0,1,1,0.0,0,nan,-1,nan,-1,nan,-1,-1,nan,-1,/data/data/DA25S005/miccai_tbi/MultiTalentV2_finetuning/checkpoints/validation2025_100/ensemble_2_models_e5ohnz5w_tta_ddp_kpcyjb66_tta_hybrid/predicted_lesions/thr0p1_mincc20/scan_0223_pred_lesion.nii.gz
scan_0223,probability_average,none,0.1,40,nan,0.1,0,1,1,0.0,0,nan,-1,nan,-1,nan,-1,-1,nan,-1,/data/data/DA25S005/miccai_tbi/MultiTalentV2_finetuning/checkpoints/validation2025_100/ensemble_2_models_e5ohnz5w_tta_ddp_kpcyjb66_tta_hybrid/predicted_lesions/thr0p1_mincc40/scan_0223_pred_lesion.nii.gz
scan_0223,probability_average,none,0.2,0,nan,0.1,0,1,1,0.0,0,nan,-1,nan,-1,nan,-1,-1,nan,-1,/data/data/DA25S005/miccai_tbi/MultiTalentV2_finetuning/checkpoints/validation2025_100/ensemble_2_models_e5ohnz5w_tta_ddp_kpcyjb66_tta_hybrid/predicted_lesions/thr0p2_mincc0/scan_0223_pred_lesion.nii.gz
scan_0223,probability_average,none,0.2,3,nan,0.1,0,1,1,0.0,0,nan,-1,nan,-1,nan,-1,-1,nan,-1,/data/data/DA25S005/miccai_tbi/MultiTalentV2_finetuning/checkpoints/validation2025_100/ensemble_2_models_e5ohnz5w_tta_ddp_kpcyjb66_tta_hybrid/predicted_lesions/thr0p2_mincc3/scan_0223_pred_lesion.nii.gz
scan_0223,probability_average,none,0.2,5,nan,0.1,0,1,1,0.0,0,nan,-1,nan,-1,nan,-1,-1,nan,-1,/data/data/DA25S005/miccai_tbi/MultiTalentV2_finetuning/checkpoints/validation2025_100/ensemble_2_models_e5ohnz5w_tta_ddp_kpcyjb66_tta_hybrid/predicted_lesions/thr0p2_mincc5/scan_0223_pred_lesion.nii.gz
scan_0223,probability_average,none,0.2,10,nan,0.1,0,1,1,0.0,0,nan,-1,nan,-1,nan,-1,-1,nan,-1,/data/data/DA25S005/miccai_tbi/MultiTalentV2_finetuning/checkpoints/validation2025_100/ensemble_2_models_e5ohnz5w_tta_ddp_kpcyjb66_tta_hybrid/predicted_lesions/thr0p2_mincc10/scan_0223_pred_lesion.nii.gz
scan_0223,probability_average,none,0.2,20,nan,0.1,0,1,1,0.0,0,nan,-1,nan,-1,nan,-1,-1,nan,-1,/data/data/DA25S005/miccai_tbi/MultiTalentV2_finetuning/checkpoints/validation2025_100/ensemble_2_models_e5ohnz5w_tta_ddp_kpcyjb66_tta_hybrid/predicted_lesions/thr0p2_mincc20/scan_0223_pred_lesion.nii.gz
scan_0223,probability_average,none,0.2,40,nan,0.1,0,1,1,0.0,0,nan,-1,nan,-1,nan,-1,-1,nan,-1,/data/data/DA25S005/miccai_tbi/MultiTalentV2_finetuning/checkpoints/validation2025_100/ensemble_2_models_e5ohnz5w_tta_ddp_kpcyjb66_tta_hybrid/predicted_lesions/thr0p2_mincc40/scan_0223_pred_lesion.nii.gz
scan_0223,probability_average,none,0.3,0,nan,0.1,0,1,1,0.0,0,nan,-1,nan,-1,nan,-1,-1,nan,-1,/data/data/DA25S005/miccai_tbi/MultiTalentV2_finetuning/checkpoints/validation2025_100/ensemble_2_models_e5ohnz5w_tta_ddp_kpcyjb66_tta_hybrid/predicted_lesions/thr0p3_mincc0/scan_0223_pred_lesion.nii.gz
scan_0223,probability_average,none,0.3,3,nan,0.1,0,1,1,0.0,0,nan,-1,nan,-1,nan,-1,-1,nan,-1,/data/data/DA25S005/miccai_tbi/MultiTalentV2_finetuning/checkpoints/validation2025_100/ensemble_2_models_e5ohnz5w_tta_ddp_kpcyjb66_tta_hybrid/predicted_lesions/thr0p3_mincc3/scan_0223_pred_lesion.nii.gz
scan_0223,probability_average,none,0.3,5,nan,0.1,0,1,1,0.0,0,nan,-1,nan,-1,nan,-1,-1,nan,-1,/data/data/DA25S005/miccai_tbi/MultiTalentV2_finetuning/checkpoints/validation2025_100/ensemble_2_models_e5ohnz5w_tta_ddp_kpcyjb66_tta_hybrid/predicted_lesions/thr0p3_mincc5/scan_0223_pred_lesion.nii.gz
scan_0223,probability_average,none,0.3,10,nan,0.1,0,1,1,0.0,0,nan,-1,nan,-1,nan,-1,-1,nan,-1,/data/data/DA25S005/miccai_tbi/MultiTalentV2_finetuning/checkpoints/validation2025_100/ensemble_2_models_e5ohnz5w_tta_ddp_kpcyjb66_tta_hybrid/predicted_lesions/thr0p3_mincc10/scan_0223_pred_lesion.nii.gz
scan_0223,probability_average,none,0.3,20,nan,0.1,0,1,1,0.0,0,nan,-1,nan,-1,nan,-1,-1,nan,-1,/data/data/DA25S005/miccai_tbi/MultiTalentV2_finetuning/checkpoints/validation2025_100/ensemble_2_models_e5ohnz5w_tta_ddp_kpcyjb66_tta_hybrid/predicted_lesions/thr0p3_mincc20/scan_0223_pred_lesion.nii.gz
scan_0223,probability_average,none,0.3,40,nan,0.1,0,1,1,0.0,0,nan,-1,nan,-1,nan,-1,-1,nan,-1,/data/data/DA25S005/miccai_tbi/MultiTalentV2_finetuning/checkpoints/validation2025_100/ensemble_2_models_e5ohnz5w_tta_ddp_kpcyjb66_tta_hybrid/predicted_lesions/thr0p3_mincc40/scan_0223_pred_lesion.nii.gz
scan_0223,probability_average,none,0.4,0,nan,0.1,0,1,1,0.0,0,nan,-1,nan,-1,nan,-1,-1,nan,-1,/data/data/DA25S005/miccai_tbi/MultiTalentV2_finetuning/checkpoints/validation2025_100/ensemble_2_models_e5ohnz5w_tta_ddp_kpcyjb66_tta_hybrid/predicted_lesions/thr0p4_mincc0/scan_0223_pred_lesion.nii.gz
scan_0223,probability_average,none,0.4,3,nan,0.1,0,1,1,0.0,0,nan,-1,nan,-1,nan,-1,-1,nan,-1,/data/data/DA25S005/miccai_tbi/MultiTalentV2_finetuning/checkpoints/validation2025_100/ensemble_2_models_e5ohnz5w_tta_ddp_kpcyjb66_tta_hybrid/predicted_lesions/thr0p4_mincc3/scan_0223_pred_lesion.nii.gz
scan_0223,probability_average,none,0.4,5,nan,0.1,0,1,1,0.0,0,nan,-1,nan,-1,nan,-1,-1,nan,-1,/data/data/DA25S005/miccai_tbi/MultiTalentV2_finetuning/checkpoints/validation2025_100/ensemble_2_models_e5ohnz5w_tta_ddp_kpcyjb66_tta_hybrid/predicted_lesions/thr0p4_mincc5/scan_0223_pred_lesion.nii.gz
scan_0223,probability_average,none,0.4,10,nan,0.1,0,1,1,0.0,0,nan,-1,nan,-1,nan,-1,-1,nan,-1,/data/data/DA25S005/miccai_tbi/MultiTalentV2_finetuning/checkpoints/validation2025_100/ensemble_2_models_e5ohnz5w_tta_ddp_kpcyjb66_tta_hybrid/predicted_lesions/thr0p4_mincc10/scan_0223_pred_lesion.nii.gz
scan_0223,probability_average,none,0.4,20,nan,0.1,0,1,1,0.0,0,nan,-1,nan,-1,nan,-1,-1,nan,-1,/data/data/DA25S005/miccai_tbi/MultiTalentV2_finetuning/checkpoints/validation2025_100/ensemble_2_models_e5ohnz5w_tta_ddp_kpcyjb66_tta_hybrid/predicted_lesions/thr0p4_mincc20/scan_0223_pred_lesion.nii.gz
scan_0223,probability_average,none,0.4,40,nan,0.1,0,1,1,0.0,0,nan,-1,nan,-1,nan,-1,-1,nan,-1,/data/data/DA25S005/miccai_tbi/MultiTalentV2_finetuning/checkpoints/validation2025_100/ensemble_2_models_e5ohnz5w_tta_ddp_kpcyjb66_tta_hybrid/predicted_lesions/thr0p4_mincc40/scan_0223_pred_lesion.nii.gz
scan_0223,probability_average,none,0.5,0,nan,0.1,0,1,1,0.0,0,nan,-1,nan,-1,nan,-1,-1,nan,-1,/data/data/DA25S005/miccai_tbi/MultiTalentV2_finetuning/checkpoints/validation2025_100/ensemble_2_models_e5ohnz5w_tta_ddp_kpcyjb66_tta_hybrid/predicted_lesions/thr0p5_mincc0/scan_0223_pred_lesion.nii.gz
scan_0223,probability_average,none,0.5,3,nan,0.1,0,1,1,0.0,0,nan,-1,nan,-1,nan,-1,-1,nan,-1,/data/data/DA25S005/miccai_tbi/MultiTalentV2_finetuning/checkpoints/validation2025_100/ensemble_2_models_e5ohnz5w_tta_ddp_kpcyjb66_tta_hybrid/predicted_lesions/thr0p5_mincc3/scan_0223_pred_lesion.nii.gz
scan_0223,probability_average,none,0.5,5,nan,0.1,0,1,1,0.0,0,nan,-1,nan,-1,nan,-1,-1,nan,-1,/data/data/DA25S005/miccai_tbi/MultiTalentV2_finetuning/checkpoints/validation2025_100/ensemble_2_models_e5ohnz5w_tta_ddp_kpcyjb66_tta_hybrid/predicted_lesions/thr0p5_mincc5/scan_0223_pred_lesion.nii.gz
scan_0223,probability_average,none,0.5,10,nan,0.1,0,1,1,0.0,0,nan,-1,nan,-1,nan,-1,-1,nan,-1,/data/data/DA25S005/miccai_tbi/MultiTalentV2_finetuning/checkpoints/validation2025_100/ensemble_2_models_e5ohnz5w_tta_ddp_kpcyjb66_tta_hybrid/predicted_lesions/thr0p5_mincc10/scan_0223_pred_lesion.nii.gz
scan_0223,probability_average,none,0.5,20,nan,0.1,0,1,1,0.0,0,nan,-1,nan,-1,nan,-1,-1,nan,-1,/data/data/DA25S005/miccai_tbi/MultiTalentV2_finetuning/checkpoints/validation2025_100/ensemble_2_models_e5ohnz5w_tta_ddp_kpcyjb66_tta_hybrid/predicted_lesions/thr0p5_mincc20/scan_0223_pred_lesion.nii.gz
scan_0223,probability_average,none,0.5,40,nan,0.1,0,1,1,0.0,0,nan,-1,nan,-1,nan,-1,-1,nan,-1,/data/data/DA25S005/miccai_tbi/MultiTalentV2_finetuning/checkpoints/validation2025_100/ensemble_2_models_e5ohnz5w_tta_ddp_kpcyjb66_tta_hybrid/predicted_lesions/thr0p5_mincc40/scan_0223_pred_lesion.nii.gz
scan_0230,probability_average,none,0.1,0,nan,0.1,0,1,1,0.0,0,nan,-1,nan,-1,nan,-1,-1,nan,-1,/data/data/DA25S005/miccai_tbi/MultiTalentV2_finetuning/checkpoints/validation2025_100/ensemble_2_models_e5ohnz5w_tta_ddp_kpcyjb66_tta_hybrid/predicted_lesions/thr0p1_mincc0/scan_0230_pred_lesion.nii.gz
scan_0230,probability_average,none,0.1,3,nan,0.1,0,1,1,0.0,0,nan,-1,nan,-1,nan,-1,-1,nan,-1,/data/data/DA25S005/miccai_tbi/MultiTalentV2_finetuning/checkpoints/validation2025_100/ensemble_2_models_e5ohnz5w_tta_ddp_kpcyjb66_tta_hybrid/predicted_lesions/thr0p1_mincc3/scan_0230_pred_lesion.nii.gz
scan_0230,probability_average,none,0.1,5,nan,0.1,0,1,1,0.0,0,nan,-1,nan,-1,nan,-1,-1,nan,-1,/data/data/DA25S005/miccai_tbi/MultiTalentV2_finetuning/checkpoints/validation2025_100/ensemble_2_models_e5ohnz5w_tta_ddp_kpcyjb66_tta_hybrid/predicted_lesions/thr0p1_mincc5/scan_0230_pred_lesion.nii.gz
scan_0230,probability_average,none,0.1,10,nan,0.1,0,1,1,0.0,0,nan,-1,nan,-1,nan,-1,-1,nan,-1,/data/data/DA25S005/miccai_tbi/MultiTalentV2_finetuning/checkpoints/validation2025_100/ensemble_2_models_e5ohnz5w_tta_ddp_kpcyjb66_tta_hybrid/predicted_lesions/thr0p1_mincc10/scan_0230_pred_lesion.nii.gz
scan_0230,probability_average,none,0.1,20,nan,0.1,0,1,1,0.0,0,nan,-1,nan,-1,nan,-1,-1,nan,-1,/data/data/DA25S005/miccai_tbi/MultiTalentV2_finetuning/checkpoints/validation2025_100/ensemble_2_models_e5ohnz5w_tta_ddp_kpcyjb66_tta_hybrid/predicted_lesions/thr0p1_mincc20/scan_0230_pred_lesion.nii.gz
scan_0230,probability_average,none,0.1,40,nan,0.1,0,1,1,0.0,0,nan,-1,nan,-1,nan,-1,-1,nan,-1,/data/data/DA25S005/miccai_tbi/MultiTalentV2_finetuning/checkpoints/validation2025_100/ensemble_2_models_e5ohnz5w_tta_ddp_kpcyjb66_tta_hybrid/predicted_lesions/thr0p1_mincc40/scan_0230_pred_lesion.nii.gz
scan_0230,probability_average,none,0.2,0,nan,0.1,0,1,1,0.0,0,nan,-1,nan,-1,nan,-1,-1,nan,-1,/data/data/DA25S005/miccai_tbi/MultiTalentV2_finetuning/checkpoints/validation2025_100/ensemble_2_models_e5ohnz5w_tta_ddp_kpcyjb66_tta_hybrid/predicted_lesions/thr0p2_mincc0/scan_0230_pred_lesion.nii.gz
scan_0230,probability_average,none,0.2,3,nan,0.1,0,1,1,0.0,0,nan,-1,nan,-1,nan,-1,-1,nan,-1,/data/data/DA25S005/miccai_tbi/MultiTalentV2_finetuning/checkpoints/validation2025_100/ensemble_2_models_e5ohnz5w_tta_ddp_kpcyjb66_tta_hybrid/predicted_lesions/thr0p2_mincc3/scan_0230_pred_lesion.nii.gz
scan_0230,probability_average,none,0.2,5,nan,0.1,0,1,1,0.0,0,nan,-1,nan,-1,nan,-1,-1,nan,-1,/data/data/DA25S005/miccai_tbi/MultiTalentV2_finetuning/checkpoints/validation2025_100/ensemble_2_models_e5ohnz5w_tta_ddp_kpcyjb66_tta_hybrid/predicted_lesions/thr0p2_mincc5/scan_0230_pred_lesion.nii.gz
scan_0230,probability_average,none,0.2,10,nan,0.1,0,1,1,0.0,0,nan,-1,nan,-1,nan,-1,-1,nan,-1,/data/data/DA25S005/miccai_tbi/MultiTalentV2_finetuning/checkpoints/validation2025_100/ensemble_2_models_e5ohnz5w_tta_ddp_kpcyjb66_tta_hybrid/predicted_lesions/thr0p2_mincc10/scan_0230_pred_lesion.nii.gz
scan_0230,probability_average,none,0.2,20,nan,0.1,0,1,1,0.0,0,nan,-1,nan,-1,nan,-1,-1,nan,-1,/data/data/DA25S005/miccai_tbi/MultiTalentV2_finetuning/checkpoints/validation2025_100/ensemble_2_models_e5ohnz5w_tta_ddp_kpcyjb66_tta_hybrid/predicted_lesions/thr0p2_mincc20/scan_0230_pred_lesion.nii.gz
scan_0230,probability_average,none,0.2,40,nan,0.1,0,1,1,0.0,0,nan,-1,nan,-1,nan,-1,-1,nan,-1,/data/data/DA25S005/miccai_tbi/MultiTalentV2_finetuning/checkpoints/validation2025_100/ensemble_2_models_e5ohnz5w_tta_ddp_kpcyjb66_tta_hybrid/predicted_lesions/thr0p2_mincc40/scan_0230_pred_lesion.nii.gz
scan_0230,probability_average,none,0.3,0,nan,0.1,0,1,1,0.0,0,nan,-1,nan,-1,nan,-1,-1,nan,-1,/data/data/DA25S005/miccai_tbi/MultiTalentV2_finetuning/checkpoints/validation2025_100/ensemble_2_models_e5ohnz5w_tta_ddp_kpcyjb66_tta_hybrid/predicted_lesions/thr0p3_mincc0/scan_0230_pred_lesion.nii.gz
scan_0230,probability_average,none,0.3,3,nan,0.1,0,1,1,0.0,0,nan,-1,nan,-1,nan,-1,-1,nan,-1,/data/data/DA25S005/miccai_tbi/MultiTalentV2_finetuning/checkpoints/validation2025_100/ensemble_2_models_e5ohnz5w_tta_ddp_kpcyjb66_tta_hybrid/predicted_lesions/thr0p3_mincc3/scan_0230_pred_lesion.nii.gz
scan_0230,probability_average,none,0.3,5,nan,0.1,0,1,1,0.0,0,nan,-1,nan,-1,nan,-1,-1,nan,-1,/data/data/DA25S005/miccai_tbi/MultiTalentV2_finetuning/checkpoints/validation2025_100/ensemble_2_models_e5ohnz5w_tta_ddp_kpcyjb66_tta_hybrid/predicted_lesions/thr0p3_mincc5/scan_0230_pred_lesion.nii.gz
scan_0230,probability_average,none,0.3,10,nan,0.1,0,1,1,0.0,0,nan,-1,nan,-1,nan,-1,-1,nan,-1,/data/data/DA25S005/miccai_tbi/MultiTalentV2_finetuning/checkpoints/validation2025_100/ensemble_2_models_e5ohnz5w_tta_ddp_kpcyjb66_tta_hybrid/predicted_lesions/thr0p3_mincc10/scan_0230_pred_lesion.nii.gz
scan_0230,probability_average,none,0.3,20,nan,0.1,0,1,1,0.0,0,nan,-1,nan,-1,nan,-1,-1,nan,-1,/data/data/DA25S005/miccai_tbi/MultiTalentV2_finetuning/checkpoints/validation2025_100/ensemble_2_models_e5ohnz5w_tta_ddp_kpcyjb66_tta_hybrid/predicted_lesions/thr0p3_mincc20/scan_0230_pred_lesion.nii.gz
scan_0230,probability_average,none,0.3,40,nan,0.1,0,1,1,0.0,0,nan,-1,nan,-1,nan,-1,-1,nan,-1,/data/data/DA25S005/miccai_tbi/MultiTalentV2_finetuning/checkpoints/validation2025_100/ensemble_2_models_e5ohnz5w_tta_ddp_kpcyjb66_tta_hybrid/predicted_lesions/thr0p3_mincc40/scan_0230_pred_lesion.nii.gz
scan_0230,probability_average,none,0.4,0,nan,0.1,0,1,1,0.0,0,nan,-1,nan,-1,nan,-1,-1,nan,-1,/data/data/DA25S005/miccai_tbi/MultiTalentV2_finetuning/checkpoints/validation2025_100/ensemble_2_models_e5ohnz5w_tta_ddp_kpcyjb66_tta_hybrid/predicted_lesions/thr0p4_mincc0/scan_0230_pred_lesion.nii.gz
scan_0230,probability_average,none,0.4,3,nan,0.1,0,1,1,0.0,0,nan,-1,nan,-1,nan,-1,-1,nan,-1,/data/data/DA25S005/miccai_tbi/MultiTalentV2_finetuning/checkpoints/validation2025_100/ensemble_2_models_e5ohnz5w_tta_ddp_kpcyjb66_tta_hybrid/predicted_lesions/thr0p4_mincc3/scan_0230_pred_lesion.nii.gz
scan_0230,probability_average,none,0.4,5,nan,0.1,0,1,1,0.0,0,nan,-1,nan,-1,nan,-1,-1,nan,-1,/data/data/DA25S005/miccai_tbi/MultiTalentV2_finetuning/checkpoints/validation2025_100/ensemble_2_models_e5ohnz5w_tta_ddp_kpcyjb66_tta_hybrid/predicted_lesions/thr0p4_mincc5/scan_0230_pred_lesion.nii.gz
scan_0230,probability_average,none,0.4,10,nan,0.1,0,1,1,0.0,0,nan,-1,nan,-1,nan,-1,-1,nan,-1,/data/data/DA25S005/miccai_tbi/MultiTalentV2_finetuning/checkpoints/validation2025_100/ensemble_2_models_e5ohnz5w_tta_ddp_kpcyjb66_tta_hybrid/predicted_lesions/thr0p4_mincc10/scan_0230_pred_lesion.nii.gz
scan_0230,probability_average,none,0.4,20,nan,0.1,0,1,1,0.0,0,nan,-1,nan,-1,nan,-1,-1,nan,-1,/data/data/DA25S005/miccai_tbi/MultiTalentV2_finetuning/checkpoints/validation2025_100/ensemble_2_models_e5ohnz5w_tta_ddp_kpcyjb66_tta_hybrid/predicted_lesions/thr0p4_mincc20/scan_0230_pred_lesion.nii.gz
scan_0230,probability_average,none,0.4,40,nan,0.1,0,1,1,0.0,0,nan,-1,nan,-1,nan,-1,-1,nan,-1,/data/data/DA25S005/miccai_tbi/MultiTalentV2_finetuning/checkpoints/validation2025_100/ensemble_2_models_e5ohnz5w_tta_ddp_kpcyjb66_tta_hybrid/predicted_lesions/thr0p4_mincc40/scan_0230_pred_lesion.nii.gz
scan_0230,probability_average,none,0.5,0,nan,0.1,0,1,1,0.0,0,nan,-1,nan,-1,nan,-1,-1,nan,-1,/data/data/DA25S005/miccai_tbi/MultiTalentV2_finetuning/checkpoints/validation2025_100/ensemble_2_models_e5ohnz5w_tta_ddp_kpcyjb66_tta_hybrid/predicted_lesions/thr0p5_mincc0/scan_0230_pred_lesion.nii.gz
scan_0230,probability_average,none,0.5,3,nan,0.1,0,1,1,0.0,0,nan,-1,nan,-1,nan,-1,-1,nan,-1,/data/data/DA25S005/miccai_tbi/MultiTalentV2_finetuning/checkpoints/validation2025_100/ensemble_2_models_e5ohnz5w_tta_ddp_kpcyjb66_tta_hybrid/predicted_lesions/thr0p5_mincc3/scan_0230_pred_lesion.nii.gz
scan_0230,probability_average,none,0.5,5,nan,0.1,0,1,1,0.0,0,nan,-1,nan,-1,nan,-1,-1,nan,-1,/data/data/DA25S005/miccai_tbi/MultiTalentV2_finetuning/checkpoints/validation2025_100/ensemble_2_models_e5ohnz5w_tta_ddp_kpcyjb66_tta_hybrid/predicted_lesions/thr0p5_mincc5/scan_0230_pred_lesion.nii.gz
scan_0230,probability_average,none,0.5,10,nan,0.1,0,1,1,0.0,0,nan,-1,nan,-1,nan,-1,-1,nan,-1,/data/data/DA25S005/miccai_tbi/MultiTalentV2_finetuning/checkpoints/validation2025_100/ensemble_2_models_e5ohnz5w_tta_ddp_kpcyjb66_tta_hybrid/predicted_lesions/thr0p5_mincc10/scan_0230_pred_lesion.nii.gz
scan_0230,probability_average,none,0.5,20,nan,0.1,0,1,1,0.0,0,nan,-1,nan,-1,nan,-1,-1,nan,-1,/data/data/DA25S005/miccai_tbi/MultiTalentV2_finetuning/checkpoints/validation2025_100/ensemble_2_models_e5ohnz5w_tta_ddp_kpcyjb66_tta_hybrid/predicted_lesions/thr0p5_mincc20/scan_0230_pred_lesion.nii.gz
scan_0230,probability_average,none,0.5,40,nan,0.1,0,1,1,0.0,0,nan,-1,nan,-1,nan,-1,-1,nan,-1,/data/data/DA25S005/miccai_tbi/MultiTalentV2_finetuning/checkpoints/validation2025_100/ensemble_2_models_e5ohnz5w_tta_ddp_kpcyjb66_tta_hybrid/predicted_lesions/thr0p5_mincc40/scan_0230_pred_lesion.nii.gz
scan_0231,probability_average,none,0.1,0,nan,0.1,0,1,1,0.0,0,nan,-1,nan,-1,nan,-1,-1,nan,-1,/data/data/DA25S005/miccai_tbi/MultiTalentV2_finetuning/checkpoints/validation2025_100/ensemble_2_models_e5ohnz5w_tta_ddp_kpcyjb66_tta_hybrid/predicted_lesions/thr0p1_mincc0/scan_0231_pred_lesion.nii.gz
scan_0231,probability_average,none,0.1,3,nan,0.1,0,1,1,0.0,0,nan,-1,nan,-1,nan,-1,-1,nan,-1,/data/data/DA25S005/miccai_tbi/MultiTalentV2_finetuning/checkpoints/validation2025_100/ensemble_2_models_e5ohnz5w_tta_ddp_kpcyjb66_tta_hybrid/predicted_lesions/thr0p1_mincc3/scan_0231_pred_lesion.nii.gz
scan_0231,probability_average,none,0.1,5,nan,0.1,0,1,1,0.0,0,nan,-1,nan,-1,nan,-1,-1,nan,-1,/data/data/DA25S005/miccai_tbi/MultiTalentV2_finetuning/checkpoints/validation2025_100/ensemble_2_models_e5ohnz5w_tta_ddp_kpcyjb66_tta_hybrid/predicted_lesions/thr0p1_mincc5/scan_0231_pred_lesion.nii.gz
scan_0231,probability_average,none,0.1,10,nan,0.1,0,1,1,0.0,0,nan,-1,nan,-1,nan,-1,-1,nan,-1,/data/data/DA25S005/miccai_tbi/MultiTalentV2_finetuning/checkpoints/validation2025_100/ensemble_2_models_e5ohnz5w_tta_ddp_kpcyjb66_tta_hybrid/predicted_lesions/thr0p1_mincc10/scan_0231_pred_lesion.nii.gz
scan_0231,probability_average,none,0.1,20,nan,0.1,0,1,1,0.0,0,nan,-1,nan,-1,nan,-1,-1,nan,-1,/data/data/DA25S005/miccai_tbi/MultiTalentV2_finetuning/checkpoints/validation2025_100/ensemble_2_models_e5ohnz5w_tta_ddp_kpcyjb66_tta_hybrid/predicted_lesions/thr0p1_mincc20/scan_0231_pred_lesion.nii.gz
scan_0231,probability_average,none,0.1,40,nan,0.1,0,1,1,0.0,0,nan,-1,nan,-1,nan,-1,-1,nan,-1,/data/data/DA25S005/miccai_tbi/MultiTalentV2_finetuning/checkpoints/validation2025_100/ensemble_2_models_e5ohnz5w_tta_ddp_kpcyjb66_tta_hybrid/predicted_lesions/thr0p1_mincc40/scan_0231_pred_lesion.nii.gz
scan_0231,probability_average,none,0.2,0,nan,0.1,0,1,1,0.0,0,nan,-1,nan,-1,nan,-1,-1,nan,-1,/data/data/DA25S005/miccai_tbi/MultiTalentV2_finetuning/checkpoints/validation2025_100/ensemble_2_models_e5ohnz5w_tta_ddp_kpcyjb66_tta_hybrid/predicted_lesions/thr0p2_mincc0/scan_0231_pred_lesion.nii.gz
scan_0231,probability_average,none,0.2,3,nan,0.1,0,1,1,0.0,0,nan,-1,nan,-1,nan,-1,-1,nan,-1,/data/data/DA25S005/miccai_tbi/MultiTalentV2_finetuning/checkpoints/validation2025_100/ensemble_2_models_e5ohnz5w_tta_ddp_kpcyjb66_tta_hybrid/predicted_lesions/thr0p2_mincc3/scan_0231_pred_lesion.nii.gz
scan_0231,probability_average,none,0.2,5,nan,0.1,0,1,1,0.0,0,nan,-1,nan,-1,nan,-1,-1,nan,-1,/data/data/DA25S005/miccai_tbi/MultiTalentV2_finetuning/checkpoints/validation2025_100/ensemble_2_models_e5ohnz5w_tta_ddp_kpcyjb66_tta_hybrid/predicted_lesions/thr0p2_mincc5/scan_0231_pred_lesion.nii.gz
scan_0231,probability_average,none,0.2,10,nan,0.1,0,1,1,0.0,0,nan,-1,nan,-1,nan,-1,-1,nan,-1,/data/data/DA25S005/miccai_tbi/MultiTalentV2_finetuning/checkpoints/validation2025_100/ensemble_2_models_e5ohnz5w_tta_ddp_kpcyjb66_tta_hybrid/predicted_lesions/thr0p2_mincc10/scan_0231_pred_lesion.nii.gz
scan_0231,probability_average,none,0.2,20,nan,0.1,0,1,1,0.0,0,nan,-1,nan,-1,nan,-1,-1,nan,-1,/data/data/DA25S005/miccai_tbi/MultiTalentV2_finetuning/checkpoints/validation2025_100/ensemble_2_models_e5ohnz5w_tta_ddp_kpcyjb66_tta_hybrid/predicted_lesions/thr0p2_mincc20/scan_0231_pred_lesion.nii.gz
scan_0231,probability_average,none,0.2,40,nan,0.1,0,1,1,0.0,0,nan,-1,nan,-1,nan,-1,-1,nan,-1,/data/data/DA25S005/miccai_tbi/MultiTalentV2_finetuning/checkpoints/validation2025_100/ensemble_2_models_e5ohnz5w_tta_ddp_kpcyjb66_tta_hybrid/predicted_lesions/thr0p2_mincc40/scan_0231_pred_lesion.nii.gz
scan_0231,probability_average,none,0.3,0,nan,0.1,0,1,1,0.0,0,nan,-1,nan,-1,nan,-1,-1,nan,-1,/data/data/DA25S005/miccai_tbi/MultiTalentV2_finetuning/checkpoints/validation2025_100/ensemble_2_models_e5ohnz5w_tta_ddp_kpcyjb66_tta_hybrid/predicted_lesions/thr0p3_mincc0/scan_0231_pred_lesion.nii.gz
scan_0231,probability_average,none,0.3,3,nan,0.1,0,1,1,0.0,0,nan,-1,nan,-1,nan,-1,-1,nan,-1,/data/data/DA25S005/miccai_tbi/MultiTalentV2_finetuning/checkpoints/validation2025_100/ensemble_2_models_e5ohnz5w_tta_ddp_kpcyjb66_tta_hybrid/predicted_lesions/thr0p3_mincc3/scan_0231_pred_lesion.nii.gz
scan_0231,probability_average,none,0.3,5,nan,0.1,0,1,1,0.0,0,nan,-1,nan,-1,nan,-1,-1,nan,-1,/data/data/DA25S005/miccai_tbi/MultiTalentV2_finetuning/checkpoints/validation2025_100/ensemble_2_models_e5ohnz5w_tta_ddp_kpcyjb66_tta_hybrid/predicted_lesions/thr0p3_mincc5/scan_0231_pred_lesion.nii.gz
scan_0231,probability_average,none,0.3,10,nan,0.1,0,1,1,0.0,0,nan,-1,nan,-1,nan,-1,-1,nan,-1,/data/data/DA25S005/miccai_tbi/MultiTalentV2_finetuning/checkpoints/validation2025_100/ensemble_2_models_e5ohnz5w_tta_ddp_kpcyjb66_tta_hybrid/predicted_lesions/thr0p3_mincc10/scan_0231_pred_lesion.nii.gz
scan_0231,probability_average,none,0.3,20,nan,0.1,0,1,1,0.0,0,nan,-1,nan,-1,nan,-1,-1,nan,-1,/data/data/DA25S005/miccai_tbi/MultiTalentV2_finetuning/checkpoints/validation2025_100/ensemble_2_models_e5ohnz5w_tta_ddp_kpcyjb66_tta_hybrid/predicted_lesions/thr0p3_mincc20/scan_0231_pred_lesion.nii.gz
scan_0231,probability_average,none,0.3,40,nan,0.1,0,1,1,0.0,0,nan,-1,nan,-1,nan,-1,-1,nan,-1,/data/data/DA25S005/miccai_tbi/MultiTalentV2_finetuning/checkpoints/validation2025_100/ensemble_2_models_e5ohnz5w_tta_ddp_kpcyjb66_tta_hybrid/predicted_lesions/thr0p3_mincc40/scan_0231_pred_lesion.nii.gz
scan_0231,probability_average,none,0.4,0,nan,0.1,0,1,1,0.0,0,nan,-1,nan,-1,nan,-1,-1,nan,-1,/data/data/DA25S005/miccai_tbi/MultiTalentV2_finetuning/checkpoints/validation2025_100/ensemble_2_models_e5ohnz5w_tta_ddp_kpcyjb66_tta_hybrid/predicted_lesions/thr0p4_mincc0/scan_0231_pred_lesion.nii.gz
scan_0231,probability_average,none,0.4,3,nan,0.1,0,1,1,0.0,0,nan,-1,nan,-1,nan,-1,-1,nan,-1,/data/data/DA25S005/miccai_tbi/MultiTalentV2_finetuning/checkpoints/validation2025_100/ensemble_2_models_e5ohnz5w_tta_ddp_kpcyjb66_tta_hybrid/predicted_lesions/thr0p4_mincc3/scan_0231_pred_lesion.nii.gz
scan_0231,probability_average,none,0.4,5,nan,0.1,0,1,1,0.0,0,nan,-1,nan,-1,nan,-1,-1,nan,-1,/data/data/DA25S005/miccai_tbi/MultiTalentV2_finetuning/checkpoints/validation2025_100/ensemble_2_models_e5ohnz5w_tta_ddp_kpcyjb66_tta_hybrid/predicted_lesions/thr0p4_mincc5/scan_0231_pred_lesion.nii.gz
scan_0231,probability_average,none,0.4,10,nan,0.1,0,1,1,0.0,0,nan,-1,nan,-1,nan,-1,-1,nan,-1,/data/data/DA25S005/miccai_tbi/MultiTalentV2_finetuning/checkpoints/validation2025_100/ensemble_2_models_e5ohnz5w_tta_ddp_kpcyjb66_tta_hybrid/predicted_lesions/thr0p4_mincc10/scan_0231_pred_lesion.nii.gz
scan_0231,probability_average,none,0.4,20,nan,0.1,0,1,1,0.0,0,nan,-1,nan,-1,nan,-1,-1,nan,-1,/data/data/DA25S005/miccai_tbi/MultiTalentV2_finetuning/checkpoints/validation2025_100/ensemble_2_models_e5ohnz5w_tta_ddp_kpcyjb66_tta_hybrid/predicted_lesions/thr0p4_mincc20/scan_0231_pred_lesion.nii.gz
scan_0231,probability_average,none,0.4,40,nan,0.1,0,1,1,0.0,0,nan,-1,nan,-1,nan,-1,-1,nan,-1,/data/data/DA25S005/miccai_tbi/MultiTalentV2_finetuning/checkpoints/validation2025_100/ensemble_2_models_e5ohnz5w_tta_ddp_kpcyjb66_tta_hybrid/predicted_lesions/thr0p4_mincc40/scan_0231_pred_lesion.nii.gz
scan_0231,probability_average,none,0.5,0,nan,0.1,0,1,1,0.0,0,nan,-1,nan,-1,nan,-1,-1,nan,-1,/data/data/DA25S005/miccai_tbi/MultiTalentV2_finetuning/checkpoints/validation2025_100/ensemble_2_models_e5ohnz5w_tta_ddp_kpcyjb66_tta_hybrid/predicted_lesions/thr0p5_mincc0/scan_0231_pred_lesion.nii.gz
scan_0231,probability_average,none,0.5,3,nan,0.1,0,1,1,0.0,0,nan,-1,nan,-1,nan,-1,-1,nan,-1,/data/data/DA25S005/miccai_tbi/MultiTalentV2_finetuning/checkpoints/validation2025_100/ensemble_2_models_e5ohnz5w_tta_ddp_kpcyjb66_tta_hybrid/predicted_lesions/thr0p5_mincc3/scan_0231_pred_lesion.nii.gz
scan_0231,probability_average,none,0.5,5,nan,0.1,0,1,1,0.0,0,nan,-1,nan,-1,nan,-1,-1,nan,-1,/data/data/DA25S005/miccai_tbi/MultiTalentV2_finetuning/checkpoints/validation2025_100/ensemble_2_models_e5ohnz5w_tta_ddp_kpcyjb66_tta_hybrid/predicted_lesions/thr0p5_mincc5/scan_0231_pred_lesion.nii.gz
scan_0231,probability_average,none,0.5,10,nan,0.1,0,1,1,0.0,0,nan,-1,nan,-1,nan,-1,-1,nan,-1,/data/data/DA25S005/miccai_tbi/MultiTalentV2_finetuning/checkpoints/validation2025_100/ensemble_2_models_e5ohnz5w_tta_ddp_kpcyjb66_tta_hybrid/predicted_lesions/thr0p5_mincc10/scan_0231_pred_lesion.nii.gz
scan_0231,probability_average,none,0.5,20,nan,0.1,0,1,1,0.0,0,nan,-1,nan,-1,nan,-1,-1,nan,-1,/data/data/DA25S005/miccai_tbi/MultiTalentV2_finetuning/checkpoints/validation2025_100/ensemble_2_models_e5ohnz5w_tta_ddp_kpcyjb66_tta_hybrid/predicted_lesions/thr0p5_mincc20/scan_0231_pred_lesion.nii.gz
scan_0231,probability_average,none,0.5,40,nan,0.1,0,1,1,0.0,0,nan,-1,nan,-1,nan,-1,-1,nan,-1,/data/data/DA25S005/miccai_tbi/MultiTalentV2_finetuning/checkpoints/validation2025_100/ensemble_2_models_e5ohnz5w_tta_ddp_kpcyjb66_tta_hybrid/predicted_lesions/thr0p5_mincc40/scan_0231_pred_lesion.nii.gz
scan_0232,probability_average,none,0.1,0,nan,0.1,0,1,1,0.0,0,nan,-1,nan,-1,nan,-1,-1,nan,-1,/data/data/DA25S005/miccai_tbi/MultiTalentV2_finetuning/checkpoints/validation2025_100/ensemble_2_models_e5ohnz5w_tta_ddp_kpcyjb66_tta_hybrid/predicted_lesions/thr0p1_mincc0/scan_0232_pred_lesion.nii.gz
scan_0232,probability_average,none,0.1,3,nan,0.1,0,1,1,0.0,0,nan,-1,nan,-1,nan,-1,-1,nan,-1,/data/data/DA25S005/miccai_tbi/MultiTalentV2_finetuning/checkpoints/validation2025_100/ensemble_2_models_e5ohnz5w_tta_ddp_kpcyjb66_tta_hybrid/predicted_lesions/thr0p1_mincc3/scan_0232_pred_lesion.nii.gz
scan_0232,probability_average,none,0.1,5,nan,0.1,0,1,1,0.0,0,nan,-1,nan,-1,nan,-1,-1,nan,-1,/data/data/DA25S005/miccai_tbi/MultiTalentV2_finetuning/checkpoints/validation2025_100/ensemble_2_models_e5ohnz5w_tta_ddp_kpcyjb66_tta_hybrid/predicted_lesions/thr0p1_mincc5/scan_0232_pred_lesion.nii.gz
scan_0232,probability_average,none,0.1,10,nan,0.1,0,1,1,0.0,0,nan,-1,nan,-1,nan,-1,-1,nan,-1,/data/data/DA25S005/miccai_tbi/MultiTalentV2_finetuning/checkpoints/validation2025_100/ensemble_2_models_e5ohnz5w_tta_ddp_kpcyjb66_tta_hybrid/predicted_lesions/thr0p1_mincc10/scan_0232_pred_lesion.nii.gz
scan_0232,probability_average,none,0.1,20,nan,0.1,0,1,1,0.0,0,nan,-1,nan,-1,nan,-1,-1,nan,-1,/data/data/DA25S005/miccai_tbi/MultiTalentV2_finetuning/checkpoints/validation2025_100/ensemble_2_models_e5ohnz5w_tta_ddp_kpcyjb66_tta_hybrid/predicted_lesions/thr0p1_mincc20/scan_0232_pred_lesion.nii.gz
scan_0232,probability_average,none,0.1,40,nan,0.1,0,1,1,0.0,0,nan,-1,nan,-1,nan,-1,-1,nan,-1,/data/data/DA25S005/miccai_tbi/MultiTalentV2_finetuning/checkpoints/validation2025_100/ensemble_2_models_e5ohnz5w_tta_ddp_kpcyjb66_tta_hybrid/predicted_lesions/thr0p1_mincc40/scan_0232_pred_lesion.nii.gz
scan_0232,probability_average,none,0.2,0,nan,0.1,0,1,1,0.0,0,nan,-1,nan,-1,nan,-1,-1,nan,-1,/data/data/DA25S005/miccai_tbi/MultiTalentV2_finetuning/checkpoints/validation2025_100/ensemble_2_models_e5ohnz5w_tta_ddp_kpcyjb66_tta_hybrid/predicted_lesions/thr0p2_mincc0/scan_0232_pred_lesion.nii.gz
scan_0232,probability_average,none,0.2,3,nan,0.1,0,1,1,0.0,0,nan,-1,nan,-1,nan,-1,-1,nan,-1,/data/data/DA25S005/miccai_tbi/MultiTalentV2_finetuning/checkpoints/validation2025_100/ensemble_2_models_e5ohnz5w_tta_ddp_kpcyjb66_tta_hybrid/predicted_lesions/thr0p2_mincc3/scan_0232_pred_lesion.nii.gz
scan_0232,probability_average,none,0.2,5,nan,0.1,0,1,1,0.0,0,nan,-1,nan,-1,nan,-1,-1,nan,-1,/data/data/DA25S005/miccai_tbi/MultiTalentV2_finetuning/checkpoints/validation2025_100/ensemble_2_models_e5ohnz5w_tta_ddp_kpcyjb66_tta_hybrid/predicted_lesions/thr0p2_mincc5/scan_0232_pred_lesion.nii.gz
scan_0232,probability_average,none,0.2,10,nan,0.1,0,1,1,0.0,0,nan,-1,nan,-1,nan,-1,-1,nan,-1,/data/data/DA25S005/miccai_tbi/MultiTalentV2_finetuning/checkpoints/validation2025_100/ensemble_2_models_e5ohnz5w_tta_ddp_kpcyjb66_tta_hybrid/predicted_lesions/thr0p2_mincc10/scan_0232_pred_lesion.nii.gz
scan_0232,probability_average,none,0.2,20,nan,0.1,0,1,1,0.0,0,nan,-1,nan,-1,nan,-1,-1,nan,-1,/data/data/DA25S005/miccai_tbi/MultiTalentV2_finetuning/checkpoints/validation2025_100/ensemble_2_models_e5ohnz5w_tta_ddp_kpcyjb66_tta_hybrid/predicted_lesions/thr0p2_mincc20/scan_0232_pred_lesion.nii.gz
scan_0232,probability_average,none,0.2,40,nan,0.1,0,1,1,0.0,0,nan,-1,nan,-1,nan,-1,-1,nan,-1,/data/data/DA25S005/miccai_tbi/MultiTalentV2_finetuning/checkpoints/validation2025_100/ensemble_2_models_e5ohnz5w_tta_ddp_kpcyjb66_tta_hybrid/predicted_lesions/thr0p2_mincc40/scan_0232_pred_lesion.nii.gz
scan_0232,probability_average,none,0.3,0,nan,0.1,0,1,1,0.0,0,nan,-1,nan,-1,nan,-1,-1,nan,-1,/data/data/DA25S005/miccai_tbi/MultiTalentV2_finetuning/checkpoints/validation2025_100/ensemble_2_models_e5ohnz5w_tta_ddp_kpcyjb66_tta_hybrid/predicted_lesions/thr0p3_mincc0/scan_0232_pred_lesion.nii.gz
scan_0232,probability_average,none,0.3,3,nan,0.1,0,1,1,0.0,0,nan,-1,nan,-1,nan,-1,-1,nan,-1,/data/data/DA25S005/miccai_tbi/MultiTalentV2_finetuning/checkpoints/validation2025_100/ensemble_2_models_e5ohnz5w_tta_ddp_kpcyjb66_tta_hybrid/predicted_lesions/thr0p3_mincc3/scan_0232_pred_lesion.nii.gz
scan_0232,probability_average,none,0.3,5,nan,0.1,0,1,1,0.0,0,nan,-1,nan,-1,nan,-1,-1,nan,-1,/data/data/DA25S005/miccai_tbi/MultiTalentV2_finetuning/checkpoints/validation2025_100/ensemble_2_models_e5ohnz5w_tta_ddp_kpcyjb66_tta_hybrid/predicted_lesions/thr0p3_mincc5/scan_0232_pred_lesion.nii.gz
scan_0232,probability_average,none,0.3,10,nan,0.1,0,1,1,0.0,0,nan,-1,nan,-1,nan,-1,-1,nan,-1,/data/data/DA25S005/miccai_tbi/MultiTalentV2_finetuning/checkpoints/validation2025_100/ensemble_2_models_e5ohnz5w_tta_ddp_kpcyjb66_tta_hybrid/predicted_lesions/thr0p3_mincc10/scan_0232_pred_lesion.nii.gz
scan_0232,probability_average,none,0.3,20,nan,0.1,0,1,1,0.0,0,nan,-1,nan,-1,nan,-1,-1,nan,-1,/data/data/DA25S005/miccai_tbi/MultiTalentV2_finetuning/checkpoints/validation2025_100/ensemble_2_models_e5ohnz5w_tta_ddp_kpcyjb66_tta_hybrid/predicted_lesions/thr0p3_mincc20/scan_0232_pred_lesion.nii.gz
scan_0232,probability_average,none,0.3,40,nan,0.1,0,1,1,0.0,0,nan,-1,nan,-1,nan,-1,-1,nan,-1,/data/data/DA25S005/miccai_tbi/MultiTalentV2_finetuning/checkpoints/validation2025_100/ensemble_2_models_e5ohnz5w_tta_ddp_kpcyjb66_tta_hybrid/predicted_lesions/thr0p3_mincc40/scan_0232_pred_lesion.nii.gz
scan_0232,probability_average,none,0.4,0,nan,0.1,0,1,1,0.0,0,nan,-1,nan,-1,nan,-1,-1,nan,-1,/data/data/DA25S005/miccai_tbi/MultiTalentV2_finetuning/checkpoints/validation2025_100/ensemble_2_models_e5ohnz5w_tta_ddp_kpcyjb66_tta_hybrid/predicted_lesions/thr0p4_mincc0/scan_0232_pred_lesion.nii.gz
scan_0232,probability_average,none,0.4,3,nan,0.1,0,1,1,0.0,0,nan,-1,nan,-1,nan,-1,-1,nan,-1,/data/data/DA25S005/miccai_tbi/MultiTalentV2_finetuning/checkpoints/validation2025_100/ensemble_2_models_e5ohnz5w_tta_ddp_kpcyjb66_tta_hybrid/predicted_lesions/thr0p4_mincc3/scan_0232_pred_lesion.nii.gz
scan_0232,probability_average,none,0.4,5,nan,0.1,0,1,1,0.0,0,nan,-1,nan,-1,nan,-1,-1,nan,-1,/data/data/DA25S005/miccai_tbi/MultiTalentV2_finetuning/checkpoints/validation2025_100/ensemble_2_models_e5ohnz5w_tta_ddp_kpcyjb66_tta_hybrid/predicted_lesions/thr0p4_mincc5/scan_0232_pred_lesion.nii.gz
scan_0232,probability_average,none,0.4,10,nan,0.1,0,1,1,0.0,0,nan,-1,nan,-1,nan,-1,-1,nan,-1,/data/data/DA25S005/miccai_tbi/MultiTalentV2_finetuning/checkpoints/validation2025_100/ensemble_2_models_e5ohnz5w_tta_ddp_kpcyjb66_tta_hybrid/predicted_lesions/thr0p4_mincc10/scan_0232_pred_lesion.nii.gz
scan_0232,probability_average,none,0.4,20,nan,0.1,0,1,1,0.0,0,nan,-1,nan,-1,nan,-1,-1,nan,-1,/data/data/DA25S005/miccai_tbi/MultiTalentV2_finetuning/checkpoints/validation2025_100/ensemble_2_models_e5ohnz5w_tta_ddp_kpcyjb66_tta_hybrid/predicted_lesions/thr0p4_mincc20/scan_0232_pred_lesion.nii.gz
scan_0232,probability_average,none,0.4,40,nan,0.1,0,1,1,0.0,0,nan,-1,nan,-1,nan,-1,-1,nan,-1,/data/data/DA25S005/miccai_tbi/MultiTalentV2_finetuning/checkpoints/validation2025_100/ensemble_2_models_e5ohnz5w_tta_ddp_kpcyjb66_tta_hybrid/predicted_lesions/thr0p4_mincc40/scan_0232_pred_lesion.nii.gz
scan_0232,probability_average,none,0.5,0,nan,0.1,0,1,1,0.0,0,nan,-1,nan,-1,nan,-1,-1,nan,-1,/data/data/DA25S005/miccai_tbi/MultiTalentV2_finetuning/checkpoints/validation2025_100/ensemble_2_models_e5ohnz5w_tta_ddp_kpcyjb66_tta_hybrid/predicted_lesions/thr0p5_mincc0/scan_0232_pred_lesion.nii.gz
scan_0232,probability_average,none,0.5,3,nan,0.1,0,1,1,0.0,0,nan,-1,nan,-1,nan,-1,-1,nan,-1,/data/data/DA25S005/miccai_tbi/MultiTalentV2_finetuning/checkpoints/validation2025_100/ensemble_2_models_e5ohnz5w_tta_ddp_kpcyjb66_tta_hybrid/predicted_lesions/thr0p5_mincc3/scan_0232_pred_lesion.nii.gz
scan_0232,probability_average,none,0.5,5,nan,0.1,0,1,1,0.0,0,nan,-1,nan,-1,nan,-1,-1,nan,-1,/data/data/DA25S005/miccai_tbi/MultiTalentV2_finetuning/checkpoints/validation2025_100/ensemble_2_models_e5ohnz5w_tta_ddp_kpcyjb66_tta_hybrid/predicted_lesions/thr0p5_mincc5/scan_0232_pred_lesion.nii.gz
scan_0232,probability_average,none,0.5,10,nan,0.1,0,1,1,0.0,0,nan,-1,nan,-1,nan,-1,-1,nan,-1,/data/data/DA25S005/miccai_tbi/MultiTalentV2_finetuning/checkpoints/validation2025_100/ensemble_2_models_e5ohnz5w_tta_ddp_kpcyjb66_tta_hybrid/predicted_lesions/thr0p5_mincc10/scan_0232_pred_lesion.nii.gz
scan_0232,probability_average,none,0.5,20,nan,0.1,0,1,1,0.0,0,nan,-1,nan,-1,nan,-1,-1,nan,-1,/data/data/DA25S005/miccai_tbi/MultiTalentV2_finetuning/checkpoints/validation2025_100/ensemble_2_models_e5ohnz5w_tta_ddp_kpcyjb66_tta_hybrid/predicted_lesions/thr0p5_mincc20/scan_0232_pred_lesion.nii.gz
scan_0232,probability_average,none,0.5,40,nan,0.1,0,1,1,0.0,0,nan,-1,nan,-1,nan,-1,-1,nan,-1,/data/data/DA25S005/miccai_tbi/MultiTalentV2_finetuning/checkpoints/validation2025_100/ensemble_2_models_e5ohnz5w_tta_ddp_kpcyjb66_tta_hybrid/predicted_lesions/thr0p5_mincc40/scan_0232_pred_lesion.nii.gz
scan_0235,probability_average,none,0.1,0,nan,0.1,0,1,1,0.0,0,nan,-1,nan,-1,nan,-1,-1,nan,-1,/data/data/DA25S005/miccai_tbi/MultiTalentV2_finetuning/checkpoints/validation2025_100/ensemble_2_models_e5ohnz5w_tta_ddp_kpcyjb66_tta_hybrid/predicted_lesions/thr0p1_mincc0/scan_0235_pred_lesion.nii.gz
scan_0235,probability_average,none,0.1,3,nan,0.1,0,1,1,0.0,0,nan,-1,nan,-1,nan,-1,-1,nan,-1,/data/data/DA25S005/miccai_tbi/MultiTalentV2_finetuning/checkpoints/validation2025_100/ensemble_2_models_e5ohnz5w_tta_ddp_kpcyjb66_tta_hybrid/predicted_lesions/thr0p1_mincc3/scan_0235_pred_lesion.nii.gz
scan_0235,probability_average,none,0.1,5,nan,0.1,0,1,1,0.0,0,nan,-1,nan,-1,nan,-1,-1,nan,-1,/data/data/DA25S005/miccai_tbi/MultiTalentV2_finetuning/checkpoints/validation2025_100/ensemble_2_models_e5ohnz5w_tta_ddp_kpcyjb66_tta_hybrid/predicted_lesions/thr0p1_mincc5/scan_0235_pred_lesion.nii.gz
scan_0235,probability_average,none,0.1,10,nan,0.1,0,1,1,0.0,0,nan,-1,nan,-1,nan,-1,-1,nan,-1,/data/data/DA25S005/miccai_tbi/MultiTalentV2_finetuning/checkpoints/validation2025_100/ensemble_2_models_e5ohnz5w_tta_ddp_kpcyjb66_tta_hybrid/predicted_lesions/thr0p1_mincc10/scan_0235_pred_lesion.nii.gz
scan_0235,probability_average,none,0.1,20,nan,0.1,0,1,1,0.0,0,nan,-1,nan,-1,nan,-1,-1,nan,-1,/data/data/DA25S005/miccai_tbi/MultiTalentV2_finetuning/checkpoints/validation2025_100/ensemble_2_models_e5ohnz5w_tta_ddp_kpcyjb66_tta_hybrid/predicted_lesions/thr0p1_mincc20/scan_0235_pred_lesion.nii.gz
scan_0235,probability_average,none,0.1,40,nan,0.1,0,1,1,0.0,0,nan,-1,nan,-1,nan,-1,-1,nan,-1,/data/data/DA25S005/miccai_tbi/MultiTalentV2_finetuning/checkpoints/validation2025_100/ensemble_2_models_e5ohnz5w_tta_ddp_kpcyjb66_tta_hybrid/predicted_lesions/thr0p1_mincc40/scan_0235_pred_lesion.nii.gz
scan_0235,probability_average,none,0.2,0,nan,0.1,0,1,1,0.0,0,nan,-1,nan,-1,nan,-1,-1,nan,-1,/data/data/DA25S005/miccai_tbi/MultiTalentV2_finetuning/checkpoints/validation2025_100/ensemble_2_models_e5ohnz5w_tta_ddp_kpcyjb66_tta_hybrid/predicted_lesions/thr0p2_mincc0/scan_0235_pred_lesion.nii.gz
scan_0235,probability_average,none,0.2,3,nan,0.1,0,1,1,0.0,0,nan,-1,nan,-1,nan,-1,-1,nan,-1,/data/data/DA25S005/miccai_tbi/MultiTalentV2_finetuning/checkpoints/validation2025_100/ensemble_2_models_e5ohnz5w_tta_ddp_kpcyjb66_tta_hybrid/predicted_lesions/thr0p2_mincc3/scan_0235_pred_lesion.nii.gz
scan_0235,probability_average,none,0.2,5,nan,0.1,0,1,1,0.0,0,nan,-1,nan,-1,nan,-1,-1,nan,-1,/data/data/DA25S005/miccai_tbi/MultiTalentV2_finetuning/checkpoints/validation2025_100/ensemble_2_models_e5ohnz5w_tta_ddp_kpcyjb66_tta_hybrid/predicted_lesions/thr0p2_mincc5/scan_0235_pred_lesion.nii.gz
scan_0235,probability_average,none,0.2,10,nan,0.1,0,1,1,0.0,0,nan,-1,nan,-1,nan,-1,-1,nan,-1,/data/data/DA25S005/miccai_tbi/MultiTalentV2_finetuning/checkpoints/validation2025_100/ensemble_2_models_e5ohnz5w_tta_ddp_kpcyjb66_tta_hybrid/predicted_lesions/thr0p2_mincc10/scan_0235_pred_lesion.nii.gz
scan_0235,probability_average,none,0.2,20,nan,0.1,0,1,1,0.0,0,nan,-1,nan,-1,nan,-1,-1,nan,-1,/data/data/DA25S005/miccai_tbi/MultiTalentV2_finetuning/checkpoints/validation2025_100/ensemble_2_models_e5ohnz5w_tta_ddp_kpcyjb66_tta_hybrid/predicted_lesions/thr0p2_mincc20/scan_0235_pred_lesion.nii.gz
scan_0235,probability_average,none,0.2,40,nan,0.1,0,1,1,0.0,0,nan,-1,nan,-1,nan,-1,-1,nan,-1,/data/data/DA25S005/miccai_tbi/MultiTalentV2_finetuning/checkpoints/validation2025_100/ensemble_2_models_e5ohnz5w_tta_ddp_kpcyjb66_tta_hybrid/predicted_lesions/thr0p2_mincc40/scan_0235_pred_lesion.nii.gz
scan_0235,probability_average,none,0.3,0,nan,0.1,0,1,1,0.0,0,nan,-1,nan,-1,nan,-1,-1,nan,-1,/data/data/DA25S005/miccai_tbi/MultiTalentV2_finetuning/checkpoints/validation2025_100/ensemble_2_models_e5ohnz5w_tta_ddp_kpcyjb66_tta_hybrid/predicted_lesions/thr0p3_mincc0/scan_0235_pred_lesion.nii.gz
scan_0235,probability_average,none,0.3,3,nan,0.1,0,1,1,0.0,0,nan,-1,nan,-1,nan,-1,-1,nan,-1,/data/data/DA25S005/miccai_tbi/MultiTalentV2_finetuning/checkpoints/validation2025_100/ensemble_2_models_e5ohnz5w_tta_ddp_kpcyjb66_tta_hybrid/predicted_lesions/thr0p3_mincc3/scan_0235_pred_lesion.nii.gz
scan_0235,probability_average,none,0.3,5,nan,0.1,0,1,1,0.0,0,nan,-1,nan,-1,nan,-1,-1,nan,-1,/data/data/DA25S005/miccai_tbi/MultiTalentV2_finetuning/checkpoints/validation2025_100/ensemble_2_models_e5ohnz5w_tta_ddp_kpcyjb66_tta_hybrid/predicted_lesions/thr0p3_mincc5/scan_0235_pred_lesion.nii.gz
scan_0235,probability_average,none,0.3,10,nan,0.1,0,1,1,0.0,0,nan,-1,nan,-1,nan,-1,-1,nan,-1,/data/data/DA25S005/miccai_tbi/MultiTalentV2_finetuning/checkpoints/validation2025_100/ensemble_2_models_e5ohnz5w_tta_ddp_kpcyjb66_tta_hybrid/predicted_lesions/thr0p3_mincc10/scan_0235_pred_lesion.nii.gz
scan_0235,probability_average,none,0.3,20,nan,0.1,0,1,1,0.0,0,nan,-1,nan,-1,nan,-1,-1,nan,-1,/data/data/DA25S005/miccai_tbi/MultiTalentV2_finetuning/checkpoints/validation2025_100/ensemble_2_models_e5ohnz5w_tta_ddp_kpcyjb66_tta_hybrid/predicted_lesions/thr0p3_mincc20/scan_0235_pred_lesion.nii.gz
scan_0235,probability_average,none,0.3,40,nan,0.1,0,1,1,0.0,0,nan,-1,nan,-1,nan,-1,-1,nan,-1,/data/data/DA25S005/miccai_tbi/MultiTalentV2_finetuning/checkpoints/validation2025_100/ensemble_2_models_e5ohnz5w_tta_ddp_kpcyjb66_tta_hybrid/predicted_lesions/thr0p3_mincc40/scan_0235_pred_lesion.nii.gz
scan_0235,probability_average,none,0.4,0,nan,0.1,0,1,1,0.0,0,nan,-1,nan,-1,nan,-1,-1,nan,-1,/data/data/DA25S005/miccai_tbi/MultiTalentV2_finetuning/checkpoints/validation2025_100/ensemble_2_models_e5ohnz5w_tta_ddp_kpcyjb66_tta_hybrid/predicted_lesions/thr0p4_mincc0/scan_0235_pred_lesion.nii.gz
scan_0235,probability_average,none,0.4,3,nan,0.1,0,1,1,0.0,0,nan,-1,nan,-1,nan,-1,-1,nan,-1,/data/data/DA25S005/miccai_tbi/MultiTalentV2_finetuning/checkpoints/validation2025_100/ensemble_2_models_e5ohnz5w_tta_ddp_kpcyjb66_tta_hybrid/predicted_lesions/thr0p4_mincc3/scan_0235_pred_lesion.nii.gz
scan_0235,probability_average,none,0.4,5,nan,0.1,0,1,1,0.0,0,nan,-1,nan,-1,nan,-1,-1,nan,-1,/data/data/DA25S005/miccai_tbi/MultiTalentV2_finetuning/checkpoints/validation2025_100/ensemble_2_models_e5ohnz5w_tta_ddp_kpcyjb66_tta_hybrid/predicted_lesions/thr0p4_mincc5/scan_0235_pred_lesion.nii.gz
scan_0235,probability_average,none,0.4,10,nan,0.1,0,1,1,0.0,0,nan,-1,nan,-1,nan,-1,-1,nan,-1,/data/data/DA25S005/miccai_tbi/MultiTalentV2_finetuning/checkpoints/validation2025_100/ensemble_2_models_e5ohnz5w_tta_ddp_kpcyjb66_tta_hybrid/predicted_lesions/thr0p4_mincc10/scan_0235_pred_lesion.nii.gz
scan_0235,probability_average,none,0.4,20,nan,0.1,0,1,1,0.0,0,nan,-1,nan,-1,nan,-1,-1,nan,-1,/data/data/DA25S005/miccai_tbi/MultiTalentV2_finetuning/checkpoints/validation2025_100/ensemble_2_models_e5ohnz5w_tta_ddp_kpcyjb66_tta_hybrid/predicted_lesions/thr0p4_mincc20/scan_0235_pred_lesion.nii.gz
scan_0235,probability_average,none,0.4,40,nan,0.1,0,1,1,0.0,0,nan,-1,nan,-1,nan,-1,-1,nan,-1,/data/data/DA25S005/miccai_tbi/MultiTalentV2_finetuning/checkpoints/validation2025_100/ensemble_2_models_e5ohnz5w_tta_ddp_kpcyjb66_tta_hybrid/predicted_lesions/thr0p4_mincc40/scan_0235_pred_lesion.nii.gz
scan_0235,probability_average,none,0.5,0,nan,0.1,0,1,1,0.0,0,nan,-1,nan,-1,nan,-1,-1,nan,-1,/data/data/DA25S005/miccai_tbi/MultiTalentV2_finetuning/checkpoints/validation2025_100/ensemble_2_models_e5ohnz5w_tta_ddp_kpcyjb66_tta_hybrid/predicted_lesions/thr0p5_mincc0/scan_0235_pred_lesion.nii.gz
scan_0235,probability_average,none,0.5,3,nan,0.1,0,1,1,0.0,0,nan,-1,nan,-1,nan,-1,-1,nan,-1,/data/data/DA25S005/miccai_tbi/MultiTalentV2_finetuning/checkpoints/validation2025_100/ensemble_2_models_e5ohnz5w_tta_ddp_kpcyjb66_tta_hybrid/predicted_lesions/thr0p5_mincc3/scan_0235_pred_lesion.nii.gz
scan_0235,probability_average,none,0.5,5,nan,0.1,0,1,1,0.0,0,nan,-1,nan,-1,nan,-1,-1,nan,-1,/data/data/DA25S005/miccai_tbi/MultiTalentV2_finetuning/checkpoints/validation2025_100/ensemble_2_models_e5ohnz5w_tta_ddp_kpcyjb66_tta_hybrid/predicted_lesions/thr0p5_mincc5/scan_0235_pred_lesion.nii.gz
scan_0235,probability_average,none,0.5,10,nan,0.1,0,1,1,0.0,0,nan,-1,nan,-1,nan,-1,-1,nan,-1,/data/data/DA25S005/miccai_tbi/MultiTalentV2_finetuning/checkpoints/validation2025_100/ensemble_2_models_e5ohnz5w_tta_ddp_kpcyjb66_tta_hybrid/predicted_lesions/thr0p5_mincc10/scan_0235_pred_lesion.nii.gz
scan_0235,probability_average,none,0.5,20,nan,0.1,0,1,1,0.0,0,nan,-1,nan,-1,nan,-1,-1,nan,-1,/data/data/DA25S005/miccai_tbi/MultiTalentV2_finetuning/checkpoints/validation2025_100/ensemble_2_models_e5ohnz5w_tta_ddp_kpcyjb66_tta_hybrid/predicted_lesions/thr0p5_mincc20/scan_0235_pred_lesion.nii.gz
scan_0235,probability_average,none,0.5,40,nan,0.1,0,1,1,0.0,0,nan,-1,nan,-1,nan,-1,-1,nan,-1,/data/data/DA25S005/miccai_tbi/MultiTalentV2_finetuning/checkpoints/validation2025_100/ensemble_2_models_e5ohnz5w_tta_ddp_kpcyjb66_tta_hybrid/predicted_lesions/thr0p5_mincc40/scan_0235_pred_lesion.nii.gz
scan_0242,probability_average,none,0.1,0,nan,0.1,0,1,1,0.0,0,nan,-1,nan,-1,nan,-1,-1,nan,-1,/data/data/DA25S005/miccai_tbi/MultiTalentV2_finetuning/checkpoints/validation2025_100/ensemble_2_models_e5ohnz5w_tta_ddp_kpcyjb66_tta_hybrid/predicted_lesions/thr0p1_mincc0/scan_0242_pred_lesion.nii.gz
scan_0242,probability_average,none,0.1,3,nan,0.1,0,1,1,0.0,0,nan,-1,nan,-1,nan,-1,-1,nan,-1,/data/data/DA25S005/miccai_tbi/MultiTalentV2_finetuning/checkpoints/validation2025_100/ensemble_2_models_e5ohnz5w_tta_ddp_kpcyjb66_tta_hybrid/predicted_lesions/thr0p1_mincc3/scan_0242_pred_lesion.nii.gz
scan_0242,probability_average,none,0.1,5,nan,0.1,0,1,1,0.0,0,nan,-1,nan,-1,nan,-1,-1,nan,-1,/data/data/DA25S005/miccai_tbi/MultiTalentV2_finetuning/checkpoints/validation2025_100/ensemble_2_models_e5ohnz5w_tta_ddp_kpcyjb66_tta_hybrid/predicted_lesions/thr0p1_mincc5/scan_0242_pred_lesion.nii.gz
scan_0242,probability_average,none,0.1,10,nan,0.1,0,1,1,0.0,0,nan,-1,nan,-1,nan,-1,-1,nan,-1,/data/data/DA25S005/miccai_tbi/MultiTalentV2_finetuning/checkpoints/validation2025_100/ensemble_2_models_e5ohnz5w_tta_ddp_kpcyjb66_tta_hybrid/predicted_lesions/thr0p1_mincc10/scan_0242_pred_lesion.nii.gz
scan_0242,probability_average,none,0.1,20,nan,0.1,0,1,1,0.0,0,nan,-1,nan,-1,nan,-1,-1,nan,-1,/data/data/DA25S005/miccai_tbi/MultiTalentV2_finetuning/checkpoints/validation2025_100/ensemble_2_models_e5ohnz5w_tta_ddp_kpcyjb66_tta_hybrid/predicted_lesions/thr0p1_mincc20/scan_0242_pred_lesion.nii.gz
scan_0242,probability_average,none,0.1,40,nan,0.1,0,1,1,0.0,0,nan,-1,nan,-1,nan,-1,-1,nan,-1,/data/data/DA25S005/miccai_tbi/MultiTalentV2_finetuning/checkpoints/validation2025_100/ensemble_2_models_e5ohnz5w_tta_ddp_kpcyjb66_tta_hybrid/predicted_lesions/thr0p1_mincc40/scan_0242_pred_lesion.nii.gz
scan_0242,probability_average,none,0.2,0,nan,0.1,0,1,1,0.0,0,nan,-1,nan,-1,nan,-1,-1,nan,-1,/data/data/DA25S005/miccai_tbi/MultiTalentV2_finetuning/checkpoints/validation2025_100/ensemble_2_models_e5ohnz5w_tta_ddp_kpcyjb66_tta_hybrid/predicted_lesions/thr0p2_mincc0/scan_0242_pred_lesion.nii.gz
scan_0242,probability_average,none,0.2,3,nan,0.1,0,1,1,0.0,0,nan,-1,nan,-1,nan,-1,-1,nan,-1,/data/data/DA25S005/miccai_tbi/MultiTalentV2_finetuning/checkpoints/validation2025_100/ensemble_2_models_e5ohnz5w_tta_ddp_kpcyjb66_tta_hybrid/predicted_lesions/thr0p2_mincc3/scan_0242_pred_lesion.nii.gz
scan_0242,probability_average,none,0.2,5,nan,0.1,0,1,1,0.0,0,nan,-1,nan,-1,nan,-1,-1,nan,-1,/data/data/DA25S005/miccai_tbi/MultiTalentV2_finetuning/checkpoints/validation2025_100/ensemble_2_models_e5ohnz5w_tta_ddp_kpcyjb66_tta_hybrid/predicted_lesions/thr0p2_mincc5/scan_0242_pred_lesion.nii.gz
scan_0242,probability_average,none,0.2,10,nan,0.1,0,1,1,0.0,0,nan,-1,nan,-1,nan,-1,-1,nan,-1,/data/data/DA25S005/miccai_tbi/MultiTalentV2_finetuning/checkpoints/validation2025_100/ensemble_2_models_e5ohnz5w_tta_ddp_kpcyjb66_tta_hybrid/predicted_lesions/thr0p2_mincc10/scan_0242_pred_lesion.nii.gz
scan_0242,probability_average,none,0.2,20,nan,0.1,0,1,1,0.0,0,nan,-1,nan,-1,nan,-1,-1,nan,-1,/data/data/DA25S005/miccai_tbi/MultiTalentV2_finetuning/checkpoints/validation2025_100/ensemble_2_models_e5ohnz5w_tta_ddp_kpcyjb66_tta_hybrid/predicted_lesions/thr0p2_mincc20/scan_0242_pred_lesion.nii.gz
scan_0242,probability_average,none,0.2,40,nan,0.1,0,1,1,0.0,0,nan,-1,nan,-1,nan,-1,-1,nan,-1,/data/data/DA25S005/miccai_tbi/MultiTalentV2_finetuning/checkpoints/validation2025_100/ensemble_2_models_e5ohnz5w_tta_ddp_kpcyjb66_tta_hybrid/predicted_lesions/thr0p2_mincc40/scan_0242_pred_lesion.nii.gz
scan_0242,probability_average,none,0.3,0,nan,0.1,0,1,1,0.0,0,nan,-1,nan,-1,nan,-1,-1,nan,-1,/data/data/DA25S005/miccai_tbi/MultiTalentV2_finetuning/checkpoints/validation2025_100/ensemble_2_models_e5ohnz5w_tta_ddp_kpcyjb66_tta_hybrid/predicted_lesions/thr0p3_mincc0/scan_0242_pred_lesion.nii.gz
scan_0242,probability_average,none,0.3,3,nan,0.1,0,1,1,0.0,0,nan,-1,nan,-1,nan,-1,-1,nan,-1,/data/data/DA25S005/miccai_tbi/MultiTalentV2_finetuning/checkpoints/validation2025_100/ensemble_2_models_e5ohnz5w_tta_ddp_kpcyjb66_tta_hybrid/predicted_lesions/thr0p3_mincc3/scan_0242_pred_lesion.nii.gz
scan_0242,probability_average,none,0.3,5,nan,0.1,0,1,1,0.0,0,nan,-1,nan,-1,nan,-1,-1,nan,-1,/data/data/DA25S005/miccai_tbi/MultiTalentV2_finetuning/checkpoints/validation2025_100/ensemble_2_models_e5ohnz5w_tta_ddp_kpcyjb66_tta_hybrid/predicted_lesions/thr0p3_mincc5/scan_0242_pred_lesion.nii.gz
scan_0242,probability_average,none,0.3,10,nan,0.1,0,1,1,0.0,0,nan,-1,nan,-1,nan,-1,-1,nan,-1,/data/data/DA25S005/miccai_tbi/MultiTalentV2_finetuning/checkpoints/validation2025_100/ensemble_2_models_e5ohnz5w_tta_ddp_kpcyjb66_tta_hybrid/predicted_lesions/thr0p3_mincc10/scan_0242_pred_lesion.nii.gz
scan_0242,probability_average,none,0.3,20,nan,0.1,0,1,1,0.0,0,nan,-1,nan,-1,nan,-1,-1,nan,-1,/data/data/DA25S005/miccai_tbi/MultiTalentV2_finetuning/checkpoints/validation2025_100/ensemble_2_models_e5ohnz5w_tta_ddp_kpcyjb66_tta_hybrid/predicted_lesions/thr0p3_mincc20/scan_0242_pred_lesion.nii.gz
scan_0242,probability_average,none,0.3,40,nan,0.1,0,1,1,0.0,0,nan,-1,nan,-1,nan,-1,-1,nan,-1,/data/data/DA25S005/miccai_tbi/MultiTalentV2_finetuning/checkpoints/validation2025_100/ensemble_2_models_e5ohnz5w_tta_ddp_kpcyjb66_tta_hybrid/predicted_lesions/thr0p3_mincc40/scan_0242_pred_lesion.nii.gz
scan_0242,probability_average,none,0.4,0,nan,0.1,0,1,1,0.0,0,nan,-1,nan,-1,nan,-1,-1,nan,-1,/data/data/DA25S005/miccai_tbi/MultiTalentV2_finetuning/checkpoints/validation2025_100/ensemble_2_models_e5ohnz5w_tta_ddp_kpcyjb66_tta_hybrid/predicted_lesions/thr0p4_mincc0/scan_0242_pred_lesion.nii.gz
scan_0242,probability_average,none,0.4,3,nan,0.1,0,1,1,0.0,0,nan,-1,nan,-1,nan,-1,-1,nan,-1,/data/data/DA25S005/miccai_tbi/MultiTalentV2_finetuning/checkpoints/validation2025_100/ensemble_2_models_e5ohnz5w_tta_ddp_kpcyjb66_tta_hybrid/predicted_lesions/thr0p4_mincc3/scan_0242_pred_lesion.nii.gz
scan_0242,probability_average,none,0.4,5,nan,0.1,0,1,1,0.0,0,nan,-1,nan,-1,nan,-1,-1,nan,-1,/data/data/DA25S005/miccai_tbi/MultiTalentV2_finetuning/checkpoints/validation2025_100/ensemble_2_models_e5ohnz5w_tta_ddp_kpcyjb66_tta_hybrid/predicted_lesions/thr0p4_mincc5/scan_0242_pred_lesion.nii.gz
scan_0242,probability_average,none,0.4,10,nan,0.1,0,1,1,0.0,0,nan,-1,nan,-1,nan,-1,-1,nan,-1,/data/data/DA25S005/miccai_tbi/MultiTalentV2_finetuning/checkpoints/validation2025_100/ensemble_2_models_e5ohnz5w_tta_ddp_kpcyjb66_tta_hybrid/predicted_lesions/thr0p4_mincc10/scan_0242_pred_lesion.nii.gz
scan_0242,probability_average,none,0.4,20,nan,0.1,0,1,1,0.0,0,nan,-1,nan,-1,nan,-1,-1,nan,-1,/data/data/DA25S005/miccai_tbi/MultiTalentV2_finetuning/checkpoints/validation2025_100/ensemble_2_models_e5ohnz5w_tta_ddp_kpcyjb66_tta_hybrid/predicted_lesions/thr0p4_mincc20/scan_0242_pred_lesion.nii.gz
scan_0242,probability_average,none,0.4,40,nan,0.1,0,1,1,0.0,0,nan,-1,nan,-1,nan,-1,-1,nan,-1,/data/data/DA25S005/miccai_tbi/MultiTalentV2_finetuning/checkpoints/validation2025_100/ensemble_2_models_e5ohnz5w_tta_ddp_kpcyjb66_tta_hybrid/predicted_lesions/thr0p4_mincc40/scan_0242_pred_lesion.nii.gz
scan_0242,probability_average,none,0.5,0,nan,0.1,0,1,1,0.0,0,nan,-1,nan,-1,nan,-1,-1,nan,-1,/data/data/DA25S005/miccai_tbi/MultiTalentV2_finetuning/checkpoints/validation2025_100/ensemble_2_models_e5ohnz5w_tta_ddp_kpcyjb66_tta_hybrid/predicted_lesions/thr0p5_mincc0/scan_0242_pred_lesion.nii.gz
scan_0242,probability_average,none,0.5,3,nan,0.1,0,1,1,0.0,0,nan,-1,nan,-1,nan,-1,-1,nan,-1,/data/data/DA25S005/miccai_tbi/MultiTalentV2_finetuning/checkpoints/validation2025_100/ensemble_2_models_e5ohnz5w_tta_ddp_kpcyjb66_tta_hybrid/predicted_lesions/thr0p5_mincc3/scan_0242_pred_lesion.nii.gz
scan_0242,probability_average,none,0.5,5,nan,0.1,0,1,1,0.0,0,nan,-1,nan,-1,nan,-1,-1,nan,-1,/data/data/DA25S005/miccai_tbi/MultiTalentV2_finetuning/checkpoints/validation2025_100/ensemble_2_models_e5ohnz5w_tta_ddp_kpcyjb66_tta_hybrid/predicted_lesions/thr0p5_mincc5/scan_0242_pred_lesion.nii.gz
scan_0242,probability_average,none,0.5,10,nan,0.1,0,1,1,0.0,0,nan,-1,nan,-1,nan,-1,-1,nan,-1,/data/data/DA25S005/miccai_tbi/MultiTalentV2_finetuning/checkpoints/validation2025_100/ensemble_2_models_e5ohnz5w_tta_ddp_kpcyjb66_tta_hybrid/predicted_lesions/thr0p5_mincc10/scan_0242_pred_lesion.nii.gz
scan_0242,probability_average,none,0.5,20,nan,0.1,0,1,1,0.0,0,nan,-1,nan,-1,nan,-1,-1,nan,-1,/data/data/DA25S005/miccai_tbi/MultiTalentV2_finetuning/checkpoints/validation2025_100/ensemble_2_models_e5ohnz5w_tta_ddp_kpcyjb66_tta_hybrid/predicted_lesions/thr0p5_mincc20/scan_0242_pred_lesion.nii.gz
scan_0242,probability_average,none,0.5,40,nan,0.1,0,1,1,0.0,0,nan,-1,nan,-1,nan,-1,-1,nan,-1,/data/data/DA25S005/miccai_tbi/MultiTalentV2_finetuning/checkpoints/validation2025_100/ensemble_2_models_e5ohnz5w_tta_ddp_kpcyjb66_tta_hybrid/predicted_lesions/thr0p5_mincc40/scan_0242_pred_lesion.nii.gz
scan_0250,probability_average,none,0.1,0,nan,0.1,0,1,1,0.0,0,nan,-1,nan,-1,nan,-1,-1,nan,-1,/data/data/DA25S005/miccai_tbi/MultiTalentV2_finetuning/checkpoints/validation2025_100/ensemble_2_models_e5ohnz5w_tta_ddp_kpcyjb66_tta_hybrid/predicted_lesions/thr0p1_mincc0/scan_0250_pred_lesion.nii.gz
scan_0250,probability_average,none,0.1,3,nan,0.1,0,1,1,0.0,0,nan,-1,nan,-1,nan,-1,-1,nan,-1,/data/data/DA25S005/miccai_tbi/MultiTalentV2_finetuning/checkpoints/validation2025_100/ensemble_2_models_e5ohnz5w_tta_ddp_kpcyjb66_tta_hybrid/predicted_lesions/thr0p1_mincc3/scan_0250_pred_lesion.nii.gz
scan_0250,probability_average,none,0.1,5,nan,0.1,0,1,1,0.0,0,nan,-1,nan,-1,nan,-1,-1,nan,-1,/data/data/DA25S005/miccai_tbi/MultiTalentV2_finetuning/checkpoints/validation2025_100/ensemble_2_models_e5ohnz5w_tta_ddp_kpcyjb66_tta_hybrid/predicted_lesions/thr0p1_mincc5/scan_0250_pred_lesion.nii.gz
scan_0250,probability_average,none,0.1,10,nan,0.1,0,1,1,0.0,0,nan,-1,nan,-1,nan,-1,-1,nan,-1,/data/data/DA25S005/miccai_tbi/MultiTalentV2_finetuning/checkpoints/validation2025_100/ensemble_2_models_e5ohnz5w_tta_ddp_kpcyjb66_tta_hybrid/predicted_lesions/thr0p1_mincc10/scan_0250_pred_lesion.nii.gz
scan_0250,probability_average,none,0.1,20,nan,0.1,0,1,1,0.0,0,nan,-1,nan,-1,nan,-1,-1,nan,-1,/data/data/DA25S005/miccai_tbi/MultiTalentV2_finetuning/checkpoints/validation2025_100/ensemble_2_models_e5ohnz5w_tta_ddp_kpcyjb66_tta_hybrid/predicted_lesions/thr0p1_mincc20/scan_0250_pred_lesion.nii.gz
scan_0250,probability_average,none,0.1,40,nan,0.1,0,1,1,0.0,0,nan,-1,nan,-1,nan,-1,-1,nan,-1,/data/data/DA25S005/miccai_tbi/MultiTalentV2_finetuning/checkpoints/validation2025_100/ensemble_2_models_e5ohnz5w_tta_ddp_kpcyjb66_tta_hybrid/predicted_lesions/thr0p1_mincc40/scan_0250_pred_lesion.nii.gz
scan_0250,probability_average,none,0.2,0,nan,0.1,0,1,1,0.0,0,nan,-1,nan,-1,nan,-1,-1,nan,-1,/data/data/DA25S005/miccai_tbi/MultiTalentV2_finetuning/checkpoints/validation2025_100/ensemble_2_models_e5ohnz5w_tta_ddp_kpcyjb66_tta_hybrid/predicted_lesions/thr0p2_mincc0/scan_0250_pred_lesion.nii.gz
scan_0250,probability_average,none,0.2,3,nan,0.1,0,1,1,0.0,0,nan,-1,nan,-1,nan,-1,-1,nan,-1,/data/data/DA25S005/miccai_tbi/MultiTalentV2_finetuning/checkpoints/validation2025_100/ensemble_2_models_e5ohnz5w_tta_ddp_kpcyjb66_tta_hybrid/predicted_lesions/thr0p2_mincc3/scan_0250_pred_lesion.nii.gz
scan_0250,probability_average,none,0.2,5,nan,0.1,0,1,1,0.0,0,nan,-1,nan,-1,nan,-1,-1,nan,-1,/data/data/DA25S005/miccai_tbi/MultiTalentV2_finetuning/checkpoints/validation2025_100/ensemble_2_models_e5ohnz5w_tta_ddp_kpcyjb66_tta_hybrid/predicted_lesions/thr0p2_mincc5/scan_0250_pred_lesion.nii.gz
scan_0250,probability_average,none,0.2,10,nan,0.1,0,1,1,0.0,0,nan,-1,nan,-1,nan,-1,-1,nan,-1,/data/data/DA25S005/miccai_tbi/MultiTalentV2_finetuning/checkpoints/validation2025_100/ensemble_2_models_e5ohnz5w_tta_ddp_kpcyjb66_tta_hybrid/predicted_lesions/thr0p2_mincc10/scan_0250_pred_lesion.nii.gz
scan_0250,probability_average,none,0.2,20,nan,0.1,0,1,1,0.0,0,nan,-1,nan,-1,nan,-1,-1,nan,-1,/data/data/DA25S005/miccai_tbi/MultiTalentV2_finetuning/checkpoints/validation2025_100/ensemble_2_models_e5ohnz5w_tta_ddp_kpcyjb66_tta_hybrid/predicted_lesions/thr0p2_mincc20/scan_0250_pred_lesion.nii.gz
scan_0250,probability_average,none,0.2,40,nan,0.1,0,1,1,0.0,0,nan,-1,nan,-1,nan,-1,-1,nan,-1,/data/data/DA25S005/miccai_tbi/MultiTalentV2_finetuning/checkpoints/validation2025_100/ensemble_2_models_e5ohnz5w_tta_ddp_kpcyjb66_tta_hybrid/predicted_lesions/thr0p2_mincc40/scan_0250_pred_lesion.nii.gz
scan_0250,probability_average,none,0.3,0,nan,0.1,0,1,1,0.0,0,nan,-1,nan,-1,nan,-1,-1,nan,-1,/data/data/DA25S005/miccai_tbi/MultiTalentV2_finetuning/checkpoints/validation2025_100/ensemble_2_models_e5ohnz5w_tta_ddp_kpcyjb66_tta_hybrid/predicted_lesions/thr0p3_mincc0/scan_0250_pred_lesion.nii.gz
scan_0250,probability_average,none,0.3,3,nan,0.1,0,1,1,0.0,0,nan,-1,nan,-1,nan,-1,-1,nan,-1,/data/data/DA25S005/miccai_tbi/MultiTalentV2_finetuning/checkpoints/validation2025_100/ensemble_2_models_e5ohnz5w_tta_ddp_kpcyjb66_tta_hybrid/predicted_lesions/thr0p3_mincc3/scan_0250_pred_lesion.nii.gz
scan_0250,probability_average,none,0.3,5,nan,0.1,0,1,1,0.0,0,nan,-1,nan,-1,nan,-1,-1,nan,-1,/data/data/DA25S005/miccai_tbi/MultiTalentV2_finetuning/checkpoints/validation2025_100/ensemble_2_models_e5ohnz5w_tta_ddp_kpcyjb66_tta_hybrid/predicted_lesions/thr0p3_mincc5/scan_0250_pred_lesion.nii.gz
scan_0250,probability_average,none,0.3,10,nan,0.1,0,1,1,0.0,0,nan,-1,nan,-1,nan,-1,-1,nan,-1,/data/data/DA25S005/miccai_tbi/MultiTalentV2_finetuning/checkpoints/validation2025_100/ensemble_2_models_e5ohnz5w_tta_ddp_kpcyjb66_tta_hybrid/predicted_lesions/thr0p3_mincc10/scan_0250_pred_lesion.nii.gz
scan_0250,probability_average,none,0.3,20,nan,0.1,0,1,1,0.0,0,nan,-1,nan,-1,nan,-1,-1,nan,-1,/data/data/DA25S005/miccai_tbi/MultiTalentV2_finetuning/checkpoints/validation2025_100/ensemble_2_models_e5ohnz5w_tta_ddp_kpcyjb66_tta_hybrid/predicted_lesions/thr0p3_mincc20/scan_0250_pred_lesion.nii.gz
scan_0250,probability_average,none,0.3,40,nan,0.1,0,1,1,0.0,0,nan,-1,nan,-1,nan,-1,-1,nan,-1,/data/data/DA25S005/miccai_tbi/MultiTalentV2_finetuning/checkpoints/validation2025_100/ensemble_2_models_e5ohnz5w_tta_ddp_kpcyjb66_tta_hybrid/predicted_lesions/thr0p3_mincc40/scan_0250_pred_lesion.nii.gz
scan_0250,probability_average,none,0.4,0,nan,0.1,0,1,1,0.0,0,nan,-1,nan,-1,nan,-1,-1,nan,-1,/data/data/DA25S005/miccai_tbi/MultiTalentV2_finetuning/checkpoints/validation2025_100/ensemble_2_models_e5ohnz5w_tta_ddp_kpcyjb66_tta_hybrid/predicted_lesions/thr0p4_mincc0/scan_0250_pred_lesion.nii.gz
scan_0250,probability_average,none,0.4,3,nan,0.1,0,1,1,0.0,0,nan,-1,nan,-1,nan,-1,-1,nan,-1,/data/data/DA25S005/miccai_tbi/MultiTalentV2_finetuning/checkpoints/validation2025_100/ensemble_2_models_e5ohnz5w_tta_ddp_kpcyjb66_tta_hybrid/predicted_lesions/thr0p4_mincc3/scan_0250_pred_lesion.nii.gz
scan_0250,probability_average,none,0.4,5,nan,0.1,0,1,1,0.0,0,nan,-1,nan,-1,nan,-1,-1,nan,-1,/data/data/DA25S005/miccai_tbi/MultiTalentV2_finetuning/checkpoints/validation2025_100/ensemble_2_models_e5ohnz5w_tta_ddp_kpcyjb66_tta_hybrid/predicted_lesions/thr0p4_mincc5/scan_0250_pred_lesion.nii.gz
scan_0250,probability_average,none,0.4,10,nan,0.1,0,1,1,0.0,0,nan,-1,nan,-1,nan,-1,-1,nan,-1,/data/data/DA25S005/miccai_tbi/MultiTalentV2_finetuning/checkpoints/validation2025_100/ensemble_2_models_e5ohnz5w_tta_ddp_kpcyjb66_tta_hybrid/predicted_lesions/thr0p4_mincc10/scan_0250_pred_lesion.nii.gz
scan_0250,probability_average,none,0.4,20,nan,0.1,0,1,1,0.0,0,nan,-1,nan,-1,nan,-1,-1,nan,-1,/data/data/DA25S005/miccai_tbi/MultiTalentV2_finetuning/checkpoints/validation2025_100/ensemble_2_models_e5ohnz5w_tta_ddp_kpcyjb66_tta_hybrid/predicted_lesions/thr0p4_mincc20/scan_0250_pred_lesion.nii.gz
scan_0250,probability_average,none,0.4,40,nan,0.1,0,1,1,0.0,0,nan,-1,nan,-1,nan,-1,-1,nan,-1,/data/data/DA25S005/miccai_tbi/MultiTalentV2_finetuning/checkpoints/validation2025_100/ensemble_2_models_e5ohnz5w_tta_ddp_kpcyjb66_tta_hybrid/predicted_lesions/thr0p4_mincc40/scan_0250_pred_lesion.nii.gz
scan_0250,probability_average,none,0.5,0,nan,0.1,0,1,1,0.0,0,nan,-1,nan,-1,nan,-1,-1,nan,-1,/data/data/DA25S005/miccai_tbi/MultiTalentV2_finetuning/checkpoints/validation2025_100/ensemble_2_models_e5ohnz5w_tta_ddp_kpcyjb66_tta_hybrid/predicted_lesions/thr0p5_mincc0/scan_0250_pred_lesion.nii.gz
scan_0250,probability_average,none,0.5,3,nan,0.1,0,1,1,0.0,0,nan,-1,nan,-1,nan,-1,-1,nan,-1,/data/data/DA25S005/miccai_tbi/MultiTalentV2_finetuning/checkpoints/validation2025_100/ensemble_2_models_e5ohnz5w_tta_ddp_kpcyjb66_tta_hybrid/predicted_lesions/thr0p5_mincc3/scan_0250_pred_lesion.nii.gz
scan_0250,probability_average,none,0.5,5,nan,0.1,0,1,1,0.0,0,nan,-1,nan,-1,nan,-1,-1,nan,-1,/data/data/DA25S005/miccai_tbi/MultiTalentV2_finetuning/checkpoints/validation2025_100/ensemble_2_models_e5ohnz5w_tta_ddp_kpcyjb66_tta_hybrid/predicted_lesions/thr0p5_mincc5/scan_0250_pred_lesion.nii.gz
scan_0250,probability_average,none,0.5,10,nan,0.1,0,1,1,0.0,0,nan,-1,nan,-1,nan,-1,-1,nan,-1,/data/data/DA25S005/miccai_tbi/MultiTalentV2_finetuning/checkpoints/validation2025_100/ensemble_2_models_e5ohnz5w_tta_ddp_kpcyjb66_tta_hybrid/predicted_lesions/thr0p5_mincc10/scan_0250_pred_lesion.nii.gz
scan_0250,probability_average,none,0.5,20,nan,0.1,0,1,1,0.0,0,nan,-1,nan,-1,nan,-1,-1,nan,-1,/data/data/DA25S005/miccai_tbi/MultiTalentV2_finetuning/checkpoints/validation2025_100/ensemble_2_models_e5ohnz5w_tta_ddp_kpcyjb66_tta_hybrid/predicted_lesions/thr0p5_mincc20/scan_0250_pred_lesion.nii.gz
scan_0250,probability_average,none,0.5,40,nan,0.1,0,1,1,0.0,0,nan,-1,nan,-1,nan,-1,-1,nan,-1,/data/data/DA25S005/miccai_tbi/MultiTalentV2_finetuning/checkpoints/validation2025_100/ensemble_2_models_e5ohnz5w_tta_ddp_kpcyjb66_tta_hybrid/predicted_lesions/thr0p5_mincc40/scan_0250_pred_lesion.nii.gz
scan_0253,probability_average,none,0.1,0,nan,0.1,0,1,1,0.0,0,nan,-1,nan,-1,nan,-1,-1,nan,-1,/data/data/DA25S005/miccai_tbi/MultiTalentV2_finetuning/checkpoints/validation2025_100/ensemble_2_models_e5ohnz5w_tta_ddp_kpcyjb66_tta_hybrid/predicted_lesions/thr0p1_mincc0/scan_0253_pred_lesion.nii.gz
scan_0253,probability_average,none,0.1,3,nan,0.1,0,1,1,0.0,0,nan,-1,nan,-1,nan,-1,-1,nan,-1,/data/data/DA25S005/miccai_tbi/MultiTalentV2_finetuning/checkpoints/validation2025_100/ensemble_2_models_e5ohnz5w_tta_ddp_kpcyjb66_tta_hybrid/predicted_lesions/thr0p1_mincc3/scan_0253_pred_lesion.nii.gz
scan_0253,probability_average,none,0.1,5,nan,0.1,0,1,1,0.0,0,nan,-1,nan,-1,nan,-1,-1,nan,-1,/data/data/DA25S005/miccai_tbi/MultiTalentV2_finetuning/checkpoints/validation2025_100/ensemble_2_models_e5ohnz5w_tta_ddp_kpcyjb66_tta_hybrid/predicted_lesions/thr0p1_mincc5/scan_0253_pred_lesion.nii.gz
scan_0253,probability_average,none,0.1,10,nan,0.1,0,1,1,0.0,0,nan,-1,nan,-1,nan,-1,-1,nan,-1,/data/data/DA25S005/miccai_tbi/MultiTalentV2_finetuning/checkpoints/validation2025_100/ensemble_2_models_e5ohnz5w_tta_ddp_kpcyjb66_tta_hybrid/predicted_lesions/thr0p1_mincc10/scan_0253_pred_lesion.nii.gz
scan_0253,probability_average,none,0.1,20,nan,0.1,0,1,1,0.0,0,nan,-1,nan,-1,nan,-1,-1,nan,-1,/data/data/DA25S005/miccai_tbi/MultiTalentV2_finetuning/checkpoints/validation2025_100/ensemble_2_models_e5ohnz5w_tta_ddp_kpcyjb66_tta_hybrid/predicted_lesions/thr0p1_mincc20/scan_0253_pred_lesion.nii.gz
scan_0253,probability_average,none,0.1,40,nan,0.1,0,1,1,0.0,0,nan,-1,nan,-1,nan,-1,-1,nan,-1,/data/data/DA25S005/miccai_tbi/MultiTalentV2_finetuning/checkpoints/validation2025_100/ensemble_2_models_e5ohnz5w_tta_ddp_kpcyjb66_tta_hybrid/predicted_lesions/thr0p1_mincc40/scan_0253_pred_lesion.nii.gz
scan_0253,probability_average,none,0.2,0,nan,0.1,0,1,1,0.0,0,nan,-1,nan,-1,nan,-1,-1,nan,-1,/data/data/DA25S005/miccai_tbi/MultiTalentV2_finetuning/checkpoints/validation2025_100/ensemble_2_models_e5ohnz5w_tta_ddp_kpcyjb66_tta_hybrid/predicted_lesions/thr0p2_mincc0/scan_0253_pred_lesion.nii.gz
scan_0253,probability_average,none,0.2,3,nan,0.1,0,1,1,0.0,0,nan,-1,nan,-1,nan,-1,-1,nan,-1,/data/data/DA25S005/miccai_tbi/MultiTalentV2_finetuning/checkpoints/validation2025_100/ensemble_2_models_e5ohnz5w_tta_ddp_kpcyjb66_tta_hybrid/predicted_lesions/thr0p2_mincc3/scan_0253_pred_lesion.nii.gz
scan_0253,probability_average,none,0.2,5,nan,0.1,0,1,1,0.0,0,nan,-1,nan,-1,nan,-1,-1,nan,-1,/data/data/DA25S005/miccai_tbi/MultiTalentV2_finetuning/checkpoints/validation2025_100/ensemble_2_models_e5ohnz5w_tta_ddp_kpcyjb66_tta_hybrid/predicted_lesions/thr0p2_mincc5/scan_0253_pred_lesion.nii.gz
scan_0253,probability_average,none,0.2,10,nan,0.1,0,1,1,0.0,0,nan,-1,nan,-1,nan,-1,-1,nan,-1,/data/data/DA25S005/miccai_tbi/MultiTalentV2_finetuning/checkpoints/validation2025_100/ensemble_2_models_e5ohnz5w_tta_ddp_kpcyjb66_tta_hybrid/predicted_lesions/thr0p2_mincc10/scan_0253_pred_lesion.nii.gz
scan_0253,probability_average,none,0.2,20,nan,0.1,0,1,1,0.0,0,nan,-1,nan,-1,nan,-1,-1,nan,-1,/data/data/DA25S005/miccai_tbi/MultiTalentV2_finetuning/checkpoints/validation2025_100/ensemble_2_models_e5ohnz5w_tta_ddp_kpcyjb66_tta_hybrid/predicted_lesions/thr0p2_mincc20/scan_0253_pred_lesion.nii.gz
scan_0253,probability_average,none,0.2,40,nan,0.1,0,1,1,0.0,0,nan,-1,nan,-1,nan,-1,-1,nan,-1,/data/data/DA25S005/miccai_tbi/MultiTalentV2_finetuning/checkpoints/validation2025_100/ensemble_2_models_e5ohnz5w_tta_ddp_kpcyjb66_tta_hybrid/predicted_lesions/thr0p2_mincc40/scan_0253_pred_lesion.nii.gz
scan_0253,probability_average,none,0.3,0,nan,0.1,0,1,1,0.0,0,nan,-1,nan,-1,nan,-1,-1,nan,-1,/data/data/DA25S005/miccai_tbi/MultiTalentV2_finetuning/checkpoints/validation2025_100/ensemble_2_models_e5ohnz5w_tta_ddp_kpcyjb66_tta_hybrid/predicted_lesions/thr0p3_mincc0/scan_0253_pred_lesion.nii.gz
scan_0253,probability_average,none,0.3,3,nan,0.1,0,1,1,0.0,0,nan,-1,nan,-1,nan,-1,-1,nan,-1,/data/data/DA25S005/miccai_tbi/MultiTalentV2_finetuning/checkpoints/validation2025_100/ensemble_2_models_e5ohnz5w_tta_ddp_kpcyjb66_tta_hybrid/predicted_lesions/thr0p3_mincc3/scan_0253_pred_lesion.nii.gz
scan_0253,probability_average,none,0.3,5,nan,0.1,0,1,1,0.0,0,nan,-1,nan,-1,nan,-1,-1,nan,-1,/data/data/DA25S005/miccai_tbi/MultiTalentV2_finetuning/checkpoints/validation2025_100/ensemble_2_models_e5ohnz5w_tta_ddp_kpcyjb66_tta_hybrid/predicted_lesions/thr0p3_mincc5/scan_0253_pred_lesion.nii.gz
scan_0253,probability_average,none,0.3,10,nan,0.1,0,1,1,0.0,0,nan,-1,nan,-1,nan,-1,-1,nan,-1,/data/data/DA25S005/miccai_tbi/MultiTalentV2_finetuning/checkpoints/validation2025_100/ensemble_2_models_e5ohnz5w_tta_ddp_kpcyjb66_tta_hybrid/predicted_lesions/thr0p3_mincc10/scan_0253_pred_lesion.nii.gz
scan_0253,probability_average,none,0.3,20,nan,0.1,0,1,1,0.0,0,nan,-1,nan,-1,nan,-1,-1,nan,-1,/data/data/DA25S005/miccai_tbi/MultiTalentV2_finetuning/checkpoints/validation2025_100/ensemble_2_models_e5ohnz5w_tta_ddp_kpcyjb66_tta_hybrid/predicted_lesions/thr0p3_mincc20/scan_0253_pred_lesion.nii.gz
scan_0253,probability_average,none,0.3,40,nan,0.1,0,1,1,0.0,0,nan,-1,nan,-1,nan,-1,-1,nan,-1,/data/data/DA25S005/miccai_tbi/MultiTalentV2_finetuning/checkpoints/validation2025_100/ensemble_2_models_e5ohnz5w_tta_ddp_kpcyjb66_tta_hybrid/predicted_lesions/thr0p3_mincc40/scan_0253_pred_lesion.nii.gz
scan_0253,probability_average,none,0.4,0,nan,0.1,0,1,1,0.0,0,nan,-1,nan,-1,nan,-1,-1,nan,-1,/data/data/DA25S005/miccai_tbi/MultiTalentV2_finetuning/checkpoints/validation2025_100/ensemble_2_models_e5ohnz5w_tta_ddp_kpcyjb66_tta_hybrid/predicted_lesions/thr0p4_mincc0/scan_0253_pred_lesion.nii.gz
scan_0253,probability_average,none,0.4,3,nan,0.1,0,1,1,0.0,0,nan,-1,nan,-1,nan,-1,-1,nan,-1,/data/data/DA25S005/miccai_tbi/MultiTalentV2_finetuning/checkpoints/validation2025_100/ensemble_2_models_e5ohnz5w_tta_ddp_kpcyjb66_tta_hybrid/predicted_lesions/thr0p4_mincc3/scan_0253_pred_lesion.nii.gz
scan_0253,probability_average,none,0.4,5,nan,0.1,0,1,1,0.0,0,nan,-1,nan,-1,nan,-1,-1,nan,-1,/data/data/DA25S005/miccai_tbi/MultiTalentV2_finetuning/checkpoints/validation2025_100/ensemble_2_models_e5ohnz5w_tta_ddp_kpcyjb66_tta_hybrid/predicted_lesions/thr0p4_mincc5/scan_0253_pred_lesion.nii.gz
scan_0253,probability_average,none,0.4,10,nan,0.1,0,1,1,0.0,0,nan,-1,nan,-1,nan,-1,-1,nan,-1,/data/data/DA25S005/miccai_tbi/MultiTalentV2_finetuning/checkpoints/validation2025_100/ensemble_2_models_e5ohnz5w_tta_ddp_kpcyjb66_tta_hybrid/predicted_lesions/thr0p4_mincc10/scan_0253_pred_lesion.nii.gz
scan_0253,probability_average,none,0.4,20,nan,0.1,0,1,1,0.0,0,nan,-1,nan,-1,nan,-1,-1,nan,-1,/data/data/DA25S005/miccai_tbi/MultiTalentV2_finetuning/checkpoints/validation2025_100/ensemble_2_models_e5ohnz5w_tta_ddp_kpcyjb66_tta_hybrid/predicted_lesions/thr0p4_mincc20/scan_0253_pred_lesion.nii.gz
scan_0253,probability_average,none,0.4,40,nan,0.1,0,1,1,0.0,0,nan,-1,nan,-1,nan,-1,-1,nan,-1,/data/data/DA25S005/miccai_tbi/MultiTalentV2_finetuning/checkpoints/validation2025_100/ensemble_2_models_e5ohnz5w_tta_ddp_kpcyjb66_tta_hybrid/predicted_lesions/thr0p4_mincc40/scan_0253_pred_lesion.nii.gz
scan_0253,probability_average,none,0.5,0,nan,0.1,0,1,1,0.0,0,nan,-1,nan,-1,nan,-1,-1,nan,-1,/data/data/DA25S005/miccai_tbi/MultiTalentV2_finetuning/checkpoints/validation2025_100/ensemble_2_models_e5ohnz5w_tta_ddp_kpcyjb66_tta_hybrid/predicted_lesions/thr0p5_mincc0/scan_0253_pred_lesion.nii.gz
scan_0253,probability_average,none,0.5,3,nan,0.1,0,1,1,0.0,0,nan,-1,nan,-1,nan,-1,-1,nan,-1,/data/data/DA25S005/miccai_tbi/MultiTalentV2_finetuning/checkpoints/validation2025_100/ensemble_2_models_e5ohnz5w_tta_ddp_kpcyjb66_tta_hybrid/predicted_lesions/thr0p5_mincc3/scan_0253_pred_lesion.nii.gz
scan_0253,probability_average,none,0.5,5,nan,0.1,0,1,1,0.0,0,nan,-1,nan,-1,nan,-1,-1,nan,-1,/data/data/DA25S005/miccai_tbi/MultiTalentV2_finetuning/checkpoints/validation2025_100/ensemble_2_models_e5ohnz5w_tta_ddp_kpcyjb66_tta_hybrid/predicted_lesions/thr0p5_mincc5/scan_0253_pred_lesion.nii.gz
scan_0253,probability_average,none,0.5,10,nan,0.1,0,1,1,0.0,0,nan,-1,nan,-1,nan,-1,-1,nan,-1,/data/data/DA25S005/miccai_tbi/MultiTalentV2_finetuning/checkpoints/validation2025_100/ensemble_2_models_e5ohnz5w_tta_ddp_kpcyjb66_tta_hybrid/predicted_lesions/thr0p5_mincc10/scan_0253_pred_lesion.nii.gz
scan_0253,probability_average,none,0.5,20,nan,0.1,0,1,1,0.0,0,nan,-1,nan,-1,nan,-1,-1,nan,-1,/data/data/DA25S005/miccai_tbi/MultiTalentV2_finetuning/checkpoints/validation2025_100/ensemble_2_models_e5ohnz5w_tta_ddp_kpcyjb66_tta_hybrid/predicted_lesions/thr0p5_mincc20/scan_0253_pred_lesion.nii.gz
scan_0253,probability_average,none,0.5,40,nan,0.1,0,1,1,0.0,0,nan,-1,nan,-1,nan,-1,-1,nan,-1,/data/data/DA25S005/miccai_tbi/MultiTalentV2_finetuning/checkpoints/validation2025_100/ensemble_2_models_e5ohnz5w_tta_ddp_kpcyjb66_tta_hybrid/predicted_lesions/thr0p5_mincc40/scan_0253_pred_lesion.nii.gz
scan_0257,probability_average,none,0.1,0,nan,0.1,0,1,1,0.0,0,nan,-1,nan,-1,nan,-1,-1,nan,-1,/data/data/DA25S005/miccai_tbi/MultiTalentV2_finetuning/checkpoints/validation2025_100/ensemble_2_models_e5ohnz5w_tta_ddp_kpcyjb66_tta_hybrid/predicted_lesions/thr0p1_mincc0/scan_0257_pred_lesion.nii.gz
scan_0257,probability_average,none,0.1,3,nan,0.1,0,1,1,0.0,0,nan,-1,nan,-1,nan,-1,-1,nan,-1,/data/data/DA25S005/miccai_tbi/MultiTalentV2_finetuning/checkpoints/validation2025_100/ensemble_2_models_e5ohnz5w_tta_ddp_kpcyjb66_tta_hybrid/predicted_lesions/thr0p1_mincc3/scan_0257_pred_lesion.nii.gz
scan_0257,probability_average,none,0.1,5,nan,0.1,0,1,1,0.0,0,nan,-1,nan,-1,nan,-1,-1,nan,-1,/data/data/DA25S005/miccai_tbi/MultiTalentV2_finetuning/checkpoints/validation2025_100/ensemble_2_models_e5ohnz5w_tta_ddp_kpcyjb66_tta_hybrid/predicted_lesions/thr0p1_mincc5/scan_0257_pred_lesion.nii.gz
scan_0257,probability_average,none,0.1,10,nan,0.1,0,1,1,0.0,0,nan,-1,nan,-1,nan,-1,-1,nan,-1,/data/data/DA25S005/miccai_tbi/MultiTalentV2_finetuning/checkpoints/validation2025_100/ensemble_2_models_e5ohnz5w_tta_ddp_kpcyjb66_tta_hybrid/predicted_lesions/thr0p1_mincc10/scan_0257_pred_lesion.nii.gz
scan_0257,probability_average,none,0.1,20,nan,0.1,0,1,1,0.0,0,nan,-1,nan,-1,nan,-1,-1,nan,-1,/data/data/DA25S005/miccai_tbi/MultiTalentV2_finetuning/checkpoints/validation2025_100/ensemble_2_models_e5ohnz5w_tta_ddp_kpcyjb66_tta_hybrid/predicted_lesions/thr0p1_mincc20/scan_0257_pred_lesion.nii.gz
scan_0257,probability_average,none,0.1,40,nan,0.1,0,1,1,0.0,0,nan,-1,nan,-1,nan,-1,-1,nan,-1,/data/data/DA25S005/miccai_tbi/MultiTalentV2_finetuning/checkpoints/validation2025_100/ensemble_2_models_e5ohnz5w_tta_ddp_kpcyjb66_tta_hybrid/predicted_lesions/thr0p1_mincc40/scan_0257_pred_lesion.nii.gz
scan_0257,probability_average,none,0.2,0,nan,0.1,0,1,1,0.0,0,nan,-1,nan,-1,nan,-1,-1,nan,-1,/data/data/DA25S005/miccai_tbi/MultiTalentV2_finetuning/checkpoints/validation2025_100/ensemble_2_models_e5ohnz5w_tta_ddp_kpcyjb66_tta_hybrid/predicted_lesions/thr0p2_mincc0/scan_0257_pred_lesion.nii.gz
scan_0257,probability_average,none,0.2,3,nan,0.1,0,1,1,0.0,0,nan,-1,nan,-1,nan,-1,-1,nan,-1,/data/data/DA25S005/miccai_tbi/MultiTalentV2_finetuning/checkpoints/validation2025_100/ensemble_2_models_e5ohnz5w_tta_ddp_kpcyjb66_tta_hybrid/predicted_lesions/thr0p2_mincc3/scan_0257_pred_lesion.nii.gz
scan_0257,probability_average,none,0.2,5,nan,0.1,0,1,1,0.0,0,nan,-1,nan,-1,nan,-1,-1,nan,-1,/data/data/DA25S005/miccai_tbi/MultiTalentV2_finetuning/checkpoints/validation2025_100/ensemble_2_models_e5ohnz5w_tta_ddp_kpcyjb66_tta_hybrid/predicted_lesions/thr0p2_mincc5/scan_0257_pred_lesion.nii.gz
scan_0257,probability_average,none,0.2,10,nan,0.1,0,1,1,0.0,0,nan,-1,nan,-1,nan,-1,-1,nan,-1,/data/data/DA25S005/miccai_tbi/MultiTalentV2_finetuning/checkpoints/validation2025_100/ensemble_2_models_e5ohnz5w_tta_ddp_kpcyjb66_tta_hybrid/predicted_lesions/thr0p2_mincc10/scan_0257_pred_lesion.nii.gz
scan_0257,probability_average,none,0.2,20,nan,0.1,0,1,1,0.0,0,nan,-1,nan,-1,nan,-1,-1,nan,-1,/data/data/DA25S005/miccai_tbi/MultiTalentV2_finetuning/checkpoints/validation2025_100/ensemble_2_models_e5ohnz5w_tta_ddp_kpcyjb66_tta_hybrid/predicted_lesions/thr0p2_mincc20/scan_0257_pred_lesion.nii.gz
scan_0257,probability_average,none,0.2,40,nan,0.1,0,1,1,0.0,0,nan,-1,nan,-1,nan,-1,-1,nan,-1,/data/data/DA25S005/miccai_tbi/MultiTalentV2_finetuning/checkpoints/validation2025_100/ensemble_2_models_e5ohnz5w_tta_ddp_kpcyjb66_tta_hybrid/predicted_lesions/thr0p2_mincc40/scan_0257_pred_lesion.nii.gz
scan_0257,probability_average,none,0.3,0,nan,0.1,0,1,1,0.0,0,nan,-1,nan,-1,nan,-1,-1,nan,-1,/data/data/DA25S005/miccai_tbi/MultiTalentV2_finetuning/checkpoints/validation2025_100/ensemble_2_models_e5ohnz5w_tta_ddp_kpcyjb66_tta_hybrid/predicted_lesions/thr0p3_mincc0/scan_0257_pred_lesion.nii.gz
scan_0257,probability_average,none,0.3,3,nan,0.1,0,1,1,0.0,0,nan,-1,nan,-1,nan,-1,-1,nan,-1,/data/data/DA25S005/miccai_tbi/MultiTalentV2_finetuning/checkpoints/validation2025_100/ensemble_2_models_e5ohnz5w_tta_ddp_kpcyjb66_tta_hybrid/predicted_lesions/thr0p3_mincc3/scan_0257_pred_lesion.nii.gz
scan_0257,probability_average,none,0.3,5,nan,0.1,0,1,1,0.0,0,nan,-1,nan,-1,nan,-1,-1,nan,-1,/data/data/DA25S005/miccai_tbi/MultiTalentV2_finetuning/checkpoints/validation2025_100/ensemble_2_models_e5ohnz5w_tta_ddp_kpcyjb66_tta_hybrid/predicted_lesions/thr0p3_mincc5/scan_0257_pred_lesion.nii.gz
scan_0257,probability_average,none,0.3,10,nan,0.1,0,1,1,0.0,0,nan,-1,nan,-1,nan,-1,-1,nan,-1,/data/data/DA25S005/miccai_tbi/MultiTalentV2_finetuning/checkpoints/validation2025_100/ensemble_2_models_e5ohnz5w_tta_ddp_kpcyjb66_tta_hybrid/predicted_lesions/thr0p3_mincc10/scan_0257_pred_lesion.nii.gz
scan_0257,probability_average,none,0.3,20,nan,0.1,0,1,1,0.0,0,nan,-1,nan,-1,nan,-1,-1,nan,-1,/data/data/DA25S005/miccai_tbi/MultiTalentV2_finetuning/checkpoints/validation2025_100/ensemble_2_models_e5ohnz5w_tta_ddp_kpcyjb66_tta_hybrid/predicted_lesions/thr0p3_mincc20/scan_0257_pred_lesion.nii.gz
scan_0257,probability_average,none,0.3,40,nan,0.1,0,1,1,0.0,0,nan,-1,nan,-1,nan,-1,-1,nan,-1,/data/data/DA25S005/miccai_tbi/MultiTalentV2_finetuning/checkpoints/validation2025_100/ensemble_2_models_e5ohnz5w_tta_ddp_kpcyjb66_tta_hybrid/predicted_lesions/thr0p3_mincc40/scan_0257_pred_lesion.nii.gz
scan_0257,probability_average,none,0.4,0,nan,0.1,0,1,1,0.0,0,nan,-1,nan,-1,nan,-1,-1,nan,-1,/data/data/DA25S005/miccai_tbi/MultiTalentV2_finetuning/checkpoints/validation2025_100/ensemble_2_models_e5ohnz5w_tta_ddp_kpcyjb66_tta_hybrid/predicted_lesions/thr0p4_mincc0/scan_0257_pred_lesion.nii.gz
scan_0257,probability_average,none,0.4,3,nan,0.1,0,1,1,0.0,0,nan,-1,nan,-1,nan,-1,-1,nan,-1,/data/data/DA25S005/miccai_tbi/MultiTalentV2_finetuning/checkpoints/validation2025_100/ensemble_2_models_e5ohnz5w_tta_ddp_kpcyjb66_tta_hybrid/predicted_lesions/thr0p4_mincc3/scan_0257_pred_lesion.nii.gz
scan_0257,probability_average,none,0.4,5,nan,0.1,0,1,1,0.0,0,nan,-1,nan,-1,nan,-1,-1,nan,-1,/data/data/DA25S005/miccai_tbi/MultiTalentV2_finetuning/checkpoints/validation2025_100/ensemble_2_models_e5ohnz5w_tta_ddp_kpcyjb66_tta_hybrid/predicted_lesions/thr0p4_mincc5/scan_0257_pred_lesion.nii.gz
scan_0257,probability_average,none,0.4,10,nan,0.1,0,1,1,0.0,0,nan,-1,nan,-1,nan,-1,-1,nan,-1,/data/data/DA25S005/miccai_tbi/MultiTalentV2_finetuning/checkpoints/validation2025_100/ensemble_2_models_e5ohnz5w_tta_ddp_kpcyjb66_tta_hybrid/predicted_lesions/thr0p4_mincc10/scan_0257_pred_lesion.nii.gz
scan_0257,probability_average,none,0.4,20,nan,0.1,0,1,1,0.0,0,nan,-1,nan,-1,nan,-1,-1,nan,-1,/data/data/DA25S005/miccai_tbi/MultiTalentV2_finetuning/checkpoints/validation2025_100/ensemble_2_models_e5ohnz5w_tta_ddp_kpcyjb66_tta_hybrid/predicted_lesions/thr0p4_mincc20/scan_0257_pred_lesion.nii.gz
scan_0257,probability_average,none,0.4,40,nan,0.1,0,1,1,0.0,0,nan,-1,nan,-1,nan,-1,-1,nan,-1,/data/data/DA25S005/miccai_tbi/MultiTalentV2_finetuning/checkpoints/validation2025_100/ensemble_2_models_e5ohnz5w_tta_ddp_kpcyjb66_tta_hybrid/predicted_lesions/thr0p4_mincc40/scan_0257_pred_lesion.nii.gz
scan_0257,probability_average,none,0.5,0,nan,0.1,0,1,1,0.0,0,nan,-1,nan,-1,nan,-1,-1,nan,-1,/data/data/DA25S005/miccai_tbi/MultiTalentV2_finetuning/checkpoints/validation2025_100/ensemble_2_models_e5ohnz5w_tta_ddp_kpcyjb66_tta_hybrid/predicted_lesions/thr0p5_mincc0/scan_0257_pred_lesion.nii.gz
scan_0257,probability_average,none,0.5,3,nan,0.1,0,1,1,0.0,0,nan,-1,nan,-1,nan,-1,-1,nan,-1,/data/data/DA25S005/miccai_tbi/MultiTalentV2_finetuning/checkpoints/validation2025_100/ensemble_2_models_e5ohnz5w_tta_ddp_kpcyjb66_tta_hybrid/predicted_lesions/thr0p5_mincc3/scan_0257_pred_lesion.nii.gz
scan_0257,probability_average,none,0.5,5,nan,0.1,0,1,1,0.0,0,nan,-1,nan,-1,nan,-1,-1,nan,-1,/data/data/DA25S005/miccai_tbi/MultiTalentV2_finetuning/checkpoints/validation2025_100/ensemble_2_models_e5ohnz5w_tta_ddp_kpcyjb66_tta_hybrid/predicted_lesions/thr0p5_mincc5/scan_0257_pred_lesion.nii.gz
scan_0257,probability_average,none,0.5,10,nan,0.1,0,1,1,0.0,0,nan,-1,nan,-1,nan,-1,-1,nan,-1,/data/data/DA25S005/miccai_tbi/MultiTalentV2_finetuning/checkpoints/validation2025_100/ensemble_2_models_e5ohnz5w_tta_ddp_kpcyjb66_tta_hybrid/predicted_lesions/thr0p5_mincc10/scan_0257_pred_lesion.nii.gz
scan_0257,probability_average,none,0.5,20,nan,0.1,0,1,1,0.0,0,nan,-1,nan,-1,nan,-1,-1,nan,-1,/data/data/DA25S005/miccai_tbi/MultiTalentV2_finetuning/checkpoints/validation2025_100/ensemble_2_models_e5ohnz5w_tta_ddp_kpcyjb66_tta_hybrid/predicted_lesions/thr0p5_mincc20/scan_0257_pred_lesion.nii.gz
scan_0257,probability_average,none,0.5,40,nan,0.1,0,1,1,0.0,0,nan,-1,nan,-1,nan,-1,-1,nan,-1,/data/data/DA25S005/miccai_tbi/MultiTalentV2_finetuning/checkpoints/validation2025_100/ensemble_2_models_e5ohnz5w_tta_ddp_kpcyjb66_tta_hybrid/predicted_lesions/thr0p5_mincc40/scan_0257_pred_lesion.nii.gz
scan_0260,probability_average,none,0.1,0,nan,0.1,0,1,1,0.0,0,nan,-1,nan,-1,nan,-1,-1,nan,-1,/data/data/DA25S005/miccai_tbi/MultiTalentV2_finetuning/checkpoints/validation2025_100/ensemble_2_models_e5ohnz5w_tta_ddp_kpcyjb66_tta_hybrid/predicted_lesions/thr0p1_mincc0/scan_0260_pred_lesion.nii.gz
scan_0260,probability_average,none,0.1,3,nan,0.1,0,1,1,0.0,0,nan,-1,nan,-1,nan,-1,-1,nan,-1,/data/data/DA25S005/miccai_tbi/MultiTalentV2_finetuning/checkpoints/validation2025_100/ensemble_2_models_e5ohnz5w_tta_ddp_kpcyjb66_tta_hybrid/predicted_lesions/thr0p1_mincc3/scan_0260_pred_lesion.nii.gz
scan_0260,probability_average,none,0.1,5,nan,0.1,0,1,1,0.0,0,nan,-1,nan,-1,nan,-1,-1,nan,-1,/data/data/DA25S005/miccai_tbi/MultiTalentV2_finetuning/checkpoints/validation2025_100/ensemble_2_models_e5ohnz5w_tta_ddp_kpcyjb66_tta_hybrid/predicted_lesions/thr0p1_mincc5/scan_0260_pred_lesion.nii.gz
scan_0260,probability_average,none,0.1,10,nan,0.1,0,1,1,0.0,0,nan,-1,nan,-1,nan,-1,-1,nan,-1,/data/data/DA25S005/miccai_tbi/MultiTalentV2_finetuning/checkpoints/validation2025_100/ensemble_2_models_e5ohnz5w_tta_ddp_kpcyjb66_tta_hybrid/predicted_lesions/thr0p1_mincc10/scan_0260_pred_lesion.nii.gz
scan_0260,probability_average,none,0.1,20,nan,0.1,0,1,1,0.0,0,nan,-1,nan,-1,nan,-1,-1,nan,-1,/data/data/DA25S005/miccai_tbi/MultiTalentV2_finetuning/checkpoints/validation2025_100/ensemble_2_models_e5ohnz5w_tta_ddp_kpcyjb66_tta_hybrid/predicted_lesions/thr0p1_mincc20/scan_0260_pred_lesion.nii.gz
scan_0260,probability_average,none,0.1,40,nan,0.1,0,1,1,0.0,0,nan,-1,nan,-1,nan,-1,-1,nan,-1,/data/data/DA25S005/miccai_tbi/MultiTalentV2_finetuning/checkpoints/validation2025_100/ensemble_2_models_e5ohnz5w_tta_ddp_kpcyjb66_tta_hybrid/predicted_lesions/thr0p1_mincc40/scan_0260_pred_lesion.nii.gz
scan_0260,probability_average,none,0.2,0,nan,0.1,0,1,1,0.0,0,nan,-1,nan,-1,nan,-1,-1,nan,-1,/data/data/DA25S005/miccai_tbi/MultiTalentV2_finetuning/checkpoints/validation2025_100/ensemble_2_models_e5ohnz5w_tta_ddp_kpcyjb66_tta_hybrid/predicted_lesions/thr0p2_mincc0/scan_0260_pred_lesion.nii.gz
scan_0260,probability_average,none,0.2,3,nan,0.1,0,1,1,0.0,0,nan,-1,nan,-1,nan,-1,-1,nan,-1,/data/data/DA25S005/miccai_tbi/MultiTalentV2_finetuning/checkpoints/validation2025_100/ensemble_2_models_e5ohnz5w_tta_ddp_kpcyjb66_tta_hybrid/predicted_lesions/thr0p2_mincc3/scan_0260_pred_lesion.nii.gz
scan_0260,probability_average,none,0.2,5,nan,0.1,0,1,1,0.0,0,nan,-1,nan,-1,nan,-1,-1,nan,-1,/data/data/DA25S005/miccai_tbi/MultiTalentV2_finetuning/checkpoints/validation2025_100/ensemble_2_models_e5ohnz5w_tta_ddp_kpcyjb66_tta_hybrid/predicted_lesions/thr0p2_mincc5/scan_0260_pred_lesion.nii.gz
scan_0260,probability_average,none,0.2,10,nan,0.1,0,1,1,0.0,0,nan,-1,nan,-1,nan,-1,-1,nan,-1,/data/data/DA25S005/miccai_tbi/MultiTalentV2_finetuning/checkpoints/validation2025_100/ensemble_2_models_e5ohnz5w_tta_ddp_kpcyjb66_tta_hybrid/predicted_lesions/thr0p2_mincc10/scan_0260_pred_lesion.nii.gz
scan_0260,probability_average,none,0.2,20,nan,0.1,0,1,1,0.0,0,nan,-1,nan,-1,nan,-1,-1,nan,-1,/data/data/DA25S005/miccai_tbi/MultiTalentV2_finetuning/checkpoints/validation2025_100/ensemble_2_models_e5ohnz5w_tta_ddp_kpcyjb66_tta_hybrid/predicted_lesions/thr0p2_mincc20/scan_0260_pred_lesion.nii.gz
scan_0260,probability_average,none,0.2,40,nan,0.1,0,1,1,0.0,0,nan,-1,nan,-1,nan,-1,-1,nan,-1,/data/data/DA25S005/miccai_tbi/MultiTalentV2_finetuning/checkpoints/validation2025_100/ensemble_2_models_e5ohnz5w_tta_ddp_kpcyjb66_tta_hybrid/predicted_lesions/thr0p2_mincc40/scan_0260_pred_lesion.nii.gz
scan_0260,probability_average,none,0.3,0,nan,0.1,0,1,1,0.0,0,nan,-1,nan,-1,nan,-1,-1,nan,-1,/data/data/DA25S005/miccai_tbi/MultiTalentV2_finetuning/checkpoints/validation2025_100/ensemble_2_models_e5ohnz5w_tta_ddp_kpcyjb66_tta_hybrid/predicted_lesions/thr0p3_mincc0/scan_0260_pred_lesion.nii.gz
scan_0260,probability_average,none,0.3,3,nan,0.1,0,1,1,0.0,0,nan,-1,nan,-1,nan,-1,-1,nan,-1,/data/data/DA25S005/miccai_tbi/MultiTalentV2_finetuning/checkpoints/validation2025_100/ensemble_2_models_e5ohnz5w_tta_ddp_kpcyjb66_tta_hybrid/predicted_lesions/thr0p3_mincc3/scan_0260_pred_lesion.nii.gz
scan_0260,probability_average,none,0.3,5,nan,0.1,0,1,1,0.0,0,nan,-1,nan,-1,nan,-1,-1,nan,-1,/data/data/DA25S005/miccai_tbi/MultiTalentV2_finetuning/checkpoints/validation2025_100/ensemble_2_models_e5ohnz5w_tta_ddp_kpcyjb66_tta_hybrid/predicted_lesions/thr0p3_mincc5/scan_0260_pred_lesion.nii.gz
scan_0260,probability_average,none,0.3,10,nan,0.1,0,1,1,0.0,0,nan,-1,nan,-1,nan,-1,-1,nan,-1,/data/data/DA25S005/miccai_tbi/MultiTalentV2_finetuning/checkpoints/validation2025_100/ensemble_2_models_e5ohnz5w_tta_ddp_kpcyjb66_tta_hybrid/predicted_lesions/thr0p3_mincc10/scan_0260_pred_lesion.nii.gz
scan_0260,probability_average,none,0.3,20,nan,0.1,0,1,1,0.0,0,nan,-1,nan,-1,nan,-1,-1,nan,-1,/data/data/DA25S005/miccai_tbi/MultiTalentV2_finetuning/checkpoints/validation2025_100/ensemble_2_models_e5ohnz5w_tta_ddp_kpcyjb66_tta_hybrid/predicted_lesions/thr0p3_mincc20/scan_0260_pred_lesion.nii.gz
scan_0260,probability_average,none,0.3,40,nan,0.1,0,1,1,0.0,0,nan,-1,nan,-1,nan,-1,-1,nan,-1,/data/data/DA25S005/miccai_tbi/MultiTalentV2_finetuning/checkpoints/validation2025_100/ensemble_2_models_e5ohnz5w_tta_ddp_kpcyjb66_tta_hybrid/predicted_lesions/thr0p3_mincc40/scan_0260_pred_lesion.nii.gz
scan_0260,probability_average,none,0.4,0,nan,0.1,0,1,1,0.0,0,nan,-1,nan,-1,nan,-1,-1,nan,-1,/data/data/DA25S005/miccai_tbi/MultiTalentV2_finetuning/checkpoints/validation2025_100/ensemble_2_models_e5ohnz5w_tta_ddp_kpcyjb66_tta_hybrid/predicted_lesions/thr0p4_mincc0/scan_0260_pred_lesion.nii.gz
scan_0260,probability_average,none,0.4,3,nan,0.1,0,1,1,0.0,0,nan,-1,nan,-1,nan,-1,-1,nan,-1,/data/data/DA25S005/miccai_tbi/MultiTalentV2_finetuning/checkpoints/validation2025_100/ensemble_2_models_e5ohnz5w_tta_ddp_kpcyjb66_tta_hybrid/predicted_lesions/thr0p4_mincc3/scan_0260_pred_lesion.nii.gz
scan_0260,probability_average,none,0.4,5,nan,0.1,0,1,1,0.0,0,nan,-1,nan,-1,nan,-1,-1,nan,-1,/data/data/DA25S005/miccai_tbi/MultiTalentV2_finetuning/checkpoints/validation2025_100/ensemble_2_models_e5ohnz5w_tta_ddp_kpcyjb66_tta_hybrid/predicted_lesions/thr0p4_mincc5/scan_0260_pred_lesion.nii.gz
scan_0260,probability_average,none,0.4,10,nan,0.1,0,1,1,0.0,0,nan,-1,nan,-1,nan,-1,-1,nan,-1,/data/data/DA25S005/miccai_tbi/MultiTalentV2_finetuning/checkpoints/validation2025_100/ensemble_2_models_e5ohnz5w_tta_ddp_kpcyjb66_tta_hybrid/predicted_lesions/thr0p4_mincc10/scan_0260_pred_lesion.nii.gz
scan_0260,probability_average,none,0.4,20,nan,0.1,0,1,1,0.0,0,nan,-1,nan,-1,nan,-1,-1,nan,-1,/data/data/DA25S005/miccai_tbi/MultiTalentV2_finetuning/checkpoints/validation2025_100/ensemble_2_models_e5ohnz5w_tta_ddp_kpcyjb66_tta_hybrid/predicted_lesions/thr0p4_mincc20/scan_0260_pred_lesion.nii.gz
scan_0260,probability_average,none,0.4,40,nan,0.1,0,1,1,0.0,0,nan,-1,nan,-1,nan,-1,-1,nan,-1,/data/data/DA25S005/miccai_tbi/MultiTalentV2_finetuning/checkpoints/validation2025_100/ensemble_2_models_e5ohnz5w_tta_ddp_kpcyjb66_tta_hybrid/predicted_lesions/thr0p4_mincc40/scan_0260_pred_lesion.nii.gz
scan_0260,probability_average,none,0.5,0,nan,0.1,0,1,1,0.0,0,nan,-1,nan,-1,nan,-1,-1,nan,-1,/data/data/DA25S005/miccai_tbi/MultiTalentV2_finetuning/checkpoints/validation2025_100/ensemble_2_models_e5ohnz5w_tta_ddp_kpcyjb66_tta_hybrid/predicted_lesions/thr0p5_mincc0/scan_0260_pred_lesion.nii.gz
scan_0260,probability_average,none,0.5,3,nan,0.1,0,1,1,0.0,0,nan,-1,nan,-1,nan,-1,-1,nan,-1,/data/data/DA25S005/miccai_tbi/MultiTalentV2_finetuning/checkpoints/validation2025_100/ensemble_2_models_e5ohnz5w_tta_ddp_kpcyjb66_tta_hybrid/predicted_lesions/thr0p5_mincc3/scan_0260_pred_lesion.nii.gz
scan_0260,probability_average,none,0.5,5,nan,0.1,0,1,1,0.0,0,nan,-1,nan,-1,nan,-1,-1,nan,-1,/data/data/DA25S005/miccai_tbi/MultiTalentV2_finetuning/checkpoints/validation2025_100/ensemble_2_models_e5ohnz5w_tta_ddp_kpcyjb66_tta_hybrid/predicted_lesions/thr0p5_mincc5/scan_0260_pred_lesion.nii.gz
scan_0260,probability_average,none,0.5,10,nan,0.1,0,1,1,0.0,0,nan,-1,nan,-1,nan,-1,-1,nan,-1,/data/data/DA25S005/miccai_tbi/MultiTalentV2_finetuning/checkpoints/validation2025_100/ensemble_2_models_e5ohnz5w_tta_ddp_kpcyjb66_tta_hybrid/predicted_lesions/thr0p5_mincc10/scan_0260_pred_lesion.nii.gz
scan_0260,probability_average,none,0.5,20,nan,0.1,0,1,1,0.0,0,nan,-1,nan,-1,nan,-1,-1,nan,-1,/data/data/DA25S005/miccai_tbi/MultiTalentV2_finetuning/checkpoints/validation2025_100/ensemble_2_models_e5ohnz5w_tta_ddp_kpcyjb66_tta_hybrid/predicted_lesions/thr0p5_mincc20/scan_0260_pred_lesion.nii.gz
scan_0260,probability_average,none,0.5,40,nan,0.1,0,1,1,0.0,0,nan,-1,nan,-1,nan,-1,-1,nan,-1,/data/data/DA25S005/miccai_tbi/MultiTalentV2_finetuning/checkpoints/validation2025_100/ensemble_2_models_e5ohnz5w_tta_ddp_kpcyjb66_tta_hybrid/predicted_lesions/thr0p5_mincc40/scan_0260_pred_lesion.nii.gz
scan_0262,probability_average,none,0.1,0,nan,0.1,0,1,1,0.0,0,nan,-1,nan,-1,nan,-1,-1,nan,-1,/data/data/DA25S005/miccai_tbi/MultiTalentV2_finetuning/checkpoints/validation2025_100/ensemble_2_models_e5ohnz5w_tta_ddp_kpcyjb66_tta_hybrid/predicted_lesions/thr0p1_mincc0/scan_0262_pred_lesion.nii.gz
scan_0262,probability_average,none,0.1,3,nan,0.1,0,1,1,0.0,0,nan,-1,nan,-1,nan,-1,-1,nan,-1,/data/data/DA25S005/miccai_tbi/MultiTalentV2_finetuning/checkpoints/validation2025_100/ensemble_2_models_e5ohnz5w_tta_ddp_kpcyjb66_tta_hybrid/predicted_lesions/thr0p1_mincc3/scan_0262_pred_lesion.nii.gz
scan_0262,probability_average,none,0.1,5,nan,0.1,0,1,1,0.0,0,nan,-1,nan,-1,nan,-1,-1,nan,-1,/data/data/DA25S005/miccai_tbi/MultiTalentV2_finetuning/checkpoints/validation2025_100/ensemble_2_models_e5ohnz5w_tta_ddp_kpcyjb66_tta_hybrid/predicted_lesions/thr0p1_mincc5/scan_0262_pred_lesion.nii.gz
scan_0262,probability_average,none,0.1,10,nan,0.1,0,1,1,0.0,0,nan,-1,nan,-1,nan,-1,-1,nan,-1,/data/data/DA25S005/miccai_tbi/MultiTalentV2_finetuning/checkpoints/validation2025_100/ensemble_2_models_e5ohnz5w_tta_ddp_kpcyjb66_tta_hybrid/predicted_lesions/thr0p1_mincc10/scan_0262_pred_lesion.nii.gz
scan_0262,probability_average,none,0.1,20,nan,0.1,0,1,1,0.0,0,nan,-1,nan,-1,nan,-1,-1,nan,-1,/data/data/DA25S005/miccai_tbi/MultiTalentV2_finetuning/checkpoints/validation2025_100/ensemble_2_models_e5ohnz5w_tta_ddp_kpcyjb66_tta_hybrid/predicted_lesions/thr0p1_mincc20/scan_0262_pred_lesion.nii.gz
scan_0262,probability_average,none,0.1,40,nan,0.1,0,1,1,0.0,0,nan,-1,nan,-1,nan,-1,-1,nan,-1,/data/data/DA25S005/miccai_tbi/MultiTalentV2_finetuning/checkpoints/validation2025_100/ensemble_2_models_e5ohnz5w_tta_ddp_kpcyjb66_tta_hybrid/predicted_lesions/thr0p1_mincc40/scan_0262_pred_lesion.nii.gz
scan_0262,probability_average,none,0.2,0,nan,0.1,0,1,1,0.0,0,nan,-1,nan,-1,nan,-1,-1,nan,-1,/data/data/DA25S005/miccai_tbi/MultiTalentV2_finetuning/checkpoints/validation2025_100/ensemble_2_models_e5ohnz5w_tta_ddp_kpcyjb66_tta_hybrid/predicted_lesions/thr0p2_mincc0/scan_0262_pred_lesion.nii.gz
scan_0262,probability_average,none,0.2,3,nan,0.1,0,1,1,0.0,0,nan,-1,nan,-1,nan,-1,-1,nan,-1,/data/data/DA25S005/miccai_tbi/MultiTalentV2_finetuning/checkpoints/validation2025_100/ensemble_2_models_e5ohnz5w_tta_ddp_kpcyjb66_tta_hybrid/predicted_lesions/thr0p2_mincc3/scan_0262_pred_lesion.nii.gz
scan_0262,probability_average,none,0.2,5,nan,0.1,0,1,1,0.0,0,nan,-1,nan,-1,nan,-1,-1,nan,-1,/data/data/DA25S005/miccai_tbi/MultiTalentV2_finetuning/checkpoints/validation2025_100/ensemble_2_models_e5ohnz5w_tta_ddp_kpcyjb66_tta_hybrid/predicted_lesions/thr0p2_mincc5/scan_0262_pred_lesion.nii.gz
scan_0262,probability_average,none,0.2,10,nan,0.1,0,1,1,0.0,0,nan,-1,nan,-1,nan,-1,-1,nan,-1,/data/data/DA25S005/miccai_tbi/MultiTalentV2_finetuning/checkpoints/validation2025_100/ensemble_2_models_e5ohnz5w_tta_ddp_kpcyjb66_tta_hybrid/predicted_lesions/thr0p2_mincc10/scan_0262_pred_lesion.nii.gz
scan_0262,probability_average,none,0.2,20,nan,0.1,0,1,1,0.0,0,nan,-1,nan,-1,nan,-1,-1,nan,-1,/data/data/DA25S005/miccai_tbi/MultiTalentV2_finetuning/checkpoints/validation2025_100/ensemble_2_models_e5ohnz5w_tta_ddp_kpcyjb66_tta_hybrid/predicted_lesions/thr0p2_mincc20/scan_0262_pred_lesion.nii.gz
scan_0262,probability_average,none,0.2,40,nan,0.1,0,1,1,0.0,0,nan,-1,nan,-1,nan,-1,-1,nan,-1,/data/data/DA25S005/miccai_tbi/MultiTalentV2_finetuning/checkpoints/validation2025_100/ensemble_2_models_e5ohnz5w_tta_ddp_kpcyjb66_tta_hybrid/predicted_lesions/thr0p2_mincc40/scan_0262_pred_lesion.nii.gz
scan_0262,probability_average,none,0.3,0,nan,0.1,0,1,1,0.0,0,nan,-1,nan,-1,nan,-1,-1,nan,-1,/data/data/DA25S005/miccai_tbi/MultiTalentV2_finetuning/checkpoints/validation2025_100/ensemble_2_models_e5ohnz5w_tta_ddp_kpcyjb66_tta_hybrid/predicted_lesions/thr0p3_mincc0/scan_0262_pred_lesion.nii.gz
scan_0262,probability_average,none,0.3,3,nan,0.1,0,1,1,0.0,0,nan,-1,nan,-1,nan,-1,-1,nan,-1,/data/data/DA25S005/miccai_tbi/MultiTalentV2_finetuning/checkpoints/validation2025_100/ensemble_2_models_e5ohnz5w_tta_ddp_kpcyjb66_tta_hybrid/predicted_lesions/thr0p3_mincc3/scan_0262_pred_lesion.nii.gz
scan_0262,probability_average,none,0.3,5,nan,0.1,0,1,1,0.0,0,nan,-1,nan,-1,nan,-1,-1,nan,-1,/data/data/DA25S005/miccai_tbi/MultiTalentV2_finetuning/checkpoints/validation2025_100/ensemble_2_models_e5ohnz5w_tta_ddp_kpcyjb66_tta_hybrid/predicted_lesions/thr0p3_mincc5/scan_0262_pred_lesion.nii.gz
scan_0262,probability_average,none,0.3,10,nan,0.1,0,1,1,0.0,0,nan,-1,nan,-1,nan,-1,-1,nan,-1,/data/data/DA25S005/miccai_tbi/MultiTalentV2_finetuning/checkpoints/validation2025_100/ensemble_2_models_e5ohnz5w_tta_ddp_kpcyjb66_tta_hybrid/predicted_lesions/thr0p3_mincc10/scan_0262_pred_lesion.nii.gz
scan_0262,probability_average,none,0.3,20,nan,0.1,0,1,1,0.0,0,nan,-1,nan,-1,nan,-1,-1,nan,-1,/data/data/DA25S005/miccai_tbi/MultiTalentV2_finetuning/checkpoints/validation2025_100/ensemble_2_models_e5ohnz5w_tta_ddp_kpcyjb66_tta_hybrid/predicted_lesions/thr0p3_mincc20/scan_0262_pred_lesion.nii.gz
scan_0262,probability_average,none,0.3,40,nan,0.1,0,1,1,0.0,0,nan,-1,nan,-1,nan,-1,-1,nan,-1,/data/data/DA25S005/miccai_tbi/MultiTalentV2_finetuning/checkpoints/validation2025_100/ensemble_2_models_e5ohnz5w_tta_ddp_kpcyjb66_tta_hybrid/predicted_lesions/thr0p3_mincc40/scan_0262_pred_lesion.nii.gz
scan_0262,probability_average,none,0.4,0,nan,0.1,0,1,1,0.0,0,nan,-1,nan,-1,nan,-1,-1,nan,-1,/data/data/DA25S005/miccai_tbi/MultiTalentV2_finetuning/checkpoints/validation2025_100/ensemble_2_models_e5ohnz5w_tta_ddp_kpcyjb66_tta_hybrid/predicted_lesions/thr0p4_mincc0/scan_0262_pred_lesion.nii.gz
scan_0262,probability_average,none,0.4,3,nan,0.1,0,1,1,0.0,0,nan,-1,nan,-1,nan,-1,-1,nan,-1,/data/data/DA25S005/miccai_tbi/MultiTalentV2_finetuning/checkpoints/validation2025_100/ensemble_2_models_e5ohnz5w_tta_ddp_kpcyjb66_tta_hybrid/predicted_lesions/thr0p4_mincc3/scan_0262_pred_lesion.nii.gz
scan_0262,probability_average,none,0.4,5,nan,0.1,0,1,1,0.0,0,nan,-1,nan,-1,nan,-1,-1,nan,-1,/data/data/DA25S005/miccai_tbi/MultiTalentV2_finetuning/checkpoints/validation2025_100/ensemble_2_models_e5ohnz5w_tta_ddp_kpcyjb66_tta_hybrid/predicted_lesions/thr0p4_mincc5/scan_0262_pred_lesion.nii.gz
scan_0262,probability_average,none,0.4,10,nan,0.1,0,1,1,0.0,0,nan,-1,nan,-1,nan,-1,-1,nan,-1,/data/data/DA25S005/miccai_tbi/MultiTalentV2_finetuning/checkpoints/validation2025_100/ensemble_2_models_e5ohnz5w_tta_ddp_kpcyjb66_tta_hybrid/predicted_lesions/thr0p4_mincc10/scan_0262_pred_lesion.nii.gz
scan_0262,probability_average,none,0.4,20,nan,0.1,0,1,1,0.0,0,nan,-1,nan,-1,nan,-1,-1,nan,-1,/data/data/DA25S005/miccai_tbi/MultiTalentV2_finetuning/checkpoints/validation2025_100/ensemble_2_models_e5ohnz5w_tta_ddp_kpcyjb66_tta_hybrid/predicted_lesions/thr0p4_mincc20/scan_0262_pred_lesion.nii.gz
scan_0262,probability_average,none,0.4,40,nan,0.1,0,1,1,0.0,0,nan,-1,nan,-1,nan,-1,-1,nan,-1,/data/data/DA25S005/miccai_tbi/MultiTalentV2_finetuning/checkpoints/validation2025_100/ensemble_2_models_e5ohnz5w_tta_ddp_kpcyjb66_tta_hybrid/predicted_lesions/thr0p4_mincc40/scan_0262_pred_lesion.nii.gz
scan_0262,probability_average,none,0.5,0,nan,0.1,0,1,1,0.0,0,nan,-1,nan,-1,nan,-1,-1,nan,-1,/data/data/DA25S005/miccai_tbi/MultiTalentV2_finetuning/checkpoints/validation2025_100/ensemble_2_models_e5ohnz5w_tta_ddp_kpcyjb66_tta_hybrid/predicted_lesions/thr0p5_mincc0/scan_0262_pred_lesion.nii.gz
scan_0262,probability_average,none,0.5,3,nan,0.1,0,1,1,0.0,0,nan,-1,nan,-1,nan,-1,-1,nan,-1,/data/data/DA25S005/miccai_tbi/MultiTalentV2_finetuning/checkpoints/validation2025_100/ensemble_2_models_e5ohnz5w_tta_ddp_kpcyjb66_tta_hybrid/predicted_lesions/thr0p5_mincc3/scan_0262_pred_lesion.nii.gz
scan_0262,probability_average,none,0.5,5,nan,0.1,0,1,1,0.0,0,nan,-1,nan,-1,nan,-1,-1,nan,-1,/data/data/DA25S005/miccai_tbi/MultiTalentV2_finetuning/checkpoints/validation2025_100/ensemble_2_models_e5ohnz5w_tta_ddp_kpcyjb66_tta_hybrid/predicted_lesions/thr0p5_mincc5/scan_0262_pred_lesion.nii.gz
scan_0262,probability_average,none,0.5,10,nan,0.1,0,1,1,0.0,0,nan,-1,nan,-1,nan,-1,-1,nan,-1,/data/data/DA25S005/miccai_tbi/MultiTalentV2_finetuning/checkpoints/validation2025_100/ensemble_2_models_e5ohnz5w_tta_ddp_kpcyjb66_tta_hybrid/predicted_lesions/thr0p5_mincc10/scan_0262_pred_lesion.nii.gz
scan_0262,probability_average,none,0.5,20,nan,0.1,0,1,1,0.0,0,nan,-1,nan,-1,nan,-1,-1,nan,-1,/data/data/DA25S005/miccai_tbi/MultiTalentV2_finetuning/checkpoints/validation2025_100/ensemble_2_models_e5ohnz5w_tta_ddp_kpcyjb66_tta_hybrid/predicted_lesions/thr0p5_mincc20/scan_0262_pred_lesion.nii.gz
scan_0262,probability_average,none,0.5,40,nan,0.1,0,1,1,0.0,0,nan,-1,nan,-1,nan,-1,-1,nan,-1,/data/data/DA25S005/miccai_tbi/MultiTalentV2_finetuning/checkpoints/validation2025_100/ensemble_2_models_e5ohnz5w_tta_ddp_kpcyjb66_tta_hybrid/predicted_lesions/thr0p5_mincc40/scan_0262_pred_lesion.nii.gz
scan_0263,probability_average,none,0.1,0,nan,0.1,0,1,1,0.0,0,nan,-1,nan,-1,nan,-1,-1,nan,-1,/data/data/DA25S005/miccai_tbi/MultiTalentV2_finetuning/checkpoints/validation2025_100/ensemble_2_models_e5ohnz5w_tta_ddp_kpcyjb66_tta_hybrid/predicted_lesions/thr0p1_mincc0/scan_0263_pred_lesion.nii.gz
scan_0263,probability_average,none,0.1,3,nan,0.1,0,1,1,0.0,0,nan,-1,nan,-1,nan,-1,-1,nan,-1,/data/data/DA25S005/miccai_tbi/MultiTalentV2_finetuning/checkpoints/validation2025_100/ensemble_2_models_e5ohnz5w_tta_ddp_kpcyjb66_tta_hybrid/predicted_lesions/thr0p1_mincc3/scan_0263_pred_lesion.nii.gz
scan_0263,probability_average,none,0.1,5,nan,0.1,0,1,1,0.0,0,nan,-1,nan,-1,nan,-1,-1,nan,-1,/data/data/DA25S005/miccai_tbi/MultiTalentV2_finetuning/checkpoints/validation2025_100/ensemble_2_models_e5ohnz5w_tta_ddp_kpcyjb66_tta_hybrid/predicted_lesions/thr0p1_mincc5/scan_0263_pred_lesion.nii.gz
scan_0263,probability_average,none,0.1,10,nan,0.1,0,1,1,0.0,0,nan,-1,nan,-1,nan,-1,-1,nan,-1,/data/data/DA25S005/miccai_tbi/MultiTalentV2_finetuning/checkpoints/validation2025_100/ensemble_2_models_e5ohnz5w_tta_ddp_kpcyjb66_tta_hybrid/predicted_lesions/thr0p1_mincc10/scan_0263_pred_lesion.nii.gz
scan_0263,probability_average,none,0.1,20,nan,0.1,0,1,1,0.0,0,nan,-1,nan,-1,nan,-1,-1,nan,-1,/data/data/DA25S005/miccai_tbi/MultiTalentV2_finetuning/checkpoints/validation2025_100/ensemble_2_models_e5ohnz5w_tta_ddp_kpcyjb66_tta_hybrid/predicted_lesions/thr0p1_mincc20/scan_0263_pred_lesion.nii.gz
scan_0263,probability_average,none,0.1,40,nan,0.1,0,1,1,0.0,0,nan,-1,nan,-1,nan,-1,-1,nan,-1,/data/data/DA25S005/miccai_tbi/MultiTalentV2_finetuning/checkpoints/validation2025_100/ensemble_2_models_e5ohnz5w_tta_ddp_kpcyjb66_tta_hybrid/predicted_lesions/thr0p1_mincc40/scan_0263_pred_lesion.nii.gz
scan_0263,probability_average,none,0.2,0,nan,0.1,0,1,1,0.0,0,nan,-1,nan,-1,nan,-1,-1,nan,-1,/data/data/DA25S005/miccai_tbi/MultiTalentV2_finetuning/checkpoints/validation2025_100/ensemble_2_models_e5ohnz5w_tta_ddp_kpcyjb66_tta_hybrid/predicted_lesions/thr0p2_mincc0/scan_0263_pred_lesion.nii.gz
scan_0263,probability_average,none,0.2,3,nan,0.1,0,1,1,0.0,0,nan,-1,nan,-1,nan,-1,-1,nan,-1,/data/data/DA25S005/miccai_tbi/MultiTalentV2_finetuning/checkpoints/validation2025_100/ensemble_2_models_e5ohnz5w_tta_ddp_kpcyjb66_tta_hybrid/predicted_lesions/thr0p2_mincc3/scan_0263_pred_lesion.nii.gz
scan_0263,probability_average,none,0.2,5,nan,0.1,0,1,1,0.0,0,nan,-1,nan,-1,nan,-1,-1,nan,-1,/data/data/DA25S005/miccai_tbi/MultiTalentV2_finetuning/checkpoints/validation2025_100/ensemble_2_models_e5ohnz5w_tta_ddp_kpcyjb66_tta_hybrid/predicted_lesions/thr0p2_mincc5/scan_0263_pred_lesion.nii.gz
scan_0263,probability_average,none,0.2,10,nan,0.1,0,1,1,0.0,0,nan,-1,nan,-1,nan,-1,-1,nan,-1,/data/data/DA25S005/miccai_tbi/MultiTalentV2_finetuning/checkpoints/validation2025_100/ensemble_2_models_e5ohnz5w_tta_ddp_kpcyjb66_tta_hybrid/predicted_lesions/thr0p2_mincc10/scan_0263_pred_lesion.nii.gz
scan_0263,probability_average,none,0.2,20,nan,0.1,0,1,1,0.0,0,nan,-1,nan,-1,nan,-1,-1,nan,-1,/data/data/DA25S005/miccai_tbi/MultiTalentV2_finetuning/checkpoints/validation2025_100/ensemble_2_models_e5ohnz5w_tta_ddp_kpcyjb66_tta_hybrid/predicted_lesions/thr0p2_mincc20/scan_0263_pred_lesion.nii.gz
scan_0263,probability_average,none,0.2,40,nan,0.1,0,1,1,0.0,0,nan,-1,nan,-1,nan,-1,-1,nan,-1,/data/data/DA25S005/miccai_tbi/MultiTalentV2_finetuning/checkpoints/validation2025_100/ensemble_2_models_e5ohnz5w_tta_ddp_kpcyjb66_tta_hybrid/predicted_lesions/thr0p2_mincc40/scan_0263_pred_lesion.nii.gz
scan_0263,probability_average,none,0.3,0,nan,0.1,0,1,1,0.0,0,nan,-1,nan,-1,nan,-1,-1,nan,-1,/data/data/DA25S005/miccai_tbi/MultiTalentV2_finetuning/checkpoints/validation2025_100/ensemble_2_models_e5ohnz5w_tta_ddp_kpcyjb66_tta_hybrid/predicted_lesions/thr0p3_mincc0/scan_0263_pred_lesion.nii.gz
scan_0263,probability_average,none,0.3,3,nan,0.1,0,1,1,0.0,0,nan,-1,nan,-1,nan,-1,-1,nan,-1,/data/data/DA25S005/miccai_tbi/MultiTalentV2_finetuning/checkpoints/validation2025_100/ensemble_2_models_e5ohnz5w_tta_ddp_kpcyjb66_tta_hybrid/predicted_lesions/thr0p3_mincc3/scan_0263_pred_lesion.nii.gz
scan_0263,probability_average,none,0.3,5,nan,0.1,0,1,1,0.0,0,nan,-1,nan,-1,nan,-1,-1,nan,-1,/data/data/DA25S005/miccai_tbi/MultiTalentV2_finetuning/checkpoints/validation2025_100/ensemble_2_models_e5ohnz5w_tta_ddp_kpcyjb66_tta_hybrid/predicted_lesions/thr0p3_mincc5/scan_0263_pred_lesion.nii.gz
scan_0263,probability_average,none,0.3,10,nan,0.1,0,1,1,0.0,0,nan,-1,nan,-1,nan,-1,-1,nan,-1,/data/data/DA25S005/miccai_tbi/MultiTalentV2_finetuning/checkpoints/validation2025_100/ensemble_2_models_e5ohnz5w_tta_ddp_kpcyjb66_tta_hybrid/predicted_lesions/thr0p3_mincc10/scan_0263_pred_lesion.nii.gz
scan_0263,probability_average,none,0.3,20,nan,0.1,0,1,1,0.0,0,nan,-1,nan,-1,nan,-1,-1,nan,-1,/data/data/DA25S005/miccai_tbi/MultiTalentV2_finetuning/checkpoints/validation2025_100/ensemble_2_models_e5ohnz5w_tta_ddp_kpcyjb66_tta_hybrid/predicted_lesions/thr0p3_mincc20/scan_0263_pred_lesion.nii.gz
scan_0263,probability_average,none,0.3,40,nan,0.1,0,1,1,0.0,0,nan,-1,nan,-1,nan,-1,-1,nan,-1,/data/data/DA25S005/miccai_tbi/MultiTalentV2_finetuning/checkpoints/validation2025_100/ensemble_2_models_e5ohnz5w_tta_ddp_kpcyjb66_tta_hybrid/predicted_lesions/thr0p3_mincc40/scan_0263_pred_lesion.nii.gz
scan_0263,probability_average,none,0.4,0,nan,0.1,0,1,1,0.0,0,nan,-1,nan,-1,nan,-1,-1,nan,-1,/data/data/DA25S005/miccai_tbi/MultiTalentV2_finetuning/checkpoints/validation2025_100/ensemble_2_models_e5ohnz5w_tta_ddp_kpcyjb66_tta_hybrid/predicted_lesions/thr0p4_mincc0/scan_0263_pred_lesion.nii.gz
scan_0263,probability_average,none,0.4,3,nan,0.1,0,1,1,0.0,0,nan,-1,nan,-1,nan,-1,-1,nan,-1,/data/data/DA25S005/miccai_tbi/MultiTalentV2_finetuning/checkpoints/validation2025_100/ensemble_2_models_e5ohnz5w_tta_ddp_kpcyjb66_tta_hybrid/predicted_lesions/thr0p4_mincc3/scan_0263_pred_lesion.nii.gz
scan_0263,probability_average,none,0.4,5,nan,0.1,0,1,1,0.0,0,nan,-1,nan,-1,nan,-1,-1,nan,-1,/data/data/DA25S005/miccai_tbi/MultiTalentV2_finetuning/checkpoints/validation2025_100/ensemble_2_models_e5ohnz5w_tta_ddp_kpcyjb66_tta_hybrid/predicted_lesions/thr0p4_mincc5/scan_0263_pred_lesion.nii.gz
scan_0263,probability_average,none,0.4,10,nan,0.1,0,1,1,0.0,0,nan,-1,nan,-1,nan,-1,-1,nan,-1,/data/data/DA25S005/miccai_tbi/MultiTalentV2_finetuning/checkpoints/validation2025_100/ensemble_2_models_e5ohnz5w_tta_ddp_kpcyjb66_tta_hybrid/predicted_lesions/thr0p4_mincc10/scan_0263_pred_lesion.nii.gz
scan_0263,probability_average,none,0.4,20,nan,0.1,0,1,1,0.0,0,nan,-1,nan,-1,nan,-1,-1,nan,-1,/data/data/DA25S005/miccai_tbi/MultiTalentV2_finetuning/checkpoints/validation2025_100/ensemble_2_models_e5ohnz5w_tta_ddp_kpcyjb66_tta_hybrid/predicted_lesions/thr0p4_mincc20/scan_0263_pred_lesion.nii.gz
scan_0263,probability_average,none,0.4,40,nan,0.1,0,1,1,0.0,0,nan,-1,nan,-1,nan,-1,-1,nan,-1,/data/data/DA25S005/miccai_tbi/MultiTalentV2_finetuning/checkpoints/validation2025_100/ensemble_2_models_e5ohnz5w_tta_ddp_kpcyjb66_tta_hybrid/predicted_lesions/thr0p4_mincc40/scan_0263_pred_lesion.nii.gz
scan_0263,probability_average,none,0.5,0,nan,0.1,0,1,1,0.0,0,nan,-1,nan,-1,nan,-1,-1,nan,-1,/data/data/DA25S005/miccai_tbi/MultiTalentV2_finetuning/checkpoints/validation2025_100/ensemble_2_models_e5ohnz5w_tta_ddp_kpcyjb66_tta_hybrid/predicted_lesions/thr0p5_mincc0/scan_0263_pred_lesion.nii.gz
scan_0263,probability_average,none,0.5,3,nan,0.1,0,1,1,0.0,0,nan,-1,nan,-1,nan,-1,-1,nan,-1,/data/data/DA25S005/miccai_tbi/MultiTalentV2_finetuning/checkpoints/validation2025_100/ensemble_2_models_e5ohnz5w_tta_ddp_kpcyjb66_tta_hybrid/predicted_lesions/thr0p5_mincc3/scan_0263_pred_lesion.nii.gz
scan_0263,probability_average,none,0.5,5,nan,0.1,0,1,1,0.0,0,nan,-1,nan,-1,nan,-1,-1,nan,-1,/data/data/DA25S005/miccai_tbi/MultiTalentV2_finetuning/checkpoints/validation2025_100/ensemble_2_models_e5ohnz5w_tta_ddp_kpcyjb66_tta_hybrid/predicted_lesions/thr0p5_mincc5/scan_0263_pred_lesion.nii.gz
scan_0263,probability_average,none,0.5,10,nan,0.1,0,1,1,0.0,0,nan,-1,nan,-1,nan,-1,-1,nan,-1,/data/data/DA25S005/miccai_tbi/MultiTalentV2_finetuning/checkpoints/validation2025_100/ensemble_2_models_e5ohnz5w_tta_ddp_kpcyjb66_tta_hybrid/predicted_lesions/thr0p5_mincc10/scan_0263_pred_lesion.nii.gz
scan_0263,probability_average,none,0.5,20,nan,0.1,0,1,1,0.0,0,nan,-1,nan,-1,nan,-1,-1,nan,-1,/data/data/DA25S005/miccai_tbi/MultiTalentV2_finetuning/checkpoints/validation2025_100/ensemble_2_models_e5ohnz5w_tta_ddp_kpcyjb66_tta_hybrid/predicted_lesions/thr0p5_mincc20/scan_0263_pred_lesion.nii.gz
scan_0263,probability_average,none,0.5,40,nan,0.1,0,1,1,0.0,0,nan,-1,nan,-1,nan,-1,-1,nan,-1,/data/data/DA25S005/miccai_tbi/MultiTalentV2_finetuning/checkpoints/validation2025_100/ensemble_2_models_e5ohnz5w_tta_ddp_kpcyjb66_tta_hybrid/predicted_lesions/thr0p5_mincc40/scan_0263_pred_lesion.nii.gz
scan_0265,probability_average,none,0.1,0,nan,0.1,0,1,1,0.0,0,nan,-1,nan,-1,nan,-1,-1,nan,-1,/data/data/DA25S005/miccai_tbi/MultiTalentV2_finetuning/checkpoints/validation2025_100/ensemble_2_models_e5ohnz5w_tta_ddp_kpcyjb66_tta_hybrid/predicted_lesions/thr0p1_mincc0/scan_0265_pred_lesion.nii.gz
scan_0265,probability_average,none,0.1,3,nan,0.1,0,1,1,0.0,0,nan,-1,nan,-1,nan,-1,-1,nan,-1,/data/data/DA25S005/miccai_tbi/MultiTalentV2_finetuning/checkpoints/validation2025_100/ensemble_2_models_e5ohnz5w_tta_ddp_kpcyjb66_tta_hybrid/predicted_lesions/thr0p1_mincc3/scan_0265_pred_lesion.nii.gz
scan_0265,probability_average,none,0.1,5,nan,0.1,0,1,1,0.0,0,nan,-1,nan,-1,nan,-1,-1,nan,-1,/data/data/DA25S005/miccai_tbi/MultiTalentV2_finetuning/checkpoints/validation2025_100/ensemble_2_models_e5ohnz5w_tta_ddp_kpcyjb66_tta_hybrid/predicted_lesions/thr0p1_mincc5/scan_0265_pred_lesion.nii.gz
scan_0265,probability_average,none,0.1,10,nan,0.1,0,1,1,0.0,0,nan,-1,nan,-1,nan,-1,-1,nan,-1,/data/data/DA25S005/miccai_tbi/MultiTalentV2_finetuning/checkpoints/validation2025_100/ensemble_2_models_e5ohnz5w_tta_ddp_kpcyjb66_tta_hybrid/predicted_lesions/thr0p1_mincc10/scan_0265_pred_lesion.nii.gz
scan_0265,probability_average,none,0.1,20,nan,0.1,0,1,1,0.0,0,nan,-1,nan,-1,nan,-1,-1,nan,-1,/data/data/DA25S005/miccai_tbi/MultiTalentV2_finetuning/checkpoints/validation2025_100/ensemble_2_models_e5ohnz5w_tta_ddp_kpcyjb66_tta_hybrid/predicted_lesions/thr0p1_mincc20/scan_0265_pred_lesion.nii.gz
scan_0265,probability_average,none,0.1,40,nan,0.1,0,1,1,0.0,0,nan,-1,nan,-1,nan,-1,-1,nan,-1,/data/data/DA25S005/miccai_tbi/MultiTalentV2_finetuning/checkpoints/validation2025_100/ensemble_2_models_e5ohnz5w_tta_ddp_kpcyjb66_tta_hybrid/predicted_lesions/thr0p1_mincc40/scan_0265_pred_lesion.nii.gz
scan_0265,probability_average,none,0.2,0,nan,0.1,0,1,1,0.0,0,nan,-1,nan,-1,nan,-1,-1,nan,-1,/data/data/DA25S005/miccai_tbi/MultiTalentV2_finetuning/checkpoints/validation2025_100/ensemble_2_models_e5ohnz5w_tta_ddp_kpcyjb66_tta_hybrid/predicted_lesions/thr0p2_mincc0/scan_0265_pred_lesion.nii.gz
scan_0265,probability_average,none,0.2,3,nan,0.1,0,1,1,0.0,0,nan,-1,nan,-1,nan,-1,-1,nan,-1,/data/data/DA25S005/miccai_tbi/MultiTalentV2_finetuning/checkpoints/validation2025_100/ensemble_2_models_e5ohnz5w_tta_ddp_kpcyjb66_tta_hybrid/predicted_lesions/thr0p2_mincc3/scan_0265_pred_lesion.nii.gz
scan_0265,probability_average,none,0.2,5,nan,0.1,0,1,1,0.0,0,nan,-1,nan,-1,nan,-1,-1,nan,-1,/data/data/DA25S005/miccai_tbi/MultiTalentV2_finetuning/checkpoints/validation2025_100/ensemble_2_models_e5ohnz5w_tta_ddp_kpcyjb66_tta_hybrid/predicted_lesions/thr0p2_mincc5/scan_0265_pred_lesion.nii.gz
scan_0265,probability_average,none,0.2,10,nan,0.1,0,1,1,0.0,0,nan,-1,nan,-1,nan,-1,-1,nan,-1,/data/data/DA25S005/miccai_tbi/MultiTalentV2_finetuning/checkpoints/validation2025_100/ensemble_2_models_e5ohnz5w_tta_ddp_kpcyjb66_tta_hybrid/predicted_lesions/thr0p2_mincc10/scan_0265_pred_lesion.nii.gz
scan_0265,probability_average,none,0.2,20,nan,0.1,0,1,1,0.0,0,nan,-1,nan,-1,nan,-1,-1,nan,-1,/data/data/DA25S005/miccai_tbi/MultiTalentV2_finetuning/checkpoints/validation2025_100/ensemble_2_models_e5ohnz5w_tta_ddp_kpcyjb66_tta_hybrid/predicted_lesions/thr0p2_mincc20/scan_0265_pred_lesion.nii.gz
scan_0265,probability_average,none,0.2,40,nan,0.1,0,1,1,0.0,0,nan,-1,nan,-1,nan,-1,-1,nan,-1,/data/data/DA25S005/miccai_tbi/MultiTalentV2_finetuning/checkpoints/validation2025_100/ensemble_2_models_e5ohnz5w_tta_ddp_kpcyjb66_tta_hybrid/predicted_lesions/thr0p2_mincc40/scan_0265_pred_lesion.nii.gz
scan_0265,probability_average,none,0.3,0,nan,0.1,0,1,1,0.0,0,nan,-1,nan,-1,nan,-1,-1,nan,-1,/data/data/DA25S005/miccai_tbi/MultiTalentV2_finetuning/checkpoints/validation2025_100/ensemble_2_models_e5ohnz5w_tta_ddp_kpcyjb66_tta_hybrid/predicted_lesions/thr0p3_mincc0/scan_0265_pred_lesion.nii.gz
scan_0265,probability_average,none,0.3,3,nan,0.1,0,1,1,0.0,0,nan,-1,nan,-1,nan,-1,-1,nan,-1,/data/data/DA25S005/miccai_tbi/MultiTalentV2_finetuning/checkpoints/validation2025_100/ensemble_2_models_e5ohnz5w_tta_ddp_kpcyjb66_tta_hybrid/predicted_lesions/thr0p3_mincc3/scan_0265_pred_lesion.nii.gz
scan_0265,probability_average,none,0.3,5,nan,0.1,0,1,1,0.0,0,nan,-1,nan,-1,nan,-1,-1,nan,-1,/data/data/DA25S005/miccai_tbi/MultiTalentV2_finetuning/checkpoints/validation2025_100/ensemble_2_models_e5ohnz5w_tta_ddp_kpcyjb66_tta_hybrid/predicted_lesions/thr0p3_mincc5/scan_0265_pred_lesion.nii.gz
scan_0265,probability_average,none,0.3,10,nan,0.1,0,1,1,0.0,0,nan,-1,nan,-1,nan,-1,-1,nan,-1,/data/data/DA25S005/miccai_tbi/MultiTalentV2_finetuning/checkpoints/validation2025_100/ensemble_2_models_e5ohnz5w_tta_ddp_kpcyjb66_tta_hybrid/predicted_lesions/thr0p3_mincc10/scan_0265_pred_lesion.nii.gz
scan_0265,probability_average,none,0.3,20,nan,0.1,0,1,1,0.0,0,nan,-1,nan,-1,nan,-1,-1,nan,-1,/data/data/DA25S005/miccai_tbi/MultiTalentV2_finetuning/checkpoints/validation2025_100/ensemble_2_models_e5ohnz5w_tta_ddp_kpcyjb66_tta_hybrid/predicted_lesions/thr0p3_mincc20/scan_0265_pred_lesion.nii.gz
scan_0265,probability_average,none,0.3,40,nan,0.1,0,1,1,0.0,0,nan,-1,nan,-1,nan,-1,-1,nan,-1,/data/data/DA25S005/miccai_tbi/MultiTalentV2_finetuning/checkpoints/validation2025_100/ensemble_2_models_e5ohnz5w_tta_ddp_kpcyjb66_tta_hybrid/predicted_lesions/thr0p3_mincc40/scan_0265_pred_lesion.nii.gz
scan_0265,probability_average,none,0.4,0,nan,0.1,0,1,1,0.0,0,nan,-1,nan,-1,nan,-1,-1,nan,-1,/data/data/DA25S005/miccai_tbi/MultiTalentV2_finetuning/checkpoints/validation2025_100/ensemble_2_models_e5ohnz5w_tta_ddp_kpcyjb66_tta_hybrid/predicted_lesions/thr0p4_mincc0/scan_0265_pred_lesion.nii.gz
scan_0265,probability_average,none,0.4,3,nan,0.1,0,1,1,0.0,0,nan,-1,nan,-1,nan,-1,-1,nan,-1,/data/data/DA25S005/miccai_tbi/MultiTalentV2_finetuning/checkpoints/validation2025_100/ensemble_2_models_e5ohnz5w_tta_ddp_kpcyjb66_tta_hybrid/predicted_lesions/thr0p4_mincc3/scan_0265_pred_lesion.nii.gz
scan_0265,probability_average,none,0.4,5,nan,0.1,0,1,1,0.0,0,nan,-1,nan,-1,nan,-1,-1,nan,-1,/data/data/DA25S005/miccai_tbi/MultiTalentV2_finetuning/checkpoints/validation2025_100/ensemble_2_models_e5ohnz5w_tta_ddp_kpcyjb66_tta_hybrid/predicted_lesions/thr0p4_mincc5/scan_0265_pred_lesion.nii.gz
scan_0265,probability_average,none,0.4,10,nan,0.1,0,1,1,0.0,0,nan,-1,nan,-1,nan,-1,-1,nan,-1,/data/data/DA25S005/miccai_tbi/MultiTalentV2_finetuning/checkpoints/validation2025_100/ensemble_2_models_e5ohnz5w_tta_ddp_kpcyjb66_tta_hybrid/predicted_lesions/thr0p4_mincc10/scan_0265_pred_lesion.nii.gz
scan_0265,probability_average,none,0.4,20,nan,0.1,0,1,1,0.0,0,nan,-1,nan,-1,nan,-1,-1,nan,-1,/data/data/DA25S005/miccai_tbi/MultiTalentV2_finetuning/checkpoints/validation2025_100/ensemble_2_models_e5ohnz5w_tta_ddp_kpcyjb66_tta_hybrid/predicted_lesions/thr0p4_mincc20/scan_0265_pred_lesion.nii.gz
scan_0265,probability_average,none,0.4,40,nan,0.1,0,1,1,0.0,0,nan,-1,nan,-1,nan,-1,-1,nan,-1,/data/data/DA25S005/miccai_tbi/MultiTalentV2_finetuning/checkpoints/validation2025_100/ensemble_2_models_e5ohnz5w_tta_ddp_kpcyjb66_tta_hybrid/predicted_lesions/thr0p4_mincc40/scan_0265_pred_lesion.nii.gz
scan_0265,probability_average,none,0.5,0,nan,0.1,0,1,1,0.0,0,nan,-1,nan,-1,nan,-1,-1,nan,-1,/data/data/DA25S005/miccai_tbi/MultiTalentV2_finetuning/checkpoints/validation2025_100/ensemble_2_models_e5ohnz5w_tta_ddp_kpcyjb66_tta_hybrid/predicted_lesions/thr0p5_mincc0/scan_0265_pred_lesion.nii.gz
scan_0265,probability_average,none,0.5,3,nan,0.1,0,1,1,0.0,0,nan,-1,nan,-1,nan,-1,-1,nan,-1,/data/data/DA25S005/miccai_tbi/MultiTalentV2_finetuning/checkpoints/validation2025_100/ensemble_2_models_e5ohnz5w_tta_ddp_kpcyjb66_tta_hybrid/predicted_lesions/thr0p5_mincc3/scan_0265_pred_lesion.nii.gz
scan_0265,probability_average,none,0.5,5,nan,0.1,0,1,1,0.0,0,nan,-1,nan,-1,nan,-1,-1,nan,-1,/data/data/DA25S005/miccai_tbi/MultiTalentV2_finetuning/checkpoints/validation2025_100/ensemble_2_models_e5ohnz5w_tta_ddp_kpcyjb66_tta_hybrid/predicted_lesions/thr0p5_mincc5/scan_0265_pred_lesion.nii.gz
scan_0265,probability_average,none,0.5,10,nan,0.1,0,1,1,0.0,0,nan,-1,nan,-1,nan,-1,-1,nan,-1,/data/data/DA25S005/miccai_tbi/MultiTalentV2_finetuning/checkpoints/validation2025_100/ensemble_2_models_e5ohnz5w_tta_ddp_kpcyjb66_tta_hybrid/predicted_lesions/thr0p5_mincc10/scan_0265_pred_lesion.nii.gz
scan_0265,probability_average,none,0.5,20,nan,0.1,0,1,1,0.0,0,nan,-1,nan,-1,nan,-1,-1,nan,-1,/data/data/DA25S005/miccai_tbi/MultiTalentV2_finetuning/checkpoints/validation2025_100/ensemble_2_models_e5ohnz5w_tta_ddp_kpcyjb66_tta_hybrid/predicted_lesions/thr0p5_mincc20/scan_0265_pred_lesion.nii.gz
scan_0265,probability_average,none,0.5,40,nan,0.1,0,1,1,0.0,0,nan,-1,nan,-1,nan,-1,-1,nan,-1,/data/data/DA25S005/miccai_tbi/MultiTalentV2_finetuning/checkpoints/validation2025_100/ensemble_2_models_e5ohnz5w_tta_ddp_kpcyjb66_tta_hybrid/predicted_lesions/thr0p5_mincc40/scan_0265_pred_lesion.nii.gz
scan_0266,probability_average,none,0.1,0,nan,0.1,0,1,1,0.0,0,nan,-1,nan,-1,nan,-1,-1,nan,-1,/data/data/DA25S005/miccai_tbi/MultiTalentV2_finetuning/checkpoints/validation2025_100/ensemble_2_models_e5ohnz5w_tta_ddp_kpcyjb66_tta_hybrid/predicted_lesions/thr0p1_mincc0/scan_0266_pred_lesion.nii.gz
scan_0266,probability_average,none,0.1,3,nan,0.1,0,1,1,0.0,0,nan,-1,nan,-1,nan,-1,-1,nan,-1,/data/data/DA25S005/miccai_tbi/MultiTalentV2_finetuning/checkpoints/validation2025_100/ensemble_2_models_e5ohnz5w_tta_ddp_kpcyjb66_tta_hybrid/predicted_lesions/thr0p1_mincc3/scan_0266_pred_lesion.nii.gz
scan_0266,probability_average,none,0.1,5,nan,0.1,0,1,1,0.0,0,nan,-1,nan,-1,nan,-1,-1,nan,-1,/data/data/DA25S005/miccai_tbi/MultiTalentV2_finetuning/checkpoints/validation2025_100/ensemble_2_models_e5ohnz5w_tta_ddp_kpcyjb66_tta_hybrid/predicted_lesions/thr0p1_mincc5/scan_0266_pred_lesion.nii.gz
scan_0266,probability_average,none,0.1,10,nan,0.1,0,1,1,0.0,0,nan,-1,nan,-1,nan,-1,-1,nan,-1,/data/data/DA25S005/miccai_tbi/MultiTalentV2_finetuning/checkpoints/validation2025_100/ensemble_2_models_e5ohnz5w_tta_ddp_kpcyjb66_tta_hybrid/predicted_lesions/thr0p1_mincc10/scan_0266_pred_lesion.nii.gz
scan_0266,probability_average,none,0.1,20,nan,0.1,0,1,1,0.0,0,nan,-1,nan,-1,nan,-1,-1,nan,-1,/data/data/DA25S005/miccai_tbi/MultiTalentV2_finetuning/checkpoints/validation2025_100/ensemble_2_models_e5ohnz5w_tta_ddp_kpcyjb66_tta_hybrid/predicted_lesions/thr0p1_mincc20/scan_0266_pred_lesion.nii.gz
scan_0266,probability_average,none,0.1,40,nan,0.1,0,1,1,0.0,0,nan,-1,nan,-1,nan,-1,-1,nan,-1,/data/data/DA25S005/miccai_tbi/MultiTalentV2_finetuning/checkpoints/validation2025_100/ensemble_2_models_e5ohnz5w_tta_ddp_kpcyjb66_tta_hybrid/predicted_lesions/thr0p1_mincc40/scan_0266_pred_lesion.nii.gz
scan_0266,probability_average,none,0.2,0,nan,0.1,0,1,1,0.0,0,nan,-1,nan,-1,nan,-1,-1,nan,-1,/data/data/DA25S005/miccai_tbi/MultiTalentV2_finetuning/checkpoints/validation2025_100/ensemble_2_models_e5ohnz5w_tta_ddp_kpcyjb66_tta_hybrid/predicted_lesions/thr0p2_mincc0/scan_0266_pred_lesion.nii.gz
scan_0266,probability_average,none,0.2,3,nan,0.1,0,1,1,0.0,0,nan,-1,nan,-1,nan,-1,-1,nan,-1,/data/data/DA25S005/miccai_tbi/MultiTalentV2_finetuning/checkpoints/validation2025_100/ensemble_2_models_e5ohnz5w_tta_ddp_kpcyjb66_tta_hybrid/predicted_lesions/thr0p2_mincc3/scan_0266_pred_lesion.nii.gz
scan_0266,probability_average,none,0.2,5,nan,0.1,0,1,1,0.0,0,nan,-1,nan,-1,nan,-1,-1,nan,-1,/data/data/DA25S005/miccai_tbi/MultiTalentV2_finetuning/checkpoints/validation2025_100/ensemble_2_models_e5ohnz5w_tta_ddp_kpcyjb66_tta_hybrid/predicted_lesions/thr0p2_mincc5/scan_0266_pred_lesion.nii.gz
scan_0266,probability_average,none,0.2,10,nan,0.1,0,1,1,0.0,0,nan,-1,nan,-1,nan,-1,-1,nan,-1,/data/data/DA25S005/miccai_tbi/MultiTalentV2_finetuning/checkpoints/validation2025_100/ensemble_2_models_e5ohnz5w_tta_ddp_kpcyjb66_tta_hybrid/predicted_lesions/thr0p2_mincc10/scan_0266_pred_lesion.nii.gz
scan_0266,probability_average,none,0.2,20,nan,0.1,0,1,1,0.0,0,nan,-1,nan,-1,nan,-1,-1,nan,-1,/data/data/DA25S005/miccai_tbi/MultiTalentV2_finetuning/checkpoints/validation2025_100/ensemble_2_models_e5ohnz5w_tta_ddp_kpcyjb66_tta_hybrid/predicted_lesions/thr0p2_mincc20/scan_0266_pred_lesion.nii.gz
scan_0266,probability_average,none,0.2,40,nan,0.1,0,1,1,0.0,0,nan,-1,nan,-1,nan,-1,-1,nan,-1,/data/data/DA25S005/miccai_tbi/MultiTalentV2_finetuning/checkpoints/validation2025_100/ensemble_2_models_e5ohnz5w_tta_ddp_kpcyjb66_tta_hybrid/predicted_lesions/thr0p2_mincc40/scan_0266_pred_lesion.nii.gz
scan_0266,probability_average,none,0.3,0,nan,0.1,0,1,1,0.0,0,nan,-1,nan,-1,nan,-1,-1,nan,-1,/data/data/DA25S005/miccai_tbi/MultiTalentV2_finetuning/checkpoints/validation2025_100/ensemble_2_models_e5ohnz5w_tta_ddp_kpcyjb66_tta_hybrid/predicted_lesions/thr0p3_mincc0/scan_0266_pred_lesion.nii.gz
scan_0266,probability_average,none,0.3,3,nan,0.1,0,1,1,0.0,0,nan,-1,nan,-1,nan,-1,-1,nan,-1,/data/data/DA25S005/miccai_tbi/MultiTalentV2_finetuning/checkpoints/validation2025_100/ensemble_2_models_e5ohnz5w_tta_ddp_kpcyjb66_tta_hybrid/predicted_lesions/thr0p3_mincc3/scan_0266_pred_lesion.nii.gz
scan_0266,probability_average,none,0.3,5,nan,0.1,0,1,1,0.0,0,nan,-1,nan,-1,nan,-1,-1,nan,-1,/data/data/DA25S005/miccai_tbi/MultiTalentV2_finetuning/checkpoints/validation2025_100/ensemble_2_models_e5ohnz5w_tta_ddp_kpcyjb66_tta_hybrid/predicted_lesions/thr0p3_mincc5/scan_0266_pred_lesion.nii.gz
scan_0266,probability_average,none,0.3,10,nan,0.1,0,1,1,0.0,0,nan,-1,nan,-1,nan,-1,-1,nan,-1,/data/data/DA25S005/miccai_tbi/MultiTalentV2_finetuning/checkpoints/validation2025_100/ensemble_2_models_e5ohnz5w_tta_ddp_kpcyjb66_tta_hybrid/predicted_lesions/thr0p3_mincc10/scan_0266_pred_lesion.nii.gz
scan_0266,probability_average,none,0.3,20,nan,0.1,0,1,1,0.0,0,nan,-1,nan,-1,nan,-1,-1,nan,-1,/data/data/DA25S005/miccai_tbi/MultiTalentV2_finetuning/checkpoints/validation2025_100/ensemble_2_models_e5ohnz5w_tta_ddp_kpcyjb66_tta_hybrid/predicted_lesions/thr0p3_mincc20/scan_0266_pred_lesion.nii.gz
scan_0266,probability_average,none,0.3,40,nan,0.1,0,1,1,0.0,0,nan,-1,nan,-1,nan,-1,-1,nan,-1,/data/data/DA25S005/miccai_tbi/MultiTalentV2_finetuning/checkpoints/validation2025_100/ensemble_2_models_e5ohnz5w_tta_ddp_kpcyjb66_tta_hybrid/predicted_lesions/thr0p3_mincc40/scan_0266_pred_lesion.nii.gz
scan_0266,probability_average,none,0.4,0,nan,0.1,0,1,1,0.0,0,nan,-1,nan,-1,nan,-1,-1,nan,-1,/data/data/DA25S005/miccai_tbi/MultiTalentV2_finetuning/checkpoints/validation2025_100/ensemble_2_models_e5ohnz5w_tta_ddp_kpcyjb66_tta_hybrid/predicted_lesions/thr0p4_mincc0/scan_0266_pred_lesion.nii.gz
scan_0266,probability_average,none,0.4,3,nan,0.1,0,1,1,0.0,0,nan,-1,nan,-1,nan,-1,-1,nan,-1,/data/data/DA25S005/miccai_tbi/MultiTalentV2_finetuning/checkpoints/validation2025_100/ensemble_2_models_e5ohnz5w_tta_ddp_kpcyjb66_tta_hybrid/predicted_lesions/thr0p4_mincc3/scan_0266_pred_lesion.nii.gz
scan_0266,probability_average,none,0.4,5,nan,0.1,0,1,1,0.0,0,nan,-1,nan,-1,nan,-1,-1,nan,-1,/data/data/DA25S005/miccai_tbi/MultiTalentV2_finetuning/checkpoints/validation2025_100/ensemble_2_models_e5ohnz5w_tta_ddp_kpcyjb66_tta_hybrid/predicted_lesions/thr0p4_mincc5/scan_0266_pred_lesion.nii.gz
scan_0266,probability_average,none,0.4,10,nan,0.1,0,1,1,0.0,0,nan,-1,nan,-1,nan,-1,-1,nan,-1,/data/data/DA25S005/miccai_tbi/MultiTalentV2_finetuning/checkpoints/validation2025_100/ensemble_2_models_e5ohnz5w_tta_ddp_kpcyjb66_tta_hybrid/predicted_lesions/thr0p4_mincc10/scan_0266_pred_lesion.nii.gz
scan_0266,probability_average,none,0.4,20,nan,0.1,0,1,1,0.0,0,nan,-1,nan,-1,nan,-1,-1,nan,-1,/data/data/DA25S005/miccai_tbi/MultiTalentV2_finetuning/checkpoints/validation2025_100/ensemble_2_models_e5ohnz5w_tta_ddp_kpcyjb66_tta_hybrid/predicted_lesions/thr0p4_mincc20/scan_0266_pred_lesion.nii.gz
scan_0266,probability_average,none,0.4,40,nan,0.1,0,1,1,0.0,0,nan,-1,nan,-1,nan,-1,-1,nan,-1,/data/data/DA25S005/miccai_tbi/MultiTalentV2_finetuning/checkpoints/validation2025_100/ensemble_2_models_e5ohnz5w_tta_ddp_kpcyjb66_tta_hybrid/predicted_lesions/thr0p4_mincc40/scan_0266_pred_lesion.nii.gz
scan_0266,probability_average,none,0.5,0,nan,0.1,0,1,1,0.0,0,nan,-1,nan,-1,nan,-1,-1,nan,-1,/data/data/DA25S005/miccai_tbi/MultiTalentV2_finetuning/checkpoints/validation2025_100/ensemble_2_models_e5ohnz5w_tta_ddp_kpcyjb66_tta_hybrid/predicted_lesions/thr0p5_mincc0/scan_0266_pred_lesion.nii.gz
scan_0266,probability_average,none,0.5,3,nan,0.1,0,1,1,0.0,0,nan,-1,nan,-1,nan,-1,-1,nan,-1,/data/data/DA25S005/miccai_tbi/MultiTalentV2_finetuning/checkpoints/validation2025_100/ensemble_2_models_e5ohnz5w_tta_ddp_kpcyjb66_tta_hybrid/predicted_lesions/thr0p5_mincc3/scan_0266_pred_lesion.nii.gz
scan_0266,probability_average,none,0.5,5,nan,0.1,0,1,1,0.0,0,nan,-1,nan,-1,nan,-1,-1,nan,-1,/data/data/DA25S005/miccai_tbi/MultiTalentV2_finetuning/checkpoints/validation2025_100/ensemble_2_models_e5ohnz5w_tta_ddp_kpcyjb66_tta_hybrid/predicted_lesions/thr0p5_mincc5/scan_0266_pred_lesion.nii.gz
scan_0266,probability_average,none,0.5,10,nan,0.1,0,1,1,0.0,0,nan,-1,nan,-1,nan,-1,-1,nan,-1,/data/data/DA25S005/miccai_tbi/MultiTalentV2_finetuning/checkpoints/validation2025_100/ensemble_2_models_e5ohnz5w_tta_ddp_kpcyjb66_tta_hybrid/predicted_lesions/thr0p5_mincc10/scan_0266_pred_lesion.nii.gz
scan_0266,probability_average,none,0.5,20,nan,0.1,0,1,1,0.0,0,nan,-1,nan,-1,nan,-1,-1,nan,-1,/data/data/DA25S005/miccai_tbi/MultiTalentV2_finetuning/checkpoints/validation2025_100/ensemble_2_models_e5ohnz5w_tta_ddp_kpcyjb66_tta_hybrid/predicted_lesions/thr0p5_mincc20/scan_0266_pred_lesion.nii.gz
scan_0266,probability_average,none,0.5,40,nan,0.1,0,1,1,0.0,0,nan,-1,nan,-1,nan,-1,-1,nan,-1,/data/data/DA25S005/miccai_tbi/MultiTalentV2_finetuning/checkpoints/validation2025_100/ensemble_2_models_e5ohnz5w_tta_ddp_kpcyjb66_tta_hybrid/predicted_lesions/thr0p5_mincc40/scan_0266_pred_lesion.nii.gz
scan_0268,probability_average,none,0.1,0,nan,0.1,0,1,1,0.0,0,nan,-1,nan,-1,nan,-1,-1,nan,-1,/data/data/DA25S005/miccai_tbi/MultiTalentV2_finetuning/checkpoints/validation2025_100/ensemble_2_models_e5ohnz5w_tta_ddp_kpcyjb66_tta_hybrid/predicted_lesions/thr0p1_mincc0/scan_0268_pred_lesion.nii.gz
scan_0268,probability_average,none,0.1,3,nan,0.1,0,1,1,0.0,0,nan,-1,nan,-1,nan,-1,-1,nan,-1,/data/data/DA25S005/miccai_tbi/MultiTalentV2_finetuning/checkpoints/validation2025_100/ensemble_2_models_e5ohnz5w_tta_ddp_kpcyjb66_tta_hybrid/predicted_lesions/thr0p1_mincc3/scan_0268_pred_lesion.nii.gz
scan_0268,probability_average,none,0.1,5,nan,0.1,0,1,1,0.0,0,nan,-1,nan,-1,nan,-1,-1,nan,-1,/data/data/DA25S005/miccai_tbi/MultiTalentV2_finetuning/checkpoints/validation2025_100/ensemble_2_models_e5ohnz5w_tta_ddp_kpcyjb66_tta_hybrid/predicted_lesions/thr0p1_mincc5/scan_0268_pred_lesion.nii.gz
scan_0268,probability_average,none,0.1,10,nan,0.1,0,1,1,0.0,0,nan,-1,nan,-1,nan,-1,-1,nan,-1,/data/data/DA25S005/miccai_tbi/MultiTalentV2_finetuning/checkpoints/validation2025_100/ensemble_2_models_e5ohnz5w_tta_ddp_kpcyjb66_tta_hybrid/predicted_lesions/thr0p1_mincc10/scan_0268_pred_lesion.nii.gz
scan_0268,probability_average,none,0.1,20,nan,0.1,0,1,1,0.0,0,nan,-1,nan,-1,nan,-1,-1,nan,-1,/data/data/DA25S005/miccai_tbi/MultiTalentV2_finetuning/checkpoints/validation2025_100/ensemble_2_models_e5ohnz5w_tta_ddp_kpcyjb66_tta_hybrid/predicted_lesions/thr0p1_mincc20/scan_0268_pred_lesion.nii.gz
scan_0268,probability_average,none,0.1,40,nan,0.1,0,1,1,0.0,0,nan,-1,nan,-1,nan,-1,-1,nan,-1,/data/data/DA25S005/miccai_tbi/MultiTalentV2_finetuning/checkpoints/validation2025_100/ensemble_2_models_e5ohnz5w_tta_ddp_kpcyjb66_tta_hybrid/predicted_lesions/thr0p1_mincc40/scan_0268_pred_lesion.nii.gz
scan_0268,probability_average,none,0.2,0,nan,0.1,0,1,1,0.0,0,nan,-1,nan,-1,nan,-1,-1,nan,-1,/data/data/DA25S005/miccai_tbi/MultiTalentV2_finetuning/checkpoints/validation2025_100/ensemble_2_models_e5ohnz5w_tta_ddp_kpcyjb66_tta_hybrid/predicted_lesions/thr0p2_mincc0/scan_0268_pred_lesion.nii.gz
scan_0268,probability_average,none,0.2,3,nan,0.1,0,1,1,0.0,0,nan,-1,nan,-1,nan,-1,-1,nan,-1,/data/data/DA25S005/miccai_tbi/MultiTalentV2_finetuning/checkpoints/validation2025_100/ensemble_2_models_e5ohnz5w_tta_ddp_kpcyjb66_tta_hybrid/predicted_lesions/thr0p2_mincc3/scan_0268_pred_lesion.nii.gz
scan_0268,probability_average,none,0.2,5,nan,0.1,0,1,1,0.0,0,nan,-1,nan,-1,nan,-1,-1,nan,-1,/data/data/DA25S005/miccai_tbi/MultiTalentV2_finetuning/checkpoints/validation2025_100/ensemble_2_models_e5ohnz5w_tta_ddp_kpcyjb66_tta_hybrid/predicted_lesions/thr0p2_mincc5/scan_0268_pred_lesion.nii.gz
scan_0268,probability_average,none,0.2,10,nan,0.1,0,1,1,0.0,0,nan,-1,nan,-1,nan,-1,-1,nan,-1,/data/data/DA25S005/miccai_tbi/MultiTalentV2_finetuning/checkpoints/validation2025_100/ensemble_2_models_e5ohnz5w_tta_ddp_kpcyjb66_tta_hybrid/predicted_lesions/thr0p2_mincc10/scan_0268_pred_lesion.nii.gz
scan_0268,probability_average,none,0.2,20,nan,0.1,0,1,1,0.0,0,nan,-1,nan,-1,nan,-1,-1,nan,-1,/data/data/DA25S005/miccai_tbi/MultiTalentV2_finetuning/checkpoints/validation2025_100/ensemble_2_models_e5ohnz5w_tta_ddp_kpcyjb66_tta_hybrid/predicted_lesions/thr0p2_mincc20/scan_0268_pred_lesion.nii.gz
scan_0268,probability_average,none,0.2,40,nan,0.1,0,1,1,0.0,0,nan,-1,nan,-1,nan,-1,-1,nan,-1,/data/data/DA25S005/miccai_tbi/MultiTalentV2_finetuning/checkpoints/validation2025_100/ensemble_2_models_e5ohnz5w_tta_ddp_kpcyjb66_tta_hybrid/predicted_lesions/thr0p2_mincc40/scan_0268_pred_lesion.nii.gz
scan_0268,probability_average,none,0.3,0,nan,0.1,0,1,1,0.0,0,nan,-1,nan,-1,nan,-1,-1,nan,-1,/data/data/DA25S005/miccai_tbi/MultiTalentV2_finetuning/checkpoints/validation2025_100/ensemble_2_models_e5ohnz5w_tta_ddp_kpcyjb66_tta_hybrid/predicted_lesions/thr0p3_mincc0/scan_0268_pred_lesion.nii.gz
scan_0268,probability_average,none,0.3,3,nan,0.1,0,1,1,0.0,0,nan,-1,nan,-1,nan,-1,-1,nan,-1,/data/data/DA25S005/miccai_tbi/MultiTalentV2_finetuning/checkpoints/validation2025_100/ensemble_2_models_e5ohnz5w_tta_ddp_kpcyjb66_tta_hybrid/predicted_lesions/thr0p3_mincc3/scan_0268_pred_lesion.nii.gz
scan_0268,probability_average,none,0.3,5,nan,0.1,0,1,1,0.0,0,nan,-1,nan,-1,nan,-1,-1,nan,-1,/data/data/DA25S005/miccai_tbi/MultiTalentV2_finetuning/checkpoints/validation2025_100/ensemble_2_models_e5ohnz5w_tta_ddp_kpcyjb66_tta_hybrid/predicted_lesions/thr0p3_mincc5/scan_0268_pred_lesion.nii.gz
scan_0268,probability_average,none,0.3,10,nan,0.1,0,1,1,0.0,0,nan,-1,nan,-1,nan,-1,-1,nan,-1,/data/data/DA25S005/miccai_tbi/MultiTalentV2_finetuning/checkpoints/validation2025_100/ensemble_2_models_e5ohnz5w_tta_ddp_kpcyjb66_tta_hybrid/predicted_lesions/thr0p3_mincc10/scan_0268_pred_lesion.nii.gz
scan_0268,probability_average,none,0.3,20,nan,0.1,0,1,1,0.0,0,nan,-1,nan,-1,nan,-1,-1,nan,-1,/data/data/DA25S005/miccai_tbi/MultiTalentV2_finetuning/checkpoints/validation2025_100/ensemble_2_models_e5ohnz5w_tta_ddp_kpcyjb66_tta_hybrid/predicted_lesions/thr0p3_mincc20/scan_0268_pred_lesion.nii.gz
scan_0268,probability_average,none,0.3,40,nan,0.1,0,1,1,0.0,0,nan,-1,nan,-1,nan,-1,-1,nan,-1,/data/data/DA25S005/miccai_tbi/MultiTalentV2_finetuning/checkpoints/validation2025_100/ensemble_2_models_e5ohnz5w_tta_ddp_kpcyjb66_tta_hybrid/predicted_lesions/thr0p3_mincc40/scan_0268_pred_lesion.nii.gz
scan_0268,probability_average,none,0.4,0,nan,0.1,0,1,1,0.0,0,nan,-1,nan,-1,nan,-1,-1,nan,-1,/data/data/DA25S005/miccai_tbi/MultiTalentV2_finetuning/checkpoints/validation2025_100/ensemble_2_models_e5ohnz5w_tta_ddp_kpcyjb66_tta_hybrid/predicted_lesions/thr0p4_mincc0/scan_0268_pred_lesion.nii.gz
scan_0268,probability_average,none,0.4,3,nan,0.1,0,1,1,0.0,0,nan,-1,nan,-1,nan,-1,-1,nan,-1,/data/data/DA25S005/miccai_tbi/MultiTalentV2_finetuning/checkpoints/validation2025_100/ensemble_2_models_e5ohnz5w_tta_ddp_kpcyjb66_tta_hybrid/predicted_lesions/thr0p4_mincc3/scan_0268_pred_lesion.nii.gz
scan_0268,probability_average,none,0.4,5,nan,0.1,0,1,1,0.0,0,nan,-1,nan,-1,nan,-1,-1,nan,-1,/data/data/DA25S005/miccai_tbi/MultiTalentV2_finetuning/checkpoints/validation2025_100/ensemble_2_models_e5ohnz5w_tta_ddp_kpcyjb66_tta_hybrid/predicted_lesions/thr0p4_mincc5/scan_0268_pred_lesion.nii.gz
scan_0268,probability_average,none,0.4,10,nan,0.1,0,1,1,0.0,0,nan,-1,nan,-1,nan,-1,-1,nan,-1,/data/data/DA25S005/miccai_tbi/MultiTalentV2_finetuning/checkpoints/validation2025_100/ensemble_2_models_e5ohnz5w_tta_ddp_kpcyjb66_tta_hybrid/predicted_lesions/thr0p4_mincc10/scan_0268_pred_lesion.nii.gz
scan_0268,probability_average,none,0.4,20,nan,0.1,0,1,1,0.0,0,nan,-1,nan,-1,nan,-1,-1,nan,-1,/data/data/DA25S005/miccai_tbi/MultiTalentV2_finetuning/checkpoints/validation2025_100/ensemble_2_models_e5ohnz5w_tta_ddp_kpcyjb66_tta_hybrid/predicted_lesions/thr0p4_mincc20/scan_0268_pred_lesion.nii.gz
scan_0268,probability_average,none,0.4,40,nan,0.1,0,1,1,0.0,0,nan,-1,nan,-1,nan,-1,-1,nan,-1,/data/data/DA25S005/miccai_tbi/MultiTalentV2_finetuning/checkpoints/validation2025_100/ensemble_2_models_e5ohnz5w_tta_ddp_kpcyjb66_tta_hybrid/predicted_lesions/thr0p4_mincc40/scan_0268_pred_lesion.nii.gz
scan_0268,probability_average,none,0.5,0,nan,0.1,0,1,1,0.0,0,nan,-1,nan,-1,nan,-1,-1,nan,-1,/data/data/DA25S005/miccai_tbi/MultiTalentV2_finetuning/checkpoints/validation2025_100/ensemble_2_models_e5ohnz5w_tta_ddp_kpcyjb66_tta_hybrid/predicted_lesions/thr0p5_mincc0/scan_0268_pred_lesion.nii.gz
scan_0268,probability_average,none,0.5,3,nan,0.1,0,1,1,0.0,0,nan,-1,nan,-1,nan,-1,-1,nan,-1,/data/data/DA25S005/miccai_tbi/MultiTalentV2_finetuning/checkpoints/validation2025_100/ensemble_2_models_e5ohnz5w_tta_ddp_kpcyjb66_tta_hybrid/predicted_lesions/thr0p5_mincc3/scan_0268_pred_lesion.nii.gz
scan_0268,probability_average,none,0.5,5,nan,0.1,0,1,1,0.0,0,nan,-1,nan,-1,nan,-1,-1,nan,-1,/data/data/DA25S005/miccai_tbi/MultiTalentV2_finetuning/checkpoints/validation2025_100/ensemble_2_models_e5ohnz5w_tta_ddp_kpcyjb66_tta_hybrid/predicted_lesions/thr0p5_mincc5/scan_0268_pred_lesion.nii.gz
scan_0268,probability_average,none,0.5,10,nan,0.1,0,1,1,0.0,0,nan,-1,nan,-1,nan,-1,-1,nan,-1,/data/data/DA25S005/miccai_tbi/MultiTalentV2_finetuning/checkpoints/validation2025_100/ensemble_2_models_e5ohnz5w_tta_ddp_kpcyjb66_tta_hybrid/predicted_lesions/thr0p5_mincc10/scan_0268_pred_lesion.nii.gz
scan_0268,probability_average,none,0.5,20,nan,0.1,0,1,1,0.0,0,nan,-1,nan,-1,nan,-1,-1,nan,-1,/data/data/DA25S005/miccai_tbi/MultiTalentV2_finetuning/checkpoints/validation2025_100/ensemble_2_models_e5ohnz5w_tta_ddp_kpcyjb66_tta_hybrid/predicted_lesions/thr0p5_mincc20/scan_0268_pred_lesion.nii.gz
scan_0268,probability_average,none,0.5,40,nan,0.1,0,1,1,0.0,0,nan,-1,nan,-1,nan,-1,-1,nan,-1,/data/data/DA25S005/miccai_tbi/MultiTalentV2_finetuning/checkpoints/validation2025_100/ensemble_2_models_e5ohnz5w_tta_ddp_kpcyjb66_tta_hybrid/predicted_lesions/thr0p5_mincc40/scan_0268_pred_lesion.nii.gz
scan_0274,probability_average,none,0.1,0,nan,0.1,0,1,1,0.0,0,nan,-1,nan,-1,nan,-1,-1,nan,-1,/data/data/DA25S005/miccai_tbi/MultiTalentV2_finetuning/checkpoints/validation2025_100/ensemble_2_models_e5ohnz5w_tta_ddp_kpcyjb66_tta_hybrid/predicted_lesions/thr0p1_mincc0/scan_0274_pred_lesion.nii.gz
scan_0274,probability_average,none,0.1,3,nan,0.1,0,1,1,0.0,0,nan,-1,nan,-1,nan,-1,-1,nan,-1,/data/data/DA25S005/miccai_tbi/MultiTalentV2_finetuning/checkpoints/validation2025_100/ensemble_2_models_e5ohnz5w_tta_ddp_kpcyjb66_tta_hybrid/predicted_lesions/thr0p1_mincc3/scan_0274_pred_lesion.nii.gz
scan_0274,probability_average,none,0.1,5,nan,0.1,0,1,1,0.0,0,nan,-1,nan,-1,nan,-1,-1,nan,-1,/data/data/DA25S005/miccai_tbi/MultiTalentV2_finetuning/checkpoints/validation2025_100/ensemble_2_models_e5ohnz5w_tta_ddp_kpcyjb66_tta_hybrid/predicted_lesions/thr0p1_mincc5/scan_0274_pred_lesion.nii.gz
scan_0274,probability_average,none,0.1,10,nan,0.1,0,1,1,0.0,0,nan,-1,nan,-1,nan,-1,-1,nan,-1,/data/data/DA25S005/miccai_tbi/MultiTalentV2_finetuning/checkpoints/validation2025_100/ensemble_2_models_e5ohnz5w_tta_ddp_kpcyjb66_tta_hybrid/predicted_lesions/thr0p1_mincc10/scan_0274_pred_lesion.nii.gz
scan_0274,probability_average,none,0.1,20,nan,0.1,0,1,1,0.0,0,nan,-1,nan,-1,nan,-1,-1,nan,-1,/data/data/DA25S005/miccai_tbi/MultiTalentV2_finetuning/checkpoints/validation2025_100/ensemble_2_models_e5ohnz5w_tta_ddp_kpcyjb66_tta_hybrid/predicted_lesions/thr0p1_mincc20/scan_0274_pred_lesion.nii.gz
scan_0274,probability_average,none,0.1,40,nan,0.1,0,1,1,0.0,0,nan,-1,nan,-1,nan,-1,-1,nan,-1,/data/data/DA25S005/miccai_tbi/MultiTalentV2_finetuning/checkpoints/validation2025_100/ensemble_2_models_e5ohnz5w_tta_ddp_kpcyjb66_tta_hybrid/predicted_lesions/thr0p1_mincc40/scan_0274_pred_lesion.nii.gz
scan_0274,probability_average,none,0.2,0,nan,0.1,0,1,1,0.0,0,nan,-1,nan,-1,nan,-1,-1,nan,-1,/data/data/DA25S005/miccai_tbi/MultiTalentV2_finetuning/checkpoints/validation2025_100/ensemble_2_models_e5ohnz5w_tta_ddp_kpcyjb66_tta_hybrid/predicted_lesions/thr0p2_mincc0/scan_0274_pred_lesion.nii.gz
scan_0274,probability_average,none,0.2,3,nan,0.1,0,1,1,0.0,0,nan,-1,nan,-1,nan,-1,-1,nan,-1,/data/data/DA25S005/miccai_tbi/MultiTalentV2_finetuning/checkpoints/validation2025_100/ensemble_2_models_e5ohnz5w_tta_ddp_kpcyjb66_tta_hybrid/predicted_lesions/thr0p2_mincc3/scan_0274_pred_lesion.nii.gz
scan_0274,probability_average,none,0.2,5,nan,0.1,0,1,1,0.0,0,nan,-1,nan,-1,nan,-1,-1,nan,-1,/data/data/DA25S005/miccai_tbi/MultiTalentV2_finetuning/checkpoints/validation2025_100/ensemble_2_models_e5ohnz5w_tta_ddp_kpcyjb66_tta_hybrid/predicted_lesions/thr0p2_mincc5/scan_0274_pred_lesion.nii.gz
scan_0274,probability_average,none,0.2,10,nan,0.1,0,1,1,0.0,0,nan,-1,nan,-1,nan,-1,-1,nan,-1,/data/data/DA25S005/miccai_tbi/MultiTalentV2_finetuning/checkpoints/validation2025_100/ensemble_2_models_e5ohnz5w_tta_ddp_kpcyjb66_tta_hybrid/predicted_lesions/thr0p2_mincc10/scan_0274_pred_lesion.nii.gz
scan_0274,probability_average,none,0.2,20,nan,0.1,0,1,1,0.0,0,nan,-1,nan,-1,nan,-1,-1,nan,-1,/data/data/DA25S005/miccai_tbi/MultiTalentV2_finetuning/checkpoints/validation2025_100/ensemble_2_models_e5ohnz5w_tta_ddp_kpcyjb66_tta_hybrid/predicted_lesions/thr0p2_mincc20/scan_0274_pred_lesion.nii.gz
scan_0274,probability_average,none,0.2,40,nan,0.1,0,1,1,0.0,0,nan,-1,nan,-1,nan,-1,-1,nan,-1,/data/data/DA25S005/miccai_tbi/MultiTalentV2_finetuning/checkpoints/validation2025_100/ensemble_2_models_e5ohnz5w_tta_ddp_kpcyjb66_tta_hybrid/predicted_lesions/thr0p2_mincc40/scan_0274_pred_lesion.nii.gz
scan_0274,probability_average,none,0.3,0,nan,0.1,0,1,1,0.0,0,nan,-1,nan,-1,nan,-1,-1,nan,-1,/data/data/DA25S005/miccai_tbi/MultiTalentV2_finetuning/checkpoints/validation2025_100/ensemble_2_models_e5ohnz5w_tta_ddp_kpcyjb66_tta_hybrid/predicted_lesions/thr0p3_mincc0/scan_0274_pred_lesion.nii.gz
scan_0274,probability_average,none,0.3,3,nan,0.1,0,1,1,0.0,0,nan,-1,nan,-1,nan,-1,-1,nan,-1,/data/data/DA25S005/miccai_tbi/MultiTalentV2_finetuning/checkpoints/validation2025_100/ensemble_2_models_e5ohnz5w_tta_ddp_kpcyjb66_tta_hybrid/predicted_lesions/thr0p3_mincc3/scan_0274_pred_lesion.nii.gz
scan_0274,probability_average,none,0.3,5,nan,0.1,0,1,1,0.0,0,nan,-1,nan,-1,nan,-1,-1,nan,-1,/data/data/DA25S005/miccai_tbi/MultiTalentV2_finetuning/checkpoints/validation2025_100/ensemble_2_models_e5ohnz5w_tta_ddp_kpcyjb66_tta_hybrid/predicted_lesions/thr0p3_mincc5/scan_0274_pred_lesion.nii.gz
scan_0274,probability_average,none,0.3,10,nan,0.1,0,1,1,0.0,0,nan,-1,nan,-1,nan,-1,-1,nan,-1,/data/data/DA25S005/miccai_tbi/MultiTalentV2_finetuning/checkpoints/validation2025_100/ensemble_2_models_e5ohnz5w_tta_ddp_kpcyjb66_tta_hybrid/predicted_lesions/thr0p3_mincc10/scan_0274_pred_lesion.nii.gz
scan_0274,probability_average,none,0.3,20,nan,0.1,0,1,1,0.0,0,nan,-1,nan,-1,nan,-1,-1,nan,-1,/data/data/DA25S005/miccai_tbi/MultiTalentV2_finetuning/checkpoints/validation2025_100/ensemble_2_models_e5ohnz5w_tta_ddp_kpcyjb66_tta_hybrid/predicted_lesions/thr0p3_mincc20/scan_0274_pred_lesion.nii.gz
scan_0274,probability_average,none,0.3,40,nan,0.1,0,1,1,0.0,0,nan,-1,nan,-1,nan,-1,-1,nan,-1,/data/data/DA25S005/miccai_tbi/MultiTalentV2_finetuning/checkpoints/validation2025_100/ensemble_2_models_e5ohnz5w_tta_ddp_kpcyjb66_tta_hybrid/predicted_lesions/thr0p3_mincc40/scan_0274_pred_lesion.nii.gz
scan_0274,probability_average,none,0.4,0,nan,0.1,0,1,1,0.0,0,nan,-1,nan,-1,nan,-1,-1,nan,-1,/data/data/DA25S005/miccai_tbi/MultiTalentV2_finetuning/checkpoints/validation2025_100/ensemble_2_models_e5ohnz5w_tta_ddp_kpcyjb66_tta_hybrid/predicted_lesions/thr0p4_mincc0/scan_0274_pred_lesion.nii.gz
scan_0274,probability_average,none,0.4,3,nan,0.1,0,1,1,0.0,0,nan,-1,nan,-1,nan,-1,-1,nan,-1,/data/data/DA25S005/miccai_tbi/MultiTalentV2_finetuning/checkpoints/validation2025_100/ensemble_2_models_e5ohnz5w_tta_ddp_kpcyjb66_tta_hybrid/predicted_lesions/thr0p4_mincc3/scan_0274_pred_lesion.nii.gz
scan_0274,probability_average,none,0.4,5,nan,0.1,0,1,1,0.0,0,nan,-1,nan,-1,nan,-1,-1,nan,-1,/data/data/DA25S005/miccai_tbi/MultiTalentV2_finetuning/checkpoints/validation2025_100/ensemble_2_models_e5ohnz5w_tta_ddp_kpcyjb66_tta_hybrid/predicted_lesions/thr0p4_mincc5/scan_0274_pred_lesion.nii.gz
scan_0274,probability_average,none,0.4,10,nan,0.1,0,1,1,0.0,0,nan,-1,nan,-1,nan,-1,-1,nan,-1,/data/data/DA25S005/miccai_tbi/MultiTalentV2_finetuning/checkpoints/validation2025_100/ensemble_2_models_e5ohnz5w_tta_ddp_kpcyjb66_tta_hybrid/predicted_lesions/thr0p4_mincc10/scan_0274_pred_lesion.nii.gz
scan_0274,probability_average,none,0.4,20,nan,0.1,0,1,1,0.0,0,nan,-1,nan,-1,nan,-1,-1,nan,-1,/data/data/DA25S005/miccai_tbi/MultiTalentV2_finetuning/checkpoints/validation2025_100/ensemble_2_models_e5ohnz5w_tta_ddp_kpcyjb66_tta_hybrid/predicted_lesions/thr0p4_mincc20/scan_0274_pred_lesion.nii.gz
scan_0274,probability_average,none,0.4,40,nan,0.1,0,1,1,0.0,0,nan,-1,nan,-1,nan,-1,-1,nan,-1,/data/data/DA25S005/miccai_tbi/MultiTalentV2_finetuning/checkpoints/validation2025_100/ensemble_2_models_e5ohnz5w_tta_ddp_kpcyjb66_tta_hybrid/predicted_lesions/thr0p4_mincc40/scan_0274_pred_lesion.nii.gz
scan_0274,probability_average,none,0.5,0,nan,0.1,0,1,1,0.0,0,nan,-1,nan,-1,nan,-1,-1,nan,-1,/data/data/DA25S005/miccai_tbi/MultiTalentV2_finetuning/checkpoints/validation2025_100/ensemble_2_models_e5ohnz5w_tta_ddp_kpcyjb66_tta_hybrid/predicted_lesions/thr0p5_mincc0/scan_0274_pred_lesion.nii.gz
scan_0274,probability_average,none,0.5,3,nan,0.1,0,1,1,0.0,0,nan,-1,nan,-1,nan,-1,-1,nan,-1,/data/data/DA25S005/miccai_tbi/MultiTalentV2_finetuning/checkpoints/validation2025_100/ensemble_2_models_e5ohnz5w_tta_ddp_kpcyjb66_tta_hybrid/predicted_lesions/thr0p5_mincc3/scan_0274_pred_lesion.nii.gz
scan_0274,probability_average,none,0.5,5,nan,0.1,0,1,1,0.0,0,nan,-1,nan,-1,nan,-1,-1,nan,-1,/data/data/DA25S005/miccai_tbi/MultiTalentV2_finetuning/checkpoints/validation2025_100/ensemble_2_models_e5ohnz5w_tta_ddp_kpcyjb66_tta_hybrid/predicted_lesions/thr0p5_mincc5/scan_0274_pred_lesion.nii.gz
scan_0274,probability_average,none,0.5,10,nan,0.1,0,1,1,0.0,0,nan,-1,nan,-1,nan,-1,-1,nan,-1,/data/data/DA25S005/miccai_tbi/MultiTalentV2_finetuning/checkpoints/validation2025_100/ensemble_2_models_e5ohnz5w_tta_ddp_kpcyjb66_tta_hybrid/predicted_lesions/thr0p5_mincc10/scan_0274_pred_lesion.nii.gz
scan_0274,probability_average,none,0.5,20,nan,0.1,0,1,1,0.0,0,nan,-1,nan,-1,nan,-1,-1,nan,-1,/data/data/DA25S005/miccai_tbi/MultiTalentV2_finetuning/checkpoints/validation2025_100/ensemble_2_models_e5ohnz5w_tta_ddp_kpcyjb66_tta_hybrid/predicted_lesions/thr0p5_mincc20/scan_0274_pred_lesion.nii.gz
scan_0274,probability_average,none,0.5,40,nan,0.1,0,1,1,0.0,0,nan,-1,nan,-1,nan,-1,-1,nan,-1,/data/data/DA25S005/miccai_tbi/MultiTalentV2_finetuning/checkpoints/validation2025_100/ensemble_2_models_e5ohnz5w_tta_ddp_kpcyjb66_tta_hybrid/predicted_lesions/thr0p5_mincc40/scan_0274_pred_lesion.nii.gz
scan_0276,probability_average,none,0.1,0,nan,0.1,0,1,1,0.0,0,nan,-1,nan,-1,nan,-1,-1,nan,-1,/data/data/DA25S005/miccai_tbi/MultiTalentV2_finetuning/checkpoints/validation2025_100/ensemble_2_models_e5ohnz5w_tta_ddp_kpcyjb66_tta_hybrid/predicted_lesions/thr0p1_mincc0/scan_0276_pred_lesion.nii.gz
scan_0276,probability_average,none,0.1,3,nan,0.1,0,1,1,0.0,0,nan,-1,nan,-1,nan,-1,-1,nan,-1,/data/data/DA25S005/miccai_tbi/MultiTalentV2_finetuning/checkpoints/validation2025_100/ensemble_2_models_e5ohnz5w_tta_ddp_kpcyjb66_tta_hybrid/predicted_lesions/thr0p1_mincc3/scan_0276_pred_lesion.nii.gz
scan_0276,probability_average,none,0.1,5,nan,0.1,0,1,1,0.0,0,nan,-1,nan,-1,nan,-1,-1,nan,-1,/data/data/DA25S005/miccai_tbi/MultiTalentV2_finetuning/checkpoints/validation2025_100/ensemble_2_models_e5ohnz5w_tta_ddp_kpcyjb66_tta_hybrid/predicted_lesions/thr0p1_mincc5/scan_0276_pred_lesion.nii.gz
scan_0276,probability_average,none,0.1,10,nan,0.1,0,1,1,0.0,0,nan,-1,nan,-1,nan,-1,-1,nan,-1,/data/data/DA25S005/miccai_tbi/MultiTalentV2_finetuning/checkpoints/validation2025_100/ensemble_2_models_e5ohnz5w_tta_ddp_kpcyjb66_tta_hybrid/predicted_lesions/thr0p1_mincc10/scan_0276_pred_lesion.nii.gz
scan_0276,probability_average,none,0.1,20,nan,0.1,0,1,1,0.0,0,nan,-1,nan,-1,nan,-1,-1,nan,-1,/data/data/DA25S005/miccai_tbi/MultiTalentV2_finetuning/checkpoints/validation2025_100/ensemble_2_models_e5ohnz5w_tta_ddp_kpcyjb66_tta_hybrid/predicted_lesions/thr0p1_mincc20/scan_0276_pred_lesion.nii.gz
scan_0276,probability_average,none,0.1,40,nan,0.1,0,1,1,0.0,0,nan,-1,nan,-1,nan,-1,-1,nan,-1,/data/data/DA25S005/miccai_tbi/MultiTalentV2_finetuning/checkpoints/validation2025_100/ensemble_2_models_e5ohnz5w_tta_ddp_kpcyjb66_tta_hybrid/predicted_lesions/thr0p1_mincc40/scan_0276_pred_lesion.nii.gz
scan_0276,probability_average,none,0.2,0,nan,0.1,0,1,1,0.0,0,nan,-1,nan,-1,nan,-1,-1,nan,-1,/data/data/DA25S005/miccai_tbi/MultiTalentV2_finetuning/checkpoints/validation2025_100/ensemble_2_models_e5ohnz5w_tta_ddp_kpcyjb66_tta_hybrid/predicted_lesions/thr0p2_mincc0/scan_0276_pred_lesion.nii.gz
scan_0276,probability_average,none,0.2,3,nan,0.1,0,1,1,0.0,0,nan,-1,nan,-1,nan,-1,-1,nan,-1,/data/data/DA25S005/miccai_tbi/MultiTalentV2_finetuning/checkpoints/validation2025_100/ensemble_2_models_e5ohnz5w_tta_ddp_kpcyjb66_tta_hybrid/predicted_lesions/thr0p2_mincc3/scan_0276_pred_lesion.nii.gz
scan_0276,probability_average,none,0.2,5,nan,0.1,0,1,1,0.0,0,nan,-1,nan,-1,nan,-1,-1,nan,-1,/data/data/DA25S005/miccai_tbi/MultiTalentV2_finetuning/checkpoints/validation2025_100/ensemble_2_models_e5ohnz5w_tta_ddp_kpcyjb66_tta_hybrid/predicted_lesions/thr0p2_mincc5/scan_0276_pred_lesion.nii.gz
scan_0276,probability_average,none,0.2,10,nan,0.1,0,1,1,0.0,0,nan,-1,nan,-1,nan,-1,-1,nan,-1,/data/data/DA25S005/miccai_tbi/MultiTalentV2_finetuning/checkpoints/validation2025_100/ensemble_2_models_e5ohnz5w_tta_ddp_kpcyjb66_tta_hybrid/predicted_lesions/thr0p2_mincc10/scan_0276_pred_lesion.nii.gz
scan_0276,probability_average,none,0.2,20,nan,0.1,0,1,1,0.0,0,nan,-1,nan,-1,nan,-1,-1,nan,-1,/data/data/DA25S005/miccai_tbi/MultiTalentV2_finetuning/checkpoints/validation2025_100/ensemble_2_models_e5ohnz5w_tta_ddp_kpcyjb66_tta_hybrid/predicted_lesions/thr0p2_mincc20/scan_0276_pred_lesion.nii.gz
scan_0276,probability_average,none,0.2,40,nan,0.1,0,1,1,0.0,0,nan,-1,nan,-1,nan,-1,-1,nan,-1,/data/data/DA25S005/miccai_tbi/MultiTalentV2_finetuning/checkpoints/validation2025_100/ensemble_2_models_e5ohnz5w_tta_ddp_kpcyjb66_tta_hybrid/predicted_lesions/thr0p2_mincc40/scan_0276_pred_lesion.nii.gz
scan_0276,probability_average,none,0.3,0,nan,0.1,0,1,1,0.0,0,nan,-1,nan,-1,nan,-1,-1,nan,-1,/data/data/DA25S005/miccai_tbi/MultiTalentV2_finetuning/checkpoints/validation2025_100/ensemble_2_models_e5ohnz5w_tta_ddp_kpcyjb66_tta_hybrid/predicted_lesions/thr0p3_mincc0/scan_0276_pred_lesion.nii.gz
scan_0276,probability_average,none,0.3,3,nan,0.1,0,1,1,0.0,0,nan,-1,nan,-1,nan,-1,-1,nan,-1,/data/data/DA25S005/miccai_tbi/MultiTalentV2_finetuning/checkpoints/validation2025_100/ensemble_2_models_e5ohnz5w_tta_ddp_kpcyjb66_tta_hybrid/predicted_lesions/thr0p3_mincc3/scan_0276_pred_lesion.nii.gz
scan_0276,probability_average,none,0.3,5,nan,0.1,0,1,1,0.0,0,nan,-1,nan,-1,nan,-1,-1,nan,-1,/data/data/DA25S005/miccai_tbi/MultiTalentV2_finetuning/checkpoints/validation2025_100/ensemble_2_models_e5ohnz5w_tta_ddp_kpcyjb66_tta_hybrid/predicted_lesions/thr0p3_mincc5/scan_0276_pred_lesion.nii.gz
scan_0276,probability_average,none,0.3,10,nan,0.1,0,1,1,0.0,0,nan,-1,nan,-1,nan,-1,-1,nan,-1,/data/data/DA25S005/miccai_tbi/MultiTalentV2_finetuning/checkpoints/validation2025_100/ensemble_2_models_e5ohnz5w_tta_ddp_kpcyjb66_tta_hybrid/predicted_lesions/thr0p3_mincc10/scan_0276_pred_lesion.nii.gz
scan_0276,probability_average,none,0.3,20,nan,0.1,0,1,1,0.0,0,nan,-1,nan,-1,nan,-1,-1,nan,-1,/data/data/DA25S005/miccai_tbi/MultiTalentV2_finetuning/checkpoints/validation2025_100/ensemble_2_models_e5ohnz5w_tta_ddp_kpcyjb66_tta_hybrid/predicted_lesions/thr0p3_mincc20/scan_0276_pred_lesion.nii.gz
scan_0276,probability_average,none,0.3,40,nan,0.1,0,1,1,0.0,0,nan,-1,nan,-1,nan,-1,-1,nan,-1,/data/data/DA25S005/miccai_tbi/MultiTalentV2_finetuning/checkpoints/validation2025_100/ensemble_2_models_e5ohnz5w_tta_ddp_kpcyjb66_tta_hybrid/predicted_lesions/thr0p3_mincc40/scan_0276_pred_lesion.nii.gz
scan_0276,probability_average,none,0.4,0,nan,0.1,0,1,1,0.0,0,nan,-1,nan,-1,nan,-1,-1,nan,-1,/data/data/DA25S005/miccai_tbi/MultiTalentV2_finetuning/checkpoints/validation2025_100/ensemble_2_models_e5ohnz5w_tta_ddp_kpcyjb66_tta_hybrid/predicted_lesions/thr0p4_mincc0/scan_0276_pred_lesion.nii.gz
scan_0276,probability_average,none,0.4,3,nan,0.1,0,1,1,0.0,0,nan,-1,nan,-1,nan,-1,-1,nan,-1,/data/data/DA25S005/miccai_tbi/MultiTalentV2_finetuning/checkpoints/validation2025_100/ensemble_2_models_e5ohnz5w_tta_ddp_kpcyjb66_tta_hybrid/predicted_lesions/thr0p4_mincc3/scan_0276_pred_lesion.nii.gz
scan_0276,probability_average,none,0.4,5,nan,0.1,0,1,1,0.0,0,nan,-1,nan,-1,nan,-1,-1,nan,-1,/data/data/DA25S005/miccai_tbi/MultiTalentV2_finetuning/checkpoints/validation2025_100/ensemble_2_models_e5ohnz5w_tta_ddp_kpcyjb66_tta_hybrid/predicted_lesions/thr0p4_mincc5/scan_0276_pred_lesion.nii.gz
scan_0276,probability_average,none,0.4,10,nan,0.1,0,1,1,0.0,0,nan,-1,nan,-1,nan,-1,-1,nan,-1,/data/data/DA25S005/miccai_tbi/MultiTalentV2_finetuning/checkpoints/validation2025_100/ensemble_2_models_e5ohnz5w_tta_ddp_kpcyjb66_tta_hybrid/predicted_lesions/thr0p4_mincc10/scan_0276_pred_lesion.nii.gz
scan_0276,probability_average,none,0.4,20,nan,0.1,0,1,1,0.0,0,nan,-1,nan,-1,nan,-1,-1,nan,-1,/data/data/DA25S005/miccai_tbi/MultiTalentV2_finetuning/checkpoints/validation2025_100/ensemble_2_models_e5ohnz5w_tta_ddp_kpcyjb66_tta_hybrid/predicted_lesions/thr0p4_mincc20/scan_0276_pred_lesion.nii.gz
scan_0276,probability_average,none,0.4,40,nan,0.1,0,1,1,0.0,0,nan,-1,nan,-1,nan,-1,-1,nan,-1,/data/data/DA25S005/miccai_tbi/MultiTalentV2_finetuning/checkpoints/validation2025_100/ensemble_2_models_e5ohnz5w_tta_ddp_kpcyjb66_tta_hybrid/predicted_lesions/thr0p4_mincc40/scan_0276_pred_lesion.nii.gz
scan_0276,probability_average,none,0.5,0,nan,0.1,0,1,1,0.0,0,nan,-1,nan,-1,nan,-1,-1,nan,-1,/data/data/DA25S005/miccai_tbi/MultiTalentV2_finetuning/checkpoints/validation2025_100/ensemble_2_models_e5ohnz5w_tta_ddp_kpcyjb66_tta_hybrid/predicted_lesions/thr0p5_mincc0/scan_0276_pred_lesion.nii.gz
scan_0276,probability_average,none,0.5,3,nan,0.1,0,1,1,0.0,0,nan,-1,nan,-1,nan,-1,-1,nan,-1,/data/data/DA25S005/miccai_tbi/MultiTalentV2_finetuning/checkpoints/validation2025_100/ensemble_2_models_e5ohnz5w_tta_ddp_kpcyjb66_tta_hybrid/predicted_lesions/thr0p5_mincc3/scan_0276_pred_lesion.nii.gz
scan_0276,probability_average,none,0.5,5,nan,0.1,0,1,1,0.0,0,nan,-1,nan,-1,nan,-1,-1,nan,-1,/data/data/DA25S005/miccai_tbi/MultiTalentV2_finetuning/checkpoints/validation2025_100/ensemble_2_models_e5ohnz5w_tta_ddp_kpcyjb66_tta_hybrid/predicted_lesions/thr0p5_mincc5/scan_0276_pred_lesion.nii.gz
scan_0276,probability_average,none,0.5,10,nan,0.1,0,1,1,0.0,0,nan,-1,nan,-1,nan,-1,-1,nan,-1,/data/data/DA25S005/miccai_tbi/MultiTalentV2_finetuning/checkpoints/validation2025_100/ensemble_2_models_e5ohnz5w_tta_ddp_kpcyjb66_tta_hybrid/predicted_lesions/thr0p5_mincc10/scan_0276_pred_lesion.nii.gz
scan_0276,probability_average,none,0.5,20,nan,0.1,0,1,1,0.0,0,nan,-1,nan,-1,nan,-1,-1,nan,-1,/data/data/DA25S005/miccai_tbi/MultiTalentV2_finetuning/checkpoints/validation2025_100/ensemble_2_models_e5ohnz5w_tta_ddp_kpcyjb66_tta_hybrid/predicted_lesions/thr0p5_mincc20/scan_0276_pred_lesion.nii.gz
scan_0276,probability_average,none,0.5,40,nan,0.1,0,1,1,0.0,0,nan,-1,nan,-1,nan,-1,-1,nan,-1,/data/data/DA25S005/miccai_tbi/MultiTalentV2_finetuning/checkpoints/validation2025_100/ensemble_2_models_e5ohnz5w_tta_ddp_kpcyjb66_tta_hybrid/predicted_lesions/thr0p5_mincc40/scan_0276_pred_lesion.nii.gz
scan_0280,probability_average,none,0.1,0,nan,0.1,0,1,1,0.0,0,nan,-1,nan,-1,nan,-1,-1,nan,-1,/data/data/DA25S005/miccai_tbi/MultiTalentV2_finetuning/checkpoints/validation2025_100/ensemble_2_models_e5ohnz5w_tta_ddp_kpcyjb66_tta_hybrid/predicted_lesions/thr0p1_mincc0/scan_0280_pred_lesion.nii.gz
scan_0280,probability_average,none,0.1,3,nan,0.1,0,1,1,0.0,0,nan,-1,nan,-1,nan,-1,-1,nan,-1,/data/data/DA25S005/miccai_tbi/MultiTalentV2_finetuning/checkpoints/validation2025_100/ensemble_2_models_e5ohnz5w_tta_ddp_kpcyjb66_tta_hybrid/predicted_lesions/thr0p1_mincc3/scan_0280_pred_lesion.nii.gz
scan_0280,probability_average,none,0.1,5,nan,0.1,0,1,1,0.0,0,nan,-1,nan,-1,nan,-1,-1,nan,-1,/data/data/DA25S005/miccai_tbi/MultiTalentV2_finetuning/checkpoints/validation2025_100/ensemble_2_models_e5ohnz5w_tta_ddp_kpcyjb66_tta_hybrid/predicted_lesions/thr0p1_mincc5/scan_0280_pred_lesion.nii.gz
scan_0280,probability_average,none,0.1,10,nan,0.1,0,1,1,0.0,0,nan,-1,nan,-1,nan,-1,-1,nan,-1,/data/data/DA25S005/miccai_tbi/MultiTalentV2_finetuning/checkpoints/validation2025_100/ensemble_2_models_e5ohnz5w_tta_ddp_kpcyjb66_tta_hybrid/predicted_lesions/thr0p1_mincc10/scan_0280_pred_lesion.nii.gz
scan_0280,probability_average,none,0.1,20,nan,0.1,0,1,1,0.0,0,nan,-1,nan,-1,nan,-1,-1,nan,-1,/data/data/DA25S005/miccai_tbi/MultiTalentV2_finetuning/checkpoints/validation2025_100/ensemble_2_models_e5ohnz5w_tta_ddp_kpcyjb66_tta_hybrid/predicted_lesions/thr0p1_mincc20/scan_0280_pred_lesion.nii.gz
scan_0280,probability_average,none,0.1,40,nan,0.1,0,1,1,0.0,0,nan,-1,nan,-1,nan,-1,-1,nan,-1,/data/data/DA25S005/miccai_tbi/MultiTalentV2_finetuning/checkpoints/validation2025_100/ensemble_2_models_e5ohnz5w_tta_ddp_kpcyjb66_tta_hybrid/predicted_lesions/thr0p1_mincc40/scan_0280_pred_lesion.nii.gz
scan_0280,probability_average,none,0.2,0,nan,0.1,0,1,1,0.0,0,nan,-1,nan,-1,nan,-1,-1,nan,-1,/data/data/DA25S005/miccai_tbi/MultiTalentV2_finetuning/checkpoints/validation2025_100/ensemble_2_models_e5ohnz5w_tta_ddp_kpcyjb66_tta_hybrid/predicted_lesions/thr0p2_mincc0/scan_0280_pred_lesion.nii.gz
scan_0280,probability_average,none,0.2,3,nan,0.1,0,1,1,0.0,0,nan,-1,nan,-1,nan,-1,-1,nan,-1,/data/data/DA25S005/miccai_tbi/MultiTalentV2_finetuning/checkpoints/validation2025_100/ensemble_2_models_e5ohnz5w_tta_ddp_kpcyjb66_tta_hybrid/predicted_lesions/thr0p2_mincc3/scan_0280_pred_lesion.nii.gz
scan_0280,probability_average,none,0.2,5,nan,0.1,0,1,1,0.0,0,nan,-1,nan,-1,nan,-1,-1,nan,-1,/data/data/DA25S005/miccai_tbi/MultiTalentV2_finetuning/checkpoints/validation2025_100/ensemble_2_models_e5ohnz5w_tta_ddp_kpcyjb66_tta_hybrid/predicted_lesions/thr0p2_mincc5/scan_0280_pred_lesion.nii.gz
scan_0280,probability_average,none,0.2,10,nan,0.1,0,1,1,0.0,0,nan,-1,nan,-1,nan,-1,-1,nan,-1,/data/data/DA25S005/miccai_tbi/MultiTalentV2_finetuning/checkpoints/validation2025_100/ensemble_2_models_e5ohnz5w_tta_ddp_kpcyjb66_tta_hybrid/predicted_lesions/thr0p2_mincc10/scan_0280_pred_lesion.nii.gz
scan_0280,probability_average,none,0.2,20,nan,0.1,0,1,1,0.0,0,nan,-1,nan,-1,nan,-1,-1,nan,-1,/data/data/DA25S005/miccai_tbi/MultiTalentV2_finetuning/checkpoints/validation2025_100/ensemble_2_models_e5ohnz5w_tta_ddp_kpcyjb66_tta_hybrid/predicted_lesions/thr0p2_mincc20/scan_0280_pred_lesion.nii.gz
scan_0280,probability_average,none,0.2,40,nan,0.1,0,1,1,0.0,0,nan,-1,nan,-1,nan,-1,-1,nan,-1,/data/data/DA25S005/miccai_tbi/MultiTalentV2_finetuning/checkpoints/validation2025_100/ensemble_2_models_e5ohnz5w_tta_ddp_kpcyjb66_tta_hybrid/predicted_lesions/thr0p2_mincc40/scan_0280_pred_lesion.nii.gz
scan_0280,probability_average,none,0.3,0,nan,0.1,0,1,1,0.0,0,nan,-1,nan,-1,nan,-1,-1,nan,-1,/data/data/DA25S005/miccai_tbi/MultiTalentV2_finetuning/checkpoints/validation2025_100/ensemble_2_models_e5ohnz5w_tta_ddp_kpcyjb66_tta_hybrid/predicted_lesions/thr0p3_mincc0/scan_0280_pred_lesion.nii.gz
scan_0280,probability_average,none,0.3,3,nan,0.1,0,1,1,0.0,0,nan,-1,nan,-1,nan,-1,-1,nan,-1,/data/data/DA25S005/miccai_tbi/MultiTalentV2_finetuning/checkpoints/validation2025_100/ensemble_2_models_e5ohnz5w_tta_ddp_kpcyjb66_tta_hybrid/predicted_lesions/thr0p3_mincc3/scan_0280_pred_lesion.nii.gz
scan_0280,probability_average,none,0.3,5,nan,0.1,0,1,1,0.0,0,nan,-1,nan,-1,nan,-1,-1,nan,-1,/data/data/DA25S005/miccai_tbi/MultiTalentV2_finetuning/checkpoints/validation2025_100/ensemble_2_models_e5ohnz5w_tta_ddp_kpcyjb66_tta_hybrid/predicted_lesions/thr0p3_mincc5/scan_0280_pred_lesion.nii.gz
scan_0280,probability_average,none,0.3,10,nan,0.1,0,1,1,0.0,0,nan,-1,nan,-1,nan,-1,-1,nan,-1,/data/data/DA25S005/miccai_tbi/MultiTalentV2_finetuning/checkpoints/validation2025_100/ensemble_2_models_e5ohnz5w_tta_ddp_kpcyjb66_tta_hybrid/predicted_lesions/thr0p3_mincc10/scan_0280_pred_lesion.nii.gz
scan_0280,probability_average,none,0.3,20,nan,0.1,0,1,1,0.0,0,nan,-1,nan,-1,nan,-1,-1,nan,-1,/data/data/DA25S005/miccai_tbi/MultiTalentV2_finetuning/checkpoints/validation2025_100/ensemble_2_models_e5ohnz5w_tta_ddp_kpcyjb66_tta_hybrid/predicted_lesions/thr0p3_mincc20/scan_0280_pred_lesion.nii.gz
scan_0280,probability_average,none,0.3,40,nan,0.1,0,1,1,0.0,0,nan,-1,nan,-1,nan,-1,-1,nan,-1,/data/data/DA25S005/miccai_tbi/MultiTalentV2_finetuning/checkpoints/validation2025_100/ensemble_2_models_e5ohnz5w_tta_ddp_kpcyjb66_tta_hybrid/predicted_lesions/thr0p3_mincc40/scan_0280_pred_lesion.nii.gz
scan_0280,probability_average,none,0.4,0,nan,0.1,0,1,1,0.0,0,nan,-1,nan,-1,nan,-1,-1,nan,-1,/data/data/DA25S005/miccai_tbi/MultiTalentV2_finetuning/checkpoints/validation2025_100/ensemble_2_models_e5ohnz5w_tta_ddp_kpcyjb66_tta_hybrid/predicted_lesions/thr0p4_mincc0/scan_0280_pred_lesion.nii.gz
scan_0280,probability_average,none,0.4,3,nan,0.1,0,1,1,0.0,0,nan,-1,nan,-1,nan,-1,-1,nan,-1,/data/data/DA25S005/miccai_tbi/MultiTalentV2_finetuning/checkpoints/validation2025_100/ensemble_2_models_e5ohnz5w_tta_ddp_kpcyjb66_tta_hybrid/predicted_lesions/thr0p4_mincc3/scan_0280_pred_lesion.nii.gz
scan_0280,probability_average,none,0.4,5,nan,0.1,0,1,1,0.0,0,nan,-1,nan,-1,nan,-1,-1,nan,-1,/data/data/DA25S005/miccai_tbi/MultiTalentV2_finetuning/checkpoints/validation2025_100/ensemble_2_models_e5ohnz5w_tta_ddp_kpcyjb66_tta_hybrid/predicted_lesions/thr0p4_mincc5/scan_0280_pred_lesion.nii.gz
scan_0280,probability_average,none,0.4,10,nan,0.1,0,1,1,0.0,0,nan,-1,nan,-1,nan,-1,-1,nan,-1,/data/data/DA25S005/miccai_tbi/MultiTalentV2_finetuning/checkpoints/validation2025_100/ensemble_2_models_e5ohnz5w_tta_ddp_kpcyjb66_tta_hybrid/predicted_lesions/thr0p4_mincc10/scan_0280_pred_lesion.nii.gz
scan_0280,probability_average,none,0.4,20,nan,0.1,0,1,1,0.0,0,nan,-1,nan,-1,nan,-1,-1,nan,-1,/data/data/DA25S005/miccai_tbi/MultiTalentV2_finetuning/checkpoints/validation2025_100/ensemble_2_models_e5ohnz5w_tta_ddp_kpcyjb66_tta_hybrid/predicted_lesions/thr0p4_mincc20/scan_0280_pred_lesion.nii.gz
scan_0280,probability_average,none,0.4,40,nan,0.1,0,1,1,0.0,0,nan,-1,nan,-1,nan,-1,-1,nan,-1,/data/data/DA25S005/miccai_tbi/MultiTalentV2_finetuning/checkpoints/validation2025_100/ensemble_2_models_e5ohnz5w_tta_ddp_kpcyjb66_tta_hybrid/predicted_lesions/thr0p4_mincc40/scan_0280_pred_lesion.nii.gz
scan_0280,probability_average,none,0.5,0,nan,0.1,0,1,1,0.0,0,nan,-1,nan,-1,nan,-1,-1,nan,-1,/data/data/DA25S005/miccai_tbi/MultiTalentV2_finetuning/checkpoints/validation2025_100/ensemble_2_models_e5ohnz5w_tta_ddp_kpcyjb66_tta_hybrid/predicted_lesions/thr0p5_mincc0/scan_0280_pred_lesion.nii.gz
scan_0280,probability_average,none,0.5,3,nan,0.1,0,1,1,0.0,0,nan,-1,nan,-1,nan,-1,-1,nan,-1,/data/data/DA25S005/miccai_tbi/MultiTalentV2_finetuning/checkpoints/validation2025_100/ensemble_2_models_e5ohnz5w_tta_ddp_kpcyjb66_tta_hybrid/predicted_lesions/thr0p5_mincc3/scan_0280_pred_lesion.nii.gz
scan_0280,probability_average,none,0.5,5,nan,0.1,0,1,1,0.0,0,nan,-1,nan,-1,nan,-1,-1,nan,-1,/data/data/DA25S005/miccai_tbi/MultiTalentV2_finetuning/checkpoints/validation2025_100/ensemble_2_models_e5ohnz5w_tta_ddp_kpcyjb66_tta_hybrid/predicted_lesions/thr0p5_mincc5/scan_0280_pred_lesion.nii.gz
scan_0280,probability_average,none,0.5,10,nan,0.1,0,1,1,0.0,0,nan,-1,nan,-1,nan,-1,-1,nan,-1,/data/data/DA25S005/miccai_tbi/MultiTalentV2_finetuning/checkpoints/validation2025_100/ensemble_2_models_e5ohnz5w_tta_ddp_kpcyjb66_tta_hybrid/predicted_lesions/thr0p5_mincc10/scan_0280_pred_lesion.nii.gz
scan_0280,probability_average,none,0.5,20,nan,0.1,0,1,1,0.0,0,nan,-1,nan,-1,nan,-1,-1,nan,-1,/data/data/DA25S005/miccai_tbi/MultiTalentV2_finetuning/checkpoints/validation2025_100/ensemble_2_models_e5ohnz5w_tta_ddp_kpcyjb66_tta_hybrid/predicted_lesions/thr0p5_mincc20/scan_0280_pred_lesion.nii.gz
scan_0280,probability_average,none,0.5,40,nan,0.1,0,1,1,0.0,0,nan,-1,nan,-1,nan,-1,-1,nan,-1,/data/data/DA25S005/miccai_tbi/MultiTalentV2_finetuning/checkpoints/validation2025_100/ensemble_2_models_e5ohnz5w_tta_ddp_kpcyjb66_tta_hybrid/predicted_lesions/thr0p5_mincc40/scan_0280_pred_lesion.nii.gz
scan_0282,probability_average,none,0.1,0,nan,0.1,0,1,1,0.0,0,nan,-1,nan,-1,nan,-1,-1,nan,-1,/data/data/DA25S005/miccai_tbi/MultiTalentV2_finetuning/checkpoints/validation2025_100/ensemble_2_models_e5ohnz5w_tta_ddp_kpcyjb66_tta_hybrid/predicted_lesions/thr0p1_mincc0/scan_0282_pred_lesion.nii.gz
scan_0282,probability_average,none,0.1,3,nan,0.1,0,1,1,0.0,0,nan,-1,nan,-1,nan,-1,-1,nan,-1,/data/data/DA25S005/miccai_tbi/MultiTalentV2_finetuning/checkpoints/validation2025_100/ensemble_2_models_e5ohnz5w_tta_ddp_kpcyjb66_tta_hybrid/predicted_lesions/thr0p1_mincc3/scan_0282_pred_lesion.nii.gz
scan_0282,probability_average,none,0.1,5,nan,0.1,0,1,1,0.0,0,nan,-1,nan,-1,nan,-1,-1,nan,-1,/data/data/DA25S005/miccai_tbi/MultiTalentV2_finetuning/checkpoints/validation2025_100/ensemble_2_models_e5ohnz5w_tta_ddp_kpcyjb66_tta_hybrid/predicted_lesions/thr0p1_mincc5/scan_0282_pred_lesion.nii.gz
scan_0282,probability_average,none,0.1,10,nan,0.1,0,1,1,0.0,0,nan,-1,nan,-1,nan,-1,-1,nan,-1,/data/data/DA25S005/miccai_tbi/MultiTalentV2_finetuning/checkpoints/validation2025_100/ensemble_2_models_e5ohnz5w_tta_ddp_kpcyjb66_tta_hybrid/predicted_lesions/thr0p1_mincc10/scan_0282_pred_lesion.nii.gz
scan_0282,probability_average,none,0.1,20,nan,0.1,0,1,1,0.0,0,nan,-1,nan,-1,nan,-1,-1,nan,-1,/data/data/DA25S005/miccai_tbi/MultiTalentV2_finetuning/checkpoints/validation2025_100/ensemble_2_models_e5ohnz5w_tta_ddp_kpcyjb66_tta_hybrid/predicted_lesions/thr0p1_mincc20/scan_0282_pred_lesion.nii.gz
scan_0282,probability_average,none,0.1,40,nan,0.1,0,1,1,0.0,0,nan,-1,nan,-1,nan,-1,-1,nan,-1,/data/data/DA25S005/miccai_tbi/MultiTalentV2_finetuning/checkpoints/validation2025_100/ensemble_2_models_e5ohnz5w_tta_ddp_kpcyjb66_tta_hybrid/predicted_lesions/thr0p1_mincc40/scan_0282_pred_lesion.nii.gz
scan_0282,probability_average,none,0.2,0,nan,0.1,0,1,1,0.0,0,nan,-1,nan,-1,nan,-1,-1,nan,-1,/data/data/DA25S005/miccai_tbi/MultiTalentV2_finetuning/checkpoints/validation2025_100/ensemble_2_models_e5ohnz5w_tta_ddp_kpcyjb66_tta_hybrid/predicted_lesions/thr0p2_mincc0/scan_0282_pred_lesion.nii.gz
scan_0282,probability_average,none,0.2,3,nan,0.1,0,1,1,0.0,0,nan,-1,nan,-1,nan,-1,-1,nan,-1,/data/data/DA25S005/miccai_tbi/MultiTalentV2_finetuning/checkpoints/validation2025_100/ensemble_2_models_e5ohnz5w_tta_ddp_kpcyjb66_tta_hybrid/predicted_lesions/thr0p2_mincc3/scan_0282_pred_lesion.nii.gz
scan_0282,probability_average,none,0.2,5,nan,0.1,0,1,1,0.0,0,nan,-1,nan,-1,nan,-1,-1,nan,-1,/data/data/DA25S005/miccai_tbi/MultiTalentV2_finetuning/checkpoints/validation2025_100/ensemble_2_models_e5ohnz5w_tta_ddp_kpcyjb66_tta_hybrid/predicted_lesions/thr0p2_mincc5/scan_0282_pred_lesion.nii.gz
scan_0282,probability_average,none,0.2,10,nan,0.1,0,1,1,0.0,0,nan,-1,nan,-1,nan,-1,-1,nan,-1,/data/data/DA25S005/miccai_tbi/MultiTalentV2_finetuning/checkpoints/validation2025_100/ensemble_2_models_e5ohnz5w_tta_ddp_kpcyjb66_tta_hybrid/predicted_lesions/thr0p2_mincc10/scan_0282_pred_lesion.nii.gz
scan_0282,probability_average,none,0.2,20,nan,0.1,0,1,1,0.0,0,nan,-1,nan,-1,nan,-1,-1,nan,-1,/data/data/DA25S005/miccai_tbi/MultiTalentV2_finetuning/checkpoints/validation2025_100/ensemble_2_models_e5ohnz5w_tta_ddp_kpcyjb66_tta_hybrid/predicted_lesions/thr0p2_mincc20/scan_0282_pred_lesion.nii.gz
scan_0282,probability_average,none,0.2,40,nan,0.1,0,1,1,0.0,0,nan,-1,nan,-1,nan,-1,-1,nan,-1,/data/data/DA25S005/miccai_tbi/MultiTalentV2_finetuning/checkpoints/validation2025_100/ensemble_2_models_e5ohnz5w_tta_ddp_kpcyjb66_tta_hybrid/predicted_lesions/thr0p2_mincc40/scan_0282_pred_lesion.nii.gz
scan_0282,probability_average,none,0.3,0,nan,0.1,0,1,1,0.0,0,nan,-1,nan,-1,nan,-1,-1,nan,-1,/data/data/DA25S005/miccai_tbi/MultiTalentV2_finetuning/checkpoints/validation2025_100/ensemble_2_models_e5ohnz5w_tta_ddp_kpcyjb66_tta_hybrid/predicted_lesions/thr0p3_mincc0/scan_0282_pred_lesion.nii.gz
scan_0282,probability_average,none,0.3,3,nan,0.1,0,1,1,0.0,0,nan,-1,nan,-1,nan,-1,-1,nan,-1,/data/data/DA25S005/miccai_tbi/MultiTalentV2_finetuning/checkpoints/validation2025_100/ensemble_2_models_e5ohnz5w_tta_ddp_kpcyjb66_tta_hybrid/predicted_lesions/thr0p3_mincc3/scan_0282_pred_lesion.nii.gz
scan_0282,probability_average,none,0.3,5,nan,0.1,0,1,1,0.0,0,nan,-1,nan,-1,nan,-1,-1,nan,-1,/data/data/DA25S005/miccai_tbi/MultiTalentV2_finetuning/checkpoints/validation2025_100/ensemble_2_models_e5ohnz5w_tta_ddp_kpcyjb66_tta_hybrid/predicted_lesions/thr0p3_mincc5/scan_0282_pred_lesion.nii.gz
scan_0282,probability_average,none,0.3,10,nan,0.1,0,1,1,0.0,0,nan,-1,nan,-1,nan,-1,-1,nan,-1,/data/data/DA25S005/miccai_tbi/MultiTalentV2_finetuning/checkpoints/validation2025_100/ensemble_2_models_e5ohnz5w_tta_ddp_kpcyjb66_tta_hybrid/predicted_lesions/thr0p3_mincc10/scan_0282_pred_lesion.nii.gz
scan_0282,probability_average,none,0.3,20,nan,0.1,0,1,1,0.0,0,nan,-1,nan,-1,nan,-1,-1,nan,-1,/data/data/DA25S005/miccai_tbi/MultiTalentV2_finetuning/checkpoints/validation2025_100/ensemble_2_models_e5ohnz5w_tta_ddp_kpcyjb66_tta_hybrid/predicted_lesions/thr0p3_mincc20/scan_0282_pred_lesion.nii.gz
scan_0282,probability_average,none,0.3,40,nan,0.1,0,1,1,0.0,0,nan,-1,nan,-1,nan,-1,-1,nan,-1,/data/data/DA25S005/miccai_tbi/MultiTalentV2_finetuning/checkpoints/validation2025_100/ensemble_2_models_e5ohnz5w_tta_ddp_kpcyjb66_tta_hybrid/predicted_lesions/thr0p3_mincc40/scan_0282_pred_lesion.nii.gz
scan_0282,probability_average,none,0.4,0,nan,0.1,0,1,1,0.0,0,nan,-1,nan,-1,nan,-1,-1,nan,-1,/data/data/DA25S005/miccai_tbi/MultiTalentV2_finetuning/checkpoints/validation2025_100/ensemble_2_models_e5ohnz5w_tta_ddp_kpcyjb66_tta_hybrid/predicted_lesions/thr0p4_mincc0/scan_0282_pred_lesion.nii.gz
scan_0282,probability_average,none,0.4,3,nan,0.1,0,1,1,0.0,0,nan,-1,nan,-1,nan,-1,-1,nan,-1,/data/data/DA25S005/miccai_tbi/MultiTalentV2_finetuning/checkpoints/validation2025_100/ensemble_2_models_e5ohnz5w_tta_ddp_kpcyjb66_tta_hybrid/predicted_lesions/thr0p4_mincc3/scan_0282_pred_lesion.nii.gz
scan_0282,probability_average,none,0.4,5,nan,0.1,0,1,1,0.0,0,nan,-1,nan,-1,nan,-1,-1,nan,-1,/data/data/DA25S005/miccai_tbi/MultiTalentV2_finetuning/checkpoints/validation2025_100/ensemble_2_models_e5ohnz5w_tta_ddp_kpcyjb66_tta_hybrid/predicted_lesions/thr0p4_mincc5/scan_0282_pred_lesion.nii.gz
scan_0282,probability_average,none,0.4,10,nan,0.1,0,1,1,0.0,0,nan,-1,nan,-1,nan,-1,-1,nan,-1,/data/data/DA25S005/miccai_tbi/MultiTalentV2_finetuning/checkpoints/validation2025_100/ensemble_2_models_e5ohnz5w_tta_ddp_kpcyjb66_tta_hybrid/predicted_lesions/thr0p4_mincc10/scan_0282_pred_lesion.nii.gz
scan_0282,probability_average,none,0.4,20,nan,0.1,0,1,1,0.0,0,nan,-1,nan,-1,nan,-1,-1,nan,-1,/data/data/DA25S005/miccai_tbi/MultiTalentV2_finetuning/checkpoints/validation2025_100/ensemble_2_models_e5ohnz5w_tta_ddp_kpcyjb66_tta_hybrid/predicted_lesions/thr0p4_mincc20/scan_0282_pred_lesion.nii.gz
scan_0282,probability_average,none,0.4,40,nan,0.1,0,1,1,0.0,0,nan,-1,nan,-1,nan,-1,-1,nan,-1,/data/data/DA25S005/miccai_tbi/MultiTalentV2_finetuning/checkpoints/validation2025_100/ensemble_2_models_e5ohnz5w_tta_ddp_kpcyjb66_tta_hybrid/predicted_lesions/thr0p4_mincc40/scan_0282_pred_lesion.nii.gz
scan_0282,probability_average,none,0.5,0,nan,0.1,0,1,1,0.0,0,nan,-1,nan,-1,nan,-1,-1,nan,-1,/data/data/DA25S005/miccai_tbi/MultiTalentV2_finetuning/checkpoints/validation2025_100/ensemble_2_models_e5ohnz5w_tta_ddp_kpcyjb66_tta_hybrid/predicted_lesions/thr0p5_mincc0/scan_0282_pred_lesion.nii.gz
scan_0282,probability_average,none,0.5,3,nan,0.1,0,1,1,0.0,0,nan,-1,nan,-1,nan,-1,-1,nan,-1,/data/data/DA25S005/miccai_tbi/MultiTalentV2_finetuning/checkpoints/validation2025_100/ensemble_2_models_e5ohnz5w_tta_ddp_kpcyjb66_tta_hybrid/predicted_lesions/thr0p5_mincc3/scan_0282_pred_lesion.nii.gz
scan_0282,probability_average,none,0.5,5,nan,0.1,0,1,1,0.0,0,nan,-1,nan,-1,nan,-1,-1,nan,-1,/data/data/DA25S005/miccai_tbi/MultiTalentV2_finetuning/checkpoints/validation2025_100/ensemble_2_models_e5ohnz5w_tta_ddp_kpcyjb66_tta_hybrid/predicted_lesions/thr0p5_mincc5/scan_0282_pred_lesion.nii.gz
scan_0282,probability_average,none,0.5,10,nan,0.1,0,1,1,0.0,0,nan,-1,nan,-1,nan,-1,-1,nan,-1,/data/data/DA25S005/miccai_tbi/MultiTalentV2_finetuning/checkpoints/validation2025_100/ensemble_2_models_e5ohnz5w_tta_ddp_kpcyjb66_tta_hybrid/predicted_lesions/thr0p5_mincc10/scan_0282_pred_lesion.nii.gz
scan_0282,probability_average,none,0.5,20,nan,0.1,0,1,1,0.0,0,nan,-1,nan,-1,nan,-1,-1,nan,-1,/data/data/DA25S005/miccai_tbi/MultiTalentV2_finetuning/checkpoints/validation2025_100/ensemble_2_models_e5ohnz5w_tta_ddp_kpcyjb66_tta_hybrid/predicted_lesions/thr0p5_mincc20/scan_0282_pred_lesion.nii.gz
scan_0282,probability_average,none,0.5,40,nan,0.1,0,1,1,0.0,0,nan,-1,nan,-1,nan,-1,-1,nan,-1,/data/data/DA25S005/miccai_tbi/MultiTalentV2_finetuning/checkpoints/validation2025_100/ensemble_2_models_e5ohnz5w_tta_ddp_kpcyjb66_tta_hybrid/predicted_lesions/thr0p5_mincc40/scan_0282_pred_lesion.nii.gz
scan_0286,probability_average,none,0.1,0,nan,0.1,0,1,1,0.0,0,nan,-1,nan,-1,nan,-1,-1,nan,-1,/data/data/DA25S005/miccai_tbi/MultiTalentV2_finetuning/checkpoints/validation2025_100/ensemble_2_models_e5ohnz5w_tta_ddp_kpcyjb66_tta_hybrid/predicted_lesions/thr0p1_mincc0/scan_0286_pred_lesion.nii.gz
scan_0286,probability_average,none,0.1,3,nan,0.1,0,1,1,0.0,0,nan,-1,nan,-1,nan,-1,-1,nan,-1,/data/data/DA25S005/miccai_tbi/MultiTalentV2_finetuning/checkpoints/validation2025_100/ensemble_2_models_e5ohnz5w_tta_ddp_kpcyjb66_tta_hybrid/predicted_lesions/thr0p1_mincc3/scan_0286_pred_lesion.nii.gz
scan_0286,probability_average,none,0.1,5,nan,0.1,0,1,1,0.0,0,nan,-1,nan,-1,nan,-1,-1,nan,-1,/data/data/DA25S005/miccai_tbi/MultiTalentV2_finetuning/checkpoints/validation2025_100/ensemble_2_models_e5ohnz5w_tta_ddp_kpcyjb66_tta_hybrid/predicted_lesions/thr0p1_mincc5/scan_0286_pred_lesion.nii.gz
scan_0286,probability_average,none,0.1,10,nan,0.1,0,1,1,0.0,0,nan,-1,nan,-1,nan,-1,-1,nan,-1,/data/data/DA25S005/miccai_tbi/MultiTalentV2_finetuning/checkpoints/validation2025_100/ensemble_2_models_e5ohnz5w_tta_ddp_kpcyjb66_tta_hybrid/predicted_lesions/thr0p1_mincc10/scan_0286_pred_lesion.nii.gz
scan_0286,probability_average,none,0.1,20,nan,0.1,0,1,1,0.0,0,nan,-1,nan,-1,nan,-1,-1,nan,-1,/data/data/DA25S005/miccai_tbi/MultiTalentV2_finetuning/checkpoints/validation2025_100/ensemble_2_models_e5ohnz5w_tta_ddp_kpcyjb66_tta_hybrid/predicted_lesions/thr0p1_mincc20/scan_0286_pred_lesion.nii.gz
scan_0286,probability_average,none,0.1,40,nan,0.1,0,1,1,0.0,0,nan,-1,nan,-1,nan,-1,-1,nan,-1,/data/data/DA25S005/miccai_tbi/MultiTalentV2_finetuning/checkpoints/validation2025_100/ensemble_2_models_e5ohnz5w_tta_ddp_kpcyjb66_tta_hybrid/predicted_lesions/thr0p1_mincc40/scan_0286_pred_lesion.nii.gz
scan_0286,probability_average,none,0.2,0,nan,0.1,0,1,1,0.0,0,nan,-1,nan,-1,nan,-1,-1,nan,-1,/data/data/DA25S005/miccai_tbi/MultiTalentV2_finetuning/checkpoints/validation2025_100/ensemble_2_models_e5ohnz5w_tta_ddp_kpcyjb66_tta_hybrid/predicted_lesions/thr0p2_mincc0/scan_0286_pred_lesion.nii.gz
scan_0286,probability_average,none,0.2,3,nan,0.1,0,1,1,0.0,0,nan,-1,nan,-1,nan,-1,-1,nan,-1,/data/data/DA25S005/miccai_tbi/MultiTalentV2_finetuning/checkpoints/validation2025_100/ensemble_2_models_e5ohnz5w_tta_ddp_kpcyjb66_tta_hybrid/predicted_lesions/thr0p2_mincc3/scan_0286_pred_lesion.nii.gz
scan_0286,probability_average,none,0.2,5,nan,0.1,0,1,1,0.0,0,nan,-1,nan,-1,nan,-1,-1,nan,-1,/data/data/DA25S005/miccai_tbi/MultiTalentV2_finetuning/checkpoints/validation2025_100/ensemble_2_models_e5ohnz5w_tta_ddp_kpcyjb66_tta_hybrid/predicted_lesions/thr0p2_mincc5/scan_0286_pred_lesion.nii.gz
scan_0286,probability_average,none,0.2,10,nan,0.1,0,1,1,0.0,0,nan,-1,nan,-1,nan,-1,-1,nan,-1,/data/data/DA25S005/miccai_tbi/MultiTalentV2_finetuning/checkpoints/validation2025_100/ensemble_2_models_e5ohnz5w_tta_ddp_kpcyjb66_tta_hybrid/predicted_lesions/thr0p2_mincc10/scan_0286_pred_lesion.nii.gz
scan_0286,probability_average,none,0.2,20,nan,0.1,0,1,1,0.0,0,nan,-1,nan,-1,nan,-1,-1,nan,-1,/data/data/DA25S005/miccai_tbi/MultiTalentV2_finetuning/checkpoints/validation2025_100/ensemble_2_models_e5ohnz5w_tta_ddp_kpcyjb66_tta_hybrid/predicted_lesions/thr0p2_mincc20/scan_0286_pred_lesion.nii.gz
scan_0286,probability_average,none,0.2,40,nan,0.1,0,1,1,0.0,0,nan,-1,nan,-1,nan,-1,-1,nan,-1,/data/data/DA25S005/miccai_tbi/MultiTalentV2_finetuning/checkpoints/validation2025_100/ensemble_2_models_e5ohnz5w_tta_ddp_kpcyjb66_tta_hybrid/predicted_lesions/thr0p2_mincc40/scan_0286_pred_lesion.nii.gz
scan_0286,probability_average,none,0.3,0,nan,0.1,0,1,1,0.0,0,nan,-1,nan,-1,nan,-1,-1,nan,-1,/data/data/DA25S005/miccai_tbi/MultiTalentV2_finetuning/checkpoints/validation2025_100/ensemble_2_models_e5ohnz5w_tta_ddp_kpcyjb66_tta_hybrid/predicted_lesions/thr0p3_mincc0/scan_0286_pred_lesion.nii.gz
scan_0286,probability_average,none,0.3,3,nan,0.1,0,1,1,0.0,0,nan,-1,nan,-1,nan,-1,-1,nan,-1,/data/data/DA25S005/miccai_tbi/MultiTalentV2_finetuning/checkpoints/validation2025_100/ensemble_2_models_e5ohnz5w_tta_ddp_kpcyjb66_tta_hybrid/predicted_lesions/thr0p3_mincc3/scan_0286_pred_lesion.nii.gz
scan_0286,probability_average,none,0.3,5,nan,0.1,0,1,1,0.0,0,nan,-1,nan,-1,nan,-1,-1,nan,-1,/data/data/DA25S005/miccai_tbi/MultiTalentV2_finetuning/checkpoints/validation2025_100/ensemble_2_models_e5ohnz5w_tta_ddp_kpcyjb66_tta_hybrid/predicted_lesions/thr0p3_mincc5/scan_0286_pred_lesion.nii.gz
scan_0286,probability_average,none,0.3,10,nan,0.1,0,1,1,0.0,0,nan,-1,nan,-1,nan,-1,-1,nan,-1,/data/data/DA25S005/miccai_tbi/MultiTalentV2_finetuning/checkpoints/validation2025_100/ensemble_2_models_e5ohnz5w_tta_ddp_kpcyjb66_tta_hybrid/predicted_lesions/thr0p3_mincc10/scan_0286_pred_lesion.nii.gz
scan_0286,probability_average,none,0.3,20,nan,0.1,0,1,1,0.0,0,nan,-1,nan,-1,nan,-1,-1,nan,-1,/data/data/DA25S005/miccai_tbi/MultiTalentV2_finetuning/checkpoints/validation2025_100/ensemble_2_models_e5ohnz5w_tta_ddp_kpcyjb66_tta_hybrid/predicted_lesions/thr0p3_mincc20/scan_0286_pred_lesion.nii.gz
scan_0286,probability_average,none,0.3,40,nan,0.1,0,1,1,0.0,0,nan,-1,nan,-1,nan,-1,-1,nan,-1,/data/data/DA25S005/miccai_tbi/MultiTalentV2_finetuning/checkpoints/validation2025_100/ensemble_2_models_e5ohnz5w_tta_ddp_kpcyjb66_tta_hybrid/predicted_lesions/thr0p3_mincc40/scan_0286_pred_lesion.nii.gz
scan_0286,probability_average,none,0.4,0,nan,0.1,0,1,1,0.0,0,nan,-1,nan,-1,nan,-1,-1,nan,-1,/data/data/DA25S005/miccai_tbi/MultiTalentV2_finetuning/checkpoints/validation2025_100/ensemble_2_models_e5ohnz5w_tta_ddp_kpcyjb66_tta_hybrid/predicted_lesions/thr0p4_mincc0/scan_0286_pred_lesion.nii.gz
scan_0286,probability_average,none,0.4,3,nan,0.1,0,1,1,0.0,0,nan,-1,nan,-1,nan,-1,-1,nan,-1,/data/data/DA25S005/miccai_tbi/MultiTalentV2_finetuning/checkpoints/validation2025_100/ensemble_2_models_e5ohnz5w_tta_ddp_kpcyjb66_tta_hybrid/predicted_lesions/thr0p4_mincc3/scan_0286_pred_lesion.nii.gz
scan_0286,probability_average,none,0.4,5,nan,0.1,0,1,1,0.0,0,nan,-1,nan,-1,nan,-1,-1,nan,-1,/data/data/DA25S005/miccai_tbi/MultiTalentV2_finetuning/checkpoints/validation2025_100/ensemble_2_models_e5ohnz5w_tta_ddp_kpcyjb66_tta_hybrid/predicted_lesions/thr0p4_mincc5/scan_0286_pred_lesion.nii.gz
scan_0286,probability_average,none,0.4,10,nan,0.1,0,1,1,0.0,0,nan,-1,nan,-1,nan,-1,-1,nan,-1,/data/data/DA25S005/miccai_tbi/MultiTalentV2_finetuning/checkpoints/validation2025_100/ensemble_2_models_e5ohnz5w_tta_ddp_kpcyjb66_tta_hybrid/predicted_lesions/thr0p4_mincc10/scan_0286_pred_lesion.nii.gz
scan_0286,probability_average,none,0.4,20,nan,0.1,0,1,1,0.0,0,nan,-1,nan,-1,nan,-1,-1,nan,-1,/data/data/DA25S005/miccai_tbi/MultiTalentV2_finetuning/checkpoints/validation2025_100/ensemble_2_models_e5ohnz5w_tta_ddp_kpcyjb66_tta_hybrid/predicted_lesions/thr0p4_mincc20/scan_0286_pred_lesion.nii.gz
scan_0286,probability_average,none,0.4,40,nan,0.1,0,1,1,0.0,0,nan,-1,nan,-1,nan,-1,-1,nan,-1,/data/data/DA25S005/miccai_tbi/MultiTalentV2_finetuning/checkpoints/validation2025_100/ensemble_2_models_e5ohnz5w_tta_ddp_kpcyjb66_tta_hybrid/predicted_lesions/thr0p4_mincc40/scan_0286_pred_lesion.nii.gz
scan_0286,probability_average,none,0.5,0,nan,0.1,0,1,1,0.0,0,nan,-1,nan,-1,nan,-1,-1,nan,-1,/data/data/DA25S005/miccai_tbi/MultiTalentV2_finetuning/checkpoints/validation2025_100/ensemble_2_models_e5ohnz5w_tta_ddp_kpcyjb66_tta_hybrid/predicted_lesions/thr0p5_mincc0/scan_0286_pred_lesion.nii.gz
scan_0286,probability_average,none,0.5,3,nan,0.1,0,1,1,0.0,0,nan,-1,nan,-1,nan,-1,-1,nan,-1,/data/data/DA25S005/miccai_tbi/MultiTalentV2_finetuning/checkpoints/validation2025_100/ensemble_2_models_e5ohnz5w_tta_ddp_kpcyjb66_tta_hybrid/predicted_lesions/thr0p5_mincc3/scan_0286_pred_lesion.nii.gz
scan_0286,probability_average,none,0.5,5,nan,0.1,0,1,1,0.0,0,nan,-1,nan,-1,nan,-1,-1,nan,-1,/data/data/DA25S005/miccai_tbi/MultiTalentV2_finetuning/checkpoints/validation2025_100/ensemble_2_models_e5ohnz5w_tta_ddp_kpcyjb66_tta_hybrid/predicted_lesions/thr0p5_mincc5/scan_0286_pred_lesion.nii.gz
scan_0286,probability_average,none,0.5,10,nan,0.1,0,1,1,0.0,0,nan,-1,nan,-1,nan,-1,-1,nan,-1,/data/data/DA25S005/miccai_tbi/MultiTalentV2_finetuning/checkpoints/validation2025_100/ensemble_2_models_e5ohnz5w_tta_ddp_kpcyjb66_tta_hybrid/predicted_lesions/thr0p5_mincc10/scan_0286_pred_lesion.nii.gz
scan_0286,probability_average,none,0.5,20,nan,0.1,0,1,1,0.0,0,nan,-1,nan,-1,nan,-1,-1,nan,-1,/data/data/DA25S005/miccai_tbi/MultiTalentV2_finetuning/checkpoints/validation2025_100/ensemble_2_models_e5ohnz5w_tta_ddp_kpcyjb66_tta_hybrid/predicted_lesions/thr0p5_mincc20/scan_0286_pred_lesion.nii.gz
scan_0286,probability_average,none,0.5,40,nan,0.1,0,1,1,0.0,0,nan,-1,nan,-1,nan,-1,-1,nan,-1,/data/data/DA25S005/miccai_tbi/MultiTalentV2_finetuning/checkpoints/validation2025_100/ensemble_2_models_e5ohnz5w_tta_ddp_kpcyjb66_tta_hybrid/predicted_lesions/thr0p5_mincc40/scan_0286_pred_lesion.nii.gz
scan_0287,probability_average,none,0.1,0,nan,0.1,0,1,1,0.0,0,nan,-1,nan,-1,nan,-1,-1,nan,-1,/data/data/DA25S005/miccai_tbi/MultiTalentV2_finetuning/checkpoints/validation2025_100/ensemble_2_models_e5ohnz5w_tta_ddp_kpcyjb66_tta_hybrid/predicted_lesions/thr0p1_mincc0/scan_0287_pred_lesion.nii.gz
scan_0287,probability_average,none,0.1,3,nan,0.1,0,1,1,0.0,0,nan,-1,nan,-1,nan,-1,-1,nan,-1,/data/data/DA25S005/miccai_tbi/MultiTalentV2_finetuning/checkpoints/validation2025_100/ensemble_2_models_e5ohnz5w_tta_ddp_kpcyjb66_tta_hybrid/predicted_lesions/thr0p1_mincc3/scan_0287_pred_lesion.nii.gz
scan_0287,probability_average,none,0.1,5,nan,0.1,0,1,1,0.0,0,nan,-1,nan,-1,nan,-1,-1,nan,-1,/data/data/DA25S005/miccai_tbi/MultiTalentV2_finetuning/checkpoints/validation2025_100/ensemble_2_models_e5ohnz5w_tta_ddp_kpcyjb66_tta_hybrid/predicted_lesions/thr0p1_mincc5/scan_0287_pred_lesion.nii.gz
scan_0287,probability_average,none,0.1,10,nan,0.1,0,1,1,0.0,0,nan,-1,nan,-1,nan,-1,-1,nan,-1,/data/data/DA25S005/miccai_tbi/MultiTalentV2_finetuning/checkpoints/validation2025_100/ensemble_2_models_e5ohnz5w_tta_ddp_kpcyjb66_tta_hybrid/predicted_lesions/thr0p1_mincc10/scan_0287_pred_lesion.nii.gz
scan_0287,probability_average,none,0.1,20,nan,0.1,0,1,1,0.0,0,nan,-1,nan,-1,nan,-1,-1,nan,-1,/data/data/DA25S005/miccai_tbi/MultiTalentV2_finetuning/checkpoints/validation2025_100/ensemble_2_models_e5ohnz5w_tta_ddp_kpcyjb66_tta_hybrid/predicted_lesions/thr0p1_mincc20/scan_0287_pred_lesion.nii.gz
scan_0287,probability_average,none,0.1,40,nan,0.1,0,1,1,0.0,0,nan,-1,nan,-1,nan,-1,-1,nan,-1,/data/data/DA25S005/miccai_tbi/MultiTalentV2_finetuning/checkpoints/validation2025_100/ensemble_2_models_e5ohnz5w_tta_ddp_kpcyjb66_tta_hybrid/predicted_lesions/thr0p1_mincc40/scan_0287_pred_lesion.nii.gz
scan_0287,probability_average,none,0.2,0,nan,0.1,0,1,1,0.0,0,nan,-1,nan,-1,nan,-1,-1,nan,-1,/data/data/DA25S005/miccai_tbi/MultiTalentV2_finetuning/checkpoints/validation2025_100/ensemble_2_models_e5ohnz5w_tta_ddp_kpcyjb66_tta_hybrid/predicted_lesions/thr0p2_mincc0/scan_0287_pred_lesion.nii.gz
scan_0287,probability_average,none,0.2,3,nan,0.1,0,1,1,0.0,0,nan,-1,nan,-1,nan,-1,-1,nan,-1,/data/data/DA25S005/miccai_tbi/MultiTalentV2_finetuning/checkpoints/validation2025_100/ensemble_2_models_e5ohnz5w_tta_ddp_kpcyjb66_tta_hybrid/predicted_lesions/thr0p2_mincc3/scan_0287_pred_lesion.nii.gz
scan_0287,probability_average,none,0.2,5,nan,0.1,0,1,1,0.0,0,nan,-1,nan,-1,nan,-1,-1,nan,-1,/data/data/DA25S005/miccai_tbi/MultiTalentV2_finetuning/checkpoints/validation2025_100/ensemble_2_models_e5ohnz5w_tta_ddp_kpcyjb66_tta_hybrid/predicted_lesions/thr0p2_mincc5/scan_0287_pred_lesion.nii.gz
scan_0287,probability_average,none,0.2,10,nan,0.1,0,1,1,0.0,0,nan,-1,nan,-1,nan,-1,-1,nan,-1,/data/data/DA25S005/miccai_tbi/MultiTalentV2_finetuning/checkpoints/validation2025_100/ensemble_2_models_e5ohnz5w_tta_ddp_kpcyjb66_tta_hybrid/predicted_lesions/thr0p2_mincc10/scan_0287_pred_lesion.nii.gz
scan_0287,probability_average,none,0.2,20,nan,0.1,0,1,1,0.0,0,nan,-1,nan,-1,nan,-1,-1,nan,-1,/data/data/DA25S005/miccai_tbi/MultiTalentV2_finetuning/checkpoints/validation2025_100/ensemble_2_models_e5ohnz5w_tta_ddp_kpcyjb66_tta_hybrid/predicted_lesions/thr0p2_mincc20/scan_0287_pred_lesion.nii.gz
scan_0287,probability_average,none,0.2,40,nan,0.1,0,1,1,0.0,0,nan,-1,nan,-1,nan,-1,-1,nan,-1,/data/data/DA25S005/miccai_tbi/MultiTalentV2_finetuning/checkpoints/validation2025_100/ensemble_2_models_e5ohnz5w_tta_ddp_kpcyjb66_tta_hybrid/predicted_lesions/thr0p2_mincc40/scan_0287_pred_lesion.nii.gz
scan_0287,probability_average,none,0.3,0,nan,0.1,0,1,1,0.0,0,nan,-1,nan,-1,nan,-1,-1,nan,-1,/data/data/DA25S005/miccai_tbi/MultiTalentV2_finetuning/checkpoints/validation2025_100/ensemble_2_models_e5ohnz5w_tta_ddp_kpcyjb66_tta_hybrid/predicted_lesions/thr0p3_mincc0/scan_0287_pred_lesion.nii.gz
scan_0287,probability_average,none,0.3,3,nan,0.1,0,1,1,0.0,0,nan,-1,nan,-1,nan,-1,-1,nan,-1,/data/data/DA25S005/miccai_tbi/MultiTalentV2_finetuning/checkpoints/validation2025_100/ensemble_2_models_e5ohnz5w_tta_ddp_kpcyjb66_tta_hybrid/predicted_lesions/thr0p3_mincc3/scan_0287_pred_lesion.nii.gz
scan_0287,probability_average,none,0.3,5,nan,0.1,0,1,1,0.0,0,nan,-1,nan,-1,nan,-1,-1,nan,-1,/data/data/DA25S005/miccai_tbi/MultiTalentV2_finetuning/checkpoints/validation2025_100/ensemble_2_models_e5ohnz5w_tta_ddp_kpcyjb66_tta_hybrid/predicted_lesions/thr0p3_mincc5/scan_0287_pred_lesion.nii.gz
scan_0287,probability_average,none,0.3,10,nan,0.1,0,1,1,0.0,0,nan,-1,nan,-1,nan,-1,-1,nan,-1,/data/data/DA25S005/miccai_tbi/MultiTalentV2_finetuning/checkpoints/validation2025_100/ensemble_2_models_e5ohnz5w_tta_ddp_kpcyjb66_tta_hybrid/predicted_lesions/thr0p3_mincc10/scan_0287_pred_lesion.nii.gz
scan_0287,probability_average,none,0.3,20,nan,0.1,0,1,1,0.0,0,nan,-1,nan,-1,nan,-1,-1,nan,-1,/data/data/DA25S005/miccai_tbi/MultiTalentV2_finetuning/checkpoints/validation2025_100/ensemble_2_models_e5ohnz5w_tta_ddp_kpcyjb66_tta_hybrid/predicted_lesions/thr0p3_mincc20/scan_0287_pred_lesion.nii.gz
scan_0287,probability_average,none,0.3,40,nan,0.1,0,1,1,0.0,0,nan,-1,nan,-1,nan,-1,-1,nan,-1,/data/data/DA25S005/miccai_tbi/MultiTalentV2_finetuning/checkpoints/validation2025_100/ensemble_2_models_e5ohnz5w_tta_ddp_kpcyjb66_tta_hybrid/predicted_lesions/thr0p3_mincc40/scan_0287_pred_lesion.nii.gz
scan_0287,probability_average,none,0.4,0,nan,0.1,0,1,1,0.0,0,nan,-1,nan,-1,nan,-1,-1,nan,-1,/data/data/DA25S005/miccai_tbi/MultiTalentV2_finetuning/checkpoints/validation2025_100/ensemble_2_models_e5ohnz5w_tta_ddp_kpcyjb66_tta_hybrid/predicted_lesions/thr0p4_mincc0/scan_0287_pred_lesion.nii.gz
scan_0287,probability_average,none,0.4,3,nan,0.1,0,1,1,0.0,0,nan,-1,nan,-1,nan,-1,-1,nan,-1,/data/data/DA25S005/miccai_tbi/MultiTalentV2_finetuning/checkpoints/validation2025_100/ensemble_2_models_e5ohnz5w_tta_ddp_kpcyjb66_tta_hybrid/predicted_lesions/thr0p4_mincc3/scan_0287_pred_lesion.nii.gz
scan_0287,probability_average,none,0.4,5,nan,0.1,0,1,1,0.0,0,nan,-1,nan,-1,nan,-1,-1,nan,-1,/data/data/DA25S005/miccai_tbi/MultiTalentV2_finetuning/checkpoints/validation2025_100/ensemble_2_models_e5ohnz5w_tta_ddp_kpcyjb66_tta_hybrid/predicted_lesions/thr0p4_mincc5/scan_0287_pred_lesion.nii.gz
scan_0287,probability_average,none,0.4,10,nan,0.1,0,1,1,0.0,0,nan,-1,nan,-1,nan,-1,-1,nan,-1,/data/data/DA25S005/miccai_tbi/MultiTalentV2_finetuning/checkpoints/validation2025_100/ensemble_2_models_e5ohnz5w_tta_ddp_kpcyjb66_tta_hybrid/predicted_lesions/thr0p4_mincc10/scan_0287_pred_lesion.nii.gz
scan_0287,probability_average,none,0.4,20,nan,0.1,0,1,1,0.0,0,nan,-1,nan,-1,nan,-1,-1,nan,-1,/data/data/DA25S005/miccai_tbi/MultiTalentV2_finetuning/checkpoints/validation2025_100/ensemble_2_models_e5ohnz5w_tta_ddp_kpcyjb66_tta_hybrid/predicted_lesions/thr0p4_mincc20/scan_0287_pred_lesion.nii.gz
scan_0287,probability_average,none,0.4,40,nan,0.1,0,1,1,0.0,0,nan,-1,nan,-1,nan,-1,-1,nan,-1,/data/data/DA25S005/miccai_tbi/MultiTalentV2_finetuning/checkpoints/validation2025_100/ensemble_2_models_e5ohnz5w_tta_ddp_kpcyjb66_tta_hybrid/predicted_lesions/thr0p4_mincc40/scan_0287_pred_lesion.nii.gz
scan_0287,probability_average,none,0.5,0,nan,0.1,0,1,1,0.0,0,nan,-1,nan,-1,nan,-1,-1,nan,-1,/data/data/DA25S005/miccai_tbi/MultiTalentV2_finetuning/checkpoints/validation2025_100/ensemble_2_models_e5ohnz5w_tta_ddp_kpcyjb66_tta_hybrid/predicted_lesions/thr0p5_mincc0/scan_0287_pred_lesion.nii.gz
scan_0287,probability_average,none,0.5,3,nan,0.1,0,1,1,0.0,0,nan,-1,nan,-1,nan,-1,-1,nan,-1,/data/data/DA25S005/miccai_tbi/MultiTalentV2_finetuning/checkpoints/validation2025_100/ensemble_2_models_e5ohnz5w_tta_ddp_kpcyjb66_tta_hybrid/predicted_lesions/thr0p5_mincc3/scan_0287_pred_lesion.nii.gz
scan_0287,probability_average,none,0.5,5,nan,0.1,0,1,1,0.0,0,nan,-1,nan,-1,nan,-1,-1,nan,-1,/data/data/DA25S005/miccai_tbi/MultiTalentV2_finetuning/checkpoints/validation2025_100/ensemble_2_models_e5ohnz5w_tta_ddp_kpcyjb66_tta_hybrid/predicted_lesions/thr0p5_mincc5/scan_0287_pred_lesion.nii.gz
scan_0287,probability_average,none,0.5,10,nan,0.1,0,1,1,0.0,0,nan,-1,nan,-1,nan,-1,-1,nan,-1,/data/data/DA25S005/miccai_tbi/MultiTalentV2_finetuning/checkpoints/validation2025_100/ensemble_2_models_e5ohnz5w_tta_ddp_kpcyjb66_tta_hybrid/predicted_lesions/thr0p5_mincc10/scan_0287_pred_lesion.nii.gz
scan_0287,probability_average,none,0.5,20,nan,0.1,0,1,1,0.0,0,nan,-1,nan,-1,nan,-1,-1,nan,-1,/data/data/DA25S005/miccai_tbi/MultiTalentV2_finetuning/checkpoints/validation2025_100/ensemble_2_models_e5ohnz5w_tta_ddp_kpcyjb66_tta_hybrid/predicted_lesions/thr0p5_mincc20/scan_0287_pred_lesion.nii.gz
scan_0287,probability_average,none,0.5,40,nan,0.1,0,1,1,0.0,0,nan,-1,nan,-1,nan,-1,-1,nan,-1,/data/data/DA25S005/miccai_tbi/MultiTalentV2_finetuning/checkpoints/validation2025_100/ensemble_2_models_e5ohnz5w_tta_ddp_kpcyjb66_tta_hybrid/predicted_lesions/thr0p5_mincc40/scan_0287_pred_lesion.nii.gz
scan_0293,probability_average,none,0.1,0,nan,0.1,0,1,1,0.0,0,nan,-1,nan,-1,nan,-1,-1,nan,-1,/data/data/DA25S005/miccai_tbi/MultiTalentV2_finetuning/checkpoints/validation2025_100/ensemble_2_models_e5ohnz5w_tta_ddp_kpcyjb66_tta_hybrid/predicted_lesions/thr0p1_mincc0/scan_0293_pred_lesion.nii.gz
scan_0293,probability_average,none,0.1,3,nan,0.1,0,1,1,0.0,0,nan,-1,nan,-1,nan,-1,-1,nan,-1,/data/data/DA25S005/miccai_tbi/MultiTalentV2_finetuning/checkpoints/validation2025_100/ensemble_2_models_e5ohnz5w_tta_ddp_kpcyjb66_tta_hybrid/predicted_lesions/thr0p1_mincc3/scan_0293_pred_lesion.nii.gz
scan_0293,probability_average,none,0.1,5,nan,0.1,0,1,1,0.0,0,nan,-1,nan,-1,nan,-1,-1,nan,-1,/data/data/DA25S005/miccai_tbi/MultiTalentV2_finetuning/checkpoints/validation2025_100/ensemble_2_models_e5ohnz5w_tta_ddp_kpcyjb66_tta_hybrid/predicted_lesions/thr0p1_mincc5/scan_0293_pred_lesion.nii.gz
scan_0293,probability_average,none,0.1,10,nan,0.1,0,1,1,0.0,0,nan,-1,nan,-1,nan,-1,-1,nan,-1,/data/data/DA25S005/miccai_tbi/MultiTalentV2_finetuning/checkpoints/validation2025_100/ensemble_2_models_e5ohnz5w_tta_ddp_kpcyjb66_tta_hybrid/predicted_lesions/thr0p1_mincc10/scan_0293_pred_lesion.nii.gz
scan_0293,probability_average,none,0.1,20,nan,0.1,0,1,1,0.0,0,nan,-1,nan,-1,nan,-1,-1,nan,-1,/data/data/DA25S005/miccai_tbi/MultiTalentV2_finetuning/checkpoints/validation2025_100/ensemble_2_models_e5ohnz5w_tta_ddp_kpcyjb66_tta_hybrid/predicted_lesions/thr0p1_mincc20/scan_0293_pred_lesion.nii.gz
scan_0293,probability_average,none,0.1,40,nan,0.1,0,1,1,0.0,0,nan,-1,nan,-1,nan,-1,-1,nan,-1,/data/data/DA25S005/miccai_tbi/MultiTalentV2_finetuning/checkpoints/validation2025_100/ensemble_2_models_e5ohnz5w_tta_ddp_kpcyjb66_tta_hybrid/predicted_lesions/thr0p1_mincc40/scan_0293_pred_lesion.nii.gz
scan_0293,probability_average,none,0.2,0,nan,0.1,0,1,1,0.0,0,nan,-1,nan,-1,nan,-1,-1,nan,-1,/data/data/DA25S005/miccai_tbi/MultiTalentV2_finetuning/checkpoints/validation2025_100/ensemble_2_models_e5ohnz5w_tta_ddp_kpcyjb66_tta_hybrid/predicted_lesions/thr0p2_mincc0/scan_0293_pred_lesion.nii.gz
scan_0293,probability_average,none,0.2,3,nan,0.1,0,1,1,0.0,0,nan,-1,nan,-1,nan,-1,-1,nan,-1,/data/data/DA25S005/miccai_tbi/MultiTalentV2_finetuning/checkpoints/validation2025_100/ensemble_2_models_e5ohnz5w_tta_ddp_kpcyjb66_tta_hybrid/predicted_lesions/thr0p2_mincc3/scan_0293_pred_lesion.nii.gz
scan_0293,probability_average,none,0.2,5,nan,0.1,0,1,1,0.0,0,nan,-1,nan,-1,nan,-1,-1,nan,-1,/data/data/DA25S005/miccai_tbi/MultiTalentV2_finetuning/checkpoints/validation2025_100/ensemble_2_models_e5ohnz5w_tta_ddp_kpcyjb66_tta_hybrid/predicted_lesions/thr0p2_mincc5/scan_0293_pred_lesion.nii.gz
scan_0293,probability_average,none,0.2,10,nan,0.1,0,1,1,0.0,0,nan,-1,nan,-1,nan,-1,-1,nan,-1,/data/data/DA25S005/miccai_tbi/MultiTalentV2_finetuning/checkpoints/validation2025_100/ensemble_2_models_e5ohnz5w_tta_ddp_kpcyjb66_tta_hybrid/predicted_lesions/thr0p2_mincc10/scan_0293_pred_lesion.nii.gz
scan_0293,probability_average,none,0.2,20,nan,0.1,0,1,1,0.0,0,nan,-1,nan,-1,nan,-1,-1,nan,-1,/data/data/DA25S005/miccai_tbi/MultiTalentV2_finetuning/checkpoints/validation2025_100/ensemble_2_models_e5ohnz5w_tta_ddp_kpcyjb66_tta_hybrid/predicted_lesions/thr0p2_mincc20/scan_0293_pred_lesion.nii.gz
scan_0293,probability_average,none,0.2,40,nan,0.1,0,1,1,0.0,0,nan,-1,nan,-1,nan,-1,-1,nan,-1,/data/data/DA25S005/miccai_tbi/MultiTalentV2_finetuning/checkpoints/validation2025_100/ensemble_2_models_e5ohnz5w_tta_ddp_kpcyjb66_tta_hybrid/predicted_lesions/thr0p2_mincc40/scan_0293_pred_lesion.nii.gz
scan_0293,probability_average,none,0.3,0,nan,0.1,0,1,1,0.0,0,nan,-1,nan,-1,nan,-1,-1,nan,-1,/data/data/DA25S005/miccai_tbi/MultiTalentV2_finetuning/checkpoints/validation2025_100/ensemble_2_models_e5ohnz5w_tta_ddp_kpcyjb66_tta_hybrid/predicted_lesions/thr0p3_mincc0/scan_0293_pred_lesion.nii.gz
scan_0293,probability_average,none,0.3,3,nan,0.1,0,1,1,0.0,0,nan,-1,nan,-1,nan,-1,-1,nan,-1,/data/data/DA25S005/miccai_tbi/MultiTalentV2_finetuning/checkpoints/validation2025_100/ensemble_2_models_e5ohnz5w_tta_ddp_kpcyjb66_tta_hybrid/predicted_lesions/thr0p3_mincc3/scan_0293_pred_lesion.nii.gz
scan_0293,probability_average,none,0.3,5,nan,0.1,0,1,1,0.0,0,nan,-1,nan,-1,nan,-1,-1,nan,-1,/data/data/DA25S005/miccai_tbi/MultiTalentV2_finetuning/checkpoints/validation2025_100/ensemble_2_models_e5ohnz5w_tta_ddp_kpcyjb66_tta_hybrid/predicted_lesions/thr0p3_mincc5/scan_0293_pred_lesion.nii.gz
scan_0293,probability_average,none,0.3,10,nan,0.1,0,1,1,0.0,0,nan,-1,nan,-1,nan,-1,-1,nan,-1,/data/data/DA25S005/miccai_tbi/MultiTalentV2_finetuning/checkpoints/validation2025_100/ensemble_2_models_e5ohnz5w_tta_ddp_kpcyjb66_tta_hybrid/predicted_lesions/thr0p3_mincc10/scan_0293_pred_lesion.nii.gz
scan_0293,probability_average,none,0.3,20,nan,0.1,0,1,1,0.0,0,nan,-1,nan,-1,nan,-1,-1,nan,-1,/data/data/DA25S005/miccai_tbi/MultiTalentV2_finetuning/checkpoints/validation2025_100/ensemble_2_models_e5ohnz5w_tta_ddp_kpcyjb66_tta_hybrid/predicted_lesions/thr0p3_mincc20/scan_0293_pred_lesion.nii.gz
scan_0293,probability_average,none,0.3,40,nan,0.1,0,1,1,0.0,0,nan,-1,nan,-1,nan,-1,-1,nan,-1,/data/data/DA25S005/miccai_tbi/MultiTalentV2_finetuning/checkpoints/validation2025_100/ensemble_2_models_e5ohnz5w_tta_ddp_kpcyjb66_tta_hybrid/predicted_lesions/thr0p3_mincc40/scan_0293_pred_lesion.nii.gz
scan_0293,probability_average,none,0.4,0,nan,0.1,0,1,1,0.0,0,nan,-1,nan,-1,nan,-1,-1,nan,-1,/data/data/DA25S005/miccai_tbi/MultiTalentV2_finetuning/checkpoints/validation2025_100/ensemble_2_models_e5ohnz5w_tta_ddp_kpcyjb66_tta_hybrid/predicted_lesions/thr0p4_mincc0/scan_0293_pred_lesion.nii.gz
scan_0293,probability_average,none,0.4,3,nan,0.1,0,1,1,0.0,0,nan,-1,nan,-1,nan,-1,-1,nan,-1,/data/data/DA25S005/miccai_tbi/MultiTalentV2_finetuning/checkpoints/validation2025_100/ensemble_2_models_e5ohnz5w_tta_ddp_kpcyjb66_tta_hybrid/predicted_lesions/thr0p4_mincc3/scan_0293_pred_lesion.nii.gz
scan_0293,probability_average,none,0.4,5,nan,0.1,0,1,1,0.0,0,nan,-1,nan,-1,nan,-1,-1,nan,-1,/data/data/DA25S005/miccai_tbi/MultiTalentV2_finetuning/checkpoints/validation2025_100/ensemble_2_models_e5ohnz5w_tta_ddp_kpcyjb66_tta_hybrid/predicted_lesions/thr0p4_mincc5/scan_0293_pred_lesion.nii.gz
scan_0293,probability_average,none,0.4,10,nan,0.1,0,1,1,0.0,0,nan,-1,nan,-1,nan,-1,-1,nan,-1,/data/data/DA25S005/miccai_tbi/MultiTalentV2_finetuning/checkpoints/validation2025_100/ensemble_2_models_e5ohnz5w_tta_ddp_kpcyjb66_tta_hybrid/predicted_lesions/thr0p4_mincc10/scan_0293_pred_lesion.nii.gz
scan_0293,probability_average,none,0.4,20,nan,0.1,0,1,1,0.0,0,nan,-1,nan,-1,nan,-1,-1,nan,-1,/data/data/DA25S005/miccai_tbi/MultiTalentV2_finetuning/checkpoints/validation2025_100/ensemble_2_models_e5ohnz5w_tta_ddp_kpcyjb66_tta_hybrid/predicted_lesions/thr0p4_mincc20/scan_0293_pred_lesion.nii.gz
scan_0293,probability_average,none,0.4,40,nan,0.1,0,1,1,0.0,0,nan,-1,nan,-1,nan,-1,-1,nan,-1,/data/data/DA25S005/miccai_tbi/MultiTalentV2_finetuning/checkpoints/validation2025_100/ensemble_2_models_e5ohnz5w_tta_ddp_kpcyjb66_tta_hybrid/predicted_lesions/thr0p4_mincc40/scan_0293_pred_lesion.nii.gz
scan_0293,probability_average,none,0.5,0,nan,0.1,0,1,1,0.0,0,nan,-1,nan,-1,nan,-1,-1,nan,-1,/data/data/DA25S005/miccai_tbi/MultiTalentV2_finetuning/checkpoints/validation2025_100/ensemble_2_models_e5ohnz5w_tta_ddp_kpcyjb66_tta_hybrid/predicted_lesions/thr0p5_mincc0/scan_0293_pred_lesion.nii.gz
scan_0293,probability_average,none,0.5,3,nan,0.1,0,1,1,0.0,0,nan,-1,nan,-1,nan,-1,-1,nan,-1,/data/data/DA25S005/miccai_tbi/MultiTalentV2_finetuning/checkpoints/validation2025_100/ensemble_2_models_e5ohnz5w_tta_ddp_kpcyjb66_tta_hybrid/predicted_lesions/thr0p5_mincc3/scan_0293_pred_lesion.nii.gz
scan_0293,probability_average,none,0.5,5,nan,0.1,0,1,1,0.0,0,nan,-1,nan,-1,nan,-1,-1,nan,-1,/data/data/DA25S005/miccai_tbi/MultiTalentV2_finetuning/checkpoints/validation2025_100/ensemble_2_models_e5ohnz5w_tta_ddp_kpcyjb66_tta_hybrid/predicted_lesions/thr0p5_mincc5/scan_0293_pred_lesion.nii.gz
scan_0293,probability_average,none,0.5,10,nan,0.1,0,1,1,0.0,0,nan,-1,nan,-1,nan,-1,-1,nan,-1,/data/data/DA25S005/miccai_tbi/MultiTalentV2_finetuning/checkpoints/validation2025_100/ensemble_2_models_e5ohnz5w_tta_ddp_kpcyjb66_tta_hybrid/predicted_lesions/thr0p5_mincc10/scan_0293_pred_lesion.nii.gz
scan_0293,probability_average,none,0.5,20,nan,0.1,0,1,1,0.0,0,nan,-1,nan,-1,nan,-1,-1,nan,-1,/data/data/DA25S005/miccai_tbi/MultiTalentV2_finetuning/checkpoints/validation2025_100/ensemble_2_models_e5ohnz5w_tta_ddp_kpcyjb66_tta_hybrid/predicted_lesions/thr0p5_mincc20/scan_0293_pred_lesion.nii.gz
scan_0293,probability_average,none,0.5,40,nan,0.1,0,1,1,0.0,0,nan,-1,nan,-1,nan,-1,-1,nan,-1,/data/data/DA25S005/miccai_tbi/MultiTalentV2_finetuning/checkpoints/validation2025_100/ensemble_2_models_e5ohnz5w_tta_ddp_kpcyjb66_tta_hybrid/predicted_lesions/thr0p5_mincc40/scan_0293_pred_lesion.nii.gz
scan_0295,probability_average,none,0.1,0,nan,0.1,0,1,1,0.0,0,nan,-1,nan,-1,nan,-1,-1,nan,-1,/data/data/DA25S005/miccai_tbi/MultiTalentV2_finetuning/checkpoints/validation2025_100/ensemble_2_models_e5ohnz5w_tta_ddp_kpcyjb66_tta_hybrid/predicted_lesions/thr0p1_mincc0/scan_0295_pred_lesion.nii.gz
scan_0295,probability_average,none,0.1,3,nan,0.1,0,1,1,0.0,0,nan,-1,nan,-1,nan,-1,-1,nan,-1,/data/data/DA25S005/miccai_tbi/MultiTalentV2_finetuning/checkpoints/validation2025_100/ensemble_2_models_e5ohnz5w_tta_ddp_kpcyjb66_tta_hybrid/predicted_lesions/thr0p1_mincc3/scan_0295_pred_lesion.nii.gz
scan_0295,probability_average,none,0.1,5,nan,0.1,0,1,1,0.0,0,nan,-1,nan,-1,nan,-1,-1,nan,-1,/data/data/DA25S005/miccai_tbi/MultiTalentV2_finetuning/checkpoints/validation2025_100/ensemble_2_models_e5ohnz5w_tta_ddp_kpcyjb66_tta_hybrid/predicted_lesions/thr0p1_mincc5/scan_0295_pred_lesion.nii.gz
scan_0295,probability_average,none,0.1,10,nan,0.1,0,1,1,0.0,0,nan,-1,nan,-1,nan,-1,-1,nan,-1,/data/data/DA25S005/miccai_tbi/MultiTalentV2_finetuning/checkpoints/validation2025_100/ensemble_2_models_e5ohnz5w_tta_ddp_kpcyjb66_tta_hybrid/predicted_lesions/thr0p1_mincc10/scan_0295_pred_lesion.nii.gz
scan_0295,probability_average,none,0.1,20,nan,0.1,0,1,1,0.0,0,nan,-1,nan,-1,nan,-1,-1,nan,-1,/data/data/DA25S005/miccai_tbi/MultiTalentV2_finetuning/checkpoints/validation2025_100/ensemble_2_models_e5ohnz5w_tta_ddp_kpcyjb66_tta_hybrid/predicted_lesions/thr0p1_mincc20/scan_0295_pred_lesion.nii.gz
scan_0295,probability_average,none,0.1,40,nan,0.1,0,1,1,0.0,0,nan,-1,nan,-1,nan,-1,-1,nan,-1,/data/data/DA25S005/miccai_tbi/MultiTalentV2_finetuning/checkpoints/validation2025_100/ensemble_2_models_e5ohnz5w_tta_ddp_kpcyjb66_tta_hybrid/predicted_lesions/thr0p1_mincc40/scan_0295_pred_lesion.nii.gz
scan_0295,probability_average,none,0.2,0,nan,0.1,0,1,1,0.0,0,nan,-1,nan,-1,nan,-1,-1,nan,-1,/data/data/DA25S005/miccai_tbi/MultiTalentV2_finetuning/checkpoints/validation2025_100/ensemble_2_models_e5ohnz5w_tta_ddp_kpcyjb66_tta_hybrid/predicted_lesions/thr0p2_mincc0/scan_0295_pred_lesion.nii.gz
scan_0295,probability_average,none,0.2,3,nan,0.1,0,1,1,0.0,0,nan,-1,nan,-1,nan,-1,-1,nan,-1,/data/data/DA25S005/miccai_tbi/MultiTalentV2_finetuning/checkpoints/validation2025_100/ensemble_2_models_e5ohnz5w_tta_ddp_kpcyjb66_tta_hybrid/predicted_lesions/thr0p2_mincc3/scan_0295_pred_lesion.nii.gz
scan_0295,probability_average,none,0.2,5,nan,0.1,0,1,1,0.0,0,nan,-1,nan,-1,nan,-1,-1,nan,-1,/data/data/DA25S005/miccai_tbi/MultiTalentV2_finetuning/checkpoints/validation2025_100/ensemble_2_models_e5ohnz5w_tta_ddp_kpcyjb66_tta_hybrid/predicted_lesions/thr0p2_mincc5/scan_0295_pred_lesion.nii.gz
scan_0295,probability_average,none,0.2,10,nan,0.1,0,1,1,0.0,0,nan,-1,nan,-1,nan,-1,-1,nan,-1,/data/data/DA25S005/miccai_tbi/MultiTalentV2_finetuning/checkpoints/validation2025_100/ensemble_2_models_e5ohnz5w_tta_ddp_kpcyjb66_tta_hybrid/predicted_lesions/thr0p2_mincc10/scan_0295_pred_lesion.nii.gz
scan_0295,probability_average,none,0.2,20,nan,0.1,0,1,1,0.0,0,nan,-1,nan,-1,nan,-1,-1,nan,-1,/data/data/DA25S005/miccai_tbi/MultiTalentV2_finetuning/checkpoints/validation2025_100/ensemble_2_models_e5ohnz5w_tta_ddp_kpcyjb66_tta_hybrid/predicted_lesions/thr0p2_mincc20/scan_0295_pred_lesion.nii.gz
scan_0295,probability_average,none,0.2,40,nan,0.1,0,1,1,0.0,0,nan,-1,nan,-1,nan,-1,-1,nan,-1,/data/data/DA25S005/miccai_tbi/MultiTalentV2_finetuning/checkpoints/validation2025_100/ensemble_2_models_e5ohnz5w_tta_ddp_kpcyjb66_tta_hybrid/predicted_lesions/thr0p2_mincc40/scan_0295_pred_lesion.nii.gz
scan_0295,probability_average,none,0.3,0,nan,0.1,0,1,1,0.0,0,nan,-1,nan,-1,nan,-1,-1,nan,-1,/data/data/DA25S005/miccai_tbi/MultiTalentV2_finetuning/checkpoints/validation2025_100/ensemble_2_models_e5ohnz5w_tta_ddp_kpcyjb66_tta_hybrid/predicted_lesions/thr0p3_mincc0/scan_0295_pred_lesion.nii.gz
scan_0295,probability_average,none,0.3,3,nan,0.1,0,1,1,0.0,0,nan,-1,nan,-1,nan,-1,-1,nan,-1,/data/data/DA25S005/miccai_tbi/MultiTalentV2_finetuning/checkpoints/validation2025_100/ensemble_2_models_e5ohnz5w_tta_ddp_kpcyjb66_tta_hybrid/predicted_lesions/thr0p3_mincc3/scan_0295_pred_lesion.nii.gz
scan_0295,probability_average,none,0.3,5,nan,0.1,0,1,1,0.0,0,nan,-1,nan,-1,nan,-1,-1,nan,-1,/data/data/DA25S005/miccai_tbi/MultiTalentV2_finetuning/checkpoints/validation2025_100/ensemble_2_models_e5ohnz5w_tta_ddp_kpcyjb66_tta_hybrid/predicted_lesions/thr0p3_mincc5/scan_0295_pred_lesion.nii.gz
scan_0295,probability_average,none,0.3,10,nan,0.1,0,1,1,0.0,0,nan,-1,nan,-1,nan,-1,-1,nan,-1,/data/data/DA25S005/miccai_tbi/MultiTalentV2_finetuning/checkpoints/validation2025_100/ensemble_2_models_e5ohnz5w_tta_ddp_kpcyjb66_tta_hybrid/predicted_lesions/thr0p3_mincc10/scan_0295_pred_lesion.nii.gz
scan_0295,probability_average,none,0.3,20,nan,0.1,0,1,1,0.0,0,nan,-1,nan,-1,nan,-1,-1,nan,-1,/data/data/DA25S005/miccai_tbi/MultiTalentV2_finetuning/checkpoints/validation2025_100/ensemble_2_models_e5ohnz5w_tta_ddp_kpcyjb66_tta_hybrid/predicted_lesions/thr0p3_mincc20/scan_0295_pred_lesion.nii.gz
scan_0295,probability_average,none,0.3,40,nan,0.1,0,1,1,0.0,0,nan,-1,nan,-1,nan,-1,-1,nan,-1,/data/data/DA25S005/miccai_tbi/MultiTalentV2_finetuning/checkpoints/validation2025_100/ensemble_2_models_e5ohnz5w_tta_ddp_kpcyjb66_tta_hybrid/predicted_lesions/thr0p3_mincc40/scan_0295_pred_lesion.nii.gz
scan_0295,probability_average,none,0.4,0,nan,0.1,0,1,1,0.0,0,nan,-1,nan,-1,nan,-1,-1,nan,-1,/data/data/DA25S005/miccai_tbi/MultiTalentV2_finetuning/checkpoints/validation2025_100/ensemble_2_models_e5ohnz5w_tta_ddp_kpcyjb66_tta_hybrid/predicted_lesions/thr0p4_mincc0/scan_0295_pred_lesion.nii.gz
scan_0295,probability_average,none,0.4,3,nan,0.1,0,1,1,0.0,0,nan,-1,nan,-1,nan,-1,-1,nan,-1,/data/data/DA25S005/miccai_tbi/MultiTalentV2_finetuning/checkpoints/validation2025_100/ensemble_2_models_e5ohnz5w_tta_ddp_kpcyjb66_tta_hybrid/predicted_lesions/thr0p4_mincc3/scan_0295_pred_lesion.nii.gz
scan_0295,probability_average,none,0.4,5,nan,0.1,0,1,1,0.0,0,nan,-1,nan,-1,nan,-1,-1,nan,-1,/data/data/DA25S005/miccai_tbi/MultiTalentV2_finetuning/checkpoints/validation2025_100/ensemble_2_models_e5ohnz5w_tta_ddp_kpcyjb66_tta_hybrid/predicted_lesions/thr0p4_mincc5/scan_0295_pred_lesion.nii.gz
scan_0295,probability_average,none,0.4,10,nan,0.1,0,1,1,0.0,0,nan,-1,nan,-1,nan,-1,-1,nan,-1,/data/data/DA25S005/miccai_tbi/MultiTalentV2_finetuning/checkpoints/validation2025_100/ensemble_2_models_e5ohnz5w_tta_ddp_kpcyjb66_tta_hybrid/predicted_lesions/thr0p4_mincc10/scan_0295_pred_lesion.nii.gz
scan_0295,probability_average,none,0.4,20,nan,0.1,0,1,1,0.0,0,nan,-1,nan,-1,nan,-1,-1,nan,-1,/data/data/DA25S005/miccai_tbi/MultiTalentV2_finetuning/checkpoints/validation2025_100/ensemble_2_models_e5ohnz5w_tta_ddp_kpcyjb66_tta_hybrid/predicted_lesions/thr0p4_mincc20/scan_0295_pred_lesion.nii.gz
scan_0295,probability_average,none,0.4,40,nan,0.1,0,1,1,0.0,0,nan,-1,nan,-1,nan,-1,-1,nan,-1,/data/data/DA25S005/miccai_tbi/MultiTalentV2_finetuning/checkpoints/validation2025_100/ensemble_2_models_e5ohnz5w_tta_ddp_kpcyjb66_tta_hybrid/predicted_lesions/thr0p4_mincc40/scan_0295_pred_lesion.nii.gz
scan_0295,probability_average,none,0.5,0,nan,0.1,0,1,1,0.0,0,nan,-1,nan,-1,nan,-1,-1,nan,-1,/data/data/DA25S005/miccai_tbi/MultiTalentV2_finetuning/checkpoints/validation2025_100/ensemble_2_models_e5ohnz5w_tta_ddp_kpcyjb66_tta_hybrid/predicted_lesions/thr0p5_mincc0/scan_0295_pred_lesion.nii.gz
scan_0295,probability_average,none,0.5,3,nan,0.1,0,1,1,0.0,0,nan,-1,nan,-1,nan,-1,-1,nan,-1,/data/data/DA25S005/miccai_tbi/MultiTalentV2_finetuning/checkpoints/validation2025_100/ensemble_2_models_e5ohnz5w_tta_ddp_kpcyjb66_tta_hybrid/predicted_lesions/thr0p5_mincc3/scan_0295_pred_lesion.nii.gz
scan_0295,probability_average,none,0.5,5,nan,0.1,0,1,1,0.0,0,nan,-1,nan,-1,nan,-1,-1,nan,-1,/data/data/DA25S005/miccai_tbi/MultiTalentV2_finetuning/checkpoints/validation2025_100/ensemble_2_models_e5ohnz5w_tta_ddp_kpcyjb66_tta_hybrid/predicted_lesions/thr0p5_mincc5/scan_0295_pred_lesion.nii.gz
scan_0295,probability_average,none,0.5,10,nan,0.1,0,1,1,0.0,0,nan,-1,nan,-1,nan,-1,-1,nan,-1,/data/data/DA25S005/miccai_tbi/MultiTalentV2_finetuning/checkpoints/validation2025_100/ensemble_2_models_e5ohnz5w_tta_ddp_kpcyjb66_tta_hybrid/predicted_lesions/thr0p5_mincc10/scan_0295_pred_lesion.nii.gz
scan_0295,probability_average,none,0.5,20,nan,0.1,0,1,1,0.0,0,nan,-1,nan,-1,nan,-1,-1,nan,-1,/data/data/DA25S005/miccai_tbi/MultiTalentV2_finetuning/checkpoints/validation2025_100/ensemble_2_models_e5ohnz5w_tta_ddp_kpcyjb66_tta_hybrid/predicted_lesions/thr0p5_mincc20/scan_0295_pred_lesion.nii.gz
scan_0295,probability_average,none,0.5,40,nan,0.1,0,1,1,0.0,0,nan,-1,nan,-1,nan,-1,-1,nan,-1,/data/data/DA25S005/miccai_tbi/MultiTalentV2_finetuning/checkpoints/validation2025_100/ensemble_2_models_e5ohnz5w_tta_ddp_kpcyjb66_tta_hybrid/predicted_lesions/thr0p5_mincc40/scan_0295_pred_lesion.nii.gz
scan_0300,probability_average,none,0.1,0,nan,0.1,0,1,1,0.0,0,nan,-1,nan,-1,nan,-1,-1,nan,-1,/data/data/DA25S005/miccai_tbi/MultiTalentV2_finetuning/checkpoints/validation2025_100/ensemble_2_models_e5ohnz5w_tta_ddp_kpcyjb66_tta_hybrid/predicted_lesions/thr0p1_mincc0/scan_0300_pred_lesion.nii.gz
scan_0300,probability_average,none,0.1,3,nan,0.1,0,1,1,0.0,0,nan,-1,nan,-1,nan,-1,-1,nan,-1,/data/data/DA25S005/miccai_tbi/MultiTalentV2_finetuning/checkpoints/validation2025_100/ensemble_2_models_e5ohnz5w_tta_ddp_kpcyjb66_tta_hybrid/predicted_lesions/thr0p1_mincc3/scan_0300_pred_lesion.nii.gz
scan_0300,probability_average,none,0.1,5,nan,0.1,0,1,1,0.0,0,nan,-1,nan,-1,nan,-1,-1,nan,-1,/data/data/DA25S005/miccai_tbi/MultiTalentV2_finetuning/checkpoints/validation2025_100/ensemble_2_models_e5ohnz5w_tta_ddp_kpcyjb66_tta_hybrid/predicted_lesions/thr0p1_mincc5/scan_0300_pred_lesion.nii.gz
scan_0300,probability_average,none,0.1,10,nan,0.1,0,1,1,0.0,0,nan,-1,nan,-1,nan,-1,-1,nan,-1,/data/data/DA25S005/miccai_tbi/MultiTalentV2_finetuning/checkpoints/validation2025_100/ensemble_2_models_e5ohnz5w_tta_ddp_kpcyjb66_tta_hybrid/predicted_lesions/thr0p1_mincc10/scan_0300_pred_lesion.nii.gz
scan_0300,probability_average,none,0.1,20,nan,0.1,0,1,1,0.0,0,nan,-1,nan,-1,nan,-1,-1,nan,-1,/data/data/DA25S005/miccai_tbi/MultiTalentV2_finetuning/checkpoints/validation2025_100/ensemble_2_models_e5ohnz5w_tta_ddp_kpcyjb66_tta_hybrid/predicted_lesions/thr0p1_mincc20/scan_0300_pred_lesion.nii.gz
scan_0300,probability_average,none,0.1,40,nan,0.1,0,1,1,0.0,0,nan,-1,nan,-1,nan,-1,-1,nan,-1,/data/data/DA25S005/miccai_tbi/MultiTalentV2_finetuning/checkpoints/validation2025_100/ensemble_2_models_e5ohnz5w_tta_ddp_kpcyjb66_tta_hybrid/predicted_lesions/thr0p1_mincc40/scan_0300_pred_lesion.nii.gz
scan_0300,probability_average,none,0.2,0,nan,0.1,0,1,1,0.0,0,nan,-1,nan,-1,nan,-1,-1,nan,-1,/data/data/DA25S005/miccai_tbi/MultiTalentV2_finetuning/checkpoints/validation2025_100/ensemble_2_models_e5ohnz5w_tta_ddp_kpcyjb66_tta_hybrid/predicted_lesions/thr0p2_mincc0/scan_0300_pred_lesion.nii.gz
scan_0300,probability_average,none,0.2,3,nan,0.1,0,1,1,0.0,0,nan,-1,nan,-1,nan,-1,-1,nan,-1,/data/data/DA25S005/miccai_tbi/MultiTalentV2_finetuning/checkpoints/validation2025_100/ensemble_2_models_e5ohnz5w_tta_ddp_kpcyjb66_tta_hybrid/predicted_lesions/thr0p2_mincc3/scan_0300_pred_lesion.nii.gz
scan_0300,probability_average,none,0.2,5,nan,0.1,0,1,1,0.0,0,nan,-1,nan,-1,nan,-1,-1,nan,-1,/data/data/DA25S005/miccai_tbi/MultiTalentV2_finetuning/checkpoints/validation2025_100/ensemble_2_models_e5ohnz5w_tta_ddp_kpcyjb66_tta_hybrid/predicted_lesions/thr0p2_mincc5/scan_0300_pred_lesion.nii.gz
scan_0300,probability_average,none,0.2,10,nan,0.1,0,1,1,0.0,0,nan,-1,nan,-1,nan,-1,-1,nan,-1,/data/data/DA25S005/miccai_tbi/MultiTalentV2_finetuning/checkpoints/validation2025_100/ensemble_2_models_e5ohnz5w_tta_ddp_kpcyjb66_tta_hybrid/predicted_lesions/thr0p2_mincc10/scan_0300_pred_lesion.nii.gz
scan_0300,probability_average,none,0.2,20,nan,0.1,0,1,1,0.0,0,nan,-1,nan,-1,nan,-1,-1,nan,-1,/data/data/DA25S005/miccai_tbi/MultiTalentV2_finetuning/checkpoints/validation2025_100/ensemble_2_models_e5ohnz5w_tta_ddp_kpcyjb66_tta_hybrid/predicted_lesions/thr0p2_mincc20/scan_0300_pred_lesion.nii.gz
scan_0300,probability_average,none,0.2,40,nan,0.1,0,1,1,0.0,0,nan,-1,nan,-1,nan,-1,-1,nan,-1,/data/data/DA25S005/miccai_tbi/MultiTalentV2_finetuning/checkpoints/validation2025_100/ensemble_2_models_e5ohnz5w_tta_ddp_kpcyjb66_tta_hybrid/predicted_lesions/thr0p2_mincc40/scan_0300_pred_lesion.nii.gz
scan_0300,probability_average,none,0.3,0,nan,0.1,0,1,1,0.0,0,nan,-1,nan,-1,nan,-1,-1,nan,-1,/data/data/DA25S005/miccai_tbi/MultiTalentV2_finetuning/checkpoints/validation2025_100/ensemble_2_models_e5ohnz5w_tta_ddp_kpcyjb66_tta_hybrid/predicted_lesions/thr0p3_mincc0/scan_0300_pred_lesion.nii.gz
scan_0300,probability_average,none,0.3,3,nan,0.1,0,1,1,0.0,0,nan,-1,nan,-1,nan,-1,-1,nan,-1,/data/data/DA25S005/miccai_tbi/MultiTalentV2_finetuning/checkpoints/validation2025_100/ensemble_2_models_e5ohnz5w_tta_ddp_kpcyjb66_tta_hybrid/predicted_lesions/thr0p3_mincc3/scan_0300_pred_lesion.nii.gz
scan_0300,probability_average,none,0.3,5,nan,0.1,0,1,1,0.0,0,nan,-1,nan,-1,nan,-1,-1,nan,-1,/data/data/DA25S005/miccai_tbi/MultiTalentV2_finetuning/checkpoints/validation2025_100/ensemble_2_models_e5ohnz5w_tta_ddp_kpcyjb66_tta_hybrid/predicted_lesions/thr0p3_mincc5/scan_0300_pred_lesion.nii.gz
scan_0300,probability_average,none,0.3,10,nan,0.1,0,1,1,0.0,0,nan,-1,nan,-1,nan,-1,-1,nan,-1,/data/data/DA25S005/miccai_tbi/MultiTalentV2_finetuning/checkpoints/validation2025_100/ensemble_2_models_e5ohnz5w_tta_ddp_kpcyjb66_tta_hybrid/predicted_lesions/thr0p3_mincc10/scan_0300_pred_lesion.nii.gz
scan_0300,probability_average,none,0.3,20,nan,0.1,0,1,1,0.0,0,nan,-1,nan,-1,nan,-1,-1,nan,-1,/data/data/DA25S005/miccai_tbi/MultiTalentV2_finetuning/checkpoints/validation2025_100/ensemble_2_models_e5ohnz5w_tta_ddp_kpcyjb66_tta_hybrid/predicted_lesions/thr0p3_mincc20/scan_0300_pred_lesion.nii.gz
scan_0300,probability_average,none,0.3,40,nan,0.1,0,1,1,0.0,0,nan,-1,nan,-1,nan,-1,-1,nan,-1,/data/data/DA25S005/miccai_tbi/MultiTalentV2_finetuning/checkpoints/validation2025_100/ensemble_2_models_e5ohnz5w_tta_ddp_kpcyjb66_tta_hybrid/predicted_lesions/thr0p3_mincc40/scan_0300_pred_lesion.nii.gz
scan_0300,probability_average,none,0.4,0,nan,0.1,0,1,1,0.0,0,nan,-1,nan,-1,nan,-1,-1,nan,-1,/data/data/DA25S005/miccai_tbi/MultiTalentV2_finetuning/checkpoints/validation2025_100/ensemble_2_models_e5ohnz5w_tta_ddp_kpcyjb66_tta_hybrid/predicted_lesions/thr0p4_mincc0/scan_0300_pred_lesion.nii.gz
scan_0300,probability_average,none,0.4,3,nan,0.1,0,1,1,0.0,0,nan,-1,nan,-1,nan,-1,-1,nan,-1,/data/data/DA25S005/miccai_tbi/MultiTalentV2_finetuning/checkpoints/validation2025_100/ensemble_2_models_e5ohnz5w_tta_ddp_kpcyjb66_tta_hybrid/predicted_lesions/thr0p4_mincc3/scan_0300_pred_lesion.nii.gz
scan_0300,probability_average,none,0.4,5,nan,0.1,0,1,1,0.0,0,nan,-1,nan,-1,nan,-1,-1,nan,-1,/data/data/DA25S005/miccai_tbi/MultiTalentV2_finetuning/checkpoints/validation2025_100/ensemble_2_models_e5ohnz5w_tta_ddp_kpcyjb66_tta_hybrid/predicted_lesions/thr0p4_mincc5/scan_0300_pred_lesion.nii.gz
scan_0300,probability_average,none,0.4,10,nan,0.1,0,1,1,0.0,0,nan,-1,nan,-1,nan,-1,-1,nan,-1,/data/data/DA25S005/miccai_tbi/MultiTalentV2_finetuning/checkpoints/validation2025_100/ensemble_2_models_e5ohnz5w_tta_ddp_kpcyjb66_tta_hybrid/predicted_lesions/thr0p4_mincc10/scan_0300_pred_lesion.nii.gz
scan_0300,probability_average,none,0.4,20,nan,0.1,0,1,1,0.0,0,nan,-1,nan,-1,nan,-1,-1,nan,-1,/data/data/DA25S005/miccai_tbi/MultiTalentV2_finetuning/checkpoints/validation2025_100/ensemble_2_models_e5ohnz5w_tta_ddp_kpcyjb66_tta_hybrid/predicted_lesions/thr0p4_mincc20/scan_0300_pred_lesion.nii.gz
scan_0300,probability_average,none,0.4,40,nan,0.1,0,1,1,0.0,0,nan,-1,nan,-1,nan,-1,-1,nan,-1,/data/data/DA25S005/miccai_tbi/MultiTalentV2_finetuning/checkpoints/validation2025_100/ensemble_2_models_e5ohnz5w_tta_ddp_kpcyjb66_tta_hybrid/predicted_lesions/thr0p4_mincc40/scan_0300_pred_lesion.nii.gz
scan_0300,probability_average,none,0.5,0,nan,0.1,0,1,1,0.0,0,nan,-1,nan,-1,nan,-1,-1,nan,-1,/data/data/DA25S005/miccai_tbi/MultiTalentV2_finetuning/checkpoints/validation2025_100/ensemble_2_models_e5ohnz5w_tta_ddp_kpcyjb66_tta_hybrid/predicted_lesions/thr0p5_mincc0/scan_0300_pred_lesion.nii.gz
scan_0300,probability_average,none,0.5,3,nan,0.1,0,1,1,0.0,0,nan,-1,nan,-1,nan,-1,-1,nan,-1,/data/data/DA25S005/miccai_tbi/MultiTalentV2_finetuning/checkpoints/validation2025_100/ensemble_2_models_e5ohnz5w_tta_ddp_kpcyjb66_tta_hybrid/predicted_lesions/thr0p5_mincc3/scan_0300_pred_lesion.nii.gz
scan_0300,probability_average,none,0.5,5,nan,0.1,0,1,1,0.0,0,nan,-1,nan,-1,nan,-1,-1,nan,-1,/data/data/DA25S005/miccai_tbi/MultiTalentV2_finetuning/checkpoints/validation2025_100/ensemble_2_models_e5ohnz5w_tta_ddp_kpcyjb66_tta_hybrid/predicted_lesions/thr0p5_mincc5/scan_0300_pred_lesion.nii.gz
scan_0300,probability_average,none,0.5,10,nan,0.1,0,1,1,0.0,0,nan,-1,nan,-1,nan,-1,-1,nan,-1,/data/data/DA25S005/miccai_tbi/MultiTalentV2_finetuning/checkpoints/validation2025_100/ensemble_2_models_e5ohnz5w_tta_ddp_kpcyjb66_tta_hybrid/predicted_lesions/thr0p5_mincc10/scan_0300_pred_lesion.nii.gz
scan_0300,probability_average,none,0.5,20,nan,0.1,0,1,1,0.0,0,nan,-1,nan,-1,nan,-1,-1,nan,-1,/data/data/DA25S005/miccai_tbi/MultiTalentV2_finetuning/checkpoints/validation2025_100/ensemble_2_models_e5ohnz5w_tta_ddp_kpcyjb66_tta_hybrid/predicted_lesions/thr0p5_mincc20/scan_0300_pred_lesion.nii.gz
scan_0300,probability_average,none,0.5,40,nan,0.1,0,1,1,0.0,0,nan,-1,nan,-1,nan,-1,-1,nan,-1,/data/data/DA25S005/miccai_tbi/MultiTalentV2_finetuning/checkpoints/validation2025_100/ensemble_2_models_e5ohnz5w_tta_ddp_kpcyjb66_tta_hybrid/predicted_lesions/thr0p5_mincc40/scan_0300_pred_lesion.nii.gz
scan_0304,probability_average,none,0.1,0,nan,0.1,0,1,1,0.0,0,nan,-1,nan,-1,nan,-1,-1,nan,-1,/data/data/DA25S005/miccai_tbi/MultiTalentV2_finetuning/checkpoints/validation2025_100/ensemble_2_models_e5ohnz5w_tta_ddp_kpcyjb66_tta_hybrid/predicted_lesions/thr0p1_mincc0/scan_0304_pred_lesion.nii.gz
scan_0304,probability_average,none,0.1,3,nan,0.1,0,1,1,0.0,0,nan,-1,nan,-1,nan,-1,-1,nan,-1,/data/data/DA25S005/miccai_tbi/MultiTalentV2_finetuning/checkpoints/validation2025_100/ensemble_2_models_e5ohnz5w_tta_ddp_kpcyjb66_tta_hybrid/predicted_lesions/thr0p1_mincc3/scan_0304_pred_lesion.nii.gz
scan_0304,probability_average,none,0.1,5,nan,0.1,0,1,1,0.0,0,nan,-1,nan,-1,nan,-1,-1,nan,-1,/data/data/DA25S005/miccai_tbi/MultiTalentV2_finetuning/checkpoints/validation2025_100/ensemble_2_models_e5ohnz5w_tta_ddp_kpcyjb66_tta_hybrid/predicted_lesions/thr0p1_mincc5/scan_0304_pred_lesion.nii.gz
scan_0304,probability_average,none,0.1,10,nan,0.1,0,1,1,0.0,0,nan,-1,nan,-1,nan,-1,-1,nan,-1,/data/data/DA25S005/miccai_tbi/MultiTalentV2_finetuning/checkpoints/validation2025_100/ensemble_2_models_e5ohnz5w_tta_ddp_kpcyjb66_tta_hybrid/predicted_lesions/thr0p1_mincc10/scan_0304_pred_lesion.nii.gz
scan_0304,probability_average,none,0.1,20,nan,0.1,0,1,1,0.0,0,nan,-1,nan,-1,nan,-1,-1,nan,-1,/data/data/DA25S005/miccai_tbi/MultiTalentV2_finetuning/checkpoints/validation2025_100/ensemble_2_models_e5ohnz5w_tta_ddp_kpcyjb66_tta_hybrid/predicted_lesions/thr0p1_mincc20/scan_0304_pred_lesion.nii.gz
scan_0304,probability_average,none,0.1,40,nan,0.1,0,1,1,0.0,0,nan,-1,nan,-1,nan,-1,-1,nan,-1,/data/data/DA25S005/miccai_tbi/MultiTalentV2_finetuning/checkpoints/validation2025_100/ensemble_2_models_e5ohnz5w_tta_ddp_kpcyjb66_tta_hybrid/predicted_lesions/thr0p1_mincc40/scan_0304_pred_lesion.nii.gz
scan_0304,probability_average,none,0.2,0,nan,0.1,0,1,1,0.0,0,nan,-1,nan,-1,nan,-1,-1,nan,-1,/data/data/DA25S005/miccai_tbi/MultiTalentV2_finetuning/checkpoints/validation2025_100/ensemble_2_models_e5ohnz5w_tta_ddp_kpcyjb66_tta_hybrid/predicted_lesions/thr0p2_mincc0/scan_0304_pred_lesion.nii.gz
scan_0304,probability_average,none,0.2,3,nan,0.1,0,1,1,0.0,0,nan,-1,nan,-1,nan,-1,-1,nan,-1,/data/data/DA25S005/miccai_tbi/MultiTalentV2_finetuning/checkpoints/validation2025_100/ensemble_2_models_e5ohnz5w_tta_ddp_kpcyjb66_tta_hybrid/predicted_lesions/thr0p2_mincc3/scan_0304_pred_lesion.nii.gz
scan_0304,probability_average,none,0.2,5,nan,0.1,0,1,1,0.0,0,nan,-1,nan,-1,nan,-1,-1,nan,-1,/data/data/DA25S005/miccai_tbi/MultiTalentV2_finetuning/checkpoints/validation2025_100/ensemble_2_models_e5ohnz5w_tta_ddp_kpcyjb66_tta_hybrid/predicted_lesions/thr0p2_mincc5/scan_0304_pred_lesion.nii.gz
scan_0304,probability_average,none,0.2,10,nan,0.1,0,1,1,0.0,0,nan,-1,nan,-1,nan,-1,-1,nan,-1,/data/data/DA25S005/miccai_tbi/MultiTalentV2_finetuning/checkpoints/validation2025_100/ensemble_2_models_e5ohnz5w_tta_ddp_kpcyjb66_tta_hybrid/predicted_lesions/thr0p2_mincc10/scan_0304_pred_lesion.nii.gz
scan_0304,probability_average,none,0.2,20,nan,0.1,0,1,1,0.0,0,nan,-1,nan,-1,nan,-1,-1,nan,-1,/data/data/DA25S005/miccai_tbi/MultiTalentV2_finetuning/checkpoints/validation2025_100/ensemble_2_models_e5ohnz5w_tta_ddp_kpcyjb66_tta_hybrid/predicted_lesions/thr0p2_mincc20/scan_0304_pred_lesion.nii.gz
scan_0304,probability_average,none,0.2,40,nan,0.1,0,1,1,0.0,0,nan,-1,nan,-1,nan,-1,-1,nan,-1,/data/data/DA25S005/miccai_tbi/MultiTalentV2_finetuning/checkpoints/validation2025_100/ensemble_2_models_e5ohnz5w_tta_ddp_kpcyjb66_tta_hybrid/predicted_lesions/thr0p2_mincc40/scan_0304_pred_lesion.nii.gz
scan_0304,probability_average,none,0.3,0,nan,0.1,0,1,1,0.0,0,nan,-1,nan,-1,nan,-1,-1,nan,-1,/data/data/DA25S005/miccai_tbi/MultiTalentV2_finetuning/checkpoints/validation2025_100/ensemble_2_models_e5ohnz5w_tta_ddp_kpcyjb66_tta_hybrid/predicted_lesions/thr0p3_mincc0/scan_0304_pred_lesion.nii.gz
scan_0304,probability_average,none,0.3,3,nan,0.1,0,1,1,0.0,0,nan,-1,nan,-1,nan,-1,-1,nan,-1,/data/data/DA25S005/miccai_tbi/MultiTalentV2_finetuning/checkpoints/validation2025_100/ensemble_2_models_e5ohnz5w_tta_ddp_kpcyjb66_tta_hybrid/predicted_lesions/thr0p3_mincc3/scan_0304_pred_lesion.nii.gz
scan_0304,probability_average,none,0.3,5,nan,0.1,0,1,1,0.0,0,nan,-1,nan,-1,nan,-1,-1,nan,-1,/data/data/DA25S005/miccai_tbi/MultiTalentV2_finetuning/checkpoints/validation2025_100/ensemble_2_models_e5ohnz5w_tta_ddp_kpcyjb66_tta_hybrid/predicted_lesions/thr0p3_mincc5/scan_0304_pred_lesion.nii.gz
scan_0304,probability_average,none,0.3,10,nan,0.1,0,1,1,0.0,0,nan,-1,nan,-1,nan,-1,-1,nan,-1,/data/data/DA25S005/miccai_tbi/MultiTalentV2_finetuning/checkpoints/validation2025_100/ensemble_2_models_e5ohnz5w_tta_ddp_kpcyjb66_tta_hybrid/predicted_lesions/thr0p3_mincc10/scan_0304_pred_lesion.nii.gz
scan_0304,probability_average,none,0.3,20,nan,0.1,0,1,1,0.0,0,nan,-1,nan,-1,nan,-1,-1,nan,-1,/data/data/DA25S005/miccai_tbi/MultiTalentV2_finetuning/checkpoints/validation2025_100/ensemble_2_models_e5ohnz5w_tta_ddp_kpcyjb66_tta_hybrid/predicted_lesions/thr0p3_mincc20/scan_0304_pred_lesion.nii.gz
scan_0304,probability_average,none,0.3,40,nan,0.1,0,1,1,0.0,0,nan,-1,nan,-1,nan,-1,-1,nan,-1,/data/data/DA25S005/miccai_tbi/MultiTalentV2_finetuning/checkpoints/validation2025_100/ensemble_2_models_e5ohnz5w_tta_ddp_kpcyjb66_tta_hybrid/predicted_lesions/thr0p3_mincc40/scan_0304_pred_lesion.nii.gz
scan_0304,probability_average,none,0.4,0,nan,0.1,0,1,1,0.0,0,nan,-1,nan,-1,nan,-1,-1,nan,-1,/data/data/DA25S005/miccai_tbi/MultiTalentV2_finetuning/checkpoints/validation2025_100/ensemble_2_models_e5ohnz5w_tta_ddp_kpcyjb66_tta_hybrid/predicted_lesions/thr0p4_mincc0/scan_0304_pred_lesion.nii.gz
scan_0304,probability_average,none,0.4,3,nan,0.1,0,1,1,0.0,0,nan,-1,nan,-1,nan,-1,-1,nan,-1,/data/data/DA25S005/miccai_tbi/MultiTalentV2_finetuning/checkpoints/validation2025_100/ensemble_2_models_e5ohnz5w_tta_ddp_kpcyjb66_tta_hybrid/predicted_lesions/thr0p4_mincc3/scan_0304_pred_lesion.nii.gz
scan_0304,probability_average,none,0.4,5,nan,0.1,0,1,1,0.0,0,nan,-1,nan,-1,nan,-1,-1,nan,-1,/data/data/DA25S005/miccai_tbi/MultiTalentV2_finetuning/checkpoints/validation2025_100/ensemble_2_models_e5ohnz5w_tta_ddp_kpcyjb66_tta_hybrid/predicted_lesions/thr0p4_mincc5/scan_0304_pred_lesion.nii.gz
scan_0304,probability_average,none,0.4,10,nan,0.1,0,1,1,0.0,0,nan,-1,nan,-1,nan,-1,-1,nan,-1,/data/data/DA25S005/miccai_tbi/MultiTalentV2_finetuning/checkpoints/validation2025_100/ensemble_2_models_e5ohnz5w_tta_ddp_kpcyjb66_tta_hybrid/predicted_lesions/thr0p4_mincc10/scan_0304_pred_lesion.nii.gz
scan_0304,probability_average,none,0.4,20,nan,0.1,0,1,1,0.0,0,nan,-1,nan,-1,nan,-1,-1,nan,-1,/data/data/DA25S005/miccai_tbi/MultiTalentV2_finetuning/checkpoints/validation2025_100/ensemble_2_models_e5ohnz5w_tta_ddp_kpcyjb66_tta_hybrid/predicted_lesions/thr0p4_mincc20/scan_0304_pred_lesion.nii.gz
scan_0304,probability_average,none,0.4,40,nan,0.1,0,1,1,0.0,0,nan,-1,nan,-1,nan,-1,-1,nan,-1,/data/data/DA25S005/miccai_tbi/MultiTalentV2_finetuning/checkpoints/validation2025_100/ensemble_2_models_e5ohnz5w_tta_ddp_kpcyjb66_tta_hybrid/predicted_lesions/thr0p4_mincc40/scan_0304_pred_lesion.nii.gz
scan_0304,probability_average,none,0.5,0,nan,0.1,0,1,1,0.0,0,nan,-1,nan,-1,nan,-1,-1,nan,-1,/data/data/DA25S005/miccai_tbi/MultiTalentV2_finetuning/checkpoints/validation2025_100/ensemble_2_models_e5ohnz5w_tta_ddp_kpcyjb66_tta_hybrid/predicted_lesions/thr0p5_mincc0/scan_0304_pred_lesion.nii.gz
scan_0304,probability_average,none,0.5,3,nan,0.1,0,1,1,0.0,0,nan,-1,nan,-1,nan,-1,-1,nan,-1,/data/data/DA25S005/miccai_tbi/MultiTalentV2_finetuning/checkpoints/validation2025_100/ensemble_2_models_e5ohnz5w_tta_ddp_kpcyjb66_tta_hybrid/predicted_lesions/thr0p5_mincc3/scan_0304_pred_lesion.nii.gz
scan_0304,probability_average,none,0.5,5,nan,0.1,0,1,1,0.0,0,nan,-1,nan,-1,nan,-1,-1,nan,-1,/data/data/DA25S005/miccai_tbi/MultiTalentV2_finetuning/checkpoints/validation2025_100/ensemble_2_models_e5ohnz5w_tta_ddp_kpcyjb66_tta_hybrid/predicted_lesions/thr0p5_mincc5/scan_0304_pred_lesion.nii.gz
scan_0304,probability_average,none,0.5,10,nan,0.1,0,1,1,0.0,0,nan,-1,nan,-1,nan,-1,-1,nan,-1,/data/data/DA25S005/miccai_tbi/MultiTalentV2_finetuning/checkpoints/validation2025_100/ensemble_2_models_e5ohnz5w_tta_ddp_kpcyjb66_tta_hybrid/predicted_lesions/thr0p5_mincc10/scan_0304_pred_lesion.nii.gz
scan_0304,probability_average,none,0.5,20,nan,0.1,0,1,1,0.0,0,nan,-1,nan,-1,nan,-1,-1,nan,-1,/data/data/DA25S005/miccai_tbi/MultiTalentV2_finetuning/checkpoints/validation2025_100/ensemble_2_models_e5ohnz5w_tta_ddp_kpcyjb66_tta_hybrid/predicted_lesions/thr0p5_mincc20/scan_0304_pred_lesion.nii.gz
scan_0304,probability_average,none,0.5,40,nan,0.1,0,1,1,0.0,0,nan,-1,nan,-1,nan,-1,-1,nan,-1,/data/data/DA25S005/miccai_tbi/MultiTalentV2_finetuning/checkpoints/validation2025_100/ensemble_2_models_e5ohnz5w_tta_ddp_kpcyjb66_tta_hybrid/predicted_lesions/thr0p5_mincc40/scan_0304_pred_lesion.nii.gz
scan_0305,probability_average,none,0.1,0,nan,0.1,0,1,1,0.0,0,nan,-1,nan,-1,nan,-1,-1,nan,-1,/data/data/DA25S005/miccai_tbi/MultiTalentV2_finetuning/checkpoints/validation2025_100/ensemble_2_models_e5ohnz5w_tta_ddp_kpcyjb66_tta_hybrid/predicted_lesions/thr0p1_mincc0/scan_0305_pred_lesion.nii.gz
scan_0305,probability_average,none,0.1,3,nan,0.1,0,1,1,0.0,0,nan,-1,nan,-1,nan,-1,-1,nan,-1,/data/data/DA25S005/miccai_tbi/MultiTalentV2_finetuning/checkpoints/validation2025_100/ensemble_2_models_e5ohnz5w_tta_ddp_kpcyjb66_tta_hybrid/predicted_lesions/thr0p1_mincc3/scan_0305_pred_lesion.nii.gz
scan_0305,probability_average,none,0.1,5,nan,0.1,0,1,1,0.0,0,nan,-1,nan,-1,nan,-1,-1,nan,-1,/data/data/DA25S005/miccai_tbi/MultiTalentV2_finetuning/checkpoints/validation2025_100/ensemble_2_models_e5ohnz5w_tta_ddp_kpcyjb66_tta_hybrid/predicted_lesions/thr0p1_mincc5/scan_0305_pred_lesion.nii.gz
scan_0305,probability_average,none,0.1,10,nan,0.1,0,1,1,0.0,0,nan,-1,nan,-1,nan,-1,-1,nan,-1,/data/data/DA25S005/miccai_tbi/MultiTalentV2_finetuning/checkpoints/validation2025_100/ensemble_2_models_e5ohnz5w_tta_ddp_kpcyjb66_tta_hybrid/predicted_lesions/thr0p1_mincc10/scan_0305_pred_lesion.nii.gz
scan_0305,probability_average,none,0.1,20,nan,0.1,0,1,1,0.0,0,nan,-1,nan,-1,nan,-1,-1,nan,-1,/data/data/DA25S005/miccai_tbi/MultiTalentV2_finetuning/checkpoints/validation2025_100/ensemble_2_models_e5ohnz5w_tta_ddp_kpcyjb66_tta_hybrid/predicted_lesions/thr0p1_mincc20/scan_0305_pred_lesion.nii.gz
scan_0305,probability_average,none,0.1,40,nan,0.1,0,1,1,0.0,0,nan,-1,nan,-1,nan,-1,-1,nan,-1,/data/data/DA25S005/miccai_tbi/MultiTalentV2_finetuning/checkpoints/validation2025_100/ensemble_2_models_e5ohnz5w_tta_ddp_kpcyjb66_tta_hybrid/predicted_lesions/thr0p1_mincc40/scan_0305_pred_lesion.nii.gz
scan_0305,probability_average,none,0.2,0,nan,0.1,0,1,1,0.0,0,nan,-1,nan,-1,nan,-1,-1,nan,-1,/data/data/DA25S005/miccai_tbi/MultiTalentV2_finetuning/checkpoints/validation2025_100/ensemble_2_models_e5ohnz5w_tta_ddp_kpcyjb66_tta_hybrid/predicted_lesions/thr0p2_mincc0/scan_0305_pred_lesion.nii.gz
scan_0305,probability_average,none,0.2,3,nan,0.1,0,1,1,0.0,0,nan,-1,nan,-1,nan,-1,-1,nan,-1,/data/data/DA25S005/miccai_tbi/MultiTalentV2_finetuning/checkpoints/validation2025_100/ensemble_2_models_e5ohnz5w_tta_ddp_kpcyjb66_tta_hybrid/predicted_lesions/thr0p2_mincc3/scan_0305_pred_lesion.nii.gz
scan_0305,probability_average,none,0.2,5,nan,0.1,0,1,1,0.0,0,nan,-1,nan,-1,nan,-1,-1,nan,-1,/data/data/DA25S005/miccai_tbi/MultiTalentV2_finetuning/checkpoints/validation2025_100/ensemble_2_models_e5ohnz5w_tta_ddp_kpcyjb66_tta_hybrid/predicted_lesions/thr0p2_mincc5/scan_0305_pred_lesion.nii.gz
scan_0305,probability_average,none,0.2,10,nan,0.1,0,1,1,0.0,0,nan,-1,nan,-1,nan,-1,-1,nan,-1,/data/data/DA25S005/miccai_tbi/MultiTalentV2_finetuning/checkpoints/validation2025_100/ensemble_2_models_e5ohnz5w_tta_ddp_kpcyjb66_tta_hybrid/predicted_lesions/thr0p2_mincc10/scan_0305_pred_lesion.nii.gz
scan_0305,probability_average,none,0.2,20,nan,0.1,0,1,1,0.0,0,nan,-1,nan,-1,nan,-1,-1,nan,-1,/data/data/DA25S005/miccai_tbi/MultiTalentV2_finetuning/checkpoints/validation2025_100/ensemble_2_models_e5ohnz5w_tta_ddp_kpcyjb66_tta_hybrid/predicted_lesions/thr0p2_mincc20/scan_0305_pred_lesion.nii.gz
scan_0305,probability_average,none,0.2,40,nan,0.1,0,1,1,0.0,0,nan,-1,nan,-1,nan,-1,-1,nan,-1,/data/data/DA25S005/miccai_tbi/MultiTalentV2_finetuning/checkpoints/validation2025_100/ensemble_2_models_e5ohnz5w_tta_ddp_kpcyjb66_tta_hybrid/predicted_lesions/thr0p2_mincc40/scan_0305_pred_lesion.nii.gz
scan_0305,probability_average,none,0.3,0,nan,0.1,0,1,1,0.0,0,nan,-1,nan,-1,nan,-1,-1,nan,-1,/data/data/DA25S005/miccai_tbi/MultiTalentV2_finetuning/checkpoints/validation2025_100/ensemble_2_models_e5ohnz5w_tta_ddp_kpcyjb66_tta_hybrid/predicted_lesions/thr0p3_mincc0/scan_0305_pred_lesion.nii.gz
scan_0305,probability_average,none,0.3,3,nan,0.1,0,1,1,0.0,0,nan,-1,nan,-1,nan,-1,-1,nan,-1,/data/data/DA25S005/miccai_tbi/MultiTalentV2_finetuning/checkpoints/validation2025_100/ensemble_2_models_e5ohnz5w_tta_ddp_kpcyjb66_tta_hybrid/predicted_lesions/thr0p3_mincc3/scan_0305_pred_lesion.nii.gz
scan_0305,probability_average,none,0.3,5,nan,0.1,0,1,1,0.0,0,nan,-1,nan,-1,nan,-1,-1,nan,-1,/data/data/DA25S005/miccai_tbi/MultiTalentV2_finetuning/checkpoints/validation2025_100/ensemble_2_models_e5ohnz5w_tta_ddp_kpcyjb66_tta_hybrid/predicted_lesions/thr0p3_mincc5/scan_0305_pred_lesion.nii.gz
scan_0305,probability_average,none,0.3,10,nan,0.1,0,1,1,0.0,0,nan,-1,nan,-1,nan,-1,-1,nan,-1,/data/data/DA25S005/miccai_tbi/MultiTalentV2_finetuning/checkpoints/validation2025_100/ensemble_2_models_e5ohnz5w_tta_ddp_kpcyjb66_tta_hybrid/predicted_lesions/thr0p3_mincc10/scan_0305_pred_lesion.nii.gz
scan_0305,probability_average,none,0.3,20,nan,0.1,0,1,1,0.0,0,nan,-1,nan,-1,nan,-1,-1,nan,-1,/data/data/DA25S005/miccai_tbi/MultiTalentV2_finetuning/checkpoints/validation2025_100/ensemble_2_models_e5ohnz5w_tta_ddp_kpcyjb66_tta_hybrid/predicted_lesions/thr0p3_mincc20/scan_0305_pred_lesion.nii.gz
scan_0305,probability_average,none,0.3,40,nan,0.1,0,1,1,0.0,0,nan,-1,nan,-1,nan,-1,-1,nan,-1,/data/data/DA25S005/miccai_tbi/MultiTalentV2_finetuning/checkpoints/validation2025_100/ensemble_2_models_e5ohnz5w_tta_ddp_kpcyjb66_tta_hybrid/predicted_lesions/thr0p3_mincc40/scan_0305_pred_lesion.nii.gz
scan_0305,probability_average,none,0.4,0,nan,0.1,0,1,1,0.0,0,nan,-1,nan,-1,nan,-1,-1,nan,-1,/data/data/DA25S005/miccai_tbi/MultiTalentV2_finetuning/checkpoints/validation2025_100/ensemble_2_models_e5ohnz5w_tta_ddp_kpcyjb66_tta_hybrid/predicted_lesions/thr0p4_mincc0/scan_0305_pred_lesion.nii.gz
scan_0305,probability_average,none,0.4,3,nan,0.1,0,1,1,0.0,0,nan,-1,nan,-1,nan,-1,-1,nan,-1,/data/data/DA25S005/miccai_tbi/MultiTalentV2_finetuning/checkpoints/validation2025_100/ensemble_2_models_e5ohnz5w_tta_ddp_kpcyjb66_tta_hybrid/predicted_lesions/thr0p4_mincc3/scan_0305_pred_lesion.nii.gz
scan_0305,probability_average,none,0.4,5,nan,0.1,0,1,1,0.0,0,nan,-1,nan,-1,nan,-1,-1,nan,-1,/data/data/DA25S005/miccai_tbi/MultiTalentV2_finetuning/checkpoints/validation2025_100/ensemble_2_models_e5ohnz5w_tta_ddp_kpcyjb66_tta_hybrid/predicted_lesions/thr0p4_mincc5/scan_0305_pred_lesion.nii.gz
scan_0305,probability_average,none,0.4,10,nan,0.1,0,1,1,0.0,0,nan,-1,nan,-1,nan,-1,-1,nan,-1,/data/data/DA25S005/miccai_tbi/MultiTalentV2_finetuning/checkpoints/validation2025_100/ensemble_2_models_e5ohnz5w_tta_ddp_kpcyjb66_tta_hybrid/predicted_lesions/thr0p4_mincc10/scan_0305_pred_lesion.nii.gz
scan_0305,probability_average,none,0.4,20,nan,0.1,0,1,1,0.0,0,nan,-1,nan,-1,nan,-1,-1,nan,-1,/data/data/DA25S005/miccai_tbi/MultiTalentV2_finetuning/checkpoints/validation2025_100/ensemble_2_models_e5ohnz5w_tta_ddp_kpcyjb66_tta_hybrid/predicted_lesions/thr0p4_mincc20/scan_0305_pred_lesion.nii.gz
scan_0305,probability_average,none,0.4,40,nan,0.1,0,1,1,0.0,0,nan,-1,nan,-1,nan,-1,-1,nan,-1,/data/data/DA25S005/miccai_tbi/MultiTalentV2_finetuning/checkpoints/validation2025_100/ensemble_2_models_e5ohnz5w_tta_ddp_kpcyjb66_tta_hybrid/predicted_lesions/thr0p4_mincc40/scan_0305_pred_lesion.nii.gz
scan_0305,probability_average,none,0.5,0,nan,0.1,0,1,1,0.0,0,nan,-1,nan,-1,nan,-1,-1,nan,-1,/data/data/DA25S005/miccai_tbi/MultiTalentV2_finetuning/checkpoints/validation2025_100/ensemble_2_models_e5ohnz5w_tta_ddp_kpcyjb66_tta_hybrid/predicted_lesions/thr0p5_mincc0/scan_0305_pred_lesion.nii.gz
scan_0305,probability_average,none,0.5,3,nan,0.1,0,1,1,0.0,0,nan,-1,nan,-1,nan,-1,-1,nan,-1,/data/data/DA25S005/miccai_tbi/MultiTalentV2_finetuning/checkpoints/validation2025_100/ensemble_2_models_e5ohnz5w_tta_ddp_kpcyjb66_tta_hybrid/predicted_lesions/thr0p5_mincc3/scan_0305_pred_lesion.nii.gz
scan_0305,probability_average,none,0.5,5,nan,0.1,0,1,1,0.0,0,nan,-1,nan,-1,nan,-1,-1,nan,-1,/data/data/DA25S005/miccai_tbi/MultiTalentV2_finetuning/checkpoints/validation2025_100/ensemble_2_models_e5ohnz5w_tta_ddp_kpcyjb66_tta_hybrid/predicted_lesions/thr0p5_mincc5/scan_0305_pred_lesion.nii.gz
scan_0305,probability_average,none,0.5,10,nan,0.1,0,1,1,0.0,0,nan,-1,nan,-1,nan,-1,-1,nan,-1,/data/data/DA25S005/miccai_tbi/MultiTalentV2_finetuning/checkpoints/validation2025_100/ensemble_2_models_e5ohnz5w_tta_ddp_kpcyjb66_tta_hybrid/predicted_lesions/thr0p5_mincc10/scan_0305_pred_lesion.nii.gz
scan_0305,probability_average,none,0.5,20,nan,0.1,0,1,1,0.0,0,nan,-1,nan,-1,nan,-1,-1,nan,-1,/data/data/DA25S005/miccai_tbi/MultiTalentV2_finetuning/checkpoints/validation2025_100/ensemble_2_models_e5ohnz5w_tta_ddp_kpcyjb66_tta_hybrid/predicted_lesions/thr0p5_mincc20/scan_0305_pred_lesion.nii.gz
scan_0305,probability_average,none,0.5,40,nan,0.1,0,1,1,0.0,0,nan,-1,nan,-1,nan,-1,-1,nan,-1,/data/data/DA25S005/miccai_tbi/MultiTalentV2_finetuning/checkpoints/validation2025_100/ensemble_2_models_e5ohnz5w_tta_ddp_kpcyjb66_tta_hybrid/predicted_lesions/thr0p5_mincc40/scan_0305_pred_lesion.nii.gz
scan_0317,probability_average,none,0.1,0,nan,0.1,0,1,1,0.0,0,nan,-1,nan,-1,nan,-1,-1,nan,-1,/data/data/DA25S005/miccai_tbi/MultiTalentV2_finetuning/checkpoints/validation2025_100/ensemble_2_models_e5ohnz5w_tta_ddp_kpcyjb66_tta_hybrid/predicted_lesions/thr0p1_mincc0/scan_0317_pred_lesion.nii.gz
scan_0317,probability_average,none,0.1,3,nan,0.1,0,1,1,0.0,0,nan,-1,nan,-1,nan,-1,-1,nan,-1,/data/data/DA25S005/miccai_tbi/MultiTalentV2_finetuning/checkpoints/validation2025_100/ensemble_2_models_e5ohnz5w_tta_ddp_kpcyjb66_tta_hybrid/predicted_lesions/thr0p1_mincc3/scan_0317_pred_lesion.nii.gz
scan_0317,probability_average,none,0.1,5,nan,0.1,0,1,1,0.0,0,nan,-1,nan,-1,nan,-1,-1,nan,-1,/data/data/DA25S005/miccai_tbi/MultiTalentV2_finetuning/checkpoints/validation2025_100/ensemble_2_models_e5ohnz5w_tta_ddp_kpcyjb66_tta_hybrid/predicted_lesions/thr0p1_mincc5/scan_0317_pred_lesion.nii.gz
scan_0317,probability_average,none,0.1,10,nan,0.1,0,1,1,0.0,0,nan,-1,nan,-1,nan,-1,-1,nan,-1,/data/data/DA25S005/miccai_tbi/MultiTalentV2_finetuning/checkpoints/validation2025_100/ensemble_2_models_e5ohnz5w_tta_ddp_kpcyjb66_tta_hybrid/predicted_lesions/thr0p1_mincc10/scan_0317_pred_lesion.nii.gz
scan_0317,probability_average,none,0.1,20,nan,0.1,0,1,1,0.0,0,nan,-1,nan,-1,nan,-1,-1,nan,-1,/data/data/DA25S005/miccai_tbi/MultiTalentV2_finetuning/checkpoints/validation2025_100/ensemble_2_models_e5ohnz5w_tta_ddp_kpcyjb66_tta_hybrid/predicted_lesions/thr0p1_mincc20/scan_0317_pred_lesion.nii.gz
scan_0317,probability_average,none,0.1,40,nan,0.1,0,1,1,0.0,0,nan,-1,nan,-1,nan,-1,-1,nan,-1,/data/data/DA25S005/miccai_tbi/MultiTalentV2_finetuning/checkpoints/validation2025_100/ensemble_2_models_e5ohnz5w_tta_ddp_kpcyjb66_tta_hybrid/predicted_lesions/thr0p1_mincc40/scan_0317_pred_lesion.nii.gz
scan_0317,probability_average,none,0.2,0,nan,0.1,0,1,1,0.0,0,nan,-1,nan,-1,nan,-1,-1,nan,-1,/data/data/DA25S005/miccai_tbi/MultiTalentV2_finetuning/checkpoints/validation2025_100/ensemble_2_models_e5ohnz5w_tta_ddp_kpcyjb66_tta_hybrid/predicted_lesions/thr0p2_mincc0/scan_0317_pred_lesion.nii.gz
scan_0317,probability_average,none,0.2,3,nan,0.1,0,1,1,0.0,0,nan,-1,nan,-1,nan,-1,-1,nan,-1,/data/data/DA25S005/miccai_tbi/MultiTalentV2_finetuning/checkpoints/validation2025_100/ensemble_2_models_e5ohnz5w_tta_ddp_kpcyjb66_tta_hybrid/predicted_lesions/thr0p2_mincc3/scan_0317_pred_lesion.nii.gz
scan_0317,probability_average,none,0.2,5,nan,0.1,0,1,1,0.0,0,nan,-1,nan,-1,nan,-1,-1,nan,-1,/data/data/DA25S005/miccai_tbi/MultiTalentV2_finetuning/checkpoints/validation2025_100/ensemble_2_models_e5ohnz5w_tta_ddp_kpcyjb66_tta_hybrid/predicted_lesions/thr0p2_mincc5/scan_0317_pred_lesion.nii.gz
scan_0317,probability_average,none,0.2,10,nan,0.1,0,1,1,0.0,0,nan,-1,nan,-1,nan,-1,-1,nan,-1,/data/data/DA25S005/miccai_tbi/MultiTalentV2_finetuning/checkpoints/validation2025_100/ensemble_2_models_e5ohnz5w_tta_ddp_kpcyjb66_tta_hybrid/predicted_lesions/thr0p2_mincc10/scan_0317_pred_lesion.nii.gz
scan_0317,probability_average,none,0.2,20,nan,0.1,0,1,1,0.0,0,nan,-1,nan,-1,nan,-1,-1,nan,-1,/data/data/DA25S005/miccai_tbi/MultiTalentV2_finetuning/checkpoints/validation2025_100/ensemble_2_models_e5ohnz5w_tta_ddp_kpcyjb66_tta_hybrid/predicted_lesions/thr0p2_mincc20/scan_0317_pred_lesion.nii.gz
scan_0317,probability_average,none,0.2,40,nan,0.1,0,1,1,0.0,0,nan,-1,nan,-1,nan,-1,-1,nan,-1,/data/data/DA25S005/miccai_tbi/MultiTalentV2_finetuning/checkpoints/validation2025_100/ensemble_2_models_e5ohnz5w_tta_ddp_kpcyjb66_tta_hybrid/predicted_lesions/thr0p2_mincc40/scan_0317_pred_lesion.nii.gz
scan_0317,probability_average,none,0.3,0,nan,0.1,0,1,1,0.0,0,nan,-1,nan,-1,nan,-1,-1,nan,-1,/data/data/DA25S005/miccai_tbi/MultiTalentV2_finetuning/checkpoints/validation2025_100/ensemble_2_models_e5ohnz5w_tta_ddp_kpcyjb66_tta_hybrid/predicted_lesions/thr0p3_mincc0/scan_0317_pred_lesion.nii.gz
scan_0317,probability_average,none,0.3,3,nan,0.1,0,1,1,0.0,0,nan,-1,nan,-1,nan,-1,-1,nan,-1,/data/data/DA25S005/miccai_tbi/MultiTalentV2_finetuning/checkpoints/validation2025_100/ensemble_2_models_e5ohnz5w_tta_ddp_kpcyjb66_tta_hybrid/predicted_lesions/thr0p3_mincc3/scan_0317_pred_lesion.nii.gz
scan_0317,probability_average,none,0.3,5,nan,0.1,0,1,1,0.0,0,nan,-1,nan,-1,nan,-1,-1,nan,-1,/data/data/DA25S005/miccai_tbi/MultiTalentV2_finetuning/checkpoints/validation2025_100/ensemble_2_models_e5ohnz5w_tta_ddp_kpcyjb66_tta_hybrid/predicted_lesions/thr0p3_mincc5/scan_0317_pred_lesion.nii.gz
scan_0317,probability_average,none,0.3,10,nan,0.1,0,1,1,0.0,0,nan,-1,nan,-1,nan,-1,-1,nan,-1,/data/data/DA25S005/miccai_tbi/MultiTalentV2_finetuning/checkpoints/validation2025_100/ensemble_2_models_e5ohnz5w_tta_ddp_kpcyjb66_tta_hybrid/predicted_lesions/thr0p3_mincc10/scan_0317_pred_lesion.nii.gz
scan_0317,probability_average,none,0.3,20,nan,0.1,0,1,1,0.0,0,nan,-1,nan,-1,nan,-1,-1,nan,-1,/data/data/DA25S005/miccai_tbi/MultiTalentV2_finetuning/checkpoints/validation2025_100/ensemble_2_models_e5ohnz5w_tta_ddp_kpcyjb66_tta_hybrid/predicted_lesions/thr0p3_mincc20/scan_0317_pred_lesion.nii.gz
scan_0317,probability_average,none,0.3,40,nan,0.1,0,1,1,0.0,0,nan,-1,nan,-1,nan,-1,-1,nan,-1,/data/data/DA25S005/miccai_tbi/MultiTalentV2_finetuning/checkpoints/validation2025_100/ensemble_2_models_e5ohnz5w_tta_ddp_kpcyjb66_tta_hybrid/predicted_lesions/thr0p3_mincc40/scan_0317_pred_lesion.nii.gz
scan_0317,probability_average,none,0.4,0,nan,0.1,0,1,1,0.0,0,nan,-1,nan,-1,nan,-1,-1,nan,-1,/data/data/DA25S005/miccai_tbi/MultiTalentV2_finetuning/checkpoints/validation2025_100/ensemble_2_models_e5ohnz5w_tta_ddp_kpcyjb66_tta_hybrid/predicted_lesions/thr0p4_mincc0/scan_0317_pred_lesion.nii.gz
scan_0317,probability_average,none,0.4,3,nan,0.1,0,1,1,0.0,0,nan,-1,nan,-1,nan,-1,-1,nan,-1,/data/data/DA25S005/miccai_tbi/MultiTalentV2_finetuning/checkpoints/validation2025_100/ensemble_2_models_e5ohnz5w_tta_ddp_kpcyjb66_tta_hybrid/predicted_lesions/thr0p4_mincc3/scan_0317_pred_lesion.nii.gz
scan_0317,probability_average,none,0.4,5,nan,0.1,0,1,1,0.0,0,nan,-1,nan,-1,nan,-1,-1,nan,-1,/data/data/DA25S005/miccai_tbi/MultiTalentV2_finetuning/checkpoints/validation2025_100/ensemble_2_models_e5ohnz5w_tta_ddp_kpcyjb66_tta_hybrid/predicted_lesions/thr0p4_mincc5/scan_0317_pred_lesion.nii.gz
scan_0317,probability_average,none,0.4,10,nan,0.1,0,1,1,0.0,0,nan,-1,nan,-1,nan,-1,-1,nan,-1,/data/data/DA25S005/miccai_tbi/MultiTalentV2_finetuning/checkpoints/validation2025_100/ensemble_2_models_e5ohnz5w_tta_ddp_kpcyjb66_tta_hybrid/predicted_lesions/thr0p4_mincc10/scan_0317_pred_lesion.nii.gz
scan_0317,probability_average,none,0.4,20,nan,0.1,0,1,1,0.0,0,nan,-1,nan,-1,nan,-1,-1,nan,-1,/data/data/DA25S005/miccai_tbi/MultiTalentV2_finetuning/checkpoints/validation2025_100/ensemble_2_models_e5ohnz5w_tta_ddp_kpcyjb66_tta_hybrid/predicted_lesions/thr0p4_mincc20/scan_0317_pred_lesion.nii.gz
scan_0317,probability_average,none,0.4,40,nan,0.1,0,1,1,0.0,0,nan,-1,nan,-1,nan,-1,-1,nan,-1,/data/data/DA25S005/miccai_tbi/MultiTalentV2_finetuning/checkpoints/validation2025_100/ensemble_2_models_e5ohnz5w_tta_ddp_kpcyjb66_tta_hybrid/predicted_lesions/thr0p4_mincc40/scan_0317_pred_lesion.nii.gz
scan_0317,probability_average,none,0.5,0,nan,0.1,0,1,1,0.0,0,nan,-1,nan,-1,nan,-1,-1,nan,-1,/data/data/DA25S005/miccai_tbi/MultiTalentV2_finetuning/checkpoints/validation2025_100/ensemble_2_models_e5ohnz5w_tta_ddp_kpcyjb66_tta_hybrid/predicted_lesions/thr0p5_mincc0/scan_0317_pred_lesion.nii.gz
scan_0317,probability_average,none,0.5,3,nan,0.1,0,1,1,0.0,0,nan,-1,nan,-1,nan,-1,-1,nan,-1,/data/data/DA25S005/miccai_tbi/MultiTalentV2_finetuning/checkpoints/validation2025_100/ensemble_2_models_e5ohnz5w_tta_ddp_kpcyjb66_tta_hybrid/predicted_lesions/thr0p5_mincc3/scan_0317_pred_lesion.nii.gz
scan_0317,probability_average,none,0.5,5,nan,0.1,0,1,1,0.0,0,nan,-1,nan,-1,nan,-1,-1,nan,-1,/data/data/DA25S005/miccai_tbi/MultiTalentV2_finetuning/checkpoints/validation2025_100/ensemble_2_models_e5ohnz5w_tta_ddp_kpcyjb66_tta_hybrid/predicted_lesions/thr0p5_mincc5/scan_0317_pred_lesion.nii.gz
scan_0317,probability_average,none,0.5,10,nan,0.1,0,1,1,0.0,0,nan,-1,nan,-1,nan,-1,-1,nan,-1,/data/data/DA25S005/miccai_tbi/MultiTalentV2_finetuning/checkpoints/validation2025_100/ensemble_2_models_e5ohnz5w_tta_ddp_kpcyjb66_tta_hybrid/predicted_lesions/thr0p5_mincc10/scan_0317_pred_lesion.nii.gz
scan_0317,probability_average,none,0.5,20,nan,0.1,0,1,1,0.0,0,nan,-1,nan,-1,nan,-1,-1,nan,-1,/data/data/DA25S005/miccai_tbi/MultiTalentV2_finetuning/checkpoints/validation2025_100/ensemble_2_models_e5ohnz5w_tta_ddp_kpcyjb66_tta_hybrid/predicted_lesions/thr0p5_mincc20/scan_0317_pred_lesion.nii.gz
scan_0317,probability_average,none,0.5,40,nan,0.1,0,1,1,0.0,0,nan,-1,nan,-1,nan,-1,-1,nan,-1,/data/data/DA25S005/miccai_tbi/MultiTalentV2_finetuning/checkpoints/validation2025_100/ensemble_2_models_e5ohnz5w_tta_ddp_kpcyjb66_tta_hybrid/predicted_lesions/thr0p5_mincc40/scan_0317_pred_lesion.nii.gz
scan_0319,probability_average,none,0.1,0,nan,0.1,0,1,1,0.0,0,nan,-1,nan,-1,nan,-1,-1,nan,-1,/data/data/DA25S005/miccai_tbi/MultiTalentV2_finetuning/checkpoints/validation2025_100/ensemble_2_models_e5ohnz5w_tta_ddp_kpcyjb66_tta_hybrid/predicted_lesions/thr0p1_mincc0/scan_0319_pred_lesion.nii.gz
scan_0319,probability_average,none,0.1,3,nan,0.1,0,1,1,0.0,0,nan,-1,nan,-1,nan,-1,-1,nan,-1,/data/data/DA25S005/miccai_tbi/MultiTalentV2_finetuning/checkpoints/validation2025_100/ensemble_2_models_e5ohnz5w_tta_ddp_kpcyjb66_tta_hybrid/predicted_lesions/thr0p1_mincc3/scan_0319_pred_lesion.nii.gz
scan_0319,probability_average,none,0.1,5,nan,0.1,0,1,1,0.0,0,nan,-1,nan,-1,nan,-1,-1,nan,-1,/data/data/DA25S005/miccai_tbi/MultiTalentV2_finetuning/checkpoints/validation2025_100/ensemble_2_models_e5ohnz5w_tta_ddp_kpcyjb66_tta_hybrid/predicted_lesions/thr0p1_mincc5/scan_0319_pred_lesion.nii.gz
scan_0319,probability_average,none,0.1,10,nan,0.1,0,1,1,0.0,0,nan,-1,nan,-1,nan,-1,-1,nan,-1,/data/data/DA25S005/miccai_tbi/MultiTalentV2_finetuning/checkpoints/validation2025_100/ensemble_2_models_e5ohnz5w_tta_ddp_kpcyjb66_tta_hybrid/predicted_lesions/thr0p1_mincc10/scan_0319_pred_lesion.nii.gz
scan_0319,probability_average,none,0.1,20,nan,0.1,0,1,1,0.0,0,nan,-1,nan,-1,nan,-1,-1,nan,-1,/data/data/DA25S005/miccai_tbi/MultiTalentV2_finetuning/checkpoints/validation2025_100/ensemble_2_models_e5ohnz5w_tta_ddp_kpcyjb66_tta_hybrid/predicted_lesions/thr0p1_mincc20/scan_0319_pred_lesion.nii.gz
scan_0319,probability_average,none,0.1,40,nan,0.1,0,1,1,0.0,0,nan,-1,nan,-1,nan,-1,-1,nan,-1,/data/data/DA25S005/miccai_tbi/MultiTalentV2_finetuning/checkpoints/validation2025_100/ensemble_2_models_e5ohnz5w_tta_ddp_kpcyjb66_tta_hybrid/predicted_lesions/thr0p1_mincc40/scan_0319_pred_lesion.nii.gz
scan_0319,probability_average,none,0.2,0,nan,0.1,0,1,1,0.0,0,nan,-1,nan,-1,nan,-1,-1,nan,-1,/data/data/DA25S005/miccai_tbi/MultiTalentV2_finetuning/checkpoints/validation2025_100/ensemble_2_models_e5ohnz5w_tta_ddp_kpcyjb66_tta_hybrid/predicted_lesions/thr0p2_mincc0/scan_0319_pred_lesion.nii.gz
scan_0319,probability_average,none,0.2,3,nan,0.1,0,1,1,0.0,0,nan,-1,nan,-1,nan,-1,-1,nan,-1,/data/data/DA25S005/miccai_tbi/MultiTalentV2_finetuning/checkpoints/validation2025_100/ensemble_2_models_e5ohnz5w_tta_ddp_kpcyjb66_tta_hybrid/predicted_lesions/thr0p2_mincc3/scan_0319_pred_lesion.nii.gz
scan_0319,probability_average,none,0.2,5,nan,0.1,0,1,1,0.0,0,nan,-1,nan,-1,nan,-1,-1,nan,-1,/data/data/DA25S005/miccai_tbi/MultiTalentV2_finetuning/checkpoints/validation2025_100/ensemble_2_models_e5ohnz5w_tta_ddp_kpcyjb66_tta_hybrid/predicted_lesions/thr0p2_mincc5/scan_0319_pred_lesion.nii.gz
scan_0319,probability_average,none,0.2,10,nan,0.1,0,1,1,0.0,0,nan,-1,nan,-1,nan,-1,-1,nan,-1,/data/data/DA25S005/miccai_tbi/MultiTalentV2_finetuning/checkpoints/validation2025_100/ensemble_2_models_e5ohnz5w_tta_ddp_kpcyjb66_tta_hybrid/predicted_lesions/thr0p2_mincc10/scan_0319_pred_lesion.nii.gz
scan_0319,probability_average,none,0.2,20,nan,0.1,0,1,1,0.0,0,nan,-1,nan,-1,nan,-1,-1,nan,-1,/data/data/DA25S005/miccai_tbi/MultiTalentV2_finetuning/checkpoints/validation2025_100/ensemble_2_models_e5ohnz5w_tta_ddp_kpcyjb66_tta_hybrid/predicted_lesions/thr0p2_mincc20/scan_0319_pred_lesion.nii.gz
scan_0319,probability_average,none,0.2,40,nan,0.1,0,1,1,0.0,0,nan,-1,nan,-1,nan,-1,-1,nan,-1,/data/data/DA25S005/miccai_tbi/MultiTalentV2_finetuning/checkpoints/validation2025_100/ensemble_2_models_e5ohnz5w_tta_ddp_kpcyjb66_tta_hybrid/predicted_lesions/thr0p2_mincc40/scan_0319_pred_lesion.nii.gz
scan_0319,probability_average,none,0.3,0,nan,0.1,0,1,1,0.0,0,nan,-1,nan,-1,nan,-1,-1,nan,-1,/data/data/DA25S005/miccai_tbi/MultiTalentV2_finetuning/checkpoints/validation2025_100/ensemble_2_models_e5ohnz5w_tta_ddp_kpcyjb66_tta_hybrid/predicted_lesions/thr0p3_mincc0/scan_0319_pred_lesion.nii.gz
scan_0319,probability_average,none,0.3,3,nan,0.1,0,1,1,0.0,0,nan,-1,nan,-1,nan,-1,-1,nan,-1,/data/data/DA25S005/miccai_tbi/MultiTalentV2_finetuning/checkpoints/validation2025_100/ensemble_2_models_e5ohnz5w_tta_ddp_kpcyjb66_tta_hybrid/predicted_lesions/thr0p3_mincc3/scan_0319_pred_lesion.nii.gz
scan_0319,probability_average,none,0.3,5,nan,0.1,0,1,1,0.0,0,nan,-1,nan,-1,nan,-1,-1,nan,-1,/data/data/DA25S005/miccai_tbi/MultiTalentV2_finetuning/checkpoints/validation2025_100/ensemble_2_models_e5ohnz5w_tta_ddp_kpcyjb66_tta_hybrid/predicted_lesions/thr0p3_mincc5/scan_0319_pred_lesion.nii.gz
scan_0319,probability_average,none,0.3,10,nan,0.1,0,1,1,0.0,0,nan,-1,nan,-1,nan,-1,-1,nan,-1,/data/data/DA25S005/miccai_tbi/MultiTalentV2_finetuning/checkpoints/validation2025_100/ensemble_2_models_e5ohnz5w_tta_ddp_kpcyjb66_tta_hybrid/predicted_lesions/thr0p3_mincc10/scan_0319_pred_lesion.nii.gz
scan_0319,probability_average,none,0.3,20,nan,0.1,0,1,1,0.0,0,nan,-1,nan,-1,nan,-1,-1,nan,-1,/data/data/DA25S005/miccai_tbi/MultiTalentV2_finetuning/checkpoints/validation2025_100/ensemble_2_models_e5ohnz5w_tta_ddp_kpcyjb66_tta_hybrid/predicted_lesions/thr0p3_mincc20/scan_0319_pred_lesion.nii.gz
scan_0319,probability_average,none,0.3,40,nan,0.1,0,1,1,0.0,0,nan,-1,nan,-1,nan,-1,-1,nan,-1,/data/data/DA25S005/miccai_tbi/MultiTalentV2_finetuning/checkpoints/validation2025_100/ensemble_2_models_e5ohnz5w_tta_ddp_kpcyjb66_tta_hybrid/predicted_lesions/thr0p3_mincc40/scan_0319_pred_lesion.nii.gz
scan_0319,probability_average,none,0.4,0,nan,0.1,0,1,1,0.0,0,nan,-1,nan,-1,nan,-1,-1,nan,-1,/data/data/DA25S005/miccai_tbi/MultiTalentV2_finetuning/checkpoints/validation2025_100/ensemble_2_models_e5ohnz5w_tta_ddp_kpcyjb66_tta_hybrid/predicted_lesions/thr0p4_mincc0/scan_0319_pred_lesion.nii.gz
scan_0319,probability_average,none,0.4,3,nan,0.1,0,1,1,0.0,0,nan,-1,nan,-1,nan,-1,-1,nan,-1,/data/data/DA25S005/miccai_tbi/MultiTalentV2_finetuning/checkpoints/validation2025_100/ensemble_2_models_e5ohnz5w_tta_ddp_kpcyjb66_tta_hybrid/predicted_lesions/thr0p4_mincc3/scan_0319_pred_lesion.nii.gz
scan_0319,probability_average,none,0.4,5,nan,0.1,0,1,1,0.0,0,nan,-1,nan,-1,nan,-1,-1,nan,-1,/data/data/DA25S005/miccai_tbi/MultiTalentV2_finetuning/checkpoints/validation2025_100/ensemble_2_models_e5ohnz5w_tta_ddp_kpcyjb66_tta_hybrid/predicted_lesions/thr0p4_mincc5/scan_0319_pred_lesion.nii.gz
scan_0319,probability_average,none,0.4,10,nan,0.1,0,1,1,0.0,0,nan,-1,nan,-1,nan,-1,-1,nan,-1,/data/data/DA25S005/miccai_tbi/MultiTalentV2_finetuning/checkpoints/validation2025_100/ensemble_2_models_e5ohnz5w_tta_ddp_kpcyjb66_tta_hybrid/predicted_lesions/thr0p4_mincc10/scan_0319_pred_lesion.nii.gz
scan_0319,probability_average,none,0.4,20,nan,0.1,0,1,1,0.0,0,nan,-1,nan,-1,nan,-1,-1,nan,-1,/data/data/DA25S005/miccai_tbi/MultiTalentV2_finetuning/checkpoints/validation2025_100/ensemble_2_models_e5ohnz5w_tta_ddp_kpcyjb66_tta_hybrid/predicted_lesions/thr0p4_mincc20/scan_0319_pred_lesion.nii.gz
scan_0319,probability_average,none,0.4,40,nan,0.1,0,1,1,0.0,0,nan,-1,nan,-1,nan,-1,-1,nan,-1,/data/data/DA25S005/miccai_tbi/MultiTalentV2_finetuning/checkpoints/validation2025_100/ensemble_2_models_e5ohnz5w_tta_ddp_kpcyjb66_tta_hybrid/predicted_lesions/thr0p4_mincc40/scan_0319_pred_lesion.nii.gz
scan_0319,probability_average,none,0.5,0,nan,0.1,0,1,1,0.0,0,nan,-1,nan,-1,nan,-1,-1,nan,-1,/data/data/DA25S005/miccai_tbi/MultiTalentV2_finetuning/checkpoints/validation2025_100/ensemble_2_models_e5ohnz5w_tta_ddp_kpcyjb66_tta_hybrid/predicted_lesions/thr0p5_mincc0/scan_0319_pred_lesion.nii.gz
scan_0319,probability_average,none,0.5,3,nan,0.1,0,1,1,0.0,0,nan,-1,nan,-1,nan,-1,-1,nan,-1,/data/data/DA25S005/miccai_tbi/MultiTalentV2_finetuning/checkpoints/validation2025_100/ensemble_2_models_e5ohnz5w_tta_ddp_kpcyjb66_tta_hybrid/predicted_lesions/thr0p5_mincc3/scan_0319_pred_lesion.nii.gz
scan_0319,probability_average,none,0.5,5,nan,0.1,0,1,1,0.0,0,nan,-1,nan,-1,nan,-1,-1,nan,-1,/data/data/DA25S005/miccai_tbi/MultiTalentV2_finetuning/checkpoints/validation2025_100/ensemble_2_models_e5ohnz5w_tta_ddp_kpcyjb66_tta_hybrid/predicted_lesions/thr0p5_mincc5/scan_0319_pred_lesion.nii.gz
scan_0319,probability_average,none,0.5,10,nan,0.1,0,1,1,0.0,0,nan,-1,nan,-1,nan,-1,-1,nan,-1,/data/data/DA25S005/miccai_tbi/MultiTalentV2_finetuning/checkpoints/validation2025_100/ensemble_2_models_e5ohnz5w_tta_ddp_kpcyjb66_tta_hybrid/predicted_lesions/thr0p5_mincc10/scan_0319_pred_lesion.nii.gz
scan_0319,probability_average,none,0.5,20,nan,0.1,0,1,1,0.0,0,nan,-1,nan,-1,nan,-1,-1,nan,-1,/data/data/DA25S005/miccai_tbi/MultiTalentV2_finetuning/checkpoints/validation2025_100/ensemble_2_models_e5ohnz5w_tta_ddp_kpcyjb66_tta_hybrid/predicted_lesions/thr0p5_mincc20/scan_0319_pred_lesion.nii.gz
scan_0319,probability_average,none,0.5,40,nan,0.1,0,1,1,0.0,0,nan,-1,nan,-1,nan,-1,-1,nan,-1,/data/data/DA25S005/miccai_tbi/MultiTalentV2_finetuning/checkpoints/validation2025_100/ensemble_2_models_e5ohnz5w_tta_ddp_kpcyjb66_tta_hybrid/predicted_lesions/thr0p5_mincc40/scan_0319_pred_lesion.nii.gz
scan_0325,probability_average,none,0.1,0,nan,0.1,0,1,1,0.0,0,nan,-1,nan,-1,nan,-1,-1,nan,-1,/data/data/DA25S005/miccai_tbi/MultiTalentV2_finetuning/checkpoints/validation2025_100/ensemble_2_models_e5ohnz5w_tta_ddp_kpcyjb66_tta_hybrid/predicted_lesions/thr0p1_mincc0/scan_0325_pred_lesion.nii.gz
scan_0325,probability_average,none,0.1,3,nan,0.1,0,1,1,0.0,0,nan,-1,nan,-1,nan,-1,-1,nan,-1,/data/data/DA25S005/miccai_tbi/MultiTalentV2_finetuning/checkpoints/validation2025_100/ensemble_2_models_e5ohnz5w_tta_ddp_kpcyjb66_tta_hybrid/predicted_lesions/thr0p1_mincc3/scan_0325_pred_lesion.nii.gz
scan_0325,probability_average,none,0.1,5,nan,0.1,0,1,1,0.0,0,nan,-1,nan,-1,nan,-1,-1,nan,-1,/data/data/DA25S005/miccai_tbi/MultiTalentV2_finetuning/checkpoints/validation2025_100/ensemble_2_models_e5ohnz5w_tta_ddp_kpcyjb66_tta_hybrid/predicted_lesions/thr0p1_mincc5/scan_0325_pred_lesion.nii.gz
scan_0325,probability_average,none,0.1,10,nan,0.1,0,1,1,0.0,0,nan,-1,nan,-1,nan,-1,-1,nan,-1,/data/data/DA25S005/miccai_tbi/MultiTalentV2_finetuning/checkpoints/validation2025_100/ensemble_2_models_e5ohnz5w_tta_ddp_kpcyjb66_tta_hybrid/predicted_lesions/thr0p1_mincc10/scan_0325_pred_lesion.nii.gz
scan_0325,probability_average,none,0.1,20,nan,0.1,0,1,1,0.0,0,nan,-1,nan,-1,nan,-1,-1,nan,-1,/data/data/DA25S005/miccai_tbi/MultiTalentV2_finetuning/checkpoints/validation2025_100/ensemble_2_models_e5ohnz5w_tta_ddp_kpcyjb66_tta_hybrid/predicted_lesions/thr0p1_mincc20/scan_0325_pred_lesion.nii.gz
scan_0325,probability_average,none,0.1,40,nan,0.1,0,1,1,0.0,0,nan,-1,nan,-1,nan,-1,-1,nan,-1,/data/data/DA25S005/miccai_tbi/MultiTalentV2_finetuning/checkpoints/validation2025_100/ensemble_2_models_e5ohnz5w_tta_ddp_kpcyjb66_tta_hybrid/predicted_lesions/thr0p1_mincc40/scan_0325_pred_lesion.nii.gz
scan_0325,probability_average,none,0.2,0,nan,0.1,0,1,1,0.0,0,nan,-1,nan,-1,nan,-1,-1,nan,-1,/data/data/DA25S005/miccai_tbi/MultiTalentV2_finetuning/checkpoints/validation2025_100/ensemble_2_models_e5ohnz5w_tta_ddp_kpcyjb66_tta_hybrid/predicted_lesions/thr0p2_mincc0/scan_0325_pred_lesion.nii.gz
scan_0325,probability_average,none,0.2,3,nan,0.1,0,1,1,0.0,0,nan,-1,nan,-1,nan,-1,-1,nan,-1,/data/data/DA25S005/miccai_tbi/MultiTalentV2_finetuning/checkpoints/validation2025_100/ensemble_2_models_e5ohnz5w_tta_ddp_kpcyjb66_tta_hybrid/predicted_lesions/thr0p2_mincc3/scan_0325_pred_lesion.nii.gz
scan_0325,probability_average,none,0.2,5,nan,0.1,0,1,1,0.0,0,nan,-1,nan,-1,nan,-1,-1,nan,-1,/data/data/DA25S005/miccai_tbi/MultiTalentV2_finetuning/checkpoints/validation2025_100/ensemble_2_models_e5ohnz5w_tta_ddp_kpcyjb66_tta_hybrid/predicted_lesions/thr0p2_mincc5/scan_0325_pred_lesion.nii.gz
scan_0325,probability_average,none,0.2,10,nan,0.1,0,1,1,0.0,0,nan,-1,nan,-1,nan,-1,-1,nan,-1,/data/data/DA25S005/miccai_tbi/MultiTalentV2_finetuning/checkpoints/validation2025_100/ensemble_2_models_e5ohnz5w_tta_ddp_kpcyjb66_tta_hybrid/predicted_lesions/thr0p2_mincc10/scan_0325_pred_lesion.nii.gz
scan_0325,probability_average,none,0.2,20,nan,0.1,0,1,1,0.0,0,nan,-1,nan,-1,nan,-1,-1,nan,-1,/data/data/DA25S005/miccai_tbi/MultiTalentV2_finetuning/checkpoints/validation2025_100/ensemble_2_models_e5ohnz5w_tta_ddp_kpcyjb66_tta_hybrid/predicted_lesions/thr0p2_mincc20/scan_0325_pred_lesion.nii.gz
scan_0325,probability_average,none,0.2,40,nan,0.1,0,1,1,0.0,0,nan,-1,nan,-1,nan,-1,-1,nan,-1,/data/data/DA25S005/miccai_tbi/MultiTalentV2_finetuning/checkpoints/validation2025_100/ensemble_2_models_e5ohnz5w_tta_ddp_kpcyjb66_tta_hybrid/predicted_lesions/thr0p2_mincc40/scan_0325_pred_lesion.nii.gz
scan_0325,probability_average,none,0.3,0,nan,0.1,0,1,1,0.0,0,nan,-1,nan,-1,nan,-1,-1,nan,-1,/data/data/DA25S005/miccai_tbi/MultiTalentV2_finetuning/checkpoints/validation2025_100/ensemble_2_models_e5ohnz5w_tta_ddp_kpcyjb66_tta_hybrid/predicted_lesions/thr0p3_mincc0/scan_0325_pred_lesion.nii.gz
scan_0325,probability_average,none,0.3,3,nan,0.1,0,1,1,0.0,0,nan,-1,nan,-1,nan,-1,-1,nan,-1,/data/data/DA25S005/miccai_tbi/MultiTalentV2_finetuning/checkpoints/validation2025_100/ensemble_2_models_e5ohnz5w_tta_ddp_kpcyjb66_tta_hybrid/predicted_lesions/thr0p3_mincc3/scan_0325_pred_lesion.nii.gz
scan_0325,probability_average,none,0.3,5,nan,0.1,0,1,1,0.0,0,nan,-1,nan,-1,nan,-1,-1,nan,-1,/data/data/DA25S005/miccai_tbi/MultiTalentV2_finetuning/checkpoints/validation2025_100/ensemble_2_models_e5ohnz5w_tta_ddp_kpcyjb66_tta_hybrid/predicted_lesions/thr0p3_mincc5/scan_0325_pred_lesion.nii.gz
scan_0325,probability_average,none,0.3,10,nan,0.1,0,1,1,0.0,0,nan,-1,nan,-1,nan,-1,-1,nan,-1,/data/data/DA25S005/miccai_tbi/MultiTalentV2_finetuning/checkpoints/validation2025_100/ensemble_2_models_e5ohnz5w_tta_ddp_kpcyjb66_tta_hybrid/predicted_lesions/thr0p3_mincc10/scan_0325_pred_lesion.nii.gz
scan_0325,probability_average,none,0.3,20,nan,0.1,0,1,1,0.0,0,nan,-1,nan,-1,nan,-1,-1,nan,-1,/data/data/DA25S005/miccai_tbi/MultiTalentV2_finetuning/checkpoints/validation2025_100/ensemble_2_models_e5ohnz5w_tta_ddp_kpcyjb66_tta_hybrid/predicted_lesions/thr0p3_mincc20/scan_0325_pred_lesion.nii.gz
scan_0325,probability_average,none,0.3,40,nan,0.1,0,1,1,0.0,0,nan,-1,nan,-1,nan,-1,-1,nan,-1,/data/data/DA25S005/miccai_tbi/MultiTalentV2_finetuning/checkpoints/validation2025_100/ensemble_2_models_e5ohnz5w_tta_ddp_kpcyjb66_tta_hybrid/predicted_lesions/thr0p3_mincc40/scan_0325_pred_lesion.nii.gz
scan_0325,probability_average,none,0.4,0,nan,0.1,0,1,1,0.0,0,nan,-1,nan,-1,nan,-1,-1,nan,-1,/data/data/DA25S005/miccai_tbi/MultiTalentV2_finetuning/checkpoints/validation2025_100/ensemble_2_models_e5ohnz5w_tta_ddp_kpcyjb66_tta_hybrid/predicted_lesions/thr0p4_mincc0/scan_0325_pred_lesion.nii.gz
scan_0325,probability_average,none,0.4,3,nan,0.1,0,1,1,0.0,0,nan,-1,nan,-1,nan,-1,-1,nan,-1,/data/data/DA25S005/miccai_tbi/MultiTalentV2_finetuning/checkpoints/validation2025_100/ensemble_2_models_e5ohnz5w_tta_ddp_kpcyjb66_tta_hybrid/predicted_lesions/thr0p4_mincc3/scan_0325_pred_lesion.nii.gz
scan_0325,probability_average,none,0.4,5,nan,0.1,0,1,1,0.0,0,nan,-1,nan,-1,nan,-1,-1,nan,-1,/data/data/DA25S005/miccai_tbi/MultiTalentV2_finetuning/checkpoints/validation2025_100/ensemble_2_models_e5ohnz5w_tta_ddp_kpcyjb66_tta_hybrid/predicted_lesions/thr0p4_mincc5/scan_0325_pred_lesion.nii.gz
scan_0325,probability_average,none,0.4,10,nan,0.1,0,1,1,0.0,0,nan,-1,nan,-1,nan,-1,-1,nan,-1,/data/data/DA25S005/miccai_tbi/MultiTalentV2_finetuning/checkpoints/validation2025_100/ensemble_2_models_e5ohnz5w_tta_ddp_kpcyjb66_tta_hybrid/predicted_lesions/thr0p4_mincc10/scan_0325_pred_lesion.nii.gz
scan_0325,probability_average,none,0.4,20,nan,0.1,0,1,1,0.0,0,nan,-1,nan,-1,nan,-1,-1,nan,-1,/data/data/DA25S005/miccai_tbi/MultiTalentV2_finetuning/checkpoints/validation2025_100/ensemble_2_models_e5ohnz5w_tta_ddp_kpcyjb66_tta_hybrid/predicted_lesions/thr0p4_mincc20/scan_0325_pred_lesion.nii.gz
scan_0325,probability_average,none,0.4,40,nan,0.1,0,1,1,0.0,0,nan,-1,nan,-1,nan,-1,-1,nan,-1,/data/data/DA25S005/miccai_tbi/MultiTalentV2_finetuning/checkpoints/validation2025_100/ensemble_2_models_e5ohnz5w_tta_ddp_kpcyjb66_tta_hybrid/predicted_lesions/thr0p4_mincc40/scan_0325_pred_lesion.nii.gz
scan_0325,probability_average,none,0.5,0,nan,0.1,0,1,1,0.0,0,nan,-1,nan,-1,nan,-1,-1,nan,-1,/data/data/DA25S005/miccai_tbi/MultiTalentV2_finetuning/checkpoints/validation2025_100/ensemble_2_models_e5ohnz5w_tta_ddp_kpcyjb66_tta_hybrid/predicted_lesions/thr0p5_mincc0/scan_0325_pred_lesion.nii.gz
scan_0325,probability_average,none,0.5,3,nan,0.1,0,1,1,0.0,0,nan,-1,nan,-1,nan,-1,-1,nan,-1,/data/data/DA25S005/miccai_tbi/MultiTalentV2_finetuning/checkpoints/validation2025_100/ensemble_2_models_e5ohnz5w_tta_ddp_kpcyjb66_tta_hybrid/predicted_lesions/thr0p5_mincc3/scan_0325_pred_lesion.nii.gz
scan_0325,probability_average,none,0.5,5,nan,0.1,0,1,1,0.0,0,nan,-1,nan,-1,nan,-1,-1,nan,-1,/data/data/DA25S005/miccai_tbi/MultiTalentV2_finetuning/checkpoints/validation2025_100/ensemble_2_models_e5ohnz5w_tta_ddp_kpcyjb66_tta_hybrid/predicted_lesions/thr0p5_mincc5/scan_0325_pred_lesion.nii.gz
scan_0325,probability_average,none,0.5,10,nan,0.1,0,1,1,0.0,0,nan,-1,nan,-1,nan,-1,-1,nan,-1,/data/data/DA25S005/miccai_tbi/MultiTalentV2_finetuning/checkpoints/validation2025_100/ensemble_2_models_e5ohnz5w_tta_ddp_kpcyjb66_tta_hybrid/predicted_lesions/thr0p5_mincc10/scan_0325_pred_lesion.nii.gz
scan_0325,probability_average,none,0.5,20,nan,0.1,0,1,1,0.0,0,nan,-1,nan,-1,nan,-1,-1,nan,-1,/data/data/DA25S005/miccai_tbi/MultiTalentV2_finetuning/checkpoints/validation2025_100/ensemble_2_models_e5ohnz5w_tta_ddp_kpcyjb66_tta_hybrid/predicted_lesions/thr0p5_mincc20/scan_0325_pred_lesion.nii.gz
scan_0325,probability_average,none,0.5,40,nan,0.1,0,1,1,0.0,0,nan,-1,nan,-1,nan,-1,-1,nan,-1,/data/data/DA25S005/miccai_tbi/MultiTalentV2_finetuning/checkpoints/validation2025_100/ensemble_2_models_e5ohnz5w_tta_ddp_kpcyjb66_tta_hybrid/predicted_lesions/thr0p5_mincc40/scan_0325_pred_lesion.nii.gz
scan_0327,probability_average,none,0.1,0,nan,0.1,0,1,1,0.0,0,nan,-1,nan,-1,nan,-1,-1,nan,-1,/data/data/DA25S005/miccai_tbi/MultiTalentV2_finetuning/checkpoints/validation2025_100/ensemble_2_models_e5ohnz5w_tta_ddp_kpcyjb66_tta_hybrid/predicted_lesions/thr0p1_mincc0/scan_0327_pred_lesion.nii.gz
scan_0327,probability_average,none,0.1,3,nan,0.1,0,1,1,0.0,0,nan,-1,nan,-1,nan,-1,-1,nan,-1,/data/data/DA25S005/miccai_tbi/MultiTalentV2_finetuning/checkpoints/validation2025_100/ensemble_2_models_e5ohnz5w_tta_ddp_kpcyjb66_tta_hybrid/predicted_lesions/thr0p1_mincc3/scan_0327_pred_lesion.nii.gz
scan_0327,probability_average,none,0.1,5,nan,0.1,0,1,1,0.0,0,nan,-1,nan,-1,nan,-1,-1,nan,-1,/data/data/DA25S005/miccai_tbi/MultiTalentV2_finetuning/checkpoints/validation2025_100/ensemble_2_models_e5ohnz5w_tta_ddp_kpcyjb66_tta_hybrid/predicted_lesions/thr0p1_mincc5/scan_0327_pred_lesion.nii.gz
scan_0327,probability_average,none,0.1,10,nan,0.1,0,1,1,0.0,0,nan,-1,nan,-1,nan,-1,-1,nan,-1,/data/data/DA25S005/miccai_tbi/MultiTalentV2_finetuning/checkpoints/validation2025_100/ensemble_2_models_e5ohnz5w_tta_ddp_kpcyjb66_tta_hybrid/predicted_lesions/thr0p1_mincc10/scan_0327_pred_lesion.nii.gz
scan_0327,probability_average,none,0.1,20,nan,0.1,0,1,1,0.0,0,nan,-1,nan,-1,nan,-1,-1,nan,-1,/data/data/DA25S005/miccai_tbi/MultiTalentV2_finetuning/checkpoints/validation2025_100/ensemble_2_models_e5ohnz5w_tta_ddp_kpcyjb66_tta_hybrid/predicted_lesions/thr0p1_mincc20/scan_0327_pred_lesion.nii.gz
scan_0327,probability_average,none,0.1,40,nan,0.1,0,1,1,0.0,0,nan,-1,nan,-1,nan,-1,-1,nan,-1,/data/data/DA25S005/miccai_tbi/MultiTalentV2_finetuning/checkpoints/validation2025_100/ensemble_2_models_e5ohnz5w_tta_ddp_kpcyjb66_tta_hybrid/predicted_lesions/thr0p1_mincc40/scan_0327_pred_lesion.nii.gz
scan_0327,probability_average,none,0.2,0,nan,0.1,0,1,1,0.0,0,nan,-1,nan,-1,nan,-1,-1,nan,-1,/data/data/DA25S005/miccai_tbi/MultiTalentV2_finetuning/checkpoints/validation2025_100/ensemble_2_models_e5ohnz5w_tta_ddp_kpcyjb66_tta_hybrid/predicted_lesions/thr0p2_mincc0/scan_0327_pred_lesion.nii.gz
scan_0327,probability_average,none,0.2,3,nan,0.1,0,1,1,0.0,0,nan,-1,nan,-1,nan,-1,-1,nan,-1,/data/data/DA25S005/miccai_tbi/MultiTalentV2_finetuning/checkpoints/validation2025_100/ensemble_2_models_e5ohnz5w_tta_ddp_kpcyjb66_tta_hybrid/predicted_lesions/thr0p2_mincc3/scan_0327_pred_lesion.nii.gz
scan_0327,probability_average,none,0.2,5,nan,0.1,0,1,1,0.0,0,nan,-1,nan,-1,nan,-1,-1,nan,-1,/data/data/DA25S005/miccai_tbi/MultiTalentV2_finetuning/checkpoints/validation2025_100/ensemble_2_models_e5ohnz5w_tta_ddp_kpcyjb66_tta_hybrid/predicted_lesions/thr0p2_mincc5/scan_0327_pred_lesion.nii.gz
scan_0327,probability_average,none,0.2,10,nan,0.1,0,1,1,0.0,0,nan,-1,nan,-1,nan,-1,-1,nan,-1,/data/data/DA25S005/miccai_tbi/MultiTalentV2_finetuning/checkpoints/validation2025_100/ensemble_2_models_e5ohnz5w_tta_ddp_kpcyjb66_tta_hybrid/predicted_lesions/thr0p2_mincc10/scan_0327_pred_lesion.nii.gz
scan_0327,probability_average,none,0.2,20,nan,0.1,0,1,1,0.0,0,nan,-1,nan,-1,nan,-1,-1,nan,-1,/data/data/DA25S005/miccai_tbi/MultiTalentV2_finetuning/checkpoints/validation2025_100/ensemble_2_models_e5ohnz5w_tta_ddp_kpcyjb66_tta_hybrid/predicted_lesions/thr0p2_mincc20/scan_0327_pred_lesion.nii.gz
scan_0327,probability_average,none,0.2,40,nan,0.1,0,1,1,0.0,0,nan,-1,nan,-1,nan,-1,-1,nan,-1,/data/data/DA25S005/miccai_tbi/MultiTalentV2_finetuning/checkpoints/validation2025_100/ensemble_2_models_e5ohnz5w_tta_ddp_kpcyjb66_tta_hybrid/predicted_lesions/thr0p2_mincc40/scan_0327_pred_lesion.nii.gz
scan_0327,probability_average,none,0.3,0,nan,0.1,0,1,1,0.0,0,nan,-1,nan,-1,nan,-1,-1,nan,-1,/data/data/DA25S005/miccai_tbi/MultiTalentV2_finetuning/checkpoints/validation2025_100/ensemble_2_models_e5ohnz5w_tta_ddp_kpcyjb66_tta_hybrid/predicted_lesions/thr0p3_mincc0/scan_0327_pred_lesion.nii.gz
scan_0327,probability_average,none,0.3,3,nan,0.1,0,1,1,0.0,0,nan,-1,nan,-1,nan,-1,-1,nan,-1,/data/data/DA25S005/miccai_tbi/MultiTalentV2_finetuning/checkpoints/validation2025_100/ensemble_2_models_e5ohnz5w_tta_ddp_kpcyjb66_tta_hybrid/predicted_lesions/thr0p3_mincc3/scan_0327_pred_lesion.nii.gz
scan_0327,probability_average,none,0.3,5,nan,0.1,0,1,1,0.0,0,nan,-1,nan,-1,nan,-1,-1,nan,-1,/data/data/DA25S005/miccai_tbi/MultiTalentV2_finetuning/checkpoints/validation2025_100/ensemble_2_models_e5ohnz5w_tta_ddp_kpcyjb66_tta_hybrid/predicted_lesions/thr0p3_mincc5/scan_0327_pred_lesion.nii.gz
scan_0327,probability_average,none,0.3,10,nan,0.1,0,1,1,0.0,0,nan,-1,nan,-1,nan,-1,-1,nan,-1,/data/data/DA25S005/miccai_tbi/MultiTalentV2_finetuning/checkpoints/validation2025_100/ensemble_2_models_e5ohnz5w_tta_ddp_kpcyjb66_tta_hybrid/predicted_lesions/thr0p3_mincc10/scan_0327_pred_lesion.nii.gz
scan_0327,probability_average,none,0.3,20,nan,0.1,0,1,1,0.0,0,nan,-1,nan,-1,nan,-1,-1,nan,-1,/data/data/DA25S005/miccai_tbi/MultiTalentV2_finetuning/checkpoints/validation2025_100/ensemble_2_models_e5ohnz5w_tta_ddp_kpcyjb66_tta_hybrid/predicted_lesions/thr0p3_mincc20/scan_0327_pred_lesion.nii.gz
scan_0327,probability_average,none,0.3,40,nan,0.1,0,1,1,0.0,0,nan,-1,nan,-1,nan,-1,-1,nan,-1,/data/data/DA25S005/miccai_tbi/MultiTalentV2_finetuning/checkpoints/validation2025_100/ensemble_2_models_e5ohnz5w_tta_ddp_kpcyjb66_tta_hybrid/predicted_lesions/thr0p3_mincc40/scan_0327_pred_lesion.nii.gz
scan_0327,probability_average,none,0.4,0,nan,0.1,0,1,1,0.0,0,nan,-1,nan,-1,nan,-1,-1,nan,-1,/data/data/DA25S005/miccai_tbi/MultiTalentV2_finetuning/checkpoints/validation2025_100/ensemble_2_models_e5ohnz5w_tta_ddp_kpcyjb66_tta_hybrid/predicted_lesions/thr0p4_mincc0/scan_0327_pred_lesion.nii.gz
scan_0327,probability_average,none,0.4,3,nan,0.1,0,1,1,0.0,0,nan,-1,nan,-1,nan,-1,-1,nan,-1,/data/data/DA25S005/miccai_tbi/MultiTalentV2_finetuning/checkpoints/validation2025_100/ensemble_2_models_e5ohnz5w_tta_ddp_kpcyjb66_tta_hybrid/predicted_lesions/thr0p4_mincc3/scan_0327_pred_lesion.nii.gz
scan_0327,probability_average,none,0.4,5,nan,0.1,0,1,1,0.0,0,nan,-1,nan,-1,nan,-1,-1,nan,-1,/data/data/DA25S005/miccai_tbi/MultiTalentV2_finetuning/checkpoints/validation2025_100/ensemble_2_models_e5ohnz5w_tta_ddp_kpcyjb66_tta_hybrid/predicted_lesions/thr0p4_mincc5/scan_0327_pred_lesion.nii.gz
scan_0327,probability_average,none,0.4,10,nan,0.1,0,1,1,0.0,0,nan,-1,nan,-1,nan,-1,-1,nan,-1,/data/data/DA25S005/miccai_tbi/MultiTalentV2_finetuning/checkpoints/validation2025_100/ensemble_2_models_e5ohnz5w_tta_ddp_kpcyjb66_tta_hybrid/predicted_lesions/thr0p4_mincc10/scan_0327_pred_lesion.nii.gz
scan_0327,probability_average,none,0.4,20,nan,0.1,0,1,1,0.0,0,nan,-1,nan,-1,nan,-1,-1,nan,-1,/data/data/DA25S005/miccai_tbi/MultiTalentV2_finetuning/checkpoints/validation2025_100/ensemble_2_models_e5ohnz5w_tta_ddp_kpcyjb66_tta_hybrid/predicted_lesions/thr0p4_mincc20/scan_0327_pred_lesion.nii.gz
scan_0327,probability_average,none,0.4,40,nan,0.1,0,1,1,0.0,0,nan,-1,nan,-1,nan,-1,-1,nan,-1,/data/data/DA25S005/miccai_tbi/MultiTalentV2_finetuning/checkpoints/validation2025_100/ensemble_2_models_e5ohnz5w_tta_ddp_kpcyjb66_tta_hybrid/predicted_lesions/thr0p4_mincc40/scan_0327_pred_lesion.nii.gz
scan_0327,probability_average,none,0.5,0,nan,0.1,0,1,1,0.0,0,nan,-1,nan,-1,nan,-1,-1,nan,-1,/data/data/DA25S005/miccai_tbi/MultiTalentV2_finetuning/checkpoints/validation2025_100/ensemble_2_models_e5ohnz5w_tta_ddp_kpcyjb66_tta_hybrid/predicted_lesions/thr0p5_mincc0/scan_0327_pred_lesion.nii.gz
scan_0327,probability_average,none,0.5,3,nan,0.1,0,1,1,0.0,0,nan,-1,nan,-1,nan,-1,-1,nan,-1,/data/data/DA25S005/miccai_tbi/MultiTalentV2_finetuning/checkpoints/validation2025_100/ensemble_2_models_e5ohnz5w_tta_ddp_kpcyjb66_tta_hybrid/predicted_lesions/thr0p5_mincc3/scan_0327_pred_lesion.nii.gz
scan_0327,probability_average,none,0.5,5,nan,0.1,0,1,1,0.0,0,nan,-1,nan,-1,nan,-1,-1,nan,-1,/data/data/DA25S005/miccai_tbi/MultiTalentV2_finetuning/checkpoints/validation2025_100/ensemble_2_models_e5ohnz5w_tta_ddp_kpcyjb66_tta_hybrid/predicted_lesions/thr0p5_mincc5/scan_0327_pred_lesion.nii.gz
scan_0327,probability_average,none,0.5,10,nan,0.1,0,1,1,0.0,0,nan,-1,nan,-1,nan,-1,-1,nan,-1,/data/data/DA25S005/miccai_tbi/MultiTalentV2_finetuning/checkpoints/validation2025_100/ensemble_2_models_e5ohnz5w_tta_ddp_kpcyjb66_tta_hybrid/predicted_lesions/thr0p5_mincc10/scan_0327_pred_lesion.nii.gz
scan_0327,probability_average,none,0.5,20,nan,0.1,0,1,1,0.0,0,nan,-1,nan,-1,nan,-1,-1,nan,-1,/data/data/DA25S005/miccai_tbi/MultiTalentV2_finetuning/checkpoints/validation2025_100/ensemble_2_models_e5ohnz5w_tta_ddp_kpcyjb66_tta_hybrid/predicted_lesions/thr0p5_mincc20/scan_0327_pred_lesion.nii.gz
scan_0327,probability_average,none,0.5,40,nan,0.1,0,1,1,0.0,0,nan,-1,nan,-1,nan,-1,-1,nan,-1,/data/data/DA25S005/miccai_tbi/MultiTalentV2_finetuning/checkpoints/validation2025_100/ensemble_2_models_e5ohnz5w_tta_ddp_kpcyjb66_tta_hybrid/predicted_lesions/thr0p5_mincc40/scan_0327_pred_lesion.nii.gz
scan_0332,probability_average,none,0.1,0,nan,0.1,0,1,1,0.0,0,nan,-1,nan,-1,nan,-1,-1,nan,-1,/data/data/DA25S005/miccai_tbi/MultiTalentV2_finetuning/checkpoints/validation2025_100/ensemble_2_models_e5ohnz5w_tta_ddp_kpcyjb66_tta_hybrid/predicted_lesions/thr0p1_mincc0/scan_0332_pred_lesion.nii.gz
scan_0332,probability_average,none,0.1,3,nan,0.1,0,1,1,0.0,0,nan,-1,nan,-1,nan,-1,-1,nan,-1,/data/data/DA25S005/miccai_tbi/MultiTalentV2_finetuning/checkpoints/validation2025_100/ensemble_2_models_e5ohnz5w_tta_ddp_kpcyjb66_tta_hybrid/predicted_lesions/thr0p1_mincc3/scan_0332_pred_lesion.nii.gz
scan_0332,probability_average,none,0.1,5,nan,0.1,0,1,1,0.0,0,nan,-1,nan,-1,nan,-1,-1,nan,-1,/data/data/DA25S005/miccai_tbi/MultiTalentV2_finetuning/checkpoints/validation2025_100/ensemble_2_models_e5ohnz5w_tta_ddp_kpcyjb66_tta_hybrid/predicted_lesions/thr0p1_mincc5/scan_0332_pred_lesion.nii.gz
scan_0332,probability_average,none,0.1,10,nan,0.1,0,1,1,0.0,0,nan,-1,nan,-1,nan,-1,-1,nan,-1,/data/data/DA25S005/miccai_tbi/MultiTalentV2_finetuning/checkpoints/validation2025_100/ensemble_2_models_e5ohnz5w_tta_ddp_kpcyjb66_tta_hybrid/predicted_lesions/thr0p1_mincc10/scan_0332_pred_lesion.nii.gz
scan_0332,probability_average,none,0.1,20,nan,0.1,0,1,1,0.0,0,nan,-1,nan,-1,nan,-1,-1,nan,-1,/data/data/DA25S005/miccai_tbi/MultiTalentV2_finetuning/checkpoints/validation2025_100/ensemble_2_models_e5ohnz5w_tta_ddp_kpcyjb66_tta_hybrid/predicted_lesions/thr0p1_mincc20/scan_0332_pred_lesion.nii.gz
scan_0332,probability_average,none,0.1,40,nan,0.1,0,1,1,0.0,0,nan,-1,nan,-1,nan,-1,-1,nan,-1,/data/data/DA25S005/miccai_tbi/MultiTalentV2_finetuning/checkpoints/validation2025_100/ensemble_2_models_e5ohnz5w_tta_ddp_kpcyjb66_tta_hybrid/predicted_lesions/thr0p1_mincc40/scan_0332_pred_lesion.nii.gz
scan_0332,probability_average,none,0.2,0,nan,0.1,0,1,1,0.0,0,nan,-1,nan,-1,nan,-1,-1,nan,-1,/data/data/DA25S005/miccai_tbi/MultiTalentV2_finetuning/checkpoints/validation2025_100/ensemble_2_models_e5ohnz5w_tta_ddp_kpcyjb66_tta_hybrid/predicted_lesions/thr0p2_mincc0/scan_0332_pred_lesion.nii.gz
scan_0332,probability_average,none,0.2,3,nan,0.1,0,1,1,0.0,0,nan,-1,nan,-1,nan,-1,-1,nan,-1,/data/data/DA25S005/miccai_tbi/MultiTalentV2_finetuning/checkpoints/validation2025_100/ensemble_2_models_e5ohnz5w_tta_ddp_kpcyjb66_tta_hybrid/predicted_lesions/thr0p2_mincc3/scan_0332_pred_lesion.nii.gz
scan_0332,probability_average,none,0.2,5,nan,0.1,0,1,1,0.0,0,nan,-1,nan,-1,nan,-1,-1,nan,-1,/data/data/DA25S005/miccai_tbi/MultiTalentV2_finetuning/checkpoints/validation2025_100/ensemble_2_models_e5ohnz5w_tta_ddp_kpcyjb66_tta_hybrid/predicted_lesions/thr0p2_mincc5/scan_0332_pred_lesion.nii.gz
scan_0332,probability_average,none,0.2,10,nan,0.1,0,1,1,0.0,0,nan,-1,nan,-1,nan,-1,-1,nan,-1,/data/data/DA25S005/miccai_tbi/MultiTalentV2_finetuning/checkpoints/validation2025_100/ensemble_2_models_e5ohnz5w_tta_ddp_kpcyjb66_tta_hybrid/predicted_lesions/thr0p2_mincc10/scan_0332_pred_lesion.nii.gz
scan_0332,probability_average,none,0.2,20,nan,0.1,0,1,1,0.0,0,nan,-1,nan,-1,nan,-1,-1,nan,-1,/data/data/DA25S005/miccai_tbi/MultiTalentV2_finetuning/checkpoints/validation2025_100/ensemble_2_models_e5ohnz5w_tta_ddp_kpcyjb66_tta_hybrid/predicted_lesions/thr0p2_mincc20/scan_0332_pred_lesion.nii.gz
scan_0332,probability_average,none,0.2,40,nan,0.1,0,1,1,0.0,0,nan,-1,nan,-1,nan,-1,-1,nan,-1,/data/data/DA25S005/miccai_tbi/MultiTalentV2_finetuning/checkpoints/validation2025_100/ensemble_2_models_e5ohnz5w_tta_ddp_kpcyjb66_tta_hybrid/predicted_lesions/thr0p2_mincc40/scan_0332_pred_lesion.nii.gz
scan_0332,probability_average,none,0.3,0,nan,0.1,0,1,1,0.0,0,nan,-1,nan,-1,nan,-1,-1,nan,-1,/data/data/DA25S005/miccai_tbi/MultiTalentV2_finetuning/checkpoints/validation2025_100/ensemble_2_models_e5ohnz5w_tta_ddp_kpcyjb66_tta_hybrid/predicted_lesions/thr0p3_mincc0/scan_0332_pred_lesion.nii.gz
scan_0332,probability_average,none,0.3,3,nan,0.1,0,1,1,0.0,0,nan,-1,nan,-1,nan,-1,-1,nan,-1,/data/data/DA25S005/miccai_tbi/MultiTalentV2_finetuning/checkpoints/validation2025_100/ensemble_2_models_e5ohnz5w_tta_ddp_kpcyjb66_tta_hybrid/predicted_lesions/thr0p3_mincc3/scan_0332_pred_lesion.nii.gz
scan_0332,probability_average,none,0.3,5,nan,0.1,0,1,1,0.0,0,nan,-1,nan,-1,nan,-1,-1,nan,-1,/data/data/DA25S005/miccai_tbi/MultiTalentV2_finetuning/checkpoints/validation2025_100/ensemble_2_models_e5ohnz5w_tta_ddp_kpcyjb66_tta_hybrid/predicted_lesions/thr0p3_mincc5/scan_0332_pred_lesion.nii.gz
scan_0332,probability_average,none,0.3,10,nan,0.1,0,1,1,0.0,0,nan,-1,nan,-1,nan,-1,-1,nan,-1,/data/data/DA25S005/miccai_tbi/MultiTalentV2_finetuning/checkpoints/validation2025_100/ensemble_2_models_e5ohnz5w_tta_ddp_kpcyjb66_tta_hybrid/predicted_lesions/thr0p3_mincc10/scan_0332_pred_lesion.nii.gz
scan_0332,probability_average,none,0.3,20,nan,0.1,0,1,1,0.0,0,nan,-1,nan,-1,nan,-1,-1,nan,-1,/data/data/DA25S005/miccai_tbi/MultiTalentV2_finetuning/checkpoints/validation2025_100/ensemble_2_models_e5ohnz5w_tta_ddp_kpcyjb66_tta_hybrid/predicted_lesions/thr0p3_mincc20/scan_0332_pred_lesion.nii.gz
scan_0332,probability_average,none,0.3,40,nan,0.1,0,1,1,0.0,0,nan,-1,nan,-1,nan,-1,-1,nan,-1,/data/data/DA25S005/miccai_tbi/MultiTalentV2_finetuning/checkpoints/validation2025_100/ensemble_2_models_e5ohnz5w_tta_ddp_kpcyjb66_tta_hybrid/predicted_lesions/thr0p3_mincc40/scan_0332_pred_lesion.nii.gz
scan_0332,probability_average,none,0.4,0,nan,0.1,0,1,1,0.0,0,nan,-1,nan,-1,nan,-1,-1,nan,-1,/data/data/DA25S005/miccai_tbi/MultiTalentV2_finetuning/checkpoints/validation2025_100/ensemble_2_models_e5ohnz5w_tta_ddp_kpcyjb66_tta_hybrid/predicted_lesions/thr0p4_mincc0/scan_0332_pred_lesion.nii.gz
scan_0332,probability_average,none,0.4,3,nan,0.1,0,1,1,0.0,0,nan,-1,nan,-1,nan,-1,-1,nan,-1,/data/data/DA25S005/miccai_tbi/MultiTalentV2_finetuning/checkpoints/validation2025_100/ensemble_2_models_e5ohnz5w_tta_ddp_kpcyjb66_tta_hybrid/predicted_lesions/thr0p4_mincc3/scan_0332_pred_lesion.nii.gz
scan_0332,probability_average,none,0.4,5,nan,0.1,0,1,1,0.0,0,nan,-1,nan,-1,nan,-1,-1,nan,-1,/data/data/DA25S005/miccai_tbi/MultiTalentV2_finetuning/checkpoints/validation2025_100/ensemble_2_models_e5ohnz5w_tta_ddp_kpcyjb66_tta_hybrid/predicted_lesions/thr0p4_mincc5/scan_0332_pred_lesion.nii.gz
scan_0332,probability_average,none,0.4,10,nan,0.1,0,1,1,0.0,0,nan,-1,nan,-1,nan,-1,-1,nan,-1,/data/data/DA25S005/miccai_tbi/MultiTalentV2_finetuning/checkpoints/validation2025_100/ensemble_2_models_e5ohnz5w_tta_ddp_kpcyjb66_tta_hybrid/predicted_lesions/thr0p4_mincc10/scan_0332_pred_lesion.nii.gz
scan_0332,probability_average,none,0.4,20,nan,0.1,0,1,1,0.0,0,nan,-1,nan,-1,nan,-1,-1,nan,-1,/data/data/DA25S005/miccai_tbi/MultiTalentV2_finetuning/checkpoints/validation2025_100/ensemble_2_models_e5ohnz5w_tta_ddp_kpcyjb66_tta_hybrid/predicted_lesions/thr0p4_mincc20/scan_0332_pred_lesion.nii.gz
scan_0332,probability_average,none,0.4,40,nan,0.1,0,1,1,0.0,0,nan,-1,nan,-1,nan,-1,-1,nan,-1,/data/data/DA25S005/miccai_tbi/MultiTalentV2_finetuning/checkpoints/validation2025_100/ensemble_2_models_e5ohnz5w_tta_ddp_kpcyjb66_tta_hybrid/predicted_lesions/thr0p4_mincc40/scan_0332_pred_lesion.nii.gz
scan_0332,probability_average,none,0.5,0,nan,0.1,0,1,1,0.0,0,nan,-1,nan,-1,nan,-1,-1,nan,-1,/data/data/DA25S005/miccai_tbi/MultiTalentV2_finetuning/checkpoints/validation2025_100/ensemble_2_models_e5ohnz5w_tta_ddp_kpcyjb66_tta_hybrid/predicted_lesions/thr0p5_mincc0/scan_0332_pred_lesion.nii.gz
scan_0332,probability_average,none,0.5,3,nan,0.1,0,1,1,0.0,0,nan,-1,nan,-1,nan,-1,-1,nan,-1,/data/data/DA25S005/miccai_tbi/MultiTalentV2_finetuning/checkpoints/validation2025_100/ensemble_2_models_e5ohnz5w_tta_ddp_kpcyjb66_tta_hybrid/predicted_lesions/thr0p5_mincc3/scan_0332_pred_lesion.nii.gz
scan_0332,probability_average,none,0.5,5,nan,0.1,0,1,1,0.0,0,nan,-1,nan,-1,nan,-1,-1,nan,-1,/data/data/DA25S005/miccai_tbi/MultiTalentV2_finetuning/checkpoints/validation2025_100/ensemble_2_models_e5ohnz5w_tta_ddp_kpcyjb66_tta_hybrid/predicted_lesions/thr0p5_mincc5/scan_0332_pred_lesion.nii.gz
scan_0332,probability_average,none,0.5,10,nan,0.1,0,1,1,0.0,0,nan,-1,nan,-1,nan,-1,-1,nan,-1,/data/data/DA25S005/miccai_tbi/MultiTalentV2_finetuning/checkpoints/validation2025_100/ensemble_2_models_e5ohnz5w_tta_ddp_kpcyjb66_tta_hybrid/predicted_lesions/thr0p5_mincc10/scan_0332_pred_lesion.nii.gz
scan_0332,probability_average,none,0.5,20,nan,0.1,0,1,1,0.0,0,nan,-1,nan,-1,nan,-1,-1,nan,-1,/data/data/DA25S005/miccai_tbi/MultiTalentV2_finetuning/checkpoints/validation2025_100/ensemble_2_models_e5ohnz5w_tta_ddp_kpcyjb66_tta_hybrid/predicted_lesions/thr0p5_mincc20/scan_0332_pred_lesion.nii.gz
scan_0332,probability_average,none,0.5,40,nan,0.1,0,1,1,0.0,0,nan,-1,nan,-1,nan,-1,-1,nan,-1,/data/data/DA25S005/miccai_tbi/MultiTalentV2_finetuning/checkpoints/validation2025_100/ensemble_2_models_e5ohnz5w_tta_ddp_kpcyjb66_tta_hybrid/predicted_lesions/thr0p5_mincc40/scan_0332_pred_lesion.nii.gz
scan_0337,probability_average,none,0.1,0,nan,0.1,0,1,1,0.0,0,nan,-1,nan,-1,nan,-1,-1,nan,-1,/data/data/DA25S005/miccai_tbi/MultiTalentV2_finetuning/checkpoints/validation2025_100/ensemble_2_models_e5ohnz5w_tta_ddp_kpcyjb66_tta_hybrid/predicted_lesions/thr0p1_mincc0/scan_0337_pred_lesion.nii.gz
scan_0337,probability_average,none,0.1,3,nan,0.1,0,1,1,0.0,0,nan,-1,nan,-1,nan,-1,-1,nan,-1,/data/data/DA25S005/miccai_tbi/MultiTalentV2_finetuning/checkpoints/validation2025_100/ensemble_2_models_e5ohnz5w_tta_ddp_kpcyjb66_tta_hybrid/predicted_lesions/thr0p1_mincc3/scan_0337_pred_lesion.nii.gz
scan_0337,probability_average,none,0.1,5,nan,0.1,0,1,1,0.0,0,nan,-1,nan,-1,nan,-1,-1,nan,-1,/data/data/DA25S005/miccai_tbi/MultiTalentV2_finetuning/checkpoints/validation2025_100/ensemble_2_models_e5ohnz5w_tta_ddp_kpcyjb66_tta_hybrid/predicted_lesions/thr0p1_mincc5/scan_0337_pred_lesion.nii.gz
scan_0337,probability_average,none,0.1,10,nan,0.1,0,1,1,0.0,0,nan,-1,nan,-1,nan,-1,-1,nan,-1,/data/data/DA25S005/miccai_tbi/MultiTalentV2_finetuning/checkpoints/validation2025_100/ensemble_2_models_e5ohnz5w_tta_ddp_kpcyjb66_tta_hybrid/predicted_lesions/thr0p1_mincc10/scan_0337_pred_lesion.nii.gz
scan_0337,probability_average,none,0.1,20,nan,0.1,0,1,1,0.0,0,nan,-1,nan,-1,nan,-1,-1,nan,-1,/data/data/DA25S005/miccai_tbi/MultiTalentV2_finetuning/checkpoints/validation2025_100/ensemble_2_models_e5ohnz5w_tta_ddp_kpcyjb66_tta_hybrid/predicted_lesions/thr0p1_mincc20/scan_0337_pred_lesion.nii.gz
scan_0337,probability_average,none,0.1,40,nan,0.1,0,1,1,0.0,0,nan,-1,nan,-1,nan,-1,-1,nan,-1,/data/data/DA25S005/miccai_tbi/MultiTalentV2_finetuning/checkpoints/validation2025_100/ensemble_2_models_e5ohnz5w_tta_ddp_kpcyjb66_tta_hybrid/predicted_lesions/thr0p1_mincc40/scan_0337_pred_lesion.nii.gz
scan_0337,probability_average,none,0.2,0,nan,0.1,0,1,1,0.0,0,nan,-1,nan,-1,nan,-1,-1,nan,-1,/data/data/DA25S005/miccai_tbi/MultiTalentV2_finetuning/checkpoints/validation2025_100/ensemble_2_models_e5ohnz5w_tta_ddp_kpcyjb66_tta_hybrid/predicted_lesions/thr0p2_mincc0/scan_0337_pred_lesion.nii.gz
scan_0337,probability_average,none,0.2,3,nan,0.1,0,1,1,0.0,0,nan,-1,nan,-1,nan,-1,-1,nan,-1,/data/data/DA25S005/miccai_tbi/MultiTalentV2_finetuning/checkpoints/validation2025_100/ensemble_2_models_e5ohnz5w_tta_ddp_kpcyjb66_tta_hybrid/predicted_lesions/thr0p2_mincc3/scan_0337_pred_lesion.nii.gz
scan_0337,probability_average,none,0.2,5,nan,0.1,0,1,1,0.0,0,nan,-1,nan,-1,nan,-1,-1,nan,-1,/data/data/DA25S005/miccai_tbi/MultiTalentV2_finetuning/checkpoints/validation2025_100/ensemble_2_models_e5ohnz5w_tta_ddp_kpcyjb66_tta_hybrid/predicted_lesions/thr0p2_mincc5/scan_0337_pred_lesion.nii.gz
scan_0337,probability_average,none,0.2,10,nan,0.1,0,1,1,0.0,0,nan,-1,nan,-1,nan,-1,-1,nan,-1,/data/data/DA25S005/miccai_tbi/MultiTalentV2_finetuning/checkpoints/validation2025_100/ensemble_2_models_e5ohnz5w_tta_ddp_kpcyjb66_tta_hybrid/predicted_lesions/thr0p2_mincc10/scan_0337_pred_lesion.nii.gz
scan_0337,probability_average,none,0.2,20,nan,0.1,0,1,1,0.0,0,nan,-1,nan,-1,nan,-1,-1,nan,-1,/data/data/DA25S005/miccai_tbi/MultiTalentV2_finetuning/checkpoints/validation2025_100/ensemble_2_models_e5ohnz5w_tta_ddp_kpcyjb66_tta_hybrid/predicted_lesions/thr0p2_mincc20/scan_0337_pred_lesion.nii.gz
scan_0337,probability_average,none,0.2,40,nan,0.1,0,1,1,0.0,0,nan,-1,nan,-1,nan,-1,-1,nan,-1,/data/data/DA25S005/miccai_tbi/MultiTalentV2_finetuning/checkpoints/validation2025_100/ensemble_2_models_e5ohnz5w_tta_ddp_kpcyjb66_tta_hybrid/predicted_lesions/thr0p2_mincc40/scan_0337_pred_lesion.nii.gz
scan_0337,probability_average,none,0.3,0,nan,0.1,0,1,1,0.0,0,nan,-1,nan,-1,nan,-1,-1,nan,-1,/data/data/DA25S005/miccai_tbi/MultiTalentV2_finetuning/checkpoints/validation2025_100/ensemble_2_models_e5ohnz5w_tta_ddp_kpcyjb66_tta_hybrid/predicted_lesions/thr0p3_mincc0/scan_0337_pred_lesion.nii.gz
scan_0337,probability_average,none,0.3,3,nan,0.1,0,1,1,0.0,0,nan,-1,nan,-1,nan,-1,-1,nan,-1,/data/data/DA25S005/miccai_tbi/MultiTalentV2_finetuning/checkpoints/validation2025_100/ensemble_2_models_e5ohnz5w_tta_ddp_kpcyjb66_tta_hybrid/predicted_lesions/thr0p3_mincc3/scan_0337_pred_lesion.nii.gz
scan_0337,probability_average,none,0.3,5,nan,0.1,0,1,1,0.0,0,nan,-1,nan,-1,nan,-1,-1,nan,-1,/data/data/DA25S005/miccai_tbi/MultiTalentV2_finetuning/checkpoints/validation2025_100/ensemble_2_models_e5ohnz5w_tta_ddp_kpcyjb66_tta_hybrid/predicted_lesions/thr0p3_mincc5/scan_0337_pred_lesion.nii.gz
scan_0337,probability_average,none,0.3,10,nan,0.1,0,1,1,0.0,0,nan,-1,nan,-1,nan,-1,-1,nan,-1,/data/data/DA25S005/miccai_tbi/MultiTalentV2_finetuning/checkpoints/validation2025_100/ensemble_2_models_e5ohnz5w_tta_ddp_kpcyjb66_tta_hybrid/predicted_lesions/thr0p3_mincc10/scan_0337_pred_lesion.nii.gz
scan_0337,probability_average,none,0.3,20,nan,0.1,0,1,1,0.0,0,nan,-1,nan,-1,nan,-1,-1,nan,-1,/data/data/DA25S005/miccai_tbi/MultiTalentV2_finetuning/checkpoints/validation2025_100/ensemble_2_models_e5ohnz5w_tta_ddp_kpcyjb66_tta_hybrid/predicted_lesions/thr0p3_mincc20/scan_0337_pred_lesion.nii.gz
scan_0337,probability_average,none,0.3,40,nan,0.1,0,1,1,0.0,0,nan,-1,nan,-1,nan,-1,-1,nan,-1,/data/data/DA25S005/miccai_tbi/MultiTalentV2_finetuning/checkpoints/validation2025_100/ensemble_2_models_e5ohnz5w_tta_ddp_kpcyjb66_tta_hybrid/predicted_lesions/thr0p3_mincc40/scan_0337_pred_lesion.nii.gz
scan_0337,probability_average,none,0.4,0,nan,0.1,0,1,1,0.0,0,nan,-1,nan,-1,nan,-1,-1,nan,-1,/data/data/DA25S005/miccai_tbi/MultiTalentV2_finetuning/checkpoints/validation2025_100/ensemble_2_models_e5ohnz5w_tta_ddp_kpcyjb66_tta_hybrid/predicted_lesions/thr0p4_mincc0/scan_0337_pred_lesion.nii.gz
scan_0337,probability_average,none,0.4,3,nan,0.1,0,1,1,0.0,0,nan,-1,nan,-1,nan,-1,-1,nan,-1,/data/data/DA25S005/miccai_tbi/MultiTalentV2_finetuning/checkpoints/validation2025_100/ensemble_2_models_e5ohnz5w_tta_ddp_kpcyjb66_tta_hybrid/predicted_lesions/thr0p4_mincc3/scan_0337_pred_lesion.nii.gz
scan_0337,probability_average,none,0.4,5,nan,0.1,0,1,1,0.0,0,nan,-1,nan,-1,nan,-1,-1,nan,-1,/data/data/DA25S005/miccai_tbi/MultiTalentV2_finetuning/checkpoints/validation2025_100/ensemble_2_models_e5ohnz5w_tta_ddp_kpcyjb66_tta_hybrid/predicted_lesions/thr0p4_mincc5/scan_0337_pred_lesion.nii.gz
scan_0337,probability_average,none,0.4,10,nan,0.1,0,1,1,0.0,0,nan,-1,nan,-1,nan,-1,-1,nan,-1,/data/data/DA25S005/miccai_tbi/MultiTalentV2_finetuning/checkpoints/validation2025_100/ensemble_2_models_e5ohnz5w_tta_ddp_kpcyjb66_tta_hybrid/predicted_lesions/thr0p4_mincc10/scan_0337_pred_lesion.nii.gz
scan_0337,probability_average,none,0.4,20,nan,0.1,0,1,1,0.0,0,nan,-1,nan,-1,nan,-1,-1,nan,-1,/data/data/DA25S005/miccai_tbi/MultiTalentV2_finetuning/checkpoints/validation2025_100/ensemble_2_models_e5ohnz5w_tta_ddp_kpcyjb66_tta_hybrid/predicted_lesions/thr0p4_mincc20/scan_0337_pred_lesion.nii.gz
scan_0337,probability_average,none,0.4,40,nan,0.1,0,1,1,0.0,0,nan,-1,nan,-1,nan,-1,-1,nan,-1,/data/data/DA25S005/miccai_tbi/MultiTalentV2_finetuning/checkpoints/validation2025_100/ensemble_2_models_e5ohnz5w_tta_ddp_kpcyjb66_tta_hybrid/predicted_lesions/thr0p4_mincc40/scan_0337_pred_lesion.nii.gz
scan_0337,probability_average,none,0.5,0,nan,0.1,0,1,1,0.0,0,nan,-1,nan,-1,nan,-1,-1,nan,-1,/data/data/DA25S005/miccai_tbi/MultiTalentV2_finetuning/checkpoints/validation2025_100/ensemble_2_models_e5ohnz5w_tta_ddp_kpcyjb66_tta_hybrid/predicted_lesions/thr0p5_mincc0/scan_0337_pred_lesion.nii.gz
scan_0337,probability_average,none,0.5,3,nan,0.1,0,1,1,0.0,0,nan,-1,nan,-1,nan,-1,-1,nan,-1,/data/data/DA25S005/miccai_tbi/MultiTalentV2_finetuning/checkpoints/validation2025_100/ensemble_2_models_e5ohnz5w_tta_ddp_kpcyjb66_tta_hybrid/predicted_lesions/thr0p5_mincc3/scan_0337_pred_lesion.nii.gz
scan_0337,probability_average,none,0.5,5,nan,0.1,0,1,1,0.0,0,nan,-1,nan,-1,nan,-1,-1,nan,-1,/data/data/DA25S005/miccai_tbi/MultiTalentV2_finetuning/checkpoints/validation2025_100/ensemble_2_models_e5ohnz5w_tta_ddp_kpcyjb66_tta_hybrid/predicted_lesions/thr0p5_mincc5/scan_0337_pred_lesion.nii.gz
scan_0337,probability_average,none,0.5,10,nan,0.1,0,1,1,0.0,0,nan,-1,nan,-1,nan,-1,-1,nan,-1,/data/data/DA25S005/miccai_tbi/MultiTalentV2_finetuning/checkpoints/validation2025_100/ensemble_2_models_e5ohnz5w_tta_ddp_kpcyjb66_tta_hybrid/predicted_lesions/thr0p5_mincc10/scan_0337_pred_lesion.nii.gz
scan_0337,probability_average,none,0.5,20,nan,0.1,0,1,1,0.0,0,nan,-1,nan,-1,nan,-1,-1,nan,-1,/data/data/DA25S005/miccai_tbi/MultiTalentV2_finetuning/checkpoints/validation2025_100/ensemble_2_models_e5ohnz5w_tta_ddp_kpcyjb66_tta_hybrid/predicted_lesions/thr0p5_mincc20/scan_0337_pred_lesion.nii.gz
scan_0337,probability_average,none,0.5,40,nan,0.1,0,1,1,0.0,0,nan,-1,nan,-1,nan,-1,-1,nan,-1,/data/data/DA25S005/miccai_tbi/MultiTalentV2_finetuning/checkpoints/validation2025_100/ensemble_2_models_e5ohnz5w_tta_ddp_kpcyjb66_tta_hybrid/predicted_lesions/thr0p5_mincc40/scan_0337_pred_lesion.nii.gz
scan_0338,probability_average,none,0.1,0,nan,0.1,0,1,1,0.0,0,nan,-1,nan,-1,nan,-1,-1,nan,-1,/data/data/DA25S005/miccai_tbi/MultiTalentV2_finetuning/checkpoints/validation2025_100/ensemble_2_models_e5ohnz5w_tta_ddp_kpcyjb66_tta_hybrid/predicted_lesions/thr0p1_mincc0/scan_0338_pred_lesion.nii.gz
scan_0338,probability_average,none,0.1,3,nan,0.1,0,1,1,0.0,0,nan,-1,nan,-1,nan,-1,-1,nan,-1,/data/data/DA25S005/miccai_tbi/MultiTalentV2_finetuning/checkpoints/validation2025_100/ensemble_2_models_e5ohnz5w_tta_ddp_kpcyjb66_tta_hybrid/predicted_lesions/thr0p1_mincc3/scan_0338_pred_lesion.nii.gz
scan_0338,probability_average,none,0.1,5,nan,0.1,0,1,1,0.0,0,nan,-1,nan,-1,nan,-1,-1,nan,-1,/data/data/DA25S005/miccai_tbi/MultiTalentV2_finetuning/checkpoints/validation2025_100/ensemble_2_models_e5ohnz5w_tta_ddp_kpcyjb66_tta_hybrid/predicted_lesions/thr0p1_mincc5/scan_0338_pred_lesion.nii.gz
scan_0338,probability_average,none,0.1,10,nan,0.1,0,1,1,0.0,0,nan,-1,nan,-1,nan,-1,-1,nan,-1,/data/data/DA25S005/miccai_tbi/MultiTalentV2_finetuning/checkpoints/validation2025_100/ensemble_2_models_e5ohnz5w_tta_ddp_kpcyjb66_tta_hybrid/predicted_lesions/thr0p1_mincc10/scan_0338_pred_lesion.nii.gz
scan_0338,probability_average,none,0.1,20,nan,0.1,0,1,1,0.0,0,nan,-1,nan,-1,nan,-1,-1,nan,-1,/data/data/DA25S005/miccai_tbi/MultiTalentV2_finetuning/checkpoints/validation2025_100/ensemble_2_models_e5ohnz5w_tta_ddp_kpcyjb66_tta_hybrid/predicted_lesions/thr0p1_mincc20/scan_0338_pred_lesion.nii.gz
scan_0338,probability_average,none,0.1,40,nan,0.1,0,1,1,0.0,0,nan,-1,nan,-1,nan,-1,-1,nan,-1,/data/data/DA25S005/miccai_tbi/MultiTalentV2_finetuning/checkpoints/validation2025_100/ensemble_2_models_e5ohnz5w_tta_ddp_kpcyjb66_tta_hybrid/predicted_lesions/thr0p1_mincc40/scan_0338_pred_lesion.nii.gz
scan_0338,probability_average,none,0.2,0,nan,0.1,0,1,1,0.0,0,nan,-1,nan,-1,nan,-1,-1,nan,-1,/data/data/DA25S005/miccai_tbi/MultiTalentV2_finetuning/checkpoints/validation2025_100/ensemble_2_models_e5ohnz5w_tta_ddp_kpcyjb66_tta_hybrid/predicted_lesions/thr0p2_mincc0/scan_0338_pred_lesion.nii.gz
scan_0338,probability_average,none,0.2,3,nan,0.1,0,1,1,0.0,0,nan,-1,nan,-1,nan,-1,-1,nan,-1,/data/data/DA25S005/miccai_tbi/MultiTalentV2_finetuning/checkpoints/validation2025_100/ensemble_2_models_e5ohnz5w_tta_ddp_kpcyjb66_tta_hybrid/predicted_lesions/thr0p2_mincc3/scan_0338_pred_lesion.nii.gz
scan_0338,probability_average,none,0.2,5,nan,0.1,0,1,1,0.0,0,nan,-1,nan,-1,nan,-1,-1,nan,-1,/data/data/DA25S005/miccai_tbi/MultiTalentV2_finetuning/checkpoints/validation2025_100/ensemble_2_models_e5ohnz5w_tta_ddp_kpcyjb66_tta_hybrid/predicted_lesions/thr0p2_mincc5/scan_0338_pred_lesion.nii.gz
scan_0338,probability_average,none,0.2,10,nan,0.1,0,1,1,0.0,0,nan,-1,nan,-1,nan,-1,-1,nan,-1,/data/data/DA25S005/miccai_tbi/MultiTalentV2_finetuning/checkpoints/validation2025_100/ensemble_2_models_e5ohnz5w_tta_ddp_kpcyjb66_tta_hybrid/predicted_lesions/thr0p2_mincc10/scan_0338_pred_lesion.nii.gz
scan_0338,probability_average,none,0.2,20,nan,0.1,0,1,1,0.0,0,nan,-1,nan,-1,nan,-1,-1,nan,-1,/data/data/DA25S005/miccai_tbi/MultiTalentV2_finetuning/checkpoints/validation2025_100/ensemble_2_models_e5ohnz5w_tta_ddp_kpcyjb66_tta_hybrid/predicted_lesions/thr0p2_mincc20/scan_0338_pred_lesion.nii.gz
scan_0338,probability_average,none,0.2,40,nan,0.1,0,1,1,0.0,0,nan,-1,nan,-1,nan,-1,-1,nan,-1,/data/data/DA25S005/miccai_tbi/MultiTalentV2_finetuning/checkpoints/validation2025_100/ensemble_2_models_e5ohnz5w_tta_ddp_kpcyjb66_tta_hybrid/predicted_lesions/thr0p2_mincc40/scan_0338_pred_lesion.nii.gz
scan_0338,probability_average,none,0.3,0,nan,0.1,0,1,1,0.0,0,nan,-1,nan,-1,nan,-1,-1,nan,-1,/data/data/DA25S005/miccai_tbi/MultiTalentV2_finetuning/checkpoints/validation2025_100/ensemble_2_models_e5ohnz5w_tta_ddp_kpcyjb66_tta_hybrid/predicted_lesions/thr0p3_mincc0/scan_0338_pred_lesion.nii.gz
scan_0338,probability_average,none,0.3,3,nan,0.1,0,1,1,0.0,0,nan,-1,nan,-1,nan,-1,-1,nan,-1,/data/data/DA25S005/miccai_tbi/MultiTalentV2_finetuning/checkpoints/validation2025_100/ensemble_2_models_e5ohnz5w_tta_ddp_kpcyjb66_tta_hybrid/predicted_lesions/thr0p3_mincc3/scan_0338_pred_lesion.nii.gz
scan_0338,probability_average,none,0.3,5,nan,0.1,0,1,1,0.0,0,nan,-1,nan,-1,nan,-1,-1,nan,-1,/data/data/DA25S005/miccai_tbi/MultiTalentV2_finetuning/checkpoints/validation2025_100/ensemble_2_models_e5ohnz5w_tta_ddp_kpcyjb66_tta_hybrid/predicted_lesions/thr0p3_mincc5/scan_0338_pred_lesion.nii.gz
scan_0338,probability_average,none,0.3,10,nan,0.1,0,1,1,0.0,0,nan,-1,nan,-1,nan,-1,-1,nan,-1,/data/data/DA25S005/miccai_tbi/MultiTalentV2_finetuning/checkpoints/validation2025_100/ensemble_2_models_e5ohnz5w_tta_ddp_kpcyjb66_tta_hybrid/predicted_lesions/thr0p3_mincc10/scan_0338_pred_lesion.nii.gz
scan_0338,probability_average,none,0.3,20,nan,0.1,0,1,1,0.0,0,nan,-1,nan,-1,nan,-1,-1,nan,-1,/data/data/DA25S005/miccai_tbi/MultiTalentV2_finetuning/checkpoints/validation2025_100/ensemble_2_models_e5ohnz5w_tta_ddp_kpcyjb66_tta_hybrid/predicted_lesions/thr0p3_mincc20/scan_0338_pred_lesion.nii.gz
scan_0338,probability_average,none,0.3,40,nan,0.1,0,1,1,0.0,0,nan,-1,nan,-1,nan,-1,-1,nan,-1,/data/data/DA25S005/miccai_tbi/MultiTalentV2_finetuning/checkpoints/validation2025_100/ensemble_2_models_e5ohnz5w_tta_ddp_kpcyjb66_tta_hybrid/predicted_lesions/thr0p3_mincc40/scan_0338_pred_lesion.nii.gz
scan_0338,probability_average,none,0.4,0,nan,0.1,0,1,1,0.0,0,nan,-1,nan,-1,nan,-1,-1,nan,-1,/data/data/DA25S005/miccai_tbi/MultiTalentV2_finetuning/checkpoints/validation2025_100/ensemble_2_models_e5ohnz5w_tta_ddp_kpcyjb66_tta_hybrid/predicted_lesions/thr0p4_mincc0/scan_0338_pred_lesion.nii.gz
scan_0338,probability_average,none,0.4,3,nan,0.1,0,1,1,0.0,0,nan,-1,nan,-1,nan,-1,-1,nan,-1,/data/data/DA25S005/miccai_tbi/MultiTalentV2_finetuning/checkpoints/validation2025_100/ensemble_2_models_e5ohnz5w_tta_ddp_kpcyjb66_tta_hybrid/predicted_lesions/thr0p4_mincc3/scan_0338_pred_lesion.nii.gz
scan_0338,probability_average,none,0.4,5,nan,0.1,0,1,1,0.0,0,nan,-1,nan,-1,nan,-1,-1,nan,-1,/data/data/DA25S005/miccai_tbi/MultiTalentV2_finetuning/checkpoints/validation2025_100/ensemble_2_models_e5ohnz5w_tta_ddp_kpcyjb66_tta_hybrid/predicted_lesions/thr0p4_mincc5/scan_0338_pred_lesion.nii.gz
scan_0338,probability_average,none,0.4,10,nan,0.1,0,1,1,0.0,0,nan,-1,nan,-1,nan,-1,-1,nan,-1,/data/data/DA25S005/miccai_tbi/MultiTalentV2_finetuning/checkpoints/validation2025_100/ensemble_2_models_e5ohnz5w_tta_ddp_kpcyjb66_tta_hybrid/predicted_lesions/thr0p4_mincc10/scan_0338_pred_lesion.nii.gz
scan_0338,probability_average,none,0.4,20,nan,0.1,0,1,1,0.0,0,nan,-1,nan,-1,nan,-1,-1,nan,-1,/data/data/DA25S005/miccai_tbi/MultiTalentV2_finetuning/checkpoints/validation2025_100/ensemble_2_models_e5ohnz5w_tta_ddp_kpcyjb66_tta_hybrid/predicted_lesions/thr0p4_mincc20/scan_0338_pred_lesion.nii.gz
scan_0338,probability_average,none,0.4,40,nan,0.1,0,1,1,0.0,0,nan,-1,nan,-1,nan,-1,-1,nan,-1,/data/data/DA25S005/miccai_tbi/MultiTalentV2_finetuning/checkpoints/validation2025_100/ensemble_2_models_e5ohnz5w_tta_ddp_kpcyjb66_tta_hybrid/predicted_lesions/thr0p4_mincc40/scan_0338_pred_lesion.nii.gz
scan_0338,probability_average,none,0.5,0,nan,0.1,0,1,1,0.0,0,nan,-1,nan,-1,nan,-1,-1,nan,-1,/data/data/DA25S005/miccai_tbi/MultiTalentV2_finetuning/checkpoints/validation2025_100/ensemble_2_models_e5ohnz5w_tta_ddp_kpcyjb66_tta_hybrid/predicted_lesions/thr0p5_mincc0/scan_0338_pred_lesion.nii.gz
scan_0338,probability_average,none,0.5,3,nan,0.1,0,1,1,0.0,0,nan,-1,nan,-1,nan,-1,-1,nan,-1,/data/data/DA25S005/miccai_tbi/MultiTalentV2_finetuning/checkpoints/validation2025_100/ensemble_2_models_e5ohnz5w_tta_ddp_kpcyjb66_tta_hybrid/predicted_lesions/thr0p5_mincc3/scan_0338_pred_lesion.nii.gz
scan_0338,probability_average,none,0.5,5,nan,0.1,0,1,1,0.0,0,nan,-1,nan,-1,nan,-1,-1,nan,-1,/data/data/DA25S005/miccai_tbi/MultiTalentV2_finetuning/checkpoints/validation2025_100/ensemble_2_models_e5ohnz5w_tta_ddp_kpcyjb66_tta_hybrid/predicted_lesions/thr0p5_mincc5/scan_0338_pred_lesion.nii.gz
scan_0338,probability_average,none,0.5,10,nan,0.1,0,1,1,0.0,0,nan,-1,nan,-1,nan,-1,-1,nan,-1,/data/data/DA25S005/miccai_tbi/MultiTalentV2_finetuning/checkpoints/validation2025_100/ensemble_2_models_e5ohnz5w_tta_ddp_kpcyjb66_tta_hybrid/predicted_lesions/thr0p5_mincc10/scan_0338_pred_lesion.nii.gz
scan_0338,probability_average,none,0.5,20,nan,0.1,0,1,1,0.0,0,nan,-1,nan,-1,nan,-1,-1,nan,-1,/data/data/DA25S005/miccai_tbi/MultiTalentV2_finetuning/checkpoints/validation2025_100/ensemble_2_models_e5ohnz5w_tta_ddp_kpcyjb66_tta_hybrid/predicted_lesions/thr0p5_mincc20/scan_0338_pred_lesion.nii.gz
scan_0338,probability_average,none,0.5,40,nan,0.1,0,1,1,0.0,0,nan,-1,nan,-1,nan,-1,-1,nan,-1,/data/data/DA25S005/miccai_tbi/MultiTalentV2_finetuning/checkpoints/validation2025_100/ensemble_2_models_e5ohnz5w_tta_ddp_kpcyjb66_tta_hybrid/predicted_lesions/thr0p5_mincc40/scan_0338_pred_lesion.nii.gz
scan_0339,probability_average,none,0.1,0,nan,0.1,0,1,1,0.0,0,nan,-1,nan,-1,nan,-1,-1,nan,-1,/data/data/DA25S005/miccai_tbi/MultiTalentV2_finetuning/checkpoints/validation2025_100/ensemble_2_models_e5ohnz5w_tta_ddp_kpcyjb66_tta_hybrid/predicted_lesions/thr0p1_mincc0/scan_0339_pred_lesion.nii.gz
scan_0339,probability_average,none,0.1,3,nan,0.1,0,1,1,0.0,0,nan,-1,nan,-1,nan,-1,-1,nan,-1,/data/data/DA25S005/miccai_tbi/MultiTalentV2_finetuning/checkpoints/validation2025_100/ensemble_2_models_e5ohnz5w_tta_ddp_kpcyjb66_tta_hybrid/predicted_lesions/thr0p1_mincc3/scan_0339_pred_lesion.nii.gz
scan_0339,probability_average,none,0.1,5,nan,0.1,0,1,1,0.0,0,nan,-1,nan,-1,nan,-1,-1,nan,-1,/data/data/DA25S005/miccai_tbi/MultiTalentV2_finetuning/checkpoints/validation2025_100/ensemble_2_models_e5ohnz5w_tta_ddp_kpcyjb66_tta_hybrid/predicted_lesions/thr0p1_mincc5/scan_0339_pred_lesion.nii.gz
scan_0339,probability_average,none,0.1,10,nan,0.1,0,1,1,0.0,0,nan,-1,nan,-1,nan,-1,-1,nan,-1,/data/data/DA25S005/miccai_tbi/MultiTalentV2_finetuning/checkpoints/validation2025_100/ensemble_2_models_e5ohnz5w_tta_ddp_kpcyjb66_tta_hybrid/predicted_lesions/thr0p1_mincc10/scan_0339_pred_lesion.nii.gz
scan_0339,probability_average,none,0.1,20,nan,0.1,0,1,1,0.0,0,nan,-1,nan,-1,nan,-1,-1,nan,-1,/data/data/DA25S005/miccai_tbi/MultiTalentV2_finetuning/checkpoints/validation2025_100/ensemble_2_models_e5ohnz5w_tta_ddp_kpcyjb66_tta_hybrid/predicted_lesions/thr0p1_mincc20/scan_0339_pred_lesion.nii.gz
scan_0339,probability_average,none,0.1,40,nan,0.1,0,1,1,0.0,0,nan,-1,nan,-1,nan,-1,-1,nan,-1,/data/data/DA25S005/miccai_tbi/MultiTalentV2_finetuning/checkpoints/validation2025_100/ensemble_2_models_e5ohnz5w_tta_ddp_kpcyjb66_tta_hybrid/predicted_lesions/thr0p1_mincc40/scan_0339_pred_lesion.nii.gz
scan_0339,probability_average,none,0.2,0,nan,0.1,0,1,1,0.0,0,nan,-1,nan,-1,nan,-1,-1,nan,-1,/data/data/DA25S005/miccai_tbi/MultiTalentV2_finetuning/checkpoints/validation2025_100/ensemble_2_models_e5ohnz5w_tta_ddp_kpcyjb66_tta_hybrid/predicted_lesions/thr0p2_mincc0/scan_0339_pred_lesion.nii.gz
scan_0339,probability_average,none,0.2,3,nan,0.1,0,1,1,0.0,0,nan,-1,nan,-1,nan,-1,-1,nan,-1,/data/data/DA25S005/miccai_tbi/MultiTalentV2_finetuning/checkpoints/validation2025_100/ensemble_2_models_e5ohnz5w_tta_ddp_kpcyjb66_tta_hybrid/predicted_lesions/thr0p2_mincc3/scan_0339_pred_lesion.nii.gz
scan_0339,probability_average,none,0.2,5,nan,0.1,0,1,1,0.0,0,nan,-1,nan,-1,nan,-1,-1,nan,-1,/data/data/DA25S005/miccai_tbi/MultiTalentV2_finetuning/checkpoints/validation2025_100/ensemble_2_models_e5ohnz5w_tta_ddp_kpcyjb66_tta_hybrid/predicted_lesions/thr0p2_mincc5/scan_0339_pred_lesion.nii.gz
scan_0339,probability_average,none,0.2,10,nan,0.1,0,1,1,0.0,0,nan,-1,nan,-1,nan,-1,-1,nan,-1,/data/data/DA25S005/miccai_tbi/MultiTalentV2_finetuning/checkpoints/validation2025_100/ensemble_2_models_e5ohnz5w_tta_ddp_kpcyjb66_tta_hybrid/predicted_lesions/thr0p2_mincc10/scan_0339_pred_lesion.nii.gz
scan_0339,probability_average,none,0.2,20,nan,0.1,0,1,1,0.0,0,nan,-1,nan,-1,nan,-1,-1,nan,-1,/data/data/DA25S005/miccai_tbi/MultiTalentV2_finetuning/checkpoints/validation2025_100/ensemble_2_models_e5ohnz5w_tta_ddp_kpcyjb66_tta_hybrid/predicted_lesions/thr0p2_mincc20/scan_0339_pred_lesion.nii.gz
scan_0339,probability_average,none,0.2,40,nan,0.1,0,1,1,0.0,0,nan,-1,nan,-1,nan,-1,-1,nan,-1,/data/data/DA25S005/miccai_tbi/MultiTalentV2_finetuning/checkpoints/validation2025_100/ensemble_2_models_e5ohnz5w_tta_ddp_kpcyjb66_tta_hybrid/predicted_lesions/thr0p2_mincc40/scan_0339_pred_lesion.nii.gz
scan_0339,probability_average,none,0.3,0,nan,0.1,0,1,1,0.0,0,nan,-1,nan,-1,nan,-1,-1,nan,-1,/data/data/DA25S005/miccai_tbi/MultiTalentV2_finetuning/checkpoints/validation2025_100/ensemble_2_models_e5ohnz5w_tta_ddp_kpcyjb66_tta_hybrid/predicted_lesions/thr0p3_mincc0/scan_0339_pred_lesion.nii.gz
scan_0339,probability_average,none,0.3,3,nan,0.1,0,1,1,0.0,0,nan,-1,nan,-1,nan,-1,-1,nan,-1,/data/data/DA25S005/miccai_tbi/MultiTalentV2_finetuning/checkpoints/validation2025_100/ensemble_2_models_e5ohnz5w_tta_ddp_kpcyjb66_tta_hybrid/predicted_lesions/thr0p3_mincc3/scan_0339_pred_lesion.nii.gz
scan_0339,probability_average,none,0.3,5,nan,0.1,0,1,1,0.0,0,nan,-1,nan,-1,nan,-1,-1,nan,-1,/data/data/DA25S005/miccai_tbi/MultiTalentV2_finetuning/checkpoints/validation2025_100/ensemble_2_models_e5ohnz5w_tta_ddp_kpcyjb66_tta_hybrid/predicted_lesions/thr0p3_mincc5/scan_0339_pred_lesion.nii.gz
scan_0339,probability_average,none,0.3,10,nan,0.1,0,1,1,0.0,0,nan,-1,nan,-1,nan,-1,-1,nan,-1,/data/data/DA25S005/miccai_tbi/MultiTalentV2_finetuning/checkpoints/validation2025_100/ensemble_2_models_e5ohnz5w_tta_ddp_kpcyjb66_tta_hybrid/predicted_lesions/thr0p3_mincc10/scan_0339_pred_lesion.nii.gz
scan_0339,probability_average,none,0.3,20,nan,0.1,0,1,1,0.0,0,nan,-1,nan,-1,nan,-1,-1,nan,-1,/data/data/DA25S005/miccai_tbi/MultiTalentV2_finetuning/checkpoints/validation2025_100/ensemble_2_models_e5ohnz5w_tta_ddp_kpcyjb66_tta_hybrid/predicted_lesions/thr0p3_mincc20/scan_0339_pred_lesion.nii.gz
scan_0339,probability_average,none,0.3,40,nan,0.1,0,1,1,0.0,0,nan,-1,nan,-1,nan,-1,-1,nan,-1,/data/data/DA25S005/miccai_tbi/MultiTalentV2_finetuning/checkpoints/validation2025_100/ensemble_2_models_e5ohnz5w_tta_ddp_kpcyjb66_tta_hybrid/predicted_lesions/thr0p3_mincc40/scan_0339_pred_lesion.nii.gz
scan_0339,probability_average,none,0.4,0,nan,0.1,0,1,1,0.0,0,nan,-1,nan,-1,nan,-1,-1,nan,-1,/data/data/DA25S005/miccai_tbi/MultiTalentV2_finetuning/checkpoints/validation2025_100/ensemble_2_models_e5ohnz5w_tta_ddp_kpcyjb66_tta_hybrid/predicted_lesions/thr0p4_mincc0/scan_0339_pred_lesion.nii.gz
scan_0339,probability_average,none,0.4,3,nan,0.1,0,1,1,0.0,0,nan,-1,nan,-1,nan,-1,-1,nan,-1,/data/data/DA25S005/miccai_tbi/MultiTalentV2_finetuning/checkpoints/validation2025_100/ensemble_2_models_e5ohnz5w_tta_ddp_kpcyjb66_tta_hybrid/predicted_lesions/thr0p4_mincc3/scan_0339_pred_lesion.nii.gz
scan_0339,probability_average,none,0.4,5,nan,0.1,0,1,1,0.0,0,nan,-1,nan,-1,nan,-1,-1,nan,-1,/data/data/DA25S005/miccai_tbi/MultiTalentV2_finetuning/checkpoints/validation2025_100/ensemble_2_models_e5ohnz5w_tta_ddp_kpcyjb66_tta_hybrid/predicted_lesions/thr0p4_mincc5/scan_0339_pred_lesion.nii.gz
scan_0339,probability_average,none,0.4,10,nan,0.1,0,1,1,0.0,0,nan,-1,nan,-1,nan,-1,-1,nan,-1,/data/data/DA25S005/miccai_tbi/MultiTalentV2_finetuning/checkpoints/validation2025_100/ensemble_2_models_e5ohnz5w_tta_ddp_kpcyjb66_tta_hybrid/predicted_lesions/thr0p4_mincc10/scan_0339_pred_lesion.nii.gz
scan_0339,probability_average,none,0.4,20,nan,0.1,0,1,1,0.0,0,nan,-1,nan,-1,nan,-1,-1,nan,-1,/data/data/DA25S005/miccai_tbi/MultiTalentV2_finetuning/checkpoints/validation2025_100/ensemble_2_models_e5ohnz5w_tta_ddp_kpcyjb66_tta_hybrid/predicted_lesions/thr0p4_mincc20/scan_0339_pred_lesion.nii.gz
scan_0339,probability_average,none,0.4,40,nan,0.1,0,1,1,0.0,0,nan,-1,nan,-1,nan,-1,-1,nan,-1,/data/data/DA25S005/miccai_tbi/MultiTalentV2_finetuning/checkpoints/validation2025_100/ensemble_2_models_e5ohnz5w_tta_ddp_kpcyjb66_tta_hybrid/predicted_lesions/thr0p4_mincc40/scan_0339_pred_lesion.nii.gz
scan_0339,probability_average,none,0.5,0,nan,0.1,0,1,1,0.0,0,nan,-1,nan,-1,nan,-1,-1,nan,-1,/data/data/DA25S005/miccai_tbi/MultiTalentV2_finetuning/checkpoints/validation2025_100/ensemble_2_models_e5ohnz5w_tta_ddp_kpcyjb66_tta_hybrid/predicted_lesions/thr0p5_mincc0/scan_0339_pred_lesion.nii.gz
scan_0339,probability_average,none,0.5,3,nan,0.1,0,1,1,0.0,0,nan,-1,nan,-1,nan,-1,-1,nan,-1,/data/data/DA25S005/miccai_tbi/MultiTalentV2_finetuning/checkpoints/validation2025_100/ensemble_2_models_e5ohnz5w_tta_ddp_kpcyjb66_tta_hybrid/predicted_lesions/thr0p5_mincc3/scan_0339_pred_lesion.nii.gz
scan_0339,probability_average,none,0.5,5,nan,0.1,0,1,1,0.0,0,nan,-1,nan,-1,nan,-1,-1,nan,-1,/data/data/DA25S005/miccai_tbi/MultiTalentV2_finetuning/checkpoints/validation2025_100/ensemble_2_models_e5ohnz5w_tta_ddp_kpcyjb66_tta_hybrid/predicted_lesions/thr0p5_mincc5/scan_0339_pred_lesion.nii.gz
scan_0339,probability_average,none,0.5,10,nan,0.1,0,1,1,0.0,0,nan,-1,nan,-1,nan,-1,-1,nan,-1,/data/data/DA25S005/miccai_tbi/MultiTalentV2_finetuning/checkpoints/validation2025_100/ensemble_2_models_e5ohnz5w_tta_ddp_kpcyjb66_tta_hybrid/predicted_lesions/thr0p5_mincc10/scan_0339_pred_lesion.nii.gz
scan_0339,probability_average,none,0.5,20,nan,0.1,0,1,1,0.0,0,nan,-1,nan,-1,nan,-1,-1,nan,-1,/data/data/DA25S005/miccai_tbi/MultiTalentV2_finetuning/checkpoints/validation2025_100/ensemble_2_models_e5ohnz5w_tta_ddp_kpcyjb66_tta_hybrid/predicted_lesions/thr0p5_mincc20/scan_0339_pred_lesion.nii.gz
scan_0339,probability_average,none,0.5,40,nan,0.1,0,1,1,0.0,0,nan,-1,nan,-1,nan,-1,-1,nan,-1,/data/data/DA25S005/miccai_tbi/MultiTalentV2_finetuning/checkpoints/validation2025_100/ensemble_2_models_e5ohnz5w_tta_ddp_kpcyjb66_tta_hybrid/predicted_lesions/thr0p5_mincc40/scan_0339_pred_lesion.nii.gz
scan_0342,probability_average,none,0.1,0,nan,0.1,0,1,1,0.0,0,nan,-1,nan,-1,nan,-1,-1,nan,-1,/data/data/DA25S005/miccai_tbi/MultiTalentV2_finetuning/checkpoints/validation2025_100/ensemble_2_models_e5ohnz5w_tta_ddp_kpcyjb66_tta_hybrid/predicted_lesions/thr0p1_mincc0/scan_0342_pred_lesion.nii.gz
scan_0342,probability_average,none,0.1,3,nan,0.1,0,1,1,0.0,0,nan,-1,nan,-1,nan,-1,-1,nan,-1,/data/data/DA25S005/miccai_tbi/MultiTalentV2_finetuning/checkpoints/validation2025_100/ensemble_2_models_e5ohnz5w_tta_ddp_kpcyjb66_tta_hybrid/predicted_lesions/thr0p1_mincc3/scan_0342_pred_lesion.nii.gz
scan_0342,probability_average,none,0.1,5,nan,0.1,0,1,1,0.0,0,nan,-1,nan,-1,nan,-1,-1,nan,-1,/data/data/DA25S005/miccai_tbi/MultiTalentV2_finetuning/checkpoints/validation2025_100/ensemble_2_models_e5ohnz5w_tta_ddp_kpcyjb66_tta_hybrid/predicted_lesions/thr0p1_mincc5/scan_0342_pred_lesion.nii.gz
scan_0342,probability_average,none,0.1,10,nan,0.1,0,1,1,0.0,0,nan,-1,nan,-1,nan,-1,-1,nan,-1,/data/data/DA25S005/miccai_tbi/MultiTalentV2_finetuning/checkpoints/validation2025_100/ensemble_2_models_e5ohnz5w_tta_ddp_kpcyjb66_tta_hybrid/predicted_lesions/thr0p1_mincc10/scan_0342_pred_lesion.nii.gz
scan_0342,probability_average,none,0.1,20,nan,0.1,0,1,1,0.0,0,nan,-1,nan,-1,nan,-1,-1,nan,-1,/data/data/DA25S005/miccai_tbi/MultiTalentV2_finetuning/checkpoints/validation2025_100/ensemble_2_models_e5ohnz5w_tta_ddp_kpcyjb66_tta_hybrid/predicted_lesions/thr0p1_mincc20/scan_0342_pred_lesion.nii.gz
scan_0342,probability_average,none,0.1,40,nan,0.1,0,1,1,0.0,0,nan,-1,nan,-1,nan,-1,-1,nan,-1,/data/data/DA25S005/miccai_tbi/MultiTalentV2_finetuning/checkpoints/validation2025_100/ensemble_2_models_e5ohnz5w_tta_ddp_kpcyjb66_tta_hybrid/predicted_lesions/thr0p1_mincc40/scan_0342_pred_lesion.nii.gz
scan_0342,probability_average,none,0.2,0,nan,0.1,0,1,1,0.0,0,nan,-1,nan,-1,nan,-1,-1,nan,-1,/data/data/DA25S005/miccai_tbi/MultiTalentV2_finetuning/checkpoints/validation2025_100/ensemble_2_models_e5ohnz5w_tta_ddp_kpcyjb66_tta_hybrid/predicted_lesions/thr0p2_mincc0/scan_0342_pred_lesion.nii.gz
scan_0342,probability_average,none,0.2,3,nan,0.1,0,1,1,0.0,0,nan,-1,nan,-1,nan,-1,-1,nan,-1,/data/data/DA25S005/miccai_tbi/MultiTalentV2_finetuning/checkpoints/validation2025_100/ensemble_2_models_e5ohnz5w_tta_ddp_kpcyjb66_tta_hybrid/predicted_lesions/thr0p2_mincc3/scan_0342_pred_lesion.nii.gz
scan_0342,probability_average,none,0.2,5,nan,0.1,0,1,1,0.0,0,nan,-1,nan,-1,nan,-1,-1,nan,-1,/data/data/DA25S005/miccai_tbi/MultiTalentV2_finetuning/checkpoints/validation2025_100/ensemble_2_models_e5ohnz5w_tta_ddp_kpcyjb66_tta_hybrid/predicted_lesions/thr0p2_mincc5/scan_0342_pred_lesion.nii.gz
scan_0342,probability_average,none,0.2,10,nan,0.1,0,1,1,0.0,0,nan,-1,nan,-1,nan,-1,-1,nan,-1,/data/data/DA25S005/miccai_tbi/MultiTalentV2_finetuning/checkpoints/validation2025_100/ensemble_2_models_e5ohnz5w_tta_ddp_kpcyjb66_tta_hybrid/predicted_lesions/thr0p2_mincc10/scan_0342_pred_lesion.nii.gz
scan_0342,probability_average,none,0.2,20,nan,0.1,0,1,1,0.0,0,nan,-1,nan,-1,nan,-1,-1,nan,-1,/data/data/DA25S005/miccai_tbi/MultiTalentV2_finetuning/checkpoints/validation2025_100/ensemble_2_models_e5ohnz5w_tta_ddp_kpcyjb66_tta_hybrid/predicted_lesions/thr0p2_mincc20/scan_0342_pred_lesion.nii.gz
scan_0342,probability_average,none,0.2,40,nan,0.1,0,1,1,0.0,0,nan,-1,nan,-1,nan,-1,-1,nan,-1,/data/data/DA25S005/miccai_tbi/MultiTalentV2_finetuning/checkpoints/validation2025_100/ensemble_2_models_e5ohnz5w_tta_ddp_kpcyjb66_tta_hybrid/predicted_lesions/thr0p2_mincc40/scan_0342_pred_lesion.nii.gz
scan_0342,probability_average,none,0.3,0,nan,0.1,0,1,1,0.0,0,nan,-1,nan,-1,nan,-1,-1,nan,-1,/data/data/DA25S005/miccai_tbi/MultiTalentV2_finetuning/checkpoints/validation2025_100/ensemble_2_models_e5ohnz5w_tta_ddp_kpcyjb66_tta_hybrid/predicted_lesions/thr0p3_mincc0/scan_0342_pred_lesion.nii.gz
scan_0342,probability_average,none,0.3,3,nan,0.1,0,1,1,0.0,0,nan,-1,nan,-1,nan,-1,-1,nan,-1,/data/data/DA25S005/miccai_tbi/MultiTalentV2_finetuning/checkpoints/validation2025_100/ensemble_2_models_e5ohnz5w_tta_ddp_kpcyjb66_tta_hybrid/predicted_lesions/thr0p3_mincc3/scan_0342_pred_lesion.nii.gz
scan_0342,probability_average,none,0.3,5,nan,0.1,0,1,1,0.0,0,nan,-1,nan,-1,nan,-1,-1,nan,-1,/data/data/DA25S005/miccai_tbi/MultiTalentV2_finetuning/checkpoints/validation2025_100/ensemble_2_models_e5ohnz5w_tta_ddp_kpcyjb66_tta_hybrid/predicted_lesions/thr0p3_mincc5/scan_0342_pred_lesion.nii.gz
scan_0342,probability_average,none,0.3,10,nan,0.1,0,1,1,0.0,0,nan,-1,nan,-1,nan,-1,-1,nan,-1,/data/data/DA25S005/miccai_tbi/MultiTalentV2_finetuning/checkpoints/validation2025_100/ensemble_2_models_e5ohnz5w_tta_ddp_kpcyjb66_tta_hybrid/predicted_lesions/thr0p3_mincc10/scan_0342_pred_lesion.nii.gz
scan_0342,probability_average,none,0.3,20,nan,0.1,0,1,1,0.0,0,nan,-1,nan,-1,nan,-1,-1,nan,-1,/data/data/DA25S005/miccai_tbi/MultiTalentV2_finetuning/checkpoints/validation2025_100/ensemble_2_models_e5ohnz5w_tta_ddp_kpcyjb66_tta_hybrid/predicted_lesions/thr0p3_mincc20/scan_0342_pred_lesion.nii.gz
scan_0342,probability_average,none,0.3,40,nan,0.1,0,1,1,0.0,0,nan,-1,nan,-1,nan,-1,-1,nan,-1,/data/data/DA25S005/miccai_tbi/MultiTalentV2_finetuning/checkpoints/validation2025_100/ensemble_2_models_e5ohnz5w_tta_ddp_kpcyjb66_tta_hybrid/predicted_lesions/thr0p3_mincc40/scan_0342_pred_lesion.nii.gz
scan_0342,probability_average,none,0.4,0,nan,0.1,0,1,1,0.0,0,nan,-1,nan,-1,nan,-1,-1,nan,-1,/data/data/DA25S005/miccai_tbi/MultiTalentV2_finetuning/checkpoints/validation2025_100/ensemble_2_models_e5ohnz5w_tta_ddp_kpcyjb66_tta_hybrid/predicted_lesions/thr0p4_mincc0/scan_0342_pred_lesion.nii.gz
scan_0342,probability_average,none,0.4,3,nan,0.1,0,1,1,0.0,0,nan,-1,nan,-1,nan,-1,-1,nan,-1,/data/data/DA25S005/miccai_tbi/MultiTalentV2_finetuning/checkpoints/validation2025_100/ensemble_2_models_e5ohnz5w_tta_ddp_kpcyjb66_tta_hybrid/predicted_lesions/thr0p4_mincc3/scan_0342_pred_lesion.nii.gz
scan_0342,probability_average,none,0.4,5,nan,0.1,0,1,1,0.0,0,nan,-1,nan,-1,nan,-1,-1,nan,-1,/data/data/DA25S005/miccai_tbi/MultiTalentV2_finetuning/checkpoints/validation2025_100/ensemble_2_models_e5ohnz5w_tta_ddp_kpcyjb66_tta_hybrid/predicted_lesions/thr0p4_mincc5/scan_0342_pred_lesion.nii.gz
scan_0342,probability_average,none,0.4,10,nan,0.1,0,1,1,0.0,0,nan,-1,nan,-1,nan,-1,-1,nan,-1,/data/data/DA25S005/miccai_tbi/MultiTalentV2_finetuning/checkpoints/validation2025_100/ensemble_2_models_e5ohnz5w_tta_ddp_kpcyjb66_tta_hybrid/predicted_lesions/thr0p4_mincc10/scan_0342_pred_lesion.nii.gz
scan_0342,probability_average,none,0.4,20,nan,0.1,0,1,1,0.0,0,nan,-1,nan,-1,nan,-1,-1,nan,-1,/data/data/DA25S005/miccai_tbi/MultiTalentV2_finetuning/checkpoints/validation2025_100/ensemble_2_models_e5ohnz5w_tta_ddp_kpcyjb66_tta_hybrid/predicted_lesions/thr0p4_mincc20/scan_0342_pred_lesion.nii.gz
scan_0342,probability_average,none,0.4,40,nan,0.1,0,1,1,0.0,0,nan,-1,nan,-1,nan,-1,-1,nan,-1,/data/data/DA25S005/miccai_tbi/MultiTalentV2_finetuning/checkpoints/validation2025_100/ensemble_2_models_e5ohnz5w_tta_ddp_kpcyjb66_tta_hybrid/predicted_lesions/thr0p4_mincc40/scan_0342_pred_lesion.nii.gz
scan_0342,probability_average,none,0.5,0,nan,0.1,0,1,1,0.0,0,nan,-1,nan,-1,nan,-1,-1,nan,-1,/data/data/DA25S005/miccai_tbi/MultiTalentV2_finetuning/checkpoints/validation2025_100/ensemble_2_models_e5ohnz5w_tta_ddp_kpcyjb66_tta_hybrid/predicted_lesions/thr0p5_mincc0/scan_0342_pred_lesion.nii.gz
scan_0342,probability_average,none,0.5,3,nan,0.1,0,1,1,0.0,0,nan,-1,nan,-1,nan,-1,-1,nan,-1,/data/data/DA25S005/miccai_tbi/MultiTalentV2_finetuning/checkpoints/validation2025_100/ensemble_2_models_e5ohnz5w_tta_ddp_kpcyjb66_tta_hybrid/predicted_lesions/thr0p5_mincc3/scan_0342_pred_lesion.nii.gz
scan_0342,probability_average,none,0.5,5,nan,0.1,0,1,1,0.0,0,nan,-1,nan,-1,nan,-1,-1,nan,-1,/data/data/DA25S005/miccai_tbi/MultiTalentV2_finetuning/checkpoints/validation2025_100/ensemble_2_models_e5ohnz5w_tta_ddp_kpcyjb66_tta_hybrid/predicted_lesions/thr0p5_mincc5/scan_0342_pred_lesion.nii.gz
scan_0342,probability_average,none,0.5,10,nan,0.1,0,1,1,0.0,0,nan,-1,nan,-1,nan,-1,-1,nan,-1,/data/data/DA25S005/miccai_tbi/MultiTalentV2_finetuning/checkpoints/validation2025_100/ensemble_2_models_e5ohnz5w_tta_ddp_kpcyjb66_tta_hybrid/predicted_lesions/thr0p5_mincc10/scan_0342_pred_lesion.nii.gz
scan_0342,probability_average,none,0.5,20,nan,0.1,0,1,1,0.0,0,nan,-1,nan,-1,nan,-1,-1,nan,-1,/data/data/DA25S005/miccai_tbi/MultiTalentV2_finetuning/checkpoints/validation2025_100/ensemble_2_models_e5ohnz5w_tta_ddp_kpcyjb66_tta_hybrid/predicted_lesions/thr0p5_mincc20/scan_0342_pred_lesion.nii.gz
scan_0342,probability_average,none,0.5,40,nan,0.1,0,1,1,0.0,0,nan,-1,nan,-1,nan,-1,-1,nan,-1,/data/data/DA25S005/miccai_tbi/MultiTalentV2_finetuning/checkpoints/validation2025_100/ensemble_2_models_e5ohnz5w_tta_ddp_kpcyjb66_tta_hybrid/predicted_lesions/thr0p5_mincc40/scan_0342_pred_lesion.nii.gz
scan_0345,probability_average,none,0.1,0,nan,0.1,0,1,1,0.0,0,nan,-1,nan,-1,nan,-1,-1,nan,-1,/data/data/DA25S005/miccai_tbi/MultiTalentV2_finetuning/checkpoints/validation2025_100/ensemble_2_models_e5ohnz5w_tta_ddp_kpcyjb66_tta_hybrid/predicted_lesions/thr0p1_mincc0/scan_0345_pred_lesion.nii.gz
scan_0345,probability_average,none,0.1,3,nan,0.1,0,1,1,0.0,0,nan,-1,nan,-1,nan,-1,-1,nan,-1,/data/data/DA25S005/miccai_tbi/MultiTalentV2_finetuning/checkpoints/validation2025_100/ensemble_2_models_e5ohnz5w_tta_ddp_kpcyjb66_tta_hybrid/predicted_lesions/thr0p1_mincc3/scan_0345_pred_lesion.nii.gz
scan_0345,probability_average,none,0.1,5,nan,0.1,0,1,1,0.0,0,nan,-1,nan,-1,nan,-1,-1,nan,-1,/data/data/DA25S005/miccai_tbi/MultiTalentV2_finetuning/checkpoints/validation2025_100/ensemble_2_models_e5ohnz5w_tta_ddp_kpcyjb66_tta_hybrid/predicted_lesions/thr0p1_mincc5/scan_0345_pred_lesion.nii.gz
scan_0345,probability_average,none,0.1,10,nan,0.1,0,1,1,0.0,0,nan,-1,nan,-1,nan,-1,-1,nan,-1,/data/data/DA25S005/miccai_tbi/MultiTalentV2_finetuning/checkpoints/validation2025_100/ensemble_2_models_e5ohnz5w_tta_ddp_kpcyjb66_tta_hybrid/predicted_lesions/thr0p1_mincc10/scan_0345_pred_lesion.nii.gz
scan_0345,probability_average,none,0.1,20,nan,0.1,0,1,1,0.0,0,nan,-1,nan,-1,nan,-1,-1,nan,-1,/data/data/DA25S005/miccai_tbi/MultiTalentV2_finetuning/checkpoints/validation2025_100/ensemble_2_models_e5ohnz5w_tta_ddp_kpcyjb66_tta_hybrid/predicted_lesions/thr0p1_mincc20/scan_0345_pred_lesion.nii.gz
scan_0345,probability_average,none,0.1,40,nan,0.1,0,1,1,0.0,0,nan,-1,nan,-1,nan,-1,-1,nan,-1,/data/data/DA25S005/miccai_tbi/MultiTalentV2_finetuning/checkpoints/validation2025_100/ensemble_2_models_e5ohnz5w_tta_ddp_kpcyjb66_tta_hybrid/predicted_lesions/thr0p1_mincc40/scan_0345_pred_lesion.nii.gz
scan_0345,probability_average,none,0.2,0,nan,0.1,0,1,1,0.0,0,nan,-1,nan,-1,nan,-1,-1,nan,-1,/data/data/DA25S005/miccai_tbi/MultiTalentV2_finetuning/checkpoints/validation2025_100/ensemble_2_models_e5ohnz5w_tta_ddp_kpcyjb66_tta_hybrid/predicted_lesions/thr0p2_mincc0/scan_0345_pred_lesion.nii.gz
scan_0345,probability_average,none,0.2,3,nan,0.1,0,1,1,0.0,0,nan,-1,nan,-1,nan,-1,-1,nan,-1,/data/data/DA25S005/miccai_tbi/MultiTalentV2_finetuning/checkpoints/validation2025_100/ensemble_2_models_e5ohnz5w_tta_ddp_kpcyjb66_tta_hybrid/predicted_lesions/thr0p2_mincc3/scan_0345_pred_lesion.nii.gz
scan_0345,probability_average,none,0.2,5,nan,0.1,0,1,1,0.0,0,nan,-1,nan,-1,nan,-1,-1,nan,-1,/data/data/DA25S005/miccai_tbi/MultiTalentV2_finetuning/checkpoints/validation2025_100/ensemble_2_models_e5ohnz5w_tta_ddp_kpcyjb66_tta_hybrid/predicted_lesions/thr0p2_mincc5/scan_0345_pred_lesion.nii.gz
scan_0345,probability_average,none,0.2,10,nan,0.1,0,1,1,0.0,0,nan,-1,nan,-1,nan,-1,-1,nan,-1,/data/data/DA25S005/miccai_tbi/MultiTalentV2_finetuning/checkpoints/validation2025_100/ensemble_2_models_e5ohnz5w_tta_ddp_kpcyjb66_tta_hybrid/predicted_lesions/thr0p2_mincc10/scan_0345_pred_lesion.nii.gz
scan_0345,probability_average,none,0.2,20,nan,0.1,0,1,1,0.0,0,nan,-1,nan,-1,nan,-1,-1,nan,-1,/data/data/DA25S005/miccai_tbi/MultiTalentV2_finetuning/checkpoints/validation2025_100/ensemble_2_models_e5ohnz5w_tta_ddp_kpcyjb66_tta_hybrid/predicted_lesions/thr0p2_mincc20/scan_0345_pred_lesion.nii.gz
scan_0345,probability_average,none,0.2,40,nan,0.1,0,1,1,0.0,0,nan,-1,nan,-1,nan,-1,-1,nan,-1,/data/data/DA25S005/miccai_tbi/MultiTalentV2_finetuning/checkpoints/validation2025_100/ensemble_2_models_e5ohnz5w_tta_ddp_kpcyjb66_tta_hybrid/predicted_lesions/thr0p2_mincc40/scan_0345_pred_lesion.nii.gz
scan_0345,probability_average,none,0.3,0,nan,0.1,0,1,1,0.0,0,nan,-1,nan,-1,nan,-1,-1,nan,-1,/data/data/DA25S005/miccai_tbi/MultiTalentV2_finetuning/checkpoints/validation2025_100/ensemble_2_models_e5ohnz5w_tta_ddp_kpcyjb66_tta_hybrid/predicted_lesions/thr0p3_mincc0/scan_0345_pred_lesion.nii.gz
scan_0345,probability_average,none,0.3,3,nan,0.1,0,1,1,0.0,0,nan,-1,nan,-1,nan,-1,-1,nan,-1,/data/data/DA25S005/miccai_tbi/MultiTalentV2_finetuning/checkpoints/validation2025_100/ensemble_2_models_e5ohnz5w_tta_ddp_kpcyjb66_tta_hybrid/predicted_lesions/thr0p3_mincc3/scan_0345_pred_lesion.nii.gz
scan_0345,probability_average,none,0.3,5,nan,0.1,0,1,1,0.0,0,nan,-1,nan,-1,nan,-1,-1,nan,-1,/data/data/DA25S005/miccai_tbi/MultiTalentV2_finetuning/checkpoints/validation2025_100/ensemble_2_models_e5ohnz5w_tta_ddp_kpcyjb66_tta_hybrid/predicted_lesions/thr0p3_mincc5/scan_0345_pred_lesion.nii.gz
scan_0345,probability_average,none,0.3,10,nan,0.1,0,1,1,0.0,0,nan,-1,nan,-1,nan,-1,-1,nan,-1,/data/data/DA25S005/miccai_tbi/MultiTalentV2_finetuning/checkpoints/validation2025_100/ensemble_2_models_e5ohnz5w_tta_ddp_kpcyjb66_tta_hybrid/predicted_lesions/thr0p3_mincc10/scan_0345_pred_lesion.nii.gz
scan_0345,probability_average,none,0.3,20,nan,0.1,0,1,1,0.0,0,nan,-1,nan,-1,nan,-1,-1,nan,-1,/data/data/DA25S005/miccai_tbi/MultiTalentV2_finetuning/checkpoints/validation2025_100/ensemble_2_models_e5ohnz5w_tta_ddp_kpcyjb66_tta_hybrid/predicted_lesions/thr0p3_mincc20/scan_0345_pred_lesion.nii.gz
scan_0345,probability_average,none,0.3,40,nan,0.1,0,1,1,0.0,0,nan,-1,nan,-1,nan,-1,-1,nan,-1,/data/data/DA25S005/miccai_tbi/MultiTalentV2_finetuning/checkpoints/validation2025_100/ensemble_2_models_e5ohnz5w_tta_ddp_kpcyjb66_tta_hybrid/predicted_lesions/thr0p3_mincc40/scan_0345_pred_lesion.nii.gz
scan_0345,probability_average,none,0.4,0,nan,0.1,0,1,1,0.0,0,nan,-1,nan,-1,nan,-1,-1,nan,-1,/data/data/DA25S005/miccai_tbi/MultiTalentV2_finetuning/checkpoints/validation2025_100/ensemble_2_models_e5ohnz5w_tta_ddp_kpcyjb66_tta_hybrid/predicted_lesions/thr0p4_mincc0/scan_0345_pred_lesion.nii.gz
scan_0345,probability_average,none,0.4,3,nan,0.1,0,1,1,0.0,0,nan,-1,nan,-1,nan,-1,-1,nan,-1,/data/data/DA25S005/miccai_tbi/MultiTalentV2_finetuning/checkpoints/validation2025_100/ensemble_2_models_e5ohnz5w_tta_ddp_kpcyjb66_tta_hybrid/predicted_lesions/thr0p4_mincc3/scan_0345_pred_lesion.nii.gz
scan_0345,probability_average,none,0.4,5,nan,0.1,0,1,1,0.0,0,nan,-1,nan,-1,nan,-1,-1,nan,-1,/data/data/DA25S005/miccai_tbi/MultiTalentV2_finetuning/checkpoints/validation2025_100/ensemble_2_models_e5ohnz5w_tta_ddp_kpcyjb66_tta_hybrid/predicted_lesions/thr0p4_mincc5/scan_0345_pred_lesion.nii.gz
scan_0345,probability_average,none,0.4,10,nan,0.1,0,1,1,0.0,0,nan,-1,nan,-1,nan,-1,-1,nan,-1,/data/data/DA25S005/miccai_tbi/MultiTalentV2_finetuning/checkpoints/validation2025_100/ensemble_2_models_e5ohnz5w_tta_ddp_kpcyjb66_tta_hybrid/predicted_lesions/thr0p4_mincc10/scan_0345_pred_lesion.nii.gz
scan_0345,probability_average,none,0.4,20,nan,0.1,0,1,1,0.0,0,nan,-1,nan,-1,nan,-1,-1,nan,-1,/data/data/DA25S005/miccai_tbi/MultiTalentV2_finetuning/checkpoints/validation2025_100/ensemble_2_models_e5ohnz5w_tta_ddp_kpcyjb66_tta_hybrid/predicted_lesions/thr0p4_mincc20/scan_0345_pred_lesion.nii.gz
scan_0345,probability_average,none,0.4,40,nan,0.1,0,1,1,0.0,0,nan,-1,nan,-1,nan,-1,-1,nan,-1,/data/data/DA25S005/miccai_tbi/MultiTalentV2_finetuning/checkpoints/validation2025_100/ensemble_2_models_e5ohnz5w_tta_ddp_kpcyjb66_tta_hybrid/predicted_lesions/thr0p4_mincc40/scan_0345_pred_lesion.nii.gz
scan_0345,probability_average,none,0.5,0,nan,0.1,0,1,1,0.0,0,nan,-1,nan,-1,nan,-1,-1,nan,-1,/data/data/DA25S005/miccai_tbi/MultiTalentV2_finetuning/checkpoints/validation2025_100/ensemble_2_models_e5ohnz5w_tta_ddp_kpcyjb66_tta_hybrid/predicted_lesions/thr0p5_mincc0/scan_0345_pred_lesion.nii.gz
scan_0345,probability_average,none,0.5,3,nan,0.1,0,1,1,0.0,0,nan,-1,nan,-1,nan,-1,-1,nan,-1,/data/data/DA25S005/miccai_tbi/MultiTalentV2_finetuning/checkpoints/validation2025_100/ensemble_2_models_e5ohnz5w_tta_ddp_kpcyjb66_tta_hybrid/predicted_lesions/thr0p5_mincc3/scan_0345_pred_lesion.nii.gz
scan_0345,probability_average,none,0.5,5,nan,0.1,0,1,1,0.0,0,nan,-1,nan,-1,nan,-1,-1,nan,-1,/data/data/DA25S005/miccai_tbi/MultiTalentV2_finetuning/checkpoints/validation2025_100/ensemble_2_models_e5ohnz5w_tta_ddp_kpcyjb66_tta_hybrid/predicted_lesions/thr0p5_mincc5/scan_0345_pred_lesion.nii.gz
scan_0345,probability_average,none,0.5,10,nan,0.1,0,1,1,0.0,0,nan,-1,nan,-1,nan,-1,-1,nan,-1,/data/data/DA25S005/miccai_tbi/MultiTalentV2_finetuning/checkpoints/validation2025_100/ensemble_2_models_e5ohnz5w_tta_ddp_kpcyjb66_tta_hybrid/predicted_lesions/thr0p5_mincc10/scan_0345_pred_lesion.nii.gz
scan_0345,probability_average,none,0.5,20,nan,0.1,0,1,1,0.0,0,nan,-1,nan,-1,nan,-1,-1,nan,-1,/data/data/DA25S005/miccai_tbi/MultiTalentV2_finetuning/checkpoints/validation2025_100/ensemble_2_models_e5ohnz5w_tta_ddp_kpcyjb66_tta_hybrid/predicted_lesions/thr0p5_mincc20/scan_0345_pred_lesion.nii.gz
scan_0345,probability_average,none,0.5,40,nan,0.1,0,1,1,0.0,0,nan,-1,nan,-1,nan,-1,-1,nan,-1,/data/data/DA25S005/miccai_tbi/MultiTalentV2_finetuning/checkpoints/validation2025_100/ensemble_2_models_e5ohnz5w_tta_ddp_kpcyjb66_tta_hybrid/predicted_lesions/thr0p5_mincc40/scan_0345_pred_lesion.nii.gz
scan_0348,probability_average,none,0.1,0,nan,0.1,0,1,1,0.0,0,nan,-1,nan,-1,nan,-1,-1,nan,-1,/data/data/DA25S005/miccai_tbi/MultiTalentV2_finetuning/checkpoints/validation2025_100/ensemble_2_models_e5ohnz5w_tta_ddp_kpcyjb66_tta_hybrid/predicted_lesions/thr0p1_mincc0/scan_0348_pred_lesion.nii.gz
scan_0348,probability_average,none,0.1,3,nan,0.1,0,1,1,0.0,0,nan,-1,nan,-1,nan,-1,-1,nan,-1,/data/data/DA25S005/miccai_tbi/MultiTalentV2_finetuning/checkpoints/validation2025_100/ensemble_2_models_e5ohnz5w_tta_ddp_kpcyjb66_tta_hybrid/predicted_lesions/thr0p1_mincc3/scan_0348_pred_lesion.nii.gz
scan_0348,probability_average,none,0.1,5,nan,0.1,0,1,1,0.0,0,nan,-1,nan,-1,nan,-1,-1,nan,-1,/data/data/DA25S005/miccai_tbi/MultiTalentV2_finetuning/checkpoints/validation2025_100/ensemble_2_models_e5ohnz5w_tta_ddp_kpcyjb66_tta_hybrid/predicted_lesions/thr0p1_mincc5/scan_0348_pred_lesion.nii.gz
scan_0348,probability_average,none,0.1,10,nan,0.1,0,1,1,0.0,0,nan,-1,nan,-1,nan,-1,-1,nan,-1,/data/data/DA25S005/miccai_tbi/MultiTalentV2_finetuning/checkpoints/validation2025_100/ensemble_2_models_e5ohnz5w_tta_ddp_kpcyjb66_tta_hybrid/predicted_lesions/thr0p1_mincc10/scan_0348_pred_lesion.nii.gz
scan_0348,probability_average,none,0.1,20,nan,0.1,0,1,1,0.0,0,nan,-1,nan,-1,nan,-1,-1,nan,-1,/data/data/DA25S005/miccai_tbi/MultiTalentV2_finetuning/checkpoints/validation2025_100/ensemble_2_models_e5ohnz5w_tta_ddp_kpcyjb66_tta_hybrid/predicted_lesions/thr0p1_mincc20/scan_0348_pred_lesion.nii.gz
scan_0348,probability_average,none,0.1,40,nan,0.1,0,1,1,0.0,0,nan,-1,nan,-1,nan,-1,-1,nan,-1,/data/data/DA25S005/miccai_tbi/MultiTalentV2_finetuning/checkpoints/validation2025_100/ensemble_2_models_e5ohnz5w_tta_ddp_kpcyjb66_tta_hybrid/predicted_lesions/thr0p1_mincc40/scan_0348_pred_lesion.nii.gz
scan_0348,probability_average,none,0.2,0,nan,0.1,0,1,1,0.0,0,nan,-1,nan,-1,nan,-1,-1,nan,-1,/data/data/DA25S005/miccai_tbi/MultiTalentV2_finetuning/checkpoints/validation2025_100/ensemble_2_models_e5ohnz5w_tta_ddp_kpcyjb66_tta_hybrid/predicted_lesions/thr0p2_mincc0/scan_0348_pred_lesion.nii.gz
scan_0348,probability_average,none,0.2,3,nan,0.1,0,1,1,0.0,0,nan,-1,nan,-1,nan,-1,-1,nan,-1,/data/data/DA25S005/miccai_tbi/MultiTalentV2_finetuning/checkpoints/validation2025_100/ensemble_2_models_e5ohnz5w_tta_ddp_kpcyjb66_tta_hybrid/predicted_lesions/thr0p2_mincc3/scan_0348_pred_lesion.nii.gz
scan_0348,probability_average,none,0.2,5,nan,0.1,0,1,1,0.0,0,nan,-1,nan,-1,nan,-1,-1,nan,-1,/data/data/DA25S005/miccai_tbi/MultiTalentV2_finetuning/checkpoints/validation2025_100/ensemble_2_models_e5ohnz5w_tta_ddp_kpcyjb66_tta_hybrid/predicted_lesions/thr0p2_mincc5/scan_0348_pred_lesion.nii.gz
scan_0348,probability_average,none,0.2,10,nan,0.1,0,1,1,0.0,0,nan,-1,nan,-1,nan,-1,-1,nan,-1,/data/data/DA25S005/miccai_tbi/MultiTalentV2_finetuning/checkpoints/validation2025_100/ensemble_2_models_e5ohnz5w_tta_ddp_kpcyjb66_tta_hybrid/predicted_lesions/thr0p2_mincc10/scan_0348_pred_lesion.nii.gz
scan_0348,probability_average,none,0.2,20,nan,0.1,0,1,1,0.0,0,nan,-1,nan,-1,nan,-1,-1,nan,-1,/data/data/DA25S005/miccai_tbi/MultiTalentV2_finetuning/checkpoints/validation2025_100/ensemble_2_models_e5ohnz5w_tta_ddp_kpcyjb66_tta_hybrid/predicted_lesions/thr0p2_mincc20/scan_0348_pred_lesion.nii.gz
scan_0348,probability_average,none,0.2,40,nan,0.1,0,1,1,0.0,0,nan,-1,nan,-1,nan,-1,-1,nan,-1,/data/data/DA25S005/miccai_tbi/MultiTalentV2_finetuning/checkpoints/validation2025_100/ensemble_2_models_e5ohnz5w_tta_ddp_kpcyjb66_tta_hybrid/predicted_lesions/thr0p2_mincc40/scan_0348_pred_lesion.nii.gz
scan_0348,probability_average,none,0.3,0,nan,0.1,0,1,1,0.0,0,nan,-1,nan,-1,nan,-1,-1,nan,-1,/data/data/DA25S005/miccai_tbi/MultiTalentV2_finetuning/checkpoints/validation2025_100/ensemble_2_models_e5ohnz5w_tta_ddp_kpcyjb66_tta_hybrid/predicted_lesions/thr0p3_mincc0/scan_0348_pred_lesion.nii.gz
scan_0348,probability_average,none,0.3,3,nan,0.1,0,1,1,0.0,0,nan,-1,nan,-1,nan,-1,-1,nan,-1,/data/data/DA25S005/miccai_tbi/MultiTalentV2_finetuning/checkpoints/validation2025_100/ensemble_2_models_e5ohnz5w_tta_ddp_kpcyjb66_tta_hybrid/predicted_lesions/thr0p3_mincc3/scan_0348_pred_lesion.nii.gz
scan_0348,probability_average,none,0.3,5,nan,0.1,0,1,1,0.0,0,nan,-1,nan,-1,nan,-1,-1,nan,-1,/data/data/DA25S005/miccai_tbi/MultiTalentV2_finetuning/checkpoints/validation2025_100/ensemble_2_models_e5ohnz5w_tta_ddp_kpcyjb66_tta_hybrid/predicted_lesions/thr0p3_mincc5/scan_0348_pred_lesion.nii.gz
scan_0348,probability_average,none,0.3,10,nan,0.1,0,1,1,0.0,0,nan,-1,nan,-1,nan,-1,-1,nan,-1,/data/data/DA25S005/miccai_tbi/MultiTalentV2_finetuning/checkpoints/validation2025_100/ensemble_2_models_e5ohnz5w_tta_ddp_kpcyjb66_tta_hybrid/predicted_lesions/thr0p3_mincc10/scan_0348_pred_lesion.nii.gz
scan_0348,probability_average,none,0.3,20,nan,0.1,0,1,1,0.0,0,nan,-1,nan,-1,nan,-1,-1,nan,-1,/data/data/DA25S005/miccai_tbi/MultiTalentV2_finetuning/checkpoints/validation2025_100/ensemble_2_models_e5ohnz5w_tta_ddp_kpcyjb66_tta_hybrid/predicted_lesions/thr0p3_mincc20/scan_0348_pred_lesion.nii.gz
scan_0348,probability_average,none,0.3,40,nan,0.1,0,1,1,0.0,0,nan,-1,nan,-1,nan,-1,-1,nan,-1,/data/data/DA25S005/miccai_tbi/MultiTalentV2_finetuning/checkpoints/validation2025_100/ensemble_2_models_e5ohnz5w_tta_ddp_kpcyjb66_tta_hybrid/predicted_lesions/thr0p3_mincc40/scan_0348_pred_lesion.nii.gz
scan_0348,probability_average,none,0.4,0,nan,0.1,0,1,1,0.0,0,nan,-1,nan,-1,nan,-1,-1,nan,-1,/data/data/DA25S005/miccai_tbi/MultiTalentV2_finetuning/checkpoints/validation2025_100/ensemble_2_models_e5ohnz5w_tta_ddp_kpcyjb66_tta_hybrid/predicted_lesions/thr0p4_mincc0/scan_0348_pred_lesion.nii.gz
scan_0348,probability_average,none,0.4,3,nan,0.1,0,1,1,0.0,0,nan,-1,nan,-1,nan,-1,-1,nan,-1,/data/data/DA25S005/miccai_tbi/MultiTalentV2_finetuning/checkpoints/validation2025_100/ensemble_2_models_e5ohnz5w_tta_ddp_kpcyjb66_tta_hybrid/predicted_lesions/thr0p4_mincc3/scan_0348_pred_lesion.nii.gz
scan_0348,probability_average,none,0.4,5,nan,0.1,0,1,1,0.0,0,nan,-1,nan,-1,nan,-1,-1,nan,-1,/data/data/DA25S005/miccai_tbi/MultiTalentV2_finetuning/checkpoints/validation2025_100/ensemble_2_models_e5ohnz5w_tta_ddp_kpcyjb66_tta_hybrid/predicted_lesions/thr0p4_mincc5/scan_0348_pred_lesion.nii.gz
scan_0348,probability_average,none,0.4,10,nan,0.1,0,1,1,0.0,0,nan,-1,nan,-1,nan,-1,-1,nan,-1,/data/data/DA25S005/miccai_tbi/MultiTalentV2_finetuning/checkpoints/validation2025_100/ensemble_2_models_e5ohnz5w_tta_ddp_kpcyjb66_tta_hybrid/predicted_lesions/thr0p4_mincc10/scan_0348_pred_lesion.nii.gz
scan_0348,probability_average,none,0.4,20,nan,0.1,0,1,1,0.0,0,nan,-1,nan,-1,nan,-1,-1,nan,-1,/data/data/DA25S005/miccai_tbi/MultiTalentV2_finetuning/checkpoints/validation2025_100/ensemble_2_models_e5ohnz5w_tta_ddp_kpcyjb66_tta_hybrid/predicted_lesions/thr0p4_mincc20/scan_0348_pred_lesion.nii.gz
scan_0348,probability_average,none,0.4,40,nan,0.1,0,1,1,0.0,0,nan,-1,nan,-1,nan,-1,-1,nan,-1,/data/data/DA25S005/miccai_tbi/MultiTalentV2_finetuning/checkpoints/validation2025_100/ensemble_2_models_e5ohnz5w_tta_ddp_kpcyjb66_tta_hybrid/predicted_lesions/thr0p4_mincc40/scan_0348_pred_lesion.nii.gz
scan_0348,probability_average,none,0.5,0,nan,0.1,0,1,1,0.0,0,nan,-1,nan,-1,nan,-1,-1,nan,-1,/data/data/DA25S005/miccai_tbi/MultiTalentV2_finetuning/checkpoints/validation2025_100/ensemble_2_models_e5ohnz5w_tta_ddp_kpcyjb66_tta_hybrid/predicted_lesions/thr0p5_mincc0/scan_0348_pred_lesion.nii.gz
scan_0348,probability_average,none,0.5,3,nan,0.1,0,1,1,0.0,0,nan,-1,nan,-1,nan,-1,-1,nan,-1,/data/data/DA25S005/miccai_tbi/MultiTalentV2_finetuning/checkpoints/validation2025_100/ensemble_2_models_e5ohnz5w_tta_ddp_kpcyjb66_tta_hybrid/predicted_lesions/thr0p5_mincc3/scan_0348_pred_lesion.nii.gz
scan_0348,probability_average,none,0.5,5,nan,0.1,0,1,1,0.0,0,nan,-1,nan,-1,nan,-1,-1,nan,-1,/data/data/DA25S005/miccai_tbi/MultiTalentV2_finetuning/checkpoints/validation2025_100/ensemble_2_models_e5ohnz5w_tta_ddp_kpcyjb66_tta_hybrid/predicted_lesions/thr0p5_mincc5/scan_0348_pred_lesion.nii.gz
scan_0348,probability_average,none,0.5,10,nan,0.1,0,1,1,0.0,0,nan,-1,nan,-1,nan,-1,-1,nan,-1,/data/data/DA25S005/miccai_tbi/MultiTalentV2_finetuning/checkpoints/validation2025_100/ensemble_2_models_e5ohnz5w_tta_ddp_kpcyjb66_tta_hybrid/predicted_lesions/thr0p5_mincc10/scan_0348_pred_lesion.nii.gz
scan_0348,probability_average,none,0.5,20,nan,0.1,0,1,1,0.0,0,nan,-1,nan,-1,nan,-1,-1,nan,-1,/data/data/DA25S005/miccai_tbi/MultiTalentV2_finetuning/checkpoints/validation2025_100/ensemble_2_models_e5ohnz5w_tta_ddp_kpcyjb66_tta_hybrid/predicted_lesions/thr0p5_mincc20/scan_0348_pred_lesion.nii.gz
scan_0348,probability_average,none,0.5,40,nan,0.1,0,1,1,0.0,0,nan,-1,nan,-1,nan,-1,-1,nan,-1,/data/data/DA25S005/miccai_tbi/MultiTalentV2_finetuning/checkpoints/validation2025_100/ensemble_2_models_e5ohnz5w_tta_ddp_kpcyjb66_tta_hybrid/predicted_lesions/thr0p5_mincc40/scan_0348_pred_lesion.nii.gz
scan_0349,probability_average,none,0.1,0,nan,0.1,0,1,1,0.0,0,nan,-1,nan,-1,nan,-1,-1,nan,-1,/data/data/DA25S005/miccai_tbi/MultiTalentV2_finetuning/checkpoints/validation2025_100/ensemble_2_models_e5ohnz5w_tta_ddp_kpcyjb66_tta_hybrid/predicted_lesions/thr0p1_mincc0/scan_0349_pred_lesion.nii.gz
scan_0349,probability_average,none,0.1,3,nan,0.1,0,1,1,0.0,0,nan,-1,nan,-1,nan,-1,-1,nan,-1,/data/data/DA25S005/miccai_tbi/MultiTalentV2_finetuning/checkpoints/validation2025_100/ensemble_2_models_e5ohnz5w_tta_ddp_kpcyjb66_tta_hybrid/predicted_lesions/thr0p1_mincc3/scan_0349_pred_lesion.nii.gz
scan_0349,probability_average,none,0.1,5,nan,0.1,0,1,1,0.0,0,nan,-1,nan,-1,nan,-1,-1,nan,-1,/data/data/DA25S005/miccai_tbi/MultiTalentV2_finetuning/checkpoints/validation2025_100/ensemble_2_models_e5ohnz5w_tta_ddp_kpcyjb66_tta_hybrid/predicted_lesions/thr0p1_mincc5/scan_0349_pred_lesion.nii.gz
scan_0349,probability_average,none,0.1,10,nan,0.1,0,1,1,0.0,0,nan,-1,nan,-1,nan,-1,-1,nan,-1,/data/data/DA25S005/miccai_tbi/MultiTalentV2_finetuning/checkpoints/validation2025_100/ensemble_2_models_e5ohnz5w_tta_ddp_kpcyjb66_tta_hybrid/predicted_lesions/thr0p1_mincc10/scan_0349_pred_lesion.nii.gz
scan_0349,probability_average,none,0.1,20,nan,0.1,0,1,1,0.0,0,nan,-1,nan,-1,nan,-1,-1,nan,-1,/data/data/DA25S005/miccai_tbi/MultiTalentV2_finetuning/checkpoints/validation2025_100/ensemble_2_models_e5ohnz5w_tta_ddp_kpcyjb66_tta_hybrid/predicted_lesions/thr0p1_mincc20/scan_0349_pred_lesion.nii.gz
scan_0349,probability_average,none,0.1,40,nan,0.1,0,1,1,0.0,0,nan,-1,nan,-1,nan,-1,-1,nan,-1,/data/data/DA25S005/miccai_tbi/MultiTalentV2_finetuning/checkpoints/validation2025_100/ensemble_2_models_e5ohnz5w_tta_ddp_kpcyjb66_tta_hybrid/predicted_lesions/thr0p1_mincc40/scan_0349_pred_lesion.nii.gz
scan_0349,probability_average,none,0.2,0,nan,0.1,0,1,1,0.0,0,nan,-1,nan,-1,nan,-1,-1,nan,-1,/data/data/DA25S005/miccai_tbi/MultiTalentV2_finetuning/checkpoints/validation2025_100/ensemble_2_models_e5ohnz5w_tta_ddp_kpcyjb66_tta_hybrid/predicted_lesions/thr0p2_mincc0/scan_0349_pred_lesion.nii.gz
scan_0349,probability_average,none,0.2,3,nan,0.1,0,1,1,0.0,0,nan,-1,nan,-1,nan,-1,-1,nan,-1,/data/data/DA25S005/miccai_tbi/MultiTalentV2_finetuning/checkpoints/validation2025_100/ensemble_2_models_e5ohnz5w_tta_ddp_kpcyjb66_tta_hybrid/predicted_lesions/thr0p2_mincc3/scan_0349_pred_lesion.nii.gz
scan_0349,probability_average,none,0.2,5,nan,0.1,0,1,1,0.0,0,nan,-1,nan,-1,nan,-1,-1,nan,-1,/data/data/DA25S005/miccai_tbi/MultiTalentV2_finetuning/checkpoints/validation2025_100/ensemble_2_models_e5ohnz5w_tta_ddp_kpcyjb66_tta_hybrid/predicted_lesions/thr0p2_mincc5/scan_0349_pred_lesion.nii.gz
scan_0349,probability_average,none,0.2,10,nan,0.1,0,1,1,0.0,0,nan,-1,nan,-1,nan,-1,-1,nan,-1,/data/data/DA25S005/miccai_tbi/MultiTalentV2_finetuning/checkpoints/validation2025_100/ensemble_2_models_e5ohnz5w_tta_ddp_kpcyjb66_tta_hybrid/predicted_lesions/thr0p2_mincc10/scan_0349_pred_lesion.nii.gz
scan_0349,probability_average,none,0.2,20,nan,0.1,0,1,1,0.0,0,nan,-1,nan,-1,nan,-1,-1,nan,-1,/data/data/DA25S005/miccai_tbi/MultiTalentV2_finetuning/checkpoints/validation2025_100/ensemble_2_models_e5ohnz5w_tta_ddp_kpcyjb66_tta_hybrid/predicted_lesions/thr0p2_mincc20/scan_0349_pred_lesion.nii.gz
scan_0349,probability_average,none,0.2,40,nan,0.1,0,1,1,0.0,0,nan,-1,nan,-1,nan,-1,-1,nan,-1,/data/data/DA25S005/miccai_tbi/MultiTalentV2_finetuning/checkpoints/validation2025_100/ensemble_2_models_e5ohnz5w_tta_ddp_kpcyjb66_tta_hybrid/predicted_lesions/thr0p2_mincc40/scan_0349_pred_lesion.nii.gz
scan_0349,probability_average,none,0.3,0,nan,0.1,0,1,1,0.0,0,nan,-1,nan,-1,nan,-1,-1,nan,-1,/data/data/DA25S005/miccai_tbi/MultiTalentV2_finetuning/checkpoints/validation2025_100/ensemble_2_models_e5ohnz5w_tta_ddp_kpcyjb66_tta_hybrid/predicted_lesions/thr0p3_mincc0/scan_0349_pred_lesion.nii.gz
scan_0349,probability_average,none,0.3,3,nan,0.1,0,1,1,0.0,0,nan,-1,nan,-1,nan,-1,-1,nan,-1,/data/data/DA25S005/miccai_tbi/MultiTalentV2_finetuning/checkpoints/validation2025_100/ensemble_2_models_e5ohnz5w_tta_ddp_kpcyjb66_tta_hybrid/predicted_lesions/thr0p3_mincc3/scan_0349_pred_lesion.nii.gz
scan_0349,probability_average,none,0.3,5,nan,0.1,0,1,1,0.0,0,nan,-1,nan,-1,nan,-1,-1,nan,-1,/data/data/DA25S005/miccai_tbi/MultiTalentV2_finetuning/checkpoints/validation2025_100/ensemble_2_models_e5ohnz5w_tta_ddp_kpcyjb66_tta_hybrid/predicted_lesions/thr0p3_mincc5/scan_0349_pred_lesion.nii.gz
scan_0349,probability_average,none,0.3,10,nan,0.1,0,1,1,0.0,0,nan,-1,nan,-1,nan,-1,-1,nan,-1,/data/data/DA25S005/miccai_tbi/MultiTalentV2_finetuning/checkpoints/validation2025_100/ensemble_2_models_e5ohnz5w_tta_ddp_kpcyjb66_tta_hybrid/predicted_lesions/thr0p3_mincc10/scan_0349_pred_lesion.nii.gz
scan_0349,probability_average,none,0.3,20,nan,0.1,0,1,1,0.0,0,nan,-1,nan,-1,nan,-1,-1,nan,-1,/data/data/DA25S005/miccai_tbi/MultiTalentV2_finetuning/checkpoints/validation2025_100/ensemble_2_models_e5ohnz5w_tta_ddp_kpcyjb66_tta_hybrid/predicted_lesions/thr0p3_mincc20/scan_0349_pred_lesion.nii.gz
scan_0349,probability_average,none,0.3,40,nan,0.1,0,1,1,0.0,0,nan,-1,nan,-1,nan,-1,-1,nan,-1,/data/data/DA25S005/miccai_tbi/MultiTalentV2_finetuning/checkpoints/validation2025_100/ensemble_2_models_e5ohnz5w_tta_ddp_kpcyjb66_tta_hybrid/predicted_lesions/thr0p3_mincc40/scan_0349_pred_lesion.nii.gz
scan_0349,probability_average,none,0.4,0,nan,0.1,0,1,1,0.0,0,nan,-1,nan,-1,nan,-1,-1,nan,-1,/data/data/DA25S005/miccai_tbi/MultiTalentV2_finetuning/checkpoints/validation2025_100/ensemble_2_models_e5ohnz5w_tta_ddp_kpcyjb66_tta_hybrid/predicted_lesions/thr0p4_mincc0/scan_0349_pred_lesion.nii.gz
scan_0349,probability_average,none,0.4,3,nan,0.1,0,1,1,0.0,0,nan,-1,nan,-1,nan,-1,-1,nan,-1,/data/data/DA25S005/miccai_tbi/MultiTalentV2_finetuning/checkpoints/validation2025_100/ensemble_2_models_e5ohnz5w_tta_ddp_kpcyjb66_tta_hybrid/predicted_lesions/thr0p4_mincc3/scan_0349_pred_lesion.nii.gz
scan_0349,probability_average,none,0.4,5,nan,0.1,0,1,1,0.0,0,nan,-1,nan,-1,nan,-1,-1,nan,-1,/data/data/DA25S005/miccai_tbi/MultiTalentV2_finetuning/checkpoints/validation2025_100/ensemble_2_models_e5ohnz5w_tta_ddp_kpcyjb66_tta_hybrid/predicted_lesions/thr0p4_mincc5/scan_0349_pred_lesion.nii.gz
scan_0349,probability_average,none,0.4,10,nan,0.1,0,1,1,0.0,0,nan,-1,nan,-1,nan,-1,-1,nan,-1,/data/data/DA25S005/miccai_tbi/MultiTalentV2_finetuning/checkpoints/validation2025_100/ensemble_2_models_e5ohnz5w_tta_ddp_kpcyjb66_tta_hybrid/predicted_lesions/thr0p4_mincc10/scan_0349_pred_lesion.nii.gz
scan_0349,probability_average,none,0.4,20,nan,0.1,0,1,1,0.0,0,nan,-1,nan,-1,nan,-1,-1,nan,-1,/data/data/DA25S005/miccai_tbi/MultiTalentV2_finetuning/checkpoints/validation2025_100/ensemble_2_models_e5ohnz5w_tta_ddp_kpcyjb66_tta_hybrid/predicted_lesions/thr0p4_mincc20/scan_0349_pred_lesion.nii.gz
scan_0349,probability_average,none,0.4,40,nan,0.1,0,1,1,0.0,0,nan,-1,nan,-1,nan,-1,-1,nan,-1,/data/data/DA25S005/miccai_tbi/MultiTalentV2_finetuning/checkpoints/validation2025_100/ensemble_2_models_e5ohnz5w_tta_ddp_kpcyjb66_tta_hybrid/predicted_lesions/thr0p4_mincc40/scan_0349_pred_lesion.nii.gz
scan_0349,probability_average,none,0.5,0,nan,0.1,0,1,1,0.0,0,nan,-1,nan,-1,nan,-1,-1,nan,-1,/data/data/DA25S005/miccai_tbi/MultiTalentV2_finetuning/checkpoints/validation2025_100/ensemble_2_models_e5ohnz5w_tta_ddp_kpcyjb66_tta_hybrid/predicted_lesions/thr0p5_mincc0/scan_0349_pred_lesion.nii.gz
scan_0349,probability_average,none,0.5,3,nan,0.1,0,1,1,0.0,0,nan,-1,nan,-1,nan,-1,-1,nan,-1,/data/data/DA25S005/miccai_tbi/MultiTalentV2_finetuning/checkpoints/validation2025_100/ensemble_2_models_e5ohnz5w_tta_ddp_kpcyjb66_tta_hybrid/predicted_lesions/thr0p5_mincc3/scan_0349_pred_lesion.nii.gz
scan_0349,probability_average,none,0.5,5,nan,0.1,0,1,1,0.0,0,nan,-1,nan,-1,nan,-1,-1,nan,-1,/data/data/DA25S005/miccai_tbi/MultiTalentV2_finetuning/checkpoints/validation2025_100/ensemble_2_models_e5ohnz5w_tta_ddp_kpcyjb66_tta_hybrid/predicted_lesions/thr0p5_mincc5/scan_0349_pred_lesion.nii.gz
scan_0349,probability_average,none,0.5,10,nan,0.1,0,1,1,0.0,0,nan,-1,nan,-1,nan,-1,-1,nan,-1,/data/data/DA25S005/miccai_tbi/MultiTalentV2_finetuning/checkpoints/validation2025_100/ensemble_2_models_e5ohnz5w_tta_ddp_kpcyjb66_tta_hybrid/predicted_lesions/thr0p5_mincc10/scan_0349_pred_lesion.nii.gz
scan_0349,probability_average,none,0.5,20,nan,0.1,0,1,1,0.0,0,nan,-1,nan,-1,nan,-1,-1,nan,-1,/data/data/DA25S005/miccai_tbi/MultiTalentV2_finetuning/checkpoints/validation2025_100/ensemble_2_models_e5ohnz5w_tta_ddp_kpcyjb66_tta_hybrid/predicted_lesions/thr0p5_mincc20/scan_0349_pred_lesion.nii.gz
scan_0349,probability_average,none,0.5,40,nan,0.1,0,1,1,0.0,0,nan,-1,nan,-1,nan,-1,-1,nan,-1,/data/data/DA25S005/miccai_tbi/MultiTalentV2_finetuning/checkpoints/validation2025_100/ensemble_2_models_e5ohnz5w_tta_ddp_kpcyjb66_tta_hybrid/predicted_lesions/thr0p5_mincc40/scan_0349_pred_lesion.nii.gz
scan_0352,probability_average,none,0.1,0,nan,0.1,0,1,1,0.0,0,nan,-1,nan,-1,nan,-1,-1,nan,-1,/data/data/DA25S005/miccai_tbi/MultiTalentV2_finetuning/checkpoints/validation2025_100/ensemble_2_models_e5ohnz5w_tta_ddp_kpcyjb66_tta_hybrid/predicted_lesions/thr0p1_mincc0/scan_0352_pred_lesion.nii.gz
scan_0352,probability_average,none,0.1,3,nan,0.1,0,1,1,0.0,0,nan,-1,nan,-1,nan,-1,-1,nan,-1,/data/data/DA25S005/miccai_tbi/MultiTalentV2_finetuning/checkpoints/validation2025_100/ensemble_2_models_e5ohnz5w_tta_ddp_kpcyjb66_tta_hybrid/predicted_lesions/thr0p1_mincc3/scan_0352_pred_lesion.nii.gz
scan_0352,probability_average,none,0.1,5,nan,0.1,0,1,1,0.0,0,nan,-1,nan,-1,nan,-1,-1,nan,-1,/data/data/DA25S005/miccai_tbi/MultiTalentV2_finetuning/checkpoints/validation2025_100/ensemble_2_models_e5ohnz5w_tta_ddp_kpcyjb66_tta_hybrid/predicted_lesions/thr0p1_mincc5/scan_0352_pred_lesion.nii.gz
scan_0352,probability_average,none,0.1,10,nan,0.1,0,1,1,0.0,0,nan,-1,nan,-1,nan,-1,-1,nan,-1,/data/data/DA25S005/miccai_tbi/MultiTalentV2_finetuning/checkpoints/validation2025_100/ensemble_2_models_e5ohnz5w_tta_ddp_kpcyjb66_tta_hybrid/predicted_lesions/thr0p1_mincc10/scan_0352_pred_lesion.nii.gz
scan_0352,probability_average,none,0.1,20,nan,0.1,0,1,1,0.0,0,nan,-1,nan,-1,nan,-1,-1,nan,-1,/data/data/DA25S005/miccai_tbi/MultiTalentV2_finetuning/checkpoints/validation2025_100/ensemble_2_models_e5ohnz5w_tta_ddp_kpcyjb66_tta_hybrid/predicted_lesions/thr0p1_mincc20/scan_0352_pred_lesion.nii.gz
scan_0352,probability_average,none,0.1,40,nan,0.1,0,1,1,0.0,0,nan,-1,nan,-1,nan,-1,-1,nan,-1,/data/data/DA25S005/miccai_tbi/MultiTalentV2_finetuning/checkpoints/validation2025_100/ensemble_2_models_e5ohnz5w_tta_ddp_kpcyjb66_tta_hybrid/predicted_lesions/thr0p1_mincc40/scan_0352_pred_lesion.nii.gz
scan_0352,probability_average,none,0.2,0,nan,0.1,0,1,1,0.0,0,nan,-1,nan,-1,nan,-1,-1,nan,-1,/data/data/DA25S005/miccai_tbi/MultiTalentV2_finetuning/checkpoints/validation2025_100/ensemble_2_models_e5ohnz5w_tta_ddp_kpcyjb66_tta_hybrid/predicted_lesions/thr0p2_mincc0/scan_0352_pred_lesion.nii.gz
scan_0352,probability_average,none,0.2,3,nan,0.1,0,1,1,0.0,0,nan,-1,nan,-1,nan,-1,-1,nan,-1,/data/data/DA25S005/miccai_tbi/MultiTalentV2_finetuning/checkpoints/validation2025_100/ensemble_2_models_e5ohnz5w_tta_ddp_kpcyjb66_tta_hybrid/predicted_lesions/thr0p2_mincc3/scan_0352_pred_lesion.nii.gz
scan_0352,probability_average,none,0.2,5,nan,0.1,0,1,1,0.0,0,nan,-1,nan,-1,nan,-1,-1,nan,-1,/data/data/DA25S005/miccai_tbi/MultiTalentV2_finetuning/checkpoints/validation2025_100/ensemble_2_models_e5ohnz5w_tta_ddp_kpcyjb66_tta_hybrid/predicted_lesions/thr0p2_mincc5/scan_0352_pred_lesion.nii.gz
scan_0352,probability_average,none,0.2,10,nan,0.1,0,1,1,0.0,0,nan,-1,nan,-1,nan,-1,-1,nan,-1,/data/data/DA25S005/miccai_tbi/MultiTalentV2_finetuning/checkpoints/validation2025_100/ensemble_2_models_e5ohnz5w_tta_ddp_kpcyjb66_tta_hybrid/predicted_lesions/thr0p2_mincc10/scan_0352_pred_lesion.nii.gz
scan_0352,probability_average,none,0.2,20,nan,0.1,0,1,1,0.0,0,nan,-1,nan,-1,nan,-1,-1,nan,-1,/data/data/DA25S005/miccai_tbi/MultiTalentV2_finetuning/checkpoints/validation2025_100/ensemble_2_models_e5ohnz5w_tta_ddp_kpcyjb66_tta_hybrid/predicted_lesions/thr0p2_mincc20/scan_0352_pred_lesion.nii.gz
scan_0352,probability_average,none,0.2,40,nan,0.1,0,1,1,0.0,0,nan,-1,nan,-1,nan,-1,-1,nan,-1,/data/data/DA25S005/miccai_tbi/MultiTalentV2_finetuning/checkpoints/validation2025_100/ensemble_2_models_e5ohnz5w_tta_ddp_kpcyjb66_tta_hybrid/predicted_lesions/thr0p2_mincc40/scan_0352_pred_lesion.nii.gz
scan_0352,probability_average,none,0.3,0,nan,0.1,0,1,1,0.0,0,nan,-1,nan,-1,nan,-1,-1,nan,-1,/data/data/DA25S005/miccai_tbi/MultiTalentV2_finetuning/checkpoints/validation2025_100/ensemble_2_models_e5ohnz5w_tta_ddp_kpcyjb66_tta_hybrid/predicted_lesions/thr0p3_mincc0/scan_0352_pred_lesion.nii.gz
scan_0352,probability_average,none,0.3,3,nan,0.1,0,1,1,0.0,0,nan,-1,nan,-1,nan,-1,-1,nan,-1,/data/data/DA25S005/miccai_tbi/MultiTalentV2_finetuning/checkpoints/validation2025_100/ensemble_2_models_e5ohnz5w_tta_ddp_kpcyjb66_tta_hybrid/predicted_lesions/thr0p3_mincc3/scan_0352_pred_lesion.nii.gz
scan_0352,probability_average,none,0.3,5,nan,0.1,0,1,1,0.0,0,nan,-1,nan,-1,nan,-1,-1,nan,-1,/data/data/DA25S005/miccai_tbi/MultiTalentV2_finetuning/checkpoints/validation2025_100/ensemble_2_models_e5ohnz5w_tta_ddp_kpcyjb66_tta_hybrid/predicted_lesions/thr0p3_mincc5/scan_0352_pred_lesion.nii.gz
scan_0352,probability_average,none,0.3,10,nan,0.1,0,1,1,0.0,0,nan,-1,nan,-1,nan,-1,-1,nan,-1,/data/data/DA25S005/miccai_tbi/MultiTalentV2_finetuning/checkpoints/validation2025_100/ensemble_2_models_e5ohnz5w_tta_ddp_kpcyjb66_tta_hybrid/predicted_lesions/thr0p3_mincc10/scan_0352_pred_lesion.nii.gz
scan_0352,probability_average,none,0.3,20,nan,0.1,0,1,1,0.0,0,nan,-1,nan,-1,nan,-1,-1,nan,-1,/data/data/DA25S005/miccai_tbi/MultiTalentV2_finetuning/checkpoints/validation2025_100/ensemble_2_models_e5ohnz5w_tta_ddp_kpcyjb66_tta_hybrid/predicted_lesions/thr0p3_mincc20/scan_0352_pred_lesion.nii.gz
scan_0352,probability_average,none,0.3,40,nan,0.1,0,1,1,0.0,0,nan,-1,nan,-1,nan,-1,-1,nan,-1,/data/data/DA25S005/miccai_tbi/MultiTalentV2_finetuning/checkpoints/validation2025_100/ensemble_2_models_e5ohnz5w_tta_ddp_kpcyjb66_tta_hybrid/predicted_lesions/thr0p3_mincc40/scan_0352_pred_lesion.nii.gz
scan_0352,probability_average,none,0.4,0,nan,0.1,0,1,1,0.0,0,nan,-1,nan,-1,nan,-1,-1,nan,-1,/data/data/DA25S005/miccai_tbi/MultiTalentV2_finetuning/checkpoints/validation2025_100/ensemble_2_models_e5ohnz5w_tta_ddp_kpcyjb66_tta_hybrid/predicted_lesions/thr0p4_mincc0/scan_0352_pred_lesion.nii.gz
scan_0352,probability_average,none,0.4,3,nan,0.1,0,1,1,0.0,0,nan,-1,nan,-1,nan,-1,-1,nan,-1,/data/data/DA25S005/miccai_tbi/MultiTalentV2_finetuning/checkpoints/validation2025_100/ensemble_2_models_e5ohnz5w_tta_ddp_kpcyjb66_tta_hybrid/predicted_lesions/thr0p4_mincc3/scan_0352_pred_lesion.nii.gz
scan_0352,probability_average,none,0.4,5,nan,0.1,0,1,1,0.0,0,nan,-1,nan,-1,nan,-1,-1,nan,-1,/data/data/DA25S005/miccai_tbi/MultiTalentV2_finetuning/checkpoints/validation2025_100/ensemble_2_models_e5ohnz5w_tta_ddp_kpcyjb66_tta_hybrid/predicted_lesions/thr0p4_mincc5/scan_0352_pred_lesion.nii.gz
scan_0352,probability_average,none,0.4,10,nan,0.1,0,1,1,0.0,0,nan,-1,nan,-1,nan,-1,-1,nan,-1,/data/data/DA25S005/miccai_tbi/MultiTalentV2_finetuning/checkpoints/validation2025_100/ensemble_2_models_e5ohnz5w_tta_ddp_kpcyjb66_tta_hybrid/predicted_lesions/thr0p4_mincc10/scan_0352_pred_lesion.nii.gz
scan_0352,probability_average,none,0.4,20,nan,0.1,0,1,1,0.0,0,nan,-1,nan,-1,nan,-1,-1,nan,-1,/data/data/DA25S005/miccai_tbi/MultiTalentV2_finetuning/checkpoints/validation2025_100/ensemble_2_models_e5ohnz5w_tta_ddp_kpcyjb66_tta_hybrid/predicted_lesions/thr0p4_mincc20/scan_0352_pred_lesion.nii.gz
scan_0352,probability_average,none,0.4,40,nan,0.1,0,1,1,0.0,0,nan,-1,nan,-1,nan,-1,-1,nan,-1,/data/data/DA25S005/miccai_tbi/MultiTalentV2_finetuning/checkpoints/validation2025_100/ensemble_2_models_e5ohnz5w_tta_ddp_kpcyjb66_tta_hybrid/predicted_lesions/thr0p4_mincc40/scan_0352_pred_lesion.nii.gz
scan_0352,probability_average,none,0.5,0,nan,0.1,0,1,1,0.0,0,nan,-1,nan,-1,nan,-1,-1,nan,-1,/data/data/DA25S005/miccai_tbi/MultiTalentV2_finetuning/checkpoints/validation2025_100/ensemble_2_models_e5ohnz5w_tta_ddp_kpcyjb66_tta_hybrid/predicted_lesions/thr0p5_mincc0/scan_0352_pred_lesion.nii.gz
scan_0352,probability_average,none,0.5,3,nan,0.1,0,1,1,0.0,0,nan,-1,nan,-1,nan,-1,-1,nan,-1,/data/data/DA25S005/miccai_tbi/MultiTalentV2_finetuning/checkpoints/validation2025_100/ensemble_2_models_e5ohnz5w_tta_ddp_kpcyjb66_tta_hybrid/predicted_lesions/thr0p5_mincc3/scan_0352_pred_lesion.nii.gz
scan_0352,probability_average,none,0.5,5,nan,0.1,0,1,1,0.0,0,nan,-1,nan,-1,nan,-1,-1,nan,-1,/data/data/DA25S005/miccai_tbi/MultiTalentV2_finetuning/checkpoints/validation2025_100/ensemble_2_models_e5ohnz5w_tta_ddp_kpcyjb66_tta_hybrid/predicted_lesions/thr0p5_mincc5/scan_0352_pred_lesion.nii.gz
scan_0352,probability_average,none,0.5,10,nan,0.1,0,1,1,0.0,0,nan,-1,nan,-1,nan,-1,-1,nan,-1,/data/data/DA25S005/miccai_tbi/MultiTalentV2_finetuning/checkpoints/validation2025_100/ensemble_2_models_e5ohnz5w_tta_ddp_kpcyjb66_tta_hybrid/predicted_lesions/thr0p5_mincc10/scan_0352_pred_lesion.nii.gz
scan_0352,probability_average,none,0.5,20,nan,0.1,0,1,1,0.0,0,nan,-1,nan,-1,nan,-1,-1,nan,-1,/data/data/DA25S005/miccai_tbi/MultiTalentV2_finetuning/checkpoints/validation2025_100/ensemble_2_models_e5ohnz5w_tta_ddp_kpcyjb66_tta_hybrid/predicted_lesions/thr0p5_mincc20/scan_0352_pred_lesion.nii.gz
scan_0352,probability_average,none,0.5,40,nan,0.1,0,1,1,0.0,0,nan,-1,nan,-1,nan,-1,-1,nan,-1,/data/data/DA25S005/miccai_tbi/MultiTalentV2_finetuning/checkpoints/validation2025_100/ensemble_2_models_e5ohnz5w_tta_ddp_kpcyjb66_tta_hybrid/predicted_lesions/thr0p5_mincc40/scan_0352_pred_lesion.nii.gz
scan_0355,probability_average,none,0.1,0,nan,0.1,0,1,1,0.0,0,nan,-1,nan,-1,nan,-1,-1,nan,-1,/data/data/DA25S005/miccai_tbi/MultiTalentV2_finetuning/checkpoints/validation2025_100/ensemble_2_models_e5ohnz5w_tta_ddp_kpcyjb66_tta_hybrid/predicted_lesions/thr0p1_mincc0/scan_0355_pred_lesion.nii.gz
scan_0355,probability_average,none,0.1,3,nan,0.1,0,1,1,0.0,0,nan,-1,nan,-1,nan,-1,-1,nan,-1,/data/data/DA25S005/miccai_tbi/MultiTalentV2_finetuning/checkpoints/validation2025_100/ensemble_2_models_e5ohnz5w_tta_ddp_kpcyjb66_tta_hybrid/predicted_lesions/thr0p1_mincc3/scan_0355_pred_lesion.nii.gz
scan_0355,probability_average,none,0.1,5,nan,0.1,0,1,1,0.0,0,nan,-1,nan,-1,nan,-1,-1,nan,-1,/data/data/DA25S005/miccai_tbi/MultiTalentV2_finetuning/checkpoints/validation2025_100/ensemble_2_models_e5ohnz5w_tta_ddp_kpcyjb66_tta_hybrid/predicted_lesions/thr0p1_mincc5/scan_0355_pred_lesion.nii.gz
scan_0355,probability_average,none,0.1,10,nan,0.1,0,1,1,0.0,0,nan,-1,nan,-1,nan,-1,-1,nan,-1,/data/data/DA25S005/miccai_tbi/MultiTalentV2_finetuning/checkpoints/validation2025_100/ensemble_2_models_e5ohnz5w_tta_ddp_kpcyjb66_tta_hybrid/predicted_lesions/thr0p1_mincc10/scan_0355_pred_lesion.nii.gz
scan_0355,probability_average,none,0.1,20,nan,0.1,0,1,1,0.0,0,nan,-1,nan,-1,nan,-1,-1,nan,-1,/data/data/DA25S005/miccai_tbi/MultiTalentV2_finetuning/checkpoints/validation2025_100/ensemble_2_models_e5ohnz5w_tta_ddp_kpcyjb66_tta_hybrid/predicted_lesions/thr0p1_mincc20/scan_0355_pred_lesion.nii.gz
scan_0355,probability_average,none,0.1,40,nan,0.1,0,1,1,0.0,0,nan,-1,nan,-1,nan,-1,-1,nan,-1,/data/data/DA25S005/miccai_tbi/MultiTalentV2_finetuning/checkpoints/validation2025_100/ensemble_2_models_e5ohnz5w_tta_ddp_kpcyjb66_tta_hybrid/predicted_lesions/thr0p1_mincc40/scan_0355_pred_lesion.nii.gz
scan_0355,probability_average,none,0.2,0,nan,0.1,0,1,1,0.0,0,nan,-1,nan,-1,nan,-1,-1,nan,-1,/data/data/DA25S005/miccai_tbi/MultiTalentV2_finetuning/checkpoints/validation2025_100/ensemble_2_models_e5ohnz5w_tta_ddp_kpcyjb66_tta_hybrid/predicted_lesions/thr0p2_mincc0/scan_0355_pred_lesion.nii.gz
scan_0355,probability_average,none,0.2,3,nan,0.1,0,1,1,0.0,0,nan,-1,nan,-1,nan,-1,-1,nan,-1,/data/data/DA25S005/miccai_tbi/MultiTalentV2_finetuning/checkpoints/validation2025_100/ensemble_2_models_e5ohnz5w_tta_ddp_kpcyjb66_tta_hybrid/predicted_lesions/thr0p2_mincc3/scan_0355_pred_lesion.nii.gz
scan_0355,probability_average,none,0.2,5,nan,0.1,0,1,1,0.0,0,nan,-1,nan,-1,nan,-1,-1,nan,-1,/data/data/DA25S005/miccai_tbi/MultiTalentV2_finetuning/checkpoints/validation2025_100/ensemble_2_models_e5ohnz5w_tta_ddp_kpcyjb66_tta_hybrid/predicted_lesions/thr0p2_mincc5/scan_0355_pred_lesion.nii.gz
scan_0355,probability_average,none,0.2,10,nan,0.1,0,1,1,0.0,0,nan,-1,nan,-1,nan,-1,-1,nan,-1,/data/data/DA25S005/miccai_tbi/MultiTalentV2_finetuning/checkpoints/validation2025_100/ensemble_2_models_e5ohnz5w_tta_ddp_kpcyjb66_tta_hybrid/predicted_lesions/thr0p2_mincc10/scan_0355_pred_lesion.nii.gz
scan_0355,probability_average,none,0.2,20,nan,0.1,0,1,1,0.0,0,nan,-1,nan,-1,nan,-1,-1,nan,-1,/data/data/DA25S005/miccai_tbi/MultiTalentV2_finetuning/checkpoints/validation2025_100/ensemble_2_models_e5ohnz5w_tta_ddp_kpcyjb66_tta_hybrid/predicted_lesions/thr0p2_mincc20/scan_0355_pred_lesion.nii.gz
scan_0355,probability_average,none,0.2,40,nan,0.1,0,1,1,0.0,0,nan,-1,nan,-1,nan,-1,-1,nan,-1,/data/data/DA25S005/miccai_tbi/MultiTalentV2_finetuning/checkpoints/validation2025_100/ensemble_2_models_e5ohnz5w_tta_ddp_kpcyjb66_tta_hybrid/predicted_lesions/thr0p2_mincc40/scan_0355_pred_lesion.nii.gz
scan_0355,probability_average,none,0.3,0,nan,0.1,0,1,1,0.0,0,nan,-1,nan,-1,nan,-1,-1,nan,-1,/data/data/DA25S005/miccai_tbi/MultiTalentV2_finetuning/checkpoints/validation2025_100/ensemble_2_models_e5ohnz5w_tta_ddp_kpcyjb66_tta_hybrid/predicted_lesions/thr0p3_mincc0/scan_0355_pred_lesion.nii.gz
scan_0355,probability_average,none,0.3,3,nan,0.1,0,1,1,0.0,0,nan,-1,nan,-1,nan,-1,-1,nan,-1,/data/data/DA25S005/miccai_tbi/MultiTalentV2_finetuning/checkpoints/validation2025_100/ensemble_2_models_e5ohnz5w_tta_ddp_kpcyjb66_tta_hybrid/predicted_lesions/thr0p3_mincc3/scan_0355_pred_lesion.nii.gz
scan_0355,probability_average,none,0.3,5,nan,0.1,0,1,1,0.0,0,nan,-1,nan,-1,nan,-1,-1,nan,-1,/data/data/DA25S005/miccai_tbi/MultiTalentV2_finetuning/checkpoints/validation2025_100/ensemble_2_models_e5ohnz5w_tta_ddp_kpcyjb66_tta_hybrid/predicted_lesions/thr0p3_mincc5/scan_0355_pred_lesion.nii.gz
scan_0355,probability_average,none,0.3,10,nan,0.1,0,1,1,0.0,0,nan,-1,nan,-1,nan,-1,-1,nan,-1,/data/data/DA25S005/miccai_tbi/MultiTalentV2_finetuning/checkpoints/validation2025_100/ensemble_2_models_e5ohnz5w_tta_ddp_kpcyjb66_tta_hybrid/predicted_lesions/thr0p3_mincc10/scan_0355_pred_lesion.nii.gz
scan_0355,probability_average,none,0.3,20,nan,0.1,0,1,1,0.0,0,nan,-1,nan,-1,nan,-1,-1,nan,-1,/data/data/DA25S005/miccai_tbi/MultiTalentV2_finetuning/checkpoints/validation2025_100/ensemble_2_models_e5ohnz5w_tta_ddp_kpcyjb66_tta_hybrid/predicted_lesions/thr0p3_mincc20/scan_0355_pred_lesion.nii.gz
scan_0355,probability_average,none,0.3,40,nan,0.1,0,1,1,0.0,0,nan,-1,nan,-1,nan,-1,-1,nan,-1,/data/data/DA25S005/miccai_tbi/MultiTalentV2_finetuning/checkpoints/validation2025_100/ensemble_2_models_e5ohnz5w_tta_ddp_kpcyjb66_tta_hybrid/predicted_lesions/thr0p3_mincc40/scan_0355_pred_lesion.nii.gz
scan_0355,probability_average,none,0.4,0,nan,0.1,0,1,1,0.0,0,nan,-1,nan,-1,nan,-1,-1,nan,-1,/data/data/DA25S005/miccai_tbi/MultiTalentV2_finetuning/checkpoints/validation2025_100/ensemble_2_models_e5ohnz5w_tta_ddp_kpcyjb66_tta_hybrid/predicted_lesions/thr0p4_mincc0/scan_0355_pred_lesion.nii.gz
scan_0355,probability_average,none,0.4,3,nan,0.1,0,1,1,0.0,0,nan,-1,nan,-1,nan,-1,-1,nan,-1,/data/data/DA25S005/miccai_tbi/MultiTalentV2_finetuning/checkpoints/validation2025_100/ensemble_2_models_e5ohnz5w_tta_ddp_kpcyjb66_tta_hybrid/predicted_lesions/thr0p4_mincc3/scan_0355_pred_lesion.nii.gz
scan_0355,probability_average,none,0.4,5,nan,0.1,0,1,1,0.0,0,nan,-1,nan,-1,nan,-1,-1,nan,-1,/data/data/DA25S005/miccai_tbi/MultiTalentV2_finetuning/checkpoints/validation2025_100/ensemble_2_models_e5ohnz5w_tta_ddp_kpcyjb66_tta_hybrid/predicted_lesions/thr0p4_mincc5/scan_0355_pred_lesion.nii.gz
scan_0355,probability_average,none,0.4,10,nan,0.1,0,1,1,0.0,0,nan,-1,nan,-1,nan,-1,-1,nan,-1,/data/data/DA25S005/miccai_tbi/MultiTalentV2_finetuning/checkpoints/validation2025_100/ensemble_2_models_e5ohnz5w_tta_ddp_kpcyjb66_tta_hybrid/predicted_lesions/thr0p4_mincc10/scan_0355_pred_lesion.nii.gz
scan_0355,probability_average,none,0.4,20,nan,0.1,0,1,1,0.0,0,nan,-1,nan,-1,nan,-1,-1,nan,-1,/data/data/DA25S005/miccai_tbi/MultiTalentV2_finetuning/checkpoints/validation2025_100/ensemble_2_models_e5ohnz5w_tta_ddp_kpcyjb66_tta_hybrid/predicted_lesions/thr0p4_mincc20/scan_0355_pred_lesion.nii.gz
scan_0355,probability_average,none,0.4,40,nan,0.1,0,1,1,0.0,0,nan,-1,nan,-1,nan,-1,-1,nan,-1,/data/data/DA25S005/miccai_tbi/MultiTalentV2_finetuning/checkpoints/validation2025_100/ensemble_2_models_e5ohnz5w_tta_ddp_kpcyjb66_tta_hybrid/predicted_lesions/thr0p4_mincc40/scan_0355_pred_lesion.nii.gz
scan_0355,probability_average,none,0.5,0,nan,0.1,0,1,1,0.0,0,nan,-1,nan,-1,nan,-1,-1,nan,-1,/data/data/DA25S005/miccai_tbi/MultiTalentV2_finetuning/checkpoints/validation2025_100/ensemble_2_models_e5ohnz5w_tta_ddp_kpcyjb66_tta_hybrid/predicted_lesions/thr0p5_mincc0/scan_0355_pred_lesion.nii.gz
scan_0355,probability_average,none,0.5,3,nan,0.1,0,1,1,0.0,0,nan,-1,nan,-1,nan,-1,-1,nan,-1,/data/data/DA25S005/miccai_tbi/MultiTalentV2_finetuning/checkpoints/validation2025_100/ensemble_2_models_e5ohnz5w_tta_ddp_kpcyjb66_tta_hybrid/predicted_lesions/thr0p5_mincc3/scan_0355_pred_lesion.nii.gz
scan_0355,probability_average,none,0.5,5,nan,0.1,0,1,1,0.0,0,nan,-1,nan,-1,nan,-1,-1,nan,-1,/data/data/DA25S005/miccai_tbi/MultiTalentV2_finetuning/checkpoints/validation2025_100/ensemble_2_models_e5ohnz5w_tta_ddp_kpcyjb66_tta_hybrid/predicted_lesions/thr0p5_mincc5/scan_0355_pred_lesion.nii.gz
scan_0355,probability_average,none,0.5,10,nan,0.1,0,1,1,0.0,0,nan,-1,nan,-1,nan,-1,-1,nan,-1,/data/data/DA25S005/miccai_tbi/MultiTalentV2_finetuning/checkpoints/validation2025_100/ensemble_2_models_e5ohnz5w_tta_ddp_kpcyjb66_tta_hybrid/predicted_lesions/thr0p5_mincc10/scan_0355_pred_lesion.nii.gz
scan_0355,probability_average,none,0.5,20,nan,0.1,0,1,1,0.0,0,nan,-1,nan,-1,nan,-1,-1,nan,-1,/data/data/DA25S005/miccai_tbi/MultiTalentV2_finetuning/checkpoints/validation2025_100/ensemble_2_models_e5ohnz5w_tta_ddp_kpcyjb66_tta_hybrid/predicted_lesions/thr0p5_mincc20/scan_0355_pred_lesion.nii.gz
scan_0355,probability_average,none,0.5,40,nan,0.1,0,1,1,0.0,0,nan,-1,nan,-1,nan,-1,-1,nan,-1,/data/data/DA25S005/miccai_tbi/MultiTalentV2_finetuning/checkpoints/validation2025_100/ensemble_2_models_e5ohnz5w_tta_ddp_kpcyjb66_tta_hybrid/predicted_lesions/thr0p5_mincc40/scan_0355_pred_lesion.nii.gz
scan_0356,probability_average,none,0.1,0,nan,0.1,0,1,1,0.0,0,nan,-1,nan,-1,nan,-1,-1,nan,-1,/data/data/DA25S005/miccai_tbi/MultiTalentV2_finetuning/checkpoints/validation2025_100/ensemble_2_models_e5ohnz5w_tta_ddp_kpcyjb66_tta_hybrid/predicted_lesions/thr0p1_mincc0/scan_0356_pred_lesion.nii.gz
scan_0356,probability_average,none,0.1,3,nan,0.1,0,1,1,0.0,0,nan,-1,nan,-1,nan,-1,-1,nan,-1,/data/data/DA25S005/miccai_tbi/MultiTalentV2_finetuning/checkpoints/validation2025_100/ensemble_2_models_e5ohnz5w_tta_ddp_kpcyjb66_tta_hybrid/predicted_lesions/thr0p1_mincc3/scan_0356_pred_lesion.nii.gz
scan_0356,probability_average,none,0.1,5,nan,0.1,0,1,1,0.0,0,nan,-1,nan,-1,nan,-1,-1,nan,-1,/data/data/DA25S005/miccai_tbi/MultiTalentV2_finetuning/checkpoints/validation2025_100/ensemble_2_models_e5ohnz5w_tta_ddp_kpcyjb66_tta_hybrid/predicted_lesions/thr0p1_mincc5/scan_0356_pred_lesion.nii.gz
scan_0356,probability_average,none,0.1,10,nan,0.1,0,1,1,0.0,0,nan,-1,nan,-1,nan,-1,-1,nan,-1,/data/data/DA25S005/miccai_tbi/MultiTalentV2_finetuning/checkpoints/validation2025_100/ensemble_2_models_e5ohnz5w_tta_ddp_kpcyjb66_tta_hybrid/predicted_lesions/thr0p1_mincc10/scan_0356_pred_lesion.nii.gz
scan_0356,probability_average,none,0.1,20,nan,0.1,0,1,1,0.0,0,nan,-1,nan,-1,nan,-1,-1,nan,-1,/data/data/DA25S005/miccai_tbi/MultiTalentV2_finetuning/checkpoints/validation2025_100/ensemble_2_models_e5ohnz5w_tta_ddp_kpcyjb66_tta_hybrid/predicted_lesions/thr0p1_mincc20/scan_0356_pred_lesion.nii.gz
scan_0356,probability_average,none,0.1,40,nan,0.1,0,1,1,0.0,0,nan,-1,nan,-1,nan,-1,-1,nan,-1,/data/data/DA25S005/miccai_tbi/MultiTalentV2_finetuning/checkpoints/validation2025_100/ensemble_2_models_e5ohnz5w_tta_ddp_kpcyjb66_tta_hybrid/predicted_lesions/thr0p1_mincc40/scan_0356_pred_lesion.nii.gz
scan_0356,probability_average,none,0.2,0,nan,0.1,0,1,1,0.0,0,nan,-1,nan,-1,nan,-1,-1,nan,-1,/data/data/DA25S005/miccai_tbi/MultiTalentV2_finetuning/checkpoints/validation2025_100/ensemble_2_models_e5ohnz5w_tta_ddp_kpcyjb66_tta_hybrid/predicted_lesions/thr0p2_mincc0/scan_0356_pred_lesion.nii.gz
scan_0356,probability_average,none,0.2,3,nan,0.1,0,1,1,0.0,0,nan,-1,nan,-1,nan,-1,-1,nan,-1,/data/data/DA25S005/miccai_tbi/MultiTalentV2_finetuning/checkpoints/validation2025_100/ensemble_2_models_e5ohnz5w_tta_ddp_kpcyjb66_tta_hybrid/predicted_lesions/thr0p2_mincc3/scan_0356_pred_lesion.nii.gz
scan_0356,probability_average,none,0.2,5,nan,0.1,0,1,1,0.0,0,nan,-1,nan,-1,nan,-1,-1,nan,-1,/data/data/DA25S005/miccai_tbi/MultiTalentV2_finetuning/checkpoints/validation2025_100/ensemble_2_models_e5ohnz5w_tta_ddp_kpcyjb66_tta_hybrid/predicted_lesions/thr0p2_mincc5/scan_0356_pred_lesion.nii.gz
scan_0356,probability_average,none,0.2,10,nan,0.1,0,1,1,0.0,0,nan,-1,nan,-1,nan,-1,-1,nan,-1,/data/data/DA25S005/miccai_tbi/MultiTalentV2_finetuning/checkpoints/validation2025_100/ensemble_2_models_e5ohnz5w_tta_ddp_kpcyjb66_tta_hybrid/predicted_lesions/thr0p2_mincc10/scan_0356_pred_lesion.nii.gz
scan_0356,probability_average,none,0.2,20,nan,0.1,0,1,1,0.0,0,nan,-1,nan,-1,nan,-1,-1,nan,-1,/data/data/DA25S005/miccai_tbi/MultiTalentV2_finetuning/checkpoints/validation2025_100/ensemble_2_models_e5ohnz5w_tta_ddp_kpcyjb66_tta_hybrid/predicted_lesions/thr0p2_mincc20/scan_0356_pred_lesion.nii.gz
scan_0356,probability_average,none,0.2,40,nan,0.1,0,1,1,0.0,0,nan,-1,nan,-1,nan,-1,-1,nan,-1,/data/data/DA25S005/miccai_tbi/MultiTalentV2_finetuning/checkpoints/validation2025_100/ensemble_2_models_e5ohnz5w_tta_ddp_kpcyjb66_tta_hybrid/predicted_lesions/thr0p2_mincc40/scan_0356_pred_lesion.nii.gz
scan_0356,probability_average,none,0.3,0,nan,0.1,0,1,1,0.0,0,nan,-1,nan,-1,nan,-1,-1,nan,-1,/data/data/DA25S005/miccai_tbi/MultiTalentV2_finetuning/checkpoints/validation2025_100/ensemble_2_models_e5ohnz5w_tta_ddp_kpcyjb66_tta_hybrid/predicted_lesions/thr0p3_mincc0/scan_0356_pred_lesion.nii.gz
scan_0356,probability_average,none,0.3,3,nan,0.1,0,1,1,0.0,0,nan,-1,nan,-1,nan,-1,-1,nan,-1,/data/data/DA25S005/miccai_tbi/MultiTalentV2_finetuning/checkpoints/validation2025_100/ensemble_2_models_e5ohnz5w_tta_ddp_kpcyjb66_tta_hybrid/predicted_lesions/thr0p3_mincc3/scan_0356_pred_lesion.nii.gz
scan_0356,probability_average,none,0.3,5,nan,0.1,0,1,1,0.0,0,nan,-1,nan,-1,nan,-1,-1,nan,-1,/data/data/DA25S005/miccai_tbi/MultiTalentV2_finetuning/checkpoints/validation2025_100/ensemble_2_models_e5ohnz5w_tta_ddp_kpcyjb66_tta_hybrid/predicted_lesions/thr0p3_mincc5/scan_0356_pred_lesion.nii.gz
scan_0356,probability_average,none,0.3,10,nan,0.1,0,1,1,0.0,0,nan,-1,nan,-1,nan,-1,-1,nan,-1,/data/data/DA25S005/miccai_tbi/MultiTalentV2_finetuning/checkpoints/validation2025_100/ensemble_2_models_e5ohnz5w_tta_ddp_kpcyjb66_tta_hybrid/predicted_lesions/thr0p3_mincc10/scan_0356_pred_lesion.nii.gz
scan_0356,probability_average,none,0.3,20,nan,0.1,0,1,1,0.0,0,nan,-1,nan,-1,nan,-1,-1,nan,-1,/data/data/DA25S005/miccai_tbi/MultiTalentV2_finetuning/checkpoints/validation2025_100/ensemble_2_models_e5ohnz5w_tta_ddp_kpcyjb66_tta_hybrid/predicted_lesions/thr0p3_mincc20/scan_0356_pred_lesion.nii.gz
scan_0356,probability_average,none,0.3,40,nan,0.1,0,1,1,0.0,0,nan,-1,nan,-1,nan,-1,-1,nan,-1,/data/data/DA25S005/miccai_tbi/MultiTalentV2_finetuning/checkpoints/validation2025_100/ensemble_2_models_e5ohnz5w_tta_ddp_kpcyjb66_tta_hybrid/predicted_lesions/thr0p3_mincc40/scan_0356_pred_lesion.nii.gz
scan_0356,probability_average,none,0.4,0,nan,0.1,0,1,1,0.0,0,nan,-1,nan,-1,nan,-1,-1,nan,-1,/data/data/DA25S005/miccai_tbi/MultiTalentV2_finetuning/checkpoints/validation2025_100/ensemble_2_models_e5ohnz5w_tta_ddp_kpcyjb66_tta_hybrid/predicted_lesions/thr0p4_mincc0/scan_0356_pred_lesion.nii.gz
scan_0356,probability_average,none,0.4,3,nan,0.1,0,1,1,0.0,0,nan,-1,nan,-1,nan,-1,-1,nan,-1,/data/data/DA25S005/miccai_tbi/MultiTalentV2_finetuning/checkpoints/validation2025_100/ensemble_2_models_e5ohnz5w_tta_ddp_kpcyjb66_tta_hybrid/predicted_lesions/thr0p4_mincc3/scan_0356_pred_lesion.nii.gz
scan_0356,probability_average,none,0.4,5,nan,0.1,0,1,1,0.0,0,nan,-1,nan,-1,nan,-1,-1,nan,-1,/data/data/DA25S005/miccai_tbi/MultiTalentV2_finetuning/checkpoints/validation2025_100/ensemble_2_models_e5ohnz5w_tta_ddp_kpcyjb66_tta_hybrid/predicted_lesions/thr0p4_mincc5/scan_0356_pred_lesion.nii.gz
scan_0356,probability_average,none,0.4,10,nan,0.1,0,1,1,0.0,0,nan,-1,nan,-1,nan,-1,-1,nan,-1,/data/data/DA25S005/miccai_tbi/MultiTalentV2_finetuning/checkpoints/validation2025_100/ensemble_2_models_e5ohnz5w_tta_ddp_kpcyjb66_tta_hybrid/predicted_lesions/thr0p4_mincc10/scan_0356_pred_lesion.nii.gz
scan_0356,probability_average,none,0.4,20,nan,0.1,0,1,1,0.0,0,nan,-1,nan,-1,nan,-1,-1,nan,-1,/data/data/DA25S005/miccai_tbi/MultiTalentV2_finetuning/checkpoints/validation2025_100/ensemble_2_models_e5ohnz5w_tta_ddp_kpcyjb66_tta_hybrid/predicted_lesions/thr0p4_mincc20/scan_0356_pred_lesion.nii.gz
scan_0356,probability_average,none,0.4,40,nan,0.1,0,1,1,0.0,0,nan,-1,nan,-1,nan,-1,-1,nan,-1,/data/data/DA25S005/miccai_tbi/MultiTalentV2_finetuning/checkpoints/validation2025_100/ensemble_2_models_e5ohnz5w_tta_ddp_kpcyjb66_tta_hybrid/predicted_lesions/thr0p4_mincc40/scan_0356_pred_lesion.nii.gz
scan_0356,probability_average,none,0.5,0,nan,0.1,0,1,1,0.0,0,nan,-1,nan,-1,nan,-1,-1,nan,-1,/data/data/DA25S005/miccai_tbi/MultiTalentV2_finetuning/checkpoints/validation2025_100/ensemble_2_models_e5ohnz5w_tta_ddp_kpcyjb66_tta_hybrid/predicted_lesions/thr0p5_mincc0/scan_0356_pred_lesion.nii.gz
scan_0356,probability_average,none,0.5,3,nan,0.1,0,1,1,0.0,0,nan,-1,nan,-1,nan,-1,-1,nan,-1,/data/data/DA25S005/miccai_tbi/MultiTalentV2_finetuning/checkpoints/validation2025_100/ensemble_2_models_e5ohnz5w_tta_ddp_kpcyjb66_tta_hybrid/predicted_lesions/thr0p5_mincc3/scan_0356_pred_lesion.nii.gz
scan_0356,probability_average,none,0.5,5,nan,0.1,0,1,1,0.0,0,nan,-1,nan,-1,nan,-1,-1,nan,-1,/data/data/DA25S005/miccai_tbi/MultiTalentV2_finetuning/checkpoints/validation2025_100/ensemble_2_models_e5ohnz5w_tta_ddp_kpcyjb66_tta_hybrid/predicted_lesions/thr0p5_mincc5/scan_0356_pred_lesion.nii.gz
scan_0356,probability_average,none,0.5,10,nan,0.1,0,1,1,0.0,0,nan,-1,nan,-1,nan,-1,-1,nan,-1,/data/data/DA25S005/miccai_tbi/MultiTalentV2_finetuning/checkpoints/validation2025_100/ensemble_2_models_e5ohnz5w_tta_ddp_kpcyjb66_tta_hybrid/predicted_lesions/thr0p5_mincc10/scan_0356_pred_lesion.nii.gz
scan_0356,probability_average,none,0.5,20,nan,0.1,0,1,1,0.0,0,nan,-1,nan,-1,nan,-1,-1,nan,-1,/data/data/DA25S005/miccai_tbi/MultiTalentV2_finetuning/checkpoints/validation2025_100/ensemble_2_models_e5ohnz5w_tta_ddp_kpcyjb66_tta_hybrid/predicted_lesions/thr0p5_mincc20/scan_0356_pred_lesion.nii.gz
scan_0356,probability_average,none,0.5,40,nan,0.1,0,1,1,0.0,0,nan,-1,nan,-1,nan,-1,-1,nan,-1,/data/data/DA25S005/miccai_tbi/MultiTalentV2_finetuning/checkpoints/validation2025_100/ensemble_2_models_e5ohnz5w_tta_ddp_kpcyjb66_tta_hybrid/predicted_lesions/thr0p5_mincc40/scan_0356_pred_lesion.nii.gz
scan_0357,probability_average,none,0.1,0,nan,0.1,0,1,1,0.0,0,nan,-1,nan,-1,nan,-1,-1,nan,-1,/data/data/DA25S005/miccai_tbi/MultiTalentV2_finetuning/checkpoints/validation2025_100/ensemble_2_models_e5ohnz5w_tta_ddp_kpcyjb66_tta_hybrid/predicted_lesions/thr0p1_mincc0/scan_0357_pred_lesion.nii.gz
scan_0357,probability_average,none,0.1,3,nan,0.1,0,1,1,0.0,0,nan,-1,nan,-1,nan,-1,-1,nan,-1,/data/data/DA25S005/miccai_tbi/MultiTalentV2_finetuning/checkpoints/validation2025_100/ensemble_2_models_e5ohnz5w_tta_ddp_kpcyjb66_tta_hybrid/predicted_lesions/thr0p1_mincc3/scan_0357_pred_lesion.nii.gz
scan_0357,probability_average,none,0.1,5,nan,0.1,0,1,1,0.0,0,nan,-1,nan,-1,nan,-1,-1,nan,-1,/data/data/DA25S005/miccai_tbi/MultiTalentV2_finetuning/checkpoints/validation2025_100/ensemble_2_models_e5ohnz5w_tta_ddp_kpcyjb66_tta_hybrid/predicted_lesions/thr0p1_mincc5/scan_0357_pred_lesion.nii.gz
scan_0357,probability_average,none,0.1,10,nan,0.1,0,1,1,0.0,0,nan,-1,nan,-1,nan,-1,-1,nan,-1,/data/data/DA25S005/miccai_tbi/MultiTalentV2_finetuning/checkpoints/validation2025_100/ensemble_2_models_e5ohnz5w_tta_ddp_kpcyjb66_tta_hybrid/predicted_lesions/thr0p1_mincc10/scan_0357_pred_lesion.nii.gz
scan_0357,probability_average,none,0.1,20,nan,0.1,0,1,1,0.0,0,nan,-1,nan,-1,nan,-1,-1,nan,-1,/data/data/DA25S005/miccai_tbi/MultiTalentV2_finetuning/checkpoints/validation2025_100/ensemble_2_models_e5ohnz5w_tta_ddp_kpcyjb66_tta_hybrid/predicted_lesions/thr0p1_mincc20/scan_0357_pred_lesion.nii.gz
scan_0357,probability_average,none,0.1,40,nan,0.1,0,1,1,0.0,0,nan,-1,nan,-1,nan,-1,-1,nan,-1,/data/data/DA25S005/miccai_tbi/MultiTalentV2_finetuning/checkpoints/validation2025_100/ensemble_2_models_e5ohnz5w_tta_ddp_kpcyjb66_tta_hybrid/predicted_lesions/thr0p1_mincc40/scan_0357_pred_lesion.nii.gz
scan_0357,probability_average,none,0.2,0,nan,0.1,0,1,1,0.0,0,nan,-1,nan,-1,nan,-1,-1,nan,-1,/data/data/DA25S005/miccai_tbi/MultiTalentV2_finetuning/checkpoints/validation2025_100/ensemble_2_models_e5ohnz5w_tta_ddp_kpcyjb66_tta_hybrid/predicted_lesions/thr0p2_mincc0/scan_0357_pred_lesion.nii.gz
scan_0357,probability_average,none,0.2,3,nan,0.1,0,1,1,0.0,0,nan,-1,nan,-1,nan,-1,-1,nan,-1,/data/data/DA25S005/miccai_tbi/MultiTalentV2_finetuning/checkpoints/validation2025_100/ensemble_2_models_e5ohnz5w_tta_ddp_kpcyjb66_tta_hybrid/predicted_lesions/thr0p2_mincc3/scan_0357_pred_lesion.nii.gz
scan_0357,probability_average,none,0.2,5,nan,0.1,0,1,1,0.0,0,nan,-1,nan,-1,nan,-1,-1,nan,-1,/data/data/DA25S005/miccai_tbi/MultiTalentV2_finetuning/checkpoints/validation2025_100/ensemble_2_models_e5ohnz5w_tta_ddp_kpcyjb66_tta_hybrid/predicted_lesions/thr0p2_mincc5/scan_0357_pred_lesion.nii.gz
scan_0357,probability_average,none,0.2,10,nan,0.1,0,1,1,0.0,0,nan,-1,nan,-1,nan,-1,-1,nan,-1,/data/data/DA25S005/miccai_tbi/MultiTalentV2_finetuning/checkpoints/validation2025_100/ensemble_2_models_e5ohnz5w_tta_ddp_kpcyjb66_tta_hybrid/predicted_lesions/thr0p2_mincc10/scan_0357_pred_lesion.nii.gz
scan_0357,probability_average,none,0.2,20,nan,0.1,0,1,1,0.0,0,nan,-1,nan,-1,nan,-1,-1,nan,-1,/data/data/DA25S005/miccai_tbi/MultiTalentV2_finetuning/checkpoints/validation2025_100/ensemble_2_models_e5ohnz5w_tta_ddp_kpcyjb66_tta_hybrid/predicted_lesions/thr0p2_mincc20/scan_0357_pred_lesion.nii.gz
scan_0357,probability_average,none,0.2,40,nan,0.1,0,1,1,0.0,0,nan,-1,nan,-1,nan,-1,-1,nan,-1,/data/data/DA25S005/miccai_tbi/MultiTalentV2_finetuning/checkpoints/validation2025_100/ensemble_2_models_e5ohnz5w_tta_ddp_kpcyjb66_tta_hybrid/predicted_lesions/thr0p2_mincc40/scan_0357_pred_lesion.nii.gz
scan_0357,probability_average,none,0.3,0,nan,0.1,0,1,1,0.0,0,nan,-1,nan,-1,nan,-1,-1,nan,-1,/data/data/DA25S005/miccai_tbi/MultiTalentV2_finetuning/checkpoints/validation2025_100/ensemble_2_models_e5ohnz5w_tta_ddp_kpcyjb66_tta_hybrid/predicted_lesions/thr0p3_mincc0/scan_0357_pred_lesion.nii.gz
scan_0357,probability_average,none,0.3,3,nan,0.1,0,1,1,0.0,0,nan,-1,nan,-1,nan,-1,-1,nan,-1,/data/data/DA25S005/miccai_tbi/MultiTalentV2_finetuning/checkpoints/validation2025_100/ensemble_2_models_e5ohnz5w_tta_ddp_kpcyjb66_tta_hybrid/predicted_lesions/thr0p3_mincc3/scan_0357_pred_lesion.nii.gz
scan_0357,probability_average,none,0.3,5,nan,0.1,0,1,1,0.0,0,nan,-1,nan,-1,nan,-1,-1,nan,-1,/data/data/DA25S005/miccai_tbi/MultiTalentV2_finetuning/checkpoints/validation2025_100/ensemble_2_models_e5ohnz5w_tta_ddp_kpcyjb66_tta_hybrid/predicted_lesions/thr0p3_mincc5/scan_0357_pred_lesion.nii.gz
scan_0357,probability_average,none,0.3,10,nan,0.1,0,1,1,0.0,0,nan,-1,nan,-1,nan,-1,-1,nan,-1,/data/data/DA25S005/miccai_tbi/MultiTalentV2_finetuning/checkpoints/validation2025_100/ensemble_2_models_e5ohnz5w_tta_ddp_kpcyjb66_tta_hybrid/predicted_lesions/thr0p3_mincc10/scan_0357_pred_lesion.nii.gz
scan_0357,probability_average,none,0.3,20,nan,0.1,0,1,1,0.0,0,nan,-1,nan,-1,nan,-1,-1,nan,-1,/data/data/DA25S005/miccai_tbi/MultiTalentV2_finetuning/checkpoints/validation2025_100/ensemble_2_models_e5ohnz5w_tta_ddp_kpcyjb66_tta_hybrid/predicted_lesions/thr0p3_mincc20/scan_0357_pred_lesion.nii.gz
scan_0357,probability_average,none,0.3,40,nan,0.1,0,1,1,0.0,0,nan,-1,nan,-1,nan,-1,-1,nan,-1,/data/data/DA25S005/miccai_tbi/MultiTalentV2_finetuning/checkpoints/validation2025_100/ensemble_2_models_e5ohnz5w_tta_ddp_kpcyjb66_tta_hybrid/predicted_lesions/thr0p3_mincc40/scan_0357_pred_lesion.nii.gz
scan_0357,probability_average,none,0.4,0,nan,0.1,0,1,1,0.0,0,nan,-1,nan,-1,nan,-1,-1,nan,-1,/data/data/DA25S005/miccai_tbi/MultiTalentV2_finetuning/checkpoints/validation2025_100/ensemble_2_models_e5ohnz5w_tta_ddp_kpcyjb66_tta_hybrid/predicted_lesions/thr0p4_mincc0/scan_0357_pred_lesion.nii.gz
scan_0357,probability_average,none,0.4,3,nan,0.1,0,1,1,0.0,0,nan,-1,nan,-1,nan,-1,-1,nan,-1,/data/data/DA25S005/miccai_tbi/MultiTalentV2_finetuning/checkpoints/validation2025_100/ensemble_2_models_e5ohnz5w_tta_ddp_kpcyjb66_tta_hybrid/predicted_lesions/thr0p4_mincc3/scan_0357_pred_lesion.nii.gz
scan_0357,probability_average,none,0.4,5,nan,0.1,0,1,1,0.0,0,nan,-1,nan,-1,nan,-1,-1,nan,-1,/data/data/DA25S005/miccai_tbi/MultiTalentV2_finetuning/checkpoints/validation2025_100/ensemble_2_models_e5ohnz5w_tta_ddp_kpcyjb66_tta_hybrid/predicted_lesions/thr0p4_mincc5/scan_0357_pred_lesion.nii.gz
scan_0357,probability_average,none,0.4,10,nan,0.1,0,1,1,0.0,0,nan,-1,nan,-1,nan,-1,-1,nan,-1,/data/data/DA25S005/miccai_tbi/MultiTalentV2_finetuning/checkpoints/validation2025_100/ensemble_2_models_e5ohnz5w_tta_ddp_kpcyjb66_tta_hybrid/predicted_lesions/thr0p4_mincc10/scan_0357_pred_lesion.nii.gz
scan_0357,probability_average,none,0.4,20,nan,0.1,0,1,1,0.0,0,nan,-1,nan,-1,nan,-1,-1,nan,-1,/data/data/DA25S005/miccai_tbi/MultiTalentV2_finetuning/checkpoints/validation2025_100/ensemble_2_models_e5ohnz5w_tta_ddp_kpcyjb66_tta_hybrid/predicted_lesions/thr0p4_mincc20/scan_0357_pred_lesion.nii.gz
scan_0357,probability_average,none,0.4,40,nan,0.1,0,1,1,0.0,0,nan,-1,nan,-1,nan,-1,-1,nan,-1,/data/data/DA25S005/miccai_tbi/MultiTalentV2_finetuning/checkpoints/validation2025_100/ensemble_2_models_e5ohnz5w_tta_ddp_kpcyjb66_tta_hybrid/predicted_lesions/thr0p4_mincc40/scan_0357_pred_lesion.nii.gz
scan_0357,probability_average,none,0.5,0,nan,0.1,0,1,1,0.0,0,nan,-1,nan,-1,nan,-1,-1,nan,-1,/data/data/DA25S005/miccai_tbi/MultiTalentV2_finetuning/checkpoints/validation2025_100/ensemble_2_models_e5ohnz5w_tta_ddp_kpcyjb66_tta_hybrid/predicted_lesions/thr0p5_mincc0/scan_0357_pred_lesion.nii.gz
scan_0357,probability_average,none,0.5,3,nan,0.1,0,1,1,0.0,0,nan,-1,nan,-1,nan,-1,-1,nan,-1,/data/data/DA25S005/miccai_tbi/MultiTalentV2_finetuning/checkpoints/validation2025_100/ensemble_2_models_e5ohnz5w_tta_ddp_kpcyjb66_tta_hybrid/predicted_lesions/thr0p5_mincc3/scan_0357_pred_lesion.nii.gz
scan_0357,probability_average,none,0.5,5,nan,0.1,0,1,1,0.0,0,nan,-1,nan,-1,nan,-1,-1,nan,-1,/data/data/DA25S005/miccai_tbi/MultiTalentV2_finetuning/checkpoints/validation2025_100/ensemble_2_models_e5ohnz5w_tta_ddp_kpcyjb66_tta_hybrid/predicted_lesions/thr0p5_mincc5/scan_0357_pred_lesion.nii.gz
scan_0357,probability_average,none,0.5,10,nan,0.1,0,1,1,0.0,0,nan,-1,nan,-1,nan,-1,-1,nan,-1,/data/data/DA25S005/miccai_tbi/MultiTalentV2_finetuning/checkpoints/validation2025_100/ensemble_2_models_e5ohnz5w_tta_ddp_kpcyjb66_tta_hybrid/predicted_lesions/thr0p5_mincc10/scan_0357_pred_lesion.nii.gz
scan_0357,probability_average,none,0.5,20,nan,0.1,0,1,1,0.0,0,nan,-1,nan,-1,nan,-1,-1,nan,-1,/data/data/DA25S005/miccai_tbi/MultiTalentV2_finetuning/checkpoints/validation2025_100/ensemble_2_models_e5ohnz5w_tta_ddp_kpcyjb66_tta_hybrid/predicted_lesions/thr0p5_mincc20/scan_0357_pred_lesion.nii.gz
scan_0357,probability_average,none,0.5,40,nan,0.1,0,1,1,0.0,0,nan,-1,nan,-1,nan,-1,-1,nan,-1,/data/data/DA25S005/miccai_tbi/MultiTalentV2_finetuning/checkpoints/validation2025_100/ensemble_2_models_e5ohnz5w_tta_ddp_kpcyjb66_tta_hybrid/predicted_lesions/thr0p5_mincc40/scan_0357_pred_lesion.nii.gz
scan_0364,probability_average,none,0.1,0,nan,0.1,0,1,1,0.0,0,nan,-1,nan,-1,nan,-1,-1,nan,-1,/data/data/DA25S005/miccai_tbi/MultiTalentV2_finetuning/checkpoints/validation2025_100/ensemble_2_models_e5ohnz5w_tta_ddp_kpcyjb66_tta_hybrid/predicted_lesions/thr0p1_mincc0/scan_0364_pred_lesion.nii.gz
scan_0364,probability_average,none,0.1,3,nan,0.1,0,1,1,0.0,0,nan,-1,nan,-1,nan,-1,-1,nan,-1,/data/data/DA25S005/miccai_tbi/MultiTalentV2_finetuning/checkpoints/validation2025_100/ensemble_2_models_e5ohnz5w_tta_ddp_kpcyjb66_tta_hybrid/predicted_lesions/thr0p1_mincc3/scan_0364_pred_lesion.nii.gz
scan_0364,probability_average,none,0.1,5,nan,0.1,0,1,1,0.0,0,nan,-1,nan,-1,nan,-1,-1,nan,-1,/data/data/DA25S005/miccai_tbi/MultiTalentV2_finetuning/checkpoints/validation2025_100/ensemble_2_models_e5ohnz5w_tta_ddp_kpcyjb66_tta_hybrid/predicted_lesions/thr0p1_mincc5/scan_0364_pred_lesion.nii.gz
scan_0364,probability_average,none,0.1,10,nan,0.1,0,1,1,0.0,0,nan,-1,nan,-1,nan,-1,-1,nan,-1,/data/data/DA25S005/miccai_tbi/MultiTalentV2_finetuning/checkpoints/validation2025_100/ensemble_2_models_e5ohnz5w_tta_ddp_kpcyjb66_tta_hybrid/predicted_lesions/thr0p1_mincc10/scan_0364_pred_lesion.nii.gz
scan_0364,probability_average,none,0.1,20,nan,0.1,0,1,1,0.0,0,nan,-1,nan,-1,nan,-1,-1,nan,-1,/data/data/DA25S005/miccai_tbi/MultiTalentV2_finetuning/checkpoints/validation2025_100/ensemble_2_models_e5ohnz5w_tta_ddp_kpcyjb66_tta_hybrid/predicted_lesions/thr0p1_mincc20/scan_0364_pred_lesion.nii.gz
scan_0364,probability_average,none,0.1,40,nan,0.1,0,1,1,0.0,0,nan,-1,nan,-1,nan,-1,-1,nan,-1,/data/data/DA25S005/miccai_tbi/MultiTalentV2_finetuning/checkpoints/validation2025_100/ensemble_2_models_e5ohnz5w_tta_ddp_kpcyjb66_tta_hybrid/predicted_lesions/thr0p1_mincc40/scan_0364_pred_lesion.nii.gz
scan_0364,probability_average,none,0.2,0,nan,0.1,0,1,1,0.0,0,nan,-1,nan,-1,nan,-1,-1,nan,-1,/data/data/DA25S005/miccai_tbi/MultiTalentV2_finetuning/checkpoints/validation2025_100/ensemble_2_models_e5ohnz5w_tta_ddp_kpcyjb66_tta_hybrid/predicted_lesions/thr0p2_mincc0/scan_0364_pred_lesion.nii.gz
scan_0364,probability_average,none,0.2,3,nan,0.1,0,1,1,0.0,0,nan,-1,nan,-1,nan,-1,-1,nan,-1,/data/data/DA25S005/miccai_tbi/MultiTalentV2_finetuning/checkpoints/validation2025_100/ensemble_2_models_e5ohnz5w_tta_ddp_kpcyjb66_tta_hybrid/predicted_lesions/thr0p2_mincc3/scan_0364_pred_lesion.nii.gz
scan_0364,probability_average,none,0.2,5,nan,0.1,0,1,1,0.0,0,nan,-1,nan,-1,nan,-1,-1,nan,-1,/data/data/DA25S005/miccai_tbi/MultiTalentV2_finetuning/checkpoints/validation2025_100/ensemble_2_models_e5ohnz5w_tta_ddp_kpcyjb66_tta_hybrid/predicted_lesions/thr0p2_mincc5/scan_0364_pred_lesion.nii.gz
scan_0364,probability_average,none,0.2,10,nan,0.1,0,1,1,0.0,0,nan,-1,nan,-1,nan,-1,-1,nan,-1,/data/data/DA25S005/miccai_tbi/MultiTalentV2_finetuning/checkpoints/validation2025_100/ensemble_2_models_e5ohnz5w_tta_ddp_kpcyjb66_tta_hybrid/predicted_lesions/thr0p2_mincc10/scan_0364_pred_lesion.nii.gz
scan_0364,probability_average,none,0.2,20,nan,0.1,0,1,1,0.0,0,nan,-1,nan,-1,nan,-1,-1,nan,-1,/data/data/DA25S005/miccai_tbi/MultiTalentV2_finetuning/checkpoints/validation2025_100/ensemble_2_models_e5ohnz5w_tta_ddp_kpcyjb66_tta_hybrid/predicted_lesions/thr0p2_mincc20/scan_0364_pred_lesion.nii.gz
scan_0364,probability_average,none,0.2,40,nan,0.1,0,1,1,0.0,0,nan,-1,nan,-1,nan,-1,-1,nan,-1,/data/data/DA25S005/miccai_tbi/MultiTalentV2_finetuning/checkpoints/validation2025_100/ensemble_2_models_e5ohnz5w_tta_ddp_kpcyjb66_tta_hybrid/predicted_lesions/thr0p2_mincc40/scan_0364_pred_lesion.nii.gz
scan_0364,probability_average,none,0.3,0,nan,0.1,0,1,1,0.0,0,nan,-1,nan,-1,nan,-1,-1,nan,-1,/data/data/DA25S005/miccai_tbi/MultiTalentV2_finetuning/checkpoints/validation2025_100/ensemble_2_models_e5ohnz5w_tta_ddp_kpcyjb66_tta_hybrid/predicted_lesions/thr0p3_mincc0/scan_0364_pred_lesion.nii.gz
scan_0364,probability_average,none,0.3,3,nan,0.1,0,1,1,0.0,0,nan,-1,nan,-1,nan,-1,-1,nan,-1,/data/data/DA25S005/miccai_tbi/MultiTalentV2_finetuning/checkpoints/validation2025_100/ensemble_2_models_e5ohnz5w_tta_ddp_kpcyjb66_tta_hybrid/predicted_lesions/thr0p3_mincc3/scan_0364_pred_lesion.nii.gz
scan_0364,probability_average,none,0.3,5,nan,0.1,0,1,1,0.0,0,nan,-1,nan,-1,nan,-1,-1,nan,-1,/data/data/DA25S005/miccai_tbi/MultiTalentV2_finetuning/checkpoints/validation2025_100/ensemble_2_models_e5ohnz5w_tta_ddp_kpcyjb66_tta_hybrid/predicted_lesions/thr0p3_mincc5/scan_0364_pred_lesion.nii.gz
scan_0364,probability_average,none,0.3,10,nan,0.1,0,1,1,0.0,0,nan,-1,nan,-1,nan,-1,-1,nan,-1,/data/data/DA25S005/miccai_tbi/MultiTalentV2_finetuning/checkpoints/validation2025_100/ensemble_2_models_e5ohnz5w_tta_ddp_kpcyjb66_tta_hybrid/predicted_lesions/thr0p3_mincc10/scan_0364_pred_lesion.nii.gz
scan_0364,probability_average,none,0.3,20,nan,0.1,0,1,1,0.0,0,nan,-1,nan,-1,nan,-1,-1,nan,-1,/data/data/DA25S005/miccai_tbi/MultiTalentV2_finetuning/checkpoints/validation2025_100/ensemble_2_models_e5ohnz5w_tta_ddp_kpcyjb66_tta_hybrid/predicted_lesions/thr0p3_mincc20/scan_0364_pred_lesion.nii.gz
scan_0364,probability_average,none,0.3,40,nan,0.1,0,1,1,0.0,0,nan,-1,nan,-1,nan,-1,-1,nan,-1,/data/data/DA25S005/miccai_tbi/MultiTalentV2_finetuning/checkpoints/validation2025_100/ensemble_2_models_e5ohnz5w_tta_ddp_kpcyjb66_tta_hybrid/predicted_lesions/thr0p3_mincc40/scan_0364_pred_lesion.nii.gz
scan_0364,probability_average,none,0.4,0,nan,0.1,0,1,1,0.0,0,nan,-1,nan,-1,nan,-1,-1,nan,-1,/data/data/DA25S005/miccai_tbi/MultiTalentV2_finetuning/checkpoints/validation2025_100/ensemble_2_models_e5ohnz5w_tta_ddp_kpcyjb66_tta_hybrid/predicted_lesions/thr0p4_mincc0/scan_0364_pred_lesion.nii.gz
scan_0364,probability_average,none,0.4,3,nan,0.1,0,1,1,0.0,0,nan,-1,nan,-1,nan,-1,-1,nan,-1,/data/data/DA25S005/miccai_tbi/MultiTalentV2_finetuning/checkpoints/validation2025_100/ensemble_2_models_e5ohnz5w_tta_ddp_kpcyjb66_tta_hybrid/predicted_lesions/thr0p4_mincc3/scan_0364_pred_lesion.nii.gz
scan_0364,probability_average,none,0.4,5,nan,0.1,0,1,1,0.0,0,nan,-1,nan,-1,nan,-1,-1,nan,-1,/data/data/DA25S005/miccai_tbi/MultiTalentV2_finetuning/checkpoints/validation2025_100/ensemble_2_models_e5ohnz5w_tta_ddp_kpcyjb66_tta_hybrid/predicted_lesions/thr0p4_mincc5/scan_0364_pred_lesion.nii.gz
scan_0364,probability_average,none,0.4,10,nan,0.1,0,1,1,0.0,0,nan,-1,nan,-1,nan,-1,-1,nan,-1,/data/data/DA25S005/miccai_tbi/MultiTalentV2_finetuning/checkpoints/validation2025_100/ensemble_2_models_e5ohnz5w_tta_ddp_kpcyjb66_tta_hybrid/predicted_lesions/thr0p4_mincc10/scan_0364_pred_lesion.nii.gz
scan_0364,probability_average,none,0.4,20,nan,0.1,0,1,1,0.0,0,nan,-1,nan,-1,nan,-1,-1,nan,-1,/data/data/DA25S005/miccai_tbi/MultiTalentV2_finetuning/checkpoints/validation2025_100/ensemble_2_models_e5ohnz5w_tta_ddp_kpcyjb66_tta_hybrid/predicted_lesions/thr0p4_mincc20/scan_0364_pred_lesion.nii.gz
scan_0364,probability_average,none,0.4,40,nan,0.1,0,1,1,0.0,0,nan,-1,nan,-1,nan,-1,-1,nan,-1,/data/data/DA25S005/miccai_tbi/MultiTalentV2_finetuning/checkpoints/validation2025_100/ensemble_2_models_e5ohnz5w_tta_ddp_kpcyjb66_tta_hybrid/predicted_lesions/thr0p4_mincc40/scan_0364_pred_lesion.nii.gz
scan_0364,probability_average,none,0.5,0,nan,0.1,0,1,1,0.0,0,nan,-1,nan,-1,nan,-1,-1,nan,-1,/data/data/DA25S005/miccai_tbi/MultiTalentV2_finetuning/checkpoints/validation2025_100/ensemble_2_models_e5ohnz5w_tta_ddp_kpcyjb66_tta_hybrid/predicted_lesions/thr0p5_mincc0/scan_0364_pred_lesion.nii.gz
scan_0364,probability_average,none,0.5,3,nan,0.1,0,1,1,0.0,0,nan,-1,nan,-1,nan,-1,-1,nan,-1,/data/data/DA25S005/miccai_tbi/MultiTalentV2_finetuning/checkpoints/validation2025_100/ensemble_2_models_e5ohnz5w_tta_ddp_kpcyjb66_tta_hybrid/predicted_lesions/thr0p5_mincc3/scan_0364_pred_lesion.nii.gz
scan_0364,probability_average,none,0.5,5,nan,0.1,0,1,1,0.0,0,nan,-1,nan,-1,nan,-1,-1,nan,-1,/data/data/DA25S005/miccai_tbi/MultiTalentV2_finetuning/checkpoints/validation2025_100/ensemble_2_models_e5ohnz5w_tta_ddp_kpcyjb66_tta_hybrid/predicted_lesions/thr0p5_mincc5/scan_0364_pred_lesion.nii.gz
scan_0364,probability_average,none,0.5,10,nan,0.1,0,1,1,0.0,0,nan,-1,nan,-1,nan,-1,-1,nan,-1,/data/data/DA25S005/miccai_tbi/MultiTalentV2_finetuning/checkpoints/validation2025_100/ensemble_2_models_e5ohnz5w_tta_ddp_kpcyjb66_tta_hybrid/predicted_lesions/thr0p5_mincc10/scan_0364_pred_lesion.nii.gz
scan_0364,probability_average,none,0.5,20,nan,0.1,0,1,1,0.0,0,nan,-1,nan,-1,nan,-1,-1,nan,-1,/data/data/DA25S005/miccai_tbi/MultiTalentV2_finetuning/checkpoints/validation2025_100/ensemble_2_models_e5ohnz5w_tta_ddp_kpcyjb66_tta_hybrid/predicted_lesions/thr0p5_mincc20/scan_0364_pred_lesion.nii.gz
scan_0364,probability_average,none,0.5,40,nan,0.1,0,1,1,0.0,0,nan,-1,nan,-1,nan,-1,-1,nan,-1,/data/data/DA25S005/miccai_tbi/MultiTalentV2_finetuning/checkpoints/validation2025_100/ensemble_2_models_e5ohnz5w_tta_ddp_kpcyjb66_tta_hybrid/predicted_lesions/thr0p5_mincc40/scan_0364_pred_lesion.nii.gz
scan_0378,probability_average,none,0.1,0,nan,0.1,0,1,1,0.0,0,nan,-1,nan,-1,nan,-1,-1,nan,-1,/data/data/DA25S005/miccai_tbi/MultiTalentV2_finetuning/checkpoints/validation2025_100/ensemble_2_models_e5ohnz5w_tta_ddp_kpcyjb66_tta_hybrid/predicted_lesions/thr0p1_mincc0/scan_0378_pred_lesion.nii.gz
scan_0378,probability_average,none,0.1,3,nan,0.1,0,1,1,0.0,0,nan,-1,nan,-1,nan,-1,-1,nan,-1,/data/data/DA25S005/miccai_tbi/MultiTalentV2_finetuning/checkpoints/validation2025_100/ensemble_2_models_e5ohnz5w_tta_ddp_kpcyjb66_tta_hybrid/predicted_lesions/thr0p1_mincc3/scan_0378_pred_lesion.nii.gz
scan_0378,probability_average,none,0.1,5,nan,0.1,0,1,1,0.0,0,nan,-1,nan,-1,nan,-1,-1,nan,-1,/data/data/DA25S005/miccai_tbi/MultiTalentV2_finetuning/checkpoints/validation2025_100/ensemble_2_models_e5ohnz5w_tta_ddp_kpcyjb66_tta_hybrid/predicted_lesions/thr0p1_mincc5/scan_0378_pred_lesion.nii.gz
scan_0378,probability_average,none,0.1,10,nan,0.1,0,1,1,0.0,0,nan,-1,nan,-1,nan,-1,-1,nan,-1,/data/data/DA25S005/miccai_tbi/MultiTalentV2_finetuning/checkpoints/validation2025_100/ensemble_2_models_e5ohnz5w_tta_ddp_kpcyjb66_tta_hybrid/predicted_lesions/thr0p1_mincc10/scan_0378_pred_lesion.nii.gz
scan_0378,probability_average,none,0.1,20,nan,0.1,0,1,1,0.0,0,nan,-1,nan,-1,nan,-1,-1,nan,-1,/data/data/DA25S005/miccai_tbi/MultiTalentV2_finetuning/checkpoints/validation2025_100/ensemble_2_models_e5ohnz5w_tta_ddp_kpcyjb66_tta_hybrid/predicted_lesions/thr0p1_mincc20/scan_0378_pred_lesion.nii.gz
scan_0378,probability_average,none,0.1,40,nan,0.1,0,1,1,0.0,0,nan,-1,nan,-1,nan,-1,-1,nan,-1,/data/data/DA25S005/miccai_tbi/MultiTalentV2_finetuning/checkpoints/validation2025_100/ensemble_2_models_e5ohnz5w_tta_ddp_kpcyjb66_tta_hybrid/predicted_lesions/thr0p1_mincc40/scan_0378_pred_lesion.nii.gz
scan_0378,probability_average,none,0.2,0,nan,0.1,0,1,1,0.0,0,nan,-1,nan,-1,nan,-1,-1,nan,-1,/data/data/DA25S005/miccai_tbi/MultiTalentV2_finetuning/checkpoints/validation2025_100/ensemble_2_models_e5ohnz5w_tta_ddp_kpcyjb66_tta_hybrid/predicted_lesions/thr0p2_mincc0/scan_0378_pred_lesion.nii.gz
scan_0378,probability_average,none,0.2,3,nan,0.1,0,1,1,0.0,0,nan,-1,nan,-1,nan,-1,-1,nan,-1,/data/data/DA25S005/miccai_tbi/MultiTalentV2_finetuning/checkpoints/validation2025_100/ensemble_2_models_e5ohnz5w_tta_ddp_kpcyjb66_tta_hybrid/predicted_lesions/thr0p2_mincc3/scan_0378_pred_lesion.nii.gz
scan_0378,probability_average,none,0.2,5,nan,0.1,0,1,1,0.0,0,nan,-1,nan,-1,nan,-1,-1,nan,-1,/data/data/DA25S005/miccai_tbi/MultiTalentV2_finetuning/checkpoints/validation2025_100/ensemble_2_models_e5ohnz5w_tta_ddp_kpcyjb66_tta_hybrid/predicted_lesions/thr0p2_mincc5/scan_0378_pred_lesion.nii.gz
scan_0378,probability_average,none,0.2,10,nan,0.1,0,1,1,0.0,0,nan,-1,nan,-1,nan,-1,-1,nan,-1,/data/data/DA25S005/miccai_tbi/MultiTalentV2_finetuning/checkpoints/validation2025_100/ensemble_2_models_e5ohnz5w_tta_ddp_kpcyjb66_tta_hybrid/predicted_lesions/thr0p2_mincc10/scan_0378_pred_lesion.nii.gz
scan_0378,probability_average,none,0.2,20,nan,0.1,0,1,1,0.0,0,nan,-1,nan,-1,nan,-1,-1,nan,-1,/data/data/DA25S005/miccai_tbi/MultiTalentV2_finetuning/checkpoints/validation2025_100/ensemble_2_models_e5ohnz5w_tta_ddp_kpcyjb66_tta_hybrid/predicted_lesions/thr0p2_mincc20/scan_0378_pred_lesion.nii.gz
scan_0378,probability_average,none,0.2,40,nan,0.1,0,1,1,0.0,0,nan,-1,nan,-1,nan,-1,-1,nan,-1,/data/data/DA25S005/miccai_tbi/MultiTalentV2_finetuning/checkpoints/validation2025_100/ensemble_2_models_e5ohnz5w_tta_ddp_kpcyjb66_tta_hybrid/predicted_lesions/thr0p2_mincc40/scan_0378_pred_lesion.nii.gz
scan_0378,probability_average,none,0.3,0,nan,0.1,0,1,1,0.0,0,nan,-1,nan,-1,nan,-1,-1,nan,-1,/data/data/DA25S005/miccai_tbi/MultiTalentV2_finetuning/checkpoints/validation2025_100/ensemble_2_models_e5ohnz5w_tta_ddp_kpcyjb66_tta_hybrid/predicted_lesions/thr0p3_mincc0/scan_0378_pred_lesion.nii.gz
scan_0378,probability_average,none,0.3,3,nan,0.1,0,1,1,0.0,0,nan,-1,nan,-1,nan,-1,-1,nan,-1,/data/data/DA25S005/miccai_tbi/MultiTalentV2_finetuning/checkpoints/validation2025_100/ensemble_2_models_e5ohnz5w_tta_ddp_kpcyjb66_tta_hybrid/predicted_lesions/thr0p3_mincc3/scan_0378_pred_lesion.nii.gz
scan_0378,probability_average,none,0.3,5,nan,0.1,0,1,1,0.0,0,nan,-1,nan,-1,nan,-1,-1,nan,-1,/data/data/DA25S005/miccai_tbi/MultiTalentV2_finetuning/checkpoints/validation2025_100/ensemble_2_models_e5ohnz5w_tta_ddp_kpcyjb66_tta_hybrid/predicted_lesions/thr0p3_mincc5/scan_0378_pred_lesion.nii.gz
scan_0378,probability_average,none,0.3,10,nan,0.1,0,1,1,0.0,0,nan,-1,nan,-1,nan,-1,-1,nan,-1,/data/data/DA25S005/miccai_tbi/MultiTalentV2_finetuning/checkpoints/validation2025_100/ensemble_2_models_e5ohnz5w_tta_ddp_kpcyjb66_tta_hybrid/predicted_lesions/thr0p3_mincc10/scan_0378_pred_lesion.nii.gz
scan_0378,probability_average,none,0.3,20,nan,0.1,0,1,1,0.0,0,nan,-1,nan,-1,nan,-1,-1,nan,-1,/data/data/DA25S005/miccai_tbi/MultiTalentV2_finetuning/checkpoints/validation2025_100/ensemble_2_models_e5ohnz5w_tta_ddp_kpcyjb66_tta_hybrid/predicted_lesions/thr0p3_mincc20/scan_0378_pred_lesion.nii.gz
scan_0378,probability_average,none,0.3,40,nan,0.1,0,1,1,0.0,0,nan,-1,nan,-1,nan,-1,-1,nan,-1,/data/data/DA25S005/miccai_tbi/MultiTalentV2_finetuning/checkpoints/validation2025_100/ensemble_2_models_e5ohnz5w_tta_ddp_kpcyjb66_tta_hybrid/predicted_lesions/thr0p3_mincc40/scan_0378_pred_lesion.nii.gz
scan_0378,probability_average,none,0.4,0,nan,0.1,0,1,1,0.0,0,nan,-1,nan,-1,nan,-1,-1,nan,-1,/data/data/DA25S005/miccai_tbi/MultiTalentV2_finetuning/checkpoints/validation2025_100/ensemble_2_models_e5ohnz5w_tta_ddp_kpcyjb66_tta_hybrid/predicted_lesions/thr0p4_mincc0/scan_0378_pred_lesion.nii.gz
scan_0378,probability_average,none,0.4,3,nan,0.1,0,1,1,0.0,0,nan,-1,nan,-1,nan,-1,-1,nan,-1,/data/data/DA25S005/miccai_tbi/MultiTalentV2_finetuning/checkpoints/validation2025_100/ensemble_2_models_e5ohnz5w_tta_ddp_kpcyjb66_tta_hybrid/predicted_lesions/thr0p4_mincc3/scan_0378_pred_lesion.nii.gz
scan_0378,probability_average,none,0.4,5,nan,0.1,0,1,1,0.0,0,nan,-1,nan,-1,nan,-1,-1,nan,-1,/data/data/DA25S005/miccai_tbi/MultiTalentV2_finetuning/checkpoints/validation2025_100/ensemble_2_models_e5ohnz5w_tta_ddp_kpcyjb66_tta_hybrid/predicted_lesions/thr0p4_mincc5/scan_0378_pred_lesion.nii.gz
scan_0378,probability_average,none,0.4,10,nan,0.1,0,1,1,0.0,0,nan,-1,nan,-1,nan,-1,-1,nan,-1,/data/data/DA25S005/miccai_tbi/MultiTalentV2_finetuning/checkpoints/validation2025_100/ensemble_2_models_e5ohnz5w_tta_ddp_kpcyjb66_tta_hybrid/predicted_lesions/thr0p4_mincc10/scan_0378_pred_lesion.nii.gz
scan_0378,probability_average,none,0.4,20,nan,0.1,0,1,1,0.0,0,nan,-1,nan,-1,nan,-1,-1,nan,-1,/data/data/DA25S005/miccai_tbi/MultiTalentV2_finetuning/checkpoints/validation2025_100/ensemble_2_models_e5ohnz5w_tta_ddp_kpcyjb66_tta_hybrid/predicted_lesions/thr0p4_mincc20/scan_0378_pred_lesion.nii.gz
scan_0378,probability_average,none,0.4,40,nan,0.1,0,1,1,0.0,0,nan,-1,nan,-1,nan,-1,-1,nan,-1,/data/data/DA25S005/miccai_tbi/MultiTalentV2_finetuning/checkpoints/validation2025_100/ensemble_2_models_e5ohnz5w_tta_ddp_kpcyjb66_tta_hybrid/predicted_lesions/thr0p4_mincc40/scan_0378_pred_lesion.nii.gz
scan_0378,probability_average,none,0.5,0,nan,0.1,0,1,1,0.0,0,nan,-1,nan,-1,nan,-1,-1,nan,-1,/data/data/DA25S005/miccai_tbi/MultiTalentV2_finetuning/checkpoints/validation2025_100/ensemble_2_models_e5ohnz5w_tta_ddp_kpcyjb66_tta_hybrid/predicted_lesions/thr0p5_mincc0/scan_0378_pred_lesion.nii.gz
scan_0378,probability_average,none,0.5,3,nan,0.1,0,1,1,0.0,0,nan,-1,nan,-1,nan,-1,-1,nan,-1,/data/data/DA25S005/miccai_tbi/MultiTalentV2_finetuning/checkpoints/validation2025_100/ensemble_2_models_e5ohnz5w_tta_ddp_kpcyjb66_tta_hybrid/predicted_lesions/thr0p5_mincc3/scan_0378_pred_lesion.nii.gz
scan_0378,probability_average,none,0.5,5,nan,0.1,0,1,1,0.0,0,nan,-1,nan,-1,nan,-1,-1,nan,-1,/data/data/DA25S005/miccai_tbi/MultiTalentV2_finetuning/checkpoints/validation2025_100/ensemble_2_models_e5ohnz5w_tta_ddp_kpcyjb66_tta_hybrid/predicted_lesions/thr0p5_mincc5/scan_0378_pred_lesion.nii.gz
scan_0378,probability_average,none,0.5,10,nan,0.1,0,1,1,0.0,0,nan,-1,nan,-1,nan,-1,-1,nan,-1,/data/data/DA25S005/miccai_tbi/MultiTalentV2_finetuning/checkpoints/validation2025_100/ensemble_2_models_e5ohnz5w_tta_ddp_kpcyjb66_tta_hybrid/predicted_lesions/thr0p5_mincc10/scan_0378_pred_lesion.nii.gz
scan_0378,probability_average,none,0.5,20,nan,0.1,0,1,1,0.0,0,nan,-1,nan,-1,nan,-1,-1,nan,-1,/data/data/DA25S005/miccai_tbi/MultiTalentV2_finetuning/checkpoints/validation2025_100/ensemble_2_models_e5ohnz5w_tta_ddp_kpcyjb66_tta_hybrid/predicted_lesions/thr0p5_mincc20/scan_0378_pred_lesion.nii.gz
scan_0378,probability_average,none,0.5,40,nan,0.1,0,1,1,0.0,0,nan,-1,nan,-1,nan,-1,-1,nan,-1,/data/data/DA25S005/miccai_tbi/MultiTalentV2_finetuning/checkpoints/validation2025_100/ensemble_2_models_e5ohnz5w_tta_ddp_kpcyjb66_tta_hybrid/predicted_lesions/thr0p5_mincc40/scan_0378_pred_lesion.nii.gz
scan_0383,probability_average,none,0.1,0,nan,0.1,0,1,1,0.0,0,nan,-1,nan,-1,nan,-1,-1,nan,-1,/data/data/DA25S005/miccai_tbi/MultiTalentV2_finetuning/checkpoints/validation2025_100/ensemble_2_models_e5ohnz5w_tta_ddp_kpcyjb66_tta_hybrid/predicted_lesions/thr0p1_mincc0/scan_0383_pred_lesion.nii.gz
scan_0383,probability_average,none,0.1,3,nan,0.1,0,1,1,0.0,0,nan,-1,nan,-1,nan,-1,-1,nan,-1,/data/data/DA25S005/miccai_tbi/MultiTalentV2_finetuning/checkpoints/validation2025_100/ensemble_2_models_e5ohnz5w_tta_ddp_kpcyjb66_tta_hybrid/predicted_lesions/thr0p1_mincc3/scan_0383_pred_lesion.nii.gz
scan_0383,probability_average,none,0.1,5,nan,0.1,0,1,1,0.0,0,nan,-1,nan,-1,nan,-1,-1,nan,-1,/data/data/DA25S005/miccai_tbi/MultiTalentV2_finetuning/checkpoints/validation2025_100/ensemble_2_models_e5ohnz5w_tta_ddp_kpcyjb66_tta_hybrid/predicted_lesions/thr0p1_mincc5/scan_0383_pred_lesion.nii.gz
scan_0383,probability_average,none,0.1,10,nan,0.1,0,1,1,0.0,0,nan,-1,nan,-1,nan,-1,-1,nan,-1,/data/data/DA25S005/miccai_tbi/MultiTalentV2_finetuning/checkpoints/validation2025_100/ensemble_2_models_e5ohnz5w_tta_ddp_kpcyjb66_tta_hybrid/predicted_lesions/thr0p1_mincc10/scan_0383_pred_lesion.nii.gz
scan_0383,probability_average,none,0.1,20,nan,0.1,0,1,1,0.0,0,nan,-1,nan,-1,nan,-1,-1,nan,-1,/data/data/DA25S005/miccai_tbi/MultiTalentV2_finetuning/checkpoints/validation2025_100/ensemble_2_models_e5ohnz5w_tta_ddp_kpcyjb66_tta_hybrid/predicted_lesions/thr0p1_mincc20/scan_0383_pred_lesion.nii.gz
scan_0383,probability_average,none,0.1,40,nan,0.1,0,1,1,0.0,0,nan,-1,nan,-1,nan,-1,-1,nan,-1,/data/data/DA25S005/miccai_tbi/MultiTalentV2_finetuning/checkpoints/validation2025_100/ensemble_2_models_e5ohnz5w_tta_ddp_kpcyjb66_tta_hybrid/predicted_lesions/thr0p1_mincc40/scan_0383_pred_lesion.nii.gz
scan_0383,probability_average,none,0.2,0,nan,0.1,0,1,1,0.0,0,nan,-1,nan,-1,nan,-1,-1,nan,-1,/data/data/DA25S005/miccai_tbi/MultiTalentV2_finetuning/checkpoints/validation2025_100/ensemble_2_models_e5ohnz5w_tta_ddp_kpcyjb66_tta_hybrid/predicted_lesions/thr0p2_mincc0/scan_0383_pred_lesion.nii.gz
scan_0383,probability_average,none,0.2,3,nan,0.1,0,1,1,0.0,0,nan,-1,nan,-1,nan,-1,-1,nan,-1,/data/data/DA25S005/miccai_tbi/MultiTalentV2_finetuning/checkpoints/validation2025_100/ensemble_2_models_e5ohnz5w_tta_ddp_kpcyjb66_tta_hybrid/predicted_lesions/thr0p2_mincc3/scan_0383_pred_lesion.nii.gz
scan_0383,probability_average,none,0.2,5,nan,0.1,0,1,1,0.0,0,nan,-1,nan,-1,nan,-1,-1,nan,-1,/data/data/DA25S005/miccai_tbi/MultiTalentV2_finetuning/checkpoints/validation2025_100/ensemble_2_models_e5ohnz5w_tta_ddp_kpcyjb66_tta_hybrid/predicted_lesions/thr0p2_mincc5/scan_0383_pred_lesion.nii.gz
scan_0383,probability_average,none,0.2,10,nan,0.1,0,1,1,0.0,0,nan,-1,nan,-1,nan,-1,-1,nan,-1,/data/data/DA25S005/miccai_tbi/MultiTalentV2_finetuning/checkpoints/validation2025_100/ensemble_2_models_e5ohnz5w_tta_ddp_kpcyjb66_tta_hybrid/predicted_lesions/thr0p2_mincc10/scan_0383_pred_lesion.nii.gz
scan_0383,probability_average,none,0.2,20,nan,0.1,0,1,1,0.0,0,nan,-1,nan,-1,nan,-1,-1,nan,-1,/data/data/DA25S005/miccai_tbi/MultiTalentV2_finetuning/checkpoints/validation2025_100/ensemble_2_models_e5ohnz5w_tta_ddp_kpcyjb66_tta_hybrid/predicted_lesions/thr0p2_mincc20/scan_0383_pred_lesion.nii.gz
scan_0383,probability_average,none,0.2,40,nan,0.1,0,1,1,0.0,0,nan,-1,nan,-1,nan,-1,-1,nan,-1,/data/data/DA25S005/miccai_tbi/MultiTalentV2_finetuning/checkpoints/validation2025_100/ensemble_2_models_e5ohnz5w_tta_ddp_kpcyjb66_tta_hybrid/predicted_lesions/thr0p2_mincc40/scan_0383_pred_lesion.nii.gz
scan_0383,probability_average,none,0.3,0,nan,0.1,0,1,1,0.0,0,nan,-1,nan,-1,nan,-1,-1,nan,-1,/data/data/DA25S005/miccai_tbi/MultiTalentV2_finetuning/checkpoints/validation2025_100/ensemble_2_models_e5ohnz5w_tta_ddp_kpcyjb66_tta_hybrid/predicted_lesions/thr0p3_mincc0/scan_0383_pred_lesion.nii.gz
scan_0383,probability_average,none,0.3,3,nan,0.1,0,1,1,0.0,0,nan,-1,nan,-1,nan,-1,-1,nan,-1,/data/data/DA25S005/miccai_tbi/MultiTalentV2_finetuning/checkpoints/validation2025_100/ensemble_2_models_e5ohnz5w_tta_ddp_kpcyjb66_tta_hybrid/predicted_lesions/thr0p3_mincc3/scan_0383_pred_lesion.nii.gz
scan_0383,probability_average,none,0.3,5,nan,0.1,0,1,1,0.0,0,nan,-1,nan,-1,nan,-1,-1,nan,-1,/data/data/DA25S005/miccai_tbi/MultiTalentV2_finetuning/checkpoints/validation2025_100/ensemble_2_models_e5ohnz5w_tta_ddp_kpcyjb66_tta_hybrid/predicted_lesions/thr0p3_mincc5/scan_0383_pred_lesion.nii.gz
scan_0383,probability_average,none,0.3,10,nan,0.1,0,1,1,0.0,0,nan,-1,nan,-1,nan,-1,-1,nan,-1,/data/data/DA25S005/miccai_tbi/MultiTalentV2_finetuning/checkpoints/validation2025_100/ensemble_2_models_e5ohnz5w_tta_ddp_kpcyjb66_tta_hybrid/predicted_lesions/thr0p3_mincc10/scan_0383_pred_lesion.nii.gz
scan_0383,probability_average,none,0.3,20,nan,0.1,0,1,1,0.0,0,nan,-1,nan,-1,nan,-1,-1,nan,-1,/data/data/DA25S005/miccai_tbi/MultiTalentV2_finetuning/checkpoints/validation2025_100/ensemble_2_models_e5ohnz5w_tta_ddp_kpcyjb66_tta_hybrid/predicted_lesions/thr0p3_mincc20/scan_0383_pred_lesion.nii.gz
scan_0383,probability_average,none,0.3,40,nan,0.1,0,1,1,0.0,0,nan,-1,nan,-1,nan,-1,-1,nan,-1,/data/data/DA25S005/miccai_tbi/MultiTalentV2_finetuning/checkpoints/validation2025_100/ensemble_2_models_e5ohnz5w_tta_ddp_kpcyjb66_tta_hybrid/predicted_lesions/thr0p3_mincc40/scan_0383_pred_lesion.nii.gz
scan_0383,probability_average,none,0.4,0,nan,0.1,0,1,1,0.0,0,nan,-1,nan,-1,nan,-1,-1,nan,-1,/data/data/DA25S005/miccai_tbi/MultiTalentV2_finetuning/checkpoints/validation2025_100/ensemble_2_models_e5ohnz5w_tta_ddp_kpcyjb66_tta_hybrid/predicted_lesions/thr0p4_mincc0/scan_0383_pred_lesion.nii.gz
scan_0383,probability_average,none,0.4,3,nan,0.1,0,1,1,0.0,0,nan,-1,nan,-1,nan,-1,-1,nan,-1,/data/data/DA25S005/miccai_tbi/MultiTalentV2_finetuning/checkpoints/validation2025_100/ensemble_2_models_e5ohnz5w_tta_ddp_kpcyjb66_tta_hybrid/predicted_lesions/thr0p4_mincc3/scan_0383_pred_lesion.nii.gz
scan_0383,probability_average,none,0.4,5,nan,0.1,0,1,1,0.0,0,nan,-1,nan,-1,nan,-1,-1,nan,-1,/data/data/DA25S005/miccai_tbi/MultiTalentV2_finetuning/checkpoints/validation2025_100/ensemble_2_models_e5ohnz5w_tta_ddp_kpcyjb66_tta_hybrid/predicted_lesions/thr0p4_mincc5/scan_0383_pred_lesion.nii.gz
scan_0383,probability_average,none,0.4,10,nan,0.1,0,1,1,0.0,0,nan,-1,nan,-1,nan,-1,-1,nan,-1,/data/data/DA25S005/miccai_tbi/MultiTalentV2_finetuning/checkpoints/validation2025_100/ensemble_2_models_e5ohnz5w_tta_ddp_kpcyjb66_tta_hybrid/predicted_lesions/thr0p4_mincc10/scan_0383_pred_lesion.nii.gz
scan_0383,probability_average,none,0.4,20,nan,0.1,0,1,1,0.0,0,nan,-1,nan,-1,nan,-1,-1,nan,-1,/data/data/DA25S005/miccai_tbi/MultiTalentV2_finetuning/checkpoints/validation2025_100/ensemble_2_models_e5ohnz5w_tta_ddp_kpcyjb66_tta_hybrid/predicted_lesions/thr0p4_mincc20/scan_0383_pred_lesion.nii.gz
scan_0383,probability_average,none,0.4,40,nan,0.1,0,1,1,0.0,0,nan,-1,nan,-1,nan,-1,-1,nan,-1,/data/data/DA25S005/miccai_tbi/MultiTalentV2_finetuning/checkpoints/validation2025_100/ensemble_2_models_e5ohnz5w_tta_ddp_kpcyjb66_tta_hybrid/predicted_lesions/thr0p4_mincc40/scan_0383_pred_lesion.nii.gz
scan_0383,probability_average,none,0.5,0,nan,0.1,0,1,1,0.0,0,nan,-1,nan,-1,nan,-1,-1,nan,-1,/data/data/DA25S005/miccai_tbi/MultiTalentV2_finetuning/checkpoints/validation2025_100/ensemble_2_models_e5ohnz5w_tta_ddp_kpcyjb66_tta_hybrid/predicted_lesions/thr0p5_mincc0/scan_0383_pred_lesion.nii.gz
scan_0383,probability_average,none,0.5,3,nan,0.1,0,1,1,0.0,0,nan,-1,nan,-1,nan,-1,-1,nan,-1,/data/data/DA25S005/miccai_tbi/MultiTalentV2_finetuning/checkpoints/validation2025_100/ensemble_2_models_e5ohnz5w_tta_ddp_kpcyjb66_tta_hybrid/predicted_lesions/thr0p5_mincc3/scan_0383_pred_lesion.nii.gz
scan_0383,probability_average,none,0.5,5,nan,0.1,0,1,1,0.0,0,nan,-1,nan,-1,nan,-1,-1,nan,-1,/data/data/DA25S005/miccai_tbi/MultiTalentV2_finetuning/checkpoints/validation2025_100/ensemble_2_models_e5ohnz5w_tta_ddp_kpcyjb66_tta_hybrid/predicted_lesions/thr0p5_mincc5/scan_0383_pred_lesion.nii.gz
scan_0383,probability_average,none,0.5,10,nan,0.1,0,1,1,0.0,0,nan,-1,nan,-1,nan,-1,-1,nan,-1,/data/data/DA25S005/miccai_tbi/MultiTalentV2_finetuning/checkpoints/validation2025_100/ensemble_2_models_e5ohnz5w_tta_ddp_kpcyjb66_tta_hybrid/predicted_lesions/thr0p5_mincc10/scan_0383_pred_lesion.nii.gz
scan_0383,probability_average,none,0.5,20,nan,0.1,0,1,1,0.0,0,nan,-1,nan,-1,nan,-1,-1,nan,-1,/data/data/DA25S005/miccai_tbi/MultiTalentV2_finetuning/checkpoints/validation2025_100/ensemble_2_models_e5ohnz5w_tta_ddp_kpcyjb66_tta_hybrid/predicted_lesions/thr0p5_mincc20/scan_0383_pred_lesion.nii.gz
scan_0383,probability_average,none,0.5,40,nan,0.1,0,1,1,0.0,0,nan,-1,nan,-1,nan,-1,-1,nan,-1,/data/data/DA25S005/miccai_tbi/MultiTalentV2_finetuning/checkpoints/validation2025_100/ensemble_2_models_e5ohnz5w_tta_ddp_kpcyjb66_tta_hybrid/predicted_lesions/thr0p5_mincc40/scan_0383_pred_lesion.nii.gz
scan_0384,probability_average,none,0.1,0,nan,0.1,0,1,1,0.0,0,nan,-1,nan,-1,nan,-1,-1,nan,-1,/data/data/DA25S005/miccai_tbi/MultiTalentV2_finetuning/checkpoints/validation2025_100/ensemble_2_models_e5ohnz5w_tta_ddp_kpcyjb66_tta_hybrid/predicted_lesions/thr0p1_mincc0/scan_0384_pred_lesion.nii.gz
scan_0384,probability_average,none,0.1,3,nan,0.1,0,1,1,0.0,0,nan,-1,nan,-1,nan,-1,-1,nan,-1,/data/data/DA25S005/miccai_tbi/MultiTalentV2_finetuning/checkpoints/validation2025_100/ensemble_2_models_e5ohnz5w_tta_ddp_kpcyjb66_tta_hybrid/predicted_lesions/thr0p1_mincc3/scan_0384_pred_lesion.nii.gz
scan_0384,probability_average,none,0.1,5,nan,0.1,0,1,1,0.0,0,nan,-1,nan,-1,nan,-1,-1,nan,-1,/data/data/DA25S005/miccai_tbi/MultiTalentV2_finetuning/checkpoints/validation2025_100/ensemble_2_models_e5ohnz5w_tta_ddp_kpcyjb66_tta_hybrid/predicted_lesions/thr0p1_mincc5/scan_0384_pred_lesion.nii.gz
scan_0384,probability_average,none,0.1,10,nan,0.1,0,1,1,0.0,0,nan,-1,nan,-1,nan,-1,-1,nan,-1,/data/data/DA25S005/miccai_tbi/MultiTalentV2_finetuning/checkpoints/validation2025_100/ensemble_2_models_e5ohnz5w_tta_ddp_kpcyjb66_tta_hybrid/predicted_lesions/thr0p1_mincc10/scan_0384_pred_lesion.nii.gz
scan_0384,probability_average,none,0.1,20,nan,0.1,0,1,1,0.0,0,nan,-1,nan,-1,nan,-1,-1,nan,-1,/data/data/DA25S005/miccai_tbi/MultiTalentV2_finetuning/checkpoints/validation2025_100/ensemble_2_models_e5ohnz5w_tta_ddp_kpcyjb66_tta_hybrid/predicted_lesions/thr0p1_mincc20/scan_0384_pred_lesion.nii.gz
scan_0384,probability_average,none,0.1,40,nan,0.1,0,1,1,0.0,0,nan,-1,nan,-1,nan,-1,-1,nan,-1,/data/data/DA25S005/miccai_tbi/MultiTalentV2_finetuning/checkpoints/validation2025_100/ensemble_2_models_e5ohnz5w_tta_ddp_kpcyjb66_tta_hybrid/predicted_lesions/thr0p1_mincc40/scan_0384_pred_lesion.nii.gz
scan_0384,probability_average,none,0.2,0,nan,0.1,0,1,1,0.0,0,nan,-1,nan,-1,nan,-1,-1,nan,-1,/data/data/DA25S005/miccai_tbi/MultiTalentV2_finetuning/checkpoints/validation2025_100/ensemble_2_models_e5ohnz5w_tta_ddp_kpcyjb66_tta_hybrid/predicted_lesions/thr0p2_mincc0/scan_0384_pred_lesion.nii.gz
scan_0384,probability_average,none,0.2,3,nan,0.1,0,1,1,0.0,0,nan,-1,nan,-1,nan,-1,-1,nan,-1,/data/data/DA25S005/miccai_tbi/MultiTalentV2_finetuning/checkpoints/validation2025_100/ensemble_2_models_e5ohnz5w_tta_ddp_kpcyjb66_tta_hybrid/predicted_lesions/thr0p2_mincc3/scan_0384_pred_lesion.nii.gz
scan_0384,probability_average,none,0.2,5,nan,0.1,0,1,1,0.0,0,nan,-1,nan,-1,nan,-1,-1,nan,-1,/data/data/DA25S005/miccai_tbi/MultiTalentV2_finetuning/checkpoints/validation2025_100/ensemble_2_models_e5ohnz5w_tta_ddp_kpcyjb66_tta_hybrid/predicted_lesions/thr0p2_mincc5/scan_0384_pred_lesion.nii.gz
scan_0384,probability_average,none,0.2,10,nan,0.1,0,1,1,0.0,0,nan,-1,nan,-1,nan,-1,-1,nan,-1,/data/data/DA25S005/miccai_tbi/MultiTalentV2_finetuning/checkpoints/validation2025_100/ensemble_2_models_e5ohnz5w_tta_ddp_kpcyjb66_tta_hybrid/predicted_lesions/thr0p2_mincc10/scan_0384_pred_lesion.nii.gz
scan_0384,probability_average,none,0.2,20,nan,0.1,0,1,1,0.0,0,nan,-1,nan,-1,nan,-1,-1,nan,-1,/data/data/DA25S005/miccai_tbi/MultiTalentV2_finetuning/checkpoints/validation2025_100/ensemble_2_models_e5ohnz5w_tta_ddp_kpcyjb66_tta_hybrid/predicted_lesions/thr0p2_mincc20/scan_0384_pred_lesion.nii.gz
scan_0384,probability_average,none,0.2,40,nan,0.1,0,1,1,0.0,0,nan,-1,nan,-1,nan,-1,-1,nan,-1,/data/data/DA25S005/miccai_tbi/MultiTalentV2_finetuning/checkpoints/validation2025_100/ensemble_2_models_e5ohnz5w_tta_ddp_kpcyjb66_tta_hybrid/predicted_lesions/thr0p2_mincc40/scan_0384_pred_lesion.nii.gz
scan_0384,probability_average,none,0.3,0,nan,0.1,0,1,1,0.0,0,nan,-1,nan,-1,nan,-1,-1,nan,-1,/data/data/DA25S005/miccai_tbi/MultiTalentV2_finetuning/checkpoints/validation2025_100/ensemble_2_models_e5ohnz5w_tta_ddp_kpcyjb66_tta_hybrid/predicted_lesions/thr0p3_mincc0/scan_0384_pred_lesion.nii.gz
scan_0384,probability_average,none,0.3,3,nan,0.1,0,1,1,0.0,0,nan,-1,nan,-1,nan,-1,-1,nan,-1,/data/data/DA25S005/miccai_tbi/MultiTalentV2_finetuning/checkpoints/validation2025_100/ensemble_2_models_e5ohnz5w_tta_ddp_kpcyjb66_tta_hybrid/predicted_lesions/thr0p3_mincc3/scan_0384_pred_lesion.nii.gz
scan_0384,probability_average,none,0.3,5,nan,0.1,0,1,1,0.0,0,nan,-1,nan,-1,nan,-1,-1,nan,-1,/data/data/DA25S005/miccai_tbi/MultiTalentV2_finetuning/checkpoints/validation2025_100/ensemble_2_models_e5ohnz5w_tta_ddp_kpcyjb66_tta_hybrid/predicted_lesions/thr0p3_mincc5/scan_0384_pred_lesion.nii.gz
scan_0384,probability_average,none,0.3,10,nan,0.1,0,1,1,0.0,0,nan,-1,nan,-1,nan,-1,-1,nan,-1,/data/data/DA25S005/miccai_tbi/MultiTalentV2_finetuning/checkpoints/validation2025_100/ensemble_2_models_e5ohnz5w_tta_ddp_kpcyjb66_tta_hybrid/predicted_lesions/thr0p3_mincc10/scan_0384_pred_lesion.nii.gz
scan_0384,probability_average,none,0.3,20,nan,0.1,0,1,1,0.0,0,nan,-1,nan,-1,nan,-1,-1,nan,-1,/data/data/DA25S005/miccai_tbi/MultiTalentV2_finetuning/checkpoints/validation2025_100/ensemble_2_models_e5ohnz5w_tta_ddp_kpcyjb66_tta_hybrid/predicted_lesions/thr0p3_mincc20/scan_0384_pred_lesion.nii.gz
scan_0384,probability_average,none,0.3,40,nan,0.1,0,1,1,0.0,0,nan,-1,nan,-1,nan,-1,-1,nan,-1,/data/data/DA25S005/miccai_tbi/MultiTalentV2_finetuning/checkpoints/validation2025_100/ensemble_2_models_e5ohnz5w_tta_ddp_kpcyjb66_tta_hybrid/predicted_lesions/thr0p3_mincc40/scan_0384_pred_lesion.nii.gz
scan_0384,probability_average,none,0.4,0,nan,0.1,0,1,1,0.0,0,nan,-1,nan,-1,nan,-1,-1,nan,-1,/data/data/DA25S005/miccai_tbi/MultiTalentV2_finetuning/checkpoints/validation2025_100/ensemble_2_models_e5ohnz5w_tta_ddp_kpcyjb66_tta_hybrid/predicted_lesions/thr0p4_mincc0/scan_0384_pred_lesion.nii.gz
scan_0384,probability_average,none,0.4,3,nan,0.1,0,1,1,0.0,0,nan,-1,nan,-1,nan,-1,-1,nan,-1,/data/data/DA25S005/miccai_tbi/MultiTalentV2_finetuning/checkpoints/validation2025_100/ensemble_2_models_e5ohnz5w_tta_ddp_kpcyjb66_tta_hybrid/predicted_lesions/thr0p4_mincc3/scan_0384_pred_lesion.nii.gz
scan_0384,probability_average,none,0.4,5,nan,0.1,0,1,1,0.0,0,nan,-1,nan,-1,nan,-1,-1,nan,-1,/data/data/DA25S005/miccai_tbi/MultiTalentV2_finetuning/checkpoints/validation2025_100/ensemble_2_models_e5ohnz5w_tta_ddp_kpcyjb66_tta_hybrid/predicted_lesions/thr0p4_mincc5/scan_0384_pred_lesion.nii.gz
scan_0384,probability_average,none,0.4,10,nan,0.1,0,1,1,0.0,0,nan,-1,nan,-1,nan,-1,-1,nan,-1,/data/data/DA25S005/miccai_tbi/MultiTalentV2_finetuning/checkpoints/validation2025_100/ensemble_2_models_e5ohnz5w_tta_ddp_kpcyjb66_tta_hybrid/predicted_lesions/thr0p4_mincc10/scan_0384_pred_lesion.nii.gz
scan_0384,probability_average,none,0.4,20,nan,0.1,0,1,1,0.0,0,nan,-1,nan,-1,nan,-1,-1,nan,-1,/data/data/DA25S005/miccai_tbi/MultiTalentV2_finetuning/checkpoints/validation2025_100/ensemble_2_models_e5ohnz5w_tta_ddp_kpcyjb66_tta_hybrid/predicted_lesions/thr0p4_mincc20/scan_0384_pred_lesion.nii.gz
scan_0384,probability_average,none,0.4,40,nan,0.1,0,1,1,0.0,0,nan,-1,nan,-1,nan,-1,-1,nan,-1,/data/data/DA25S005/miccai_tbi/MultiTalentV2_finetuning/checkpoints/validation2025_100/ensemble_2_models_e5ohnz5w_tta_ddp_kpcyjb66_tta_hybrid/predicted_lesions/thr0p4_mincc40/scan_0384_pred_lesion.nii.gz
scan_0384,probability_average,none,0.5,0,nan,0.1,0,1,1,0.0,0,nan,-1,nan,-1,nan,-1,-1,nan,-1,/data/data/DA25S005/miccai_tbi/MultiTalentV2_finetuning/checkpoints/validation2025_100/ensemble_2_models_e5ohnz5w_tta_ddp_kpcyjb66_tta_hybrid/predicted_lesions/thr0p5_mincc0/scan_0384_pred_lesion.nii.gz
scan_0384,probability_average,none,0.5,3,nan,0.1,0,1,1,0.0,0,nan,-1,nan,-1,nan,-1,-1,nan,-1,/data/data/DA25S005/miccai_tbi/MultiTalentV2_finetuning/checkpoints/validation2025_100/ensemble_2_models_e5ohnz5w_tta_ddp_kpcyjb66_tta_hybrid/predicted_lesions/thr0p5_mincc3/scan_0384_pred_lesion.nii.gz
scan_0384,probability_average,none,0.5,5,nan,0.1,0,1,1,0.0,0,nan,-1,nan,-1,nan,-1,-1,nan,-1,/data/data/DA25S005/miccai_tbi/MultiTalentV2_finetuning/checkpoints/validation2025_100/ensemble_2_models_e5ohnz5w_tta_ddp_kpcyjb66_tta_hybrid/predicted_lesions/thr0p5_mincc5/scan_0384_pred_lesion.nii.gz
scan_0384,probability_average,none,0.5,10,nan,0.1,0,1,1,0.0,0,nan,-1,nan,-1,nan,-1,-1,nan,-1,/data/data/DA25S005/miccai_tbi/MultiTalentV2_finetuning/checkpoints/validation2025_100/ensemble_2_models_e5ohnz5w_tta_ddp_kpcyjb66_tta_hybrid/predicted_lesions/thr0p5_mincc10/scan_0384_pred_lesion.nii.gz
scan_0384,probability_average,none,0.5,20,nan,0.1,0,1,1,0.0,0,nan,-1,nan,-1,nan,-1,-1,nan,-1,/data/data/DA25S005/miccai_tbi/MultiTalentV2_finetuning/checkpoints/validation2025_100/ensemble_2_models_e5ohnz5w_tta_ddp_kpcyjb66_tta_hybrid/predicted_lesions/thr0p5_mincc20/scan_0384_pred_lesion.nii.gz
scan_0384,probability_average,none,0.5,40,nan,0.1,0,1,1,0.0,0,nan,-1,nan,-1,nan,-1,-1,nan,-1,/data/data/DA25S005/miccai_tbi/MultiTalentV2_finetuning/checkpoints/validation2025_100/ensemble_2_models_e5ohnz5w_tta_ddp_kpcyjb66_tta_hybrid/predicted_lesions/thr0p5_mincc40/scan_0384_pred_lesion.nii.gz
scan_0388,probability_average,none,0.1,0,nan,0.1,0,1,1,0.0,0,nan,-1,nan,-1,nan,-1,-1,nan,-1,/data/data/DA25S005/miccai_tbi/MultiTalentV2_finetuning/checkpoints/validation2025_100/ensemble_2_models_e5ohnz5w_tta_ddp_kpcyjb66_tta_hybrid/predicted_lesions/thr0p1_mincc0/scan_0388_pred_lesion.nii.gz
scan_0388,probability_average,none,0.1,3,nan,0.1,0,1,1,0.0,0,nan,-1,nan,-1,nan,-1,-1,nan,-1,/data/data/DA25S005/miccai_tbi/MultiTalentV2_finetuning/checkpoints/validation2025_100/ensemble_2_models_e5ohnz5w_tta_ddp_kpcyjb66_tta_hybrid/predicted_lesions/thr0p1_mincc3/scan_0388_pred_lesion.nii.gz
scan_0388,probability_average,none,0.1,5,nan,0.1,0,1,1,0.0,0,nan,-1,nan,-1,nan,-1,-1,nan,-1,/data/data/DA25S005/miccai_tbi/MultiTalentV2_finetuning/checkpoints/validation2025_100/ensemble_2_models_e5ohnz5w_tta_ddp_kpcyjb66_tta_hybrid/predicted_lesions/thr0p1_mincc5/scan_0388_pred_lesion.nii.gz
scan_0388,probability_average,none,0.1,10,nan,0.1,0,1,1,0.0,0,nan,-1,nan,-1,nan,-1,-1,nan,-1,/data/data/DA25S005/miccai_tbi/MultiTalentV2_finetuning/checkpoints/validation2025_100/ensemble_2_models_e5ohnz5w_tta_ddp_kpcyjb66_tta_hybrid/predicted_lesions/thr0p1_mincc10/scan_0388_pred_lesion.nii.gz
scan_0388,probability_average,none,0.1,20,nan,0.1,0,1,1,0.0,0,nan,-1,nan,-1,nan,-1,-1,nan,-1,/data/data/DA25S005/miccai_tbi/MultiTalentV2_finetuning/checkpoints/validation2025_100/ensemble_2_models_e5ohnz5w_tta_ddp_kpcyjb66_tta_hybrid/predicted_lesions/thr0p1_mincc20/scan_0388_pred_lesion.nii.gz
scan_0388,probability_average,none,0.1,40,nan,0.1,0,1,1,0.0,0,nan,-1,nan,-1,nan,-1,-1,nan,-1,/data/data/DA25S005/miccai_tbi/MultiTalentV2_finetuning/checkpoints/validation2025_100/ensemble_2_models_e5ohnz5w_tta_ddp_kpcyjb66_tta_hybrid/predicted_lesions/thr0p1_mincc40/scan_0388_pred_lesion.nii.gz
scan_0388,probability_average,none,0.2,0,nan,0.1,0,1,1,0.0,0,nan,-1,nan,-1,nan,-1,-1,nan,-1,/data/data/DA25S005/miccai_tbi/MultiTalentV2_finetuning/checkpoints/validation2025_100/ensemble_2_models_e5ohnz5w_tta_ddp_kpcyjb66_tta_hybrid/predicted_lesions/thr0p2_mincc0/scan_0388_pred_lesion.nii.gz
scan_0388,probability_average,none,0.2,3,nan,0.1,0,1,1,0.0,0,nan,-1,nan,-1,nan,-1,-1,nan,-1,/data/data/DA25S005/miccai_tbi/MultiTalentV2_finetuning/checkpoints/validation2025_100/ensemble_2_models_e5ohnz5w_tta_ddp_kpcyjb66_tta_hybrid/predicted_lesions/thr0p2_mincc3/scan_0388_pred_lesion.nii.gz
scan_0388,probability_average,none,0.2,5,nan,0.1,0,1,1,0.0,0,nan,-1,nan,-1,nan,-1,-1,nan,-1,/data/data/DA25S005/miccai_tbi/MultiTalentV2_finetuning/checkpoints/validation2025_100/ensemble_2_models_e5ohnz5w_tta_ddp_kpcyjb66_tta_hybrid/predicted_lesions/thr0p2_mincc5/scan_0388_pred_lesion.nii.gz
scan_0388,probability_average,none,0.2,10,nan,0.1,0,1,1,0.0,0,nan,-1,nan,-1,nan,-1,-1,nan,-1,/data/data/DA25S005/miccai_tbi/MultiTalentV2_finetuning/checkpoints/validation2025_100/ensemble_2_models_e5ohnz5w_tta_ddp_kpcyjb66_tta_hybrid/predicted_lesions/thr0p2_mincc10/scan_0388_pred_lesion.nii.gz
scan_0388,probability_average,none,0.2,20,nan,0.1,0,1,1,0.0,0,nan,-1,nan,-1,nan,-1,-1,nan,-1,/data/data/DA25S005/miccai_tbi/MultiTalentV2_finetuning/checkpoints/validation2025_100/ensemble_2_models_e5ohnz5w_tta_ddp_kpcyjb66_tta_hybrid/predicted_lesions/thr0p2_mincc20/scan_0388_pred_lesion.nii.gz
scan_0388,probability_average,none,0.2,40,nan,0.1,0,1,1,0.0,0,nan,-1,nan,-1,nan,-1,-1,nan,-1,/data/data/DA25S005/miccai_tbi/MultiTalentV2_finetuning/checkpoints/validation2025_100/ensemble_2_models_e5ohnz5w_tta_ddp_kpcyjb66_tta_hybrid/predicted_lesions/thr0p2_mincc40/scan_0388_pred_lesion.nii.gz
scan_0388,probability_average,none,0.3,0,nan,0.1,0,1,1,0.0,0,nan,-1,nan,-1,nan,-1,-1,nan,-1,/data/data/DA25S005/miccai_tbi/MultiTalentV2_finetuning/checkpoints/validation2025_100/ensemble_2_models_e5ohnz5w_tta_ddp_kpcyjb66_tta_hybrid/predicted_lesions/thr0p3_mincc0/scan_0388_pred_lesion.nii.gz
scan_0388,probability_average,none,0.3,3,nan,0.1,0,1,1,0.0,0,nan,-1,nan,-1,nan,-1,-1,nan,-1,/data/data/DA25S005/miccai_tbi/MultiTalentV2_finetuning/checkpoints/validation2025_100/ensemble_2_models_e5ohnz5w_tta_ddp_kpcyjb66_tta_hybrid/predicted_lesions/thr0p3_mincc3/scan_0388_pred_lesion.nii.gz
scan_0388,probability_average,none,0.3,5,nan,0.1,0,1,1,0.0,0,nan,-1,nan,-1,nan,-1,-1,nan,-1,/data/data/DA25S005/miccai_tbi/MultiTalentV2_finetuning/checkpoints/validation2025_100/ensemble_2_models_e5ohnz5w_tta_ddp_kpcyjb66_tta_hybrid/predicted_lesions/thr0p3_mincc5/scan_0388_pred_lesion.nii.gz
scan_0388,probability_average,none,0.3,10,nan,0.1,0,1,1,0.0,0,nan,-1,nan,-1,nan,-1,-1,nan,-1,/data/data/DA25S005/miccai_tbi/MultiTalentV2_finetuning/checkpoints/validation2025_100/ensemble_2_models_e5ohnz5w_tta_ddp_kpcyjb66_tta_hybrid/predicted_lesions/thr0p3_mincc10/scan_0388_pred_lesion.nii.gz
scan_0388,probability_average,none,0.3,20,nan,0.1,0,1,1,0.0,0,nan,-1,nan,-1,nan,-1,-1,nan,-1,/data/data/DA25S005/miccai_tbi/MultiTalentV2_finetuning/checkpoints/validation2025_100/ensemble_2_models_e5ohnz5w_tta_ddp_kpcyjb66_tta_hybrid/predicted_lesions/thr0p3_mincc20/scan_0388_pred_lesion.nii.gz
scan_0388,probability_average,none,0.3,40,nan,0.1,0,1,1,0.0,0,nan,-1,nan,-1,nan,-1,-1,nan,-1,/data/data/DA25S005/miccai_tbi/MultiTalentV2_finetuning/checkpoints/validation2025_100/ensemble_2_models_e5ohnz5w_tta_ddp_kpcyjb66_tta_hybrid/predicted_lesions/thr0p3_mincc40/scan_0388_pred_lesion.nii.gz
scan_0388,probability_average,none,0.4,0,nan,0.1,0,1,1,0.0,0,nan,-1,nan,-1,nan,-1,-1,nan,-1,/data/data/DA25S005/miccai_tbi/MultiTalentV2_finetuning/checkpoints/validation2025_100/ensemble_2_models_e5ohnz5w_tta_ddp_kpcyjb66_tta_hybrid/predicted_lesions/thr0p4_mincc0/scan_0388_pred_lesion.nii.gz
scan_0388,probability_average,none,0.4,3,nan,0.1,0,1,1,0.0,0,nan,-1,nan,-1,nan,-1,-1,nan,-1,/data/data/DA25S005/miccai_tbi/MultiTalentV2_finetuning/checkpoints/validation2025_100/ensemble_2_models_e5ohnz5w_tta_ddp_kpcyjb66_tta_hybrid/predicted_lesions/thr0p4_mincc3/scan_0388_pred_lesion.nii.gz
scan_0388,probability_average,none,0.4,5,nan,0.1,0,1,1,0.0,0,nan,-1,nan,-1,nan,-1,-1,nan,-1,/data/data/DA25S005/miccai_tbi/MultiTalentV2_finetuning/checkpoints/validation2025_100/ensemble_2_models_e5ohnz5w_tta_ddp_kpcyjb66_tta_hybrid/predicted_lesions/thr0p4_mincc5/scan_0388_pred_lesion.nii.gz
scan_0388,probability_average,none,0.4,10,nan,0.1,0,1,1,0.0,0,nan,-1,nan,-1,nan,-1,-1,nan,-1,/data/data/DA25S005/miccai_tbi/MultiTalentV2_finetuning/checkpoints/validation2025_100/ensemble_2_models_e5ohnz5w_tta_ddp_kpcyjb66_tta_hybrid/predicted_lesions/thr0p4_mincc10/scan_0388_pred_lesion.nii.gz
scan_0388,probability_average,none,0.4,20,nan,0.1,0,1,1,0.0,0,nan,-1,nan,-1,nan,-1,-1,nan,-1,/data/data/DA25S005/miccai_tbi/MultiTalentV2_finetuning/checkpoints/validation2025_100/ensemble_2_models_e5ohnz5w_tta_ddp_kpcyjb66_tta_hybrid/predicted_lesions/thr0p4_mincc20/scan_0388_pred_lesion.nii.gz
scan_0388,probability_average,none,0.4,40,nan,0.1,0,1,1,0.0,0,nan,-1,nan,-1,nan,-1,-1,nan,-1,/data/data/DA25S005/miccai_tbi/MultiTalentV2_finetuning/checkpoints/validation2025_100/ensemble_2_models_e5ohnz5w_tta_ddp_kpcyjb66_tta_hybrid/predicted_lesions/thr0p4_mincc40/scan_0388_pred_lesion.nii.gz
scan_0388,probability_average,none,0.5,0,nan,0.1,0,1,1,0.0,0,nan,-1,nan,-1,nan,-1,-1,nan,-1,/data/data/DA25S005/miccai_tbi/MultiTalentV2_finetuning/checkpoints/validation2025_100/ensemble_2_models_e5ohnz5w_tta_ddp_kpcyjb66_tta_hybrid/predicted_lesions/thr0p5_mincc0/scan_0388_pred_lesion.nii.gz
scan_0388,probability_average,none,0.5,3,nan,0.1,0,1,1,0.0,0,nan,-1,nan,-1,nan,-1,-1,nan,-1,/data/data/DA25S005/miccai_tbi/MultiTalentV2_finetuning/checkpoints/validation2025_100/ensemble_2_models_e5ohnz5w_tta_ddp_kpcyjb66_tta_hybrid/predicted_lesions/thr0p5_mincc3/scan_0388_pred_lesion.nii.gz
scan_0388,probability_average,none,0.5,5,nan,0.1,0,1,1,0.0,0,nan,-1,nan,-1,nan,-1,-1,nan,-1,/data/data/DA25S005/miccai_tbi/MultiTalentV2_finetuning/checkpoints/validation2025_100/ensemble_2_models_e5ohnz5w_tta_ddp_kpcyjb66_tta_hybrid/predicted_lesions/thr0p5_mincc5/scan_0388_pred_lesion.nii.gz
scan_0388,probability_average,none,0.5,10,nan,0.1,0,1,1,0.0,0,nan,-1,nan,-1,nan,-1,-1,nan,-1,/data/data/DA25S005/miccai_tbi/MultiTalentV2_finetuning/checkpoints/validation2025_100/ensemble_2_models_e5ohnz5w_tta_ddp_kpcyjb66_tta_hybrid/predicted_lesions/thr0p5_mincc10/scan_0388_pred_lesion.nii.gz
scan_0388,probability_average,none,0.5,20,nan,0.1,0,1,1,0.0,0,nan,-1,nan,-1,nan,-1,-1,nan,-1,/data/data/DA25S005/miccai_tbi/MultiTalentV2_finetuning/checkpoints/validation2025_100/ensemble_2_models_e5ohnz5w_tta_ddp_kpcyjb66_tta_hybrid/predicted_lesions/thr0p5_mincc20/scan_0388_pred_lesion.nii.gz
scan_0388,probability_average,none,0.5,40,nan,0.1,0,1,1,0.0,0,nan,-1,nan,-1,nan,-1,-1,nan,-1,/data/data/DA25S005/miccai_tbi/MultiTalentV2_finetuning/checkpoints/validation2025_100/ensemble_2_models_e5ohnz5w_tta_ddp_kpcyjb66_tta_hybrid/predicted_lesions/thr0p5_mincc40/scan_0388_pred_lesion.nii.gz
scan_0570,probability_average,none,0.1,0,nan,0.1,0,1,1,0.0,0,nan,-1,nan,-1,nan,-1,-1,nan,-1,/data/data/DA25S005/miccai_tbi/MultiTalentV2_finetuning/checkpoints/validation2025_100/ensemble_2_models_e5ohnz5w_tta_ddp_kpcyjb66_tta_hybrid/predicted_lesions/thr0p1_mincc0/scan_0570_pred_lesion.nii.gz
scan_0570,probability_average,none,0.1,3,nan,0.1,0,1,1,0.0,0,nan,-1,nan,-1,nan,-1,-1,nan,-1,/data/data/DA25S005/miccai_tbi/MultiTalentV2_finetuning/checkpoints/validation2025_100/ensemble_2_models_e5ohnz5w_tta_ddp_kpcyjb66_tta_hybrid/predicted_lesions/thr0p1_mincc3/scan_0570_pred_lesion.nii.gz
scan_0570,probability_average,none,0.1,5,nan,0.1,0,1,1,0.0,0,nan,-1,nan,-1,nan,-1,-1,nan,-1,/data/data/DA25S005/miccai_tbi/MultiTalentV2_finetuning/checkpoints/validation2025_100/ensemble_2_models_e5ohnz5w_tta_ddp_kpcyjb66_tta_hybrid/predicted_lesions/thr0p1_mincc5/scan_0570_pred_lesion.nii.gz
scan_0570,probability_average,none,0.1,10,nan,0.1,0,1,1,0.0,0,nan,-1,nan,-1,nan,-1,-1,nan,-1,/data/data/DA25S005/miccai_tbi/MultiTalentV2_finetuning/checkpoints/validation2025_100/ensemble_2_models_e5ohnz5w_tta_ddp_kpcyjb66_tta_hybrid/predicted_lesions/thr0p1_mincc10/scan_0570_pred_lesion.nii.gz
scan_0570,probability_average,none,0.1,20,nan,0.1,0,1,1,0.0,0,nan,-1,nan,-1,nan,-1,-1,nan,-1,/data/data/DA25S005/miccai_tbi/MultiTalentV2_finetuning/checkpoints/validation2025_100/ensemble_2_models_e5ohnz5w_tta_ddp_kpcyjb66_tta_hybrid/predicted_lesions/thr0p1_mincc20/scan_0570_pred_lesion.nii.gz
scan_0570,probability_average,none,0.1,40,nan,0.1,0,1,1,0.0,0,nan,-1,nan,-1,nan,-1,-1,nan,-1,/data/data/DA25S005/miccai_tbi/MultiTalentV2_finetuning/checkpoints/validation2025_100/ensemble_2_models_e5ohnz5w_tta_ddp_kpcyjb66_tta_hybrid/predicted_lesions/thr0p1_mincc40/scan_0570_pred_lesion.nii.gz
scan_0570,probability_average,none,0.2,0,nan,0.1,0,1,1,0.0,0,nan,-1,nan,-1,nan,-1,-1,nan,-1,/data/data/DA25S005/miccai_tbi/MultiTalentV2_finetuning/checkpoints/validation2025_100/ensemble_2_models_e5ohnz5w_tta_ddp_kpcyjb66_tta_hybrid/predicted_lesions/thr0p2_mincc0/scan_0570_pred_lesion.nii.gz
scan_0570,probability_average,none,0.2,3,nan,0.1,0,1,1,0.0,0,nan,-1,nan,-1,nan,-1,-1,nan,-1,/data/data/DA25S005/miccai_tbi/MultiTalentV2_finetuning/checkpoints/validation2025_100/ensemble_2_models_e5ohnz5w_tta_ddp_kpcyjb66_tta_hybrid/predicted_lesions/thr0p2_mincc3/scan_0570_pred_lesion.nii.gz
scan_0570,probability_average,none,0.2,5,nan,0.1,0,1,1,0.0,0,nan,-1,nan,-1,nan,-1,-1,nan,-1,/data/data/DA25S005/miccai_tbi/MultiTalentV2_finetuning/checkpoints/validation2025_100/ensemble_2_models_e5ohnz5w_tta_ddp_kpcyjb66_tta_hybrid/predicted_lesions/thr0p2_mincc5/scan_0570_pred_lesion.nii.gz
scan_0570,probability_average,none,0.2,10,nan,0.1,0,1,1,0.0,0,nan,-1,nan,-1,nan,-1,-1,nan,-1,/data/data/DA25S005/miccai_tbi/MultiTalentV2_finetuning/checkpoints/validation2025_100/ensemble_2_models_e5ohnz5w_tta_ddp_kpcyjb66_tta_hybrid/predicted_lesions/thr0p2_mincc10/scan_0570_pred_lesion.nii.gz
scan_0570,probability_average,none,0.2,20,nan,0.1,0,1,1,0.0,0,nan,-1,nan,-1,nan,-1,-1,nan,-1,/data/data/DA25S005/miccai_tbi/MultiTalentV2_finetuning/checkpoints/validation2025_100/ensemble_2_models_e5ohnz5w_tta_ddp_kpcyjb66_tta_hybrid/predicted_lesions/thr0p2_mincc20/scan_0570_pred_lesion.nii.gz
scan_0570,probability_average,none,0.2,40,nan,0.1,0,1,1,0.0,0,nan,-1,nan,-1,nan,-1,-1,nan,-1,/data/data/DA25S005/miccai_tbi/MultiTalentV2_finetuning/checkpoints/validation2025_100/ensemble_2_models_e5ohnz5w_tta_ddp_kpcyjb66_tta_hybrid/predicted_lesions/thr0p2_mincc40/scan_0570_pred_lesion.nii.gz
scan_0570,probability_average,none,0.3,0,nan,0.1,0,1,1,0.0,0,nan,-1,nan,-1,nan,-1,-1,nan,-1,/data/data/DA25S005/miccai_tbi/MultiTalentV2_finetuning/checkpoints/validation2025_100/ensemble_2_models_e5ohnz5w_tta_ddp_kpcyjb66_tta_hybrid/predicted_lesions/thr0p3_mincc0/scan_0570_pred_lesion.nii.gz
scan_0570,probability_average,none,0.3,3,nan,0.1,0,1,1,0.0,0,nan,-1,nan,-1,nan,-1,-1,nan,-1,/data/data/DA25S005/miccai_tbi/MultiTalentV2_finetuning/checkpoints/validation2025_100/ensemble_2_models_e5ohnz5w_tta_ddp_kpcyjb66_tta_hybrid/predicted_lesions/thr0p3_mincc3/scan_0570_pred_lesion.nii.gz
scan_0570,probability_average,none,0.3,5,nan,0.1,0,1,1,0.0,0,nan,-1,nan,-1,nan,-1,-1,nan,-1,/data/data/DA25S005/miccai_tbi/MultiTalentV2_finetuning/checkpoints/validation2025_100/ensemble_2_models_e5ohnz5w_tta_ddp_kpcyjb66_tta_hybrid/predicted_lesions/thr0p3_mincc5/scan_0570_pred_lesion.nii.gz
scan_0570,probability_average,none,0.3,10,nan,0.1,0,1,1,0.0,0,nan,-1,nan,-1,nan,-1,-1,nan,-1,/data/data/DA25S005/miccai_tbi/MultiTalentV2_finetuning/checkpoints/validation2025_100/ensemble_2_models_e5ohnz5w_tta_ddp_kpcyjb66_tta_hybrid/predicted_lesions/thr0p3_mincc10/scan_0570_pred_lesion.nii.gz
scan_0570,probability_average,none,0.3,20,nan,0.1,0,1,1,0.0,0,nan,-1,nan,-1,nan,-1,-1,nan,-1,/data/data/DA25S005/miccai_tbi/MultiTalentV2_finetuning/checkpoints/validation2025_100/ensemble_2_models_e5ohnz5w_tta_ddp_kpcyjb66_tta_hybrid/predicted_lesions/thr0p3_mincc20/scan_0570_pred_lesion.nii.gz
scan_0570,probability_average,none,0.3,40,nan,0.1,0,1,1,0.0,0,nan,-1,nan,-1,nan,-1,-1,nan,-1,/data/data/DA25S005/miccai_tbi/MultiTalentV2_finetuning/checkpoints/validation2025_100/ensemble_2_models_e5ohnz5w_tta_ddp_kpcyjb66_tta_hybrid/predicted_lesions/thr0p3_mincc40/scan_0570_pred_lesion.nii.gz
scan_0570,probability_average,none,0.4,0,nan,0.1,0,1,1,0.0,0,nan,-1,nan,-1,nan,-1,-1,nan,-1,/data/data/DA25S005/miccai_tbi/MultiTalentV2_finetuning/checkpoints/validation2025_100/ensemble_2_models_e5ohnz5w_tta_ddp_kpcyjb66_tta_hybrid/predicted_lesions/thr0p4_mincc0/scan_0570_pred_lesion.nii.gz
scan_0570,probability_average,none,0.4,3,nan,0.1,0,1,1,0.0,0,nan,-1,nan,-1,nan,-1,-1,nan,-1,/data/data/DA25S005/miccai_tbi/MultiTalentV2_finetuning/checkpoints/validation2025_100/ensemble_2_models_e5ohnz5w_tta_ddp_kpcyjb66_tta_hybrid/predicted_lesions/thr0p4_mincc3/scan_0570_pred_lesion.nii.gz
scan_0570,probability_average,none,0.4,5,nan,0.1,0,1,1,0.0,0,nan,-1,nan,-1,nan,-1,-1,nan,-1,/data/data/DA25S005/miccai_tbi/MultiTalentV2_finetuning/checkpoints/validation2025_100/ensemble_2_models_e5ohnz5w_tta_ddp_kpcyjb66_tta_hybrid/predicted_lesions/thr0p4_mincc5/scan_0570_pred_lesion.nii.gz
scan_0570,probability_average,none,0.4,10,nan,0.1,0,1,1,0.0,0,nan,-1,nan,-1,nan,-1,-1,nan,-1,/data/data/DA25S005/miccai_tbi/MultiTalentV2_finetuning/checkpoints/validation2025_100/ensemble_2_models_e5ohnz5w_tta_ddp_kpcyjb66_tta_hybrid/predicted_lesions/thr0p4_mincc10/scan_0570_pred_lesion.nii.gz
scan_0570,probability_average,none,0.4,20,nan,0.1,0,1,1,0.0,0,nan,-1,nan,-1,nan,-1,-1,nan,-1,/data/data/DA25S005/miccai_tbi/MultiTalentV2_finetuning/checkpoints/validation2025_100/ensemble_2_models_e5ohnz5w_tta_ddp_kpcyjb66_tta_hybrid/predicted_lesions/thr0p4_mincc20/scan_0570_pred_lesion.nii.gz
scan_0570,probability_average,none,0.4,40,nan,0.1,0,1,1,0.0,0,nan,-1,nan,-1,nan,-1,-1,nan,-1,/data/data/DA25S005/miccai_tbi/MultiTalentV2_finetuning/checkpoints/validation2025_100/ensemble_2_models_e5ohnz5w_tta_ddp_kpcyjb66_tta_hybrid/predicted_lesions/thr0p4_mincc40/scan_0570_pred_lesion.nii.gz
scan_0570,probability_average,none,0.5,0,nan,0.1,0,1,1,0.0,0,nan,-1,nan,-1,nan,-1,-1,nan,-1,/data/data/DA25S005/miccai_tbi/MultiTalentV2_finetuning/checkpoints/validation2025_100/ensemble_2_models_e5ohnz5w_tta_ddp_kpcyjb66_tta_hybrid/predicted_lesions/thr0p5_mincc0/scan_0570_pred_lesion.nii.gz
scan_0570,probability_average,none,0.5,3,nan,0.1,0,1,1,0.0,0,nan,-1,nan,-1,nan,-1,-1,nan,-1,/data/data/DA25S005/miccai_tbi/MultiTalentV2_finetuning/checkpoints/validation2025_100/ensemble_2_models_e5ohnz5w_tta_ddp_kpcyjb66_tta_hybrid/predicted_lesions/thr0p5_mincc3/scan_0570_pred_lesion.nii.gz
scan_0570,probability_average,none,0.5,5,nan,0.1,0,1,1,0.0,0,nan,-1,nan,-1,nan,-1,-1,nan,-1,/data/data/DA25S005/miccai_tbi/MultiTalentV2_finetuning/checkpoints/validation2025_100/ensemble_2_models_e5ohnz5w_tta_ddp_kpcyjb66_tta_hybrid/predicted_lesions/thr0p5_mincc5/scan_0570_pred_lesion.nii.gz
scan_0570,probability_average,none,0.5,10,nan,0.1,0,1,1,0.0,0,nan,-1,nan,-1,nan,-1,-1,nan,-1,/data/data/DA25S005/miccai_tbi/MultiTalentV2_finetuning/checkpoints/validation2025_100/ensemble_2_models_e5ohnz5w_tta_ddp_kpcyjb66_tta_hybrid/predicted_lesions/thr0p5_mincc10/scan_0570_pred_lesion.nii.gz
scan_0570,probability_average,none,0.5,20,nan,0.1,0,1,1,0.0,0,nan,-1,nan,-1,nan,-1,-1,nan,-1,/data/data/DA25S005/miccai_tbi/MultiTalentV2_finetuning/checkpoints/validation2025_100/ensemble_2_models_e5ohnz5w_tta_ddp_kpcyjb66_tta_hybrid/predicted_lesions/thr0p5_mincc20/scan_0570_pred_lesion.nii.gz
scan_0570,probability_average,none,0.5,40,nan,0.1,0,1,1,0.0,0,nan,-1,nan,-1,nan,-1,-1,nan,-1,/data/data/DA25S005/miccai_tbi/MultiTalentV2_finetuning/checkpoints/validation2025_100/ensemble_2_models_e5ohnz5w_tta_ddp_kpcyjb66_tta_hybrid/predicted_lesions/thr0p5_mincc40/scan_0570_pred_lesion.nii.gz
scan_0778,probability_average,none,0.1,0,nan,0.1,0,1,1,0.0,0,nan,-1,nan,-1,nan,-1,-1,nan,-1,/data/data/DA25S005/miccai_tbi/MultiTalentV2_finetuning/checkpoints/validation2025_100/ensemble_2_models_e5ohnz5w_tta_ddp_kpcyjb66_tta_hybrid/predicted_lesions/thr0p1_mincc0/scan_0778_pred_lesion.nii.gz
scan_0778,probability_average,none,0.1,3,nan,0.1,0,1,1,0.0,0,nan,-1,nan,-1,nan,-1,-1,nan,-1,/data/data/DA25S005/miccai_tbi/MultiTalentV2_finetuning/checkpoints/validation2025_100/ensemble_2_models_e5ohnz5w_tta_ddp_kpcyjb66_tta_hybrid/predicted_lesions/thr0p1_mincc3/scan_0778_pred_lesion.nii.gz
scan_0778,probability_average,none,0.1,5,nan,0.1,0,1,1,0.0,0,nan,-1,nan,-1,nan,-1,-1,nan,-1,/data/data/DA25S005/miccai_tbi/MultiTalentV2_finetuning/checkpoints/validation2025_100/ensemble_2_models_e5ohnz5w_tta_ddp_kpcyjb66_tta_hybrid/predicted_lesions/thr0p1_mincc5/scan_0778_pred_lesion.nii.gz
scan_0778,probability_average,none,0.1,10,nan,0.1,0,1,1,0.0,0,nan,-1,nan,-1,nan,-1,-1,nan,-1,/data/data/DA25S005/miccai_tbi/MultiTalentV2_finetuning/checkpoints/validation2025_100/ensemble_2_models_e5ohnz5w_tta_ddp_kpcyjb66_tta_hybrid/predicted_lesions/thr0p1_mincc10/scan_0778_pred_lesion.nii.gz
scan_0778,probability_average,none,0.1,20,nan,0.1,0,1,1,0.0,0,nan,-1,nan,-1,nan,-1,-1,nan,-1,/data/data/DA25S005/miccai_tbi/MultiTalentV2_finetuning/checkpoints/validation2025_100/ensemble_2_models_e5ohnz5w_tta_ddp_kpcyjb66_tta_hybrid/predicted_lesions/thr0p1_mincc20/scan_0778_pred_lesion.nii.gz
scan_0778,probability_average,none,0.1,40,nan,0.1,0,1,1,0.0,0,nan,-1,nan,-1,nan,-1,-1,nan,-1,/data/data/DA25S005/miccai_tbi/MultiTalentV2_finetuning/checkpoints/validation2025_100/ensemble_2_models_e5ohnz5w_tta_ddp_kpcyjb66_tta_hybrid/predicted_lesions/thr0p1_mincc40/scan_0778_pred_lesion.nii.gz
scan_0778,probability_average,none,0.2,0,nan,0.1,0,1,1,0.0,0,nan,-1,nan,-1,nan,-1,-1,nan,-1,/data/data/DA25S005/miccai_tbi/MultiTalentV2_finetuning/checkpoints/validation2025_100/ensemble_2_models_e5ohnz5w_tta_ddp_kpcyjb66_tta_hybrid/predicted_lesions/thr0p2_mincc0/scan_0778_pred_lesion.nii.gz
scan_0778,probability_average,none,0.2,3,nan,0.1,0,1,1,0.0,0,nan,-1,nan,-1,nan,-1,-1,nan,-1,/data/data/DA25S005/miccai_tbi/MultiTalentV2_finetuning/checkpoints/validation2025_100/ensemble_2_models_e5ohnz5w_tta_ddp_kpcyjb66_tta_hybrid/predicted_lesions/thr0p2_mincc3/scan_0778_pred_lesion.nii.gz
scan_0778,probability_average,none,0.2,5,nan,0.1,0,1,1,0.0,0,nan,-1,nan,-1,nan,-1,-1,nan,-1,/data/data/DA25S005/miccai_tbi/MultiTalentV2_finetuning/checkpoints/validation2025_100/ensemble_2_models_e5ohnz5w_tta_ddp_kpcyjb66_tta_hybrid/predicted_lesions/thr0p2_mincc5/scan_0778_pred_lesion.nii.gz
scan_0778,probability_average,none,0.2,10,nan,0.1,0,1,1,0.0,0,nan,-1,nan,-1,nan,-1,-1,nan,-1,/data/data/DA25S005/miccai_tbi/MultiTalentV2_finetuning/checkpoints/validation2025_100/ensemble_2_models_e5ohnz5w_tta_ddp_kpcyjb66_tta_hybrid/predicted_lesions/thr0p2_mincc10/scan_0778_pred_lesion.nii.gz
scan_0778,probability_average,none,0.2,20,nan,0.1,0,1,1,0.0,0,nan,-1,nan,-1,nan,-1,-1,nan,-1,/data/data/DA25S005/miccai_tbi/MultiTalentV2_finetuning/checkpoints/validation2025_100/ensemble_2_models_e5ohnz5w_tta_ddp_kpcyjb66_tta_hybrid/predicted_lesions/thr0p2_mincc20/scan_0778_pred_lesion.nii.gz
scan_0778,probability_average,none,0.2,40,nan,0.1,0,1,1,0.0,0,nan,-1,nan,-1,nan,-1,-1,nan,-1,/data/data/DA25S005/miccai_tbi/MultiTalentV2_finetuning/checkpoints/validation2025_100/ensemble_2_models_e5ohnz5w_tta_ddp_kpcyjb66_tta_hybrid/predicted_lesions/thr0p2_mincc40/scan_0778_pred_lesion.nii.gz
scan_0778,probability_average,none,0.3,0,nan,0.1,0,1,1,0.0,0,nan,-1,nan,-1,nan,-1,-1,nan,-1,/data/data/DA25S005/miccai_tbi/MultiTalentV2_finetuning/checkpoints/validation2025_100/ensemble_2_models_e5ohnz5w_tta_ddp_kpcyjb66_tta_hybrid/predicted_lesions/thr0p3_mincc0/scan_0778_pred_lesion.nii.gz
scan_0778,probability_average,none,0.3,3,nan,0.1,0,1,1,0.0,0,nan,-1,nan,-1,nan,-1,-1,nan,-1,/data/data/DA25S005/miccai_tbi/MultiTalentV2_finetuning/checkpoints/validation2025_100/ensemble_2_models_e5ohnz5w_tta_ddp_kpcyjb66_tta_hybrid/predicted_lesions/thr0p3_mincc3/scan_0778_pred_lesion.nii.gz
scan_0778,probability_average,none,0.3,5,nan,0.1,0,1,1,0.0,0,nan,-1,nan,-1,nan,-1,-1,nan,-1,/data/data/DA25S005/miccai_tbi/MultiTalentV2_finetuning/checkpoints/validation2025_100/ensemble_2_models_e5ohnz5w_tta_ddp_kpcyjb66_tta_hybrid/predicted_lesions/thr0p3_mincc5/scan_0778_pred_lesion.nii.gz
scan_0778,probability_average,none,0.3,10,nan,0.1,0,1,1,0.0,0,nan,-1,nan,-1,nan,-1,-1,nan,-1,/data/data/DA25S005/miccai_tbi/MultiTalentV2_finetuning/checkpoints/validation2025_100/ensemble_2_models_e5ohnz5w_tta_ddp_kpcyjb66_tta_hybrid/predicted_lesions/thr0p3_mincc10/scan_0778_pred_lesion.nii.gz
scan_0778,probability_average,none,0.3,20,nan,0.1,0,1,1,0.0,0,nan,-1,nan,-1,nan,-1,-1,nan,-1,/data/data/DA25S005/miccai_tbi/MultiTalentV2_finetuning/checkpoints/validation2025_100/ensemble_2_models_e5ohnz5w_tta_ddp_kpcyjb66_tta_hybrid/predicted_lesions/thr0p3_mincc20/scan_0778_pred_lesion.nii.gz
scan_0778,probability_average,none,0.3,40,nan,0.1,0,1,1,0.0,0,nan,-1,nan,-1,nan,-1,-1,nan,-1,/data/data/DA25S005/miccai_tbi/MultiTalentV2_finetuning/checkpoints/validation2025_100/ensemble_2_models_e5ohnz5w_tta_ddp_kpcyjb66_tta_hybrid/predicted_lesions/thr0p3_mincc40/scan_0778_pred_lesion.nii.gz
scan_0778,probability_average,none,0.4,0,nan,0.1,0,1,1,0.0,0,nan,-1,nan,-1,nan,-1,-1,nan,-1,/data/data/DA25S005/miccai_tbi/MultiTalentV2_finetuning/checkpoints/validation2025_100/ensemble_2_models_e5ohnz5w_tta_ddp_kpcyjb66_tta_hybrid/predicted_lesions/thr0p4_mincc0/scan_0778_pred_lesion.nii.gz
scan_0778,probability_average,none,0.4,3,nan,0.1,0,1,1,0.0,0,nan,-1,nan,-1,nan,-1,-1,nan,-1,/data/data/DA25S005/miccai_tbi/MultiTalentV2_finetuning/checkpoints/validation2025_100/ensemble_2_models_e5ohnz5w_tta_ddp_kpcyjb66_tta_hybrid/predicted_lesions/thr0p4_mincc3/scan_0778_pred_lesion.nii.gz
scan_0778,probability_average,none,0.4,5,nan,0.1,0,1,1,0.0,0,nan,-1,nan,-1,nan,-1,-1,nan,-1,/data/data/DA25S005/miccai_tbi/MultiTalentV2_finetuning/checkpoints/validation2025_100/ensemble_2_models_e5ohnz5w_tta_ddp_kpcyjb66_tta_hybrid/predicted_lesions/thr0p4_mincc5/scan_0778_pred_lesion.nii.gz
scan_0778,probability_average,none,0.4,10,nan,0.1,0,1,1,0.0,0,nan,-1,nan,-1,nan,-1,-1,nan,-1,/data/data/DA25S005/miccai_tbi/MultiTalentV2_finetuning/checkpoints/validation2025_100/ensemble_2_models_e5ohnz5w_tta_ddp_kpcyjb66_tta_hybrid/predicted_lesions/thr0p4_mincc10/scan_0778_pred_lesion.nii.gz
scan_0778,probability_average,none,0.4,20,nan,0.1,0,1,1,0.0,0,nan,-1,nan,-1,nan,-1,-1,nan,-1,/data/data/DA25S005/miccai_tbi/MultiTalentV2_finetuning/checkpoints/validation2025_100/ensemble_2_models_e5ohnz5w_tta_ddp_kpcyjb66_tta_hybrid/predicted_lesions/thr0p4_mincc20/scan_0778_pred_lesion.nii.gz
scan_0778,probability_average,none,0.4,40,nan,0.1,0,1,1,0.0,0,nan,-1,nan,-1,nan,-1,-1,nan,-1,/data/data/DA25S005/miccai_tbi/MultiTalentV2_finetuning/checkpoints/validation2025_100/ensemble_2_models_e5ohnz5w_tta_ddp_kpcyjb66_tta_hybrid/predicted_lesions/thr0p4_mincc40/scan_0778_pred_lesion.nii.gz
scan_0778,probability_average,none,0.5,0,nan,0.1,0,1,1,0.0,0,nan,-1,nan,-1,nan,-1,-1,nan,-1,/data/data/DA25S005/miccai_tbi/MultiTalentV2_finetuning/checkpoints/validation2025_100/ensemble_2_models_e5ohnz5w_tta_ddp_kpcyjb66_tta_hybrid/predicted_lesions/thr0p5_mincc0/scan_0778_pred_lesion.nii.gz
scan_0778,probability_average,none,0.5,3,nan,0.1,0,1,1,0.0,0,nan,-1,nan,-1,nan,-1,-1,nan,-1,/data/data/DA25S005/miccai_tbi/MultiTalentV2_finetuning/checkpoints/validation2025_100/ensemble_2_models_e5ohnz5w_tta_ddp_kpcyjb66_tta_hybrid/predicted_lesions/thr0p5_mincc3/scan_0778_pred_lesion.nii.gz
scan_0778,probability_average,none,0.5,5,nan,0.1,0,1,1,0.0,0,nan,-1,nan,-1,nan,-1,-1,nan,-1,/data/data/DA25S005/miccai_tbi/MultiTalentV2_finetuning/checkpoints/validation2025_100/ensemble_2_models_e5ohnz5w_tta_ddp_kpcyjb66_tta_hybrid/predicted_lesions/thr0p5_mincc5/scan_0778_pred_lesion.nii.gz
scan_0778,probability_average,none,0.5,10,nan,0.1,0,1,1,0.0,0,nan,-1,nan,-1,nan,-1,-1,nan,-1,/data/data/DA25S005/miccai_tbi/MultiTalentV2_finetuning/checkpoints/validation2025_100/ensemble_2_models_e5ohnz5w_tta_ddp_kpcyjb66_tta_hybrid/predicted_lesions/thr0p5_mincc10/scan_0778_pred_lesion.nii.gz
scan_0778,probability_average,none,0.5,20,nan,0.1,0,1,1,0.0,0,nan,-1,nan,-1,nan,-1,-1,nan,-1,/data/data/DA25S005/miccai_tbi/MultiTalentV2_finetuning/checkpoints/validation2025_100/ensemble_2_models_e5ohnz5w_tta_ddp_kpcyjb66_tta_hybrid/predicted_lesions/thr0p5_mincc20/scan_0778_pred_lesion.nii.gz
scan_0778,probability_average,none,0.5,40,nan,0.1,0,1,1,0.0,0,nan,-1,nan,-1,nan,-1,-1,nan,-1,/data/data/DA25S005/miccai_tbi/MultiTalentV2_finetuning/checkpoints/validation2025_100/ensemble_2_models_e5ohnz5w_tta_ddp_kpcyjb66_tta_hybrid/predicted_lesions/thr0p5_mincc40/scan_0778_pred_lesion.nii.gz
scan_1015,probability_average,none,0.1,0,nan,0.1,0,1,1,0.0,0,nan,-1,nan,-1,nan,-1,-1,nan,-1,/data/data/DA25S005/miccai_tbi/MultiTalentV2_finetuning/checkpoints/validation2025_100/ensemble_2_models_e5ohnz5w_tta_ddp_kpcyjb66_tta_hybrid/predicted_lesions/thr0p1_mincc0/scan_1015_pred_lesion.nii.gz
scan_1015,probability_average,none,0.1,3,nan,0.1,0,1,1,0.0,0,nan,-1,nan,-1,nan,-1,-1,nan,-1,/data/data/DA25S005/miccai_tbi/MultiTalentV2_finetuning/checkpoints/validation2025_100/ensemble_2_models_e5ohnz5w_tta_ddp_kpcyjb66_tta_hybrid/predicted_lesions/thr0p1_mincc3/scan_1015_pred_lesion.nii.gz
scan_1015,probability_average,none,0.1,5,nan,0.1,0,1,1,0.0,0,nan,-1,nan,-1,nan,-1,-1,nan,-1,/data/data/DA25S005/miccai_tbi/MultiTalentV2_finetuning/checkpoints/validation2025_100/ensemble_2_models_e5ohnz5w_tta_ddp_kpcyjb66_tta_hybrid/predicted_lesions/thr0p1_mincc5/scan_1015_pred_lesion.nii.gz
scan_1015,probability_average,none,0.1,10,nan,0.1,0,1,1,0.0,0,nan,-1,nan,-1,nan,-1,-1,nan,-1,/data/data/DA25S005/miccai_tbi/MultiTalentV2_finetuning/checkpoints/validation2025_100/ensemble_2_models_e5ohnz5w_tta_ddp_kpcyjb66_tta_hybrid/predicted_lesions/thr0p1_mincc10/scan_1015_pred_lesion.nii.gz
scan_1015,probability_average,none,0.1,20,nan,0.1,0,1,1,0.0,0,nan,-1,nan,-1,nan,-1,-1,nan,-1,/data/data/DA25S005/miccai_tbi/MultiTalentV2_finetuning/checkpoints/validation2025_100/ensemble_2_models_e5ohnz5w_tta_ddp_kpcyjb66_tta_hybrid/predicted_lesions/thr0p1_mincc20/scan_1015_pred_lesion.nii.gz
scan_1015,probability_average,none,0.1,40,nan,0.1,0,1,1,0.0,0,nan,-1,nan,-1,nan,-1,-1,nan,-1,/data/data/DA25S005/miccai_tbi/MultiTalentV2_finetuning/checkpoints/validation2025_100/ensemble_2_models_e5ohnz5w_tta_ddp_kpcyjb66_tta_hybrid/predicted_lesions/thr0p1_mincc40/scan_1015_pred_lesion.nii.gz
scan_1015,probability_average,none,0.2,0,nan,0.1,0,1,1,0.0,0,nan,-1,nan,-1,nan,-1,-1,nan,-1,/data/data/DA25S005/miccai_tbi/MultiTalentV2_finetuning/checkpoints/validation2025_100/ensemble_2_models_e5ohnz5w_tta_ddp_kpcyjb66_tta_hybrid/predicted_lesions/thr0p2_mincc0/scan_1015_pred_lesion.nii.gz
scan_1015,probability_average,none,0.2,3,nan,0.1,0,1,1,0.0,0,nan,-1,nan,-1,nan,-1,-1,nan,-1,/data/data/DA25S005/miccai_tbi/MultiTalentV2_finetuning/checkpoints/validation2025_100/ensemble_2_models_e5ohnz5w_tta_ddp_kpcyjb66_tta_hybrid/predicted_lesions/thr0p2_mincc3/scan_1015_pred_lesion.nii.gz
scan_1015,probability_average,none,0.2,5,nan,0.1,0,1,1,0.0,0,nan,-1,nan,-1,nan,-1,-1,nan,-1,/data/data/DA25S005/miccai_tbi/MultiTalentV2_finetuning/checkpoints/validation2025_100/ensemble_2_models_e5ohnz5w_tta_ddp_kpcyjb66_tta_hybrid/predicted_lesions/thr0p2_mincc5/scan_1015_pred_lesion.nii.gz
scan_1015,probability_average,none,0.2,10,nan,0.1,0,1,1,0.0,0,nan,-1,nan,-1,nan,-1,-1,nan,-1,/data/data/DA25S005/miccai_tbi/MultiTalentV2_finetuning/checkpoints/validation2025_100/ensemble_2_models_e5ohnz5w_tta_ddp_kpcyjb66_tta_hybrid/predicted_lesions/thr0p2_mincc10/scan_1015_pred_lesion.nii.gz
scan_1015,probability_average,none,0.2,20,nan,0.1,0,1,1,0.0,0,nan,-1,nan,-1,nan,-1,-1,nan,-1,/data/data/DA25S005/miccai_tbi/MultiTalentV2_finetuning/checkpoints/validation2025_100/ensemble_2_models_e5ohnz5w_tta_ddp_kpcyjb66_tta_hybrid/predicted_lesions/thr0p2_mincc20/scan_1015_pred_lesion.nii.gz
scan_1015,probability_average,none,0.2,40,nan,0.1,0,1,1,0.0,0,nan,-1,nan,-1,nan,-1,-1,nan,-1,/data/data/DA25S005/miccai_tbi/MultiTalentV2_finetuning/checkpoints/validation2025_100/ensemble_2_models_e5ohnz5w_tta_ddp_kpcyjb66_tta_hybrid/predicted_lesions/thr0p2_mincc40/scan_1015_pred_lesion.nii.gz
scan_1015,probability_average,none,0.3,0,nan,0.1,0,1,1,0.0,0,nan,-1,nan,-1,nan,-1,-1,nan,-1,/data/data/DA25S005/miccai_tbi/MultiTalentV2_finetuning/checkpoints/validation2025_100/ensemble_2_models_e5ohnz5w_tta_ddp_kpcyjb66_tta_hybrid/predicted_lesions/thr0p3_mincc0/scan_1015_pred_lesion.nii.gz
scan_1015,probability_average,none,0.3,3,nan,0.1,0,1,1,0.0,0,nan,-1,nan,-1,nan,-1,-1,nan,-1,/data/data/DA25S005/miccai_tbi/MultiTalentV2_finetuning/checkpoints/validation2025_100/ensemble_2_models_e5ohnz5w_tta_ddp_kpcyjb66_tta_hybrid/predicted_lesions/thr0p3_mincc3/scan_1015_pred_lesion.nii.gz
scan_1015,probability_average,none,0.3,5,nan,0.1,0,1,1,0.0,0,nan,-1,nan,-1,nan,-1,-1,nan,-1,/data/data/DA25S005/miccai_tbi/MultiTalentV2_finetuning/checkpoints/validation2025_100/ensemble_2_models_e5ohnz5w_tta_ddp_kpcyjb66_tta_hybrid/predicted_lesions/thr0p3_mincc5/scan_1015_pred_lesion.nii.gz
scan_1015,probability_average,none,0.3,10,nan,0.1,0,1,1,0.0,0,nan,-1,nan,-1,nan,-1,-1,nan,-1,/data/data/DA25S005/miccai_tbi/MultiTalentV2_finetuning/checkpoints/validation2025_100/ensemble_2_models_e5ohnz5w_tta_ddp_kpcyjb66_tta_hybrid/predicted_lesions/thr0p3_mincc10/scan_1015_pred_lesion.nii.gz
scan_1015,probability_average,none,0.3,20,nan,0.1,0,1,1,0.0,0,nan,-1,nan,-1,nan,-1,-1,nan,-1,/data/data/DA25S005/miccai_tbi/MultiTalentV2_finetuning/checkpoints/validation2025_100/ensemble_2_models_e5ohnz5w_tta_ddp_kpcyjb66_tta_hybrid/predicted_lesions/thr0p3_mincc20/scan_1015_pred_lesion.nii.gz
scan_1015,probability_average,none,0.3,40,nan,0.1,0,1,1,0.0,0,nan,-1,nan,-1,nan,-1,-1,nan,-1,/data/data/DA25S005/miccai_tbi/MultiTalentV2_finetuning/checkpoints/validation2025_100/ensemble_2_models_e5ohnz5w_tta_ddp_kpcyjb66_tta_hybrid/predicted_lesions/thr0p3_mincc40/scan_1015_pred_lesion.nii.gz
scan_1015,probability_average,none,0.4,0,nan,0.1,0,1,1,0.0,0,nan,-1,nan,-1,nan,-1,-1,nan,-1,/data/data/DA25S005/miccai_tbi/MultiTalentV2_finetuning/checkpoints/validation2025_100/ensemble_2_models_e5ohnz5w_tta_ddp_kpcyjb66_tta_hybrid/predicted_lesions/thr0p4_mincc0/scan_1015_pred_lesion.nii.gz
scan_1015,probability_average,none,0.4,3,nan,0.1,0,1,1,0.0,0,nan,-1,nan,-1,nan,-1,-1,nan,-1,/data/data/DA25S005/miccai_tbi/MultiTalentV2_finetuning/checkpoints/validation2025_100/ensemble_2_models_e5ohnz5w_tta_ddp_kpcyjb66_tta_hybrid/predicted_lesions/thr0p4_mincc3/scan_1015_pred_lesion.nii.gz
scan_1015,probability_average,none,0.4,5,nan,0.1,0,1,1,0.0,0,nan,-1,nan,-1,nan,-1,-1,nan,-1,/data/data/DA25S005/miccai_tbi/MultiTalentV2_finetuning/checkpoints/validation2025_100/ensemble_2_models_e5ohnz5w_tta_ddp_kpcyjb66_tta_hybrid/predicted_lesions/thr0p4_mincc5/scan_1015_pred_lesion.nii.gz
scan_1015,probability_average,none,0.4,10,nan,0.1,0,1,1,0.0,0,nan,-1,nan,-1,nan,-1,-1,nan,-1,/data/data/DA25S005/miccai_tbi/MultiTalentV2_finetuning/checkpoints/validation2025_100/ensemble_2_models_e5ohnz5w_tta_ddp_kpcyjb66_tta_hybrid/predicted_lesions/thr0p4_mincc10/scan_1015_pred_lesion.nii.gz
scan_1015,probability_average,none,0.4,20,nan,0.1,0,1,1,0.0,0,nan,-1,nan,-1,nan,-1,-1,nan,-1,/data/data/DA25S005/miccai_tbi/MultiTalentV2_finetuning/checkpoints/validation2025_100/ensemble_2_models_e5ohnz5w_tta_ddp_kpcyjb66_tta_hybrid/predicted_lesions/thr0p4_mincc20/scan_1015_pred_lesion.nii.gz
scan_1015,probability_average,none,0.4,40,nan,0.1,0,1,1,0.0,0,nan,-1,nan,-1,nan,-1,-1,nan,-1,/data/data/DA25S005/miccai_tbi/MultiTalentV2_finetuning/checkpoints/validation2025_100/ensemble_2_models_e5ohnz5w_tta_ddp_kpcyjb66_tta_hybrid/predicted_lesions/thr0p4_mincc40/scan_1015_pred_lesion.nii.gz
scan_1015,probability_average,none,0.5,0,nan,0.1,0,1,1,0.0,0,nan,-1,nan,-1,nan,-1,-1,nan,-1,/data/data/DA25S005/miccai_tbi/MultiTalentV2_finetuning/checkpoints/validation2025_100/ensemble_2_models_e5ohnz5w_tta_ddp_kpcyjb66_tta_hybrid/predicted_lesions/thr0p5_mincc0/scan_1015_pred_lesion.nii.gz
scan_1015,probability_average,none,0.5,3,nan,0.1,0,1,1,0.0,0,nan,-1,nan,-1,nan,-1,-1,nan,-1,/data/data/DA25S005/miccai_tbi/MultiTalentV2_finetuning/checkpoints/validation2025_100/ensemble_2_models_e5ohnz5w_tta_ddp_kpcyjb66_tta_hybrid/predicted_lesions/thr0p5_mincc3/scan_1015_pred_lesion.nii.gz
scan_1015,probability_average,none,0.5,5,nan,0.1,0,1,1,0.0,0,nan,-1,nan,-1,nan,-1,-1,nan,-1,/data/data/DA25S005/miccai_tbi/MultiTalentV2_finetuning/checkpoints/validation2025_100/ensemble_2_models_e5ohnz5w_tta_ddp_kpcyjb66_tta_hybrid/predicted_lesions/thr0p5_mincc5/scan_1015_pred_lesion.nii.gz
scan_1015,probability_average,none,0.5,10,nan,0.1,0,1,1,0.0,0,nan,-1,nan,-1,nan,-1,-1,nan,-1,/data/data/DA25S005/miccai_tbi/MultiTalentV2_finetuning/checkpoints/validation2025_100/ensemble_2_models_e5ohnz5w_tta_ddp_kpcyjb66_tta_hybrid/predicted_lesions/thr0p5_mincc10/scan_1015_pred_lesion.nii.gz
scan_1015,probability_average,none,0.5,20,nan,0.1,0,1,1,0.0,0,nan,-1,nan,-1,nan,-1,-1,nan,-1,/data/data/DA25S005/miccai_tbi/MultiTalentV2_finetuning/checkpoints/validation2025_100/ensemble_2_models_e5ohnz5w_tta_ddp_kpcyjb66_tta_hybrid/predicted_lesions/thr0p5_mincc20/scan_1015_pred_lesion.nii.gz
scan_1015,probability_average,none,0.5,40,nan,0.1,0,1,1,0.0,0,nan,-1,nan,-1,nan,-1,-1,nan,-1,/data/data/DA25S005/miccai_tbi/MultiTalentV2_finetuning/checkpoints/validation2025_100/ensemble_2_models_e5ohnz5w_tta_ddp_kpcyjb66_tta_hybrid/predicted_lesions/thr0p5_mincc40/scan_1015_pred_lesion.nii.gz
