threshold,min_component_voxels,case_id,dice,precision,recall,gt_voxels,gt_category,pred_voxels,pred_category,tp,fp,fn,missed_positive,empty_false_positive
0.35,0,0020,0.24556962025316456,0.3288135593220339,0.19595959595959597,495,tiny,295,tiny,97,198,398,0,0
0.35,3,0020,0.24556962025316456,0.3288135593220339,0.19595959595959597,495,tiny,295,tiny,97,198,398,0,0
0.35,5,0020,0.24556962025316456,0.3288135593220339,0.19595959595959597,495,tiny,295,tiny,97,198,398,0,0
0.35,10,0020,0.24556962025316456,0.3288135593220339,0.19595959595959597,495,tiny,295,tiny,97,198,398,0,0
0.35,20,0020,0.24556962025316456,0.3288135593220339,0.19595959595959597,495,tiny,295,tiny,97,198,398,0,0
0.4,0,0020,0.2336328626444159,0.3204225352112676,0.18383838383838383,495,tiny,284,tiny,91,193,404,0,0
0.4,3,0020,0.2336328626444159,0.3204225352112676,0.18383838383838383,495,tiny,284,tiny,91,193,404,0,0
0.4,5,0020,0.2336328626444159,0.3204225352112676,0.18383838383838383,495,tiny,284,tiny,91,193,404,0,0
0.4,10,0020,0.2336328626444159,0.3204225352112676,0.18383838383838383,495,tiny,284,tiny,91,193,404,0,0
0.4,20,0020,0.2336328626444159,0.3204225352112676,0.18383838383838383,495,tiny,284,tiny,91,193,404,0,0
0.45,0,0020,0.22077922077922077,0.3090909090909091,0.1717171717171717,495,tiny,275,tiny,85,190,410,0,0
0.45,3,0020,0.22077922077922077,0.3090909090909091,0.1717171717171717,495,tiny,275,tiny,85,190,410,0,0
0.45,5,0020,0.22077922077922077,0.3090909090909091,0.1717171717171717,495,tiny,275,tiny,85,190,410,0,0
0.45,10,0020,0.22077922077922077,0.3090909090909091,0.1717171717171717,495,tiny,275,tiny,85,190,410,0,0
0.45,20,0020,0.22077922077922077,0.3090909090909091,0.1717171717171717,495,tiny,275,tiny,85,190,410,0,0
0.5,0,0020,0.2073490813648294,0.2958801498127341,0.1595959595959596,495,tiny,267,tiny,79,188,416,0,0
0.5,3,0020,0.2073490813648294,0.2958801498127341,0.1595959595959596,495,tiny,267,tiny,79,188,416,0,0
0.5,5,0020,0.2073490813648294,0.2958801498127341,0.1595959595959596,495,tiny,267,tiny,79,188,416,0,0
0.5,10,0020,0.2073490813648294,0.2958801498127341,0.1595959595959596,495,tiny,267,tiny,79,188,416,0,0
0.5,20,0020,0.16890080428954424,0.250996015936255,0.12727272727272726,495,tiny,251,tiny,63,188,432,0,0
0.55,0,0020,0.19337748344370861,0.28076923076923077,0.14747474747474748,495,tiny,260,tiny,73,187,422,0,0
0.55,3,0020,0.19337748344370861,0.28076923076923077,0.14747474747474748,495,tiny,260,tiny,73,187,422,0,0
0.55,5,0020,0.19337748344370861,0.28076923076923077,0.14747474747474748,495,tiny,260,tiny,73,187,422,0,0
0.55,10,0020,0.19337748344370861,0.28076923076923077,0.14747474747474748,495,tiny,260,tiny,73,187,422,0,0
0.55,20,0020,0.16172506738544473,0.242914979757085,0.12121212121212122,495,tiny,247,tiny,60,187,435,0,0
0.35,0,0021,0.8287671232876712,0.7707006369426752,0.8962962962962963,135,tiny,157,tiny,121,36,14,0,0
0.35,3,0021,0.8316151202749141,0.7756410256410257,0.8962962962962963,135,tiny,156,tiny,121,35,14,0,0
0.35,5,0021,0.8316151202749141,0.7756410256410257,0.8962962962962963,135,tiny,156,tiny,121,35,14,0,0
0.35,10,0021,0.8316151202749141,0.7756410256410257,0.8962962962962963,135,tiny,156,tiny,121,35,14,0,0
0.35,20,0021,0.8673835125448028,0.8402777777777778,0.8962962962962963,135,tiny,144,tiny,121,23,14,0,0
0.4,0,0021,0.8344827586206897,0.7806451612903226,0.8962962962962963,135,tiny,155,tiny,121,34,14,0,0
0.4,3,0021,0.8373702422145328,0.7857142857142857,0.8962962962962963,135,tiny,154,tiny,121,33,14,0,0
0.4,5,0021,0.8373702422145328,0.7857142857142857,0.8962962962962963,135,tiny,154,tiny,121,33,14,0,0
0.4,10,0021,0.8373702422145328,0.7857142857142857,0.8962962962962963,135,tiny,154,tiny,121,33,14,0,0
0.4,20,0021,0.8673835125448028,0.8402777777777778,0.8962962962962963,135,tiny,144,tiny,121,23,14,0,0
0.45,0,0021,0.8432055749128919,0.7960526315789473,0.8962962962962963,135,tiny,152,tiny,121,31,14,0,0
0.45,3,0021,0.8461538461538461,0.8013245033112583,0.8962962962962963,135,tiny,151,tiny,121,30,14,0,0
0.45,5,0021,0.8461538461538461,0.8013245033112583,0.8962962962962963,135,tiny,151,tiny,121,30,14,0,0
0.45,10,0021,0.8736462093862816,0.852112676056338,0.8962962962962963,135,tiny,142,tiny,121,21,14,0,0
0.45,20,0021,0.8736462093862816,0.852112676056338,0.8962962962962963,135,tiny,142,tiny,121,21,14,0,0
0.5,0,0021,0.8491228070175438,0.8066666666666666,0.8962962962962963,135,tiny,150,tiny,121,29,14,0,0
0.5,3,0021,0.852112676056338,0.8120805369127517,0.8962962962962963,135,tiny,149,tiny,121,28,14,0,0
0.5,5,0021,0.852112676056338,0.8120805369127517,0.8962962962962963,135,tiny,149,tiny,121,28,14,0,0
0.5,10,0021,0.8768115942028986,0.8581560283687943,0.8962962962962963,135,tiny,141,tiny,121,20,14,0,0
0.5,20,0021,0.8768115942028986,0.8581560283687943,0.8962962962962963,135,tiny,141,tiny,121,20,14,0,0
0.55,0,0021,0.8540925266903915,0.821917808219178,0.8888888888888888,135,tiny,146,tiny,120,26,15,0,0
0.55,3,0021,0.8571428571428571,0.8275862068965517,0.8888888888888888,135,tiny,145,tiny,120,25,15,0,0
0.55,5,0021,0.8571428571428571,0.8275862068965517,0.8888888888888888,135,tiny,145,tiny,120,25,15,0,0
0.55,10,0021,0.8791208791208791,0.8695652173913043,0.8888888888888888,135,tiny,138,tiny,120,18,15,0,0
0.55,20,0021,0.8791208791208791,0.8695652173913043,0.8888888888888888,135,tiny,138,tiny,120,18,15,0,0
0.35,0,0029,0.6160934671713016,0.5844520761785825,0.651356993736952,2898,small,3203,small,1872,1331,1002,0,0
0.35,3,0029,0.6162962962962963,0.584817244611059,0.651356993736952,2898,small,3201,small,1872,1329,1002,0,0
0.35,5,0029,0.6162962962962963,0.584817244611059,0.651356993736952,2898,small,3201,small,1872,1329,1002,0,0
0.35,10,0029,0.6162962962962963,0.584817244611059,0.651356993736952,2898,small,3201,small,1872,1329,1002,0,0
0.35,20,0029,0.6162962962962963,0.584817244611059,0.651356993736952,2898,small,3201,small,1872,1329,1002,0,0
0.4,0,0029,0.6170283806343907,0.5930680359435173,0.6430062630480167,2898,small,3116,small,1848,1268,1026,0,0
0.4,3,0029,0.6171314075805644,0.5932584269662922,0.6430062630480167,2898,small,3115,small,1848,1267,1026,0,0
0.4,5,0029,0.6171314075805644,0.5932584269662922,0.6430062630480167,2898,small,3115,small,1848,1267,1026,0,0
0.4,10,0029,0.6171314075805644,0.5932584269662922,0.6430062630480167,2898,small,3115,small,1848,1267,1026,0,0
0.4,20,0029,0.6170854271356784,0.5949612403100775,0.6409185803757829,2898,small,3096,small,1842,1254,1032,0,0
0.45,0,0029,0.6199797502531218,0.6019003931847968,0.6391788448155881,2898,small,3052,small,1837,1215,1037,0,0
0.45,3,0029,0.620084388185654,0.6020976728941331,0.6391788448155881,2898,small,3051,small,1837,1214,1037,0,0
0.45,5,0029,0.620084388185654,0.6020976728941331,0.6391788448155881,2898,small,3051,small,1837,1214,1037,0,0
0.45,10,0029,0.620084388185654,0.6020976728941331,0.6391788448155881,2898,small,3051,small,1837,1214,1037,0,0
0.45,20,0029,0.6200474094141551,0.603891820580475,0.6370911621433543,2898,small,3032,small,1831,1201,1043,0,0
0.5,0,0029,0.6205601092896175,0.6093226022803487,0.6322199025748086,2898,small,2982,small,1817,1165,1057,0,0
0.5,3,0029,0.62066609735269,0.6095270043609528,0.6322199025748086,2898,small,2981,small,1817,1164,1057,0,0
0.5,5,0029,0.62066609735269,0.6095270043609528,0.6322199025748086,2898,small,2981,small,1817,1164,1057,0,0
0.5,10,0029,0.62066609735269,0.6095270043609528,0.6322199025748086,2898,small,2981,small,1817,1164,1057,0,0
0.5,20,0029,0.6206305688827964,0.611411208642809,0.6301322199025748,2898,small,2962,small,1811,1151,1063,0,0
0.55,0,0029,0.6241355463347165,0.6202749140893471,0.628044537230341,2898,small,2910,small,1805,1105,1069,0,0
0.55,3,0029,0.624243472246239,0.6204881402543829,0.628044537230341,2898,small,2909,small,1805,1104,1069,0,0
0.55,5,0029,0.624243472246239,0.6204881402543829,0.628044537230341,2898,small,2909,small,1805,1104,1069,0,0
0.55,10,0029,0.624243472246239,0.6204881402543829,0.628044537230341,2898,small,2909,small,1805,1104,1069,0,0
0.55,20,0029,0.6242192921582235,0.6224913494809688,0.6259568545581071,2898,small,2890,small,1799,1091,1075,0,0
0.35,0,0036,0.5164410058027079,0.6205179282868526,0.4422621864647421,4226,small,3012,small,1869,1143,2357,0,0
0.35,3,0036,0.5165837479270315,0.6209302325581395,0.4422621864647421,4226,small,3010,small,1869,1141,2357,0,0
0.35,5,0036,0.5168694690265486,0.6217564870259481,0.4422621864647421,4226,small,3006,small,1869,1137,2357,0,0
0.35,10,0036,0.5162004984768762,0.6221628838451269,0.441079034548036,4226,small,2996,small,1864,1132,2362,0,0
0.35,20,0036,0.5134604598990465,0.6300757054370268,0.4332702318977757,4226,small,2906,small,1831,1075,2395,0,0
0.4,0,0036,0.5128205128205128,0.6286499484713157,0.43303360151443443,4226,small,2911,small,1830,1081,2396,0,0
0.4,3,0036,0.5128205128205128,0.6286499484713157,0.43303360151443443,4226,small,2911,small,1830,1081,2396,0,0
0.4,5,0036,0.5122738111937158,0.6290044781260765,0.43208707998106954,4226,small,2903,small,1826,1077,2400,0,0
0.4,10,0036,0.5112422709387296,0.6294117647058823,0.43043066729768104,4226,small,2890,small,1819,1071,2407,0,0
0.4,20,0036,0.5121708185053381,0.6427295462665238,0.4256980596308566,4226,small,2799,small,1799,1000,2427,0,0
0.45,0,0036,0.5095541401273885,0.6340260655160268,0.4259346900141978,4226,small,2839,small,1800,1039,2426,0,0
0.45,3,0036,0.5096262740656852,0.6342494714587738,0.4259346900141978,4226,small,2838,small,1800,1038,2426,0,0
0.45,5,0036,0.5085754783841248,0.6341463414634146,0.4245149077141505,4226,small,2829,small,1794,1035,2432,0,0
0.45,10,0036,0.5089361702127659,0.6352691218130312,0.4245149077141505,4226,small,2824,small,1794,1030,2432,0,0
0.45,20,0036,0.5099109451307096,0.6487573099415205,0.4200189304306673,4226,small,2736,small,1775,961,2451,0,0
0.5,0,0036,0.506578947368421,0.6402747650036154,0.4190724088973024,4226,small,2766,small,1771,995,2455,0,0
0.5,3,0036,0.5064377682403434,0.6403762662807525,0.4188357785139612,4226,small,2764,small,1770,994,2456,0,0
0.5,5,0036,0.5060137457044673,0.6406816533720087,0.4181258873639375,4226,small,2758,small,1767,991,2459,0,0
0.5,10,0036,0.5070301291248207,0.6439504373177842,0.4181258873639375,4226,small,2744,small,1767,977,2459,0,0
0.5,20,0036,0.5070340826686004,0.6549269389284376,0.41362991008045435,4226,small,2669,small,1748,921,2478,0,0
0.55,0,0036,0.5031100824533488,0.6471901749162635,0.4115002366303833,4226,small,2687,small,1739,948,2487,0,0
0.55,3,0036,0.5028935185185185,0.6470588235294118,0.4112636062470421,4226,small,2686,small,1738,948,2488,0,0
0.55,5,0036,0.5024616275702288,0.6473880597014925,0.41055371509701843,4226,small,2680,small,1735,945,2491,0,0
0.55,10,0036,0.5026877814906291,0.6511102747459541,0.40937056318031234,4226,small,2657,small,1730,927,2496,0,0
0.55,20,0036,0.5040316669110101,0.6624277456647398,0.40676762896355895,4226,small,2595,small,1719,876,2507,0,0
0.35,0,0062,0.29532967032967034,0.1900972590627763,0.6615384615384615,325,tiny,1131,small,215,916,110,0,0
0.35,3,0062,0.29532967032967034,0.1900972590627763,0.6615384615384615,325,tiny,1131,small,215,916,110,0,0
0.35,5,0062,0.2959394356503785,0.19060283687943264,0.6615384615384615,325,tiny,1128,small,215,913,110,0,0
0.35,10,0062,0.2959394356503785,0.19060283687943264,0.6615384615384615,325,tiny,1128,small,215,913,110,0,0
0.35,20,0062,0.2959394356503785,0.19060283687943264,0.6615384615384615,325,tiny,1128,small,215,913,110,0,0
0.4,0,0062,0.31277533039647576,0.20540019286403086,0.6553846153846153,325,tiny,1037,small,213,824,112,0,0
0.4,3,0062,0.31323529411764706,0.20579710144927535,0.6553846153846153,325,tiny,1035,small,213,822,112,0,0
0.4,5,0062,0.31323529411764706,0.20579710144927535,0.6553846153846153,325,tiny,1035,small,213,822,112,0,0
0.4,10,0062,0.31323529411764706,0.20579710144927535,0.6553846153846153,325,tiny,1035,small,213,822,112,0,0
0.4,20,0062,0.31767337807606266,0.20964566929133857,0.6553846153846153,325,tiny,1016,small,213,803,112,0,0
0.45,0,0062,0.3190839694656489,0.21218274111675126,0.6430769230769231,325,tiny,985,tiny,209,776,116,0,0
0.45,3,0062,0.3190839694656489,0.21218274111675126,0.6430769230769231,325,tiny,985,tiny,209,776,116,0,0
0.45,5,0062,0.3190839694656489,0.21218274111675126,0.6430769230769231,325,tiny,985,tiny,209,776,116,0,0
0.45,10,0062,0.3190839694656489,0.21218274111675126,0.6430769230769231,325,tiny,985,tiny,209,776,116,0,0
0.45,20,0062,0.32327919566898683,0.2159090909090909,0.6430769230769231,325,tiny,968,tiny,209,759,116,0,0
0.5,0,0062,0.32669322709163345,0.22043010752688172,0.6307692307692307,325,tiny,930,tiny,205,725,120,0,0
0.5,3,0062,0.3272146847565842,0.2209051724137931,0.6307692307692307,325,tiny,928,tiny,205,723,120,0,0
0.5,5,0062,0.3272146847565842,0.2209051724137931,0.6307692307692307,325,tiny,928,tiny,205,723,120,0,0
0.5,10,0062,0.3272146847565842,0.2209051724137931,0.6307692307692307,325,tiny,928,tiny,205,723,120,0,0
0.5,20,0062,0.33117932148626816,0.22453450164293537,0.6307692307692307,325,tiny,913,tiny,205,708,120,0,0
0.55,0,0062,0.33251833740831294,0.2261640798226164,0.6276923076923077,325,tiny,902,tiny,204,698,121,0,0
0.55,3,0062,0.33278955954323003,0.22641509433962265,0.6276923076923077,325,tiny,901,tiny,204,697,121,0,0
0.55,5,0062,0.33278955954323003,0.22641509433962265,0.6276923076923077,325,tiny,901,tiny,204,697,121,0,0
0.55,10,0062,0.33278955954323003,0.22641509433962265,0.6276923076923077,325,tiny,901,tiny,204,697,121,0,0
0.55,20,0062,0.34003350083752093,0.2336018411967779,0.6246153846153846,325,tiny,869,tiny,203,666,122,0,0
0.35,0,0073,0.28225806451612906,0.4605263157894737,0.20348837209302326,176,tiny,76,tiny,35,41,137,0,0
0.35,3,0073,0.2716049382716049,0.4647887323943662,0.19186046511627908,176,tiny,71,tiny,33,38,139,0,0
0.35,5,0073,0.2716049382716049,0.4647887323943662,0.19186046511627908,176,tiny,71,tiny,33,38,139,0,0
0.35,10,0073,0.23728813559322035,0.4375,0.16279069767441862,176,tiny,64,tiny,28,36,144,0,0
0.35,20,0073,0.23728813559322035,0.4375,0.16279069767441862,176,tiny,64,tiny,28,36,144,0,0
0.4,0,0073,0.27049180327868855,0.4583333333333333,0.19186046511627908,176,tiny,72,tiny,33,39,139,0,0
0.4,3,0073,0.26556016597510373,0.463768115942029,0.18604651162790697,176,tiny,69,tiny,32,37,140,0,0
0.4,5,0073,0.26556016597510373,0.463768115942029,0.18604651162790697,176,tiny,69,tiny,32,37,140,0,0
0.4,10,0073,0.23829787234042554,0.4444444444444444,0.16279069767441862,176,tiny,63,tiny,28,35,144,0,0
0.4,20,0073,0.23829787234042554,0.4444444444444444,0.16279069767441862,176,tiny,63,tiny,28,35,144,0,0
0.45,0,0073,0.2644628099173554,0.45714285714285713,0.18604651162790697,176,tiny,70,tiny,32,38,140,0,0
0.45,3,0073,0.25833333333333336,0.45588235294117646,0.18023255813953487,176,tiny,68,tiny,31,37,141,0,0
0.45,5,0073,0.25833333333333336,0.45588235294117646,0.18023255813953487,176,tiny,68,tiny,31,37,141,0,0
0.45,10,0073,0.23076923076923078,0.43548387096774194,0.1569767441860465,176,tiny,62,tiny,27,35,145,0,0
0.45,20,0073,0.23076923076923078,0.43548387096774194,0.1569767441860465,176,tiny,62,tiny,27,35,145,0,0
0.5,0,0073,0.2510460251046025,0.44776119402985076,0.1744186046511628,176,tiny,67,tiny,30,37,142,0,0
0.5,3,0073,0.24472573839662448,0.4461538461538462,0.1686046511627907,176,tiny,65,tiny,29,36,143,0,0
0.5,5,0073,0.24472573839662448,0.4461538461538462,0.1686046511627907,176,tiny,65,tiny,29,36,143,0,0
0.5,10,0073,0.21645021645021645,0.423728813559322,0.14534883720930233,176,tiny,59,tiny,25,34,147,0,0
0.5,20,0073,0.21645021645021645,0.423728813559322,0.14534883720930233,176,tiny,59,tiny,25,34,147,0,0
0.55,0,0073,0.23628691983122363,0.4307692307692308,0.16279069767441862,176,tiny,65,tiny,28,37,144,0,0
0.55,3,0073,0.23728813559322035,0.4375,0.16279069767441862,176,tiny,64,tiny,28,36,144,0,0
0.55,5,0073,0.23728813559322035,0.4375,0.16279069767441862,176,tiny,64,tiny,28,36,144,0,0
0.55,10,0073,0.20869565217391303,0.41379310344827586,0.13953488372093023,176,tiny,58,tiny,24,34,148,0,0
0.55,20,0073,0.20869565217391303,0.41379310344827586,0.13953488372093023,176,tiny,58,tiny,24,34,148,0,0
0.35,0,0097,0.0,0.0,0.0,173,tiny,9,very_tiny,0,9,175,0,0
0.35,3,0097,0.0,0.0,0.0,173,tiny,9,very_tiny,0,9,175,0,0
0.35,5,0097,0.0,0.0,0.0,173,tiny,6,very_tiny,0,6,175,0,0
0.35,10,0097,0.0,0.0,0.0,173,tiny,0,empty,0,0,175,1,0
0.35,20,0097,0.0,0.0,0.0,173,tiny,0,empty,0,0,175,1,0
0.4,0,0097,0.0,0.0,0.0,173,tiny,4,very_tiny,0,4,175,0,0
0.4,3,0097,0.0,0.0,0.0,173,tiny,3,very_tiny,0,3,175,0,0
0.4,5,0097,0.0,0.0,0.0,173,tiny,0,empty,0,0,175,1,0
0.4,10,0097,0.0,0.0,0.0,173,tiny,0,empty,0,0,175,1,0
0.4,20,0097,0.0,0.0,0.0,173,tiny,0,empty,0,0,175,1,0
0.45,0,0097,0.0,0.0,0.0,173,tiny,1,very_tiny,0,1,175,0,0
0.45,3,0097,0.0,0.0,0.0,173,tiny,0,empty,0,0,175,1,0
0.45,5,0097,0.0,0.0,0.0,173,tiny,0,empty,0,0,175,1,0
0.45,10,0097,0.0,0.0,0.0,173,tiny,0,empty,0,0,175,1,0
0.45,20,0097,0.0,0.0,0.0,173,tiny,0,empty,0,0,175,1,0
0.5,0,0097,0.0,0.0,0.0,173,tiny,1,very_tiny,0,1,175,0,0
0.5,3,0097,0.0,0.0,0.0,173,tiny,0,empty,0,0,175,1,0
0.5,5,0097,0.0,0.0,0.0,173,tiny,0,empty,0,0,175,1,0
0.5,10,0097,0.0,0.0,0.0,173,tiny,0,empty,0,0,175,1,0
0.5,20,0097,0.0,0.0,0.0,173,tiny,0,empty,0,0,175,1,0
0.55,0,0097,0.0,0.0,0.0,173,tiny,0,empty,0,0,175,1,0
0.55,3,0097,0.0,0.0,0.0,173,tiny,0,empty,0,0,175,1,0
0.55,5,0097,0.0,0.0,0.0,173,tiny,0,empty,0,0,175,1,0
0.55,10,0097,0.0,0.0,0.0,173,tiny,0,empty,0,0,175,1,0
0.55,20,0097,0.0,0.0,0.0,173,tiny,0,empty,0,0,175,1,0
0.35,0,0108,0.6104396334174526,0.7662554184728243,0.5072847682119205,4530,small,2999,small,2298,701,2232,0,0
0.35,3,0108,0.6106829657188414,0.767022696929239,0.5072847682119205,4530,small,2996,small,2298,698,2232,0,0
0.35,5,0108,0.6109264920909212,0.7677915135315737,0.5072847682119205,4530,small,2993,small,2298,695,2232,0,0
0.35,10,0108,0.6108820007981908,0.7686642115835286,0.5068432671081677,4530,small,2987,small,2296,691,2234,0,0
0.35,20,0108,0.6113036523593708,0.7715343203230148,0.5061810154525387,4530,small,2972,small,2293,679,2237,0,0
0.4,0,0108,0.6053660509640016,0.7776238309664011,0.4955849889624724,4530,small,2887,small,2245,642,2285,0,0
0.4,3,0108,0.605611006204478,0.7784327323162274,0.4955849889624724,4530,small,2884,small,2245,639,2285,0,0
0.4,5,0108,0.605611006204478,0.7784327323162274,0.4955849889624724,4530,small,2884,small,2245,639,2285,0,0
0.4,10,0108,0.6057575348020002,0.7811084001394214,0.4947019867549669,4530,small,2869,small,2241,628,2289,0,0
0.4,20,0108,0.6057575348020002,0.7811084001394214,0.4947019867549669,4530,small,2869,small,2241,628,2289,0,0
0.45,0,0108,0.6019602504764497,0.78515625,0.4880794701986755,4530,small,2816,small,2211,605,2319,0,0
0.45,3,0108,0.6018253643917723,0.7858413376022768,0.48763796909492274,4530,small,2811,small,2209,602,2321,0,0
0.45,5,0108,0.6018253643917723,0.7858413376022768,0.48763796909492274,4530,small,2811,small,2209,602,2321,0,0
0.45,10,0108,0.6021828103683492,0.7882142857142858,0.48719646799117,4530,small,2800,small,2207,593,2323,0,0
0.45,20,0108,0.6021828103683492,0.7882142857142858,0.48719646799117,4530,small,2800,small,2207,593,2323,0,0
0.5,0,0108,0.5956449834619625,0.7927366104181952,0.4770419426048565,4530,small,2726,small,2161,565,2369,0,0
0.5,3,0108,0.5954514128187457,0.7926605504587156,0.4768211920529801,4530,small,2725,small,2160,565,2370,0,0
0.5,5,0108,0.5956977385548814,0.7935341660543718,0.4768211920529801,4530,small,2722,small,2160,562,2370,0,0
0.5,10,0108,0.595556782116738,0.7942583732057417,0.4763796909492274,4530,small,2717,small,2158,559,2372,0,0
0.5,20,0108,0.595556782116738,0.7942583732057417,0.4763796909492274,4530,small,2717,small,2158,559,2372,0,0
0.55,0,0108,0.5903648008911166,0.799396681749623,0.46799116997792495,4530,small,2652,small,2120,532,2410,0,0
0.55,3,0108,0.5904974223213042,0.8005289006422365,0.4677704194260486,4530,small,2647,small,2119,528,2411,0,0
0.55,5,0108,0.5904974223213042,0.8005289006422365,0.4677704194260486,4530,small,2647,small,2119,528,2411,0,0
0.55,10,0108,0.5903513664249861,0.8012869038607116,0.4673289183222958,4530,small,2642,small,2117,525,2413,0,0
0.55,20,0108,0.5903513664249861,0.8012869038607116,0.4673289183222958,4530,small,2642,small,2117,525,2413,0,0
0.35,0,0130,0.6218289085545723,0.6064441887226697,0.6380145278450363,826,tiny,869,tiny,527,342,299,0,0
0.35,3,0130,0.6213821618428824,0.6066897347174164,0.6368038740920097,826,tiny,867,tiny,526,341,300,0,0
0.35,5,0130,0.6228537596210776,0.6095017381228274,0.6368038740920097,826,tiny,863,tiny,526,337,300,0,0
0.35,10,0130,0.6088516746411483,0.6016548463356974,0.6162227602905569,826,tiny,846,tiny,509,337,317,0,0
0.35,20,0130,0.6007237635705669,0.5985576923076923,0.6029055690072639,826,tiny,832,tiny,498,334,328,0,0
0.4,0,0130,0.6158463385354142,0.6107142857142858,0.6210653753026635,826,tiny,840,tiny,513,327,313,0,0
0.4,3,0130,0.615015015015015,0.6102502979737783,0.6198547215496368,826,tiny,839,tiny,512,327,314,0,0
0.4,5,0130,0.6136226642555757,0.6110444177671068,0.6162227602905569,826,tiny,833,tiny,509,324,317,0,0
0.4,10,0130,0.6060606060606061,0.6067961165048543,0.6053268765133172,826,tiny,824,tiny,500,324,326,0,0
0.4,20,0130,0.6012195121951219,0.6056511056511057,0.5968523002421308,826,tiny,814,tiny,493,321,333,0,0
0.45,0,0130,0.6108735491753207,0.6165228113440198,0.6053268765133172,826,tiny,811,tiny,500,311,326,0,0
0.45,3,0130,0.6116207951070336,0.6180469715698393,0.6053268765133172,826,tiny,809,tiny,500,309,326,0,0
0.45,5,0130,0.6101903007980356,0.6189290161892902,0.6016949152542372,826,tiny,803,tiny,497,306,329,0,0
0.45,10,0130,0.5988840669559826,0.613722998729352,0.5847457627118644,826,tiny,787,tiny,483,304,343,0,0
0.45,20,0130,0.5988840669559826,0.613722998729352,0.5847457627118644,826,tiny,787,tiny,483,304,343,0,0
0.5,0,0130,0.612042209807573,0.6280254777070063,0.5968523002421308,826,tiny,785,tiny,493,292,333,0,0
0.5,3,0130,0.611076540136901,0.6286811779769527,0.5944309927360775,826,tiny,781,tiny,491,290,335,0,0
0.5,5,0130,0.6122194513715711,0.6311053984575835,0.5944309927360775,826,tiny,778,tiny,491,287,335,0,0
0.5,10,0130,0.6016362492133417,0.6264744429882044,0.5786924939467313,826,tiny,763,tiny,478,285,348,0,0
0.5,20,0130,0.6016362492133417,0.6264744429882044,0.5786924939467313,826,tiny,763,tiny,478,285,348,0,0
0.55,0,0130,0.6068965517241379,0.6293888166449935,0.585956416464891,826,tiny,769,tiny,484,285,342,0,0
0.55,3,0130,0.6050314465408805,0.6295811518324608,0.5823244552058111,826,tiny,764,tiny,481,283,345,0,0
0.55,5,0130,0.6061751732829238,0.6320630749014454,0.5823244552058111,826,tiny,761,tiny,481,280,345,0,0
0.55,10,0130,0.6025316455696202,0.6312997347480106,0.576271186440678,826,tiny,754,tiny,476,278,350,0,0
0.55,20,0130,0.6025316455696202,0.6312997347480106,0.576271186440678,826,tiny,754,tiny,476,278,350,0,0
0.35,0,0145,0.7355650707149345,0.8138099339649727,0.6710464015151515,8447,large,6966,large,5669,1297,2779,0,0
0.35,3,0145,0.7356127943943425,0.8139267767408471,0.6710464015151515,8447,large,6965,large,5669,1296,2779,0,0
0.35,5,0145,0.7356127943943425,0.8139267767408471,0.6710464015151515,8447,large,6965,large,5669,1296,2779,0,0
0.35,10,0145,0.7360425863412101,0.8149798734905118,0.6710464015151515,8447,large,6956,large,5669,1287,2779,0,0
0.35,20,0145,0.7365000974722204,0.8164529606684916,0.6708096590909091,8447,large,6941,large,5667,1274,2781,0,0
0.4,0,0145,0.7343228928267835,0.8203067932797663,0.6646543560606061,8447,large,6845,large,5615,1230,2833,0,0
0.4,3,0145,0.7343228928267835,0.8203067932797663,0.6646543560606061,8447,large,6845,large,5615,1230,2833,0,0
0.4,5,0145,0.7343228928267835,0.8203067932797663,0.6646543560606061,8447,large,6845,large,5615,1230,2833,0,0
0.4,10,0145,0.7347552996597749,0.8213867758923347,0.6646543560606061,8447,large,6836,large,5615,1221,2833,0,0
0.4,20,0145,0.736248606831443,0.8251285819250551,0.6646543560606061,8447,large,6805,large,5615,1190,2833,0,0
0.45,0,0145,0.7334606016720426,0.8261901230906125,0.6594460227272727,8447,large,6743,large,5571,1172,2877,0,0
0.45,3,0145,0.7334606016720426,0.8261901230906125,0.6594460227272727,8447,large,6743,large,5571,1172,2877,0,0
0.45,5,0145,0.7334606016720426,0.8261901230906125,0.6594460227272727,8447,large,6743,large,5571,1172,2877,0,0
0.45,10,0145,0.7342339373970346,0.8281551954808979,0.6594460227272727,8447,large,6727,large,5571,1156,2877,0,0
0.45,20,0145,0.7350089056006333,0.8301296379079124,0.6594460227272727,8447,large,6711,large,5571,1140,2877,0,0
0.5,0,0145,0.7313611037410453,0.8317742908871455,0.6525804924242424,8447,large,6628,large,5513,1115,2935,0,0
0.5,3,0145,0.7313611037410453,0.8317742908871455,0.6525804924242424,8447,large,6628,large,5513,1115,2935,0,0
0.5,5,0145,0.7313611037410453,0.8317742908871455,0.6525804924242424,8447,large,6628,large,5513,1115,2935,0,0
0.5,10,0145,0.73194370685077,0.8332829504232164,0.6525804924242424,8447,large,6616,large,5513,1103,2935,0,0
0.5,20,0145,0.7324785756991962,0.8346707040121121,0.6525804924242424,8447,large,6605,large,5513,1092,2935,0,0
0.55,0,0145,0.7287649296056582,0.8351429882244992,0.6464251893939394,8447,large,6539,large,5461,1078,2987,0,0
0.55,3,0145,0.7287649296056582,0.8351429882244992,0.6464251893939394,8447,large,6539,large,5461,1078,2987,0,0
0.55,5,0145,0.7287649296056582,0.8351429882244992,0.6464251893939394,8447,large,6539,large,5461,1078,2987,0,0
0.55,10,0145,0.7293002136752137,0.8365502450980392,0.6464251893939394,8447,large,6528,large,5461,1067,2987,0,0
0.55,20,0145,0.7297875183749833,0.8378336913163547,0.6464251893939394,8447,large,6518,large,5461,1057,2987,0,0
0.35,0,0157,0.695583596214511,0.6948529411764706,0.6963157894736842,1906,small,1904,small,1323,581,577,0,0
0.35,3,0157,0.6957665001314751,0.6952180767209669,0.6963157894736842,1906,small,1903,small,1323,580,577,0,0
0.35,5,0157,0.6957665001314751,0.6952180767209669,0.6963157894736842,1906,small,1903,small,1323,580,577,0,0
0.35,10,0157,0.6970495258166491,0.6977848101265823,0.6963157894736842,1906,small,1896,small,1323,573,577,0,0
0.35,20,0157,0.6998148637926475,0.7033492822966507,0.6963157894736842,1906,small,1881,small,1323,558,577,0,0
0.4,0,0157,0.6893020749124226,0.7062396466040861,0.6731578947368421,1906,small,1811,small,1279,532,621,0,0
0.4,3,0157,0.6896737665138851,0.70702045328911,0.6731578947368421,1906,small,1809,small,1279,530,621,0,0
0.4,5,0157,0.6896737665138851,0.70702045328911,0.6731578947368421,1906,small,1809,small,1279,530,621,0,0
0.4,10,0157,0.6896737665138851,0.70702045328911,0.6731578947368421,1906,small,1809,small,1279,530,621,0,0
0.4,20,0157,0.6919123613740871,0.7117417918753478,0.6731578947368421,1906,small,1797,small,1279,518,621,0,0
0.45,0,0157,0.6850220264317181,0.7182448036951501,0.6547368421052632,1906,small,1732,small,1244,488,656,0,0
0.45,3,0157,0.6853994490358126,0.7190751445086705,0.6547368421052632,1906,small,1730,small,1244,486,656,0,0
0.45,5,0157,0.6853994490358126,0.7190751445086705,0.6547368421052632,1906,small,1730,small,1244,486,656,0,0
0.45,10,0157,0.6853994490358126,0.7190751445086705,0.6547368421052632,1906,small,1730,small,1244,486,656,0,0
0.45,20,0157,0.687292817679558,0.7232558139534884,0.6547368421052632,1906,small,1720,small,1244,476,656,0,0
0.5,0,0157,0.6813986013986014,0.7271641791044776,0.6410526315789473,1906,small,1675,small,1218,457,682,0,0
0.5,3,0157,0.6813986013986014,0.7271641791044776,0.6410526315789473,1906,small,1675,small,1218,457,682,0,0
0.5,5,0157,0.6813986013986014,0.7271641791044776,0.6410526315789473,1906,small,1675,small,1218,457,682,0,0
0.5,10,0157,0.6831183398766124,0.7310924369747899,0.6410526315789473,1906,small,1666,small,1218,448,682,0,0
0.5,20,0157,0.6831183398766124,0.7310924369747899,0.6410526315789473,1906,small,1666,small,1218,448,682,0,0
0.55,0,0157,0.6772727272727272,0.7358024691358025,0.6273684210526316,1906,small,1620,small,1192,428,708,0,0
0.55,3,0157,0.6772727272727272,0.7358024691358025,0.6273684210526316,1906,small,1620,small,1192,428,708,0,0
0.55,5,0157,0.6772727272727272,0.7358024691358025,0.6273684210526316,1906,small,1620,small,1192,428,708,0,0
0.55,10,0157,0.6786222601764873,0.7389956602603843,0.6273684210526316,1906,small,1613,small,1192,421,708,0,0
0.55,20,0157,0.6786222601764873,0.7389956602603843,0.6273684210526316,1906,small,1613,small,1192,421,708,0,0
0.35,0,0167,0.7771065182829888,0.7769582909460834,0.7772548021880168,7861,large,7864,large,6110,1754,1751,0,0
0.35,3,0167,0.7772548021880168,0.7772548021880168,0.7772548021880168,7861,large,7861,large,6110,1751,1751,0,0
0.35,5,0167,0.7772548021880168,0.7772548021880168,0.7772548021880168,7861,large,7861,large,6110,1751,1751,0,0
0.35,10,0167,0.7772548021880168,0.7772548021880168,0.7772548021880168,7861,large,7861,large,6110,1751,1751,0,0
0.35,20,0167,0.7772548021880168,0.7772548021880168,0.7772548021880168,7861,large,7861,large,6110,1751,1751,0,0
0.4,0,0167,0.7772931366260424,0.7839306507957045,0.7707670779799007,7861,large,7729,large,6059,1670,1802,0,0
0.4,3,0167,0.777442740745493,0.7842350504789024,0.7707670779799007,7861,large,7726,large,6059,1667,1802,0,0
0.4,5,0167,0.7775924024640657,0.7845396866502654,0.7707670779799007,7861,large,7723,large,6059,1664,1802,0,0
0.4,10,0167,0.7775924024640657,0.7845396866502654,0.7707670779799007,7861,large,7723,large,6059,1664,1802,0,0
0.4,20,0167,0.7775924024640657,0.7845396866502654,0.7707670779799007,7861,large,7723,large,6059,1664,1802,0,0
0.45,0,0167,0.7753041677452757,0.7890923461994467,0.7619895687571556,7861,large,7591,large,5990,1601,1871,0,0
0.45,3,0167,0.7754045307443366,0.7893003030702332,0.7619895687571556,7861,large,7589,large,5990,1599,1871,0,0
0.45,5,0167,0.7755551239722923,0.7896124439757448,0.7619895687571556,7861,large,7586,large,5990,1596,1871,0,0
0.45,10,0167,0.7755551239722923,0.7896124439757448,0.7619895687571556,7861,large,7586,large,5990,1596,1871,0,0
0.45,20,0167,0.7755551239722923,0.7896124439757448,0.7619895687571556,7861,large,7586,large,5990,1596,1871,0,0
0.5,0,0167,0.7749298897802126,0.7951017130620985,0.7557562651062206,7861,large,7472,large,5941,1531,1920,0,0
0.5,3,0167,0.7751321025507208,0.7955275843599358,0.7557562651062206,7861,large,7468,large,5941,1527,1920,0,0
0.5,5,0167,0.7751321025507208,0.7955275843599358,0.7557562651062206,7861,large,7468,large,5941,1527,1920,0,0
0.5,10,0167,0.7751321025507208,0.7955275843599358,0.7557562651062206,7861,large,7468,large,5941,1527,1920,0,0
0.5,20,0167,0.7751321025507208,0.7955275843599358,0.7557562651062206,7861,large,7468,large,5941,1527,1920,0,0
0.55,0,0167,0.7736890524379025,0.8001902949571836,0.748886910062333,7861,large,7357,large,5887,1470,1974,0,0
0.55,3,0167,0.7737907465825447,0.8004078857919782,0.748886910062333,7861,large,7355,large,5887,1468,1974,0,0
0.55,5,0167,0.7737907465825447,0.8004078857919782,0.748886910062333,7861,large,7355,large,5887,1468,1974,0,0
0.55,10,0167,0.7737907465825447,0.8004078857919782,0.748886910062333,7861,large,7355,large,5887,1468,1974,0,0
0.55,20,0167,0.7737907465825447,0.8004078857919782,0.748886910062333,7861,large,7355,large,5887,1468,1974,0,0
0.35,0,0169,0.4574252976859133,0.4191025113215315,0.503461918892186,2022,small,2429,small,1018,1411,1004,0,0
0.35,3,0169,0.4577338129496403,0.41962077493816985,0.503461918892186,2022,small,2426,small,1018,1408,1004,0,0
0.35,5,0169,0.4580427446569179,0.4201403219149814,0.503461918892186,2022,small,2423,small,1018,1405,1004,0,0
0.35,10,0169,0.4594899571202889,0.42258198422581983,0.503461918892186,2022,small,2409,small,1018,1391,1004,0,0
0.35,20,0169,0.4606334841628959,0.4245204336947456,0.503461918892186,2022,small,2398,small,1018,1380,1004,0,0
0.4,0,0169,0.4512365842277182,0.42712014134275617,0.4782393669634026,2022,small,2264,small,967,1297,1055,0,0
0.4,3,0169,0.45165810368986453,0.42787610619469024,0.4782393669634026,2022,small,2260,small,967,1293,1055,0,0
0.4,5,0169,0.45239766081871347,0.42920550377274747,0.4782393669634026,2022,small,2253,small,967,1286,1055,0,0
0.4,10,0169,0.4529274004683841,0.43016014234875444,0.4782393669634026,2022,small,2248,small,967,1281,1055,0,0
0.4,20,0169,0.4539906103286385,0.43208221626452187,0.4782393669634026,2022,small,2238,small,967,1271,1055,0,0
0.45,0,0169,0.45393474088291746,0.4408201304753029,0.4678536102868447,2022,small,2146,small,946,1200,1076,0,0
0.45,3,0169,0.45384615384615384,0.441534144059869,0.466864490603363,2022,small,2138,small,944,1194,1078,0,0
0.45,5,0169,0.4545016851227732,0.4427767354596623,0.466864490603363,2022,small,2132,small,944,1188,1078,0,0
0.45,10,0169,0.45504940949626416,0.44381758345086975,0.466864490603363,2022,small,2127,small,944,1183,1078,0,0
0.45,20,0169,0.45504940949626416,0.44381758345086975,0.466864490603363,2022,small,2127,small,944,1183,1078,0,0
0.5,0,0169,0.45303326810176126,0.4482090997095837,0.4579624134520277,2022,small,2066,small,926,1140,1096,0,0
0.5,3,0169,0.4523401127174712,0.4482758620689655,0.45647873392680516,2022,small,2059,small,923,1136,1099,0,0
0.5,5,0169,0.4531173294059892,0.4498050682261209,0.45647873392680516,2022,small,2052,small,923,1129,1099,0,0
0.5,10,0169,0.45193016965822475,0.4493887530562347,0.45450049455984176,2022,small,2045,small,919,1126,1103,0,0
0.5,20,0169,0.45193016965822475,0.4493887530562347,0.45450049455984176,2022,small,2045,small,919,1126,1103,0,0
0.55,0,0169,0.4506480558325025,0.4542713567839196,0.44708209693372897,2022,small,1990,small,904,1086,1118,0,0
0.55,3,0169,0.45016237821633776,0.4548207975769813,0.4455984174085064,2022,small,1981,small,901,1080,1121,0,0
0.55,5,0169,0.4506126531632908,0.45574102175012643,0.4455984174085064,2022,small,1977,small,901,1076,1121,0,0
0.55,10,0169,0.4496745117676515,0.4553752535496957,0.44411473788328387,2022,small,1972,small,898,1074,1124,0,0
0.55,20,0169,0.4517102615694165,0.4595701125895599,0.44411473788328387,2022,small,1954,small,898,1056,1124,0,0
0.35,0,0204,0.33440514469453375,0.6074766355140186,0.23070097604259096,1128,small,428,tiny,260,168,867,0,0
0.35,3,0204,0.33440514469453375,0.6074766355140186,0.23070097604259096,1128,small,428,tiny,260,168,867,0,0
0.35,5,0204,0.33440514469453375,0.6074766355140186,0.23070097604259096,1128,small,428,tiny,260,168,867,0,0
0.35,10,0204,0.33440514469453375,0.6074766355140186,0.23070097604259096,1128,small,428,tiny,260,168,867,0,0
0.35,20,0204,0.33440514469453375,0.6074766355140186,0.23070097604259096,1128,small,428,tiny,260,168,867,0,0
0.4,0,0204,0.33073929961089493,0.6144578313253012,0.22626441881100265,1128,small,415,tiny,255,160,872,0,0
0.4,3,0204,0.33073929961089493,0.6144578313253012,0.22626441881100265,1128,small,415,tiny,255,160,872,0,0
0.4,5,0204,0.33073929961089493,0.6144578313253012,0.22626441881100265,1128,small,415,tiny,255,160,872,0,0
0.4,10,0204,0.33073929961089493,0.6144578313253012,0.22626441881100265,1128,small,415,tiny,255,160,872,0,0
0.4,20,0204,0.33073929961089493,0.6144578313253012,0.22626441881100265,1128,small,415,tiny,255,160,872,0,0
0.45,0,0204,0.3285528031290743,0.6191646191646192,0.2236024844720497,1128,small,407,tiny,252,155,875,0,0
0.45,3,0204,0.3285528031290743,0.6191646191646192,0.2236024844720497,1128,small,407,tiny,252,155,875,0,0
0.45,5,0204,0.3285528031290743,0.6191646191646192,0.2236024844720497,1128,small,407,tiny,252,155,875,0,0
0.45,10,0204,0.3285528031290743,0.6191646191646192,0.2236024844720497,1128,small,407,tiny,252,155,875,0,0
0.45,20,0204,0.3285528031290743,0.6191646191646192,0.2236024844720497,1128,small,407,tiny,252,155,875,0,0
0.5,0,0204,0.3265573770491803,0.6256281407035176,0.2209405501330967,1128,small,398,tiny,249,149,878,0,0
0.5,3,0204,0.3265573770491803,0.6256281407035176,0.2209405501330967,1128,small,398,tiny,249,149,878,0,0
0.5,5,0204,0.3265573770491803,0.6256281407035176,0.2209405501330967,1128,small,398,tiny,249,149,878,0,0
0.5,10,0204,0.3265573770491803,0.6256281407035176,0.2209405501330967,1128,small,398,tiny,249,149,878,0,0
0.5,20,0204,0.3265573770491803,0.6256281407035176,0.2209405501330967,1128,small,398,tiny,249,149,878,0,0
0.55,0,0204,0.32275132275132273,0.6337662337662338,0.21650399290150843,1128,small,385,tiny,244,141,883,0,0
0.55,3,0204,0.32275132275132273,0.6337662337662338,0.21650399290150843,1128,small,385,tiny,244,141,883,0,0
0.55,5,0204,0.32275132275132273,0.6337662337662338,0.21650399290150843,1128,small,385,tiny,244,141,883,0,0
0.55,10,0204,0.32275132275132273,0.6337662337662338,0.21650399290150843,1128,small,385,tiny,244,141,883,0,0
0.55,20,0204,0.32275132275132273,0.6337662337662338,0.21650399290150843,1128,small,385,tiny,244,141,883,0,0
0.35,0,0212,0.2192090395480226,0.34275618374558303,0.1611295681063123,605,tiny,283,tiny,97,186,505,0,0
0.35,3,0212,0.21945701357466063,0.34397163120567376,0.1611295681063123,605,tiny,282,tiny,97,185,505,0,0
0.35,5,0212,0.21945701357466063,0.34397163120567376,0.1611295681063123,605,tiny,282,tiny,97,185,505,0,0
0.35,10,0212,0.21945701357466063,0.34397163120567376,0.1611295681063123,605,tiny,282,tiny,97,185,505,0,0
0.35,20,0212,0.21945701357466063,0.34397163120567376,0.1611295681063123,605,tiny,282,tiny,97,185,505,0,0
0.4,0,0212,0.2158438576349024,0.34944237918215615,0.15614617940199335,605,tiny,269,tiny,94,175,508,0,0
0.4,3,0212,0.2158438576349024,0.34944237918215615,0.15614617940199335,605,tiny,269,tiny,94,175,508,0,0
0.4,5,0212,0.2158438576349024,0.34944237918215615,0.15614617940199335,605,tiny,269,tiny,94,175,508,0,0
0.4,10,0212,0.2158438576349024,0.34944237918215615,0.15614617940199335,605,tiny,269,tiny,94,175,508,0,0
0.4,20,0212,0.2158438576349024,0.34944237918215615,0.15614617940199335,605,tiny,269,tiny,94,175,508,0,0
0.45,0,0212,0.20512820512820512,0.34375,0.1461794019933555,605,tiny,256,tiny,88,168,514,0,0
0.45,3,0212,0.20512820512820512,0.34375,0.1461794019933555,605,tiny,256,tiny,88,168,514,0,0
0.45,5,0212,0.20512820512820512,0.34375,0.1461794019933555,605,tiny,256,tiny,88,168,514,0,0
0.45,10,0212,0.20512820512820512,0.34375,0.1461794019933555,605,tiny,256,tiny,88,168,514,0,0
0.45,20,0212,0.1761904761904762,0.31092436974789917,0.12292358803986711,605,tiny,238,tiny,74,164,528,0,0
0.5,0,0212,0.1955241460541814,0.3360323886639676,0.1378737541528239,605,tiny,247,tiny,83,164,519,0,0
0.5,3,0212,0.1955241460541814,0.3360323886639676,0.1378737541528239,605,tiny,247,tiny,83,164,519,0,0
0.5,5,0212,0.1955241460541814,0.3360323886639676,0.1378737541528239,605,tiny,247,tiny,83,164,519,0,0
0.5,10,0212,0.1955241460541814,0.3360323886639676,0.1378737541528239,605,tiny,247,tiny,83,164,519,0,0
0.5,20,0212,0.16606498194945848,0.30131004366812225,0.11461794019933555,605,tiny,229,tiny,69,160,533,0,0
0.55,0,0212,0.19194312796208532,0.3347107438016529,0.1345514950166113,605,tiny,242,tiny,81,161,521,0,0
0.55,3,0212,0.19194312796208532,0.3347107438016529,0.1345514950166113,605,tiny,242,tiny,81,161,521,0,0
0.55,5,0212,0.19194312796208532,0.3347107438016529,0.1345514950166113,605,tiny,242,tiny,81,161,521,0,0
0.55,10,0212,0.19194312796208532,0.3347107438016529,0.1345514950166113,605,tiny,242,tiny,81,161,521,0,0
0.55,20,0212,0.162227602905569,0.29910714285714285,0.11129568106312292,605,tiny,224,tiny,67,157,535,0,0
0.35,0,0220,0.6184738955823293,0.4861111111111111,0.8498896247240618,453,tiny,792,tiny,385,407,68,0,0
0.35,3,0220,0.6184738955823293,0.4861111111111111,0.8498896247240618,453,tiny,792,tiny,385,407,68,0,0
0.35,5,0220,0.6199677938808373,0.4879594423320659,0.8498896247240618,453,tiny,789,tiny,385,404,68,0,0
0.35,10,0220,0.6234817813765182,0.49232736572890023,0.8498896247240618,453,tiny,782,tiny,385,397,68,0,0
0.35,20,0220,0.6234817813765182,0.49232736572890023,0.8498896247240618,453,tiny,782,tiny,385,397,68,0,0
0.4,0,0220,0.6378018318068276,0.5120320855614974,0.8454746136865342,453,tiny,748,tiny,383,365,70,0,0
0.4,3,0220,0.6378018318068276,0.5120320855614974,0.8454746136865342,453,tiny,748,tiny,383,365,70,0,0
0.4,5,0220,0.6378018318068276,0.5120320855614974,0.8454746136865342,453,tiny,748,tiny,383,365,70,0,0
0.4,10,0220,0.6415410385259631,0.5168690958164642,0.8454746136865342,453,tiny,741,tiny,383,358,70,0,0
0.4,20,0220,0.6519148936170213,0.5304709141274239,0.8454746136865342,453,tiny,722,tiny,383,339,70,0,0
0.45,0,0220,0.643344709897611,0.5243393602225312,0.8322295805739515,453,tiny,719,tiny,377,342,76,0,0
0.45,3,0220,0.643344709897611,0.5243393602225312,0.8322295805739515,453,tiny,719,tiny,377,342,76,0,0
0.45,5,0220,0.643344709897611,0.5243393602225312,0.8322295805739515,453,tiny,719,tiny,377,342,76,0,0
0.45,10,0220,0.6461011139674379,0.5280112044817927,0.8322295805739515,453,tiny,714,tiny,377,337,76,0,0
0.45,20,0220,0.6545138888888888,0.5393419170243204,0.8322295805739515,453,tiny,699,tiny,377,322,76,0,0
0.5,0,0220,0.6462882096069869,0.5346820809248555,0.8167770419426048,453,tiny,692,tiny,370,322,83,0,0
0.5,3,0220,0.6462882096069869,0.5346820809248555,0.8167770419426048,453,tiny,692,tiny,370,322,83,0,0
0.5,5,0220,0.6485539000876425,0.5377906976744186,0.8167770419426048,453,tiny,688,tiny,370,318,83,0,0
0.5,10,0220,0.6485539000876425,0.5377906976744186,0.8167770419426048,453,tiny,688,tiny,370,318,83,0,0
0.5,20,0220,0.654288240495137,0.5457227138643068,0.8167770419426048,453,tiny,678,tiny,370,308,83,0,0
0.55,0,0220,0.6488888888888888,0.5431547619047619,0.8057395143487859,453,tiny,672,tiny,365,307,88,0,0
0.55,3,0220,0.6488888888888888,0.5431547619047619,0.8057395143487859,453,tiny,672,tiny,365,307,88,0,0
0.55,5,0220,0.6506238859180036,0.5455904334828101,0.8057395143487859,453,tiny,669,tiny,365,304,88,0,0
0.55,10,0220,0.6552962298025135,0.5521936459909228,0.8057395143487859,453,tiny,661,tiny,365,296,88,0,0
0.55,20,0220,0.6552962298025135,0.5521936459909228,0.8057395143487859,453,tiny,661,tiny,365,296,88,0,0
0.35,0,0308,0.6800065606035756,0.6889332003988036,0.6713082901554405,3110,small,3009,small,2073,936,1015,0,0
0.35,3,0308,0.6800065606035756,0.6889332003988036,0.6713082901554405,3110,small,3009,small,2073,936,1015,0,0
0.35,5,0308,0.6800065606035756,0.6889332003988036,0.6713082901554405,3110,small,3009,small,2073,936,1015,0,0
0.35,10,0308,0.6800065606035756,0.6889332003988036,0.6713082901554405,3110,small,3009,small,2073,936,1015,0,0
0.35,20,0308,0.6800065606035756,0.6889332003988036,0.6713082901554405,3110,small,3009,small,2073,936,1015,0,0
0.4,0,0308,0.6794806946552014,0.7087583538515653,0.6525259067357513,3110,small,2843,small,2015,828,1073,0,0
0.4,3,0308,0.6794806946552014,0.7087583538515653,0.6525259067357513,3110,small,2843,small,2015,828,1073,0,0
0.4,5,0308,0.6794806946552014,0.7087583538515653,0.6525259067357513,3110,small,2843,small,2015,828,1073,0,0
0.4,10,0308,0.6794806946552014,0.7087583538515653,0.6525259067357513,3110,small,2843,small,2015,828,1073,0,0
0.4,20,0308,0.6794806946552014,0.7087583538515653,0.6525259067357513,3110,small,2843,small,2015,828,1073,0,0
0.45,0,0308,0.6740065370720798,0.7188990825688073,0.6343911917098446,3110,small,2725,small,1959,766,1129,0,0
0.45,3,0308,0.6740065370720798,0.7188990825688073,0.6343911917098446,3110,small,2725,small,1959,766,1129,0,0
0.45,5,0308,0.6740065370720798,0.7188990825688073,0.6343911917098446,3110,small,2725,small,1959,766,1129,0,0
0.45,10,0308,0.6740065370720798,0.7188990825688073,0.6343911917098446,3110,small,2725,small,1959,766,1129,0,0
0.45,20,0308,0.6740065370720798,0.7188990825688073,0.6343911917098446,3110,small,2725,small,1959,766,1129,0,0
0.5,0,0308,0.6699283592521404,0.7275142314990513,0.6207901554404145,3110,small,2635,small,1917,718,1171,0,0
0.5,3,0308,0.6699283592521404,0.7275142314990513,0.6207901554404145,3110,small,2635,small,1917,718,1171,0,0
0.5,5,0308,0.6699283592521404,0.7275142314990513,0.6207901554404145,3110,small,2635,small,1917,718,1171,0,0
0.5,10,0308,0.6699283592521404,0.7275142314990513,0.6207901554404145,3110,small,2635,small,1917,718,1171,0,0
0.5,20,0308,0.6699283592521404,0.7275142314990513,0.6207901554404145,3110,small,2635,small,1917,718,1171,0,0
0.55,0,0308,0.6657223796033994,0.734375,0.6088082901554405,3110,small,2560,small,1880,680,1208,0,0
0.55,3,0308,0.6657223796033994,0.734375,0.6088082901554405,3110,small,2560,small,1880,680,1208,0,0
0.55,5,0308,0.6657223796033994,0.734375,0.6088082901554405,3110,small,2560,small,1880,680,1208,0,0
0.55,10,0308,0.6657223796033994,0.734375,0.6088082901554405,3110,small,2560,small,1880,680,1208,0,0
0.55,20,0308,0.6657223796033994,0.734375,0.6088082901554405,3110,small,2560,small,1880,680,1208,0,0
0.35,0,0310,0.6853082741233096,0.6419063975955346,0.7350049164208456,2034,small,2329,small,1495,834,539,0,0
0.35,3,0310,0.6853082741233096,0.6419063975955346,0.7350049164208456,2034,small,2329,small,1495,834,539,0,0
0.35,5,0310,0.6853082741233096,0.6419063975955346,0.7350049164208456,2034,small,2329,small,1495,834,539,0,0
0.35,10,0310,0.686724850711989,0.6443965517241379,0.7350049164208456,2034,small,2320,small,1495,825,539,0,0
0.35,20,0310,0.686724850711989,0.6443965517241379,0.7350049164208456,2034,small,2320,small,1495,825,539,0,0
0.4,0,0310,0.6859273066169618,0.6519043401240036,0.7236971484759095,2034,small,2258,small,1472,786,562,0,0
0.4,3,0310,0.6859273066169618,0.6519043401240036,0.7236971484759095,2034,small,2258,small,1472,786,562,0,0
0.4,5,0310,0.6859273066169618,0.6519043401240036,0.7236971484759095,2034,small,2258,small,1472,786,562,0,0
0.4,10,0310,0.6872082166199813,0.6542222222222223,0.7236971484759095,2034,small,2250,small,1472,778,562,0,0
0.4,20,0310,0.6872082166199813,0.6542222222222223,0.7236971484759095,2034,small,2250,small,1472,778,562,0,0
0.45,0,0310,0.6882533679981092,0.6627218934911243,0.7158308751229105,2034,small,2197,small,1456,741,578,0,0
0.45,3,0310,0.6884160756501182,0.663023679417122,0.7158308751229105,2034,small,2196,small,1456,740,578,0,0
0.45,5,0310,0.6884160756501182,0.663023679417122,0.7158308751229105,2034,small,2196,small,1456,740,578,0,0
0.45,10,0310,0.6893939393939394,0.6648401826484018,0.7158308751229105,2034,small,2190,small,1456,734,578,0,0
0.45,20,0310,0.6893939393939394,0.6648401826484018,0.7158308751229105,2034,small,2190,small,1456,734,578,0,0
0.5,0,0310,0.6897871322650083,0.671634839310666,0.7089478859390363,2034,small,2147,small,1442,705,592,0,0
0.5,3,0310,0.6897871322650083,0.671634839310666,0.7089478859390363,2034,small,2147,small,1442,705,592,0,0
0.5,5,0310,0.6897871322650083,0.671634839310666,0.7089478859390363,2034,small,2147,small,1442,705,592,0,0
0.5,10,0310,0.6906130268199234,0.673202614379085,0.7089478859390363,2034,small,2142,small,1442,700,592,0,0
0.5,20,0310,0.6906130268199234,0.673202614379085,0.7089478859390363,2034,small,2142,small,1442,700,592,0,0
0.55,0,0310,0.6912263693650024,0.6816443594646272,0.7010816125860374,2034,small,2092,small,1426,666,608,0,0
0.55,3,0310,0.6912263693650024,0.6816443594646272,0.7010816125860374,2034,small,2092,small,1426,666,608,0,0
0.55,5,0310,0.6912263693650024,0.6816443594646272,0.7010816125860374,2034,small,2092,small,1426,666,608,0,0
0.55,10,0310,0.6920650327590391,0.6832774317201725,0.7010816125860374,2034,small,2087,small,1426,661,608,0,0
0.55,20,0310,0.6920650327590391,0.6832774317201725,0.7010816125860374,2034,small,2087,small,1426,661,608,0,0
0.35,0,0351,0.6012591815320042,0.5520231213872833,0.6601382488479263,868,tiny,1038,small,573,465,295,0,0
0.35,3,0351,0.601472134595163,0.5531914893617021,0.6589861751152074,868,tiny,1034,small,572,462,296,0,0
0.35,5,0351,0.601472134595163,0.5531914893617021,0.6589861751152074,868,tiny,1034,small,572,462,296,0,0
0.35,10,0351,0.606253312135665,0.5613346418056918,0.6589861751152074,868,tiny,1019,small,572,447,296,0,0
0.35,20,0351,0.606253312135665,0.5613346418056918,0.6589861751152074,868,tiny,1019,small,572,447,296,0,0
0.4,0,0351,0.6006423982869379,0.561,0.6463133640552995,868,tiny,1000,small,561,439,307,0,0
0.4,3,0351,0.6016085790884719,0.5626880641925778,0.6463133640552995,868,tiny,997,tiny,561,436,307,0,0
0.4,5,0351,0.6029016657710908,0.5649546827794562,0.6463133640552995,868,tiny,993,tiny,561,432,307,0,0
0.4,10,0351,0.6055045871559633,0.5695431472081218,0.6463133640552995,868,tiny,985,tiny,561,424,307,0,0
0.4,20,0351,0.6055045871559633,0.5695431472081218,0.6463133640552995,868,tiny,985,tiny,561,424,307,0,0
0.45,0,0351,0.6049046321525886,0.5739400206825233,0.6394009216589862,868,tiny,967,tiny,555,412,313,0,0
0.45,3,0351,0.6044735406437534,0.5740932642487047,0.6382488479262672,868,tiny,965,tiny,554,411,314,0,0
0.45,5,0351,0.6054644808743169,0.5758835758835759,0.6382488479262672,868,tiny,962,tiny,554,408,314,0,0
0.45,10,0351,0.607789358200768,0.5801047120418849,0.6382488479262672,868,tiny,955,tiny,554,401,314,0,0
0.45,20,0351,0.607789358200768,0.5801047120418849,0.6382488479262672,868,tiny,955,tiny,554,401,314,0,0
0.5,0,0351,0.607497243660419,0.5824524312896406,0.6347926267281107,868,tiny,946,tiny,551,395,317,0,0
0.5,3,0351,0.6067291781577496,0.582010582010582,0.6336405529953917,868,tiny,945,tiny,550,395,318,0,0
0.5,5,0351,0.6077348066298343,0.583864118895966,0.6336405529953917,868,tiny,942,tiny,550,392,318,0,0
0.5,10,0351,0.6100942872989462,0.5882352941176471,0.6336405529953917,868,tiny,935,tiny,550,385,318,0,0
0.5,20,0351,0.6100942872989462,0.5882352941176471,0.6336405529953917,868,tiny,935,tiny,550,385,318,0,0
0.55,0,0351,0.5989904655075715,0.5836065573770491,0.6152073732718893,868,tiny,915,tiny,534,381,334,0,0
0.55,3,0351,0.5982042648709316,0.5831509846827133,0.6140552995391705,868,tiny,914,tiny,533,381,335,0,0
0.55,5,0351,0.599213041034289,0.5850713501646543,0.6140552995391705,868,tiny,911,tiny,533,378,335,0,0
0.55,10,0351,0.6009019165727171,0.5883002207505519,0.6140552995391705,868,tiny,906,tiny,533,373,335,0,0
0.55,20,0351,0.6009019165727171,0.5883002207505519,0.6140552995391705,868,tiny,906,tiny,533,373,335,0,0
0.35,0,0367,0.10449927431059507,0.6666666666666666,0.05669291338582677,1270,small,108,tiny,72,36,1198,0,0
0.35,3,0367,0.10449927431059507,0.6666666666666666,0.05669291338582677,1270,small,108,tiny,72,36,1198,0,0
0.35,5,0367,0.10472727272727272,0.6857142857142857,0.05669291338582677,1270,small,105,tiny,72,33,1198,0,0
0.35,10,0367,0.10472727272727272,0.6857142857142857,0.05669291338582677,1270,small,105,tiny,72,33,1198,0,0
0.35,20,0367,0.10472727272727272,0.6857142857142857,0.05669291338582677,1270,small,105,tiny,72,33,1198,0,0
0.4,0,0367,0.0935672514619883,0.6530612244897959,0.050393700787401574,1270,small,98,tiny,64,34,1206,0,0
0.4,3,0367,0.09370424597364568,0.6666666666666666,0.050393700787401574,1270,small,96,tiny,64,32,1206,0,0
0.4,5,0367,0.09370424597364568,0.6666666666666666,0.050393700787401574,1270,small,96,tiny,64,32,1206,0,0
0.4,10,0367,0.09370424597364568,0.6666666666666666,0.050393700787401574,1270,small,96,tiny,64,32,1206,0,0
0.4,20,0367,0.09370424597364568,0.6666666666666666,0.050393700787401574,1270,small,96,tiny,64,32,1206,0,0
0.45,0,0367,0.0881057268722467,0.6521739130434783,0.047244094488188976,1270,small,92,tiny,60,32,1210,0,0
0.45,3,0367,0.0881704628949302,0.6593406593406593,0.047244094488188976,1270,small,91,tiny,60,31,1210,0,0
0.45,5,0367,0.0881704628949302,0.6593406593406593,0.047244094488188976,1270,small,91,tiny,60,31,1210,0,0
0.45,10,0367,0.0881704628949302,0.6593406593406593,0.047244094488188976,1270,small,91,tiny,60,31,1210,0,0
0.45,20,0367,0.0881704628949302,0.6593406593406593,0.047244094488188976,1270,small,91,tiny,60,31,1210,0,0
0.5,0,0367,0.07834441980783444,0.6385542168674698,0.04173228346456693,1270,small,83,tiny,53,30,1217,0,0
0.5,3,0367,0.07840236686390532,0.6463414634146342,0.04173228346456693,1270,small,82,tiny,53,29,1217,0,0
0.5,5,0367,0.07840236686390532,0.6463414634146342,0.04173228346456693,1270,small,82,tiny,53,29,1217,0,0
0.5,10,0367,0.07840236686390532,0.6463414634146342,0.04173228346456693,1270,small,82,tiny,53,29,1217,0,0
0.5,20,0367,0.07840236686390532,0.6463414634146342,0.04173228346456693,1270,small,82,tiny,53,29,1217,0,0
0.55,0,0367,0.06855439642324888,0.6388888888888888,0.03622047244094488,1270,small,72,tiny,46,26,1224,0,0
0.55,3,0367,0.06855439642324888,0.6388888888888888,0.03622047244094488,1270,small,72,tiny,46,26,1224,0,0
0.55,5,0367,0.06855439642324888,0.6388888888888888,0.03622047244094488,1270,small,72,tiny,46,26,1224,0,0
0.55,10,0367,0.06855439642324888,0.6388888888888888,0.03622047244094488,1270,small,72,tiny,46,26,1224,0,0
0.55,20,0367,0.06855439642324888,0.6388888888888888,0.03622047244094488,1270,small,72,tiny,46,26,1224,0,0
0.35,0,0387,0.6923076923076923,0.6206896551724138,0.782608695652174,23,very_tiny,29,very_tiny,18,11,5,0,0
0.35,3,0387,0.6923076923076923,0.6206896551724138,0.782608695652174,23,very_tiny,29,very_tiny,18,11,5,0,0
0.35,5,0387,0.6923076923076923,0.6206896551724138,0.782608695652174,23,very_tiny,29,very_tiny,18,11,5,0,0
0.35,10,0387,0.6923076923076923,0.6206896551724138,0.782608695652174,23,very_tiny,29,very_tiny,18,11,5,0,0
0.35,20,0387,0.6923076923076923,0.6206896551724138,0.782608695652174,23,very_tiny,29,very_tiny,18,11,5,0,0
0.4,0,0387,0.6666666666666666,0.6071428571428571,0.7391304347826086,23,very_tiny,28,very_tiny,17,11,6,0,0
0.4,3,0387,0.6666666666666666,0.6071428571428571,0.7391304347826086,23,very_tiny,28,very_tiny,17,11,6,0,0
0.4,5,0387,0.6666666666666666,0.6071428571428571,0.7391304347826086,23,very_tiny,28,very_tiny,17,11,6,0,0
0.4,10,0387,0.6666666666666666,0.6071428571428571,0.7391304347826086,23,very_tiny,28,very_tiny,17,11,6,0,0
0.4,20,0387,0.6666666666666666,0.6071428571428571,0.7391304347826086,23,very_tiny,28,very_tiny,17,11,6,0,0
0.45,0,0387,0.6666666666666666,0.6071428571428571,0.7391304347826086,23,very_tiny,28,very_tiny,17,11,6,0,0
0.45,3,0387,0.6666666666666666,0.6071428571428571,0.7391304347826086,23,very_tiny,28,very_tiny,17,11,6,0,0
0.45,5,0387,0.6666666666666666,0.6071428571428571,0.7391304347826086,23,very_tiny,28,very_tiny,17,11,6,0,0
0.45,10,0387,0.6666666666666666,0.6071428571428571,0.7391304347826086,23,very_tiny,28,very_tiny,17,11,6,0,0
0.45,20,0387,0.6666666666666666,0.6071428571428571,0.7391304347826086,23,very_tiny,28,very_tiny,17,11,6,0,0
0.5,0,0387,0.6666666666666666,0.6071428571428571,0.7391304347826086,23,very_tiny,28,very_tiny,17,11,6,0,0
0.5,3,0387,0.6666666666666666,0.6071428571428571,0.7391304347826086,23,very_tiny,28,very_tiny,17,11,6,0,0
0.5,5,0387,0.6666666666666666,0.6071428571428571,0.7391304347826086,23,very_tiny,28,very_tiny,17,11,6,0,0
0.5,10,0387,0.6666666666666666,0.6071428571428571,0.7391304347826086,23,very_tiny,28,very_tiny,17,11,6,0,0
0.5,20,0387,0.6666666666666666,0.6071428571428571,0.7391304347826086,23,very_tiny,28,very_tiny,17,11,6,0,0
0.55,0,0387,0.6666666666666666,0.6071428571428571,0.7391304347826086,23,very_tiny,28,very_tiny,17,11,6,0,0
0.55,3,0387,0.6666666666666666,0.6071428571428571,0.7391304347826086,23,very_tiny,28,very_tiny,17,11,6,0,0
0.55,5,0387,0.6666666666666666,0.6071428571428571,0.7391304347826086,23,very_tiny,28,very_tiny,17,11,6,0,0
0.55,10,0387,0.6666666666666666,0.6071428571428571,0.7391304347826086,23,very_tiny,28,very_tiny,17,11,6,0,0
0.55,20,0387,0.6666666666666666,0.6071428571428571,0.7391304347826086,23,very_tiny,28,very_tiny,17,11,6,0,0
0.35,0,0399,0.6090174966352625,0.7327935222672065,0.5210132412204951,3474,small,2470,small,1810,660,1664,0,0
0.35,3,0399,0.6088858970043757,0.7329821717990276,0.5207253886010362,3474,small,2468,small,1809,659,1665,0,0
0.35,5,0399,0.6088858970043757,0.7329821717990276,0.5207253886010362,3474,small,2468,small,1809,659,1665,0,0
0.35,10,0399,0.6096040438079191,0.7350670459162942,0.5207253886010362,3474,small,2461,small,1809,652,1665,0,0
0.35,20,0399,0.6096040438079191,0.7350670459162942,0.5207253886010362,3474,small,2461,small,1809,652,1665,0,0
0.4,0,0399,0.6084296397008837,0.7427385892116183,0.5152561888313184,3474,small,2410,small,1790,620,1684,0,0
0.4,3,0399,0.6082964977898674,0.7429401993355482,0.5149683362118596,3474,small,2408,small,1789,619,1685,0,0
0.4,5,0399,0.6082964977898674,0.7429401993355482,0.5149683362118596,3474,small,2408,small,1789,619,1685,0,0
0.4,10,0399,0.6088140207588906,0.7444860590928006,0.5149683362118596,3474,small,2403,small,1789,614,1685,0,0
0.4,20,0399,0.6088140207588906,0.7444860590928006,0.5149683362118596,3474,small,2403,small,1789,614,1685,0,0
0.45,0,0399,0.605353466026081,0.7493627867459643,0.5077720207253886,3474,small,2354,small,1764,590,1710,0,0
0.45,3,0399,0.605217988328184,0.7495748299319728,0.5074841681059298,3474,small,2352,small,1763,589,1711,0,0
0.45,5,0399,0.6056338028169014,0.7508517887563884,0.5074841681059298,3474,small,2348,small,1763,585,1711,0,0
0.45,10,0399,0.6056338028169014,0.7508517887563884,0.5074841681059298,3474,small,2348,small,1763,585,1711,0,0
0.45,20,0399,0.607512060647829,0.7566523605150215,0.5074841681059298,3474,small,2330,small,1763,567,1711,0,0
0.5,0,0399,0.6043689320388349,0.7598081952920662,0.501727115716753,3474,small,2294,small,1743,551,1731,0,0
0.5,3,0399,0.6041269290792439,0.7597034452682075,0.5014392630972941,3474,small,2293,small,1742,551,1732,0,0
0.5,5,0399,0.6045462432760715,0.7610310179117519,0.5014392630972941,3474,small,2289,small,1742,547,1732,0,0
0.5,10,0399,0.6045462432760715,0.7610310179117519,0.5014392630972941,3474,small,2289,small,1742,547,1732,0,0
0.5,20,0399,0.6063348416289592,0.766725352112676,0.5014392630972941,3474,small,2272,small,1742,530,1732,0,0
0.55,0,0399,0.6010852441799405,0.7668602054488611,0.49424294761082327,3474,small,2239,small,1717,522,1757,0,0
0.55,3,0399,0.6008403361344538,0.7667560321715817,0.4939550949913644,3474,small,2238,small,1716,522,1758,0,0
0.55,5,0399,0.6011560693641619,0.7677852348993288,0.4939550949913644,3474,small,2235,small,1716,519,1758,0,0
0.55,10,0399,0.6011560693641619,0.7677852348993288,0.4939550949913644,3474,small,2235,small,1716,519,1758,0,0
0.55,20,0399,0.6029515108924807,0.7736699729486023,0.4939550949913644,3474,small,2218,small,1716,502,1758,0,0
0.35,0,0408,0.6385561936013125,0.8599204595669465,0.5078288100208769,7664,large,4526,small,3892,634,3772,0,0
0.35,3,0408,0.6382734285245364,0.8600176912870411,0.507437369519833,7664,large,4522,small,3889,633,3775,0,0
0.35,5,0408,0.6376478318002629,0.8603723404255319,0.5065240083507306,7664,large,4512,small,3882,630,3782,0,0
0.35,10,0408,0.6377622377622377,0.863059452237809,0.505741127348643,7664,large,4491,small,3876,615,3788,0,0
0.35,20,0408,0.6374206316483879,0.8660094107102846,0.5043058455114823,7664,large,4463,small,3865,598,3799,0,0
0.4,0,0408,0.6328234807771806,0.8636876551568494,0.49934759916492694,7664,large,4431,small,3827,604,3837,0,0
0.4,3,0408,0.632536597469192,0.8637903772306302,0.4989561586638831,7664,large,4427,small,3824,603,3840,0,0
0.4,5,0408,0.6322409798080106,0.8642533936651584,0.49843423799582465,7664,large,4420,small,3820,600,3844,0,0
0.4,10,0408,0.6322944297082228,0.8668181818181818,0.49765135699373697,7664,large,4400,small,3814,586,3850,0,0
0.4,20,0408,0.6321648114304702,0.8699131229995427,0.4964770354906054,7664,large,4374,small,3805,569,3859,0,0
0.45,0,0408,0.6288711288711288,0.8686752529898804,0.49282359081419624,7664,large,4348,small,3777,571,3887,0,0
0.45,3,0408,0.6287998667443991,0.8692148284595902,0.492562630480167,7664,large,4343,small,3775,568,3889,0,0
0.45,5,0408,0.6286666666666667,0.8699261992619927,0.4921711899791232,7664,large,4336,small,3772,564,3892,0,0
0.45,10,0408,0.6283997997663942,0.8713558537714021,0.4913883089770355,7664,large,4322,small,3766,556,3898,0,0
0.45,20,0408,0.6282083437839645,0.8743309285548057,0.490213987473904,7664,large,4297,small,3757,540,3907,0,0
0.5,0,0408,0.6245808182427901,0.8735928705440901,0.4860386221294363,7664,large,4264,small,3725,539,3939,0,0
0.5,3,0408,0.6245072548855154,0.8741488612350317,0.4857776617954071,7664,large,4259,small,3723,536,3941,0,0
0.5,5,0408,0.6243182008894856,0.8746766988008464,0.48538622129436326,7664,large,4253,small,3720,533,3944,0,0
0.5,10,0408,0.623991935483871,0.8759433962264151,0.4846033402922756,7664,large,4240,small,3714,526,3950,0,0
0.5,20,0408,0.6236323851203501,0.8783783783783784,0.48342901878914407,7664,large,4218,small,3705,513,3959,0,0
0.55,0,0408,0.6203641267700607,0.8761904761904762,0.4801670146137787,7664,large,4200,small,3680,520,3984,0,0
0.55,3,0408,0.6198751476294921,0.8768496420047732,0.479384133611691,7664,large,4190,small,3674,516,3990,0,0
0.55,5,0408,0.6202414113277623,0.8783169973703084,0.479384133611691,7664,large,4183,small,3674,509,3990,0,0
0.55,10,0408,0.6202874049027896,0.8807009121459434,0.47873173277661796,7664,large,4166,small,3669,497,3995,0,0
0.55,20,0408,0.6195109569337507,0.8811070998796631,0.47768789144050106,7664,large,4155,small,3661,494,4003,0,0
0.35,0,0414,0.43888464476699773,0.35627906976744184,0.5713575335653903,2011,small,3225,small,1149,2076,862,0,0
0.35,3,0414,0.4391736801836266,0.3568542119987566,0.5708602685231228,2011,small,3217,small,1148,2069,863,0,0
0.35,5,0414,0.43950995405819293,0.3572984749455338,0.5708602685231228,2011,small,3213,small,1148,2065,863,0,0
0.35,10,0414,0.43950995405819293,0.3572984749455338,0.5708602685231228,2011,small,3213,small,1148,2065,863,0,0
0.35,20,0414,0.4405218726016884,0.35863792564823493,0.5708602685231228,2011,small,3201,small,1148,2053,863,0,0
0.4,0,0414,0.44698012984457997,0.3697916666666667,0.5648930880159125,2011,small,3072,small,1136,1936,875,0,0
0.4,3,0414,0.44711443766003545,0.3701891715590346,0.564395822973645,2011,small,3066,small,1135,1931,876,0,0
0.4,5,0414,0.44711443766003545,0.3701891715590346,0.564395822973645,2011,small,3066,small,1135,1931,876,0,0
0.4,10,0414,0.4476434628278446,0.3709150326797386,0.564395822973645,2011,small,3060,small,1135,1925,876,0,0
0.4,20,0414,0.44861660079051385,0.37225319776976057,0.564395822973645,2011,small,3049,small,1135,1914,876,0,0
0.45,0,0414,0.4541784416633024,0.382262996941896,0.5594231725509696,2011,small,2943,small,1125,1818,886,0,0
0.45,3,0414,0.4542701393095094,0.3823929299796057,0.5594231725509696,2011,small,2942,small,1125,1817,886,0,0
0.45,5,0414,0.45454545454545453,0.38278325961211296,0.5594231725509696,2011,small,2939,small,1125,1814,886,0,0
0.45,10,0414,0.45592705167173253,0.3847469220246238,0.5594231725509696,2011,small,2924,small,1125,1799,886,0,0
0.45,20,0414,0.45685279187817257,0.3860672614962251,0.5594231725509696,2011,small,2914,small,1125,1789,886,0,0
0.5,0,0414,0.45693038628382565,0.3908127208480565,0.5499751367478867,2011,small,2830,small,1106,1724,905,0,0
0.5,3,0414,0.4570247933884298,0.3909508660303994,0.5499751367478867,2011,small,2829,small,1106,1723,905,0,0
0.5,5,0414,0.4573082489146165,0.3913658881811748,0.5499751367478867,2011,small,2826,small,1106,1720,905,0,0
0.5,10,0414,0.45854063018242125,0.39317454674724495,0.5499751367478867,2011,small,2813,small,1106,1707,905,0,0
0.5,20,0414,0.4601622633659247,0.3955650929899857,0.5499751367478867,2011,small,2796,small,1106,1690,905,0,0
0.55,0,0414,0.4625131995776135,0.40198237885462557,0.5445052212829438,2011,small,2724,small,1095,1629,916,0,0
0.55,3,0414,0.4628064243448859,0.402425578831312,0.5445052212829438,2011,small,2721,small,1095,1626,916,0,0
0.55,5,0414,0.4631000211461197,0.40286975717439294,0.5445052212829438,2011,small,2718,small,1095,1623,916,0,0
0.55,10,0414,0.4638847701758102,0.4040590405904059,0.5445052212829438,2011,small,2710,small,1095,1615,916,0,0
0.55,20,0414,0.4653633659158521,0.40630797773654914,0.5445052212829438,2011,small,2695,small,1095,1600,916,0,0
0.35,0,0420,0.8369892251909379,0.8198075663694524,0.854906492960706,19036,large,19851,large,16274,3577,2762,0,0
0.35,3,0420,0.8370538010492747,0.8199314792422411,0.854906492960706,19036,large,19848,large,16274,3574,2762,0,0
0.35,5,0420,0.8371399176954732,0.8200967546865552,0.854906492960706,19036,large,19844,large,16274,3570,2762,0,0
0.35,10,0420,0.837312204157234,0.8204275055454728,0.854906492960706,19036,large,19836,large,16274,3562,2762,0,0
0.35,20,0420,0.8372931092177405,0.8208751829606824,0.8543811725152343,19036,large,19813,large,16264,3549,2772,0,0
0.4,0,0420,0.8379381015383817,0.8277381989646866,0.8483925194368565,19036,large,19511,large,16150,3361,2886,0,0
0.4,3,0420,0.8380033208800332,0.8278654910805823,0.8483925194368565,19036,large,19508,large,16150,3358,2886,0,0
0.4,5,0420,0.8380685503749254,0.8279928223532428,0.8483925194368565,19036,large,19505,large,16150,3355,2886,0,0
0.4,10,0420,0.8383295699343352,0.8285025393731082,0.8483925194368565,19036,large,19493,large,16150,3343,2886,0,0
0.4,20,0420,0.8381234260196796,0.8285508957445716,0.8479197310359319,19036,large,19481,large,16141,3340,2895,0,0
0.45,0,0420,0.838070853798725,0.8336278586278586,0.8425614624921202,19036,large,19240,large,16039,3201,2997,0,0
0.45,3,0420,0.8381365453452826,0.8337578624525653,0.8425614624921202,19036,large,19237,large,16039,3198,2997,0,0
0.45,5,0420,0.8381365453452826,0.8337578624525653,0.8425614624921202,19036,large,19237,large,16039,3198,2997,0,0
0.45,10,0420,0.8382679593383333,0.8340179917840986,0.8425614624921202,19036,large,19231,large,16039,3192,2997,0,0
0.45,20,0420,0.838090757005437,0.8340790842872008,0.8421412061357428,19036,large,19220,large,16031,3189,3005,0,0
0.5,0,0420,0.8384040425307927,0.840084388185654,0.8367304055473839,19036,large,18960,large,15928,3032,3108,0,0
0.5,3,0420,0.8384923141714045,0.840261658577759,0.8367304055473839,19036,large,18956,large,15928,3028,3108,0,0
0.5,5,0420,0.8384923141714045,0.840261658577759,0.8367304055473839,19036,large,18956,large,15928,3028,3108,0,0
0.5,10,0420,0.8383529907329402,0.8402997677855183,0.8364152132801008,19036,large,18948,large,15922,3026,3114,0,0
0.5,20,0420,0.8383529907329402,0.8402997677855183,0.8364152132801008,19036,large,18948,large,15922,3026,3114,0,0
0.55,0,0420,0.8393131591499284,0.8468078280397818,0.8319499894935911,19036,large,18702,large,15837,2865,3199,0,0
0.55,3,0420,0.8393354002702917,0.8468531094593872,0.8319499894935911,19036,large,18701,large,15837,2864,3199,0,0
0.55,5,0420,0.8393354002702917,0.8468531094593872,0.8319499894935911,19036,large,18701,large,15837,2864,3199,0,0
0.55,10,0420,0.8391953139494819,0.8468945594607608,0.8316347972263081,19036,large,18693,large,15831,2862,3205,0,0
0.55,20,0420,0.8391953139494819,0.8468945594607608,0.8316347972263081,19036,large,18693,large,15831,2862,3205,0,0
0.35,0,0450,0.5405405405405406,0.6666666666666666,0.45454545454545453,44,very_tiny,30,very_tiny,20,10,24,0,0
0.35,3,0450,0.5555555555555556,0.7142857142857143,0.45454545454545453,44,very_tiny,28,very_tiny,20,8,24,0,0
0.35,5,0450,0.5555555555555556,0.7142857142857143,0.45454545454545453,44,very_tiny,28,very_tiny,20,8,24,0,0
0.35,10,0450,0.5555555555555556,0.7142857142857143,0.45454545454545453,44,very_tiny,28,very_tiny,20,8,24,0,0
0.35,20,0450,0.5555555555555556,0.7142857142857143,0.45454545454545453,44,very_tiny,28,very_tiny,20,8,24,0,0
0.4,0,0450,0.5352112676056338,0.7037037037037037,0.4318181818181818,44,very_tiny,27,very_tiny,19,8,25,0,0
0.4,3,0450,0.5352112676056338,0.7037037037037037,0.4318181818181818,44,very_tiny,27,very_tiny,19,8,25,0,0
0.4,5,0450,0.5352112676056338,0.7037037037037037,0.4318181818181818,44,very_tiny,27,very_tiny,19,8,25,0,0
0.4,10,0450,0.5352112676056338,0.7037037037037037,0.4318181818181818,44,very_tiny,27,very_tiny,19,8,25,0,0
0.4,20,0450,0.5352112676056338,0.7037037037037037,0.4318181818181818,44,very_tiny,27,very_tiny,19,8,25,0,0
0.45,0,0450,0.5217391304347826,0.72,0.4090909090909091,44,very_tiny,25,very_tiny,18,7,26,0,0
0.45,3,0450,0.5217391304347826,0.72,0.4090909090909091,44,very_tiny,25,very_tiny,18,7,26,0,0
0.45,5,0450,0.5217391304347826,0.72,0.4090909090909091,44,very_tiny,25,very_tiny,18,7,26,0,0
0.45,10,0450,0.5217391304347826,0.72,0.4090909090909091,44,very_tiny,25,very_tiny,18,7,26,0,0
0.45,20,0450,0.5217391304347826,0.72,0.4090909090909091,44,very_tiny,25,very_tiny,18,7,26,0,0
0.5,0,0450,0.5294117647058824,0.75,0.4090909090909091,44,very_tiny,24,very_tiny,18,6,26,0,0
0.5,3,0450,0.5294117647058824,0.75,0.4090909090909091,44,very_tiny,24,very_tiny,18,6,26,0,0
0.5,5,0450,0.5294117647058824,0.75,0.4090909090909091,44,very_tiny,24,very_tiny,18,6,26,0,0
0.5,10,0450,0.5294117647058824,0.75,0.4090909090909091,44,very_tiny,24,very_tiny,18,6,26,0,0
0.5,20,0450,0.5294117647058824,0.75,0.4090909090909091,44,very_tiny,24,very_tiny,18,6,26,0,0
0.55,0,0450,0.5074626865671642,0.7391304347826086,0.38636363636363635,44,very_tiny,23,very_tiny,17,6,27,0,0
0.55,3,0450,0.5074626865671642,0.7391304347826086,0.38636363636363635,44,very_tiny,23,very_tiny,17,6,27,0,0
0.55,5,0450,0.5074626865671642,0.7391304347826086,0.38636363636363635,44,very_tiny,23,very_tiny,17,6,27,0,0
0.55,10,0450,0.5074626865671642,0.7391304347826086,0.38636363636363635,44,very_tiny,23,very_tiny,17,6,27,0,0
0.55,20,0450,0.5074626865671642,0.7391304347826086,0.38636363636363635,44,very_tiny,23,very_tiny,17,6,27,0,0
0.35,0,0452,0.6548672566371682,0.6166666666666667,0.6981132075471698,212,tiny,240,tiny,148,92,64,0,0
0.35,3,0452,0.6548672566371682,0.6166666666666667,0.6981132075471698,212,tiny,240,tiny,148,92,64,0,0
0.35,5,0452,0.6592427616926503,0.6244725738396625,0.6981132075471698,212,tiny,237,tiny,148,89,64,0,0
0.35,10,0452,0.6592427616926503,0.6244725738396625,0.6981132075471698,212,tiny,237,tiny,148,89,64,0,0
0.35,20,0452,0.6804597701149425,0.6636771300448431,0.6981132075471698,212,tiny,223,tiny,148,75,64,0,0
0.4,0,0452,0.6606334841628959,0.6347826086956522,0.6886792452830188,212,tiny,230,tiny,146,84,66,0,0
0.4,3,0452,0.6606334841628959,0.6347826086956522,0.6886792452830188,212,tiny,230,tiny,146,84,66,0,0
0.4,5,0452,0.6651480637813212,0.6431718061674009,0.6886792452830188,212,tiny,227,tiny,146,81,66,0,0
0.4,10,0452,0.6651480637813212,0.6431718061674009,0.6886792452830188,212,tiny,227,tiny,146,81,66,0,0
0.4,20,0452,0.6838407494145199,0.6790697674418604,0.6886792452830188,212,tiny,215,tiny,146,69,66,0,0
0.45,0,0452,0.6651270207852193,0.6515837104072398,0.6792452830188679,212,tiny,221,tiny,144,77,68,0,0
0.45,3,0452,0.6666666666666666,0.6545454545454545,0.6792452830188679,212,tiny,220,tiny,144,76,68,0,0
0.45,5,0452,0.6666666666666666,0.6545454545454545,0.6792452830188679,212,tiny,220,tiny,144,76,68,0,0
0.45,10,0452,0.6666666666666666,0.6545454545454545,0.6792452830188679,212,tiny,220,tiny,144,76,68,0,0
0.45,20,0452,0.6824644549763034,0.6857142857142857,0.6792452830188679,212,tiny,210,tiny,144,66,68,0,0
0.5,0,0452,0.668235294117647,0.6666666666666666,0.6698113207547169,212,tiny,213,tiny,142,71,70,0,0
0.5,3,0452,0.6698113207547169,0.6698113207547169,0.6698113207547169,212,tiny,212,tiny,142,70,70,0,0
0.5,5,0452,0.6698113207547169,0.6698113207547169,0.6698113207547169,212,tiny,212,tiny,142,70,70,0,0
0.5,10,0452,0.6778042959427207,0.6859903381642513,0.6698113207547169,212,tiny,207,tiny,142,65,70,0,0
0.5,20,0452,0.6778042959427207,0.6859903381642513,0.6698113207547169,212,tiny,207,tiny,142,65,70,0,0
0.55,0,0452,0.6714285714285714,0.6778846153846154,0.6650943396226415,212,tiny,208,tiny,141,67,71,0,0
0.55,3,0452,0.6762589928057554,0.6878048780487804,0.6650943396226415,212,tiny,205,tiny,141,64,71,0,0
0.55,5,0452,0.6762589928057554,0.6878048780487804,0.6650943396226415,212,tiny,205,tiny,141,64,71,0,0
0.55,10,0452,0.6762589928057554,0.6878048780487804,0.6650943396226415,212,tiny,205,tiny,141,64,71,0,0
0.55,20,0452,0.6762589928057554,0.6878048780487804,0.6650943396226415,212,tiny,205,tiny,141,64,71,0,0
0.35,0,0467,0.8394550784618038,0.9011477230655313,0.7856681730148483,31023,large,27010,large,24340,2670,6640,0,0
0.35,3,0467,0.8394239889626628,0.9012034808368821,0.7855713363460297,31023,large,27005,large,24337,2668,6643,0,0
0.35,5,0467,0.8394818992428554,0.9013369875189807,0.7855713363460297,31023,large,27001,large,24337,2664,6643,0,0
0.35,10,0467,0.8394818992428554,0.9013369875189807,0.7855713363460297,31023,large,27001,large,24337,2664,6643,0,0
0.35,20,0467,0.8397080896433932,0.9019011970499945,0.7855390574564235,31023,large,26983,large,24336,2647,6644,0,0
0.4,0,0467,0.837550765385817,0.9058112470906224,0.7788573273079407,31023,large,26638,large,24129,2509,6851,0,0
0.4,3,0467,0.8375104137739516,0.9058041748010212,0.7787927695287282,31023,large,26636,large,24127,2509,6853,0,0
0.4,5,0467,0.8375104137739516,0.9058041748010212,0.7787927695287282,31023,large,26636,large,24127,2509,6853,0,0
0.4,10,0467,0.8375104137739516,0.9058041748010212,0.7787927695287282,31023,large,26636,large,24127,2509,6853,0,0
0.4,20,0467,0.8377083333333334,0.9063110443275733,0.778760490639122,31023,large,26620,large,24126,2494,6854,0,0
0.45,0,0467,0.8361359196204298,0.9096326096857447,0.7736281471917366,31023,large,26348,large,23967,2381,7013,0,0
0.45,3,0467,0.836095314516973,0.909625749639414,0.7735635894125242,31023,large,26346,large,23965,2381,7015,0,0
0.45,5,0467,0.836095314516973,0.909625749639414,0.7735635894125242,31023,large,26346,large,23965,2381,7015,0,0
0.45,10,0467,0.836095314516973,0.909625749639414,0.7735635894125242,31023,large,26346,large,23965,2381,7015,0,0
0.45,20,0467,0.8362792483118424,0.9101059587558391,0.773531310522918,31023,large,26331,large,23964,2367,7016,0,0
0.5,0,0467,0.8349599621524066,0.9131884557893527,0.7690768237572627,31023,large,26091,large,23826,2265,7154,0,0
0.5,3,0467,0.8349191329793758,0.9131818007589405,0.7690122659780504,31023,large,26089,large,23824,2265,7156,0,0
0.5,5,0467,0.8349191329793758,0.9131818007589405,0.7690122659780504,31023,large,26089,large,23824,2265,7156,0,0
0.5,10,0467,0.8349191329793758,0.9131818007589405,0.7690122659780504,31023,large,26089,large,23824,2265,7156,0,0
0.5,20,0467,0.8351035860763487,0.9136687888317865,0.7689799870884442,31023,large,26074,large,23823,2251,7157,0,0
0.55,0,0467,0.8332952045754509,0.9160766105629715,0.7642349903163331,31023,large,25845,large,23676,2169,7304,0,0
0.55,3,0467,0.8332541400489238,0.9160701156986418,0.7641704325371207,31023,large,25843,large,23674,2169,7306,0,0
0.55,5,0467,0.8332541400489238,0.9160701156986418,0.7641704325371207,31023,large,25843,large,23674,2169,7306,0,0
0.55,10,0467,0.8332541400489238,0.9160701156986418,0.7641704325371207,31023,large,25843,large,23674,2169,7306,0,0
0.55,20,0467,0.833438952260245,0.9165634195446802,0.7641381536475145,31023,large,25828,large,23673,2155,7307,0,0
0.35,0,0491,0.027906976744186046,1.0,0.014150943396226415,212,tiny,3,very_tiny,3,0,209,0,0
0.35,3,0491,0.027906976744186046,1.0,0.014150943396226415,212,tiny,3,very_tiny,3,0,209,0,0
0.35,5,0491,0.0,0.0,0.0,212,tiny,0,empty,0,0,212,1,0
0.35,10,0491,0.0,0.0,0.0,212,tiny,0,empty,0,0,212,1,0
0.35,20,0491,0.0,0.0,0.0,212,tiny,0,empty,0,0,212,1,0
0.4,0,0491,0.0,0.0,0.0,212,tiny,0,empty,0,0,212,1,0
0.4,3,0491,0.0,0.0,0.0,212,tiny,0,empty,0,0,212,1,0
0.4,5,0491,0.0,0.0,0.0,212,tiny,0,empty,0,0,212,1,0
0.4,10,0491,0.0,0.0,0.0,212,tiny,0,empty,0,0,212,1,0
0.4,20,0491,0.0,0.0,0.0,212,tiny,0,empty,0,0,212,1,0
0.45,0,0491,0.0,0.0,0.0,212,tiny,0,empty,0,0,212,1,0
0.45,3,0491,0.0,0.0,0.0,212,tiny,0,empty,0,0,212,1,0
0.45,5,0491,0.0,0.0,0.0,212,tiny,0,empty,0,0,212,1,0
0.45,10,0491,0.0,0.0,0.0,212,tiny,0,empty,0,0,212,1,0
0.45,20,0491,0.0,0.0,0.0,212,tiny,0,empty,0,0,212,1,0
0.5,0,0491,0.0,0.0,0.0,212,tiny,0,empty,0,0,212,1,0
0.5,3,0491,0.0,0.0,0.0,212,tiny,0,empty,0,0,212,1,0
0.5,5,0491,0.0,0.0,0.0,212,tiny,0,empty,0,0,212,1,0
0.5,10,0491,0.0,0.0,0.0,212,tiny,0,empty,0,0,212,1,0
0.5,20,0491,0.0,0.0,0.0,212,tiny,0,empty,0,0,212,1,0
0.55,0,0491,0.0,0.0,0.0,212,tiny,0,empty,0,0,212,1,0
0.55,3,0491,0.0,0.0,0.0,212,tiny,0,empty,0,0,212,1,0
0.55,5,0491,0.0,0.0,0.0,212,tiny,0,empty,0,0,212,1,0
0.55,10,0491,0.0,0.0,0.0,212,tiny,0,empty,0,0,212,1,0
0.55,20,0491,0.0,0.0,0.0,212,tiny,0,empty,0,0,212,1,0
0.35,0,0512,0.7047619047619048,0.6607142857142857,0.7551020408163265,536,tiny,616,tiny,407,209,132,0,0
0.35,3,0512,0.7084421235857267,0.6672131147540984,0.7551020408163265,536,tiny,610,tiny,407,203,132,0,0
0.35,5,0512,0.7084421235857267,0.6672131147540984,0.7551020408163265,536,tiny,610,tiny,407,203,132,0,0
0.35,10,0512,0.7084421235857267,0.6672131147540984,0.7551020408163265,536,tiny,610,tiny,407,203,132,0,0
0.35,20,0512,0.7084421235857267,0.6672131147540984,0.7551020408163265,536,tiny,610,tiny,407,203,132,0,0
0.4,0,0512,0.7092819614711033,0.6716417910447762,0.75139146567718,536,tiny,603,tiny,405,198,134,0,0
0.4,3,0512,0.7111501316944688,0.675,0.75139146567718,536,tiny,600,tiny,405,195,134,0,0
0.4,5,0512,0.7111501316944688,0.675,0.75139146567718,536,tiny,600,tiny,405,195,134,0,0
0.4,10,0512,0.7111501316944688,0.675,0.75139146567718,536,tiny,600,tiny,405,195,134,0,0
0.4,20,0512,0.7111501316944688,0.675,0.75139146567718,536,tiny,600,tiny,405,195,134,0,0
0.45,0,0512,0.7170818505338078,0.6888888888888889,0.7476808905380334,536,tiny,585,tiny,403,182,136,0,0
0.45,3,0512,0.717720391807658,0.690068493150685,0.7476808905380334,536,tiny,584,tiny,403,181,136,0,0
0.45,5,0512,0.717720391807658,0.690068493150685,0.7476808905380334,536,tiny,584,tiny,403,181,136,0,0
0.45,10,0512,0.717720391807658,0.690068493150685,0.7476808905380334,536,tiny,584,tiny,403,181,136,0,0
0.45,20,0512,0.717720391807658,0.690068493150685,0.7476808905380334,536,tiny,584,tiny,403,181,136,0,0
0.5,0,0512,0.7182718271827183,0.6975524475524476,0.7402597402597403,536,tiny,572,tiny,399,173,140,0,0
0.5,3,0512,0.7189189189189189,0.6987740805604203,0.7402597402597403,536,tiny,571,tiny,399,172,140,0,0
0.5,5,0512,0.7189189189189189,0.6987740805604203,0.7402597402597403,536,tiny,571,tiny,399,172,140,0,0
0.5,10,0512,0.7189189189189189,0.6987740805604203,0.7402597402597403,536,tiny,571,tiny,399,172,140,0,0
0.5,20,0512,0.7189189189189189,0.6987740805604203,0.7402597402597403,536,tiny,571,tiny,399,172,140,0,0
0.55,0,0512,0.7198549410698096,0.7039007092198581,0.7365491651205937,536,tiny,564,tiny,397,167,142,0,0
0.55,3,0512,0.720508166969147,0.7051509769094139,0.7365491651205937,536,tiny,563,tiny,397,166,142,0,0
0.55,5,0512,0.720508166969147,0.7051509769094139,0.7365491651205937,536,tiny,563,tiny,397,166,142,0,0
0.55,10,0512,0.720508166969147,0.7051509769094139,0.7365491651205937,536,tiny,563,tiny,397,166,142,0,0
0.55,20,0512,0.720508166969147,0.7051509769094139,0.7365491651205937,536,tiny,563,tiny,397,166,142,0,0
0.35,0,0537,0.7647901857372162,0.7877302786962683,0.7431483957219251,17927,large,16936,large,13341,3595,4611,0,0
0.35,3,0537,0.7648121076618798,0.7877767936226749,0.7431483957219251,17927,large,16935,large,13341,3594,4611,0,0
0.35,5,0537,0.7648121076618798,0.7877767936226749,0.7431483957219251,17927,large,16935,large,13341,3594,4611,0,0
0.35,10,0537,0.7648121076618798,0.7877767936226749,0.7431483957219251,17927,large,16935,large,13341,3594,4611,0,0
0.35,20,0537,0.7648121076618798,0.7877767936226749,0.7431483957219251,17927,large,16935,large,13341,3594,4611,0,0
0.4,0,0537,0.7620096831241121,0.7945106099993955,0.7320632798573975,17927,large,16541,large,13142,3399,4810,0,0
0.4,3,0537,0.7620096831241121,0.7945106099993955,0.7320632798573975,17927,large,16541,large,13142,3399,4810,0,0
0.4,5,0537,0.7620096831241121,0.7945106099993955,0.7320632798573975,17927,large,16541,large,13142,3399,4810,0,0
0.4,10,0537,0.7620096831241121,0.7945106099993955,0.7320632798573975,17927,large,16541,large,13142,3399,4810,0,0
0.4,20,0537,0.7615732683605987,0.794480755265069,0.7312834224598931,17927,large,16524,large,13128,3396,4824,0,0
0.45,0,0537,0.7596159475440548,0.8004318322023443,0.7227606951871658,17927,large,16210,large,12975,3235,4977,0,0
0.45,3,0537,0.7596159475440548,0.8004318322023443,0.7227606951871658,17927,large,16210,large,12975,3235,4977,0,0
0.45,5,0537,0.7596159475440548,0.8004318322023443,0.7227606951871658,17927,large,16210,large,12975,3235,4977,0,0
0.45,10,0537,0.7596159475440548,0.8004318322023443,0.7227606951871658,17927,large,16210,large,12975,3235,4977,0,0
0.45,20,0537,0.7592467859548423,0.8004322321704229,0.7220922459893048,17927,large,16195,large,12963,3232,4989,0,0
0.5,0,0537,0.757648169454524,0.8053308247099404,0.7152963458110517,17927,large,15945,large,12841,3104,5111,0,0
0.5,3,0537,0.757648169454524,0.8053308247099404,0.7152963458110517,17927,large,15945,large,12841,3104,5111,0,0
0.5,5,0537,0.757648169454524,0.8053308247099404,0.7152963458110517,17927,large,15945,large,12841,3104,5111,0,0
0.5,10,0537,0.757648169454524,0.8053308247099404,0.7152963458110517,17927,large,15945,large,12841,3104,5111,0,0
0.5,20,0537,0.757385273719935,0.8053724973325802,0.714795008912656,17927,large,15933,large,12832,3101,5120,0,0
0.55,0,0537,0.7553333928412033,0.8106917033914544,0.7070521390374331,17927,large,15657,large,12693,2964,5259,0,0
0.55,3,0537,0.7553188323861101,0.8107313957202171,0.7069964349376114,17927,large,15655,large,12692,2963,5260,0,0
0.55,5,0537,0.7553188323861101,0.8107313957202171,0.7069964349376114,17927,large,15655,large,12692,2963,5260,0,0
0.55,10,0537,0.7553188323861101,0.8107313957202171,0.7069964349376114,17927,large,15655,large,12692,2963,5260,0,0
0.55,20,0537,0.755067416733637,0.810738255033557,0.7065508021390374,17927,large,15645,large,12684,2961,5268,0,0
0.35,0,0546,0.0,0.0,0.0,105,tiny,142,tiny,0,142,105,0,0
0.35,3,0546,0.0,0.0,0.0,105,tiny,141,tiny,0,141,105,0,0
0.35,5,0546,0.0,0.0,0.0,105,tiny,138,tiny,0,138,105,0,0
0.35,10,0546,0.0,0.0,0.0,105,tiny,124,tiny,0,124,105,0,0
0.35,20,0546,0.0,0.0,0.0,105,tiny,100,tiny,0,100,105,0,0
0.4,0,0546,0.0,0.0,0.0,105,tiny,132,tiny,0,132,105,0,0
0.4,3,0546,0.0,0.0,0.0,105,tiny,130,tiny,0,130,105,0,0
0.4,5,0546,0.0,0.0,0.0,105,tiny,130,tiny,0,130,105,0,0
0.4,10,0546,0.0,0.0,0.0,105,tiny,108,tiny,0,108,105,0,0
0.4,20,0546,0.0,0.0,0.0,105,tiny,97,tiny,0,97,105,0,0
0.45,0,0546,0.0,0.0,0.0,105,tiny,129,tiny,0,129,105,0,0
0.45,3,0546,0.0,0.0,0.0,105,tiny,127,tiny,0,127,105,0,0
0.45,5,0546,0.0,0.0,0.0,105,tiny,127,tiny,0,127,105,0,0
0.45,10,0546,0.0,0.0,0.0,105,tiny,96,tiny,0,96,105,0,0
0.45,20,0546,0.0,0.0,0.0,105,tiny,96,tiny,0,96,105,0,0
0.5,0,0546,0.0,0.0,0.0,105,tiny,123,tiny,0,123,105,0,0
0.5,3,0546,0.0,0.0,0.0,105,tiny,123,tiny,0,123,105,0,0
0.5,5,0546,0.0,0.0,0.0,105,tiny,123,tiny,0,123,105,0,0
0.5,10,0546,0.0,0.0,0.0,105,tiny,93,tiny,0,93,105,0,0
0.5,20,0546,0.0,0.0,0.0,105,tiny,93,tiny,0,93,105,0,0
0.55,0,0546,0.0,0.0,0.0,105,tiny,119,tiny,0,119,105,0,0
0.55,3,0546,0.0,0.0,0.0,105,tiny,119,tiny,0,119,105,0,0
0.55,5,0546,0.0,0.0,0.0,105,tiny,115,tiny,0,115,105,0,0
0.55,10,0546,0.0,0.0,0.0,105,tiny,90,tiny,0,90,105,0,0
0.55,20,0546,0.0,0.0,0.0,105,tiny,90,tiny,0,90,105,0,0
0.35,0,0558,0.799560346649757,0.7651256492823508,0.8372405977760464,56476,large,61799,large,47284,14515,9192,0,0
0.35,3,0558,0.7995806277056277,0.7651627937083306,0.8372405977760464,56476,large,61796,large,47284,14512,9192,0,0
0.35,5,0558,0.7996009097903931,0.7651999417409739,0.8372405977760464,56476,large,61793,large,47284,14509,9192,0,0
0.35,10,0558,0.7996076209483057,0.7653010019910322,0.8371343579573625,56476,large,61777,large,47278,14499,9198,0,0
0.35,20,0558,0.7996076209483057,0.7653010019910322,0.8371343579573625,56476,large,61777,large,47278,14499,9198,0,0
0.4,0,0558,0.8009693053311793,0.7704550659207642,0.8340002833061831,56476,large,61134,large,47101,14033,9375,0,0
0.4,3,0558,0.8009795418601092,0.77048912154425,0.8339825766697359,56476,large,61130,large,47100,14030,9376,0,0
0.4,5,0558,0.8009795418601092,0.77048912154425,0.8339825766697359,56476,large,61130,large,47100,14030,9376,0,0
0.4,10,0558,0.800952380952381,0.7704993128721942,0.8339117501239465,56476,large,61124,large,47096,14028,9380,0,0
0.4,20,0558,0.8010818074348747,0.7707388920710253,0.8339117501239465,56476,large,61105,large,47096,14009,9380,0,0
0.45,0,0558,0.8021577813493828,0.7755058185665168,0.8307068489269779,56476,large,60496,large,46915,13581,9561,0,0
0.45,3,0558,0.8021612564012687,0.775527747012051,0.8306891422905305,56476,large,60493,large,46914,13579,9562,0,0
0.45,5,0558,0.8021612564012687,0.775527747012051,0.8306891422905305,56476,large,60493,large,46914,13579,9562,0,0
0.45,10,0558,0.8021442495126706,0.7755422563153022,0.8306360223811885,56476,large,60488,large,46911,13577,9565,0,0
0.45,20,0558,0.8022402736212056,0.7757217977974006,0.8306360223811885,56476,large,60474,large,46911,13563,9565,0,0
0.5,0,0558,0.8033172911653489,0.7804588871818849,0.8275550676393513,56476,large,59884,large,46737,13147,9739,0,0
0.5,3,0558,0.8033241949483925,0.7804719202444768,0.8275550676393513,56476,large,59883,large,46737,13146,9739,0,0
0.5,5,0558,0.8033277183815188,0.780494321977288,0.8275373610029039,56476,large,59880,large,46736,13144,9740,0,0
0.5,10,0558,0.8033277183815188,0.780494321977288,0.8275373610029039,56476,large,59880,large,46736,13144,9740,0,0
0.5,20,0558,0.8033967648221684,0.7806246868214465,0.8275373610029039,56476,large,59870,large,46736,13134,9740,0,0
0.55,0,0558,0.8040157589162289,0.7850779510022272,0.8238897938947517,56476,large,59268,large,46530,12738,9946,0,0
0.55,3,0558,0.8040227054767891,0.7850911974623315,0.8238897938947517,56476,large,59267,large,46530,12737,9946,0,0
0.55,5,0558,0.8040227054767891,0.7850911974623315,0.8238897938947517,56476,large,59267,large,46530,12737,9946,0,0
0.55,10,0558,0.8040643873609995,0.7851706856111101,0.8238897938947517,56476,large,59261,large,46530,12731,9946,0,0
0.55,20,0558,0.8040643873609995,0.7851706856111101,0.8238897938947517,56476,large,59261,large,46530,12731,9946,0,0
0.35,0,0574,0.5925155925155925,0.5142083897158322,0.6989576946658492,1631,small,2217,small,1140,1077,491,0,0
0.35,3,0574,0.592823712948518,0.5146726862302483,0.6989576946658492,1631,small,2215,small,1140,1075,491,0,0
0.35,5,0574,0.592823712948518,0.5146726862302483,0.6989576946658492,1631,small,2215,small,1140,1075,491,0,0
0.35,10,0574,0.592823712948518,0.5146726862302483,0.6989576946658492,1631,small,2215,small,1140,1075,491,0,0
0.35,20,0574,0.5873140172278778,0.5113636363636364,0.6897608828939301,1631,small,2200,small,1125,1075,506,0,0
0.4,0,0574,0.5945945945945946,0.5197247706422018,0.6946658491722869,1631,small,2180,small,1133,1047,498,0,0
0.4,3,0574,0.5949067996849566,0.5202020202020202,0.6946658491722869,1631,small,2178,small,1133,1045,498,0,0
0.4,5,0574,0.5949067996849566,0.5202020202020202,0.6946658491722869,1631,small,2178,small,1133,1045,498,0,0
0.4,10,0574,0.5949067996849566,0.5202020202020202,0.6946658491722869,1631,small,2178,small,1133,1045,498,0,0
0.4,20,0574,0.5900948366701791,0.5173210161662818,0.6866952789699571,1631,small,2165,small,1120,1045,511,0,0
0.45,0,0574,0.5952127659574468,0.5255988727101926,0.6860821581851625,1631,small,2129,small,1119,1010,512,0,0
0.45,3,0574,0.5952127659574468,0.5255988727101926,0.6860821581851625,1631,small,2129,small,1119,1010,512,0,0
0.45,5,0574,0.5952127659574468,0.5255988727101926,0.6860821581851625,1631,small,2129,small,1119,1010,512,0,0
0.45,10,0574,0.5952127659574468,0.5255988727101926,0.6860821581851625,1631,small,2129,small,1119,1010,512,0,0
0.45,20,0574,0.5910909575886903,0.5231350330500472,0.6793378295524218,1631,small,2118,small,1108,1010,523,0,0
0.5,0,0574,0.5992993802209647,0.5346153846153846,0.6817903126916003,1631,small,2080,small,1112,968,519,0,0
0.5,3,0574,0.5992993802209647,0.5346153846153846,0.6817903126916003,1631,small,2080,small,1112,968,519,0,0
0.5,5,0574,0.5992993802209647,0.5346153846153846,0.6817903126916003,1631,small,2080,small,1112,968,519,0,0
0.5,10,0574,0.595894111291194,0.5325929502655722,0.6762722256284488,1631,small,2071,small,1103,968,528,0,0
0.5,20,0574,0.595894111291194,0.5325929502655722,0.6762722256284488,1631,small,2071,small,1103,968,528,0,0
0.55,0,0574,0.6004354926510616,0.5398923152227117,0.6762722256284488,1631,small,2043,small,1103,940,528,0,0
0.55,3,0574,0.6004354926510616,0.5398923152227117,0.6762722256284488,1631,small,2043,small,1103,940,528,0,0
0.55,5,0574,0.6004354926510616,0.5398923152227117,0.6762722256284488,1631,small,2043,small,1103,940,528,0,0
0.55,10,0574,0.5981461286804798,0.5385370643102602,0.6725935009196812,1631,small,2037,small,1097,940,534,0,0
0.55,20,0574,0.5981461286804798,0.5385370643102602,0.6725935009196812,1631,small,2037,small,1097,940,534,0,0
0.35,0,0577,0.7692457231726283,0.8387620999081467,0.7103704146969062,16687,large,14153,large,11871,2282,4840,0,0
0.35,3,0577,0.7692457231726283,0.8387620999081467,0.7103704146969062,16687,large,14153,large,11871,2282,4840,0,0
0.35,5,0577,0.7690861957226183,0.838716517068344,0.7101310514032673,16687,large,14149,large,11867,2282,4844,0,0
0.35,10,0577,0.769285621677687,0.8391910048794287,0.7101310514032673,16687,large,14141,large,11867,2274,4844,0,0
0.35,20,0577,0.7697596730775468,0.8403200679790398,0.7101310514032673,16687,large,14122,large,11867,2255,4844,0,0
0.4,0,0577,0.76531481360152,0.8455302207745204,0.6990006582490575,16687,large,13815,large,11681,2134,5030,0,0
0.4,3,0577,0.76531481360152,0.8455302207745204,0.6990006582490575,16687,large,13815,large,11681,2134,5030,0,0
0.4,5,0577,0.7651530043902759,0.8454854825863443,0.6987612949554186,16687,large,13811,large,11677,2134,5034,0,0
0.4,10,0577,0.765328526953957,0.8459142277600695,0.6987612949554186,16687,large,13804,large,11677,2127,5034,0,0
0.4,20,0577,0.765805351521511,0.8470801595937614,0.6987612949554186,16687,large,13785,large,11677,2108,5034,0,0
0.45,0,0577,0.762858653973291,0.8521527213647441,0.6905032613248758,16687,large,13541,large,11539,2002,5172,0,0
0.45,3,0577,0.7629090909090909,0.8522786025555802,0.6905032613248758,16687,large,13539,large,11539,2000,5172,0,0
0.45,5,0577,0.7627454870065463,0.8522349464351681,0.6902638980312369,16687,large,13535,large,11535,2000,5176,0,0
0.45,10,0577,0.7627454870065463,0.8522349464351681,0.6902638980312369,16687,large,13535,large,11535,2000,5176,0,0
0.45,20,0577,0.7631996824136562,0.8533698305837094,0.6902638980312369,16687,large,13517,large,11535,1982,5176,0,0
0.5,0,0577,0.75997732804321,0.8580786026200873,0.6820058644006941,16687,large,13282,large,11397,1885,5314,0,0
0.5,3,0577,0.7599866622207403,0.8581971534001054,0.6819460235772844,16687,large,13279,large,11396,1883,5315,0,0
0.5,5,0577,0.7598626071297562,0.8581651099728834,0.6817665011070553,16687,large,13276,large,11393,1883,5318,0,0
0.5,10,0577,0.7598626071297562,0.8581651099728834,0.6817665011070553,16687,large,13276,large,11393,1883,5318,0,0
0.5,20,0577,0.7602682593173401,0.8592006033182503,0.6817665011070553,16687,large,13260,large,11393,1867,5318,0,0
0.55,0,0577,0.7577071776769205,0.8645849317170478,0.6743462390042487,16687,large,13034,large,11269,1765,5442,0,0
0.55,3,0577,0.757690885250311,0.8646408839779005,0.674286398180839,16687,large,13032,large,11268,1764,5443,0,0
0.55,5,0577,0.757690885250311,0.8646408839779005,0.674286398180839,16687,large,13032,large,11268,1764,5443,0,0
0.55,10,0577,0.757690885250311,0.8646408839779005,0.674286398180839,16687,large,13032,large,11268,1764,5443,0,0
0.55,20,0577,0.7580731969860065,0.8656372436045172,0.674286398180839,16687,large,13017,large,11268,1749,5443,0,0
0.35,0,0606,0.719208870242733,0.7402837754472548,0.6993006993006993,1716,small,1621,small,1200,421,516,0,0
0.35,3,0606,0.719640179910045,0.7411982705373688,0.6993006993006993,1716,small,1619,small,1200,419,516,0,0
0.35,5,0606,0.719640179910045,0.7411982705373688,0.6993006993006993,1716,small,1619,small,1200,419,516,0,0
0.35,10,0606,0.7207207207207207,0.7434944237918215,0.6993006993006993,1716,small,1614,small,1200,414,516,0,0
0.35,20,0606,0.724418955629339,0.7514088916718847,0.6993006993006993,1716,small,1597,small,1200,397,516,0,0
0.4,0,0606,0.7193460490463215,0.7485822306238186,0.6923076923076923,1716,small,1587,small,1188,399,528,0,0
0.4,3,0606,0.72,0.75,0.6923076923076923,1716,small,1584,small,1188,396,528,0,0
0.4,5,0606,0.72,0.75,0.6923076923076923,1716,small,1584,small,1188,396,528,0,0
0.4,10,0606,0.72,0.75,0.6923076923076923,1716,small,1584,small,1188,396,528,0,0
0.4,20,0606,0.7235079171741778,0.7576530612244898,0.6923076923076923,1716,small,1568,small,1188,380,528,0,0
0.45,0,0606,0.7201961385228317,0.7595345830639948,0.6847319347319347,1716,small,1547,small,1175,372,541,0,0
0.45,3,0606,0.7204169221336604,0.7600258732212161,0.6847319347319347,1716,small,1546,small,1175,371,541,0,0
0.45,5,0606,0.7204169221336604,0.7600258732212161,0.6847319347319347,1716,small,1546,small,1175,371,541,0,0
0.45,10,0606,0.7204169221336604,0.7600258732212161,0.6847319347319347,1716,small,1546,small,1175,371,541,0,0
0.45,20,0606,0.7282305546947629,0.7776307081403044,0.6847319347319347,1716,small,1511,small,1175,336,541,0,0
0.5,0,0606,0.7214640198511166,0.7712201591511937,0.6777389277389277,1716,small,1508,small,1163,345,553,0,0
0.5,3,0606,0.7216878684455477,0.7717319177173192,0.6777389277389277,1716,small,1507,small,1163,344,553,0,0
0.5,5,0606,0.7216878684455477,0.7717319177173192,0.6777389277389277,1716,small,1507,small,1163,344,553,0,0
0.5,10,0606,0.7216878684455477,0.7717319177173192,0.6777389277389277,1716,small,1507,small,1163,344,553,0,0
0.5,20,0606,0.7289251018489502,0.7884745762711864,0.6777389277389277,1716,small,1475,small,1163,312,553,0,0
0.55,0,0606,0.7253366739743188,0.7840216655382533,0.6748251748251748,1716,small,1477,small,1158,319,558,0,0
0.55,3,0606,0.7260188087774294,0.7856173677069199,0.6748251748251748,1716,small,1474,small,1158,316,558,0,0
0.55,5,0606,0.7260188087774294,0.7856173677069199,0.6748251748251748,1716,small,1474,small,1158,316,558,0,0
0.55,10,0606,0.7260188087774294,0.7856173677069199,0.6748251748251748,1716,small,1474,small,1158,316,558,0,0
0.55,20,0606,0.7415946205571565,0.8230277185501066,0.6748251748251748,1716,small,1407,small,1158,249,558,0,0
0.35,0,0625,0.6203486215848684,0.6900914529326824,0.5634087464211531,17813,large,14543,large,10036,4507,7777,0,0
0.35,3,0625,0.620367794776696,0.6901389079906478,0.5634087464211531,17813,large,14542,large,10036,4506,7777,0,0
0.35,5,0625,0.620367794776696,0.6901389079906478,0.5634087464211531,17813,large,14542,large,10036,4506,7777,0,0
0.35,10,0625,0.620156477100535,0.6903745524648857,0.5629034974456857,17813,large,14524,large,10027,4497,7786,0,0
0.35,20,0625,0.620156477100535,0.6903745524648857,0.5629034974456857,17813,large,14524,large,10027,4497,7786,0,0
0.4,0,0625,0.6183529705130603,0.6951433176816876,0.5568405097400775,17813,large,14269,large,9919,4350,7894,0,0
0.4,3,0625,0.6183291770573566,0.6951706735823929,0.5567843709650255,17813,large,14267,large,9918,4349,7895,0,0
0.4,5,0625,0.6183291770573566,0.6951706735823929,0.5567843709650255,17813,large,14267,large,9918,4349,7895,0,0
0.4,10,0625,0.6182101652634862,0.6953075682121064,0.5565036770897659,17813,large,14257,large,9913,4344,7900,0,0
0.4,20,0625,0.6182101652634862,0.6953075682121064,0.5565036770897659,17813,large,14257,large,9913,4344,7900,0,0
0.45,0,0625,0.6160708676258089,0.6993795021753084,0.5504968281592095,17813,large,14021,large,9806,4215,8007,0,0
0.45,3,0625,0.6160467454134204,0.6994079463585134,0.5504406893841577,17813,large,14019,large,9805,4214,8008,0,0
0.45,5,0625,0.6159502262443439,0.699521804296624,0.5502161342839499,17813,large,14011,large,9801,4210,8012,0,0
0.45,10,0625,0.6159502262443439,0.699521804296624,0.5502161342839499,17813,large,14011,large,9801,4210,8012,0,0
0.45,20,0625,0.6159502262443439,0.699521804296624,0.5502161342839499,17813,large,14011,large,9801,4210,8012,0,0
0.5,0,0625,0.6134988756215753,0.7038517441860465,0.5437040363779262,17813,large,13760,large,9685,4075,8128,0,0
0.5,3,0625,0.6134304719670574,0.7038598531656611,0.5435917588278224,17813,large,13757,large,9683,4074,8130,0,0
0.5,5,0625,0.6133713561470215,0.704080890376082,0.5433672037276147,17813,large,13747,large,9679,4068,8134,0,0
0.5,10,0625,0.6133713561470215,0.704080890376082,0.5433672037276147,17813,large,13747,large,9679,4068,8134,0,0
0.5,20,0625,0.6128439203753011,0.7038223516563524,0.5426935384269915,17813,large,13735,large,9667,4068,8146,0,0
0.55,0,0625,0.6104638171545312,0.7075625277490011,0.5367989670465391,17813,large,13514,large,9562,3952,8251,0,0
0.55,3,0625,0.6103891957472622,0.7076547231270358,0.5366305507213832,17813,large,13508,large,9559,3949,8254,0,0
0.55,5,0625,0.6104476658790472,0.7078119215105516,0.5366305507213832,17813,large,13505,large,9559,3946,8254,0,0
0.55,10,0625,0.6101370125514994,0.7076603941324641,0.5362375792960198,17813,large,13498,large,9552,3946,8261,0,0
0.55,20,0625,0.6101370125514994,0.7076603941324641,0.5362375792960198,17813,large,13498,large,9552,3946,8261,0,0
0.35,0,0667,0.7302052785923754,0.7196531791907514,0.7410714285714286,672,tiny,692,tiny,498,194,174,0,0
0.35,3,0667,0.7307410124724871,0.7206946454413893,0.7410714285714286,672,tiny,691,tiny,498,193,174,0,0
0.35,5,0667,0.7307410124724871,0.7206946454413893,0.7410714285714286,672,tiny,691,tiny,498,193,174,0,0
0.35,10,0667,0.7307410124724871,0.7206946454413893,0.7410714285714286,672,tiny,691,tiny,498,193,174,0,0
0.35,20,0667,0.7307410124724871,0.7206946454413893,0.7410714285714286,672,tiny,691,tiny,498,193,174,0,0
0.4,0,0667,0.7373887240356083,0.735207100591716,0.7395833333333334,672,tiny,676,tiny,497,179,175,0,0
0.4,3,0667,0.7373887240356083,0.735207100591716,0.7395833333333334,672,tiny,676,tiny,497,179,175,0,0
0.4,5,0667,0.7373887240356083,0.735207100591716,0.7395833333333334,672,tiny,676,tiny,497,179,175,0,0
0.4,10,0667,0.7373887240356083,0.735207100591716,0.7395833333333334,672,tiny,676,tiny,497,179,175,0,0
0.4,20,0667,0.7373887240356083,0.735207100591716,0.7395833333333334,672,tiny,676,tiny,497,179,175,0,0
0.45,0,0667,0.7430293896006028,0.7526717557251908,0.7336309523809523,672,tiny,655,tiny,493,162,179,0,0
0.45,3,0667,0.7430293896006028,0.7526717557251908,0.7336309523809523,672,tiny,655,tiny,493,162,179,0,0
0.45,5,0667,0.7430293896006028,0.7526717557251908,0.7336309523809523,672,tiny,655,tiny,493,162,179,0,0
0.45,10,0667,0.7430293896006028,0.7526717557251908,0.7336309523809523,672,tiny,655,tiny,493,162,179,0,0
0.45,20,0667,0.7430293896006028,0.7526717557251908,0.7336309523809523,672,tiny,655,tiny,493,162,179,0,0
0.5,0,0667,0.7406844106463878,0.7573872472783826,0.7247023809523809,672,tiny,643,tiny,487,156,185,0,0
0.5,3,0667,0.7406844106463878,0.7573872472783826,0.7247023809523809,672,tiny,643,tiny,487,156,185,0,0
0.5,5,0667,0.7406844106463878,0.7573872472783826,0.7247023809523809,672,tiny,643,tiny,487,156,185,0,0
0.5,10,0667,0.7406844106463878,0.7573872472783826,0.7247023809523809,672,tiny,643,tiny,487,156,185,0,0
0.5,20,0667,0.7406844106463878,0.7573872472783826,0.7247023809523809,672,tiny,643,tiny,487,156,185,0,0
0.55,0,0667,0.7446153846153846,0.7707006369426752,0.7202380952380952,672,tiny,628,tiny,484,144,188,0,0
0.55,3,0667,0.7446153846153846,0.7707006369426752,0.7202380952380952,672,tiny,628,tiny,484,144,188,0,0
0.55,5,0667,0.7446153846153846,0.7707006369426752,0.7202380952380952,672,tiny,628,tiny,484,144,188,0,0
0.55,10,0667,0.7446153846153846,0.7707006369426752,0.7202380952380952,672,tiny,628,tiny,484,144,188,0,0
0.55,20,0667,0.7446153846153846,0.7707006369426752,0.7202380952380952,672,tiny,628,tiny,484,144,188,0,0
0.35,0,0702,0.14370215727209465,0.7509090909090909,0.07945363601385148,5204,large,550,tiny,413,137,4785,0,0
0.35,3,0702,0.1433791543413955,0.7504553734061931,0.07926125432858792,5204,large,549,tiny,412,137,4786,0,0
0.35,5,0702,0.1433791543413955,0.7504553734061931,0.07926125432858792,5204,large,549,tiny,412,137,4786,0,0
0.35,10,0702,0.14196023718172304,0.7593283582089553,0.0782993459022701,5204,large,536,tiny,407,129,4791,0,0
0.35,20,0702,0.14196023718172304,0.7593283582089553,0.0782993459022701,5204,large,536,tiny,407,129,4791,0,0
0.4,0,0702,0.13480392156862744,0.7490272373540856,0.07406694882647172,5204,large,514,tiny,385,129,4813,0,0
0.4,3,0702,0.13480392156862744,0.7490272373540856,0.07406694882647172,5204,large,514,tiny,385,129,4813,0,0
0.4,5,0702,0.13480392156862744,0.7490272373540856,0.07406694882647172,5204,large,514,tiny,385,129,4813,0,0
0.4,10,0702,0.13169446883230904,0.7545271629778671,0.0721431319738361,5204,large,497,tiny,375,122,4823,0,0
0.4,20,0702,0.13169446883230904,0.7545271629778671,0.0721431319738361,5204,large,497,tiny,375,122,4823,0,0
0.45,0,0702,0.1290436005625879,0.7489795918367347,0.07060407849172759,5204,large,490,tiny,367,123,4831,0,0
0.45,3,0702,0.1283855082659163,0.7479508196721312,0.07021931512120046,5204,large,488,tiny,365,123,4833,0,0
0.45,5,0702,0.12706793382611756,0.7458677685950413,0.0694497883801462,5204,large,484,tiny,361,123,4837,0,0
0.45,10,0702,0.12722466960352422,0.7568134171907757,0.0694497883801462,5204,large,477,tiny,361,116,4837,0,0
0.45,20,0702,0.12722466960352422,0.7568134171907757,0.0694497883801462,5204,large,477,tiny,361,116,4837,0,0
0.5,0,0702,0.1235657546337158,0.7494646680942184,0.06733358984224702,5204,large,467,tiny,350,117,4848,0,0
0.5,3,0702,0.1235657546337158,0.7494646680942184,0.06733358984224702,5204,large,467,tiny,350,117,4848,0,0
0.5,5,0702,0.1235657546337158,0.7494646680942184,0.06733358984224702,5204,large,467,tiny,350,117,4848,0,0
0.5,10,0702,0.12371862849063273,0.7608695652173914,0.06733358984224702,5204,large,460,tiny,350,110,4848,0,0
0.5,20,0702,0.12371862849063273,0.7608695652173914,0.06733358984224702,5204,large,460,tiny,350,110,4848,0,0
0.55,0,0702,0.11766790714159135,0.7460674157303371,0.06387071950750288,5204,large,445,tiny,332,113,4866,0,0
0.55,3,0702,0.11766790714159135,0.7460674157303371,0.06387071950750288,5204,large,445,tiny,332,113,4866,0,0
0.55,5,0702,0.11766790714159135,0.7460674157303371,0.06387071950750288,5204,large,445,tiny,332,113,4866,0,0
0.55,10,0702,0.11781405251951739,0.7579908675799086,0.06387071950750288,5204,large,438,tiny,332,106,4866,0,0
0.55,20,0702,0.11781405251951739,0.7579908675799086,0.06387071950750288,5204,large,438,tiny,332,106,4866,0,0
0.35,0,0712,0.0,0.0,0.0,581,tiny,1,very_tiny,0,1,581,0,0
0.35,3,0712,0.0,0.0,0.0,581,tiny,0,empty,0,0,581,1,0
0.35,5,0712,0.0,0.0,0.0,581,tiny,0,empty,0,0,581,1,0
0.35,10,0712,0.0,0.0,0.0,581,tiny,0,empty,0,0,581,1,0
0.35,20,0712,0.0,0.0,0.0,581,tiny,0,empty,0,0,581,1,0
0.4,0,0712,0.0,0.0,0.0,581,tiny,1,very_tiny,0,1,581,0,0
0.4,3,0712,0.0,0.0,0.0,581,tiny,0,empty,0,0,581,1,0
0.4,5,0712,0.0,0.0,0.0,581,tiny,0,empty,0,0,581,1,0
0.4,10,0712,0.0,0.0,0.0,581,tiny,0,empty,0,0,581,1,0
0.4,20,0712,0.0,0.0,0.0,581,tiny,0,empty,0,0,581,1,0
0.45,0,0712,0.0,0.0,0.0,581,tiny,0,empty,0,0,581,1,0
0.45,3,0712,0.0,0.0,0.0,581,tiny,0,empty,0,0,581,1,0
0.45,5,0712,0.0,0.0,0.0,581,tiny,0,empty,0,0,581,1,0
0.45,10,0712,0.0,0.0,0.0,581,tiny,0,empty,0,0,581,1,0
0.45,20,0712,0.0,0.0,0.0,581,tiny,0,empty,0,0,581,1,0
0.5,0,0712,0.0,0.0,0.0,581,tiny,0,empty,0,0,581,1,0
0.5,3,0712,0.0,0.0,0.0,581,tiny,0,empty,0,0,581,1,0
0.5,5,0712,0.0,0.0,0.0,581,tiny,0,empty,0,0,581,1,0
0.5,10,0712,0.0,0.0,0.0,581,tiny,0,empty,0,0,581,1,0
0.5,20,0712,0.0,0.0,0.0,581,tiny,0,empty,0,0,581,1,0
0.55,0,0712,0.0,0.0,0.0,581,tiny,0,empty,0,0,581,1,0
0.55,3,0712,0.0,0.0,0.0,581,tiny,0,empty,0,0,581,1,0
0.55,5,0712,0.0,0.0,0.0,581,tiny,0,empty,0,0,581,1,0
0.55,10,0712,0.0,0.0,0.0,581,tiny,0,empty,0,0,581,1,0
0.55,20,0712,0.0,0.0,0.0,581,tiny,0,empty,0,0,581,1,0
0.35,0,0729,0.0,0.0,0.0,107,tiny,0,empty,0,0,107,1,0
0.35,3,0729,0.0,0.0,0.0,107,tiny,0,empty,0,0,107,1,0
0.35,5,0729,0.0,0.0,0.0,107,tiny,0,empty,0,0,107,1,0
0.35,10,0729,0.0,0.0,0.0,107,tiny,0,empty,0,0,107,1,0
0.35,20,0729,0.0,0.0,0.0,107,tiny,0,empty,0,0,107,1,0
0.4,0,0729,0.0,0.0,0.0,107,tiny,0,empty,0,0,107,1,0
0.4,3,0729,0.0,0.0,0.0,107,tiny,0,empty,0,0,107,1,0
0.4,5,0729,0.0,0.0,0.0,107,tiny,0,empty,0,0,107,1,0
0.4,10,0729,0.0,0.0,0.0,107,tiny,0,empty,0,0,107,1,0
0.4,20,0729,0.0,0.0,0.0,107,tiny,0,empty,0,0,107,1,0
0.45,0,0729,0.0,0.0,0.0,107,tiny,0,empty,0,0,107,1,0
0.45,3,0729,0.0,0.0,0.0,107,tiny,0,empty,0,0,107,1,0
0.45,5,0729,0.0,0.0,0.0,107,tiny,0,empty,0,0,107,1,0
0.45,10,0729,0.0,0.0,0.0,107,tiny,0,empty,0,0,107,1,0
0.45,20,0729,0.0,0.0,0.0,107,tiny,0,empty,0,0,107,1,0
0.5,0,0729,0.0,0.0,0.0,107,tiny,0,empty,0,0,107,1,0
0.5,3,0729,0.0,0.0,0.0,107,tiny,0,empty,0,0,107,1,0
0.5,5,0729,0.0,0.0,0.0,107,tiny,0,empty,0,0,107,1,0
0.5,10,0729,0.0,0.0,0.0,107,tiny,0,empty,0,0,107,1,0
0.5,20,0729,0.0,0.0,0.0,107,tiny,0,empty,0,0,107,1,0
0.55,0,0729,0.0,0.0,0.0,107,tiny,0,empty,0,0,107,1,0
0.55,3,0729,0.0,0.0,0.0,107,tiny,0,empty,0,0,107,1,0
0.55,5,0729,0.0,0.0,0.0,107,tiny,0,empty,0,0,107,1,0
0.55,10,0729,0.0,0.0,0.0,107,tiny,0,empty,0,0,107,1,0
0.55,20,0729,0.0,0.0,0.0,107,tiny,0,empty,0,0,107,1,0
0.35,0,0731,0.7880366161616161,0.7699306090979183,0.8070147082592533,6187,large,6485,large,4993,1492,1194,0,0
0.35,3,0731,0.7882232220380456,0.7702869484726936,0.8070147082592533,6187,large,6482,large,4993,1489,1194,0,0
0.35,5,0731,0.7884099163113848,0.7706436178422597,0.8070147082592533,6187,large,6479,large,4993,1486,1194,0,0
0.35,10,0731,0.7884099163113848,0.7706436178422597,0.8070147082592533,6187,large,6479,large,4993,1486,1194,0,0
0.35,20,0731,0.7878308968787041,0.770717377860235,0.8057216744787458,6187,large,6468,large,4985,1483,1202,0,0
0.4,0,0731,0.7899320815021974,0.7811314791403287,0.7989332471310813,6187,large,6328,large,4943,1385,1244,0,0
0.4,3,0731,0.7899952053699856,0.781254939149676,0.7989332471310813,6187,large,6327,large,4943,1384,1244,0,0
0.4,5,0731,0.7899952053699856,0.781254939149676,0.7989332471310813,6187,large,6327,large,4943,1384,1244,0,0
0.4,10,0731,0.7899952053699856,0.781254939149676,0.7989332471310813,6187,large,6327,large,4943,1384,1244,0,0
0.4,20,0731,0.7895073576455535,0.781383568149438,0.7978018425731372,6187,large,6317,large,4936,1381,1251,0,0
0.45,0,0731,0.7902588500927344,0.7885420019311232,0.7919831905608534,6187,large,6214,large,4900,1314,1287,0,0
0.45,3,0731,0.7902588500927344,0.7885420019311232,0.7919831905608534,6187,large,6214,large,4900,1314,1287,0,0
0.45,5,0731,0.7902588500927344,0.7885420019311232,0.7919831905608534,6187,large,6214,large,4900,1314,1287,0,0
0.45,10,0731,0.7902588500927344,0.7885420019311232,0.7919831905608534,6187,large,6214,large,4900,1314,1287,0,0
0.45,20,0731,0.7897667662012752,0.7886847195357833,0.7908517860029093,6187,large,6204,large,4893,1311,1294,0,0
0.5,0,0731,0.7897560975609756,0.7945362342548666,0.7850331339906255,6187,large,6113,large,4857,1256,1330,0,0
0.5,3,0731,0.7898845340705806,0.7947962690230731,0.7850331339906255,6187,large,6111,large,4857,1254,1330,0,0
0.5,5,0731,0.7898845340705806,0.7947962690230731,0.7850331339906255,6187,large,6111,large,4857,1254,1330,0,0
0.5,10,0731,0.7894865326714948,0.7949852507374632,0.7840633586552449,6187,large,6102,large,4851,1251,1336,0,0
0.5,20,0731,0.7894865326714948,0.7949852507374632,0.7840633586552449,6187,large,6102,large,4851,1251,1336,0,0
0.55,0,0731,0.7899614532928729,0.8018648018648019,0.7784063358655244,6187,large,6006,large,4816,1190,1371,0,0
0.55,3,0731,0.790091050775162,0.8021319120586275,0.7784063358655244,6187,large,6004,large,4816,1188,1371,0,0
0.55,5,0731,0.790091050775162,0.8021319120586275,0.7784063358655244,6187,large,6004,large,4816,1188,1371,0,0
0.55,10,0731,0.7897242284963887,0.8022344505586126,0.7775981897527073,6187,large,5997,large,4811,1186,1376,0,0
0.55,20,0731,0.7897242284963887,0.8022344505586126,0.7775981897527073,6187,large,5997,large,4811,1186,1376,0,0
0.35,0,0738,0.711846302631389,0.8323937481011376,0.6217974581400041,39658,large,29623,large,24658,4965,14998,0,0
0.35,3,0738,0.711779738099707,0.8325733779173844,0.6215957232196894,39658,large,29607,large,24650,4957,15006,0,0
0.35,5,0738,0.7117239387814034,0.8325564112957708,0.6215200726245713,39658,large,29604,large,24647,4957,15009,0,0
0.35,10,0738,0.7116220627103222,0.832775580569922,0.6212426871091385,39658,large,29583,large,24636,4947,15020,0,0
0.35,20,0738,0.7116220627103222,0.832775580569922,0.6212426871091385,39658,large,29583,large,24636,4947,15020,0,0
0.4,0,0738,0.7060337892196299,0.8406423072903967,0.6085838208593908,39658,large,28709,large,24134,4575,15522,0,0
0.4,3,0738,0.7059339887640449,0.8407443546138834,0.6083820859390761,39658,large,28696,large,24126,4570,15530,0,0
0.4,5,0738,0.7059339887640449,0.8407443546138834,0.6083820859390761,39658,large,28696,large,24126,4570,15530,0,0
0.4,10,0738,0.7060321362718412,0.8411674454285515,0.608306435343958,39658,large,28678,large,24123,4555,15533,0,0
0.4,20,0738,0.70618715145128,0.8416076474897952,0.608306435343958,39658,large,28663,large,24123,4540,15533,0,0
0.45,0,0738,0.7016127840111165,0.8478082240720232,0.5984214242485374,39658,large,27991,large,23731,4260,15925,0,0
0.45,3,0738,0.7015598432764102,0.8479573966188927,0.5982701230583014,39658,large,27979,large,23725,4254,15931,0,0
0.45,5,0738,0.7015022474568252,0.8479410923648842,0.5981944724631834,39658,large,27976,large,23722,4254,15934,0,0
0.45,10,0738,0.7015898839015011,0.8483493687184807,0.5981188218680653,39658,large,27959,large,23719,4240,15937,0,0
0.45,20,0738,0.7017144209576498,0.8487136365262818,0.5981188218680653,39658,large,27947,large,23719,4228,15937,0,0
0.5,0,0738,0.6973136643646615,0.8535071384233396,0.589444220294533,39658,large,27387,large,23375,4012,16281,0,0
0.5,3,0738,0.6972594769584223,0.853662100456621,0.5892929191042969,39658,large,27375,large,23369,4006,16287,0,0
0.5,5,0738,0.697344076395106,0.8539687180236808,0.5892677022392576,39658,large,27364,large,23368,3996,16288,0,0
0.5,10,0738,0.6972767290905021,0.8539785810884901,0.5891668347791003,39658,large,27359,large,23364,3995,16292,0,0
0.5,20,0738,0.6975577715411716,0.8548221864481195,0.5891668347791003,39658,large,27332,large,23364,3968,16292,0,0
0.55,0,0738,0.6931196247068022,0.8583718158796365,0.5812235222917087,39658,large,26852,large,23049,3803,16607,0,0
0.55,3,0738,0.6930827067669173,0.8584786171956489,0.5811226548315513,39658,large,26844,large,23045,3799,16611,0,0
0.55,5,0738,0.6930562030951557,0.8586174771753308,0.581021787371394,39658,large,26835,large,23041,3794,16615,0,0
0.55,10,0738,0.6929579159522306,0.8585911293328363,0.5808957030461973,39658,large,26830,large,23036,3794,16620,0,0
0.55,20,0738,0.6931768600015046,0.8592636801074266,0.5808957030461973,39658,large,26809,large,23036,3773,16620,0,0
0.35,0,0744,0.7459315603028178,0.7022753436717004,0.795375234881313,26075,large,29534,large,20741,8793,5336,0,0
0.35,3,0744,0.7460286048394351,0.7026569066015995,0.7951067990949879,26075,large,29508,large,20734,8774,5343,0,0
0.35,5,0744,0.7460951558338732,0.7028648923546363,0.7949917551865628,26075,large,29495,large,20731,8764,5346,0,0
0.35,10,0744,0.7460951558338732,0.7028648923546363,0.7949917551865628,26075,large,29495,large,20731,8764,5346,0,0
0.35,20,0744,0.7444610697481567,0.7024562835952916,0.7918088737201365,26075,large,29394,large,20648,8746,5429,0,0
0.4,0,0744,0.7511059116001901,0.7176289776101156,0.7878590328642099,26075,large,28629,large,20545,8084,5532,0,0
0.4,3,0744,0.7511108672993582,0.7178608878014681,0.7875905970778847,26075,large,28610,large,20538,8072,5539,0,0
0.4,5,0744,0.7512482396620151,0.7181118881118881,0.7875905970778847,26075,large,28600,large,20538,8062,5539,0,0
0.4,10,0744,0.7513169446883231,0.7182374541003672,0.7875905970778847,26075,large,28595,large,20538,8057,5539,0,0
0.4,20,0744,0.7501786663246046,0.7183617603706043,0.7849445871841086,26075,large,28494,large,20469,8025,5608,0,0
0.45,0,0744,0.7535958587539286,0.7275550637204156,0.7815699658703071,26075,large,28013,large,20381,7632,5696,0,0
0.45,3,0744,0.7535642301078053,0.7276623098350118,0.781378226022932,26075,large,28002,large,20376,7626,5701,0,0
0.45,5,0744,0.7537314813102262,0.7279742765273312,0.781378226022932,26075,large,27990,large,20376,7614,5701,0,0
0.45,10,0744,0.7533395004625347,0.7278089586386873,0.7807263105418568,26075,large,27973,large,20359,7614,5718,0,0
0.45,20,0744,0.7528818710849179,0.728524801836376,0.7789239559765311,26075,large,27881,large,20312,7569,5765,0,0
0.5,0,0744,0.7552314165497896,0.737024600335791,0.7743605476090041,26075,large,27398,large,20193,7205,5884,0,0
0.5,3,0744,0.7553161645065365,0.7371860397196262,0.7743605476090041,26075,large,27392,large,20193,7199,5884,0,0
0.5,5,0744,0.7553585456177758,0.7372667859359597,0.7743605476090041,26075,large,27389,large,20193,7196,5884,0,0
0.5,10,0744,0.7549825027602598,0.737280701754386,0.7735552402500288,26075,large,27360,large,20172,7188,5905,0,0
0.5,20,0744,0.7550890346766636,0.7385326146738532,0.7724048011657783,26075,large,27273,large,20142,7131,5935,0,0
0.55,0,0744,0.7547761673501011,0.7440205647865286,0.7658472983855504,26075,large,26842,large,19971,6871,6106,0,0
0.55,3,0744,0.7547583495567695,0.7441669772642564,0.7656555585381754,26075,large,26830,large,19966,6864,6111,0,0
0.55,5,0744,0.7548011492514743,0.7442501956983636,0.7656555585381754,26075,large,26827,large,19966,6861,6111,0,0
0.55,10,0744,0.7543451536643025,0.7441973281588178,0.76477355524025,26075,large,26798,large,19943,6855,6134,0,0
0.55,20,0744,0.7548091487428052,0.7454654250345937,0.7643900755454999,26075,large,26739,large,19933,6806,6144,0,0
0.35,0,0772,0.5568181818181818,0.5064599483204134,0.6182965299684543,319,tiny,387,tiny,196,191,121,0,0
0.35,3,0772,0.5584045584045584,0.509090909090909,0.6182965299684543,319,tiny,385,tiny,196,189,121,0,0
0.35,5,0772,0.5584045584045584,0.509090909090909,0.6182965299684543,319,tiny,385,tiny,196,189,121,0,0
0.35,10,0772,0.5584045584045584,0.509090909090909,0.6182965299684543,319,tiny,385,tiny,196,189,121,0,0
0.35,20,0772,0.5584045584045584,0.509090909090909,0.6182965299684543,319,tiny,385,tiny,196,189,121,0,0
0.4,0,0772,0.5631349782293179,0.521505376344086,0.61198738170347,319,tiny,372,tiny,194,178,123,0,0
0.4,3,0772,0.5626822157434402,0.5230352303523035,0.6088328075709779,319,tiny,369,tiny,193,176,124,0,0
0.4,5,0772,0.5651537335285505,0.5273224043715847,0.6088328075709779,319,tiny,366,tiny,193,173,124,0,0
0.4,10,0772,0.5651537335285505,0.5273224043715847,0.6088328075709779,319,tiny,366,tiny,193,173,124,0,0
0.4,20,0772,0.5301204819277109,0.5072046109510087,0.555205047318612,319,tiny,347,tiny,176,171,141,0,0
0.45,0,0772,0.5634218289085545,0.5290858725761773,0.6025236593059937,319,tiny,361,tiny,191,170,126,0,0
0.45,3,0772,0.5646359583952452,0.5337078651685393,0.5993690851735016,319,tiny,356,tiny,190,166,127,0,0
0.45,5,0772,0.5646359583952452,0.5337078651685393,0.5993690851735016,319,tiny,356,tiny,190,166,127,0,0
0.45,10,0772,0.5646359583952452,0.5337078651685393,0.5993690851735016,319,tiny,356,tiny,190,166,127,0,0
0.45,20,0772,0.5304878048780488,0.5132743362831859,0.5488958990536278,319,tiny,339,tiny,174,165,143,0,0
0.5,0,0772,0.5637181409295352,0.5371428571428571,0.5930599369085173,319,tiny,350,tiny,188,162,129,0,0
0.5,3,0772,0.5649546827794562,0.5420289855072464,0.5899053627760252,319,tiny,345,tiny,187,158,130,0,0
0.5,5,0772,0.5649546827794562,0.5420289855072464,0.5899053627760252,319,tiny,345,tiny,187,158,130,0,0
0.5,10,0772,0.5649546827794562,0.5420289855072464,0.5899053627760252,319,tiny,345,tiny,187,158,130,0,0
0.5,20,0772,0.5302325581395348,0.5213414634146342,0.5394321766561514,319,tiny,328,tiny,171,157,146,0,0
0.55,0,0772,0.5639445300462249,0.5512048192771084,0.5772870662460567,319,tiny,332,tiny,183,149,134,0,0
0.55,3,0772,0.5652173913043478,0.5565749235474006,0.5741324921135647,319,tiny,327,tiny,182,145,135,0,0
0.55,5,0772,0.5652173913043478,0.5565749235474006,0.5741324921135647,319,tiny,327,tiny,182,145,135,0,0
0.55,10,0772,0.5652173913043478,0.5565749235474006,0.5741324921135647,319,tiny,327,tiny,182,145,135,0,0
0.55,20,0772,0.5318471337579618,0.5369774919614148,0.526813880126183,319,tiny,311,tiny,167,144,150,0,0
0.35,0,0788,0.7672900116774395,0.7350939115088869,0.8024355842994255,29069,large,31732,large,23326,8406,5743,0,0
0.35,3,0788,0.7672823566177075,0.7351087299086039,0.8024011833912416,29069,large,31730,large,23325,8405,5744,0,0
0.35,5,0788,0.7672823566177075,0.7351087299086039,0.8024011833912416,29069,large,31730,large,23325,8405,5744,0,0
0.35,10,0788,0.7672823566177075,0.7351087299086039,0.8024011833912416,29069,large,31730,large,23325,8405,5744,0,0
0.35,20,0788,0.7672815230447732,0.7353961645218269,0.8020571743094018,29069,large,31704,large,23315,8389,5754,0,0
0.4,0,0788,0.7692001129174209,0.7434835644581407,0.7967594344490695,29069,large,31152,large,23161,7991,5908,0,0
0.4,3,0788,0.7692512081305943,0.7435790419930653,0.7967594344490695,29069,large,31148,large,23161,7987,5908,0,0
0.4,5,0788,0.7692512081305943,0.7435790419930653,0.7967594344490695,29069,large,31148,large,23161,7987,5908,0,0
0.4,10,0788,0.7692512081305943,0.7435790419930653,0.7967594344490695,29069,large,31148,large,23161,7987,5908,0,0
0.4,20,0788,0.7692384370015949,0.7438550268290332,0.7964154253672296,29069,large,31123,large,23151,7972,5918,0,0
0.45,0,0788,0.7703601897323299,0.7511603582401778,0.7905672709759538,29069,large,30594,large,22981,7613,6088,0,0
0.45,3,0788,0.7703731018068453,0.7511849115810807,0.7905672709759538,29069,large,30593,large,22981,7612,6088,0,0
0.45,5,0788,0.7703731018068453,0.7511849115810807,0.7905672709759538,29069,large,30593,large,22981,7612,6088,0,0
0.45,10,0788,0.7703731018068453,0.7511849115810807,0.7905672709759538,29069,large,30593,large,22981,7612,6088,0,0
0.45,20,0788,0.7703606821268676,0.7514721277152577,0.790223261894114,29069,large,30568,large,22971,7597,6098,0,0
0.5,0,0788,0.7714102390922599,0.757519482672857,0.7858199456465651,29069,large,30155,large,22843,7312,6226,0,0
0.5,3,0788,0.7714362905676945,0.7575697277219514,0.7858199456465651,29069,large,30153,large,22843,7310,6226,0,0
0.5,5,0788,0.7714362905676945,0.7575697277219514,0.7858199456465651,29069,large,30153,large,22843,7310,6226,0,0
0.5,10,0788,0.7714362905676945,0.7575697277219514,0.7858199456465651,29069,large,30153,large,22843,7310,6226,0,0
0.5,20,0788,0.7714111963242002,0.7578412824853131,0.7854759365647254,29069,large,30129,large,22833,7296,6236,0,0
0.55,0,0788,0.7721478052184569,0.7641490365179895,0.7803158003371289,29069,large,29684,large,22683,7001,6386,0,0
0.55,3,0788,0.7721794784503302,0.7642440783045251,0.7802813994289449,29069,large,29679,large,22682,6997,6387,0,0
0.55,5,0788,0.7721794784503302,0.7642440783045251,0.7802813994289449,29069,large,29679,large,22682,6997,6387,0,0
0.55,10,0788,0.7721174146972689,0.7643866095809595,0.7800061921634731,29069,large,29663,large,22674,6989,6395,0,0
0.55,20,0788,0.7721174146972689,0.7643866095809595,0.7800061921634731,29069,large,29663,large,22674,6989,6395,0,0
0.35,0,0833,0.0398406374501992,1.0,0.02032520325203252,246,tiny,5,very_tiny,5,0,241,0,0
0.35,3,0833,0.032,1.0,0.016260162601626018,246,tiny,4,very_tiny,4,0,242,0,0
0.35,5,0833,0.0,0.0,0.0,246,tiny,0,empty,0,0,246,1,0
0.35,10,0833,0.0,0.0,0.0,246,tiny,0,empty,0,0,246,1,0
0.35,20,0833,0.0,0.0,0.0,246,tiny,0,empty,0,0,246,1,0
0.4,0,0833,0.0,0.0,0.0,246,tiny,0,empty,0,0,246,1,0
0.4,3,0833,0.0,0.0,0.0,246,tiny,0,empty,0,0,246,1,0
0.4,5,0833,0.0,0.0,0.0,246,tiny,0,empty,0,0,246,1,0
0.4,10,0833,0.0,0.0,0.0,246,tiny,0,empty,0,0,246,1,0
0.4,20,0833,0.0,0.0,0.0,246,tiny,0,empty,0,0,246,1,0
0.45,0,0833,0.0,0.0,0.0,246,tiny,0,empty,0,0,246,1,0
0.45,3,0833,0.0,0.0,0.0,246,tiny,0,empty,0,0,246,1,0
0.45,5,0833,0.0,0.0,0.0,246,tiny,0,empty,0,0,246,1,0
0.45,10,0833,0.0,0.0,0.0,246,tiny,0,empty,0,0,246,1,0
0.45,20,0833,0.0,0.0,0.0,246,tiny,0,empty,0,0,246,1,0
0.5,0,0833,0.0,0.0,0.0,246,tiny,0,empty,0,0,246,1,0
0.5,3,0833,0.0,0.0,0.0,246,tiny,0,empty,0,0,246,1,0
0.5,5,0833,0.0,0.0,0.0,246,tiny,0,empty,0,0,246,1,0
0.5,10,0833,0.0,0.0,0.0,246,tiny,0,empty,0,0,246,1,0
0.5,20,0833,0.0,0.0,0.0,246,tiny,0,empty,0,0,246,1,0
0.55,0,0833,0.0,0.0,0.0,246,tiny,0,empty,0,0,246,1,0
0.55,3,0833,0.0,0.0,0.0,246,tiny,0,empty,0,0,246,1,0
0.55,5,0833,0.0,0.0,0.0,246,tiny,0,empty,0,0,246,1,0
0.55,10,0833,0.0,0.0,0.0,246,tiny,0,empty,0,0,246,1,0
0.55,20,0833,0.0,0.0,0.0,246,tiny,0,empty,0,0,246,1,0
0.35,0,0837,0.0,0.0,0.0,83,tiny,1,very_tiny,0,1,83,0,0
0.35,3,0837,0.0,0.0,0.0,83,tiny,0,empty,0,0,83,1,0
0.35,5,0837,0.0,0.0,0.0,83,tiny,0,empty,0,0,83,1,0
0.35,10,0837,0.0,0.0,0.0,83,tiny,0,empty,0,0,83,1,0
0.35,20,0837,0.0,0.0,0.0,83,tiny,0,empty,0,0,83,1,0
0.4,0,0837,0.0,0.0,0.0,83,tiny,1,very_tiny,0,1,83,0,0
0.4,3,0837,0.0,0.0,0.0,83,tiny,0,empty,0,0,83,1,0
0.4,5,0837,0.0,0.0,0.0,83,tiny,0,empty,0,0,83,1,0
0.4,10,0837,0.0,0.0,0.0,83,tiny,0,empty,0,0,83,1,0
0.4,20,0837,0.0,0.0,0.0,83,tiny,0,empty,0,0,83,1,0
0.45,0,0837,0.0,0.0,0.0,83,tiny,1,very_tiny,0,1,83,0,0
0.45,3,0837,0.0,0.0,0.0,83,tiny,0,empty,0,0,83,1,0
0.45,5,0837,0.0,0.0,0.0,83,tiny,0,empty,0,0,83,1,0
0.45,10,0837,0.0,0.0,0.0,83,tiny,0,empty,0,0,83,1,0
0.45,20,0837,0.0,0.0,0.0,83,tiny,0,empty,0,0,83,1,0
0.5,0,0837,0.0,0.0,0.0,83,tiny,0,empty,0,0,83,1,0
0.5,3,0837,0.0,0.0,0.0,83,tiny,0,empty,0,0,83,1,0
0.5,5,0837,0.0,0.0,0.0,83,tiny,0,empty,0,0,83,1,0
0.5,10,0837,0.0,0.0,0.0,83,tiny,0,empty,0,0,83,1,0
0.5,20,0837,0.0,0.0,0.0,83,tiny,0,empty,0,0,83,1,0
0.55,0,0837,0.0,0.0,0.0,83,tiny,0,empty,0,0,83,1,0
0.55,3,0837,0.0,0.0,0.0,83,tiny,0,empty,0,0,83,1,0
0.55,5,0837,0.0,0.0,0.0,83,tiny,0,empty,0,0,83,1,0
0.55,10,0837,0.0,0.0,0.0,83,tiny,0,empty,0,0,83,1,0
0.55,20,0837,0.0,0.0,0.0,83,tiny,0,empty,0,0,83,1,0
0.35,0,0842,0.8538056611903112,0.8144422008184271,0.8971673785949096,50801,large,55961,large,45577,10384,5224,0,0
0.35,3,0842,0.8538109199224422,0.8144679938525322,0.8971476939430326,50801,large,55958,large,45576,10382,5225,0,0
0.35,5,0842,0.8538109199224422,0.8144679938525322,0.8971476939430326,50801,large,55958,large,45576,10382,5225,0,0
0.35,10,0842,0.8538509095677914,0.81454077529355,0.8971476939430326,50801,large,55953,large,45576,10377,5225,0,0
0.35,20,0842,0.8540029043893755,0.8148174634390531,0.8971476939430326,50801,large,55934,large,45576,10358,5225,0,0
0.4,0,0842,0.8559059054338292,0.821658819268381,0.8931320249601385,50801,large,55220,large,45372,9848,5429,0,0
0.4,3,0842,0.8559301250731008,0.8217034608906677,0.8931320249601385,50801,large,55217,large,45372,9845,5429,0,0
0.4,5,0842,0.8559543460831015,0.8217481073640743,0.8931320249601385,50801,large,55214,large,45372,9842,5429,0,0
0.4,10,0842,0.8559543460831015,0.8217481073640743,0.8931320249601385,50801,large,55214,large,45372,9842,5429,0,0
0.4,20,0842,0.8560997009349322,0.8220160881223277,0.8931320249601385,50801,large,55196,large,45372,9824,5429,0,0
0.45,0,0842,0.857275694549871,0.8275173563407888,0.8892541485403831,50801,large,54591,large,45175,9416,5626,0,0
0.45,3,0842,0.85730009773316,0.8275628343225617,0.8892541485403831,50801,large,54588,large,45175,9413,5626,0,0
0.45,5,0842,0.85730009773316,0.8275628343225617,0.8892541485403831,50801,large,54588,large,45175,9413,5626,0,0
0.45,10,0842,0.85730009773316,0.8275628343225617,0.8892541485403831,50801,large,54588,large,45175,9413,5626,0,0
0.45,20,0842,0.8574953732264035,0.8279268382083425,0.8892541485403831,50801,large,54564,large,45175,9389,5626,0,0
0.5,0,0842,0.8581949306953361,0.8325806093362456,0.8854353260762583,50801,large,54026,large,44981,9045,5820,0,0
0.5,3,0842,0.8582358665165709,0.8326576701653061,0.8854353260762583,50801,large,54021,large,44981,9040,5820,0,0
0.5,5,0842,0.8582358665165709,0.8326576701653061,0.8854353260762583,50801,large,54021,large,44981,9040,5820,0,0
0.5,10,0842,0.8583832678142056,0.832935207303298,0.8854353260762583,50801,large,54003,large,44981,9022,5820,0,0
0.5,20,0842,0.8583832678142056,0.832935207303298,0.8854353260762583,50801,large,54003,large,44981,9022,5820,0,0
0.55,0,0842,0.8591595220285019,0.8376937893890375,0.8817542961752721,50801,large,53473,large,44794,8679,6007,0,0
0.55,3,0842,0.8591924810587896,0.8377564570124745,0.8817542961752721,50801,large,53469,large,44794,8675,6007,0,0
0.55,5,0842,0.8592501654469946,0.8378661479181475,0.8817542961752721,50801,large,53462,large,44794,8668,6007,0,0
0.55,10,0842,0.859299615373548,0.8379601915594134,0.8817542961752721,50801,large,53456,large,44794,8662,6007,0,0
0.55,20,0842,0.859299615373548,0.8379601915594134,0.8817542961752721,50801,large,53456,large,44794,8662,6007,0,0
0.35,0,0877,0.8131868131868132,0.8625224148236701,0.7691897654584222,1867,small,1673,small,1443,230,433,0,0
0.35,3,0877,0.8131868131868132,0.8625224148236701,0.7691897654584222,1867,small,1673,small,1443,230,433,0,0
0.35,5,0877,0.8131868131868132,0.8625224148236701,0.7691897654584222,1867,small,1673,small,1443,230,433,0,0
0.35,10,0877,0.8131868131868132,0.8625224148236701,0.7691897654584222,1867,small,1673,small,1443,230,433,0,0
0.35,20,0877,0.8131868131868132,0.8625224148236701,0.7691897654584222,1867,small,1673,small,1443,230,433,0,0
0.4,0,0877,0.8109790605546123,0.8642943305186972,0.7638592750533049,1867,small,1658,small,1433,225,443,0,0
0.4,3,0877,0.8109790605546123,0.8642943305186972,0.7638592750533049,1867,small,1658,small,1433,225,443,0,0
0.4,5,0877,0.8109790605546123,0.8642943305186972,0.7638592750533049,1867,small,1658,small,1433,225,443,0,0
0.4,10,0877,0.8109790605546123,0.8642943305186972,0.7638592750533049,1867,small,1658,small,1433,225,443,0,0
0.4,20,0877,0.8109790605546123,0.8642943305186972,0.7638592750533049,1867,small,1658,small,1433,225,443,0,0
0.45,0,0877,0.8050386487260235,0.8695114409400123,0.7494669509594882,1867,small,1617,small,1406,211,470,0,0
0.45,3,0877,0.8050386487260235,0.8695114409400123,0.7494669509594882,1867,small,1617,small,1406,211,470,0,0
0.45,5,0877,0.8050386487260235,0.8695114409400123,0.7494669509594882,1867,small,1617,small,1406,211,470,0,0
0.45,10,0877,0.8050386487260235,0.8695114409400123,0.7494669509594882,1867,small,1617,small,1406,211,470,0,0
0.45,20,0877,0.8050386487260235,0.8695114409400123,0.7494669509594882,1867,small,1617,small,1406,211,470,0,0
0.5,0,0877,0.8002302820955671,0.869837296620776,0.7409381663113006,1867,small,1598,small,1390,208,486,0,0
0.5,3,0877,0.8002302820955671,0.869837296620776,0.7409381663113006,1867,small,1598,small,1390,208,486,0,0
0.5,5,0877,0.8002302820955671,0.869837296620776,0.7409381663113006,1867,small,1598,small,1390,208,486,0,0
0.5,10,0877,0.8002302820955671,0.869837296620776,0.7409381663113006,1867,small,1598,small,1390,208,486,0,0
0.5,20,0877,0.8002302820955671,0.869837296620776,0.7409381663113006,1867,small,1598,small,1390,208,486,0,0
0.55,0,0877,0.7962909301651695,0.8723809523809524,0.732409381663113,1867,small,1575,small,1374,201,502,0,0
0.55,3,0877,0.7962909301651695,0.8723809523809524,0.732409381663113,1867,small,1575,small,1374,201,502,0,0
0.55,5,0877,0.7962909301651695,0.8723809523809524,0.732409381663113,1867,small,1575,small,1374,201,502,0,0
0.55,10,0877,0.7962909301651695,0.8723809523809524,0.732409381663113,1867,small,1575,small,1374,201,502,0,0
0.55,20,0877,0.7962909301651695,0.8723809523809524,0.732409381663113,1867,small,1575,small,1374,201,502,0,0
0.35,0,0891,0.44754098360655736,0.6757425742574258,0.33455882352941174,816,tiny,404,tiny,273,131,543,0,0
0.35,3,0891,0.44754098360655736,0.6757425742574258,0.33455882352941174,816,tiny,404,tiny,273,131,543,0,0
0.35,5,0891,0.44754098360655736,0.6757425742574258,0.33455882352941174,816,tiny,404,tiny,273,131,543,0,0
0.35,10,0891,0.44938271604938274,0.6842105263157895,0.33455882352941174,816,tiny,399,tiny,273,126,543,0,0
0.35,20,0891,0.45652173913043476,0.718421052631579,0.33455882352941174,816,tiny,380,tiny,273,107,543,0,0
0.4,0,0891,0.440536013400335,0.6957671957671958,0.32230392156862747,816,tiny,378,tiny,263,115,553,0,0
0.4,3,0891,0.44090528080469404,0.6976127320954907,0.32230392156862747,816,tiny,377,tiny,263,114,553,0,0
0.4,5,0891,0.44090528080469404,0.6976127320954907,0.32230392156862747,816,tiny,377,tiny,263,114,553,0,0
0.4,10,0891,0.4446322907861369,0.7166212534059946,0.32230392156862747,816,tiny,367,tiny,263,104,553,0,0
0.4,20,0891,0.4515021459227468,0.7535816618911175,0.32230392156862747,816,tiny,349,tiny,263,86,553,0,0
0.45,0,0891,0.43137254901960786,0.7086834733893558,0.31004901960784315,816,tiny,357,tiny,253,104,563,0,0
0.45,3,0891,0.43137254901960786,0.7086834733893558,0.31004901960784315,816,tiny,357,tiny,253,104,563,0,0
0.45,5,0891,0.4339622641509434,0.7228571428571429,0.31004901960784315,816,tiny,350,tiny,253,97,563,0,0
0.45,10,0891,0.4339622641509434,0.7228571428571429,0.31004901960784315,816,tiny,350,tiny,253,97,563,0,0
0.45,20,0891,0.44,0.7574850299401198,0.31004901960784315,816,tiny,334,tiny,253,81,563,0,0
0.5,0,0891,0.4226086956521739,0.7275449101796407,0.2977941176470588,816,tiny,334,tiny,243,91,573,0,0
0.5,3,0891,0.4226086956521739,0.7275449101796407,0.2977941176470588,816,tiny,334,tiny,243,91,573,0,0
0.5,5,0891,0.42482517482517484,0.7408536585365854,0.2977941176470588,816,tiny,328,tiny,243,85,573,0,0
0.5,10,0891,0.42482517482517484,0.7408536585365854,0.2977941176470588,816,tiny,328,tiny,243,85,573,0,0
0.5,20,0891,0.4308510638297872,0.7788461538461539,0.2977941176470588,816,tiny,312,tiny,243,69,573,0,0
0.55,0,0891,0.41688654353562005,0.7383177570093458,0.29044117647058826,816,tiny,321,tiny,237,84,579,0,0
0.55,3,0891,0.41872791519434627,0.75,0.29044117647058826,816,tiny,316,tiny,237,79,579,0,0
0.55,5,0891,0.41872791519434627,0.75,0.29044117647058826,816,tiny,316,tiny,237,79,579,0,0
0.55,10,0891,0.41872791519434627,0.75,0.29044117647058826,816,tiny,316,tiny,237,79,579,0,0
0.55,20,0891,0.4243509400179051,0.7873754152823921,0.29044117647058826,816,tiny,301,tiny,237,64,579,0,0
0.35,0,0894,0.6929621036349575,0.6886253842775582,0.6973537914164999,22485,large,22770,large,15680,7090,6805,0,0
0.35,3,0894,0.692940188320587,0.6887990508414993,0.6971314209472982,22485,large,22757,large,15675,7082,6810,0,0
0.35,5,0894,0.6928994606065965,0.6888488418091513,0.6969979986657772,22485,large,22751,large,15672,7079,6813,0,0
0.35,10,0894,0.693052668818821,0.6891517523415857,0.6969979986657772,22485,large,22741,large,15672,7069,6813,0,0
0.35,20,0894,0.6933439511580065,0.6897280168999208,0.6969979986657772,22485,large,22722,large,15672,7050,6813,0,0
0.4,0,0894,0.6931241759960671,0.6965328303242612,0.6897487213698021,22485,large,22266,large,15509,6757,6976,0,0
0.4,3,0894,0.6931157800625838,0.6966973713772187,0.6895708249944408,22485,large,22255,large,15505,6750,6980,0,0
0.4,5,0894,0.6931365973619494,0.6968757024050348,0.6894374027129198,22485,large,22245,large,15502,6743,6983,0,0
0.4,10,0894,0.6931365973619494,0.6968757024050348,0.6894374027129198,22485,large,22245,large,15502,6743,6983,0,0
0.4,20,0894,0.6934311466976807,0.6974714298569243,0.6894374027129198,22485,large,22226,large,15502,6724,6983,0,0
0.45,0,0894,0.693308675943258,0.7032851390922401,0.6836112964198354,22485,large,21856,large,15371,6485,7114,0,0
0.45,3,0894,0.6933766468146544,0.7035663599322437,0.6834778741383144,22485,large,21843,large,15368,6475,7117,0,0
0.45,5,0894,0.6934392202869777,0.7036952241402995,0.6834778741383144,22485,large,21839,large,15368,6471,7117,0,0
0.45,10,0894,0.6934392202869777,0.7036952241402995,0.6834778741383144,22485,large,21839,large,15368,6471,7117,0,0
0.45,20,0894,0.6937209407303752,0.7042756977223775,0.6834778741383144,22485,large,21821,large,15368,6453,7117,0,0
0.5,0,0894,0.6923094441028443,0.7094184635489592,0.6760062263731377,22485,large,21426,large,15200,6226,7285,0,0
0.5,3,0894,0.6924075719264676,0.7097226113757354,0.675917278185457,22485,large,21414,large,15198,6216,7287,0,0
0.5,5,0894,0.6924075719264676,0.7097226113757354,0.675917278185457,22485,large,21414,large,15198,6216,7287,0,0
0.5,10,0894,0.6924075719264676,0.7097226113757354,0.675917278185457,22485,large,21414,large,15198,6216,7287,0,0
0.5,20,0894,0.6926915977302249,0.7103196859226023,0.675917278185457,22485,large,21396,large,15198,6198,7287,0,0
0.55,0,0894,0.6917625402669121,0.7166626936829559,0.6685345786079608,22485,large,20975,large,15032,5943,7453,0,0
0.55,3,0894,0.6917961109193419,0.7167858845970434,0.6684901045141205,22485,large,20970,large,15031,5939,7454,0,0
0.55,5,0894,0.6917961109193419,0.7167858845970434,0.6684901045141205,22485,large,20970,large,15031,5939,7454,0,0
0.55,10,0894,0.6917961109193419,0.7167858845970434,0.6684901045141205,22485,large,20970,large,15031,5939,7454,0,0
0.55,20,0894,0.6920668539067176,0.7173674414165035,0.6684901045141205,22485,large,20953,large,15031,5922,7454,0,0
0.35,0,0911,0.507177033492823,0.39552238805970147,0.7066666666666667,675,tiny,1206,small,477,729,198,0,0
0.35,3,0911,0.5063829787234042,0.3950207468879668,0.7051851851851851,675,tiny,1205,small,476,729,199,0,0
0.35,5,0911,0.5063829787234042,0.3950207468879668,0.7051851851851851,675,tiny,1205,small,476,729,199,0,0
0.35,10,0911,0.5063829787234042,0.3950207468879668,0.7051851851851851,675,tiny,1205,small,476,729,199,0,0
0.35,20,0911,0.5063829787234042,0.3950207468879668,0.7051851851851851,675,tiny,1205,small,476,729,199,0,0
0.4,0,0911,0.5102260495156081,0.400676246830093,0.7022222222222222,675,tiny,1183,small,474,709,201,0,0
0.4,3,0911,0.5094238018309101,0.40016920473773265,0.7007407407407408,675,tiny,1182,small,473,709,202,0,0
0.4,5,0911,0.5094238018309101,0.40016920473773265,0.7007407407407408,675,tiny,1182,small,473,709,202,0,0
0.4,10,0911,0.5094238018309101,0.40016920473773265,0.7007407407407408,675,tiny,1182,small,473,709,202,0,0
0.4,20,0911,0.5094238018309101,0.40016920473773265,0.7007407407407408,675,tiny,1182,small,473,709,202,0,0
0.45,0,0911,0.5089527943570266,0.401541095890411,0.6948148148148148,675,tiny,1168,small,469,699,206,0,0
0.45,3,0911,0.50814332247557,0.40102827763496146,0.6933333333333334,675,tiny,1167,small,468,699,207,0,0
0.45,5,0911,0.50814332247557,0.40102827763496146,0.6933333333333334,675,tiny,1167,small,468,699,207,0,0
0.45,10,0911,0.50814332247557,0.40102827763496146,0.6933333333333334,675,tiny,1167,small,468,699,207,0,0
0.45,20,0911,0.50814332247557,0.40102827763496146,0.6933333333333334,675,tiny,1167,small,468,699,207,0,0
0.5,0,0911,0.512087912087912,0.4069868995633188,0.6903703703703704,675,tiny,1145,small,466,679,209,0,0
0.5,3,0911,0.5112699285321606,0.40646853146853146,0.6888888888888889,675,tiny,1144,small,465,679,210,0,0
0.5,5,0911,0.5112699285321606,0.40646853146853146,0.6888888888888889,675,tiny,1144,small,465,679,210,0,0
0.5,10,0911,0.5112699285321606,0.40646853146853146,0.6888888888888889,675,tiny,1144,small,465,679,210,0,0
0.5,20,0911,0.5112699285321606,0.40646853146853146,0.6888888888888889,675,tiny,1144,small,465,679,210,0,0
0.55,0,0911,0.5163797890061077,0.4129662522202487,0.6888888888888889,675,tiny,1126,small,465,661,210,0,0
0.55,3,0911,0.5155555555555555,0.41244444444444445,0.6874074074074074,675,tiny,1125,small,464,661,211,0,0
0.55,5,0911,0.5155555555555555,0.41244444444444445,0.6874074074074074,675,tiny,1125,small,464,661,211,0,0
0.55,10,0911,0.5155555555555555,0.41244444444444445,0.6874074074074074,675,tiny,1125,small,464,661,211,0,0
0.55,20,0911,0.5155555555555555,0.41244444444444445,0.6874074074074074,675,tiny,1125,small,464,661,211,0,0
0.35,0,0922,0.5615566466630296,0.4737649585762504,0.6892857142857143,2245,small,3259,small,1544,1715,696,0,0
0.35,3,0922,0.5616587850127319,0.47391037446286066,0.6892857142857143,2245,small,3258,small,1544,1714,696,0,0
0.35,5,0922,0.5619654231119199,0.47434715821812595,0.6892857142857143,2245,small,3255,small,1544,1711,696,0,0
0.35,10,0922,0.562579704864274,0.4752231455832564,0.6892857142857143,2245,small,3249,small,1544,1705,696,0,0
0.35,20,0922,0.5610512867311553,0.47452917567150354,0.6861607142857142,2245,small,3239,small,1537,1702,703,0,0
0.4,0,0922,0.5668469140406489,0.4867114953570285,0.6785714285714286,2245,small,3123,small,1520,1603,720,0,0
0.4,3,0922,0.5672700130621384,0.4873356845142674,0.6785714285714286,2245,small,3119,small,1520,1599,720,0,0
0.4,5,0922,0.5672700130621384,0.4873356845142674,0.6785714285714286,2245,small,3119,small,1520,1599,720,0,0
0.4,10,0922,0.5667789001122334,0.4877656149388281,0.6763392857142857,2245,small,3106,small,1515,1591,725,0,0
0.4,20,0922,0.5638238050609184,0.4859450726978998,0.6714285714285714,2245,small,3095,small,1504,1591,736,0,0
0.45,0,0922,0.5714828175431935,0.497191939213743,0.671875,2245,small,3027,small,1505,1522,735,0,0
0.45,3,0922,0.5713742634480137,0.49751737835153925,0.6709821428571429,2245,small,3021,small,1503,1518,737,0,0
0.45,5,0922,0.5706676811869887,0.49718263175339744,0.6696428571428571,2245,small,3017,small,1500,1517,740,0,0
0.45,10,0922,0.5712109672505712,0.49800796812749004,0.6696428571428571,2245,small,3012,small,1500,1512,740,0,0
0.45,20,0922,0.5656913367756741,0.49481431917029106,0.6602678571428572,2245,small,2989,small,1479,1510,761,0,0
0.5,0,0922,0.5751205400192864,0.5062818336162989,0.665625,2245,small,2945,small,1491,1454,749,0,0
0.5,3,0922,0.5747925110982436,0.5062903774226454,0.6647321428571429,2245,small,2941,small,1489,1452,751,0,0
0.5,5,0922,0.5747925110982436,0.5062903774226454,0.6647321428571429,2245,small,2941,small,1489,1452,751,0,0
0.5,10,0922,0.5753477588871716,0.5071525885558583,0.6647321428571429,2245,small,2936,small,1489,1447,751,0,0
0.5,20,0922,0.5703200775945684,0.5042881646655232,0.65625,2245,small,2915,small,1470,1445,770,0,0
0.55,0,0922,0.5788032850997262,0.5149617258176757,0.6607142857142857,2245,small,2874,small,1480,1394,760,0,0
0.55,3,0922,0.578751711993739,0.5151515151515151,0.6602678571428572,2245,small,2871,small,1479,1392,761,0,0
0.55,5,0922,0.5790916209866875,0.5156903765690377,0.6602678571428572,2245,small,2868,small,1479,1389,761,0,0
0.55,10,0922,0.5747397367904145,0.5131532795510347,0.653125,2245,small,2851,small,1463,1388,777,0,0
0.55,20,0922,0.5766653527788727,0.5162314749470712,0.653125,2245,small,2834,small,1463,1371,777,0,0
0.35,0,0945,0.712090395480226,0.842964151952916,0.6163928012519562,5102,large,3738,small,3151,587,1961,0,0
0.35,3,0945,0.7123318639086696,0.8436412315930388,0.6163928012519562,5102,large,3735,small,3151,584,1961,0,0
0.35,5,0945,0.712136636127135,0.8441941539286673,0.6158059467918623,5102,large,3729,small,3148,581,1964,0,0
0.35,10,0945,0.7131835715906513,0.8490005402485143,0.6148278560250391,5102,large,3702,small,3143,559,1969,0,0
0.35,20,0945,0.7155378486055777,0.8557037843724475,0.6148278560250391,5102,large,3673,small,3143,530,1969,0,0
0.4,0,0945,0.7081383403721037,0.850095916689504,0.6068075117370892,5102,large,3649,small,3102,547,2010,0,0
0.4,3,0945,0.7087045921864291,0.8517298187808896,0.6068075117370892,5102,large,3642,small,3102,540,2010,0,0
0.4,5,0945,0.7077662129703763,0.8521068576149821,0.6052425665101722,5102,large,3631,small,3094,537,2018,0,0
0.4,10,0945,0.7100401606425703,0.858728837080211,0.6052425665101722,5102,large,3603,small,3094,509,2018,0,0
0.4,20,0945,0.7124928036845135,0.8659389868457879,0.6052425665101722,5102,large,3573,small,3094,479,2018,0,0
0.45,0,0945,0.7049879046192835,0.8573830204539087,0.5985915492957746,5102,large,3569,small,3060,509,2052,0,0
0.45,3,0945,0.7053262623933595,0.8587871982032566,0.59839593114241,5102,large,3562,small,3059,503,2053,0,0
0.45,5,0945,0.704280604592131,0.8585091420534459,0.5970266040688575,5102,large,3555,small,3052,503,2060,0,0
0.45,10,0945,0.7063997222543688,0.8648342306602437,0.5970266040688575,5102,large,3529,small,3052,477,2060,0,0
0.45,20,0945,0.7087784486762657,0.872,0.5970266040688575,5102,large,3500,small,3052,448,2060,0,0
0.5,0,0945,0.702715247157113,0.8636622932116372,0.5923317683881064,5102,large,3506,small,3028,478,2084,0,0
0.5,3,0945,0.7022067363530778,0.8642081189251001,0.5913536776212832,5102,large,3498,small,3023,475,2089,0,0
0.5,5,0945,0.7028598000465008,0.866189111747851,0.5913536776212832,5102,large,3490,small,3023,467,2089,0,0
0.5,10,0945,0.7047441426739713,0.871935390827805,0.5913536776212832,5102,large,3467,small,3023,444,2089,0,0
0.5,20,0945,0.7060609599439449,0.8759779773978557,0.5913536776212832,5102,large,3451,small,3023,428,2089,0,0
0.55,0,0945,0.6997895721299977,0.8695525857059849,0.5854851330203443,5102,large,3442,small,2993,449,2119,0,0
0.55,3,0945,0.6994970171949936,0.8699447192318883,0.5848982785602503,5102,large,3437,small,2990,447,2122,0,0
0.55,5,0945,0.7000702411613206,0.8717201166180758,0.5848982785602503,5102,large,3430,small,2990,440,2122,0,0
0.55,10,0945,0.7017132128608308,0.8768328445747801,0.5848982785602503,5102,large,3410,small,2990,420,2122,0,0
0.55,20,0945,0.7028678890456042,0.8804475853945819,0.5848982785602503,5102,large,3396,small,2990,406,2122,0,0
0.35,0,0951,0.7526602647287828,0.8371824480369515,0.6836397925506836,2121,small,1732,small,1450,282,671,0,0
0.35,3,0951,0.7526602647287828,0.8371824480369515,0.6836397925506836,2121,small,1732,small,1450,282,671,0,0
0.35,5,0951,0.7526602647287828,0.8371824480369515,0.6836397925506836,2121,small,1732,small,1450,282,671,0,0
0.35,10,0951,0.7526602647287828,0.8371824480369515,0.6836397925506836,2121,small,1732,small,1450,282,671,0,0
0.35,20,0951,0.7484375,0.8359511343804538,0.6775106082036775,2121,small,1719,small,1437,282,684,0,0
0.4,0,0951,0.7486180573835219,0.8474374255065554,0.6704384724186704,2121,small,1678,small,1422,256,699,0,0
0.4,3,0951,0.7486180573835219,0.8474374255065554,0.6704384724186704,2121,small,1678,small,1422,256,699,0,0
0.4,5,0951,0.7486180573835219,0.8474374255065554,0.6704384724186704,2121,small,1678,small,1422,256,699,0,0
0.4,10,0951,0.7486180573835219,0.8474374255065554,0.6704384724186704,2121,small,1678,small,1422,256,699,0,0
0.4,20,0951,0.7446527594401902,0.8463385354141657,0.6647807637906648,2121,small,1666,small,1410,256,711,0,0
0.45,0,0951,0.7428115015974441,0.8532110091743119,0.6577086280056577,2121,small,1635,small,1395,240,726,0,0
0.45,3,0951,0.7428115015974441,0.8532110091743119,0.6577086280056577,2121,small,1635,small,1395,240,726,0,0
0.45,5,0951,0.7428115015974441,0.8532110091743119,0.6577086280056577,2121,small,1635,small,1395,240,726,0,0
0.45,10,0951,0.7428115015974441,0.8532110091743119,0.6577086280056577,2121,small,1635,small,1395,240,726,0,0
0.45,20,0951,0.7387820512820513,0.8521256931608133,0.652050919377652,2121,small,1623,small,1383,240,738,0,0
0.5,0,0951,0.734341252699784,0.8591282375236892,0.6412069778406412,2121,small,1583,small,1360,223,761,0,0
0.5,3,0951,0.7338557146717104,0.859493670886076,0.6402640264026402,2121,small,1580,small,1358,222,763,0,0
0.5,5,0951,0.7338557146717104,0.859493670886076,0.6402640264026402,2121,small,1580,small,1358,222,763,0,0
0.5,10,0951,0.7314564158094207,0.8588684043229498,0.636963696369637,2121,small,1573,small,1351,222,770,0,0
0.5,20,0951,0.7314564158094207,0.8588684043229498,0.636963696369637,2121,small,1573,small,1351,222,770,0,0
0.55,0,0951,0.7257314738856987,0.8639322916666666,0.6256482791136256,2121,small,1536,small,1327,209,794,0,0
0.55,3,0951,0.725929978118162,0.8644951140065147,0.6256482791136256,2121,small,1535,small,1327,208,794,0,0
0.55,5,0951,0.725929978118162,0.8644951140065147,0.6256482791136256,2121,small,1535,small,1327,208,794,0,0
0.55,10,0951,0.7238356164383561,0.8639633747547416,0.6228194247996228,2121,small,1529,small,1321,208,800,0,0
0.55,20,0951,0.7238356164383561,0.8639633747547416,0.6228194247996228,2121,small,1529,small,1321,208,800,0,0
0.35,0,0982,0.7032967032967034,0.8,0.6274509803921569,204,tiny,160,tiny,128,32,76,0,0
0.35,3,0982,0.7032967032967034,0.8,0.6274509803921569,204,tiny,160,tiny,128,32,76,0,0
0.35,5,0982,0.7032967032967034,0.8,0.6274509803921569,204,tiny,160,tiny,128,32,76,0,0
0.35,10,0982,0.7032967032967034,0.8,0.6274509803921569,204,tiny,160,tiny,128,32,76,0,0
0.35,20,0982,0.7032967032967034,0.8,0.6274509803921569,204,tiny,160,tiny,128,32,76,0,0
0.4,0,0982,0.7091412742382271,0.8152866242038217,0.6274509803921569,204,tiny,157,tiny,128,29,76,0,0
0.4,3,0982,0.7091412742382271,0.8152866242038217,0.6274509803921569,204,tiny,157,tiny,128,29,76,0,0
0.4,5,0982,0.7091412742382271,0.8152866242038217,0.6274509803921569,204,tiny,157,tiny,128,29,76,0,0
0.4,10,0982,0.7091412742382271,0.8152866242038217,0.6274509803921569,204,tiny,157,tiny,128,29,76,0,0
0.4,20,0982,0.7091412742382271,0.8152866242038217,0.6274509803921569,204,tiny,157,tiny,128,29,76,0,0
0.45,0,0982,0.7170868347338936,0.8366013071895425,0.6274509803921569,204,tiny,153,tiny,128,25,76,0,0
0.45,3,0982,0.7170868347338936,0.8366013071895425,0.6274509803921569,204,tiny,153,tiny,128,25,76,0,0
0.45,5,0982,0.7170868347338936,0.8366013071895425,0.6274509803921569,204,tiny,153,tiny,128,25,76,0,0
0.45,10,0982,0.7170868347338936,0.8366013071895425,0.6274509803921569,204,tiny,153,tiny,128,25,76,0,0
0.45,20,0982,0.7170868347338936,0.8366013071895425,0.6274509803921569,204,tiny,153,tiny,128,25,76,0,0
0.5,0,0982,0.7048710601719198,0.8482758620689655,0.6029411764705882,204,tiny,145,tiny,123,22,81,0,0
0.5,3,0982,0.7048710601719198,0.8482758620689655,0.6029411764705882,204,tiny,145,tiny,123,22,81,0,0
0.5,5,0982,0.7048710601719198,0.8482758620689655,0.6029411764705882,204,tiny,145,tiny,123,22,81,0,0
0.5,10,0982,0.7048710601719198,0.8482758620689655,0.6029411764705882,204,tiny,145,tiny,123,22,81,0,0
0.5,20,0982,0.7048710601719198,0.8482758620689655,0.6029411764705882,204,tiny,145,tiny,123,22,81,0,0
0.55,0,0982,0.7011494252873564,0.8472222222222222,0.5980392156862745,204,tiny,144,tiny,122,22,82,0,0
0.55,3,0982,0.7011494252873564,0.8472222222222222,0.5980392156862745,204,tiny,144,tiny,122,22,82,0,0
0.55,5,0982,0.7011494252873564,0.8472222222222222,0.5980392156862745,204,tiny,144,tiny,122,22,82,0,0
0.55,10,0982,0.7011494252873564,0.8472222222222222,0.5980392156862745,204,tiny,144,tiny,122,22,82,0,0
0.55,20,0982,0.7011494252873564,0.8472222222222222,0.5980392156862745,204,tiny,144,tiny,122,22,82,0,0
0.35,0,1031,0.3024881185350853,0.7222963951935915,0.1913012729844413,2828,small,749,tiny,541,208,2287,0,0
0.35,3,1031,0.30257270693512306,0.7232620320855615,0.1913012729844413,2828,small,748,tiny,541,207,2287,0,0
0.35,5,1031,0.30282675622726,0.7261744966442953,0.1913012729844413,2828,small,745,tiny,541,204,2287,0,0
0.35,10,1031,0.30282675622726,0.7261744966442953,0.1913012729844413,2828,small,745,tiny,541,204,2287,0,0
0.35,20,1031,0.30384723392305535,0.73806275579809,0.1913012729844413,2828,small,733,tiny,541,192,2287,0,0
0.4,0,1031,0.2982802368198478,0.7357440890125174,0.18705799151343705,2828,small,719,tiny,529,190,2299,0,0
0.4,3,1031,0.2982802368198478,0.7357440890125174,0.18705799151343705,2828,small,719,tiny,529,190,2299,0,0
0.4,5,1031,0.2982802368198478,0.7357440890125174,0.18705799151343705,2828,small,719,tiny,529,190,2299,0,0
0.4,10,1031,0.2982802368198478,0.7357440890125174,0.18705799151343705,2828,small,719,tiny,529,190,2299,0,0
0.4,20,1031,0.299123551031948,0.7461212976022567,0.18705799151343705,2828,small,709,tiny,529,180,2299,0,0
0.45,0,1031,0.2948026128940642,0.7489177489177489,0.18352192362093353,2828,small,693,tiny,519,174,2309,0,0
0.45,3,1031,0.2948026128940642,0.7489177489177489,0.18352192362093353,2828,small,693,tiny,519,174,2309,0,0
0.45,5,1031,0.2948026128940642,0.7489177489177489,0.18352192362093353,2828,small,693,tiny,519,174,2309,0,0
0.45,10,1031,0.2955580865603645,0.7587719298245614,0.18352192362093353,2828,small,684,tiny,519,165,2309,0,0
0.45,20,1031,0.2955580865603645,0.7587719298245614,0.18352192362093353,2828,small,684,tiny,519,165,2309,0,0
0.5,0,1031,0.2874285714285714,0.7485119047619048,0.17786421499292787,2828,small,672,tiny,503,169,2325,0,0
0.5,3,1031,0.28751071734781364,0.7496274217585693,0.17786421499292787,2828,small,671,tiny,503,168,2325,0,0
0.5,5,1031,0.28751071734781364,0.7496274217585693,0.17786421499292787,2828,small,671,tiny,503,168,2325,0,0
0.5,10,1031,0.2880870561282932,0.7575301204819277,0.17786421499292787,2828,small,664,tiny,503,161,2325,0,0
0.5,20,1031,0.2880870561282932,0.7575301204819277,0.17786421499292787,2828,small,664,tiny,503,161,2325,0,0
0.55,0,1031,0.2842377260981912,0.7557251908396947,0.17503536067892503,2828,small,655,tiny,495,160,2333,0,0
0.55,3,1031,0.2842377260981912,0.7557251908396947,0.17503536067892503,2828,small,655,tiny,495,160,2333,0,0
0.55,5,1031,0.2842377260981912,0.7557251908396947,0.17503536067892503,2828,small,655,tiny,495,160,2333,0,0
0.55,10,1031,0.2848101265822785,0.7638888888888888,0.17503536067892503,2828,small,648,tiny,495,153,2333,0,0
0.55,20,1031,0.2848101265822785,0.7638888888888888,0.17503536067892503,2828,small,648,tiny,495,153,2333,0,0
0.35,0,1038,0.8237316263632053,0.8339133565342614,0.8137955264082445,8539,large,8333,large,6949,1384,1590,0,0
0.35,3,1038,0.8237316263632053,0.8339133565342614,0.8137955264082445,8539,large,8333,large,6949,1384,1590,0,0
0.35,5,1038,0.8237316263632053,0.8339133565342614,0.8137955264082445,8539,large,8333,large,6949,1384,1590,0,0
0.35,10,1038,0.8237316263632053,0.8339133565342614,0.8137955264082445,8539,large,8333,large,6949,1384,1590,0,0
0.35,20,1038,0.8237316263632053,0.8339133565342614,0.8137955264082445,8539,large,8333,large,6949,1384,1590,0,0
0.4,0,1038,0.8207829522327308,0.839475939757561,0.802904321349104,8539,large,8167,large,6856,1311,1683,0,0
0.4,3,1038,0.8207829522327308,0.839475939757561,0.802904321349104,8539,large,8167,large,6856,1311,1683,0,0
0.4,5,1038,0.8207829522327308,0.839475939757561,0.802904321349104,8539,large,8167,large,6856,1311,1683,0,0
0.4,10,1038,0.8207829522327308,0.839475939757561,0.802904321349104,8539,large,8167,large,6856,1311,1683,0,0
0.4,20,1038,0.8207829522327308,0.839475939757561,0.802904321349104,8539,large,8167,large,6856,1311,1683,0,0
0.45,0,1038,0.8191797346200241,0.8445466981718692,0.7952921887808877,8539,large,8041,large,6791,1250,1748,0,0
0.45,3,1038,0.8191085107666325,0.8445273631840796,0.7951750790490689,8539,large,8040,large,6790,1250,1749,0,0
0.45,5,1038,0.8191085107666325,0.8445273631840796,0.7951750790490689,8539,large,8040,large,6790,1250,1749,0,0
0.45,10,1038,0.8191085107666325,0.8445273631840796,0.7951750790490689,8539,large,8040,large,6790,1250,1749,0,0
0.45,20,1038,0.8191085107666325,0.8445273631840796,0.7951750790490689,8539,large,8040,large,6790,1250,1749,0,0
0.5,0,1038,0.8180768997145114,0.8498233215547704,0.788616934067221,8539,large,7924,large,6734,1190,1805,0,0
0.5,3,1038,0.8180768997145114,0.8498233215547704,0.788616934067221,8539,large,7924,large,6734,1190,1805,0,0
0.5,5,1038,0.8180768997145114,0.8498233215547704,0.788616934067221,8539,large,7924,large,6734,1190,1805,0,0
0.5,10,1038,0.8180768997145114,0.8498233215547704,0.788616934067221,8539,large,7924,large,6734,1190,1805,0,0
0.5,20,1038,0.8180768997145114,0.8498233215547704,0.788616934067221,8539,large,7924,large,6734,1190,1805,0,0
0.55,0,1038,0.8162716833618373,0.8530575769181667,0.7825272280126478,8539,large,7833,large,6682,1151,1857,0,0
0.55,3,1038,0.8162716833618373,0.8530575769181667,0.7825272280126478,8539,large,7833,large,6682,1151,1857,0,0
0.55,5,1038,0.8162716833618373,0.8530575769181667,0.7825272280126478,8539,large,7833,large,6682,1151,1857,0,0
0.55,10,1038,0.8162716833618373,0.8530575769181667,0.7825272280126478,8539,large,7833,large,6682,1151,1857,0,0
0.55,20,1038,0.8162716833618373,0.8530575769181667,0.7825272280126478,8539,large,7833,large,6682,1151,1857,0,0
0.35,0,1059,0.6371129427489418,0.7232267037552156,0.569324176371056,10047,large,7909,large,5720,2189,4327,0,0
0.35,3,1059,0.6371484266221108,0.7233181588265049,0.569324176371056,10047,large,7908,large,5720,2188,4327,0,0
0.35,5,1059,0.6371484266221108,0.7233181588265049,0.569324176371056,10047,large,7908,large,5720,2188,4327,0,0
0.35,10,1059,0.6371484266221108,0.7233181588265049,0.569324176371056,10047,large,7908,large,5720,2188,4327,0,0
0.35,20,1059,0.6371484266221108,0.7233181588265049,0.569324176371056,10047,large,7908,large,5720,2188,4327,0,0
0.4,0,1059,0.6360110180448592,0.7306897442521312,0.5630536478550812,10047,large,7742,large,5657,2085,4390,0,0
0.4,3,1059,0.6360110180448592,0.7306897442521312,0.5630536478550812,10047,large,7742,large,5657,2085,4390,0,0
0.4,5,1059,0.6360110180448592,0.7306897442521312,0.5630536478550812,10047,large,7742,large,5657,2085,4390,0,0
0.4,10,1059,0.6360110180448592,0.7306897442521312,0.5630536478550812,10047,large,7742,large,5657,2085,4390,0,0
0.4,20,1059,0.6360110180448592,0.7306897442521312,0.5630536478550812,10047,large,7742,large,5657,2085,4390,0,0
0.45,0,1059,0.6335333408807879,0.7344795904974406,0.5569821837364387,10047,large,7619,large,5596,2023,4451,0,0
0.45,3,1059,0.6335333408807879,0.7344795904974406,0.5569821837364387,10047,large,7619,large,5596,2023,4451,0,0
0.45,5,1059,0.6335333408807879,0.7344795904974406,0.5569821837364387,10047,large,7619,large,5596,2023,4451,0,0
0.45,10,1059,0.6335333408807879,0.7344795904974406,0.5569821837364387,10047,large,7619,large,5596,2023,4451,0,0
0.45,20,1059,0.6335333408807879,0.7344795904974406,0.5569821837364387,10047,large,7619,large,5596,2023,4451,0,0
0.5,0,1059,0.6301792032872959,0.7385953177257525,0.5495172688364686,10047,large,7475,large,5521,1954,4526,0,0
0.5,3,1059,0.6301792032872959,0.7385953177257525,0.5495172688364686,10047,large,7475,large,5521,1954,4526,0,0
0.5,5,1059,0.6301792032872959,0.7385953177257525,0.5495172688364686,10047,large,7475,large,5521,1954,4526,0,0
0.5,10,1059,0.6301792032872959,0.7385953177257525,0.5495172688364686,10047,large,7475,large,5521,1954,4526,0,0
0.5,20,1059,0.6301792032872959,0.7385953177257525,0.5495172688364686,10047,large,7475,large,5521,1954,4526,0,0
0.55,0,1059,0.6268330553798378,0.7423045491691637,0.5424504827311636,10047,large,7342,large,5450,1892,4597,0,0
0.55,3,1059,0.6268330553798378,0.7423045491691637,0.5424504827311636,10047,large,7342,large,5450,1892,4597,0,0
0.55,5,1059,0.6268330553798378,0.7423045491691637,0.5424504827311636,10047,large,7342,large,5450,1892,4597,0,0
0.55,10,1059,0.6268330553798378,0.7423045491691637,0.5424504827311636,10047,large,7342,large,5450,1892,4597,0,0
0.55,20,1059,0.6268330553798378,0.7423045491691637,0.5424504827311636,10047,large,7342,large,5450,1892,4597,0,0
0.35,0,1066,0.8433740574034021,0.7714964065708418,0.9300208854394967,38763,large,46752,large,36069,10683,2714,0,0
0.35,3,1066,0.8434134991991208,0.7715624197826645,0.9300208854394967,38763,large,46748,large,36069,10679,2714,0,0
0.35,5,1066,0.8434134991991208,0.7715624197826645,0.9300208854394967,38763,large,46748,large,36069,10679,2714,0,0
0.35,10,1066,0.8433286952047987,0.7715447154471544,0.9298403939870562,38763,large,46740,large,36062,10678,2721,0,0
0.35,20,1066,0.8433286952047987,0.7715447154471544,0.9298403939870562,38763,large,46740,large,36062,10678,2721,0,0
0.4,0,1066,0.8466257668711656,0.7803901950975488,0.9251476162236031,38763,large,45977,large,35880,10097,2903,0,0
0.4,3,1066,0.8466457443545152,0.7804241435562805,0.9251476162236031,38763,large,45975,large,35880,10095,2903,0,0
0.4,5,1066,0.8466457443545152,0.7804241435562805,0.9251476162236031,38763,large,45975,large,35880,10095,2903,0,0
0.4,10,1066,0.8465604719764012,0.7804076837731416,0.9249671247711626,38763,large,45967,large,35873,10094,2910,0,0
0.4,20,1066,0.8465604719764012,0.7804076837731416,0.9249671247711626,38763,large,45967,large,35873,10094,2910,0,0
0.45,0,1066,0.8487247141600703,0.7872340425531915,0.9206353299125906,38763,large,45355,large,35705,9650,3078,0,0
0.45,3,1066,0.8487448892269659,0.7872687584062796,0.9206353299125906,38763,large,45353,large,35705,9648,3078,0,0
0.45,5,1066,0.8487448892269659,0.7872687584062796,0.9206353299125906,38763,large,45353,large,35705,9648,3078,0,0
0.45,10,1066,0.8486490984083966,0.7872359193754687,0.9204548384601501,38763,large,45346,large,35698,9648,3085,0,0
0.45,20,1066,0.8486490984083966,0.7872359193754687,0.9204548384601501,38763,large,45346,large,35698,9648,3085,0,0
0.5,0,1066,0.8505027078078115,0.7928628744650499,0.9171802078230152,38763,large,44864,large,35571,9293,3212,0,0
0.5,3,1066,0.8505027078078115,0.7928628744650499,0.9171802078230152,38763,large,44864,large,35571,9293,3212,0,0
0.5,5,1066,0.8505027078078115,0.7928628744650499,0.9171802078230152,38763,large,44864,large,35571,9293,3212,0,0
0.5,10,1066,0.8503718583351269,0.7928474281509889,0.9168965783977516,38763,large,44851,large,35560,9291,3223,0,0
0.5,20,1066,0.8503718583351269,0.7928474281509889,0.9168965783977516,38763,large,44851,large,35560,9291,3223,0,0
0.55,0,1066,0.8519150777812508,0.7980359918016171,0.913596163267411,38763,large,44399,large,35432,8967,3351,0,0
0.55,3,1066,0.8518977145673788,0.7980448689071088,0.9135445942809994,38763,large,44396,large,35430,8966,3353,0,0
0.55,5,1066,0.8518977145673788,0.7980448689071088,0.9135445942809994,38763,large,44396,large,35430,8966,3353,0,0
0.55,10,1066,0.851852742443552,0.7980446486900498,0.9134414563081763,38763,large,44391,large,35426,8965,3357,0,0
0.55,20,1066,0.851852742443552,0.7980446486900498,0.9134414563081763,38763,large,44391,large,35426,8965,3357,0,0
0.35,0,1090,0.255663430420712,0.6519944979367263,0.1590070446159007,2981,small,727,tiny,474,253,2507,0,0
0.35,3,1090,0.255663430420712,0.6519944979367263,0.1590070446159007,2981,small,727,tiny,474,253,2507,0,0
0.35,5,1090,0.255663430420712,0.6519944979367263,0.1590070446159007,2981,small,727,tiny,474,253,2507,0,0
0.35,10,1090,0.255663430420712,0.6519944979367263,0.1590070446159007,2981,small,727,tiny,474,253,2507,0,0
0.35,20,1090,0.255663430420712,0.6519944979367263,0.1590070446159007,2981,small,727,tiny,474,253,2507,0,0
0.4,0,1090,0.2524377031419285,0.6554149085794655,0.15632338141563235,2981,small,711,tiny,466,245,2515,0,0
0.4,3,1090,0.2524377031419285,0.6554149085794655,0.15632338141563235,2981,small,711,tiny,466,245,2515,0,0
0.4,5,1090,0.2524377031419285,0.6554149085794655,0.15632338141563235,2981,small,711,tiny,466,245,2515,0,0
0.4,10,1090,0.2524377031419285,0.6554149085794655,0.15632338141563235,2981,small,711,tiny,466,245,2515,0,0
0.4,20,1090,0.2524377031419285,0.6554149085794655,0.15632338141563235,2981,small,711,tiny,466,245,2515,0,0
0.45,0,1090,0.2487751769188895,0.6594516594516594,0.15330426031533043,2981,small,693,tiny,457,236,2524,0,0
0.45,3,1090,0.2487751769188895,0.6594516594516594,0.15330426031533043,2981,small,693,tiny,457,236,2524,0,0
0.45,5,1090,0.2487751769188895,0.6594516594516594,0.15330426031533043,2981,small,693,tiny,457,236,2524,0,0
0.45,10,1090,0.2487751769188895,0.6594516594516594,0.15330426031533043,2981,small,693,tiny,457,236,2524,0,0
0.45,20,1090,0.2487751769188895,0.6594516594516594,0.15330426031533043,2981,small,693,tiny,457,236,2524,0,0
0.5,0,1090,0.2449425915800984,0.6617429837518464,0.1502851392150285,2981,small,677,tiny,448,229,2533,0,0
0.5,3,1090,0.2449425915800984,0.6617429837518464,0.1502851392150285,2981,small,677,tiny,448,229,2533,0,0
0.5,5,1090,0.2449425915800984,0.6617429837518464,0.1502851392150285,2981,small,677,tiny,448,229,2533,0,0
0.5,10,1090,0.2449425915800984,0.6617429837518464,0.1502851392150285,2981,small,677,tiny,448,229,2533,0,0
0.5,20,1090,0.2449425915800984,0.6617429837518464,0.1502851392150285,2981,small,677,tiny,448,229,2533,0,0
0.55,0,1090,0.23969213853765806,0.6636225266362252,0.14625964441462597,2981,small,657,tiny,436,221,2545,0,0
0.55,3,1090,0.23969213853765806,0.6636225266362252,0.14625964441462597,2981,small,657,tiny,436,221,2545,0,0
0.55,5,1090,0.23969213853765806,0.6636225266362252,0.14625964441462597,2981,small,657,tiny,436,221,2545,0,0
0.55,10,1090,0.23969213853765806,0.6636225266362252,0.14625964441462597,2981,small,657,tiny,436,221,2545,0,0
0.55,20,1090,0.23969213853765806,0.6636225266362252,0.14625964441462597,2981,small,657,tiny,436,221,2545,0,0
0.35,0,1091,0.6157068062827226,0.786096256684492,0.5060240963855421,581,tiny,374,tiny,294,80,287,0,0
0.35,3,1091,0.6157068062827226,0.786096256684492,0.5060240963855421,581,tiny,374,tiny,294,80,287,0,0
0.35,5,1091,0.6157068062827226,0.786096256684492,0.5060240963855421,581,tiny,374,tiny,294,80,287,0,0
0.35,10,1091,0.6157068062827226,0.786096256684492,0.5060240963855421,581,tiny,374,tiny,294,80,287,0,0
0.35,20,1091,0.6268656716417911,0.8235294117647058,0.5060240963855421,581,tiny,357,tiny,294,63,287,0,0
0.4,0,1091,0.6137566137566137,0.7967032967032966,0.4991394148020654,581,tiny,364,tiny,290,74,291,0,0
0.4,3,1091,0.6137566137566137,0.7967032967032966,0.4991394148020654,581,tiny,364,tiny,290,74,291,0,0
0.4,5,1091,0.6137566137566137,0.7967032967032966,0.4991394148020654,581,tiny,364,tiny,290,74,291,0,0
0.4,10,1091,0.6137566137566137,0.7967032967032966,0.4991394148020654,581,tiny,364,tiny,290,74,291,0,0
0.4,20,1091,0.6243272335844995,0.8333333333333334,0.4991394148020654,581,tiny,348,tiny,290,58,291,0,0
0.45,0,1091,0.6106382978723405,0.7994428969359332,0.4939759036144578,581,tiny,359,tiny,287,72,294,0,0
0.45,3,1091,0.6106382978723405,0.7994428969359332,0.4939759036144578,581,tiny,359,tiny,287,72,294,0,0
0.45,5,1091,0.6106382978723405,0.7994428969359332,0.4939759036144578,581,tiny,359,tiny,287,72,294,0,0
0.45,10,1091,0.6106382978723405,0.7994428969359332,0.4939759036144578,581,tiny,359,tiny,287,72,294,0,0
0.45,20,1091,0.6212121212121212,0.8367346938775511,0.4939759036144578,581,tiny,343,tiny,287,56,294,0,0
0.5,0,1091,0.610752688172043,0.8137535816618912,0.48881239242685026,581,tiny,349,tiny,284,65,297,0,0
0.5,3,1091,0.610752688172043,0.8137535816618912,0.48881239242685026,581,tiny,349,tiny,284,65,297,0,0
0.5,5,1091,0.610752688172043,0.8137535816618912,0.48881239242685026,581,tiny,349,tiny,284,65,297,0,0
0.5,10,1091,0.610752688172043,0.8137535816618912,0.48881239242685026,581,tiny,349,tiny,284,65,297,0,0
0.5,20,1091,0.6187363834422658,0.8427299703264095,0.48881239242685026,581,tiny,337,tiny,284,53,297,0,0
0.55,0,1091,0.6036916395222585,0.8176470588235294,0.4784853700516351,581,tiny,340,tiny,278,62,303,0,0
0.55,3,1091,0.6036916395222585,0.8176470588235294,0.4784853700516351,581,tiny,340,tiny,278,62,303,0,0
0.55,5,1091,0.6036916395222585,0.8176470588235294,0.4784853700516351,581,tiny,340,tiny,278,62,303,0,0
0.55,10,1091,0.6036916395222585,0.8176470588235294,0.4784853700516351,581,tiny,340,tiny,278,62,303,0,0
0.55,20,1091,0.6116611661166117,0.8475609756097561,0.4784853700516351,581,tiny,328,tiny,278,50,303,0,0
0.35,0,1105,0.0,0.0,0.0,153,tiny,0,empty,0,0,153,1,0
0.35,3,1105,0.0,0.0,0.0,153,tiny,0,empty,0,0,153,1,0
0.35,5,1105,0.0,0.0,0.0,153,tiny,0,empty,0,0,153,1,0
0.35,10,1105,0.0,0.0,0.0,153,tiny,0,empty,0,0,153,1,0
0.35,20,1105,0.0,0.0,0.0,153,tiny,0,empty,0,0,153,1,0
0.4,0,1105,0.0,0.0,0.0,153,tiny,0,empty,0,0,153,1,0
0.4,3,1105,0.0,0.0,0.0,153,tiny,0,empty,0,0,153,1,0
0.4,5,1105,0.0,0.0,0.0,153,tiny,0,empty,0,0,153,1,0
0.4,10,1105,0.0,0.0,0.0,153,tiny,0,empty,0,0,153,1,0
0.4,20,1105,0.0,0.0,0.0,153,tiny,0,empty,0,0,153,1,0
0.45,0,1105,0.0,0.0,0.0,153,tiny,0,empty,0,0,153,1,0
0.45,3,1105,0.0,0.0,0.0,153,tiny,0,empty,0,0,153,1,0
0.45,5,1105,0.0,0.0,0.0,153,tiny,0,empty,0,0,153,1,0
0.45,10,1105,0.0,0.0,0.0,153,tiny,0,empty,0,0,153,1,0
0.45,20,1105,0.0,0.0,0.0,153,tiny,0,empty,0,0,153,1,0
0.5,0,1105,0.0,0.0,0.0,153,tiny,0,empty,0,0,153,1,0
0.5,3,1105,0.0,0.0,0.0,153,tiny,0,empty,0,0,153,1,0
0.5,5,1105,0.0,0.0,0.0,153,tiny,0,empty,0,0,153,1,0
0.5,10,1105,0.0,0.0,0.0,153,tiny,0,empty,0,0,153,1,0
0.5,20,1105,0.0,0.0,0.0,153,tiny,0,empty,0,0,153,1,0
0.55,0,1105,0.0,0.0,0.0,153,tiny,0,empty,0,0,153,1,0
0.55,3,1105,0.0,0.0,0.0,153,tiny,0,empty,0,0,153,1,0
0.55,5,1105,0.0,0.0,0.0,153,tiny,0,empty,0,0,153,1,0
0.55,10,1105,0.0,0.0,0.0,153,tiny,0,empty,0,0,153,1,0
0.55,20,1105,0.0,0.0,0.0,153,tiny,0,empty,0,0,153,1,0
0.35,0,1120,0.8461740774225364,0.8153738932095734,0.8793925209696432,58537,large,63133,large,51477,11656,7060,0,0
0.35,3,1120,0.8461740774225364,0.8153738932095734,0.8793925209696432,58537,large,63133,large,51477,11656,7060,0,0
0.35,5,1120,0.8461740774225364,0.8153738932095734,0.8793925209696432,58537,large,63133,large,51477,11656,7060,0,0
0.35,10,1120,0.8461740774225364,0.8153738932095734,0.8793925209696432,58537,large,63133,large,51477,11656,7060,0,0
0.35,20,1120,0.8461740774225364,0.8153738932095734,0.8793925209696432,58537,large,63133,large,51477,11656,7060,0,0
0.4,0,1120,0.8459549011344951,0.8192235060653587,0.8744896390317235,58537,large,62486,large,51190,11296,7347,0,0
0.4,3,1120,0.8459549011344951,0.8192235060653587,0.8744896390317235,58537,large,62486,large,51190,11296,7347,0,0
0.4,5,1120,0.8459549011344951,0.8192235060653587,0.8744896390317235,58537,large,62486,large,51190,11296,7347,0,0
0.4,10,1120,0.8459549011344951,0.8192235060653587,0.8744896390317235,58537,large,62486,large,51190,11296,7347,0,0
0.4,20,1120,0.8459549011344951,0.8192235060653587,0.8744896390317235,58537,large,62486,large,51190,11296,7347,0,0
0.45,0,1120,0.8456895191756822,0.8227036283157249,0.8699967541896578,58537,large,61902,large,50927,10975,7610,0,0
0.45,3,1120,0.8456895191756822,0.8227036283157249,0.8699967541896578,58537,large,61902,large,50927,10975,7610,0,0
0.45,5,1120,0.8456895191756822,0.8227036283157249,0.8699967541896578,58537,large,61902,large,50927,10975,7610,0,0
0.45,10,1120,0.8456895191756822,0.8227036283157249,0.8699967541896578,58537,large,61902,large,50927,10975,7610,0,0
0.45,20,1120,0.8456895191756822,0.8227036283157249,0.8699967541896578,58537,large,61902,large,50927,10975,7610,0,0
0.5,0,1120,0.8456816892951262,0.8261556761336788,0.8661530314160275,58537,large,61371,large,50702,10669,7835,0,0
0.5,3,1120,0.8456816892951262,0.8261556761336788,0.8661530314160275,58537,large,61371,large,50702,10669,7835,0,0
0.5,5,1120,0.8456816892951262,0.8261556761336788,0.8661530314160275,58537,large,61371,large,50702,10669,7835,0,0
0.5,10,1120,0.8456816892951262,0.8261556761336788,0.8661530314160275,58537,large,61371,large,50702,10669,7835,0,0
0.5,20,1120,0.8456816892951262,0.8261556761336788,0.8661530314160275,58537,large,61371,large,50702,10669,7835,0,0
0.55,0,1120,0.8456551238880233,0.8296162379817569,0.8623263918547244,58537,large,60845,large,50478,10367,8059,0,0
0.55,3,1120,0.8456454544693042,0.8296134376438103,0.8623093086423971,58537,large,60844,large,50477,10367,8060,0,0
0.55,5,1120,0.8456737897584962,0.8296679815910585,0.8623093086423971,58537,large,60840,large,50477,10363,8060,0,0
0.55,10,1120,0.8456737897584962,0.8296679815910585,0.8623093086423971,58537,large,60840,large,50477,10363,8060,0,0
0.55,20,1120,0.8456737897584962,0.8296679815910585,0.8623093086423971,58537,large,60840,large,50477,10363,8060,0,0
0.35,0,1127,0.7519615800865801,0.7293183756478383,0.7760558464223386,14325,large,15243,large,11117,4126,3208,0,0
0.35,3,1127,0.7519615800865801,0.7293183756478383,0.7760558464223386,14325,large,15243,large,11117,4126,3208,0,0
0.35,5,1127,0.7519615800865801,0.7293183756478383,0.7760558464223386,14325,large,15243,large,11117,4126,3208,0,0
0.35,10,1127,0.7520887595981464,0.7295576847355296,0.7760558464223386,14325,large,15238,large,11117,4121,3208,0,0
0.35,20,1127,0.7520887595981464,0.7295576847355296,0.7760558464223386,14325,large,15238,large,11117,4121,3208,0,0
0.4,0,1127,0.752492148026765,0.7363533106166901,0.7693542757417103,14325,large,14967,large,11021,3946,3304,0,0
0.4,3,1127,0.752492148026765,0.7363533106166901,0.7693542757417103,14325,large,14967,large,11021,3946,3304,0,0
0.4,5,1127,0.752492148026765,0.7363533106166901,0.7693542757417103,14325,large,14967,large,11021,3946,3304,0,0
0.4,10,1127,0.752492148026765,0.7363533106166901,0.7693542757417103,14325,large,14967,large,11021,3946,3304,0,0
0.4,20,1127,0.7520661157024794,0.7361770408504379,0.7686561954624782,14325,large,14957,large,11011,3946,3314,0,0
0.45,0,1127,0.7528472628427898,0.7422988193784774,0.7636998254799302,14325,large,14738,large,10940,3798,3385,0,0
0.45,3,1127,0.7528472628427898,0.7422988193784774,0.7636998254799302,14325,large,14738,large,10940,3798,3385,0,0
0.45,5,1127,0.7528472628427898,0.7422988193784774,0.7636998254799302,14325,large,14738,large,10940,3798,3385,0,0
0.45,10,1127,0.7525038719669592,0.7421588594704684,0.7631413612565445,14325,large,14730,large,10932,3798,3393,0,0
0.45,20,1127,0.7525038719669592,0.7421588594704684,0.7631413612565445,14325,large,14730,large,10932,3798,3393,0,0
0.5,0,1127,0.7531386557536242,0.7483630849817354,0.7579755671902269,14325,large,14509,large,10858,3651,3467,0,0
0.5,3,1127,0.7531386557536242,0.7483630849817354,0.7579755671902269,14325,large,14509,large,10858,3651,3467,0,0
0.5,5,1127,0.7531386557536242,0.7483630849817354,0.7579755671902269,14325,large,14509,large,10858,3651,3467,0,0
0.5,10,1127,0.7528358830263295,0.7482416218452628,0.7574869109947644,14325,large,14502,large,10851,3651,3474,0,0
0.5,20,1127,0.7528358830263295,0.7482416218452628,0.7574869109947644,14325,large,14502,large,10851,3651,3474,0,0
0.55,0,1127,0.7534399664734232,0.7538612062338388,0.7530191972076788,14325,large,14309,large,10787,3522,3538,0,0
0.55,3,1127,0.7534399664734232,0.7538612062338388,0.7530191972076788,14325,large,14309,large,10787,3522,3538,0,0
0.55,5,1127,0.7534399664734232,0.7538612062338388,0.7530191972076788,14325,large,14309,large,10787,3522,3538,0,0
0.55,10,1127,0.7531787061617996,0.7537579528770189,0.7526003490401396,14325,large,14303,large,10781,3522,3544,0,0
0.55,20,1127,0.7531787061617996,0.7537579528770189,0.7526003490401396,14325,large,14303,large,10781,3522,3544,0,0
